WIDTH=2;
DEPTH=40000;
ADDRESS_RADIX=HEX;
DATA_RADIX=HEX;

CONTENT BEGIN
000000 : 0;
000001 : 0;
000002 : 0;
000003 : 0;
000004 : 0;
000005 : 0;
000006 : 0;
000007 : 0;
000008 : 0;
000009 : 0;
00000A : 0;
00000B : 0;
00000C : 0;
00000D : 0;
00000E : 0;
00000F : 0;
000010 : 0;
000011 : 0;
000012 : 0;
000013 : 0;
000014 : 0;
000015 : 0;
000016 : 0;
000017 : 0;
000018 : 0;
000019 : 0;
00001A : 0;
00001B : 0;
00001C : 0;
00001D : 0;
00001E : 0;
00001F : 0;
000020 : 0;
000021 : 0;
000022 : 0;
000023 : 0;
000024 : 0;
000025 : 0;
000026 : 0;
000027 : 0;
000028 : 0;
000029 : 0;
00002A : 0;
00002B : 0;
00002C : 0;
00002D : 0;
00002E : 0;
00002F : 0;
000030 : 0;
000031 : 0;
000032 : 0;
000033 : 0;
000034 : 0;
000035 : 0;
000036 : 0;
000037 : 0;
000038 : 0;
000039 : 0;
00003A : 0;
00003B : 0;
00003C : 0;
00003D : 0;
00003E : 0;
00003F : 0;
000040 : 0;
000041 : 0;
000042 : 0;
000043 : 0;
000044 : 0;
000045 : 0;
000046 : 0;
000047 : 0;
000048 : 0;
000049 : 0;
00004A : 0;
00004B : 0;
00004C : 0;
00004D : 0;
00004E : 0;
00004F : 0;
000050 : 0;
000051 : 0;
000052 : 0;
000053 : 0;
000054 : 0;
000055 : 0;
000056 : 0;
000057 : 0;
000058 : 0;
000059 : 0;
00005A : 0;
00005B : 0;
00005C : 0;
00005D : 0;
00005E : 0;
00005F : 0;
000060 : 0;
000061 : 0;
000062 : 0;
000063 : 0;
000064 : 0;
000065 : 0;
000066 : 0;
000067 : 0;
000068 : 0;
000069 : 0;
00006A : 0;
00006B : 0;
00006C : 0;
00006D : 0;
00006E : 0;
00006F : 0;
000070 : 0;
000071 : 0;
000072 : 0;
000073 : 0;
000074 : 0;
000075 : 0;
000076 : 0;
000077 : 0;
000078 : 0;
000079 : 0;
00007A : 0;
00007B : 0;
00007C : 0;
00007D : 0;
00007E : 0;
00007F : 0;
000080 : 0;
000081 : 0;
000082 : 0;
000083 : 0;
000084 : 0;
000085 : 0;
000086 : 0;
000087 : 0;
000088 : 0;
000089 : 0;
00008A : 0;
00008B : 0;
00008C : 0;
00008D : 0;
00008E : 0;
00008F : 0;
000090 : 0;
000091 : 0;
000092 : 0;
000093 : 0;
000094 : 0;
000095 : 0;
000096 : 0;
000097 : 0;
000098 : 0;
000099 : 0;
00009A : 0;
00009B : 0;
00009C : 0;
00009D : 0;
00009E : 0;
00009F : 0;
0000A0 : 0;
0000A1 : 0;
0000A2 : 0;
0000A3 : 0;
0000A4 : 0;
0000A5 : 0;
0000A6 : 0;
0000A7 : 0;
0000A8 : 0;
0000A9 : 0;
0000AA : 0;
0000AB : 0;
0000AC : 0;
0000AD : 0;
0000AE : 0;
0000AF : 0;
0000B0 : 0;
0000B1 : 0;
0000B2 : 0;
0000B3 : 0;
0000B4 : 0;
0000B5 : 0;
0000B6 : 0;
0000B7 : 0;
0000B8 : 0;
0000B9 : 0;
0000BA : 0;
0000BB : 0;
0000BC : 0;
0000BD : 0;
0000BE : 0;
0000BF : 0;
0000C0 : 0;
0000C1 : 0;
0000C2 : 0;
0000C3 : 0;
0000C4 : 0;
0000C5 : 0;
0000C6 : 0;
0000C7 : 0;
0000C8 : 0;
0000C9 : 0;
0000CA : 0;
0000CB : 0;
0000CC : 0;
0000CD : 0;
0000CE : 0;
0000CF : 0;
0000D0 : 0;
0000D1 : 0;
0000D2 : 0;
0000D3 : 0;
0000D4 : 0;
0000D5 : 0;
0000D6 : 0;
0000D7 : 0;
0000D8 : 0;
0000D9 : 0;
0000DA : 0;
0000DB : 0;
0000DC : 0;
0000DD : 0;
0000DE : 0;
0000DF : 0;
0000E0 : 0;
0000E1 : 0;
0000E2 : 0;
0000E3 : 0;
0000E4 : 0;
0000E5 : 0;
0000E6 : 0;
0000E7 : 0;
0000E8 : 0;
0000E9 : 0;
0000EA : 0;
0000EB : 0;
0000EC : 0;
0000ED : 0;
0000EE : 0;
0000EF : 0;
0000F0 : 0;
0000F1 : 0;
0000F2 : 0;
0000F3 : 0;
0000F4 : 0;
0000F5 : 0;
0000F6 : 0;
0000F7 : 0;
0000F8 : 0;
0000F9 : 0;
0000FA : 0;
0000FB : 0;
0000FC : 0;
0000FD : 0;
0000FE : 0;
0000FF : 0;
000100 : 0;
000101 : 0;
000102 : 0;
000103 : 0;
000104 : 0;
000105 : 0;
000106 : 0;
000107 : 0;
000108 : 0;
000109 : 0;
00010A : 0;
00010B : 0;
00010C : 0;
00010D : 0;
00010E : 0;
00010F : 0;
000110 : 0;
000111 : 0;
000112 : 0;
000113 : 0;
000114 : 0;
000115 : 0;
000116 : 0;
000117 : 0;
000118 : 0;
000119 : 0;
00011A : 0;
00011B : 0;
00011C : 0;
00011D : 0;
00011E : 0;
00011F : 0;
000120 : 0;
000121 : 0;
000122 : 0;
000123 : 0;
000124 : 0;
000125 : 0;
000126 : 0;
000127 : 0;
000128 : 0;
000129 : 0;
00012A : 0;
00012B : 0;
00012C : 0;
00012D : 0;
00012E : 0;
00012F : 0;
000130 : 0;
000131 : 0;
000132 : 0;
000133 : 0;
000134 : 0;
000135 : 0;
000136 : 0;
000137 : 0;
000138 : 0;
000139 : 0;
00013A : 0;
00013B : 0;
00013C : 0;
00013D : 0;
00013E : 0;
00013F : 0;
000140 : 0;
000141 : 0;
000142 : 0;
000143 : 0;
000144 : 0;
000145 : 0;
000146 : 0;
000147 : 0;
000148 : 0;
000149 : 0;
00014A : 0;
00014B : 0;
00014C : 0;
00014D : 0;
00014E : 0;
00014F : 0;
000150 : 0;
000151 : 0;
000152 : 0;
000153 : 0;
000154 : 0;
000155 : 0;
000156 : 0;
000157 : 0;
000158 : 0;
000159 : 0;
00015A : 0;
00015B : 0;
00015C : 0;
00015D : 0;
00015E : 0;
00015F : 0;
000160 : 0;
000161 : 0;
000162 : 0;
000163 : 0;
000164 : 0;
000165 : 0;
000166 : 0;
000167 : 0;
000168 : 0;
000169 : 0;
00016A : 0;
00016B : 0;
00016C : 0;
00016D : 0;
00016E : 0;
00016F : 0;
000170 : 0;
000171 : 0;
000172 : 0;
000173 : 0;
000174 : 0;
000175 : 0;
000176 : 0;
000177 : 0;
000178 : 0;
000179 : 0;
00017A : 0;
00017B : 0;
00017C : 0;
00017D : 0;
00017E : 0;
00017F : 0;
000180 : 0;
000181 : 0;
000182 : 0;
000183 : 0;
000184 : 0;
000185 : 0;
000186 : 0;
000187 : 0;
000188 : 0;
000189 : 0;
00018A : 0;
00018B : 0;
00018C : 0;
00018D : 0;
00018E : 0;
00018F : 0;
000190 : 0;
000191 : 0;
000192 : 0;
000193 : 0;
000194 : 0;
000195 : 0;
000196 : 0;
000197 : 0;
000198 : 0;
000199 : 0;
00019A : 0;
00019B : 0;
00019C : 0;
00019D : 0;
00019E : 0;
00019F : 0;
0001A0 : 0;
0001A1 : 0;
0001A2 : 0;
0001A3 : 0;
0001A4 : 0;
0001A5 : 0;
0001A6 : 0;
0001A7 : 0;
0001A8 : 0;
0001A9 : 0;
0001AA : 0;
0001AB : 0;
0001AC : 0;
0001AD : 0;
0001AE : 0;
0001AF : 0;
0001B0 : 0;
0001B1 : 0;
0001B2 : 0;
0001B3 : 0;
0001B4 : 0;
0001B5 : 0;
0001B6 : 0;
0001B7 : 0;
0001B8 : 0;
0001B9 : 0;
0001BA : 0;
0001BB : 0;
0001BC : 0;
0001BD : 0;
0001BE : 0;
0001BF : 0;
0001C0 : 0;
0001C1 : 0;
0001C2 : 0;
0001C3 : 0;
0001C4 : 0;
0001C5 : 0;
0001C6 : 0;
0001C7 : 0;
0001C8 : 0;
0001C9 : 0;
0001CA : 0;
0001CB : 0;
0001CC : 0;
0001CD : 0;
0001CE : 0;
0001CF : 0;
0001D0 : 0;
0001D1 : 0;
0001D2 : 0;
0001D3 : 0;
0001D4 : 0;
0001D5 : 0;
0001D6 : 0;
0001D7 : 0;
0001D8 : 0;
0001D9 : 0;
0001DA : 0;
0001DB : 0;
0001DC : 0;
0001DD : 0;
0001DE : 0;
0001DF : 0;
0001E0 : 0;
0001E1 : 0;
0001E2 : 0;
0001E3 : 0;
0001E4 : 0;
0001E5 : 0;
0001E6 : 0;
0001E7 : 0;
0001E8 : 0;
0001E9 : 0;
0001EA : 0;
0001EB : 0;
0001EC : 0;
0001ED : 0;
0001EE : 0;
0001EF : 0;
0001F0 : 0;
0001F1 : 0;
0001F2 : 0;
0001F3 : 0;
0001F4 : 0;
0001F5 : 0;
0001F6 : 0;
0001F7 : 0;
0001F8 : 0;
0001F9 : 0;
0001FA : 0;
0001FB : 0;
0001FC : 0;
0001FD : 0;
0001FE : 0;
0001FF : 0;
000200 : 0;
000201 : 0;
000202 : 0;
000203 : 0;
000204 : 0;
000205 : 0;
000206 : 0;
000207 : 0;
000208 : 0;
000209 : 0;
00020A : 0;
00020B : 0;
00020C : 0;
00020D : 0;
00020E : 0;
00020F : 0;
000210 : 0;
000211 : 0;
000212 : 0;
000213 : 0;
000214 : 0;
000215 : 0;
000216 : 0;
000217 : 0;
000218 : 0;
000219 : 0;
00021A : 0;
00021B : 0;
00021C : 0;
00021D : 0;
00021E : 0;
00021F : 0;
000220 : 0;
000221 : 0;
000222 : 0;
000223 : 0;
000224 : 0;
000225 : 0;
000226 : 0;
000227 : 0;
000228 : 0;
000229 : 0;
00022A : 0;
00022B : 0;
00022C : 0;
00022D : 0;
00022E : 0;
00022F : 0;
000230 : 0;
000231 : 0;
000232 : 0;
000233 : 0;
000234 : 0;
000235 : 0;
000236 : 0;
000237 : 0;
000238 : 0;
000239 : 0;
00023A : 0;
00023B : 0;
00023C : 0;
00023D : 0;
00023E : 0;
00023F : 0;
000240 : 0;
000241 : 0;
000242 : 0;
000243 : 0;
000244 : 0;
000245 : 0;
000246 : 0;
000247 : 0;
000248 : 0;
000249 : 0;
00024A : 0;
00024B : 0;
00024C : 0;
00024D : 0;
00024E : 0;
00024F : 0;
000250 : 0;
000251 : 0;
000252 : 0;
000253 : 0;
000254 : 0;
000255 : 0;
000256 : 0;
000257 : 0;
000258 : 0;
000259 : 0;
00025A : 0;
00025B : 0;
00025C : 0;
00025D : 0;
00025E : 0;
00025F : 0;
000260 : 0;
000261 : 0;
000262 : 0;
000263 : 0;
000264 : 0;
000265 : 0;
000266 : 0;
000267 : 0;
000268 : 0;
000269 : 0;
00026A : 0;
00026B : 0;
00026C : 0;
00026D : 0;
00026E : 0;
00026F : 0;
000270 : 0;
000271 : 0;
000272 : 0;
000273 : 0;
000274 : 0;
000275 : 0;
000276 : 0;
000277 : 0;
000278 : 0;
000279 : 0;
00027A : 0;
00027B : 0;
00027C : 0;
00027D : 0;
00027E : 0;
00027F : 0;
000280 : 0;
000281 : 0;
000282 : 0;
000283 : 0;
000284 : 0;
000285 : 0;
000286 : 0;
000287 : 0;
000288 : 0;
000289 : 0;
00028A : 0;
00028B : 0;
00028C : 0;
00028D : 0;
00028E : 0;
00028F : 0;
000290 : 0;
000291 : 0;
000292 : 0;
000293 : 0;
000294 : 0;
000295 : 0;
000296 : 0;
000297 : 0;
000298 : 0;
000299 : 0;
00029A : 0;
00029B : 0;
00029C : 0;
00029D : 0;
00029E : 0;
00029F : 0;
0002A0 : 0;
0002A1 : 0;
0002A2 : 0;
0002A3 : 0;
0002A4 : 0;
0002A5 : 0;
0002A6 : 0;
0002A7 : 0;
0002A8 : 0;
0002A9 : 0;
0002AA : 0;
0002AB : 0;
0002AC : 0;
0002AD : 0;
0002AE : 0;
0002AF : 0;
0002B0 : 0;
0002B1 : 0;
0002B2 : 0;
0002B3 : 0;
0002B4 : 0;
0002B5 : 0;
0002B6 : 0;
0002B7 : 0;
0002B8 : 0;
0002B9 : 0;
0002BA : 0;
0002BB : 0;
0002BC : 0;
0002BD : 0;
0002BE : 0;
0002BF : 0;
0002C0 : 0;
0002C1 : 0;
0002C2 : 0;
0002C3 : 0;
0002C4 : 0;
0002C5 : 0;
0002C6 : 0;
0002C7 : 0;
0002C8 : 0;
0002C9 : 0;
0002CA : 0;
0002CB : 0;
0002CC : 0;
0002CD : 0;
0002CE : 0;
0002CF : 0;
0002D0 : 0;
0002D1 : 0;
0002D2 : 0;
0002D3 : 0;
0002D4 : 0;
0002D5 : 0;
0002D6 : 0;
0002D7 : 0;
0002D8 : 0;
0002D9 : 0;
0002DA : 0;
0002DB : 0;
0002DC : 0;
0002DD : 0;
0002DE : 0;
0002DF : 0;
0002E0 : 0;
0002E1 : 0;
0002E2 : 0;
0002E3 : 0;
0002E4 : 0;
0002E5 : 0;
0002E6 : 0;
0002E7 : 0;
0002E8 : 0;
0002E9 : 0;
0002EA : 0;
0002EB : 0;
0002EC : 0;
0002ED : 0;
0002EE : 0;
0002EF : 0;
0002F0 : 0;
0002F1 : 0;
0002F2 : 0;
0002F3 : 0;
0002F4 : 0;
0002F5 : 0;
0002F6 : 0;
0002F7 : 0;
0002F8 : 0;
0002F9 : 0;
0002FA : 0;
0002FB : 0;
0002FC : 0;
0002FD : 0;
0002FE : 0;
0002FF : 0;
000300 : 0;
000301 : 0;
000302 : 0;
000303 : 0;
000304 : 0;
000305 : 0;
000306 : 0;
000307 : 0;
000308 : 0;
000309 : 0;
00030A : 0;
00030B : 0;
00030C : 0;
00030D : 0;
00030E : 0;
00030F : 0;
000310 : 0;
000311 : 0;
000312 : 0;
000313 : 0;
000314 : 0;
000315 : 0;
000316 : 0;
000317 : 0;
000318 : 0;
000319 : 0;
00031A : 0;
00031B : 0;
00031C : 0;
00031D : 0;
00031E : 0;
00031F : 0;
000320 : 0;
000321 : 0;
000322 : 0;
000323 : 0;
000324 : 0;
000325 : 0;
000326 : 0;
000327 : 0;
000328 : 0;
000329 : 0;
00032A : 0;
00032B : 0;
00032C : 0;
00032D : 0;
00032E : 0;
00032F : 0;
000330 : 0;
000331 : 0;
000332 : 0;
000333 : 0;
000334 : 0;
000335 : 0;
000336 : 0;
000337 : 0;
000338 : 0;
000339 : 0;
00033A : 0;
00033B : 0;
00033C : 0;
00033D : 0;
00033E : 0;
00033F : 0;
000340 : 0;
000341 : 0;
000342 : 0;
000343 : 0;
000344 : 0;
000345 : 0;
000346 : 0;
000347 : 0;
000348 : 0;
000349 : 0;
00034A : 0;
00034B : 0;
00034C : 0;
00034D : 0;
00034E : 0;
00034F : 0;
000350 : 0;
000351 : 0;
000352 : 0;
000353 : 0;
000354 : 0;
000355 : 0;
000356 : 0;
000357 : 0;
000358 : 0;
000359 : 0;
00035A : 0;
00035B : 0;
00035C : 0;
00035D : 0;
00035E : 0;
00035F : 0;
000360 : 0;
000361 : 0;
000362 : 0;
000363 : 0;
000364 : 0;
000365 : 0;
000366 : 0;
000367 : 0;
000368 : 0;
000369 : 0;
00036A : 0;
00036B : 0;
00036C : 0;
00036D : 0;
00036E : 0;
00036F : 0;
000370 : 0;
000371 : 0;
000372 : 0;
000373 : 0;
000374 : 0;
000375 : 0;
000376 : 0;
000377 : 0;
000378 : 0;
000379 : 0;
00037A : 0;
00037B : 0;
00037C : 0;
00037D : 0;
00037E : 0;
00037F : 0;
000380 : 0;
000381 : 0;
000382 : 0;
000383 : 0;
000384 : 0;
000385 : 0;
000386 : 0;
000387 : 0;
000388 : 0;
000389 : 0;
00038A : 0;
00038B : 0;
00038C : 0;
00038D : 0;
00038E : 0;
00038F : 0;
000390 : 0;
000391 : 0;
000392 : 0;
000393 : 0;
000394 : 0;
000395 : 0;
000396 : 0;
000397 : 0;
000398 : 0;
000399 : 0;
00039A : 0;
00039B : 0;
00039C : 0;
00039D : 0;
00039E : 0;
00039F : 0;
0003A0 : 0;
0003A1 : 0;
0003A2 : 0;
0003A3 : 0;
0003A4 : 0;
0003A5 : 0;
0003A6 : 0;
0003A7 : 0;
0003A8 : 0;
0003A9 : 0;
0003AA : 0;
0003AB : 0;
0003AC : 0;
0003AD : 0;
0003AE : 0;
0003AF : 0;
0003B0 : 0;
0003B1 : 0;
0003B2 : 0;
0003B3 : 0;
0003B4 : 0;
0003B5 : 0;
0003B6 : 0;
0003B7 : 0;
0003B8 : 0;
0003B9 : 0;
0003BA : 0;
0003BB : 0;
0003BC : 0;
0003BD : 0;
0003BE : 0;
0003BF : 0;
0003C0 : 0;
0003C1 : 0;
0003C2 : 0;
0003C3 : 0;
0003C4 : 0;
0003C5 : 0;
0003C6 : 0;
0003C7 : 0;
0003C8 : 0;
0003C9 : 0;
0003CA : 0;
0003CB : 0;
0003CC : 0;
0003CD : 0;
0003CE : 0;
0003CF : 0;
0003D0 : 0;
0003D1 : 0;
0003D2 : 0;
0003D3 : 0;
0003D4 : 0;
0003D5 : 0;
0003D6 : 0;
0003D7 : 0;
0003D8 : 0;
0003D9 : 0;
0003DA : 0;
0003DB : 0;
0003DC : 0;
0003DD : 0;
0003DE : 0;
0003DF : 0;
0003E0 : 0;
0003E1 : 0;
0003E2 : 0;
0003E3 : 0;
0003E4 : 0;
0003E5 : 0;
0003E6 : 0;
0003E7 : 0;
0003E8 : 0;
0003E9 : 0;
0003EA : 0;
0003EB : 0;
0003EC : 0;
0003ED : 0;
0003EE : 0;
0003EF : 0;
0003F0 : 0;
0003F1 : 0;
0003F2 : 0;
0003F3 : 0;
0003F4 : 0;
0003F5 : 0;
0003F6 : 0;
0003F7 : 0;
0003F8 : 0;
0003F9 : 0;
0003FA : 0;
0003FB : 0;
0003FC : 0;
0003FD : 0;
0003FE : 0;
0003FF : 0;
000400 : 0;
000401 : 0;
000402 : 0;
000403 : 0;
000404 : 0;
000405 : 0;
000406 : 0;
000407 : 0;
000408 : 0;
000409 : 0;
00040A : 0;
00040B : 0;
00040C : 0;
00040D : 0;
00040E : 0;
00040F : 0;
000410 : 0;
000411 : 0;
000412 : 0;
000413 : 0;
000414 : 0;
000415 : 0;
000416 : 0;
000417 : 0;
000418 : 0;
000419 : 0;
00041A : 0;
00041B : 0;
00041C : 0;
00041D : 0;
00041E : 0;
00041F : 0;
000420 : 0;
000421 : 0;
000422 : 0;
000423 : 0;
000424 : 0;
000425 : 0;
000426 : 0;
000427 : 0;
000428 : 0;
000429 : 0;
00042A : 0;
00042B : 0;
00042C : 0;
00042D : 0;
00042E : 0;
00042F : 0;
000430 : 0;
000431 : 0;
000432 : 0;
000433 : 0;
000434 : 0;
000435 : 0;
000436 : 0;
000437 : 0;
000438 : 0;
000439 : 0;
00043A : 0;
00043B : 0;
00043C : 0;
00043D : 0;
00043E : 0;
00043F : 0;
000440 : 0;
000441 : 0;
000442 : 0;
000443 : 0;
000444 : 0;
000445 : 0;
000446 : 0;
000447 : 0;
000448 : 0;
000449 : 0;
00044A : 0;
00044B : 0;
00044C : 0;
00044D : 0;
00044E : 0;
00044F : 0;
000450 : 0;
000451 : 0;
000452 : 0;
000453 : 0;
000454 : 0;
000455 : 0;
000456 : 0;
000457 : 0;
000458 : 0;
000459 : 0;
00045A : 0;
00045B : 0;
00045C : 0;
00045D : 0;
00045E : 0;
00045F : 0;
000460 : 0;
000461 : 0;
000462 : 0;
000463 : 0;
000464 : 0;
000465 : 0;
000466 : 0;
000467 : 0;
000468 : 0;
000469 : 0;
00046A : 0;
00046B : 0;
00046C : 0;
00046D : 0;
00046E : 0;
00046F : 0;
000470 : 0;
000471 : 0;
000472 : 0;
000473 : 0;
000474 : 0;
000475 : 0;
000476 : 0;
000477 : 0;
000478 : 0;
000479 : 0;
00047A : 0;
00047B : 0;
00047C : 0;
00047D : 0;
00047E : 0;
00047F : 0;
000480 : 0;
000481 : 0;
000482 : 0;
000483 : 0;
000484 : 0;
000485 : 0;
000486 : 0;
000487 : 0;
000488 : 0;
000489 : 0;
00048A : 0;
00048B : 0;
00048C : 0;
00048D : 0;
00048E : 0;
00048F : 0;
000490 : 0;
000491 : 0;
000492 : 0;
000493 : 0;
000494 : 0;
000495 : 0;
000496 : 0;
000497 : 0;
000498 : 0;
000499 : 0;
00049A : 0;
00049B : 0;
00049C : 0;
00049D : 0;
00049E : 0;
00049F : 0;
0004A0 : 0;
0004A1 : 0;
0004A2 : 0;
0004A3 : 0;
0004A4 : 0;
0004A5 : 0;
0004A6 : 0;
0004A7 : 0;
0004A8 : 0;
0004A9 : 0;
0004AA : 0;
0004AB : 0;
0004AC : 0;
0004AD : 0;
0004AE : 0;
0004AF : 0;
0004B0 : 0;
0004B1 : 0;
0004B2 : 0;
0004B3 : 0;
0004B4 : 0;
0004B5 : 0;
0004B6 : 0;
0004B7 : 0;
0004B8 : 0;
0004B9 : 0;
0004BA : 0;
0004BB : 0;
0004BC : 0;
0004BD : 0;
0004BE : 0;
0004BF : 0;
0004C0 : 0;
0004C1 : 0;
0004C2 : 0;
0004C3 : 0;
0004C4 : 0;
0004C5 : 0;
0004C6 : 0;
0004C7 : 0;
0004C8 : 0;
0004C9 : 0;
0004CA : 0;
0004CB : 0;
0004CC : 0;
0004CD : 0;
0004CE : 0;
0004CF : 0;
0004D0 : 0;
0004D1 : 0;
0004D2 : 0;
0004D3 : 0;
0004D4 : 0;
0004D5 : 0;
0004D6 : 0;
0004D7 : 0;
0004D8 : 0;
0004D9 : 0;
0004DA : 0;
0004DB : 0;
0004DC : 0;
0004DD : 0;
0004DE : 0;
0004DF : 0;
0004E0 : 0;
0004E1 : 0;
0004E2 : 0;
0004E3 : 0;
0004E4 : 0;
0004E5 : 0;
0004E6 : 0;
0004E7 : 0;
0004E8 : 0;
0004E9 : 0;
0004EA : 0;
0004EB : 0;
0004EC : 0;
0004ED : 0;
0004EE : 0;
0004EF : 0;
0004F0 : 0;
0004F1 : 0;
0004F2 : 0;
0004F3 : 0;
0004F4 : 0;
0004F5 : 0;
0004F6 : 0;
0004F7 : 0;
0004F8 : 0;
0004F9 : 0;
0004FA : 0;
0004FB : 0;
0004FC : 0;
0004FD : 0;
0004FE : 0;
0004FF : 0;
000500 : 0;
000501 : 0;
000502 : 0;
000503 : 0;
000504 : 0;
000505 : 0;
000506 : 0;
000507 : 0;
000508 : 0;
000509 : 0;
00050A : 0;
00050B : 0;
00050C : 0;
00050D : 0;
00050E : 0;
00050F : 0;
000510 : 0;
000511 : 0;
000512 : 0;
000513 : 0;
000514 : 0;
000515 : 0;
000516 : 0;
000517 : 0;
000518 : 0;
000519 : 0;
00051A : 0;
00051B : 0;
00051C : 0;
00051D : 0;
00051E : 0;
00051F : 0;
000520 : 0;
000521 : 0;
000522 : 0;
000523 : 0;
000524 : 0;
000525 : 0;
000526 : 0;
000527 : 0;
000528 : 0;
000529 : 0;
00052A : 0;
00052B : 0;
00052C : 0;
00052D : 0;
00052E : 0;
00052F : 0;
000530 : 0;
000531 : 0;
000532 : 0;
000533 : 0;
000534 : 0;
000535 : 0;
000536 : 0;
000537 : 0;
000538 : 0;
000539 : 0;
00053A : 0;
00053B : 0;
00053C : 0;
00053D : 0;
00053E : 0;
00053F : 0;
000540 : 0;
000541 : 0;
000542 : 0;
000543 : 0;
000544 : 0;
000545 : 0;
000546 : 0;
000547 : 0;
000548 : 0;
000549 : 0;
00054A : 0;
00054B : 0;
00054C : 0;
00054D : 0;
00054E : 0;
00054F : 0;
000550 : 0;
000551 : 0;
000552 : 0;
000553 : 0;
000554 : 0;
000555 : 0;
000556 : 0;
000557 : 0;
000558 : 0;
000559 : 0;
00055A : 0;
00055B : 0;
00055C : 0;
00055D : 0;
00055E : 0;
00055F : 0;
000560 : 0;
000561 : 0;
000562 : 0;
000563 : 0;
000564 : 0;
000565 : 0;
000566 : 0;
000567 : 0;
000568 : 0;
000569 : 0;
00056A : 0;
00056B : 0;
00056C : 0;
00056D : 0;
00056E : 0;
00056F : 0;
000570 : 0;
000571 : 0;
000572 : 0;
000573 : 0;
000574 : 0;
000575 : 0;
000576 : 0;
000577 : 0;
000578 : 0;
000579 : 0;
00057A : 0;
00057B : 0;
00057C : 0;
00057D : 0;
00057E : 0;
00057F : 0;
000580 : 0;
000581 : 0;
000582 : 0;
000583 : 0;
000584 : 0;
000585 : 0;
000586 : 0;
000587 : 0;
000588 : 0;
000589 : 0;
00058A : 0;
00058B : 0;
00058C : 0;
00058D : 0;
00058E : 0;
00058F : 0;
000590 : 0;
000591 : 0;
000592 : 0;
000593 : 0;
000594 : 0;
000595 : 0;
000596 : 0;
000597 : 0;
000598 : 0;
000599 : 0;
00059A : 0;
00059B : 0;
00059C : 0;
00059D : 0;
00059E : 0;
00059F : 0;
0005A0 : 0;
0005A1 : 0;
0005A2 : 0;
0005A3 : 0;
0005A4 : 0;
0005A5 : 0;
0005A6 : 0;
0005A7 : 0;
0005A8 : 0;
0005A9 : 0;
0005AA : 0;
0005AB : 0;
0005AC : 0;
0005AD : 0;
0005AE : 0;
0005AF : 0;
0005B0 : 0;
0005B1 : 0;
0005B2 : 0;
0005B3 : 0;
0005B4 : 0;
0005B5 : 0;
0005B6 : 0;
0005B7 : 0;
0005B8 : 0;
0005B9 : 0;
0005BA : 0;
0005BB : 0;
0005BC : 0;
0005BD : 0;
0005BE : 0;
0005BF : 0;
0005C0 : 0;
0005C1 : 0;
0005C2 : 0;
0005C3 : 0;
0005C4 : 0;
0005C5 : 0;
0005C6 : 0;
0005C7 : 0;
0005C8 : 0;
0005C9 : 0;
0005CA : 0;
0005CB : 0;
0005CC : 0;
0005CD : 0;
0005CE : 0;
0005CF : 0;
0005D0 : 0;
0005D1 : 0;
0005D2 : 0;
0005D3 : 0;
0005D4 : 0;
0005D5 : 0;
0005D6 : 0;
0005D7 : 0;
0005D8 : 0;
0005D9 : 0;
0005DA : 0;
0005DB : 0;
0005DC : 0;
0005DD : 0;
0005DE : 0;
0005DF : 0;
0005E0 : 0;
0005E1 : 0;
0005E2 : 0;
0005E3 : 0;
0005E4 : 0;
0005E5 : 0;
0005E6 : 0;
0005E7 : 0;
0005E8 : 0;
0005E9 : 0;
0005EA : 0;
0005EB : 0;
0005EC : 0;
0005ED : 0;
0005EE : 0;
0005EF : 0;
0005F0 : 0;
0005F1 : 0;
0005F2 : 0;
0005F3 : 0;
0005F4 : 0;
0005F5 : 0;
0005F6 : 0;
0005F7 : 0;
0005F8 : 0;
0005F9 : 0;
0005FA : 0;
0005FB : 0;
0005FC : 0;
0005FD : 0;
0005FE : 0;
0005FF : 0;
000600 : 0;
000601 : 0;
000602 : 0;
000603 : 0;
000604 : 0;
000605 : 0;
000606 : 0;
000607 : 0;
000608 : 0;
000609 : 0;
00060A : 0;
00060B : 0;
00060C : 0;
00060D : 0;
00060E : 0;
00060F : 0;
000610 : 0;
000611 : 0;
000612 : 0;
000613 : 0;
000614 : 0;
000615 : 0;
000616 : 0;
000617 : 0;
000618 : 0;
000619 : 0;
00061A : 0;
00061B : 0;
00061C : 0;
00061D : 0;
00061E : 0;
00061F : 0;
000620 : 0;
000621 : 0;
000622 : 0;
000623 : 0;
000624 : 0;
000625 : 0;
000626 : 0;
000627 : 0;
000628 : 0;
000629 : 0;
00062A : 0;
00062B : 0;
00062C : 0;
00062D : 0;
00062E : 0;
00062F : 0;
000630 : 0;
000631 : 0;
000632 : 0;
000633 : 0;
000634 : 0;
000635 : 0;
000636 : 0;
000637 : 0;
000638 : 0;
000639 : 0;
00063A : 0;
00063B : 0;
00063C : 0;
00063D : 0;
00063E : 0;
00063F : 0;
000640 : 0;
000641 : 0;
000642 : 0;
000643 : 0;
000644 : 0;
000645 : 0;
000646 : 0;
000647 : 0;
000648 : 0;
000649 : 0;
00064A : 0;
00064B : 0;
00064C : 0;
00064D : 0;
00064E : 0;
00064F : 0;
000650 : 0;
000651 : 0;
000652 : 0;
000653 : 0;
000654 : 0;
000655 : 0;
000656 : 0;
000657 : 0;
000658 : 0;
000659 : 0;
00065A : 0;
00065B : 0;
00065C : 0;
00065D : 0;
00065E : 0;
00065F : 0;
000660 : 0;
000661 : 0;
000662 : 0;
000663 : 0;
000664 : 0;
000665 : 0;
000666 : 0;
000667 : 0;
000668 : 0;
000669 : 0;
00066A : 0;
00066B : 0;
00066C : 0;
00066D : 0;
00066E : 0;
00066F : 0;
000670 : 0;
000671 : 0;
000672 : 0;
000673 : 0;
000674 : 0;
000675 : 0;
000676 : 0;
000677 : 0;
000678 : 0;
000679 : 0;
00067A : 0;
00067B : 0;
00067C : 0;
00067D : 0;
00067E : 0;
00067F : 0;
000680 : 0;
000681 : 0;
000682 : 0;
000683 : 0;
000684 : 0;
000685 : 0;
000686 : 0;
000687 : 0;
000688 : 0;
000689 : 0;
00068A : 0;
00068B : 0;
00068C : 0;
00068D : 0;
00068E : 0;
00068F : 0;
000690 : 0;
000691 : 0;
000692 : 0;
000693 : 0;
000694 : 0;
000695 : 0;
000696 : 0;
000697 : 0;
000698 : 0;
000699 : 0;
00069A : 0;
00069B : 0;
00069C : 0;
00069D : 0;
00069E : 0;
00069F : 0;
0006A0 : 0;
0006A1 : 0;
0006A2 : 0;
0006A3 : 0;
0006A4 : 0;
0006A5 : 0;
0006A6 : 0;
0006A7 : 0;
0006A8 : 0;
0006A9 : 0;
0006AA : 0;
0006AB : 0;
0006AC : 0;
0006AD : 0;
0006AE : 0;
0006AF : 0;
0006B0 : 0;
0006B1 : 0;
0006B2 : 0;
0006B3 : 0;
0006B4 : 0;
0006B5 : 0;
0006B6 : 0;
0006B7 : 0;
0006B8 : 0;
0006B9 : 0;
0006BA : 0;
0006BB : 0;
0006BC : 0;
0006BD : 0;
0006BE : 0;
0006BF : 0;
0006C0 : 0;
0006C1 : 0;
0006C2 : 0;
0006C3 : 0;
0006C4 : 0;
0006C5 : 0;
0006C6 : 0;
0006C7 : 0;
0006C8 : 0;
0006C9 : 0;
0006CA : 0;
0006CB : 0;
0006CC : 0;
0006CD : 0;
0006CE : 0;
0006CF : 0;
0006D0 : 0;
0006D1 : 0;
0006D2 : 0;
0006D3 : 0;
0006D4 : 0;
0006D5 : 0;
0006D6 : 0;
0006D7 : 0;
0006D8 : 0;
0006D9 : 0;
0006DA : 0;
0006DB : 0;
0006DC : 0;
0006DD : 0;
0006DE : 0;
0006DF : 0;
0006E0 : 0;
0006E1 : 0;
0006E2 : 0;
0006E3 : 0;
0006E4 : 0;
0006E5 : 0;
0006E6 : 0;
0006E7 : 0;
0006E8 : 0;
0006E9 : 0;
0006EA : 0;
0006EB : 0;
0006EC : 0;
0006ED : 0;
0006EE : 0;
0006EF : 0;
0006F0 : 0;
0006F1 : 0;
0006F2 : 0;
0006F3 : 0;
0006F4 : 0;
0006F5 : 0;
0006F6 : 0;
0006F7 : 0;
0006F8 : 0;
0006F9 : 0;
0006FA : 0;
0006FB : 0;
0006FC : 0;
0006FD : 0;
0006FE : 0;
0006FF : 0;
000700 : 0;
000701 : 0;
000702 : 0;
000703 : 0;
000704 : 0;
000705 : 0;
000706 : 0;
000707 : 0;
000708 : 0;
000709 : 0;
00070A : 0;
00070B : 0;
00070C : 0;
00070D : 0;
00070E : 0;
00070F : 0;
000710 : 0;
000711 : 0;
000712 : 0;
000713 : 0;
000714 : 0;
000715 : 0;
000716 : 0;
000717 : 0;
000718 : 0;
000719 : 0;
00071A : 0;
00071B : 0;
00071C : 0;
00071D : 0;
00071E : 0;
00071F : 0;
000720 : 0;
000721 : 0;
000722 : 0;
000723 : 0;
000724 : 0;
000725 : 0;
000726 : 0;
000727 : 0;
000728 : 0;
000729 : 0;
00072A : 0;
00072B : 0;
00072C : 0;
00072D : 0;
00072E : 0;
00072F : 0;
000730 : 0;
000731 : 0;
000732 : 0;
000733 : 0;
000734 : 0;
000735 : 0;
000736 : 0;
000737 : 0;
000738 : 0;
000739 : 0;
00073A : 0;
00073B : 0;
00073C : 0;
00073D : 0;
00073E : 0;
00073F : 0;
000740 : 0;
000741 : 0;
000742 : 0;
000743 : 0;
000744 : 0;
000745 : 0;
000746 : 0;
000747 : 0;
000748 : 0;
000749 : 0;
00074A : 0;
00074B : 0;
00074C : 0;
00074D : 0;
00074E : 0;
00074F : 0;
000750 : 0;
000751 : 0;
000752 : 0;
000753 : 0;
000754 : 0;
000755 : 0;
000756 : 0;
000757 : 0;
000758 : 0;
000759 : 0;
00075A : 0;
00075B : 0;
00075C : 0;
00075D : 0;
00075E : 0;
00075F : 0;
000760 : 0;
000761 : 0;
000762 : 0;
000763 : 0;
000764 : 0;
000765 : 0;
000766 : 0;
000767 : 0;
000768 : 0;
000769 : 0;
00076A : 0;
00076B : 0;
00076C : 0;
00076D : 0;
00076E : 0;
00076F : 0;
000770 : 0;
000771 : 0;
000772 : 0;
000773 : 0;
000774 : 0;
000775 : 0;
000776 : 0;
000777 : 0;
000778 : 0;
000779 : 0;
00077A : 0;
00077B : 0;
00077C : 0;
00077D : 0;
00077E : 0;
00077F : 0;
000780 : 0;
000781 : 0;
000782 : 0;
000783 : 0;
000784 : 0;
000785 : 0;
000786 : 0;
000787 : 0;
000788 : 0;
000789 : 0;
00078A : 0;
00078B : 0;
00078C : 0;
00078D : 0;
00078E : 0;
00078F : 0;
000790 : 0;
000791 : 0;
000792 : 0;
000793 : 0;
000794 : 0;
000795 : 0;
000796 : 0;
000797 : 0;
000798 : 0;
000799 : 0;
00079A : 0;
00079B : 0;
00079C : 0;
00079D : 0;
00079E : 0;
00079F : 0;
0007A0 : 0;
0007A1 : 0;
0007A2 : 0;
0007A3 : 0;
0007A4 : 0;
0007A5 : 0;
0007A6 : 0;
0007A7 : 0;
0007A8 : 0;
0007A9 : 0;
0007AA : 0;
0007AB : 0;
0007AC : 0;
0007AD : 0;
0007AE : 0;
0007AF : 0;
0007B0 : 0;
0007B1 : 0;
0007B2 : 0;
0007B3 : 0;
0007B4 : 0;
0007B5 : 0;
0007B6 : 0;
0007B7 : 0;
0007B8 : 0;
0007B9 : 0;
0007BA : 0;
0007BB : 0;
0007BC : 0;
0007BD : 0;
0007BE : 0;
0007BF : 0;
0007C0 : 0;
0007C1 : 0;
0007C2 : 0;
0007C3 : 0;
0007C4 : 0;
0007C5 : 0;
0007C6 : 0;
0007C7 : 0;
0007C8 : 0;
0007C9 : 0;
0007CA : 0;
0007CB : 0;
0007CC : 0;
0007CD : 0;
0007CE : 0;
0007CF : 0;
0007D0 : 0;
0007D1 : 0;
0007D2 : 0;
0007D3 : 0;
0007D4 : 0;
0007D5 : 0;
0007D6 : 0;
0007D7 : 0;
0007D8 : 0;
0007D9 : 0;
0007DA : 0;
0007DB : 0;
0007DC : 0;
0007DD : 0;
0007DE : 0;
0007DF : 0;
0007E0 : 0;
0007E1 : 0;
0007E2 : 0;
0007E3 : 0;
0007E4 : 0;
0007E5 : 0;
0007E6 : 0;
0007E7 : 0;
0007E8 : 0;
0007E9 : 0;
0007EA : 0;
0007EB : 0;
0007EC : 0;
0007ED : 0;
0007EE : 0;
0007EF : 0;
0007F0 : 0;
0007F1 : 0;
0007F2 : 0;
0007F3 : 0;
0007F4 : 0;
0007F5 : 0;
0007F6 : 0;
0007F7 : 0;
0007F8 : 0;
0007F9 : 0;
0007FA : 0;
0007FB : 0;
0007FC : 0;
0007FD : 0;
0007FE : 0;
0007FF : 0;
000800 : 0;
000801 : 0;
000802 : 0;
000803 : 0;
000804 : 0;
000805 : 0;
000806 : 0;
000807 : 0;
000808 : 0;
000809 : 0;
00080A : 0;
00080B : 0;
00080C : 0;
00080D : 0;
00080E : 0;
00080F : 0;
000810 : 0;
000811 : 0;
000812 : 0;
000813 : 0;
000814 : 0;
000815 : 0;
000816 : 0;
000817 : 0;
000818 : 0;
000819 : 0;
00081A : 0;
00081B : 0;
00081C : 0;
00081D : 0;
00081E : 0;
00081F : 0;
000820 : 0;
000821 : 0;
000822 : 0;
000823 : 0;
000824 : 0;
000825 : 0;
000826 : 0;
000827 : 0;
000828 : 0;
000829 : 0;
00082A : 0;
00082B : 0;
00082C : 0;
00082D : 0;
00082E : 0;
00082F : 0;
000830 : 0;
000831 : 0;
000832 : 0;
000833 : 0;
000834 : 0;
000835 : 0;
000836 : 0;
000837 : 0;
000838 : 0;
000839 : 0;
00083A : 0;
00083B : 0;
00083C : 0;
00083D : 0;
00083E : 0;
00083F : 0;
000840 : 0;
000841 : 0;
000842 : 0;
000843 : 0;
000844 : 0;
000845 : 0;
000846 : 0;
000847 : 0;
000848 : 0;
000849 : 0;
00084A : 0;
00084B : 0;
00084C : 0;
00084D : 0;
00084E : 0;
00084F : 0;
000850 : 0;
000851 : 0;
000852 : 0;
000853 : 0;
000854 : 0;
000855 : 0;
000856 : 0;
000857 : 0;
000858 : 0;
000859 : 0;
00085A : 0;
00085B : 0;
00085C : 0;
00085D : 0;
00085E : 0;
00085F : 0;
000860 : 0;
000861 : 0;
000862 : 0;
000863 : 0;
000864 : 0;
000865 : 0;
000866 : 0;
000867 : 0;
000868 : 0;
000869 : 0;
00086A : 0;
00086B : 0;
00086C : 0;
00086D : 0;
00086E : 0;
00086F : 0;
000870 : 0;
000871 : 0;
000872 : 0;
000873 : 0;
000874 : 0;
000875 : 0;
000876 : 0;
000877 : 0;
000878 : 0;
000879 : 0;
00087A : 0;
00087B : 0;
00087C : 0;
00087D : 0;
00087E : 0;
00087F : 0;
000880 : 0;
000881 : 0;
000882 : 0;
000883 : 0;
000884 : 0;
000885 : 0;
000886 : 0;
000887 : 0;
000888 : 0;
000889 : 0;
00088A : 0;
00088B : 0;
00088C : 0;
00088D : 0;
00088E : 0;
00088F : 0;
000890 : 0;
000891 : 0;
000892 : 0;
000893 : 0;
000894 : 0;
000895 : 0;
000896 : 0;
000897 : 0;
000898 : 0;
000899 : 0;
00089A : 0;
00089B : 0;
00089C : 0;
00089D : 0;
00089E : 0;
00089F : 0;
0008A0 : 0;
0008A1 : 0;
0008A2 : 0;
0008A3 : 0;
0008A4 : 0;
0008A5 : 0;
0008A6 : 0;
0008A7 : 0;
0008A8 : 0;
0008A9 : 0;
0008AA : 0;
0008AB : 0;
0008AC : 0;
0008AD : 0;
0008AE : 0;
0008AF : 0;
0008B0 : 0;
0008B1 : 0;
0008B2 : 0;
0008B3 : 0;
0008B4 : 0;
0008B5 : 0;
0008B6 : 0;
0008B7 : 0;
0008B8 : 0;
0008B9 : 0;
0008BA : 0;
0008BB : 0;
0008BC : 0;
0008BD : 0;
0008BE : 0;
0008BF : 0;
0008C0 : 0;
0008C1 : 0;
0008C2 : 0;
0008C3 : 0;
0008C4 : 0;
0008C5 : 0;
0008C6 : 0;
0008C7 : 0;
0008C8 : 0;
0008C9 : 0;
0008CA : 0;
0008CB : 0;
0008CC : 0;
0008CD : 0;
0008CE : 0;
0008CF : 0;
0008D0 : 0;
0008D1 : 0;
0008D2 : 0;
0008D3 : 0;
0008D4 : 0;
0008D5 : 0;
0008D6 : 0;
0008D7 : 0;
0008D8 : 0;
0008D9 : 0;
0008DA : 0;
0008DB : 0;
0008DC : 0;
0008DD : 0;
0008DE : 0;
0008DF : 0;
0008E0 : 0;
0008E1 : 0;
0008E2 : 0;
0008E3 : 0;
0008E4 : 0;
0008E5 : 0;
0008E6 : 0;
0008E7 : 0;
0008E8 : 0;
0008E9 : 0;
0008EA : 0;
0008EB : 0;
0008EC : 0;
0008ED : 0;
0008EE : 0;
0008EF : 0;
0008F0 : 0;
0008F1 : 0;
0008F2 : 0;
0008F3 : 0;
0008F4 : 0;
0008F5 : 0;
0008F6 : 0;
0008F7 : 0;
0008F8 : 0;
0008F9 : 0;
0008FA : 0;
0008FB : 0;
0008FC : 0;
0008FD : 0;
0008FE : 0;
0008FF : 0;
000900 : 0;
000901 : 0;
000902 : 0;
000903 : 0;
000904 : 0;
000905 : 0;
000906 : 0;
000907 : 0;
000908 : 0;
000909 : 0;
00090A : 0;
00090B : 0;
00090C : 0;
00090D : 0;
00090E : 0;
00090F : 0;
000910 : 0;
000911 : 0;
000912 : 0;
000913 : 0;
000914 : 0;
000915 : 0;
000916 : 0;
000917 : 0;
000918 : 0;
000919 : 0;
00091A : 0;
00091B : 0;
00091C : 0;
00091D : 0;
00091E : 0;
00091F : 0;
000920 : 0;
000921 : 0;
000922 : 0;
000923 : 0;
000924 : 0;
000925 : 0;
000926 : 0;
000927 : 0;
000928 : 0;
000929 : 0;
00092A : 0;
00092B : 0;
00092C : 0;
00092D : 0;
00092E : 0;
00092F : 0;
000930 : 0;
000931 : 0;
000932 : 0;
000933 : 0;
000934 : 0;
000935 : 0;
000936 : 0;
000937 : 0;
000938 : 0;
000939 : 0;
00093A : 0;
00093B : 0;
00093C : 0;
00093D : 0;
00093E : 0;
00093F : 0;
000940 : 0;
000941 : 0;
000942 : 0;
000943 : 0;
000944 : 0;
000945 : 0;
000946 : 0;
000947 : 0;
000948 : 0;
000949 : 0;
00094A : 0;
00094B : 0;
00094C : 0;
00094D : 0;
00094E : 0;
00094F : 0;
000950 : 0;
000951 : 0;
000952 : 0;
000953 : 0;
000954 : 0;
000955 : 0;
000956 : 0;
000957 : 0;
000958 : 0;
000959 : 0;
00095A : 0;
00095B : 0;
00095C : 0;
00095D : 0;
00095E : 0;
00095F : 0;
000960 : 0;
000961 : 0;
000962 : 0;
000963 : 0;
000964 : 0;
000965 : 0;
000966 : 0;
000967 : 0;
000968 : 0;
000969 : 0;
00096A : 0;
00096B : 0;
00096C : 0;
00096D : 0;
00096E : 0;
00096F : 0;
000970 : 0;
000971 : 0;
000972 : 0;
000973 : 0;
000974 : 0;
000975 : 0;
000976 : 0;
000977 : 0;
000978 : 0;
000979 : 0;
00097A : 0;
00097B : 0;
00097C : 0;
00097D : 0;
00097E : 0;
00097F : 0;
000980 : 0;
000981 : 0;
000982 : 0;
000983 : 0;
000984 : 0;
000985 : 0;
000986 : 0;
000987 : 0;
000988 : 0;
000989 : 0;
00098A : 0;
00098B : 0;
00098C : 0;
00098D : 0;
00098E : 0;
00098F : 0;
000990 : 0;
000991 : 0;
000992 : 0;
000993 : 0;
000994 : 0;
000995 : 0;
000996 : 0;
000997 : 0;
000998 : 0;
000999 : 0;
00099A : 0;
00099B : 0;
00099C : 0;
00099D : 0;
00099E : 0;
00099F : 0;
0009A0 : 0;
0009A1 : 0;
0009A2 : 0;
0009A3 : 0;
0009A4 : 0;
0009A5 : 0;
0009A6 : 0;
0009A7 : 0;
0009A8 : 0;
0009A9 : 0;
0009AA : 0;
0009AB : 0;
0009AC : 0;
0009AD : 0;
0009AE : 0;
0009AF : 0;
0009B0 : 0;
0009B1 : 0;
0009B2 : 0;
0009B3 : 0;
0009B4 : 0;
0009B5 : 0;
0009B6 : 0;
0009B7 : 0;
0009B8 : 0;
0009B9 : 0;
0009BA : 0;
0009BB : 0;
0009BC : 0;
0009BD : 0;
0009BE : 0;
0009BF : 0;
0009C0 : 0;
0009C1 : 0;
0009C2 : 0;
0009C3 : 0;
0009C4 : 0;
0009C5 : 0;
0009C6 : 0;
0009C7 : 0;
0009C8 : 0;
0009C9 : 0;
0009CA : 0;
0009CB : 0;
0009CC : 0;
0009CD : 0;
0009CE : 0;
0009CF : 0;
0009D0 : 0;
0009D1 : 0;
0009D2 : 0;
0009D3 : 0;
0009D4 : 0;
0009D5 : 0;
0009D6 : 0;
0009D7 : 0;
0009D8 : 0;
0009D9 : 0;
0009DA : 0;
0009DB : 0;
0009DC : 0;
0009DD : 0;
0009DE : 0;
0009DF : 0;
0009E0 : 0;
0009E1 : 0;
0009E2 : 0;
0009E3 : 0;
0009E4 : 0;
0009E5 : 0;
0009E6 : 0;
0009E7 : 0;
0009E8 : 0;
0009E9 : 0;
0009EA : 0;
0009EB : 0;
0009EC : 0;
0009ED : 0;
0009EE : 0;
0009EF : 0;
0009F0 : 0;
0009F1 : 0;
0009F2 : 0;
0009F3 : 0;
0009F4 : 0;
0009F5 : 0;
0009F6 : 0;
0009F7 : 0;
0009F8 : 0;
0009F9 : 0;
0009FA : 0;
0009FB : 0;
0009FC : 0;
0009FD : 0;
0009FE : 0;
0009FF : 0;
000A00 : 0;
000A01 : 0;
000A02 : 0;
000A03 : 0;
000A04 : 0;
000A05 : 0;
000A06 : 0;
000A07 : 0;
000A08 : 0;
000A09 : 0;
000A0A : 0;
000A0B : 0;
000A0C : 0;
000A0D : 0;
000A0E : 0;
000A0F : 0;
000A10 : 0;
000A11 : 0;
000A12 : 0;
000A13 : 0;
000A14 : 0;
000A15 : 0;
000A16 : 0;
000A17 : 0;
000A18 : 0;
000A19 : 0;
000A1A : 0;
000A1B : 0;
000A1C : 0;
000A1D : 0;
000A1E : 0;
000A1F : 0;
000A20 : 0;
000A21 : 0;
000A22 : 0;
000A23 : 0;
000A24 : 0;
000A25 : 0;
000A26 : 0;
000A27 : 0;
000A28 : 0;
000A29 : 0;
000A2A : 0;
000A2B : 0;
000A2C : 0;
000A2D : 0;
000A2E : 0;
000A2F : 0;
000A30 : 0;
000A31 : 0;
000A32 : 0;
000A33 : 0;
000A34 : 0;
000A35 : 0;
000A36 : 0;
000A37 : 0;
000A38 : 0;
000A39 : 0;
000A3A : 0;
000A3B : 0;
000A3C : 0;
000A3D : 0;
000A3E : 0;
000A3F : 0;
000A40 : 0;
000A41 : 0;
000A42 : 0;
000A43 : 0;
000A44 : 0;
000A45 : 0;
000A46 : 0;
000A47 : 0;
000A48 : 0;
000A49 : 0;
000A4A : 0;
000A4B : 0;
000A4C : 0;
000A4D : 0;
000A4E : 0;
000A4F : 0;
000A50 : 0;
000A51 : 0;
000A52 : 0;
000A53 : 0;
000A54 : 0;
000A55 : 0;
000A56 : 0;
000A57 : 0;
000A58 : 0;
000A59 : 0;
000A5A : 0;
000A5B : 0;
000A5C : 0;
000A5D : 0;
000A5E : 0;
000A5F : 0;
000A60 : 0;
000A61 : 0;
000A62 : 0;
000A63 : 0;
000A64 : 0;
000A65 : 0;
000A66 : 0;
000A67 : 0;
000A68 : 0;
000A69 : 0;
000A6A : 0;
000A6B : 0;
000A6C : 0;
000A6D : 0;
000A6E : 0;
000A6F : 0;
000A70 : 0;
000A71 : 0;
000A72 : 0;
000A73 : 0;
000A74 : 0;
000A75 : 0;
000A76 : 0;
000A77 : 0;
000A78 : 0;
000A79 : 0;
000A7A : 0;
000A7B : 0;
000A7C : 0;
000A7D : 0;
000A7E : 0;
000A7F : 0;
000A80 : 0;
000A81 : 0;
000A82 : 0;
000A83 : 0;
000A84 : 0;
000A85 : 0;
000A86 : 0;
000A87 : 0;
000A88 : 0;
000A89 : 0;
000A8A : 0;
000A8B : 0;
000A8C : 0;
000A8D : 0;
000A8E : 0;
000A8F : 0;
000A90 : 0;
000A91 : 0;
000A92 : 0;
000A93 : 0;
000A94 : 0;
000A95 : 0;
000A96 : 0;
000A97 : 0;
000A98 : 0;
000A99 : 0;
000A9A : 0;
000A9B : 0;
000A9C : 0;
000A9D : 0;
000A9E : 0;
000A9F : 0;
000AA0 : 0;
000AA1 : 0;
000AA2 : 0;
000AA3 : 0;
000AA4 : 0;
000AA5 : 0;
000AA6 : 0;
000AA7 : 0;
000AA8 : 0;
000AA9 : 0;
000AAA : 0;
000AAB : 0;
000AAC : 0;
000AAD : 0;
000AAE : 0;
000AAF : 0;
000AB0 : 0;
000AB1 : 0;
000AB2 : 0;
000AB3 : 0;
000AB4 : 0;
000AB5 : 0;
000AB6 : 0;
000AB7 : 0;
000AB8 : 0;
000AB9 : 0;
000ABA : 0;
000ABB : 0;
000ABC : 0;
000ABD : 0;
000ABE : 0;
000ABF : 0;
000AC0 : 0;
000AC1 : 0;
000AC2 : 0;
000AC3 : 0;
000AC4 : 0;
000AC5 : 0;
000AC6 : 0;
000AC7 : 0;
000AC8 : 0;
000AC9 : 0;
000ACA : 0;
000ACB : 0;
000ACC : 0;
000ACD : 0;
000ACE : 0;
000ACF : 0;
000AD0 : 0;
000AD1 : 0;
000AD2 : 0;
000AD3 : 0;
000AD4 : 0;
000AD5 : 0;
000AD6 : 0;
000AD7 : 0;
000AD8 : 0;
000AD9 : 0;
000ADA : 0;
000ADB : 0;
000ADC : 0;
000ADD : 0;
000ADE : 0;
000ADF : 0;
000AE0 : 0;
000AE1 : 0;
000AE2 : 0;
000AE3 : 0;
000AE4 : 0;
000AE5 : 0;
000AE6 : 0;
000AE7 : 0;
000AE8 : 0;
000AE9 : 0;
000AEA : 0;
000AEB : 0;
000AEC : 0;
000AED : 0;
000AEE : 0;
000AEF : 0;
000AF0 : 0;
000AF1 : 0;
000AF2 : 0;
000AF3 : 0;
000AF4 : 0;
000AF5 : 0;
000AF6 : 0;
000AF7 : 0;
000AF8 : 0;
000AF9 : 0;
000AFA : 0;
000AFB : 0;
000AFC : 0;
000AFD : 0;
000AFE : 0;
000AFF : 0;
000B00 : 0;
000B01 : 0;
000B02 : 0;
000B03 : 0;
000B04 : 0;
000B05 : 0;
000B06 : 0;
000B07 : 0;
000B08 : 0;
000B09 : 0;
000B0A : 0;
000B0B : 0;
000B0C : 0;
000B0D : 0;
000B0E : 0;
000B0F : 0;
000B10 : 0;
000B11 : 0;
000B12 : 0;
000B13 : 0;
000B14 : 0;
000B15 : 0;
000B16 : 0;
000B17 : 0;
000B18 : 0;
000B19 : 0;
000B1A : 0;
000B1B : 0;
000B1C : 0;
000B1D : 0;
000B1E : 0;
000B1F : 0;
000B20 : 0;
000B21 : 0;
000B22 : 0;
000B23 : 0;
000B24 : 0;
000B25 : 0;
000B26 : 0;
000B27 : 0;
000B28 : 0;
000B29 : 0;
000B2A : 0;
000B2B : 0;
000B2C : 0;
000B2D : 0;
000B2E : 0;
000B2F : 0;
000B30 : 0;
000B31 : 0;
000B32 : 0;
000B33 : 0;
000B34 : 0;
000B35 : 0;
000B36 : 0;
000B37 : 0;
000B38 : 0;
000B39 : 0;
000B3A : 0;
000B3B : 0;
000B3C : 0;
000B3D : 0;
000B3E : 0;
000B3F : 0;
000B40 : 0;
000B41 : 0;
000B42 : 0;
000B43 : 0;
000B44 : 0;
000B45 : 0;
000B46 : 0;
000B47 : 0;
000B48 : 0;
000B49 : 0;
000B4A : 0;
000B4B : 0;
000B4C : 0;
000B4D : 0;
000B4E : 0;
000B4F : 0;
000B50 : 0;
000B51 : 0;
000B52 : 0;
000B53 : 3;
000B54 : 3;
000B55 : 0;
000B56 : 0;
000B57 : 0;
000B58 : 0;
000B59 : 0;
000B5A : 0;
000B5B : 0;
000B5C : 0;
000B5D : 0;
000B5E : 0;
000B5F : 0;
000B60 : 0;
000B61 : 0;
000B62 : 0;
000B63 : 0;
000B64 : 0;
000B65 : 0;
000B66 : 0;
000B67 : 0;
000B68 : 0;
000B69 : 0;
000B6A : 0;
000B6B : 0;
000B6C : 0;
000B6D : 0;
000B6E : 0;
000B6F : 0;
000B70 : 0;
000B71 : 0;
000B72 : 0;
000B73 : 0;
000B74 : 0;
000B75 : 0;
000B76 : 0;
000B77 : 0;
000B78 : 0;
000B79 : 0;
000B7A : 0;
000B7B : 0;
000B7C : 0;
000B7D : 0;
000B7E : 0;
000B7F : 0;
000B80 : 0;
000B81 : 0;
000B82 : 0;
000B83 : 0;
000B84 : 0;
000B85 : 0;
000B86 : 0;
000B87 : 0;
000B88 : 0;
000B89 : 0;
000B8A : 0;
000B8B : 0;
000B8C : 0;
000B8D : 0;
000B8E : 0;
000B8F : 0;
000B90 : 0;
000B91 : 0;
000B92 : 0;
000B93 : 0;
000B94 : 0;
000B95 : 0;
000B96 : 0;
000B97 : 0;
000B98 : 0;
000B99 : 0;
000B9A : 0;
000B9B : 0;
000B9C : 0;
000B9D : 0;
000B9E : 0;
000B9F : 0;
000BA0 : 0;
000BA1 : 0;
000BA2 : 0;
000BA3 : 0;
000BA4 : 0;
000BA5 : 0;
000BA6 : 0;
000BA7 : 0;
000BA8 : 0;
000BA9 : 0;
000BAA : 0;
000BAB : 0;
000BAC : 0;
000BAD : 0;
000BAE : 0;
000BAF : 0;
000BB0 : 0;
000BB1 : 0;
000BB2 : 0;
000BB3 : 0;
000BB4 : 0;
000BB5 : 0;
000BB6 : 0;
000BB7 : 0;
000BB8 : 0;
000BB9 : 0;
000BBA : 0;
000BBB : 0;
000BBC : 0;
000BBD : 0;
000BBE : 0;
000BBF : 0;
000BC0 : 0;
000BC1 : 0;
000BC2 : 0;
000BC3 : 0;
000BC4 : 0;
000BC5 : 0;
000BC6 : 0;
000BC7 : 0;
000BC8 : 0;
000BC9 : 0;
000BCA : 0;
000BCB : 0;
000BCC : 0;
000BCD : 0;
000BCE : 0;
000BCF : 0;
000BD0 : 0;
000BD1 : 0;
000BD2 : 0;
000BD3 : 0;
000BD4 : 0;
000BD5 : 0;
000BD6 : 0;
000BD7 : 0;
000BD8 : 0;
000BD9 : 0;
000BDA : 0;
000BDB : 0;
000BDC : 0;
000BDD : 0;
000BDE : 0;
000BDF : 0;
000BE0 : 0;
000BE1 : 0;
000BE2 : 0;
000BE3 : 0;
000BE4 : 0;
000BE5 : 0;
000BE6 : 0;
000BE7 : 0;
000BE8 : 0;
000BE9 : 0;
000BEA : 0;
000BEB : 0;
000BEC : 0;
000BED : 0;
000BEE : 0;
000BEF : 0;
000BF0 : 0;
000BF1 : 0;
000BF2 : 0;
000BF3 : 0;
000BF4 : 0;
000BF5 : 0;
000BF6 : 0;
000BF7 : 0;
000BF8 : 0;
000BF9 : 0;
000BFA : 0;
000BFB : 0;
000BFC : 0;
000BFD : 0;
000BFE : 0;
000BFF : 0;
000C00 : 0;
000C01 : 0;
000C02 : 0;
000C03 : 0;
000C04 : 0;
000C05 : 0;
000C06 : 0;
000C07 : 0;
000C08 : 0;
000C09 : 0;
000C0A : 0;
000C0B : 0;
000C0C : 0;
000C0D : 0;
000C0E : 0;
000C0F : 0;
000C10 : 0;
000C11 : 0;
000C12 : 0;
000C13 : 0;
000C14 : 0;
000C15 : 0;
000C16 : 0;
000C17 : 0;
000C18 : 0;
000C19 : 3;
000C1A : 3;
000C1B : 3;
000C1C : 3;
000C1D : 3;
000C1E : 0;
000C1F : 0;
000C20 : 0;
000C21 : 0;
000C22 : 0;
000C23 : 0;
000C24 : 0;
000C25 : 0;
000C26 : 0;
000C27 : 0;
000C28 : 0;
000C29 : 0;
000C2A : 0;
000C2B : 0;
000C2C : 0;
000C2D : 0;
000C2E : 0;
000C2F : 0;
000C30 : 0;
000C31 : 0;
000C32 : 0;
000C33 : 0;
000C34 : 0;
000C35 : 0;
000C36 : 0;
000C37 : 0;
000C38 : 0;
000C39 : 0;
000C3A : 0;
000C3B : 0;
000C3C : 0;
000C3D : 0;
000C3E : 0;
000C3F : 0;
000C40 : 0;
000C41 : 0;
000C42 : 0;
000C43 : 0;
000C44 : 0;
000C45 : 0;
000C46 : 0;
000C47 : 0;
000C48 : 0;
000C49 : 0;
000C4A : 0;
000C4B : 0;
000C4C : 0;
000C4D : 0;
000C4E : 0;
000C4F : 0;
000C50 : 0;
000C51 : 0;
000C52 : 0;
000C53 : 0;
000C54 : 0;
000C55 : 0;
000C56 : 0;
000C57 : 0;
000C58 : 0;
000C59 : 0;
000C5A : 0;
000C5B : 0;
000C5C : 0;
000C5D : 0;
000C5E : 0;
000C5F : 0;
000C60 : 0;
000C61 : 0;
000C62 : 0;
000C63 : 0;
000C64 : 0;
000C65 : 0;
000C66 : 0;
000C67 : 0;
000C68 : 0;
000C69 : 0;
000C6A : 0;
000C6B : 0;
000C6C : 0;
000C6D : 0;
000C6E : 0;
000C6F : 0;
000C70 : 0;
000C71 : 0;
000C72 : 0;
000C73 : 0;
000C74 : 0;
000C75 : 0;
000C76 : 0;
000C77 : 0;
000C78 : 0;
000C79 : 0;
000C7A : 0;
000C7B : 0;
000C7C : 0;
000C7D : 0;
000C7E : 0;
000C7F : 0;
000C80 : 0;
000C81 : 0;
000C82 : 0;
000C83 : 0;
000C84 : 0;
000C85 : 0;
000C86 : 0;
000C87 : 0;
000C88 : 0;
000C89 : 0;
000C8A : 0;
000C8B : 0;
000C8C : 0;
000C8D : 0;
000C8E : 0;
000C8F : 0;
000C90 : 0;
000C91 : 0;
000C92 : 0;
000C93 : 0;
000C94 : 0;
000C95 : 0;
000C96 : 0;
000C97 : 0;
000C98 : 0;
000C99 : 0;
000C9A : 0;
000C9B : 0;
000C9C : 0;
000C9D : 0;
000C9E : 0;
000C9F : 0;
000CA0 : 0;
000CA1 : 0;
000CA2 : 0;
000CA3 : 0;
000CA4 : 0;
000CA5 : 0;
000CA6 : 0;
000CA7 : 0;
000CA8 : 0;
000CA9 : 0;
000CAA : 0;
000CAB : 0;
000CAC : 0;
000CAD : 0;
000CAE : 0;
000CAF : 0;
000CB0 : 0;
000CB1 : 0;
000CB2 : 0;
000CB3 : 0;
000CB4 : 0;
000CB5 : 0;
000CB6 : 0;
000CB7 : 0;
000CB8 : 0;
000CB9 : 0;
000CBA : 0;
000CBB : 0;
000CBC : 0;
000CBD : 0;
000CBE : 0;
000CBF : 0;
000CC0 : 0;
000CC1 : 0;
000CC2 : 0;
000CC3 : 0;
000CC4 : 0;
000CC5 : 0;
000CC6 : 0;
000CC7 : 0;
000CC8 : 0;
000CC9 : 0;
000CCA : 0;
000CCB : 0;
000CCC : 0;
000CCD : 0;
000CCE : 0;
000CCF : 0;
000CD0 : 0;
000CD1 : 0;
000CD2 : 0;
000CD3 : 0;
000CD4 : 0;
000CD5 : 0;
000CD6 : 0;
000CD7 : 0;
000CD8 : 0;
000CD9 : 0;
000CDA : 0;
000CDB : 0;
000CDC : 0;
000CDD : 0;
000CDE : 0;
000CDF : 0;
000CE0 : 0;
000CE1 : 3;
000CE2 : 3;
000CE3 : 3;
000CE4 : 3;
000CE5 : 3;
000CE6 : 3;
000CE7 : 0;
000CE8 : 0;
000CE9 : 0;
000CEA : 0;
000CEB : 0;
000CEC : 0;
000CED : 0;
000CEE : 0;
000CEF : 0;
000CF0 : 0;
000CF1 : 0;
000CF2 : 0;
000CF3 : 0;
000CF4 : 0;
000CF5 : 0;
000CF6 : 0;
000CF7 : 0;
000CF8 : 0;
000CF9 : 0;
000CFA : 0;
000CFB : 0;
000CFC : 0;
000CFD : 0;
000CFE : 0;
000CFF : 0;
000D00 : 0;
000D01 : 0;
000D02 : 0;
000D03 : 0;
000D04 : 0;
000D05 : 0;
000D06 : 0;
000D07 : 0;
000D08 : 0;
000D09 : 0;
000D0A : 0;
000D0B : 0;
000D0C : 0;
000D0D : 0;
000D0E : 0;
000D0F : 0;
000D10 : 0;
000D11 : 0;
000D12 : 0;
000D13 : 0;
000D14 : 0;
000D15 : 0;
000D16 : 0;
000D17 : 0;
000D18 : 0;
000D19 : 0;
000D1A : 0;
000D1B : 0;
000D1C : 0;
000D1D : 0;
000D1E : 0;
000D1F : 0;
000D20 : 0;
000D21 : 0;
000D22 : 0;
000D23 : 0;
000D24 : 0;
000D25 : 0;
000D26 : 0;
000D27 : 0;
000D28 : 0;
000D29 : 0;
000D2A : 0;
000D2B : 0;
000D2C : 0;
000D2D : 0;
000D2E : 0;
000D2F : 0;
000D30 : 0;
000D31 : 0;
000D32 : 0;
000D33 : 0;
000D34 : 0;
000D35 : 0;
000D36 : 0;
000D37 : 0;
000D38 : 0;
000D39 : 0;
000D3A : 0;
000D3B : 0;
000D3C : 0;
000D3D : 0;
000D3E : 0;
000D3F : 0;
000D40 : 0;
000D41 : 0;
000D42 : 0;
000D43 : 0;
000D44 : 0;
000D45 : 0;
000D46 : 0;
000D47 : 0;
000D48 : 0;
000D49 : 0;
000D4A : 0;
000D4B : 0;
000D4C : 0;
000D4D : 0;
000D4E : 0;
000D4F : 0;
000D50 : 0;
000D51 : 0;
000D52 : 0;
000D53 : 0;
000D54 : 0;
000D55 : 0;
000D56 : 0;
000D57 : 0;
000D58 : 0;
000D59 : 0;
000D5A : 0;
000D5B : 0;
000D5C : 0;
000D5D : 0;
000D5E : 0;
000D5F : 0;
000D60 : 0;
000D61 : 0;
000D62 : 0;
000D63 : 0;
000D64 : 0;
000D65 : 0;
000D66 : 0;
000D67 : 0;
000D68 : 0;
000D69 : 0;
000D6A : 0;
000D6B : 0;
000D6C : 0;
000D6D : 0;
000D6E : 0;
000D6F : 0;
000D70 : 0;
000D71 : 0;
000D72 : 0;
000D73 : 0;
000D74 : 0;
000D75 : 0;
000D76 : 0;
000D77 : 0;
000D78 : 0;
000D79 : 0;
000D7A : 0;
000D7B : 0;
000D7C : 0;
000D7D : 0;
000D7E : 0;
000D7F : 0;
000D80 : 0;
000D81 : 0;
000D82 : 0;
000D83 : 0;
000D84 : 0;
000D85 : 0;
000D86 : 0;
000D87 : 0;
000D88 : 0;
000D89 : 0;
000D8A : 0;
000D8B : 0;
000D8C : 0;
000D8D : 0;
000D8E : 0;
000D8F : 0;
000D90 : 0;
000D91 : 0;
000D92 : 0;
000D93 : 0;
000D94 : 0;
000D95 : 0;
000D96 : 0;
000D97 : 0;
000D98 : 0;
000D99 : 0;
000D9A : 0;
000D9B : 0;
000D9C : 0;
000D9D : 0;
000D9E : 0;
000D9F : 0;
000DA0 : 0;
000DA1 : 0;
000DA2 : 0;
000DA3 : 0;
000DA4 : 0;
000DA5 : 0;
000DA6 : 0;
000DA7 : 0;
000DA8 : 0;
000DA9 : 3;
000DAA : 3;
000DAB : 3;
000DAC : 3;
000DAD : 3;
000DAE : 3;
000DAF : 0;
000DB0 : 0;
000DB1 : 0;
000DB2 : 0;
000DB3 : 0;
000DB4 : 0;
000DB5 : 0;
000DB6 : 0;
000DB7 : 0;
000DB8 : 0;
000DB9 : 0;
000DBA : 0;
000DBB : 0;
000DBC : 0;
000DBD : 0;
000DBE : 0;
000DBF : 0;
000DC0 : 0;
000DC1 : 0;
000DC2 : 0;
000DC3 : 0;
000DC4 : 0;
000DC5 : 0;
000DC6 : 0;
000DC7 : 0;
000DC8 : 0;
000DC9 : 0;
000DCA : 0;
000DCB : 0;
000DCC : 0;
000DCD : 0;
000DCE : 0;
000DCF : 0;
000DD0 : 0;
000DD1 : 0;
000DD2 : 0;
000DD3 : 0;
000DD4 : 0;
000DD5 : 0;
000DD6 : 0;
000DD7 : 0;
000DD8 : 0;
000DD9 : 0;
000DDA : 0;
000DDB : 0;
000DDC : 0;
000DDD : 0;
000DDE : 0;
000DDF : 0;
000DE0 : 0;
000DE1 : 0;
000DE2 : 0;
000DE3 : 0;
000DE4 : 0;
000DE5 : 0;
000DE6 : 0;
000DE7 : 0;
000DE8 : 0;
000DE9 : 0;
000DEA : 0;
000DEB : 0;
000DEC : 0;
000DED : 0;
000DEE : 0;
000DEF : 0;
000DF0 : 0;
000DF1 : 0;
000DF2 : 0;
000DF3 : 0;
000DF4 : 0;
000DF5 : 0;
000DF6 : 0;
000DF7 : 0;
000DF8 : 0;
000DF9 : 0;
000DFA : 0;
000DFB : 0;
000DFC : 0;
000DFD : 0;
000DFE : 0;
000DFF : 0;
000E00 : 0;
000E01 : 0;
000E02 : 0;
000E03 : 0;
000E04 : 0;
000E05 : 0;
000E06 : 0;
000E07 : 0;
000E08 : 0;
000E09 : 0;
000E0A : 0;
000E0B : 0;
000E0C : 0;
000E0D : 0;
000E0E : 0;
000E0F : 0;
000E10 : 0;
000E11 : 0;
000E12 : 0;
000E13 : 0;
000E14 : 0;
000E15 : 0;
000E16 : 0;
000E17 : 0;
000E18 : 0;
000E19 : 0;
000E1A : 0;
000E1B : 0;
000E1C : 0;
000E1D : 0;
000E1E : 0;
000E1F : 0;
000E20 : 0;
000E21 : 0;
000E22 : 0;
000E23 : 0;
000E24 : 0;
000E25 : 0;
000E26 : 0;
000E27 : 0;
000E28 : 0;
000E29 : 0;
000E2A : 0;
000E2B : 0;
000E2C : 0;
000E2D : 0;
000E2E : 0;
000E2F : 0;
000E30 : 0;
000E31 : 0;
000E32 : 0;
000E33 : 0;
000E34 : 0;
000E35 : 0;
000E36 : 0;
000E37 : 0;
000E38 : 0;
000E39 : 0;
000E3A : 0;
000E3B : 0;
000E3C : 0;
000E3D : 0;
000E3E : 0;
000E3F : 0;
000E40 : 0;
000E41 : 0;
000E42 : 0;
000E43 : 0;
000E44 : 0;
000E45 : 0;
000E46 : 0;
000E47 : 0;
000E48 : 0;
000E49 : 0;
000E4A : 0;
000E4B : 0;
000E4C : 0;
000E4D : 0;
000E4E : 0;
000E4F : 0;
000E50 : 0;
000E51 : 0;
000E52 : 0;
000E53 : 0;
000E54 : 0;
000E55 : 0;
000E56 : 0;
000E57 : 0;
000E58 : 0;
000E59 : 0;
000E5A : 0;
000E5B : 0;
000E5C : 0;
000E5D : 0;
000E5E : 0;
000E5F : 0;
000E60 : 0;
000E61 : 0;
000E62 : 0;
000E63 : 0;
000E64 : 0;
000E65 : 0;
000E66 : 0;
000E67 : 0;
000E68 : 0;
000E69 : 0;
000E6A : 0;
000E6B : 0;
000E6C : 0;
000E6D : 0;
000E6E : 0;
000E6F : 0;
000E70 : 0;
000E71 : 3;
000E72 : 3;
000E73 : 3;
000E74 : 3;
000E75 : 3;
000E76 : 3;
000E77 : 0;
000E78 : 0;
000E79 : 0;
000E7A : 0;
000E7B : 0;
000E7C : 0;
000E7D : 0;
000E7E : 0;
000E7F : 0;
000E80 : 0;
000E81 : 0;
000E82 : 0;
000E83 : 0;
000E84 : 0;
000E85 : 0;
000E86 : 0;
000E87 : 0;
000E88 : 0;
000E89 : 0;
000E8A : 0;
000E8B : 0;
000E8C : 0;
000E8D : 0;
000E8E : 0;
000E8F : 0;
000E90 : 0;
000E91 : 0;
000E92 : 0;
000E93 : 0;
000E94 : 0;
000E95 : 0;
000E96 : 0;
000E97 : 0;
000E98 : 0;
000E99 : 0;
000E9A : 0;
000E9B : 0;
000E9C : 0;
000E9D : 0;
000E9E : 0;
000E9F : 0;
000EA0 : 0;
000EA1 : 0;
000EA2 : 0;
000EA3 : 0;
000EA4 : 0;
000EA5 : 0;
000EA6 : 0;
000EA7 : 0;
000EA8 : 0;
000EA9 : 0;
000EAA : 0;
000EAB : 0;
000EAC : 0;
000EAD : 0;
000EAE : 0;
000EAF : 0;
000EB0 : 0;
000EB1 : 0;
000EB2 : 0;
000EB3 : 0;
000EB4 : 0;
000EB5 : 0;
000EB6 : 0;
000EB7 : 0;
000EB8 : 0;
000EB9 : 0;
000EBA : 0;
000EBB : 0;
000EBC : 0;
000EBD : 0;
000EBE : 0;
000EBF : 0;
000EC0 : 0;
000EC1 : 0;
000EC2 : 0;
000EC3 : 0;
000EC4 : 0;
000EC5 : 0;
000EC6 : 0;
000EC7 : 0;
000EC8 : 0;
000EC9 : 0;
000ECA : 0;
000ECB : 0;
000ECC : 0;
000ECD : 0;
000ECE : 0;
000ECF : 0;
000ED0 : 0;
000ED1 : 0;
000ED2 : 0;
000ED3 : 0;
000ED4 : 0;
000ED5 : 0;
000ED6 : 0;
000ED7 : 0;
000ED8 : 0;
000ED9 : 0;
000EDA : 0;
000EDB : 0;
000EDC : 0;
000EDD : 0;
000EDE : 0;
000EDF : 0;
000EE0 : 0;
000EE1 : 0;
000EE2 : 0;
000EE3 : 0;
000EE4 : 0;
000EE5 : 0;
000EE6 : 0;
000EE7 : 0;
000EE8 : 0;
000EE9 : 0;
000EEA : 0;
000EEB : 0;
000EEC : 0;
000EED : 0;
000EEE : 0;
000EEF : 0;
000EF0 : 0;
000EF1 : 0;
000EF2 : 0;
000EF3 : 0;
000EF4 : 0;
000EF5 : 0;
000EF6 : 0;
000EF7 : 0;
000EF8 : 0;
000EF9 : 0;
000EFA : 0;
000EFB : 0;
000EFC : 0;
000EFD : 0;
000EFE : 0;
000EFF : 0;
000F00 : 0;
000F01 : 0;
000F02 : 0;
000F03 : 0;
000F04 : 0;
000F05 : 0;
000F06 : 0;
000F07 : 0;
000F08 : 0;
000F09 : 0;
000F0A : 0;
000F0B : 0;
000F0C : 0;
000F0D : 0;
000F0E : 0;
000F0F : 0;
000F10 : 0;
000F11 : 0;
000F12 : 0;
000F13 : 0;
000F14 : 0;
000F15 : 0;
000F16 : 0;
000F17 : 0;
000F18 : 0;
000F19 : 0;
000F1A : 0;
000F1B : 0;
000F1C : 0;
000F1D : 0;
000F1E : 0;
000F1F : 0;
000F20 : 0;
000F21 : 0;
000F22 : 0;
000F23 : 0;
000F24 : 0;
000F25 : 0;
000F26 : 0;
000F27 : 0;
000F28 : 0;
000F29 : 0;
000F2A : 0;
000F2B : 0;
000F2C : 0;
000F2D : 0;
000F2E : 0;
000F2F : 0;
000F30 : 0;
000F31 : 0;
000F32 : 0;
000F33 : 0;
000F34 : 0;
000F35 : 0;
000F36 : 0;
000F37 : 0;
000F38 : 0;
000F39 : 3;
000F3A : 3;
000F3B : 3;
000F3C : 3;
000F3D : 3;
000F3E : 3;
000F3F : 0;
000F40 : 0;
000F41 : 0;
000F42 : 0;
000F43 : 0;
000F44 : 0;
000F45 : 0;
000F46 : 0;
000F47 : 0;
000F48 : 0;
000F49 : 0;
000F4A : 0;
000F4B : 0;
000F4C : 0;
000F4D : 0;
000F4E : 0;
000F4F : 0;
000F50 : 0;
000F51 : 0;
000F52 : 0;
000F53 : 0;
000F54 : 0;
000F55 : 0;
000F56 : 0;
000F57 : 0;
000F58 : 0;
000F59 : 0;
000F5A : 0;
000F5B : 0;
000F5C : 0;
000F5D : 0;
000F5E : 0;
000F5F : 0;
000F60 : 0;
000F61 : 0;
000F62 : 0;
000F63 : 0;
000F64 : 0;
000F65 : 0;
000F66 : 0;
000F67 : 0;
000F68 : 0;
000F69 : 0;
000F6A : 0;
000F6B : 0;
000F6C : 0;
000F6D : 0;
000F6E : 0;
000F6F : 0;
000F70 : 0;
000F71 : 0;
000F72 : 0;
000F73 : 0;
000F74 : 0;
000F75 : 0;
000F76 : 0;
000F77 : 0;
000F78 : 0;
000F79 : 0;
000F7A : 0;
000F7B : 0;
000F7C : 0;
000F7D : 0;
000F7E : 0;
000F7F : 0;
000F80 : 0;
000F81 : 0;
000F82 : 0;
000F83 : 0;
000F84 : 0;
000F85 : 0;
000F86 : 0;
000F87 : 0;
000F88 : 0;
000F89 : 0;
000F8A : 0;
000F8B : 0;
000F8C : 0;
000F8D : 0;
000F8E : 0;
000F8F : 0;
000F90 : 0;
000F91 : 0;
000F92 : 0;
000F93 : 0;
000F94 : 0;
000F95 : 0;
000F96 : 0;
000F97 : 0;
000F98 : 0;
000F99 : 0;
000F9A : 0;
000F9B : 0;
000F9C : 0;
000F9D : 0;
000F9E : 0;
000F9F : 0;
000FA0 : 0;
000FA1 : 0;
000FA2 : 0;
000FA3 : 0;
000FA4 : 0;
000FA5 : 0;
000FA6 : 0;
000FA7 : 0;
000FA8 : 0;
000FA9 : 0;
000FAA : 0;
000FAB : 0;
000FAC : 0;
000FAD : 0;
000FAE : 0;
000FAF : 0;
000FB0 : 0;
000FB1 : 0;
000FB2 : 0;
000FB3 : 0;
000FB4 : 0;
000FB5 : 0;
000FB6 : 0;
000FB7 : 0;
000FB8 : 0;
000FB9 : 0;
000FBA : 0;
000FBB : 0;
000FBC : 0;
000FBD : 0;
000FBE : 0;
000FBF : 0;
000FC0 : 0;
000FC1 : 0;
000FC2 : 0;
000FC3 : 0;
000FC4 : 0;
000FC5 : 0;
000FC6 : 0;
000FC7 : 0;
000FC8 : 0;
000FC9 : 0;
000FCA : 0;
000FCB : 0;
000FCC : 0;
000FCD : 0;
000FCE : 0;
000FCF : 0;
000FD0 : 0;
000FD1 : 0;
000FD2 : 0;
000FD3 : 0;
000FD4 : 0;
000FD5 : 0;
000FD6 : 0;
000FD7 : 0;
000FD8 : 0;
000FD9 : 0;
000FDA : 0;
000FDB : 0;
000FDC : 0;
000FDD : 0;
000FDE : 0;
000FDF : 0;
000FE0 : 0;
000FE1 : 0;
000FE2 : 0;
000FE3 : 0;
000FE4 : 0;
000FE5 : 0;
000FE6 : 0;
000FE7 : 0;
000FE8 : 0;
000FE9 : 0;
000FEA : 0;
000FEB : 0;
000FEC : 0;
000FED : 0;
000FEE : 0;
000FEF : 0;
000FF0 : 0;
000FF1 : 0;
000FF2 : 0;
000FF3 : 0;
000FF4 : 0;
000FF5 : 0;
000FF6 : 0;
000FF7 : 0;
000FF8 : 0;
000FF9 : 0;
000FFA : 0;
000FFB : 0;
000FFC : 0;
000FFD : 0;
000FFE : 0;
000FFF : 0;
001000 : 0;
001001 : 3;
001002 : 3;
001003 : 3;
001004 : 3;
001005 : 3;
001006 : 3;
001007 : 0;
001008 : 0;
001009 : 0;
00100A : 0;
00100B : 0;
00100C : 0;
00100D : 0;
00100E : 0;
00100F : 0;
001010 : 0;
001011 : 0;
001012 : 0;
001013 : 0;
001014 : 0;
001015 : 0;
001016 : 0;
001017 : 0;
001018 : 0;
001019 : 0;
00101A : 0;
00101B : 0;
00101C : 0;
00101D : 0;
00101E : 0;
00101F : 0;
001020 : 0;
001021 : 0;
001022 : 0;
001023 : 0;
001024 : 0;
001025 : 0;
001026 : 0;
001027 : 0;
001028 : 0;
001029 : 0;
00102A : 0;
00102B : 0;
00102C : 0;
00102D : 0;
00102E : 0;
00102F : 0;
001030 : 0;
001031 : 0;
001032 : 0;
001033 : 0;
001034 : 0;
001035 : 0;
001036 : 0;
001037 : 0;
001038 : 0;
001039 : 0;
00103A : 0;
00103B : 0;
00103C : 0;
00103D : 0;
00103E : 0;
00103F : 0;
001040 : 0;
001041 : 0;
001042 : 0;
001043 : 0;
001044 : 0;
001045 : 0;
001046 : 0;
001047 : 0;
001048 : 0;
001049 : 0;
00104A : 0;
00104B : 0;
00104C : 0;
00104D : 0;
00104E : 0;
00104F : 0;
001050 : 0;
001051 : 0;
001052 : 0;
001053 : 0;
001054 : 0;
001055 : 0;
001056 : 0;
001057 : 0;
001058 : 0;
001059 : 0;
00105A : 0;
00105B : 0;
00105C : 0;
00105D : 0;
00105E : 0;
00105F : 0;
001060 : 0;
001061 : 0;
001062 : 0;
001063 : 0;
001064 : 0;
001065 : 0;
001066 : 0;
001067 : 0;
001068 : 0;
001069 : 0;
00106A : 0;
00106B : 0;
00106C : 0;
00106D : 0;
00106E : 0;
00106F : 0;
001070 : 0;
001071 : 0;
001072 : 0;
001073 : 0;
001074 : 0;
001075 : 0;
001076 : 0;
001077 : 0;
001078 : 0;
001079 : 0;
00107A : 0;
00107B : 0;
00107C : 0;
00107D : 0;
00107E : 0;
00107F : 0;
001080 : 0;
001081 : 0;
001082 : 0;
001083 : 0;
001084 : 0;
001085 : 0;
001086 : 0;
001087 : 0;
001088 : 0;
001089 : 0;
00108A : 0;
00108B : 0;
00108C : 0;
00108D : 0;
00108E : 0;
00108F : 0;
001090 : 0;
001091 : 0;
001092 : 0;
001093 : 0;
001094 : 0;
001095 : 0;
001096 : 0;
001097 : 0;
001098 : 0;
001099 : 0;
00109A : 0;
00109B : 0;
00109C : 0;
00109D : 0;
00109E : 0;
00109F : 0;
0010A0 : 0;
0010A1 : 0;
0010A2 : 0;
0010A3 : 0;
0010A4 : 0;
0010A5 : 0;
0010A6 : 0;
0010A7 : 0;
0010A8 : 0;
0010A9 : 0;
0010AA : 0;
0010AB : 0;
0010AC : 0;
0010AD : 0;
0010AE : 0;
0010AF : 0;
0010B0 : 0;
0010B1 : 0;
0010B2 : 0;
0010B3 : 0;
0010B4 : 0;
0010B5 : 0;
0010B6 : 0;
0010B7 : 0;
0010B8 : 0;
0010B9 : 0;
0010BA : 0;
0010BB : 0;
0010BC : 0;
0010BD : 0;
0010BE : 0;
0010BF : 0;
0010C0 : 0;
0010C1 : 0;
0010C2 : 0;
0010C3 : 0;
0010C4 : 0;
0010C5 : 0;
0010C6 : 0;
0010C7 : 0;
0010C8 : 0;
0010C9 : 3;
0010CA : 3;
0010CB : 3;
0010CC : 3;
0010CD : 3;
0010CE : 3;
0010CF : 0;
0010D0 : 0;
0010D1 : 0;
0010D2 : 0;
0010D3 : 0;
0010D4 : 0;
0010D5 : 0;
0010D6 : 0;
0010D7 : 0;
0010D8 : 0;
0010D9 : 0;
0010DA : 0;
0010DB : 0;
0010DC : 0;
0010DD : 0;
0010DE : 0;
0010DF : 0;
0010E0 : 0;
0010E1 : 0;
0010E2 : 0;
0010E3 : 0;
0010E4 : 0;
0010E5 : 0;
0010E6 : 0;
0010E7 : 0;
0010E8 : 0;
0010E9 : 0;
0010EA : 0;
0010EB : 0;
0010EC : 0;
0010ED : 0;
0010EE : 0;
0010EF : 0;
0010F0 : 0;
0010F1 : 0;
0010F2 : 0;
0010F3 : 0;
0010F4 : 0;
0010F5 : 0;
0010F6 : 0;
0010F7 : 0;
0010F8 : 0;
0010F9 : 0;
0010FA : 0;
0010FB : 0;
0010FC : 0;
0010FD : 0;
0010FE : 0;
0010FF : 0;
001100 : 0;
001101 : 0;
001102 : 0;
001103 : 0;
001104 : 0;
001105 : 0;
001106 : 0;
001107 : 0;
001108 : 0;
001109 : 0;
00110A : 0;
00110B : 0;
00110C : 0;
00110D : 0;
00110E : 0;
00110F : 0;
001110 : 0;
001111 : 0;
001112 : 0;
001113 : 0;
001114 : 0;
001115 : 0;
001116 : 0;
001117 : 0;
001118 : 0;
001119 : 0;
00111A : 0;
00111B : 0;
00111C : 0;
00111D : 0;
00111E : 0;
00111F : 0;
001120 : 0;
001121 : 0;
001122 : 0;
001123 : 0;
001124 : 0;
001125 : 0;
001126 : 0;
001127 : 0;
001128 : 0;
001129 : 0;
00112A : 0;
00112B : 0;
00112C : 0;
00112D : 0;
00112E : 0;
00112F : 0;
001130 : 0;
001131 : 0;
001132 : 0;
001133 : 0;
001134 : 0;
001135 : 0;
001136 : 0;
001137 : 0;
001138 : 0;
001139 : 0;
00113A : 0;
00113B : 0;
00113C : 0;
00113D : 0;
00113E : 0;
00113F : 0;
001140 : 0;
001141 : 0;
001142 : 0;
001143 : 0;
001144 : 0;
001145 : 0;
001146 : 0;
001147 : 0;
001148 : 0;
001149 : 0;
00114A : 0;
00114B : 0;
00114C : 0;
00114D : 0;
00114E : 0;
00114F : 0;
001150 : 0;
001151 : 0;
001152 : 0;
001153 : 0;
001154 : 0;
001155 : 0;
001156 : 0;
001157 : 0;
001158 : 0;
001159 : 0;
00115A : 0;
00115B : 0;
00115C : 0;
00115D : 0;
00115E : 0;
00115F : 0;
001160 : 0;
001161 : 0;
001162 : 0;
001163 : 0;
001164 : 0;
001165 : 0;
001166 : 0;
001167 : 0;
001168 : 0;
001169 : 0;
00116A : 0;
00116B : 0;
00116C : 0;
00116D : 0;
00116E : 0;
00116F : 0;
001170 : 0;
001171 : 0;
001172 : 0;
001173 : 0;
001174 : 0;
001175 : 0;
001176 : 0;
001177 : 0;
001178 : 0;
001179 : 0;
00117A : 0;
00117B : 0;
00117C : 0;
00117D : 0;
00117E : 0;
00117F : 0;
001180 : 0;
001181 : 0;
001182 : 0;
001183 : 0;
001184 : 0;
001185 : 0;
001186 : 0;
001187 : 0;
001188 : 0;
001189 : 0;
00118A : 0;
00118B : 0;
00118C : 0;
00118D : 0;
00118E : 0;
00118F : 0;
001190 : 0;
001191 : 3;
001192 : 3;
001193 : 3;
001194 : 3;
001195 : 3;
001196 : 3;
001197 : 0;
001198 : 0;
001199 : 0;
00119A : 0;
00119B : 0;
00119C : 0;
00119D : 0;
00119E : 0;
00119F : 0;
0011A0 : 0;
0011A1 : 0;
0011A2 : 0;
0011A3 : 0;
0011A4 : 0;
0011A5 : 0;
0011A6 : 0;
0011A7 : 0;
0011A8 : 0;
0011A9 : 0;
0011AA : 0;
0011AB : 0;
0011AC : 0;
0011AD : 0;
0011AE : 0;
0011AF : 0;
0011B0 : 0;
0011B1 : 0;
0011B2 : 0;
0011B3 : 0;
0011B4 : 0;
0011B5 : 0;
0011B6 : 0;
0011B7 : 0;
0011B8 : 0;
0011B9 : 0;
0011BA : 0;
0011BB : 0;
0011BC : 0;
0011BD : 0;
0011BE : 0;
0011BF : 0;
0011C0 : 0;
0011C1 : 0;
0011C2 : 0;
0011C3 : 0;
0011C4 : 0;
0011C5 : 0;
0011C6 : 0;
0011C7 : 0;
0011C8 : 0;
0011C9 : 0;
0011CA : 0;
0011CB : 0;
0011CC : 0;
0011CD : 0;
0011CE : 0;
0011CF : 0;
0011D0 : 0;
0011D1 : 0;
0011D2 : 0;
0011D3 : 0;
0011D4 : 0;
0011D5 : 0;
0011D6 : 0;
0011D7 : 0;
0011D8 : 0;
0011D9 : 0;
0011DA : 0;
0011DB : 0;
0011DC : 0;
0011DD : 0;
0011DE : 0;
0011DF : 0;
0011E0 : 0;
0011E1 : 0;
0011E2 : 0;
0011E3 : 0;
0011E4 : 0;
0011E5 : 0;
0011E6 : 0;
0011E7 : 0;
0011E8 : 0;
0011E9 : 0;
0011EA : 0;
0011EB : 0;
0011EC : 0;
0011ED : 0;
0011EE : 0;
0011EF : 0;
0011F0 : 0;
0011F1 : 0;
0011F2 : 0;
0011F3 : 0;
0011F4 : 0;
0011F5 : 0;
0011F6 : 0;
0011F7 : 0;
0011F8 : 0;
0011F9 : 0;
0011FA : 0;
0011FB : 0;
0011FC : 0;
0011FD : 0;
0011FE : 0;
0011FF : 0;
001200 : 0;
001201 : 0;
001202 : 0;
001203 : 0;
001204 : 0;
001205 : 0;
001206 : 0;
001207 : 0;
001208 : 0;
001209 : 0;
00120A : 0;
00120B : 0;
00120C : 0;
00120D : 0;
00120E : 0;
00120F : 0;
001210 : 0;
001211 : 0;
001212 : 0;
001213 : 0;
001214 : 0;
001215 : 0;
001216 : 0;
001217 : 0;
001218 : 0;
001219 : 0;
00121A : 0;
00121B : 0;
00121C : 0;
00121D : 0;
00121E : 0;
00121F : 0;
001220 : 0;
001221 : 0;
001222 : 0;
001223 : 0;
001224 : 0;
001225 : 0;
001226 : 0;
001227 : 0;
001228 : 0;
001229 : 0;
00122A : 0;
00122B : 0;
00122C : 0;
00122D : 0;
00122E : 0;
00122F : 0;
001230 : 0;
001231 : 0;
001232 : 0;
001233 : 0;
001234 : 0;
001235 : 0;
001236 : 0;
001237 : 0;
001238 : 0;
001239 : 0;
00123A : 0;
00123B : 0;
00123C : 0;
00123D : 0;
00123E : 0;
00123F : 0;
001240 : 0;
001241 : 0;
001242 : 0;
001243 : 0;
001244 : 0;
001245 : 0;
001246 : 0;
001247 : 0;
001248 : 0;
001249 : 0;
00124A : 0;
00124B : 0;
00124C : 0;
00124D : 0;
00124E : 0;
00124F : 0;
001250 : 0;
001251 : 0;
001252 : 0;
001253 : 0;
001254 : 0;
001255 : 0;
001256 : 0;
001257 : 0;
001258 : 0;
001259 : 3;
00125A : 3;
00125B : 3;
00125C : 3;
00125D : 3;
00125E : 3;
00125F : 0;
001260 : 0;
001261 : 0;
001262 : 0;
001263 : 0;
001264 : 0;
001265 : 0;
001266 : 0;
001267 : 0;
001268 : 0;
001269 : 0;
00126A : 0;
00126B : 0;
00126C : 0;
00126D : 0;
00126E : 0;
00126F : 0;
001270 : 0;
001271 : 0;
001272 : 0;
001273 : 0;
001274 : 0;
001275 : 0;
001276 : 0;
001277 : 0;
001278 : 0;
001279 : 0;
00127A : 0;
00127B : 0;
00127C : 0;
00127D : 0;
00127E : 0;
00127F : 0;
001280 : 0;
001281 : 0;
001282 : 0;
001283 : 0;
001284 : 0;
001285 : 0;
001286 : 0;
001287 : 0;
001288 : 0;
001289 : 0;
00128A : 0;
00128B : 0;
00128C : 0;
00128D : 0;
00128E : 0;
00128F : 0;
001290 : 0;
001291 : 0;
001292 : 0;
001293 : 0;
001294 : 0;
001295 : 0;
001296 : 0;
001297 : 0;
001298 : 0;
001299 : 0;
00129A : 0;
00129B : 0;
00129C : 0;
00129D : 0;
00129E : 0;
00129F : 0;
0012A0 : 0;
0012A1 : 0;
0012A2 : 0;
0012A3 : 0;
0012A4 : 0;
0012A5 : 0;
0012A6 : 0;
0012A7 : 0;
0012A8 : 0;
0012A9 : 0;
0012AA : 0;
0012AB : 0;
0012AC : 0;
0012AD : 0;
0012AE : 0;
0012AF : 0;
0012B0 : 0;
0012B1 : 0;
0012B2 : 0;
0012B3 : 0;
0012B4 : 0;
0012B5 : 0;
0012B6 : 0;
0012B7 : 0;
0012B8 : 0;
0012B9 : 0;
0012BA : 0;
0012BB : 0;
0012BC : 0;
0012BD : 0;
0012BE : 0;
0012BF : 0;
0012C0 : 0;
0012C1 : 0;
0012C2 : 0;
0012C3 : 0;
0012C4 : 0;
0012C5 : 0;
0012C6 : 0;
0012C7 : 0;
0012C8 : 0;
0012C9 : 0;
0012CA : 0;
0012CB : 0;
0012CC : 0;
0012CD : 0;
0012CE : 0;
0012CF : 0;
0012D0 : 0;
0012D1 : 0;
0012D2 : 0;
0012D3 : 0;
0012D4 : 0;
0012D5 : 0;
0012D6 : 0;
0012D7 : 0;
0012D8 : 0;
0012D9 : 0;
0012DA : 0;
0012DB : 0;
0012DC : 0;
0012DD : 0;
0012DE : 0;
0012DF : 0;
0012E0 : 0;
0012E1 : 0;
0012E2 : 0;
0012E3 : 0;
0012E4 : 0;
0012E5 : 0;
0012E6 : 0;
0012E7 : 0;
0012E8 : 0;
0012E9 : 0;
0012EA : 0;
0012EB : 0;
0012EC : 0;
0012ED : 0;
0012EE : 0;
0012EF : 0;
0012F0 : 0;
0012F1 : 0;
0012F2 : 0;
0012F3 : 0;
0012F4 : 0;
0012F5 : 0;
0012F6 : 0;
0012F7 : 0;
0012F8 : 0;
0012F9 : 0;
0012FA : 0;
0012FB : 0;
0012FC : 0;
0012FD : 0;
0012FE : 0;
0012FF : 0;
001300 : 0;
001301 : 0;
001302 : 0;
001303 : 0;
001304 : 0;
001305 : 0;
001306 : 0;
001307 : 0;
001308 : 0;
001309 : 0;
00130A : 0;
00130B : 0;
00130C : 0;
00130D : 0;
00130E : 0;
00130F : 0;
001310 : 0;
001311 : 0;
001312 : 0;
001313 : 0;
001314 : 0;
001315 : 0;
001316 : 0;
001317 : 0;
001318 : 0;
001319 : 0;
00131A : 0;
00131B : 0;
00131C : 0;
00131D : 0;
00131E : 0;
00131F : 0;
001320 : 0;
001321 : 3;
001322 : 3;
001323 : 3;
001324 : 3;
001325 : 3;
001326 : 3;
001327 : 0;
001328 : 0;
001329 : 0;
00132A : 0;
00132B : 0;
00132C : 0;
00132D : 0;
00132E : 0;
00132F : 0;
001330 : 0;
001331 : 0;
001332 : 0;
001333 : 0;
001334 : 0;
001335 : 0;
001336 : 0;
001337 : 0;
001338 : 0;
001339 : 0;
00133A : 0;
00133B : 0;
00133C : 0;
00133D : 0;
00133E : 0;
00133F : 0;
001340 : 0;
001341 : 0;
001342 : 0;
001343 : 0;
001344 : 0;
001345 : 0;
001346 : 0;
001347 : 0;
001348 : 0;
001349 : 0;
00134A : 0;
00134B : 0;
00134C : 0;
00134D : 0;
00134E : 0;
00134F : 0;
001350 : 0;
001351 : 0;
001352 : 0;
001353 : 0;
001354 : 0;
001355 : 0;
001356 : 0;
001357 : 0;
001358 : 0;
001359 : 0;
00135A : 0;
00135B : 0;
00135C : 0;
00135D : 0;
00135E : 0;
00135F : 0;
001360 : 0;
001361 : 0;
001362 : 0;
001363 : 0;
001364 : 0;
001365 : 0;
001366 : 0;
001367 : 0;
001368 : 0;
001369 : 0;
00136A : 0;
00136B : 0;
00136C : 0;
00136D : 0;
00136E : 0;
00136F : 0;
001370 : 0;
001371 : 0;
001372 : 0;
001373 : 0;
001374 : 0;
001375 : 0;
001376 : 0;
001377 : 0;
001378 : 0;
001379 : 0;
00137A : 0;
00137B : 0;
00137C : 0;
00137D : 0;
00137E : 0;
00137F : 0;
001380 : 0;
001381 : 0;
001382 : 0;
001383 : 0;
001384 : 0;
001385 : 0;
001386 : 0;
001387 : 0;
001388 : 0;
001389 : 0;
00138A : 0;
00138B : 0;
00138C : 0;
00138D : 0;
00138E : 0;
00138F : 0;
001390 : 0;
001391 : 0;
001392 : 0;
001393 : 0;
001394 : 0;
001395 : 0;
001396 : 0;
001397 : 0;
001398 : 0;
001399 : 0;
00139A : 0;
00139B : 0;
00139C : 0;
00139D : 0;
00139E : 0;
00139F : 0;
0013A0 : 0;
0013A1 : 0;
0013A2 : 0;
0013A3 : 0;
0013A4 : 0;
0013A5 : 0;
0013A6 : 0;
0013A7 : 0;
0013A8 : 0;
0013A9 : 0;
0013AA : 0;
0013AB : 0;
0013AC : 0;
0013AD : 0;
0013AE : 0;
0013AF : 0;
0013B0 : 0;
0013B1 : 0;
0013B2 : 0;
0013B3 : 0;
0013B4 : 0;
0013B5 : 0;
0013B6 : 0;
0013B7 : 0;
0013B8 : 0;
0013B9 : 0;
0013BA : 0;
0013BB : 0;
0013BC : 0;
0013BD : 0;
0013BE : 0;
0013BF : 0;
0013C0 : 0;
0013C1 : 0;
0013C2 : 0;
0013C3 : 0;
0013C4 : 0;
0013C5 : 0;
0013C6 : 0;
0013C7 : 0;
0013C8 : 0;
0013C9 : 0;
0013CA : 0;
0013CB : 0;
0013CC : 0;
0013CD : 0;
0013CE : 0;
0013CF : 0;
0013D0 : 0;
0013D1 : 0;
0013D2 : 0;
0013D3 : 0;
0013D4 : 0;
0013D5 : 0;
0013D6 : 0;
0013D7 : 0;
0013D8 : 0;
0013D9 : 0;
0013DA : 0;
0013DB : 0;
0013DC : 0;
0013DD : 0;
0013DE : 0;
0013DF : 0;
0013E0 : 0;
0013E1 : 0;
0013E2 : 0;
0013E3 : 0;
0013E4 : 0;
0013E5 : 0;
0013E6 : 0;
0013E7 : 0;
0013E8 : 0;
0013E9 : 3;
0013EA : 3;
0013EB : 3;
0013EC : 3;
0013ED : 3;
0013EE : 3;
0013EF : 0;
0013F0 : 0;
0013F1 : 0;
0013F2 : 0;
0013F3 : 0;
0013F4 : 0;
0013F5 : 0;
0013F6 : 0;
0013F7 : 0;
0013F8 : 0;
0013F9 : 0;
0013FA : 0;
0013FB : 0;
0013FC : 0;
0013FD : 0;
0013FE : 0;
0013FF : 0;
001400 : 0;
001401 : 0;
001402 : 0;
001403 : 0;
001404 : 0;
001405 : 0;
001406 : 0;
001407 : 0;
001408 : 0;
001409 : 0;
00140A : 0;
00140B : 0;
00140C : 0;
00140D : 0;
00140E : 0;
00140F : 0;
001410 : 0;
001411 : 0;
001412 : 0;
001413 : 0;
001414 : 0;
001415 : 0;
001416 : 0;
001417 : 0;
001418 : 0;
001419 : 0;
00141A : 0;
00141B : 0;
00141C : 0;
00141D : 0;
00141E : 0;
00141F : 0;
001420 : 0;
001421 : 0;
001422 : 0;
001423 : 0;
001424 : 0;
001425 : 0;
001426 : 0;
001427 : 0;
001428 : 0;
001429 : 0;
00142A : 0;
00142B : 0;
00142C : 0;
00142D : 0;
00142E : 0;
00142F : 0;
001430 : 0;
001431 : 0;
001432 : 0;
001433 : 0;
001434 : 0;
001435 : 0;
001436 : 0;
001437 : 0;
001438 : 0;
001439 : 0;
00143A : 0;
00143B : 0;
00143C : 0;
00143D : 0;
00143E : 0;
00143F : 0;
001440 : 0;
001441 : 0;
001442 : 0;
001443 : 0;
001444 : 0;
001445 : 0;
001446 : 0;
001447 : 0;
001448 : 0;
001449 : 0;
00144A : 0;
00144B : 0;
00144C : 0;
00144D : 0;
00144E : 0;
00144F : 0;
001450 : 0;
001451 : 0;
001452 : 0;
001453 : 0;
001454 : 0;
001455 : 0;
001456 : 0;
001457 : 0;
001458 : 0;
001459 : 0;
00145A : 0;
00145B : 0;
00145C : 0;
00145D : 0;
00145E : 0;
00145F : 0;
001460 : 0;
001461 : 0;
001462 : 0;
001463 : 0;
001464 : 0;
001465 : 0;
001466 : 0;
001467 : 0;
001468 : 0;
001469 : 0;
00146A : 0;
00146B : 0;
00146C : 0;
00146D : 0;
00146E : 0;
00146F : 0;
001470 : 0;
001471 : 0;
001472 : 0;
001473 : 0;
001474 : 0;
001475 : 0;
001476 : 0;
001477 : 0;
001478 : 0;
001479 : 0;
00147A : 0;
00147B : 0;
00147C : 0;
00147D : 0;
00147E : 0;
00147F : 0;
001480 : 0;
001481 : 0;
001482 : 0;
001483 : 0;
001484 : 0;
001485 : 0;
001486 : 0;
001487 : 0;
001488 : 0;
001489 : 0;
00148A : 0;
00148B : 0;
00148C : 0;
00148D : 0;
00148E : 0;
00148F : 0;
001490 : 0;
001491 : 0;
001492 : 0;
001493 : 0;
001494 : 0;
001495 : 0;
001496 : 0;
001497 : 0;
001498 : 0;
001499 : 0;
00149A : 0;
00149B : 0;
00149C : 0;
00149D : 0;
00149E : 0;
00149F : 0;
0014A0 : 0;
0014A1 : 0;
0014A2 : 0;
0014A3 : 0;
0014A4 : 0;
0014A5 : 0;
0014A6 : 0;
0014A7 : 0;
0014A8 : 0;
0014A9 : 0;
0014AA : 0;
0014AB : 0;
0014AC : 0;
0014AD : 0;
0014AE : 0;
0014AF : 0;
0014B0 : 0;
0014B1 : 3;
0014B2 : 3;
0014B3 : 3;
0014B4 : 3;
0014B5 : 3;
0014B6 : 3;
0014B7 : 0;
0014B8 : 0;
0014B9 : 0;
0014BA : 0;
0014BB : 0;
0014BC : 0;
0014BD : 0;
0014BE : 0;
0014BF : 0;
0014C0 : 0;
0014C1 : 0;
0014C2 : 0;
0014C3 : 0;
0014C4 : 0;
0014C5 : 0;
0014C6 : 0;
0014C7 : 0;
0014C8 : 0;
0014C9 : 0;
0014CA : 0;
0014CB : 0;
0014CC : 0;
0014CD : 0;
0014CE : 0;
0014CF : 0;
0014D0 : 0;
0014D1 : 0;
0014D2 : 0;
0014D3 : 0;
0014D4 : 0;
0014D5 : 0;
0014D6 : 0;
0014D7 : 0;
0014D8 : 0;
0014D9 : 0;
0014DA : 0;
0014DB : 0;
0014DC : 0;
0014DD : 0;
0014DE : 0;
0014DF : 0;
0014E0 : 0;
0014E1 : 0;
0014E2 : 0;
0014E3 : 0;
0014E4 : 0;
0014E5 : 0;
0014E6 : 0;
0014E7 : 0;
0014E8 : 0;
0014E9 : 0;
0014EA : 0;
0014EB : 0;
0014EC : 0;
0014ED : 0;
0014EE : 0;
0014EF : 0;
0014F0 : 0;
0014F1 : 0;
0014F2 : 0;
0014F3 : 0;
0014F4 : 0;
0014F5 : 0;
0014F6 : 0;
0014F7 : 0;
0014F8 : 0;
0014F9 : 0;
0014FA : 0;
0014FB : 0;
0014FC : 0;
0014FD : 0;
0014FE : 0;
0014FF : 0;
001500 : 0;
001501 : 0;
001502 : 0;
001503 : 0;
001504 : 0;
001505 : 0;
001506 : 0;
001507 : 0;
001508 : 0;
001509 : 0;
00150A : 0;
00150B : 0;
00150C : 0;
00150D : 0;
00150E : 0;
00150F : 0;
001510 : 0;
001511 : 0;
001512 : 0;
001513 : 0;
001514 : 0;
001515 : 0;
001516 : 0;
001517 : 0;
001518 : 0;
001519 : 0;
00151A : 0;
00151B : 0;
00151C : 0;
00151D : 0;
00151E : 0;
00151F : 0;
001520 : 0;
001521 : 0;
001522 : 0;
001523 : 0;
001524 : 0;
001525 : 0;
001526 : 0;
001527 : 0;
001528 : 0;
001529 : 0;
00152A : 0;
00152B : 0;
00152C : 0;
00152D : 0;
00152E : 0;
00152F : 0;
001530 : 0;
001531 : 0;
001532 : 0;
001533 : 0;
001534 : 0;
001535 : 0;
001536 : 0;
001537 : 0;
001538 : 0;
001539 : 0;
00153A : 0;
00153B : 0;
00153C : 0;
00153D : 0;
00153E : 0;
00153F : 0;
001540 : 0;
001541 : 0;
001542 : 0;
001543 : 0;
001544 : 0;
001545 : 0;
001546 : 0;
001547 : 0;
001548 : 0;
001549 : 0;
00154A : 0;
00154B : 0;
00154C : 0;
00154D : 0;
00154E : 0;
00154F : 0;
001550 : 0;
001551 : 0;
001552 : 0;
001553 : 0;
001554 : 0;
001555 : 0;
001556 : 0;
001557 : 0;
001558 : 0;
001559 : 0;
00155A : 0;
00155B : 0;
00155C : 0;
00155D : 0;
00155E : 0;
00155F : 0;
001560 : 0;
001561 : 0;
001562 : 0;
001563 : 0;
001564 : 0;
001565 : 0;
001566 : 0;
001567 : 0;
001568 : 0;
001569 : 0;
00156A : 0;
00156B : 0;
00156C : 0;
00156D : 0;
00156E : 0;
00156F : 0;
001570 : 0;
001571 : 0;
001572 : 0;
001573 : 0;
001574 : 0;
001575 : 0;
001576 : 0;
001577 : 0;
001578 : 0;
001579 : 3;
00157A : 3;
00157B : 3;
00157C : 3;
00157D : 3;
00157E : 3;
00157F : 0;
001580 : 0;
001581 : 0;
001582 : 0;
001583 : 0;
001584 : 0;
001585 : 0;
001586 : 0;
001587 : 0;
001588 : 0;
001589 : 0;
00158A : 0;
00158B : 0;
00158C : 0;
00158D : 0;
00158E : 0;
00158F : 0;
001590 : 0;
001591 : 0;
001592 : 0;
001593 : 0;
001594 : 0;
001595 : 0;
001596 : 0;
001597 : 0;
001598 : 0;
001599 : 0;
00159A : 0;
00159B : 0;
00159C : 0;
00159D : 0;
00159E : 0;
00159F : 0;
0015A0 : 0;
0015A1 : 0;
0015A2 : 0;
0015A3 : 0;
0015A4 : 0;
0015A5 : 0;
0015A6 : 0;
0015A7 : 0;
0015A8 : 0;
0015A9 : 0;
0015AA : 0;
0015AB : 0;
0015AC : 0;
0015AD : 0;
0015AE : 0;
0015AF : 0;
0015B0 : 0;
0015B1 : 0;
0015B2 : 0;
0015B3 : 0;
0015B4 : 0;
0015B5 : 0;
0015B6 : 0;
0015B7 : 0;
0015B8 : 0;
0015B9 : 0;
0015BA : 0;
0015BB : 0;
0015BC : 0;
0015BD : 0;
0015BE : 0;
0015BF : 0;
0015C0 : 0;
0015C1 : 0;
0015C2 : 0;
0015C3 : 0;
0015C4 : 0;
0015C5 : 0;
0015C6 : 0;
0015C7 : 0;
0015C8 : 0;
0015C9 : 0;
0015CA : 0;
0015CB : 0;
0015CC : 0;
0015CD : 0;
0015CE : 0;
0015CF : 0;
0015D0 : 0;
0015D1 : 0;
0015D2 : 0;
0015D3 : 0;
0015D4 : 0;
0015D5 : 0;
0015D6 : 0;
0015D7 : 0;
0015D8 : 0;
0015D9 : 0;
0015DA : 0;
0015DB : 0;
0015DC : 0;
0015DD : 0;
0015DE : 0;
0015DF : 0;
0015E0 : 0;
0015E1 : 0;
0015E2 : 0;
0015E3 : 0;
0015E4 : 0;
0015E5 : 0;
0015E6 : 0;
0015E7 : 0;
0015E8 : 0;
0015E9 : 0;
0015EA : 0;
0015EB : 0;
0015EC : 0;
0015ED : 0;
0015EE : 0;
0015EF : 0;
0015F0 : 0;
0015F1 : 0;
0015F2 : 0;
0015F3 : 0;
0015F4 : 0;
0015F5 : 0;
0015F6 : 0;
0015F7 : 0;
0015F8 : 0;
0015F9 : 0;
0015FA : 0;
0015FB : 0;
0015FC : 0;
0015FD : 0;
0015FE : 0;
0015FF : 0;
001600 : 0;
001601 : 0;
001602 : 0;
001603 : 0;
001604 : 0;
001605 : 0;
001606 : 0;
001607 : 0;
001608 : 0;
001609 : 0;
00160A : 0;
00160B : 0;
00160C : 0;
00160D : 0;
00160E : 0;
00160F : 0;
001610 : 0;
001611 : 0;
001612 : 0;
001613 : 0;
001614 : 0;
001615 : 0;
001616 : 0;
001617 : 0;
001618 : 0;
001619 : 0;
00161A : 0;
00161B : 0;
00161C : 0;
00161D : 0;
00161E : 0;
00161F : 0;
001620 : 0;
001621 : 0;
001622 : 0;
001623 : 0;
001624 : 0;
001625 : 0;
001626 : 0;
001627 : 0;
001628 : 0;
001629 : 0;
00162A : 0;
00162B : 0;
00162C : 0;
00162D : 0;
00162E : 0;
00162F : 0;
001630 : 0;
001631 : 0;
001632 : 0;
001633 : 0;
001634 : 0;
001635 : 0;
001636 : 0;
001637 : 0;
001638 : 0;
001639 : 0;
00163A : 0;
00163B : 0;
00163C : 0;
00163D : 0;
00163E : 0;
00163F : 0;
001640 : 0;
001641 : 3;
001642 : 3;
001643 : 3;
001644 : 3;
001645 : 3;
001646 : 3;
001647 : 0;
001648 : 0;
001649 : 0;
00164A : 0;
00164B : 0;
00164C : 0;
00164D : 0;
00164E : 0;
00164F : 0;
001650 : 0;
001651 : 0;
001652 : 0;
001653 : 0;
001654 : 0;
001655 : 0;
001656 : 0;
001657 : 0;
001658 : 0;
001659 : 0;
00165A : 0;
00165B : 0;
00165C : 0;
00165D : 0;
00165E : 0;
00165F : 0;
001660 : 0;
001661 : 0;
001662 : 0;
001663 : 0;
001664 : 0;
001665 : 0;
001666 : 0;
001667 : 0;
001668 : 0;
001669 : 0;
00166A : 0;
00166B : 0;
00166C : 0;
00166D : 0;
00166E : 0;
00166F : 0;
001670 : 0;
001671 : 0;
001672 : 0;
001673 : 0;
001674 : 0;
001675 : 0;
001676 : 0;
001677 : 0;
001678 : 0;
001679 : 0;
00167A : 0;
00167B : 0;
00167C : 0;
00167D : 0;
00167E : 0;
00167F : 0;
001680 : 0;
001681 : 0;
001682 : 0;
001683 : 0;
001684 : 0;
001685 : 0;
001686 : 0;
001687 : 0;
001688 : 0;
001689 : 0;
00168A : 0;
00168B : 0;
00168C : 0;
00168D : 0;
00168E : 0;
00168F : 0;
001690 : 0;
001691 : 0;
001692 : 0;
001693 : 0;
001694 : 0;
001695 : 0;
001696 : 0;
001697 : 0;
001698 : 0;
001699 : 0;
00169A : 0;
00169B : 0;
00169C : 0;
00169D : 0;
00169E : 0;
00169F : 0;
0016A0 : 0;
0016A1 : 0;
0016A2 : 0;
0016A3 : 0;
0016A4 : 0;
0016A5 : 0;
0016A6 : 0;
0016A7 : 0;
0016A8 : 0;
0016A9 : 0;
0016AA : 0;
0016AB : 0;
0016AC : 0;
0016AD : 0;
0016AE : 0;
0016AF : 0;
0016B0 : 0;
0016B1 : 0;
0016B2 : 0;
0016B3 : 0;
0016B4 : 0;
0016B5 : 0;
0016B6 : 0;
0016B7 : 0;
0016B8 : 0;
0016B9 : 0;
0016BA : 0;
0016BB : 0;
0016BC : 0;
0016BD : 0;
0016BE : 0;
0016BF : 0;
0016C0 : 0;
0016C1 : 0;
0016C2 : 0;
0016C3 : 0;
0016C4 : 0;
0016C5 : 0;
0016C6 : 0;
0016C7 : 0;
0016C8 : 0;
0016C9 : 0;
0016CA : 0;
0016CB : 0;
0016CC : 0;
0016CD : 0;
0016CE : 0;
0016CF : 0;
0016D0 : 0;
0016D1 : 0;
0016D2 : 0;
0016D3 : 0;
0016D4 : 0;
0016D5 : 0;
0016D6 : 0;
0016D7 : 0;
0016D8 : 0;
0016D9 : 0;
0016DA : 0;
0016DB : 0;
0016DC : 0;
0016DD : 0;
0016DE : 0;
0016DF : 0;
0016E0 : 0;
0016E1 : 0;
0016E2 : 0;
0016E3 : 0;
0016E4 : 0;
0016E5 : 0;
0016E6 : 0;
0016E7 : 0;
0016E8 : 0;
0016E9 : 0;
0016EA : 0;
0016EB : 0;
0016EC : 0;
0016ED : 0;
0016EE : 0;
0016EF : 0;
0016F0 : 0;
0016F1 : 0;
0016F2 : 0;
0016F3 : 0;
0016F4 : 0;
0016F5 : 0;
0016F6 : 0;
0016F7 : 0;
0016F8 : 0;
0016F9 : 0;
0016FA : 0;
0016FB : 0;
0016FC : 0;
0016FD : 0;
0016FE : 0;
0016FF : 0;
001700 : 0;
001701 : 0;
001702 : 0;
001703 : 0;
001704 : 0;
001705 : 0;
001706 : 0;
001707 : 0;
001708 : 0;
001709 : 3;
00170A : 3;
00170B : 3;
00170C : 3;
00170D : 3;
00170E : 3;
00170F : 0;
001710 : 0;
001711 : 0;
001712 : 0;
001713 : 0;
001714 : 0;
001715 : 0;
001716 : 0;
001717 : 0;
001718 : 0;
001719 : 0;
00171A : 0;
00171B : 0;
00171C : 0;
00171D : 0;
00171E : 0;
00171F : 0;
001720 : 0;
001721 : 0;
001722 : 0;
001723 : 0;
001724 : 0;
001725 : 0;
001726 : 0;
001727 : 0;
001728 : 0;
001729 : 0;
00172A : 0;
00172B : 0;
00172C : 0;
00172D : 0;
00172E : 0;
00172F : 0;
001730 : 0;
001731 : 0;
001732 : 0;
001733 : 0;
001734 : 0;
001735 : 0;
001736 : 0;
001737 : 0;
001738 : 0;
001739 : 0;
00173A : 0;
00173B : 0;
00173C : 0;
00173D : 0;
00173E : 0;
00173F : 0;
001740 : 0;
001741 : 0;
001742 : 0;
001743 : 0;
001744 : 0;
001745 : 0;
001746 : 0;
001747 : 0;
001748 : 0;
001749 : 0;
00174A : 0;
00174B : 0;
00174C : 0;
00174D : 0;
00174E : 0;
00174F : 0;
001750 : 0;
001751 : 0;
001752 : 0;
001753 : 0;
001754 : 0;
001755 : 0;
001756 : 0;
001757 : 0;
001758 : 0;
001759 : 0;
00175A : 0;
00175B : 0;
00175C : 0;
00175D : 0;
00175E : 0;
00175F : 0;
001760 : 0;
001761 : 0;
001762 : 0;
001763 : 0;
001764 : 0;
001765 : 0;
001766 : 0;
001767 : 0;
001768 : 0;
001769 : 0;
00176A : 0;
00176B : 0;
00176C : 0;
00176D : 0;
00176E : 0;
00176F : 0;
001770 : 0;
001771 : 0;
001772 : 0;
001773 : 0;
001774 : 0;
001775 : 0;
001776 : 0;
001777 : 0;
001778 : 0;
001779 : 0;
00177A : 0;
00177B : 0;
00177C : 0;
00177D : 0;
00177E : 0;
00177F : 0;
001780 : 0;
001781 : 0;
001782 : 0;
001783 : 0;
001784 : 0;
001785 : 0;
001786 : 0;
001787 : 0;
001788 : 0;
001789 : 0;
00178A : 0;
00178B : 0;
00178C : 0;
00178D : 0;
00178E : 0;
00178F : 0;
001790 : 0;
001791 : 0;
001792 : 0;
001793 : 0;
001794 : 0;
001795 : 0;
001796 : 0;
001797 : 0;
001798 : 0;
001799 : 0;
00179A : 0;
00179B : 0;
00179C : 0;
00179D : 0;
00179E : 0;
00179F : 0;
0017A0 : 0;
0017A1 : 0;
0017A2 : 0;
0017A3 : 0;
0017A4 : 0;
0017A5 : 0;
0017A6 : 0;
0017A7 : 0;
0017A8 : 0;
0017A9 : 0;
0017AA : 0;
0017AB : 0;
0017AC : 0;
0017AD : 0;
0017AE : 0;
0017AF : 0;
0017B0 : 0;
0017B1 : 0;
0017B2 : 0;
0017B3 : 0;
0017B4 : 0;
0017B5 : 0;
0017B6 : 0;
0017B7 : 0;
0017B8 : 0;
0017B9 : 0;
0017BA : 0;
0017BB : 0;
0017BC : 0;
0017BD : 0;
0017BE : 0;
0017BF : 0;
0017C0 : 0;
0017C1 : 0;
0017C2 : 0;
0017C3 : 0;
0017C4 : 0;
0017C5 : 0;
0017C6 : 0;
0017C7 : 0;
0017C8 : 0;
0017C9 : 0;
0017CA : 0;
0017CB : 0;
0017CC : 0;
0017CD : 0;
0017CE : 0;
0017CF : 0;
0017D0 : 0;
0017D1 : 3;
0017D2 : 3;
0017D3 : 3;
0017D4 : 3;
0017D5 : 3;
0017D6 : 3;
0017D7 : 0;
0017D8 : 0;
0017D9 : 0;
0017DA : 0;
0017DB : 0;
0017DC : 0;
0017DD : 0;
0017DE : 0;
0017DF : 0;
0017E0 : 0;
0017E1 : 0;
0017E2 : 0;
0017E3 : 0;
0017E4 : 0;
0017E5 : 0;
0017E6 : 0;
0017E7 : 0;
0017E8 : 0;
0017E9 : 0;
0017EA : 0;
0017EB : 0;
0017EC : 0;
0017ED : 0;
0017EE : 0;
0017EF : 0;
0017F0 : 0;
0017F1 : 0;
0017F2 : 0;
0017F3 : 0;
0017F4 : 0;
0017F5 : 0;
0017F6 : 0;
0017F7 : 0;
0017F8 : 0;
0017F9 : 0;
0017FA : 0;
0017FB : 0;
0017FC : 0;
0017FD : 0;
0017FE : 0;
0017FF : 0;
001800 : 0;
001801 : 0;
001802 : 0;
001803 : 0;
001804 : 0;
001805 : 0;
001806 : 0;
001807 : 0;
001808 : 0;
001809 : 0;
00180A : 0;
00180B : 0;
00180C : 0;
00180D : 0;
00180E : 0;
00180F : 0;
001810 : 0;
001811 : 0;
001812 : 0;
001813 : 0;
001814 : 0;
001815 : 0;
001816 : 0;
001817 : 0;
001818 : 0;
001819 : 0;
00181A : 0;
00181B : 0;
00181C : 0;
00181D : 0;
00181E : 0;
00181F : 0;
001820 : 0;
001821 : 0;
001822 : 0;
001823 : 0;
001824 : 0;
001825 : 0;
001826 : 0;
001827 : 0;
001828 : 0;
001829 : 0;
00182A : 0;
00182B : 0;
00182C : 0;
00182D : 0;
00182E : 0;
00182F : 0;
001830 : 0;
001831 : 0;
001832 : 0;
001833 : 0;
001834 : 0;
001835 : 0;
001836 : 0;
001837 : 0;
001838 : 0;
001839 : 0;
00183A : 0;
00183B : 0;
00183C : 0;
00183D : 0;
00183E : 0;
00183F : 0;
001840 : 0;
001841 : 0;
001842 : 0;
001843 : 0;
001844 : 0;
001845 : 0;
001846 : 0;
001847 : 0;
001848 : 0;
001849 : 0;
00184A : 0;
00184B : 0;
00184C : 0;
00184D : 0;
00184E : 0;
00184F : 0;
001850 : 0;
001851 : 0;
001852 : 0;
001853 : 0;
001854 : 0;
001855 : 0;
001856 : 0;
001857 : 0;
001858 : 0;
001859 : 0;
00185A : 0;
00185B : 0;
00185C : 0;
00185D : 0;
00185E : 0;
00185F : 0;
001860 : 0;
001861 : 0;
001862 : 0;
001863 : 0;
001864 : 0;
001865 : 0;
001866 : 0;
001867 : 0;
001868 : 0;
001869 : 0;
00186A : 0;
00186B : 0;
00186C : 0;
00186D : 0;
00186E : 0;
00186F : 0;
001870 : 0;
001871 : 0;
001872 : 0;
001873 : 0;
001874 : 0;
001875 : 0;
001876 : 0;
001877 : 0;
001878 : 0;
001879 : 0;
00187A : 0;
00187B : 0;
00187C : 0;
00187D : 0;
00187E : 0;
00187F : 0;
001880 : 0;
001881 : 0;
001882 : 0;
001883 : 0;
001884 : 0;
001885 : 0;
001886 : 0;
001887 : 0;
001888 : 0;
001889 : 0;
00188A : 0;
00188B : 0;
00188C : 0;
00188D : 0;
00188E : 0;
00188F : 0;
001890 : 0;
001891 : 0;
001892 : 0;
001893 : 0;
001894 : 0;
001895 : 0;
001896 : 0;
001897 : 0;
001898 : 0;
001899 : 3;
00189A : 3;
00189B : 3;
00189C : 3;
00189D : 3;
00189E : 3;
00189F : 0;
0018A0 : 0;
0018A1 : 0;
0018A2 : 0;
0018A3 : 0;
0018A4 : 0;
0018A5 : 0;
0018A6 : 0;
0018A7 : 0;
0018A8 : 0;
0018A9 : 0;
0018AA : 0;
0018AB : 0;
0018AC : 0;
0018AD : 0;
0018AE : 0;
0018AF : 0;
0018B0 : 0;
0018B1 : 0;
0018B2 : 0;
0018B3 : 0;
0018B4 : 0;
0018B5 : 0;
0018B6 : 0;
0018B7 : 0;
0018B8 : 0;
0018B9 : 0;
0018BA : 0;
0018BB : 0;
0018BC : 0;
0018BD : 0;
0018BE : 0;
0018BF : 0;
0018C0 : 0;
0018C1 : 0;
0018C2 : 0;
0018C3 : 0;
0018C4 : 0;
0018C5 : 0;
0018C6 : 0;
0018C7 : 0;
0018C8 : 0;
0018C9 : 0;
0018CA : 0;
0018CB : 0;
0018CC : 0;
0018CD : 0;
0018CE : 0;
0018CF : 0;
0018D0 : 0;
0018D1 : 0;
0018D2 : 0;
0018D3 : 0;
0018D4 : 0;
0018D5 : 0;
0018D6 : 0;
0018D7 : 0;
0018D8 : 0;
0018D9 : 0;
0018DA : 0;
0018DB : 0;
0018DC : 0;
0018DD : 0;
0018DE : 0;
0018DF : 0;
0018E0 : 0;
0018E1 : 0;
0018E2 : 0;
0018E3 : 0;
0018E4 : 0;
0018E5 : 0;
0018E6 : 0;
0018E7 : 0;
0018E8 : 0;
0018E9 : 0;
0018EA : 0;
0018EB : 0;
0018EC : 0;
0018ED : 0;
0018EE : 0;
0018EF : 0;
0018F0 : 0;
0018F1 : 0;
0018F2 : 0;
0018F3 : 0;
0018F4 : 0;
0018F5 : 0;
0018F6 : 0;
0018F7 : 0;
0018F8 : 0;
0018F9 : 0;
0018FA : 0;
0018FB : 0;
0018FC : 0;
0018FD : 0;
0018FE : 0;
0018FF : 0;
001900 : 0;
001901 : 0;
001902 : 0;
001903 : 0;
001904 : 0;
001905 : 0;
001906 : 0;
001907 : 0;
001908 : 0;
001909 : 0;
00190A : 0;
00190B : 0;
00190C : 0;
00190D : 0;
00190E : 0;
00190F : 0;
001910 : 0;
001911 : 0;
001912 : 0;
001913 : 0;
001914 : 0;
001915 : 0;
001916 : 0;
001917 : 0;
001918 : 0;
001919 : 0;
00191A : 0;
00191B : 0;
00191C : 0;
00191D : 0;
00191E : 0;
00191F : 0;
001920 : 0;
001921 : 0;
001922 : 0;
001923 : 0;
001924 : 0;
001925 : 0;
001926 : 0;
001927 : 0;
001928 : 0;
001929 : 0;
00192A : 0;
00192B : 0;
00192C : 0;
00192D : 0;
00192E : 0;
00192F : 0;
001930 : 0;
001931 : 0;
001932 : 0;
001933 : 0;
001934 : 0;
001935 : 0;
001936 : 0;
001937 : 0;
001938 : 0;
001939 : 0;
00193A : 0;
00193B : 0;
00193C : 0;
00193D : 0;
00193E : 0;
00193F : 0;
001940 : 0;
001941 : 0;
001942 : 0;
001943 : 0;
001944 : 0;
001945 : 0;
001946 : 0;
001947 : 0;
001948 : 0;
001949 : 0;
00194A : 0;
00194B : 0;
00194C : 0;
00194D : 0;
00194E : 0;
00194F : 0;
001950 : 0;
001951 : 0;
001952 : 0;
001953 : 0;
001954 : 0;
001955 : 0;
001956 : 0;
001957 : 0;
001958 : 0;
001959 : 0;
00195A : 0;
00195B : 0;
00195C : 0;
00195D : 0;
00195E : 0;
00195F : 0;
001960 : 0;
001961 : 3;
001962 : 3;
001963 : 3;
001964 : 3;
001965 : 3;
001966 : 3;
001967 : 0;
001968 : 0;
001969 : 0;
00196A : 0;
00196B : 0;
00196C : 0;
00196D : 0;
00196E : 0;
00196F : 0;
001970 : 0;
001971 : 0;
001972 : 0;
001973 : 0;
001974 : 0;
001975 : 0;
001976 : 0;
001977 : 0;
001978 : 0;
001979 : 0;
00197A : 0;
00197B : 0;
00197C : 0;
00197D : 0;
00197E : 0;
00197F : 0;
001980 : 0;
001981 : 0;
001982 : 0;
001983 : 0;
001984 : 0;
001985 : 0;
001986 : 0;
001987 : 0;
001988 : 0;
001989 : 0;
00198A : 0;
00198B : 0;
00198C : 0;
00198D : 0;
00198E : 0;
00198F : 0;
001990 : 0;
001991 : 0;
001992 : 0;
001993 : 0;
001994 : 0;
001995 : 0;
001996 : 0;
001997 : 0;
001998 : 0;
001999 : 0;
00199A : 0;
00199B : 0;
00199C : 0;
00199D : 0;
00199E : 0;
00199F : 0;
0019A0 : 0;
0019A1 : 0;
0019A2 : 0;
0019A3 : 0;
0019A4 : 0;
0019A5 : 0;
0019A6 : 0;
0019A7 : 0;
0019A8 : 0;
0019A9 : 0;
0019AA : 0;
0019AB : 0;
0019AC : 0;
0019AD : 0;
0019AE : 0;
0019AF : 0;
0019B0 : 0;
0019B1 : 0;
0019B2 : 0;
0019B3 : 0;
0019B4 : 0;
0019B5 : 0;
0019B6 : 0;
0019B7 : 0;
0019B8 : 0;
0019B9 : 0;
0019BA : 0;
0019BB : 0;
0019BC : 0;
0019BD : 0;
0019BE : 0;
0019BF : 0;
0019C0 : 0;
0019C1 : 0;
0019C2 : 0;
0019C3 : 0;
0019C4 : 0;
0019C5 : 0;
0019C6 : 0;
0019C7 : 0;
0019C8 : 0;
0019C9 : 0;
0019CA : 0;
0019CB : 0;
0019CC : 0;
0019CD : 0;
0019CE : 0;
0019CF : 0;
0019D0 : 0;
0019D1 : 0;
0019D2 : 0;
0019D3 : 0;
0019D4 : 0;
0019D5 : 0;
0019D6 : 0;
0019D7 : 0;
0019D8 : 0;
0019D9 : 0;
0019DA : 0;
0019DB : 0;
0019DC : 0;
0019DD : 0;
0019DE : 0;
0019DF : 0;
0019E0 : 0;
0019E1 : 0;
0019E2 : 0;
0019E3 : 0;
0019E4 : 0;
0019E5 : 0;
0019E6 : 0;
0019E7 : 0;
0019E8 : 0;
0019E9 : 0;
0019EA : 0;
0019EB : 0;
0019EC : 0;
0019ED : 0;
0019EE : 0;
0019EF : 0;
0019F0 : 0;
0019F1 : 0;
0019F2 : 0;
0019F3 : 0;
0019F4 : 0;
0019F5 : 0;
0019F6 : 0;
0019F7 : 0;
0019F8 : 0;
0019F9 : 0;
0019FA : 0;
0019FB : 0;
0019FC : 0;
0019FD : 0;
0019FE : 0;
0019FF : 0;
001A00 : 0;
001A01 : 0;
001A02 : 0;
001A03 : 0;
001A04 : 0;
001A05 : 0;
001A06 : 0;
001A07 : 0;
001A08 : 0;
001A09 : 0;
001A0A : 0;
001A0B : 0;
001A0C : 0;
001A0D : 0;
001A0E : 0;
001A0F : 0;
001A10 : 0;
001A11 : 0;
001A12 : 0;
001A13 : 0;
001A14 : 0;
001A15 : 0;
001A16 : 0;
001A17 : 0;
001A18 : 0;
001A19 : 0;
001A1A : 0;
001A1B : 0;
001A1C : 0;
001A1D : 0;
001A1E : 0;
001A1F : 0;
001A20 : 0;
001A21 : 0;
001A22 : 0;
001A23 : 0;
001A24 : 0;
001A25 : 0;
001A26 : 0;
001A27 : 0;
001A28 : 0;
001A29 : 3;
001A2A : 3;
001A2B : 3;
001A2C : 3;
001A2D : 3;
001A2E : 3;
001A2F : 0;
001A30 : 0;
001A31 : 0;
001A32 : 0;
001A33 : 0;
001A34 : 0;
001A35 : 0;
001A36 : 0;
001A37 : 0;
001A38 : 0;
001A39 : 0;
001A3A : 0;
001A3B : 0;
001A3C : 0;
001A3D : 0;
001A3E : 0;
001A3F : 0;
001A40 : 0;
001A41 : 0;
001A42 : 0;
001A43 : 0;
001A44 : 0;
001A45 : 0;
001A46 : 0;
001A47 : 0;
001A48 : 0;
001A49 : 0;
001A4A : 0;
001A4B : 0;
001A4C : 0;
001A4D : 0;
001A4E : 0;
001A4F : 0;
001A50 : 0;
001A51 : 0;
001A52 : 0;
001A53 : 0;
001A54 : 0;
001A55 : 0;
001A56 : 0;
001A57 : 0;
001A58 : 0;
001A59 : 0;
001A5A : 0;
001A5B : 0;
001A5C : 0;
001A5D : 0;
001A5E : 0;
001A5F : 0;
001A60 : 0;
001A61 : 0;
001A62 : 0;
001A63 : 0;
001A64 : 0;
001A65 : 0;
001A66 : 0;
001A67 : 0;
001A68 : 0;
001A69 : 0;
001A6A : 0;
001A6B : 0;
001A6C : 0;
001A6D : 0;
001A6E : 0;
001A6F : 0;
001A70 : 0;
001A71 : 0;
001A72 : 0;
001A73 : 0;
001A74 : 0;
001A75 : 0;
001A76 : 0;
001A77 : 0;
001A78 : 0;
001A79 : 0;
001A7A : 0;
001A7B : 0;
001A7C : 0;
001A7D : 0;
001A7E : 0;
001A7F : 0;
001A80 : 0;
001A81 : 0;
001A82 : 0;
001A83 : 0;
001A84 : 0;
001A85 : 0;
001A86 : 0;
001A87 : 0;
001A88 : 0;
001A89 : 0;
001A8A : 0;
001A8B : 0;
001A8C : 0;
001A8D : 0;
001A8E : 0;
001A8F : 0;
001A90 : 0;
001A91 : 0;
001A92 : 0;
001A93 : 0;
001A94 : 0;
001A95 : 0;
001A96 : 0;
001A97 : 0;
001A98 : 0;
001A99 : 0;
001A9A : 0;
001A9B : 0;
001A9C : 0;
001A9D : 0;
001A9E : 0;
001A9F : 0;
001AA0 : 0;
001AA1 : 0;
001AA2 : 0;
001AA3 : 0;
001AA4 : 0;
001AA5 : 0;
001AA6 : 0;
001AA7 : 0;
001AA8 : 0;
001AA9 : 0;
001AAA : 0;
001AAB : 0;
001AAC : 0;
001AAD : 0;
001AAE : 0;
001AAF : 0;
001AB0 : 0;
001AB1 : 0;
001AB2 : 0;
001AB3 : 0;
001AB4 : 0;
001AB5 : 0;
001AB6 : 0;
001AB7 : 0;
001AB8 : 0;
001AB9 : 0;
001ABA : 0;
001ABB : 0;
001ABC : 0;
001ABD : 0;
001ABE : 0;
001ABF : 0;
001AC0 : 0;
001AC1 : 0;
001AC2 : 0;
001AC3 : 0;
001AC4 : 0;
001AC5 : 0;
001AC6 : 0;
001AC7 : 0;
001AC8 : 0;
001AC9 : 0;
001ACA : 0;
001ACB : 0;
001ACC : 0;
001ACD : 0;
001ACE : 0;
001ACF : 0;
001AD0 : 0;
001AD1 : 0;
001AD2 : 0;
001AD3 : 0;
001AD4 : 0;
001AD5 : 0;
001AD6 : 0;
001AD7 : 0;
001AD8 : 0;
001AD9 : 0;
001ADA : 0;
001ADB : 0;
001ADC : 0;
001ADD : 0;
001ADE : 0;
001ADF : 0;
001AE0 : 0;
001AE1 : 0;
001AE2 : 0;
001AE3 : 0;
001AE4 : 0;
001AE5 : 0;
001AE6 : 0;
001AE7 : 0;
001AE8 : 0;
001AE9 : 0;
001AEA : 0;
001AEB : 0;
001AEC : 3;
001AED : 3;
001AEE : 3;
001AEF : 3;
001AF0 : 3;
001AF1 : 3;
001AF2 : 3;
001AF3 : 3;
001AF4 : 3;
001AF5 : 3;
001AF6 : 3;
001AF7 : 3;
001AF8 : 3;
001AF9 : 3;
001AFA : 3;
001AFB : 3;
001AFC : 3;
001AFD : 3;
001AFE : 0;
001AFF : 0;
001B00 : 0;
001B01 : 0;
001B02 : 0;
001B03 : 0;
001B04 : 0;
001B05 : 0;
001B06 : 0;
001B07 : 0;
001B08 : 0;
001B09 : 0;
001B0A : 0;
001B0B : 0;
001B0C : 0;
001B0D : 0;
001B0E : 0;
001B0F : 0;
001B10 : 0;
001B11 : 0;
001B12 : 0;
001B13 : 0;
001B14 : 0;
001B15 : 0;
001B16 : 0;
001B17 : 0;
001B18 : 0;
001B19 : 0;
001B1A : 0;
001B1B : 0;
001B1C : 0;
001B1D : 0;
001B1E : 0;
001B1F : 0;
001B20 : 0;
001B21 : 0;
001B22 : 0;
001B23 : 0;
001B24 : 0;
001B25 : 0;
001B26 : 0;
001B27 : 0;
001B28 : 0;
001B29 : 0;
001B2A : 0;
001B2B : 0;
001B2C : 0;
001B2D : 0;
001B2E : 0;
001B2F : 0;
001B30 : 0;
001B31 : 0;
001B32 : 0;
001B33 : 0;
001B34 : 0;
001B35 : 0;
001B36 : 0;
001B37 : 0;
001B38 : 0;
001B39 : 0;
001B3A : 0;
001B3B : 0;
001B3C : 0;
001B3D : 0;
001B3E : 0;
001B3F : 0;
001B40 : 0;
001B41 : 0;
001B42 : 0;
001B43 : 0;
001B44 : 0;
001B45 : 0;
001B46 : 0;
001B47 : 0;
001B48 : 0;
001B49 : 0;
001B4A : 0;
001B4B : 0;
001B4C : 0;
001B4D : 0;
001B4E : 0;
001B4F : 0;
001B50 : 0;
001B51 : 0;
001B52 : 0;
001B53 : 0;
001B54 : 0;
001B55 : 0;
001B56 : 0;
001B57 : 0;
001B58 : 0;
001B59 : 0;
001B5A : 0;
001B5B : 0;
001B5C : 0;
001B5D : 0;
001B5E : 0;
001B5F : 0;
001B60 : 0;
001B61 : 0;
001B62 : 0;
001B63 : 0;
001B64 : 0;
001B65 : 0;
001B66 : 0;
001B67 : 0;
001B68 : 0;
001B69 : 0;
001B6A : 0;
001B6B : 0;
001B6C : 0;
001B6D : 0;
001B6E : 0;
001B6F : 0;
001B70 : 0;
001B71 : 0;
001B72 : 0;
001B73 : 0;
001B74 : 0;
001B75 : 0;
001B76 : 0;
001B77 : 0;
001B78 : 0;
001B79 : 0;
001B7A : 0;
001B7B : 0;
001B7C : 0;
001B7D : 0;
001B7E : 0;
001B7F : 0;
001B80 : 0;
001B81 : 0;
001B82 : 0;
001B83 : 0;
001B84 : 0;
001B85 : 0;
001B86 : 0;
001B87 : 0;
001B88 : 0;
001B89 : 0;
001B8A : 0;
001B8B : 0;
001B8C : 0;
001B8D : 0;
001B8E : 0;
001B8F : 0;
001B90 : 0;
001B91 : 0;
001B92 : 0;
001B93 : 0;
001B94 : 0;
001B95 : 0;
001B96 : 0;
001B97 : 0;
001B98 : 0;
001B99 : 0;
001B9A : 0;
001B9B : 0;
001B9C : 0;
001B9D : 0;
001B9E : 0;
001B9F : 0;
001BA0 : 0;
001BA1 : 0;
001BA2 : 0;
001BA3 : 0;
001BA4 : 0;
001BA5 : 0;
001BA6 : 0;
001BA7 : 0;
001BA8 : 0;
001BA9 : 0;
001BAA : 0;
001BAB : 0;
001BAC : 0;
001BAD : 0;
001BAE : 3;
001BAF : 3;
001BB0 : 3;
001BB1 : 3;
001BB2 : 3;
001BB3 : 3;
001BB4 : 3;
001BB5 : 3;
001BB6 : 3;
001BB7 : 3;
001BB8 : 3;
001BB9 : 3;
001BBA : 3;
001BBB : 3;
001BBC : 3;
001BBD : 3;
001BBE : 3;
001BBF : 3;
001BC0 : 3;
001BC1 : 3;
001BC2 : 3;
001BC3 : 3;
001BC4 : 3;
001BC5 : 3;
001BC6 : 3;
001BC7 : 3;
001BC8 : 3;
001BC9 : 3;
001BCA : 3;
001BCB : 0;
001BCC : 0;
001BCD : 0;
001BCE : 0;
001BCF : 0;
001BD0 : 0;
001BD1 : 0;
001BD2 : 0;
001BD3 : 0;
001BD4 : 0;
001BD5 : 0;
001BD6 : 0;
001BD7 : 0;
001BD8 : 0;
001BD9 : 0;
001BDA : 0;
001BDB : 0;
001BDC : 0;
001BDD : 0;
001BDE : 0;
001BDF : 0;
001BE0 : 0;
001BE1 : 0;
001BE2 : 0;
001BE3 : 0;
001BE4 : 0;
001BE5 : 0;
001BE6 : 0;
001BE7 : 0;
001BE8 : 0;
001BE9 : 0;
001BEA : 0;
001BEB : 0;
001BEC : 0;
001BED : 0;
001BEE : 0;
001BEF : 0;
001BF0 : 0;
001BF1 : 0;
001BF2 : 0;
001BF3 : 0;
001BF4 : 0;
001BF5 : 0;
001BF6 : 0;
001BF7 : 0;
001BF8 : 0;
001BF9 : 0;
001BFA : 0;
001BFB : 0;
001BFC : 0;
001BFD : 0;
001BFE : 0;
001BFF : 0;
001C00 : 0;
001C01 : 0;
001C02 : 0;
001C03 : 0;
001C04 : 0;
001C05 : 0;
001C06 : 0;
001C07 : 0;
001C08 : 0;
001C09 : 0;
001C0A : 0;
001C0B : 0;
001C0C : 0;
001C0D : 0;
001C0E : 0;
001C0F : 0;
001C10 : 0;
001C11 : 0;
001C12 : 0;
001C13 : 0;
001C14 : 0;
001C15 : 0;
001C16 : 0;
001C17 : 0;
001C18 : 0;
001C19 : 0;
001C1A : 0;
001C1B : 0;
001C1C : 0;
001C1D : 0;
001C1E : 0;
001C1F : 0;
001C20 : 0;
001C21 : 0;
001C22 : 0;
001C23 : 0;
001C24 : 0;
001C25 : 0;
001C26 : 0;
001C27 : 0;
001C28 : 0;
001C29 : 0;
001C2A : 0;
001C2B : 0;
001C2C : 0;
001C2D : 0;
001C2E : 0;
001C2F : 0;
001C30 : 0;
001C31 : 0;
001C32 : 0;
001C33 : 0;
001C34 : 0;
001C35 : 0;
001C36 : 0;
001C37 : 0;
001C38 : 0;
001C39 : 0;
001C3A : 0;
001C3B : 0;
001C3C : 0;
001C3D : 0;
001C3E : 0;
001C3F : 0;
001C40 : 0;
001C41 : 0;
001C42 : 0;
001C43 : 0;
001C44 : 0;
001C45 : 0;
001C46 : 0;
001C47 : 0;
001C48 : 0;
001C49 : 0;
001C4A : 0;
001C4B : 0;
001C4C : 0;
001C4D : 0;
001C4E : 0;
001C4F : 0;
001C50 : 0;
001C51 : 0;
001C52 : 0;
001C53 : 0;
001C54 : 0;
001C55 : 0;
001C56 : 0;
001C57 : 0;
001C58 : 0;
001C59 : 0;
001C5A : 0;
001C5B : 0;
001C5C : 0;
001C5D : 0;
001C5E : 0;
001C5F : 0;
001C60 : 0;
001C61 : 0;
001C62 : 0;
001C63 : 0;
001C64 : 0;
001C65 : 0;
001C66 : 0;
001C67 : 0;
001C68 : 0;
001C69 : 0;
001C6A : 0;
001C6B : 0;
001C6C : 0;
001C6D : 0;
001C6E : 0;
001C6F : 0;
001C70 : 0;
001C71 : 0;
001C72 : 3;
001C73 : 3;
001C74 : 3;
001C75 : 3;
001C76 : 3;
001C77 : 3;
001C78 : 3;
001C79 : 3;
001C7A : 3;
001C7B : 3;
001C7C : 3;
001C7D : 3;
001C7E : 3;
001C7F : 3;
001C80 : 3;
001C81 : 3;
001C82 : 3;
001C83 : 3;
001C84 : 3;
001C85 : 3;
001C86 : 3;
001C87 : 3;
001C88 : 3;
001C89 : 3;
001C8A : 3;
001C8B : 3;
001C8C : 3;
001C8D : 3;
001C8E : 3;
001C8F : 3;
001C90 : 3;
001C91 : 3;
001C92 : 3;
001C93 : 3;
001C94 : 3;
001C95 : 3;
001C96 : 3;
001C97 : 0;
001C98 : 0;
001C99 : 0;
001C9A : 0;
001C9B : 0;
001C9C : 0;
001C9D : 0;
001C9E : 0;
001C9F : 0;
001CA0 : 0;
001CA1 : 0;
001CA2 : 0;
001CA3 : 0;
001CA4 : 0;
001CA5 : 0;
001CA6 : 0;
001CA7 : 0;
001CA8 : 0;
001CA9 : 0;
001CAA : 0;
001CAB : 0;
001CAC : 0;
001CAD : 0;
001CAE : 0;
001CAF : 0;
001CB0 : 0;
001CB1 : 0;
001CB2 : 0;
001CB3 : 0;
001CB4 : 0;
001CB5 : 0;
001CB6 : 0;
001CB7 : 0;
001CB8 : 0;
001CB9 : 0;
001CBA : 0;
001CBB : 0;
001CBC : 0;
001CBD : 0;
001CBE : 0;
001CBF : 0;
001CC0 : 0;
001CC1 : 0;
001CC2 : 0;
001CC3 : 0;
001CC4 : 0;
001CC5 : 0;
001CC6 : 0;
001CC7 : 0;
001CC8 : 0;
001CC9 : 0;
001CCA : 0;
001CCB : 0;
001CCC : 0;
001CCD : 0;
001CCE : 0;
001CCF : 0;
001CD0 : 0;
001CD1 : 0;
001CD2 : 0;
001CD3 : 0;
001CD4 : 0;
001CD5 : 0;
001CD6 : 0;
001CD7 : 0;
001CD8 : 0;
001CD9 : 0;
001CDA : 0;
001CDB : 0;
001CDC : 0;
001CDD : 0;
001CDE : 0;
001CDF : 0;
001CE0 : 0;
001CE1 : 0;
001CE2 : 0;
001CE3 : 0;
001CE4 : 0;
001CE5 : 0;
001CE6 : 0;
001CE7 : 0;
001CE8 : 0;
001CE9 : 0;
001CEA : 0;
001CEB : 0;
001CEC : 0;
001CED : 0;
001CEE : 0;
001CEF : 0;
001CF0 : 0;
001CF1 : 0;
001CF2 : 0;
001CF3 : 0;
001CF4 : 0;
001CF5 : 0;
001CF6 : 0;
001CF7 : 0;
001CF8 : 0;
001CF9 : 0;
001CFA : 0;
001CFB : 0;
001CFC : 0;
001CFD : 0;
001CFE : 0;
001CFF : 0;
001D00 : 0;
001D01 : 0;
001D02 : 0;
001D03 : 0;
001D04 : 0;
001D05 : 0;
001D06 : 0;
001D07 : 0;
001D08 : 0;
001D09 : 0;
001D0A : 0;
001D0B : 0;
001D0C : 0;
001D0D : 0;
001D0E : 0;
001D0F : 0;
001D10 : 0;
001D11 : 0;
001D12 : 0;
001D13 : 0;
001D14 : 0;
001D15 : 0;
001D16 : 0;
001D17 : 0;
001D18 : 0;
001D19 : 0;
001D1A : 0;
001D1B : 0;
001D1C : 0;
001D1D : 0;
001D1E : 0;
001D1F : 0;
001D20 : 0;
001D21 : 0;
001D22 : 0;
001D23 : 0;
001D24 : 0;
001D25 : 0;
001D26 : 0;
001D27 : 0;
001D28 : 0;
001D29 : 0;
001D2A : 0;
001D2B : 0;
001D2C : 0;
001D2D : 0;
001D2E : 0;
001D2F : 0;
001D30 : 0;
001D31 : 0;
001D32 : 0;
001D33 : 0;
001D34 : 0;
001D35 : 0;
001D36 : 0;
001D37 : 3;
001D38 : 3;
001D39 : 3;
001D3A : 3;
001D3B : 3;
001D3C : 3;
001D3D : 3;
001D3E : 3;
001D3F : 3;
001D40 : 3;
001D41 : 3;
001D42 : 3;
001D43 : 3;
001D44 : 3;
001D45 : 3;
001D46 : 3;
001D47 : 3;
001D48 : 3;
001D49 : 3;
001D4A : 3;
001D4B : 3;
001D4C : 3;
001D4D : 3;
001D4E : 3;
001D4F : 3;
001D50 : 3;
001D51 : 3;
001D52 : 3;
001D53 : 3;
001D54 : 3;
001D55 : 3;
001D56 : 3;
001D57 : 3;
001D58 : 3;
001D59 : 3;
001D5A : 3;
001D5B : 3;
001D5C : 3;
001D5D : 3;
001D5E : 3;
001D5F : 3;
001D60 : 3;
001D61 : 3;
001D62 : 0;
001D63 : 0;
001D64 : 0;
001D65 : 0;
001D66 : 0;
001D67 : 0;
001D68 : 0;
001D69 : 0;
001D6A : 0;
001D6B : 0;
001D6C : 0;
001D6D : 0;
001D6E : 0;
001D6F : 0;
001D70 : 0;
001D71 : 0;
001D72 : 0;
001D73 : 0;
001D74 : 0;
001D75 : 0;
001D76 : 0;
001D77 : 0;
001D78 : 0;
001D79 : 0;
001D7A : 0;
001D7B : 0;
001D7C : 0;
001D7D : 0;
001D7E : 0;
001D7F : 0;
001D80 : 0;
001D81 : 0;
001D82 : 0;
001D83 : 0;
001D84 : 0;
001D85 : 0;
001D86 : 0;
001D87 : 0;
001D88 : 0;
001D89 : 0;
001D8A : 0;
001D8B : 0;
001D8C : 0;
001D8D : 0;
001D8E : 0;
001D8F : 0;
001D90 : 0;
001D91 : 0;
001D92 : 0;
001D93 : 0;
001D94 : 0;
001D95 : 0;
001D96 : 0;
001D97 : 0;
001D98 : 0;
001D99 : 0;
001D9A : 0;
001D9B : 0;
001D9C : 0;
001D9D : 0;
001D9E : 0;
001D9F : 0;
001DA0 : 0;
001DA1 : 0;
001DA2 : 0;
001DA3 : 0;
001DA4 : 0;
001DA5 : 0;
001DA6 : 0;
001DA7 : 0;
001DA8 : 0;
001DA9 : 0;
001DAA : 0;
001DAB : 0;
001DAC : 0;
001DAD : 0;
001DAE : 0;
001DAF : 0;
001DB0 : 0;
001DB1 : 0;
001DB2 : 0;
001DB3 : 0;
001DB4 : 0;
001DB5 : 0;
001DB6 : 0;
001DB7 : 0;
001DB8 : 0;
001DB9 : 0;
001DBA : 0;
001DBB : 0;
001DBC : 0;
001DBD : 0;
001DBE : 0;
001DBF : 0;
001DC0 : 0;
001DC1 : 0;
001DC2 : 0;
001DC3 : 0;
001DC4 : 0;
001DC5 : 0;
001DC6 : 0;
001DC7 : 0;
001DC8 : 0;
001DC9 : 0;
001DCA : 0;
001DCB : 0;
001DCC : 0;
001DCD : 0;
001DCE : 0;
001DCF : 0;
001DD0 : 0;
001DD1 : 0;
001DD2 : 0;
001DD3 : 0;
001DD4 : 0;
001DD5 : 0;
001DD6 : 0;
001DD7 : 0;
001DD8 : 0;
001DD9 : 0;
001DDA : 0;
001DDB : 0;
001DDC : 0;
001DDD : 0;
001DDE : 0;
001DDF : 0;
001DE0 : 0;
001DE1 : 0;
001DE2 : 0;
001DE3 : 0;
001DE4 : 0;
001DE5 : 0;
001DE6 : 0;
001DE7 : 0;
001DE8 : 0;
001DE9 : 0;
001DEA : 0;
001DEB : 0;
001DEC : 0;
001DED : 0;
001DEE : 0;
001DEF : 0;
001DF0 : 0;
001DF1 : 0;
001DF2 : 0;
001DF3 : 0;
001DF4 : 0;
001DF5 : 0;
001DF6 : 0;
001DF7 : 0;
001DF8 : 0;
001DF9 : 0;
001DFA : 0;
001DFB : 0;
001DFC : 0;
001DFD : 3;
001DFE : 3;
001DFF : 3;
001E00 : 3;
001E01 : 3;
001E02 : 3;
001E03 : 3;
001E04 : 3;
001E05 : 3;
001E06 : 3;
001E07 : 3;
001E08 : 3;
001E09 : 3;
001E0A : 3;
001E0B : 3;
001E0C : 3;
001E0D : 3;
001E0E : 3;
001E0F : 3;
001E10 : 3;
001E11 : 3;
001E12 : 3;
001E13 : 3;
001E14 : 3;
001E15 : 3;
001E16 : 3;
001E17 : 3;
001E18 : 3;
001E19 : 3;
001E1A : 3;
001E1B : 3;
001E1C : 3;
001E1D : 3;
001E1E : 3;
001E1F : 3;
001E20 : 3;
001E21 : 3;
001E22 : 3;
001E23 : 3;
001E24 : 3;
001E25 : 3;
001E26 : 3;
001E27 : 3;
001E28 : 3;
001E29 : 3;
001E2A : 3;
001E2B : 3;
001E2C : 3;
001E2D : 0;
001E2E : 0;
001E2F : 0;
001E30 : 0;
001E31 : 0;
001E32 : 0;
001E33 : 0;
001E34 : 0;
001E35 : 0;
001E36 : 0;
001E37 : 0;
001E38 : 0;
001E39 : 0;
001E3A : 0;
001E3B : 0;
001E3C : 0;
001E3D : 0;
001E3E : 0;
001E3F : 0;
001E40 : 0;
001E41 : 0;
001E42 : 0;
001E43 : 0;
001E44 : 0;
001E45 : 0;
001E46 : 0;
001E47 : 0;
001E48 : 0;
001E49 : 0;
001E4A : 0;
001E4B : 0;
001E4C : 0;
001E4D : 0;
001E4E : 0;
001E4F : 0;
001E50 : 0;
001E51 : 0;
001E52 : 0;
001E53 : 0;
001E54 : 0;
001E55 : 0;
001E56 : 0;
001E57 : 0;
001E58 : 0;
001E59 : 0;
001E5A : 0;
001E5B : 0;
001E5C : 0;
001E5D : 0;
001E5E : 0;
001E5F : 0;
001E60 : 0;
001E61 : 0;
001E62 : 0;
001E63 : 0;
001E64 : 0;
001E65 : 0;
001E66 : 0;
001E67 : 0;
001E68 : 0;
001E69 : 0;
001E6A : 0;
001E6B : 0;
001E6C : 0;
001E6D : 0;
001E6E : 0;
001E6F : 0;
001E70 : 0;
001E71 : 0;
001E72 : 0;
001E73 : 0;
001E74 : 0;
001E75 : 0;
001E76 : 0;
001E77 : 0;
001E78 : 0;
001E79 : 0;
001E7A : 0;
001E7B : 0;
001E7C : 0;
001E7D : 0;
001E7E : 0;
001E7F : 0;
001E80 : 0;
001E81 : 0;
001E82 : 0;
001E83 : 0;
001E84 : 0;
001E85 : 0;
001E86 : 0;
001E87 : 0;
001E88 : 0;
001E89 : 0;
001E8A : 0;
001E8B : 0;
001E8C : 0;
001E8D : 0;
001E8E : 0;
001E8F : 0;
001E90 : 0;
001E91 : 0;
001E92 : 0;
001E93 : 0;
001E94 : 0;
001E95 : 0;
001E96 : 0;
001E97 : 0;
001E98 : 0;
001E99 : 0;
001E9A : 0;
001E9B : 0;
001E9C : 0;
001E9D : 0;
001E9E : 0;
001E9F : 0;
001EA0 : 0;
001EA1 : 0;
001EA2 : 0;
001EA3 : 0;
001EA4 : 0;
001EA5 : 0;
001EA6 : 0;
001EA7 : 0;
001EA8 : 0;
001EA9 : 0;
001EAA : 0;
001EAB : 0;
001EAC : 0;
001EAD : 0;
001EAE : 0;
001EAF : 0;
001EB0 : 0;
001EB1 : 0;
001EB2 : 0;
001EB3 : 0;
001EB4 : 0;
001EB5 : 0;
001EB6 : 0;
001EB7 : 0;
001EB8 : 0;
001EB9 : 0;
001EBA : 0;
001EBB : 0;
001EBC : 0;
001EBD : 0;
001EBE : 0;
001EBF : 0;
001EC0 : 0;
001EC1 : 0;
001EC2 : 3;
001EC3 : 3;
001EC4 : 3;
001EC5 : 3;
001EC6 : 3;
001EC7 : 3;
001EC8 : 3;
001EC9 : 3;
001ECA : 3;
001ECB : 3;
001ECC : 3;
001ECD : 3;
001ECE : 3;
001ECF : 3;
001ED0 : 3;
001ED1 : 3;
001ED2 : 3;
001ED3 : 3;
001ED4 : 3;
001ED5 : 3;
001ED6 : 3;
001ED7 : 3;
001ED8 : 3;
001ED9 : 3;
001EDA : 3;
001EDB : 3;
001EDC : 3;
001EDD : 3;
001EDE : 3;
001EDF : 3;
001EE0 : 3;
001EE1 : 3;
001EE2 : 3;
001EE3 : 3;
001EE4 : 3;
001EE5 : 3;
001EE6 : 3;
001EE7 : 3;
001EE8 : 3;
001EE9 : 3;
001EEA : 3;
001EEB : 3;
001EEC : 3;
001EED : 3;
001EEE : 3;
001EEF : 3;
001EF0 : 3;
001EF1 : 3;
001EF2 : 3;
001EF3 : 3;
001EF4 : 3;
001EF5 : 3;
001EF6 : 3;
001EF7 : 0;
001EF8 : 0;
001EF9 : 0;
001EFA : 0;
001EFB : 0;
001EFC : 0;
001EFD : 0;
001EFE : 0;
001EFF : 0;
001F00 : 0;
001F01 : 0;
001F02 : 0;
001F03 : 0;
001F04 : 0;
001F05 : 0;
001F06 : 0;
001F07 : 0;
001F08 : 0;
001F09 : 0;
001F0A : 0;
001F0B : 0;
001F0C : 0;
001F0D : 0;
001F0E : 0;
001F0F : 0;
001F10 : 0;
001F11 : 0;
001F12 : 0;
001F13 : 0;
001F14 : 0;
001F15 : 0;
001F16 : 0;
001F17 : 0;
001F18 : 0;
001F19 : 0;
001F1A : 0;
001F1B : 0;
001F1C : 0;
001F1D : 0;
001F1E : 0;
001F1F : 0;
001F20 : 0;
001F21 : 0;
001F22 : 0;
001F23 : 0;
001F24 : 0;
001F25 : 0;
001F26 : 0;
001F27 : 0;
001F28 : 0;
001F29 : 0;
001F2A : 0;
001F2B : 0;
001F2C : 0;
001F2D : 0;
001F2E : 0;
001F2F : 0;
001F30 : 0;
001F31 : 0;
001F32 : 0;
001F33 : 0;
001F34 : 0;
001F35 : 0;
001F36 : 0;
001F37 : 0;
001F38 : 0;
001F39 : 0;
001F3A : 0;
001F3B : 0;
001F3C : 0;
001F3D : 0;
001F3E : 0;
001F3F : 0;
001F40 : 0;
001F41 : 0;
001F42 : 0;
001F43 : 0;
001F44 : 0;
001F45 : 0;
001F46 : 0;
001F47 : 0;
001F48 : 0;
001F49 : 0;
001F4A : 0;
001F4B : 0;
001F4C : 0;
001F4D : 0;
001F4E : 0;
001F4F : 0;
001F50 : 0;
001F51 : 0;
001F52 : 0;
001F53 : 0;
001F54 : 0;
001F55 : 0;
001F56 : 0;
001F57 : 0;
001F58 : 0;
001F59 : 0;
001F5A : 0;
001F5B : 0;
001F5C : 0;
001F5D : 0;
001F5E : 0;
001F5F : 0;
001F60 : 0;
001F61 : 0;
001F62 : 0;
001F63 : 0;
001F64 : 0;
001F65 : 0;
001F66 : 0;
001F67 : 0;
001F68 : 0;
001F69 : 0;
001F6A : 0;
001F6B : 0;
001F6C : 0;
001F6D : 0;
001F6E : 0;
001F6F : 0;
001F70 : 0;
001F71 : 0;
001F72 : 0;
001F73 : 0;
001F74 : 0;
001F75 : 0;
001F76 : 0;
001F77 : 0;
001F78 : 0;
001F79 : 0;
001F7A : 0;
001F7B : 0;
001F7C : 0;
001F7D : 0;
001F7E : 0;
001F7F : 0;
001F80 : 0;
001F81 : 0;
001F82 : 0;
001F83 : 0;
001F84 : 0;
001F85 : 0;
001F86 : 0;
001F87 : 0;
001F88 : 3;
001F89 : 3;
001F8A : 3;
001F8B : 3;
001F8C : 3;
001F8D : 3;
001F8E : 3;
001F8F : 3;
001F90 : 3;
001F91 : 3;
001F92 : 3;
001F93 : 3;
001F94 : 3;
001F95 : 3;
001F96 : 3;
001F97 : 3;
001F98 : 3;
001F99 : 3;
001F9A : 3;
001F9B : 3;
001F9C : 3;
001F9D : 3;
001F9E : 3;
001F9F : 3;
001FA0 : 3;
001FA1 : 3;
001FA2 : 3;
001FA3 : 3;
001FA4 : 3;
001FA5 : 3;
001FA6 : 3;
001FA7 : 3;
001FA8 : 3;
001FA9 : 3;
001FAA : 3;
001FAB : 3;
001FAC : 3;
001FAD : 3;
001FAE : 3;
001FAF : 3;
001FB0 : 3;
001FB1 : 3;
001FB2 : 3;
001FB3 : 3;
001FB4 : 3;
001FB5 : 3;
001FB6 : 3;
001FB7 : 3;
001FB8 : 3;
001FB9 : 3;
001FBA : 3;
001FBB : 3;
001FBC : 3;
001FBD : 3;
001FBE : 3;
001FBF : 3;
001FC0 : 3;
001FC1 : 0;
001FC2 : 0;
001FC3 : 0;
001FC4 : 0;
001FC5 : 0;
001FC6 : 0;
001FC7 : 0;
001FC8 : 0;
001FC9 : 0;
001FCA : 0;
001FCB : 0;
001FCC : 0;
001FCD : 0;
001FCE : 0;
001FCF : 0;
001FD0 : 0;
001FD1 : 0;
001FD2 : 0;
001FD3 : 0;
001FD4 : 0;
001FD5 : 0;
001FD6 : 0;
001FD7 : 0;
001FD8 : 0;
001FD9 : 0;
001FDA : 0;
001FDB : 0;
001FDC : 0;
001FDD : 0;
001FDE : 0;
001FDF : 0;
001FE0 : 0;
001FE1 : 0;
001FE2 : 0;
001FE3 : 0;
001FE4 : 0;
001FE5 : 0;
001FE6 : 0;
001FE7 : 0;
001FE8 : 0;
001FE9 : 0;
001FEA : 0;
001FEB : 0;
001FEC : 0;
001FED : 0;
001FEE : 0;
001FEF : 0;
001FF0 : 0;
001FF1 : 0;
001FF2 : 0;
001FF3 : 0;
001FF4 : 0;
001FF5 : 0;
001FF6 : 0;
001FF7 : 0;
001FF8 : 0;
001FF9 : 0;
001FFA : 0;
001FFB : 0;
001FFC : 0;
001FFD : 0;
001FFE : 0;
001FFF : 0;
002000 : 0;
002001 : 0;
002002 : 0;
002003 : 0;
002004 : 0;
002005 : 0;
002006 : 0;
002007 : 0;
002008 : 0;
002009 : 0;
00200A : 0;
00200B : 0;
00200C : 0;
00200D : 0;
00200E : 0;
00200F : 0;
002010 : 0;
002011 : 0;
002012 : 0;
002013 : 0;
002014 : 0;
002015 : 0;
002016 : 0;
002017 : 0;
002018 : 0;
002019 : 0;
00201A : 0;
00201B : 0;
00201C : 0;
00201D : 0;
00201E : 0;
00201F : 0;
002020 : 0;
002021 : 0;
002022 : 0;
002023 : 0;
002024 : 0;
002025 : 0;
002026 : 0;
002027 : 0;
002028 : 0;
002029 : 0;
00202A : 0;
00202B : 0;
00202C : 0;
00202D : 0;
00202E : 0;
00202F : 0;
002030 : 0;
002031 : 0;
002032 : 0;
002033 : 0;
002034 : 0;
002035 : 0;
002036 : 0;
002037 : 0;
002038 : 0;
002039 : 0;
00203A : 0;
00203B : 0;
00203C : 0;
00203D : 0;
00203E : 0;
00203F : 0;
002040 : 0;
002041 : 0;
002042 : 0;
002043 : 0;
002044 : 0;
002045 : 0;
002046 : 0;
002047 : 0;
002048 : 0;
002049 : 0;
00204A : 0;
00204B : 0;
00204C : 0;
00204D : 0;
00204E : 3;
00204F : 3;
002050 : 3;
002051 : 3;
002052 : 3;
002053 : 3;
002054 : 3;
002055 : 3;
002056 : 3;
002057 : 3;
002058 : 3;
002059 : 3;
00205A : 3;
00205B : 3;
00205C : 3;
00205D : 3;
00205E : 3;
00205F : 3;
002060 : 3;
002061 : 3;
002062 : 3;
002063 : 3;
002064 : 3;
002065 : 3;
002066 : 3;
002067 : 3;
002068 : 3;
002069 : 3;
00206A : 3;
00206B : 3;
00206C : 3;
00206D : 3;
00206E : 3;
00206F : 3;
002070 : 3;
002071 : 3;
002072 : 3;
002073 : 3;
002074 : 3;
002075 : 3;
002076 : 3;
002077 : 3;
002078 : 3;
002079 : 3;
00207A : 3;
00207B : 3;
00207C : 3;
00207D : 3;
00207E : 3;
00207F : 3;
002080 : 3;
002081 : 3;
002082 : 3;
002083 : 3;
002084 : 3;
002085 : 3;
002086 : 3;
002087 : 3;
002088 : 3;
002089 : 3;
00208A : 3;
00208B : 0;
00208C : 0;
00208D : 0;
00208E : 0;
00208F : 0;
002090 : 0;
002091 : 0;
002092 : 0;
002093 : 0;
002094 : 0;
002095 : 0;
002096 : 0;
002097 : 0;
002098 : 0;
002099 : 0;
00209A : 0;
00209B : 0;
00209C : 0;
00209D : 0;
00209E : 0;
00209F : 0;
0020A0 : 0;
0020A1 : 0;
0020A2 : 0;
0020A3 : 0;
0020A4 : 0;
0020A5 : 0;
0020A6 : 0;
0020A7 : 0;
0020A8 : 0;
0020A9 : 0;
0020AA : 0;
0020AB : 0;
0020AC : 0;
0020AD : 0;
0020AE : 0;
0020AF : 0;
0020B0 : 0;
0020B1 : 0;
0020B2 : 0;
0020B3 : 0;
0020B4 : 0;
0020B5 : 0;
0020B6 : 0;
0020B7 : 0;
0020B8 : 0;
0020B9 : 0;
0020BA : 0;
0020BB : 0;
0020BC : 0;
0020BD : 0;
0020BE : 0;
0020BF : 0;
0020C0 : 0;
0020C1 : 0;
0020C2 : 0;
0020C3 : 0;
0020C4 : 0;
0020C5 : 0;
0020C6 : 0;
0020C7 : 0;
0020C8 : 0;
0020C9 : 0;
0020CA : 0;
0020CB : 0;
0020CC : 0;
0020CD : 0;
0020CE : 0;
0020CF : 0;
0020D0 : 0;
0020D1 : 0;
0020D2 : 0;
0020D3 : 0;
0020D4 : 0;
0020D5 : 0;
0020D6 : 0;
0020D7 : 0;
0020D8 : 0;
0020D9 : 0;
0020DA : 0;
0020DB : 0;
0020DC : 0;
0020DD : 0;
0020DE : 0;
0020DF : 0;
0020E0 : 0;
0020E1 : 0;
0020E2 : 0;
0020E3 : 0;
0020E4 : 0;
0020E5 : 0;
0020E6 : 0;
0020E7 : 0;
0020E8 : 0;
0020E9 : 0;
0020EA : 0;
0020EB : 0;
0020EC : 0;
0020ED : 0;
0020EE : 0;
0020EF : 0;
0020F0 : 0;
0020F1 : 0;
0020F2 : 0;
0020F3 : 0;
0020F4 : 0;
0020F5 : 0;
0020F6 : 0;
0020F7 : 0;
0020F8 : 0;
0020F9 : 0;
0020FA : 0;
0020FB : 0;
0020FC : 0;
0020FD : 0;
0020FE : 0;
0020FF : 0;
002100 : 0;
002101 : 0;
002102 : 0;
002103 : 0;
002104 : 0;
002105 : 0;
002106 : 0;
002107 : 0;
002108 : 0;
002109 : 0;
00210A : 0;
00210B : 0;
00210C : 0;
00210D : 0;
00210E : 0;
00210F : 0;
002110 : 0;
002111 : 0;
002112 : 0;
002113 : 0;
002114 : 3;
002115 : 3;
002116 : 3;
002117 : 3;
002118 : 3;
002119 : 3;
00211A : 3;
00211B : 3;
00211C : 3;
00211D : 3;
00211E : 3;
00211F : 3;
002120 : 3;
002121 : 3;
002122 : 3;
002123 : 3;
002124 : 3;
002125 : 3;
002126 : 3;
002127 : 3;
002128 : 3;
002129 : 3;
00212A : 3;
00212B : 3;
00212C : 3;
00212D : 3;
00212E : 3;
00212F : 3;
002130 : 3;
002131 : 3;
002132 : 3;
002133 : 3;
002134 : 3;
002135 : 3;
002136 : 3;
002137 : 3;
002138 : 3;
002139 : 3;
00213A : 3;
00213B : 3;
00213C : 3;
00213D : 3;
00213E : 3;
00213F : 3;
002140 : 3;
002141 : 3;
002142 : 3;
002143 : 3;
002144 : 3;
002145 : 3;
002146 : 3;
002147 : 3;
002148 : 3;
002149 : 3;
00214A : 3;
00214B : 3;
00214C : 3;
00214D : 3;
00214E : 3;
00214F : 3;
002150 : 3;
002151 : 3;
002152 : 3;
002153 : 3;
002154 : 3;
002155 : 0;
002156 : 0;
002157 : 0;
002158 : 0;
002159 : 0;
00215A : 0;
00215B : 0;
00215C : 0;
00215D : 0;
00215E : 0;
00215F : 0;
002160 : 0;
002161 : 0;
002162 : 0;
002163 : 0;
002164 : 0;
002165 : 0;
002166 : 0;
002167 : 0;
002168 : 0;
002169 : 0;
00216A : 0;
00216B : 0;
00216C : 0;
00216D : 0;
00216E : 0;
00216F : 0;
002170 : 0;
002171 : 0;
002172 : 0;
002173 : 0;
002174 : 0;
002175 : 0;
002176 : 0;
002177 : 0;
002178 : 0;
002179 : 0;
00217A : 0;
00217B : 0;
00217C : 0;
00217D : 0;
00217E : 0;
00217F : 0;
002180 : 0;
002181 : 0;
002182 : 0;
002183 : 0;
002184 : 0;
002185 : 0;
002186 : 0;
002187 : 0;
002188 : 0;
002189 : 0;
00218A : 0;
00218B : 0;
00218C : 0;
00218D : 0;
00218E : 0;
00218F : 0;
002190 : 0;
002191 : 0;
002192 : 0;
002193 : 0;
002194 : 0;
002195 : 0;
002196 : 0;
002197 : 0;
002198 : 0;
002199 : 0;
00219A : 0;
00219B : 0;
00219C : 0;
00219D : 0;
00219E : 0;
00219F : 0;
0021A0 : 0;
0021A1 : 0;
0021A2 : 0;
0021A3 : 0;
0021A4 : 0;
0021A5 : 0;
0021A6 : 0;
0021A7 : 0;
0021A8 : 0;
0021A9 : 0;
0021AA : 0;
0021AB : 0;
0021AC : 0;
0021AD : 0;
0021AE : 0;
0021AF : 0;
0021B0 : 0;
0021B1 : 0;
0021B2 : 0;
0021B3 : 0;
0021B4 : 0;
0021B5 : 0;
0021B6 : 0;
0021B7 : 0;
0021B8 : 0;
0021B9 : 0;
0021BA : 0;
0021BB : 0;
0021BC : 0;
0021BD : 0;
0021BE : 0;
0021BF : 0;
0021C0 : 0;
0021C1 : 0;
0021C2 : 0;
0021C3 : 0;
0021C4 : 0;
0021C5 : 0;
0021C6 : 0;
0021C7 : 0;
0021C8 : 0;
0021C9 : 0;
0021CA : 0;
0021CB : 0;
0021CC : 0;
0021CD : 0;
0021CE : 0;
0021CF : 0;
0021D0 : 0;
0021D1 : 0;
0021D2 : 0;
0021D3 : 0;
0021D4 : 0;
0021D5 : 0;
0021D6 : 0;
0021D7 : 0;
0021D8 : 0;
0021D9 : 0;
0021DA : 3;
0021DB : 3;
0021DC : 3;
0021DD : 3;
0021DE : 3;
0021DF : 3;
0021E0 : 3;
0021E1 : 3;
0021E2 : 3;
0021E3 : 3;
0021E4 : 3;
0021E5 : 3;
0021E6 : 3;
0021E7 : 3;
0021E8 : 3;
0021E9 : 3;
0021EA : 3;
0021EB : 3;
0021EC : 3;
0021ED : 3;
0021EE : 3;
0021EF : 3;
0021F0 : 3;
0021F1 : 3;
0021F2 : 3;
0021F3 : 3;
0021F4 : 3;
0021F5 : 3;
0021F6 : 3;
0021F7 : 3;
0021F8 : 3;
0021F9 : 3;
0021FA : 3;
0021FB : 3;
0021FC : 3;
0021FD : 3;
0021FE : 3;
0021FF : 3;
002200 : 3;
002201 : 3;
002202 : 3;
002203 : 3;
002204 : 3;
002205 : 3;
002206 : 3;
002207 : 3;
002208 : 3;
002209 : 3;
00220A : 3;
00220B : 3;
00220C : 3;
00220D : 3;
00220E : 3;
00220F : 3;
002210 : 3;
002211 : 3;
002212 : 3;
002213 : 3;
002214 : 3;
002215 : 3;
002216 : 3;
002217 : 3;
002218 : 3;
002219 : 3;
00221A : 3;
00221B : 3;
00221C : 3;
00221D : 3;
00221E : 3;
00221F : 0;
002220 : 0;
002221 : 0;
002222 : 0;
002223 : 0;
002224 : 0;
002225 : 0;
002226 : 0;
002227 : 0;
002228 : 0;
002229 : 0;
00222A : 0;
00222B : 0;
00222C : 0;
00222D : 0;
00222E : 0;
00222F : 0;
002230 : 0;
002231 : 0;
002232 : 0;
002233 : 0;
002234 : 0;
002235 : 0;
002236 : 0;
002237 : 0;
002238 : 0;
002239 : 0;
00223A : 0;
00223B : 0;
00223C : 0;
00223D : 0;
00223E : 0;
00223F : 0;
002240 : 0;
002241 : 0;
002242 : 0;
002243 : 0;
002244 : 0;
002245 : 0;
002246 : 0;
002247 : 0;
002248 : 0;
002249 : 0;
00224A : 0;
00224B : 0;
00224C : 0;
00224D : 0;
00224E : 0;
00224F : 0;
002250 : 0;
002251 : 0;
002252 : 0;
002253 : 0;
002254 : 0;
002255 : 0;
002256 : 0;
002257 : 0;
002258 : 0;
002259 : 0;
00225A : 0;
00225B : 0;
00225C : 0;
00225D : 0;
00225E : 0;
00225F : 0;
002260 : 0;
002261 : 0;
002262 : 0;
002263 : 0;
002264 : 0;
002265 : 0;
002266 : 0;
002267 : 0;
002268 : 0;
002269 : 0;
00226A : 0;
00226B : 0;
00226C : 0;
00226D : 0;
00226E : 0;
00226F : 0;
002270 : 0;
002271 : 0;
002272 : 0;
002273 : 0;
002274 : 0;
002275 : 0;
002276 : 0;
002277 : 0;
002278 : 0;
002279 : 0;
00227A : 0;
00227B : 0;
00227C : 0;
00227D : 0;
00227E : 0;
00227F : 0;
002280 : 0;
002281 : 0;
002282 : 0;
002283 : 0;
002284 : 0;
002285 : 0;
002286 : 0;
002287 : 0;
002288 : 0;
002289 : 0;
00228A : 0;
00228B : 0;
00228C : 0;
00228D : 0;
00228E : 0;
00228F : 0;
002290 : 0;
002291 : 0;
002292 : 0;
002293 : 0;
002294 : 0;
002295 : 0;
002296 : 0;
002297 : 0;
002298 : 0;
002299 : 0;
00229A : 0;
00229B : 0;
00229C : 0;
00229D : 0;
00229E : 0;
00229F : 0;
0022A0 : 0;
0022A1 : 3;
0022A2 : 3;
0022A3 : 3;
0022A4 : 3;
0022A5 : 3;
0022A6 : 3;
0022A7 : 3;
0022A8 : 3;
0022A9 : 3;
0022AA : 3;
0022AB : 3;
0022AC : 3;
0022AD : 3;
0022AE : 3;
0022AF : 3;
0022B0 : 3;
0022B1 : 3;
0022B2 : 3;
0022B3 : 3;
0022B4 : 3;
0022B5 : 3;
0022B6 : 3;
0022B7 : 3;
0022B8 : 3;
0022B9 : 3;
0022BA : 3;
0022BB : 3;
0022BC : 3;
0022BD : 3;
0022BE : 3;
0022BF : 3;
0022C0 : 0;
0022C1 : 3;
0022C2 : 3;
0022C3 : 3;
0022C4 : 3;
0022C5 : 3;
0022C6 : 3;
0022C7 : 0;
0022C8 : 0;
0022C9 : 0;
0022CA : 0;
0022CB : 3;
0022CC : 3;
0022CD : 3;
0022CE : 3;
0022CF : 3;
0022D0 : 3;
0022D1 : 3;
0022D2 : 3;
0022D3 : 3;
0022D4 : 3;
0022D5 : 3;
0022D6 : 3;
0022D7 : 3;
0022D8 : 3;
0022D9 : 3;
0022DA : 3;
0022DB : 3;
0022DC : 3;
0022DD : 3;
0022DE : 3;
0022DF : 3;
0022E0 : 3;
0022E1 : 3;
0022E2 : 3;
0022E3 : 3;
0022E4 : 3;
0022E5 : 3;
0022E6 : 3;
0022E7 : 3;
0022E8 : 3;
0022E9 : 0;
0022EA : 0;
0022EB : 0;
0022EC : 0;
0022ED : 0;
0022EE : 0;
0022EF : 0;
0022F0 : 0;
0022F1 : 0;
0022F2 : 0;
0022F3 : 0;
0022F4 : 0;
0022F5 : 0;
0022F6 : 0;
0022F7 : 0;
0022F8 : 0;
0022F9 : 0;
0022FA : 0;
0022FB : 0;
0022FC : 0;
0022FD : 0;
0022FE : 0;
0022FF : 0;
002300 : 0;
002301 : 0;
002302 : 0;
002303 : 0;
002304 : 0;
002305 : 0;
002306 : 0;
002307 : 0;
002308 : 0;
002309 : 0;
00230A : 0;
00230B : 0;
00230C : 0;
00230D : 0;
00230E : 0;
00230F : 0;
002310 : 0;
002311 : 0;
002312 : 0;
002313 : 0;
002314 : 0;
002315 : 0;
002316 : 0;
002317 : 0;
002318 : 0;
002319 : 0;
00231A : 0;
00231B : 0;
00231C : 0;
00231D : 0;
00231E : 0;
00231F : 0;
002320 : 0;
002321 : 0;
002322 : 0;
002323 : 0;
002324 : 0;
002325 : 0;
002326 : 0;
002327 : 0;
002328 : 0;
002329 : 0;
00232A : 0;
00232B : 0;
00232C : 0;
00232D : 0;
00232E : 0;
00232F : 0;
002330 : 0;
002331 : 0;
002332 : 0;
002333 : 0;
002334 : 0;
002335 : 0;
002336 : 0;
002337 : 0;
002338 : 0;
002339 : 0;
00233A : 0;
00233B : 0;
00233C : 0;
00233D : 0;
00233E : 0;
00233F : 0;
002340 : 0;
002341 : 0;
002342 : 0;
002343 : 0;
002344 : 0;
002345 : 0;
002346 : 0;
002347 : 0;
002348 : 0;
002349 : 0;
00234A : 0;
00234B : 0;
00234C : 0;
00234D : 0;
00234E : 0;
00234F : 0;
002350 : 0;
002351 : 0;
002352 : 0;
002353 : 0;
002354 : 0;
002355 : 0;
002356 : 0;
002357 : 0;
002358 : 0;
002359 : 0;
00235A : 0;
00235B : 0;
00235C : 0;
00235D : 0;
00235E : 0;
00235F : 0;
002360 : 0;
002361 : 0;
002362 : 0;
002363 : 0;
002364 : 0;
002365 : 0;
002366 : 0;
002367 : 3;
002368 : 3;
002369 : 3;
00236A : 3;
00236B : 3;
00236C : 3;
00236D : 3;
00236E : 3;
00236F : 3;
002370 : 3;
002371 : 3;
002372 : 3;
002373 : 3;
002374 : 3;
002375 : 3;
002376 : 3;
002377 : 3;
002378 : 3;
002379 : 3;
00237A : 3;
00237B : 3;
00237C : 3;
00237D : 3;
00237E : 3;
00237F : 3;
002380 : 3;
002381 : 3;
002382 : 0;
002383 : 0;
002384 : 0;
002385 : 0;
002386 : 0;
002387 : 0;
002388 : 0;
002389 : 3;
00238A : 3;
00238B : 3;
00238C : 3;
00238D : 3;
00238E : 3;
00238F : 0;
002390 : 0;
002391 : 0;
002392 : 0;
002393 : 0;
002394 : 0;
002395 : 0;
002396 : 0;
002397 : 0;
002398 : 0;
002399 : 3;
00239A : 3;
00239B : 3;
00239C : 3;
00239D : 3;
00239E : 3;
00239F : 3;
0023A0 : 3;
0023A1 : 3;
0023A2 : 3;
0023A3 : 3;
0023A4 : 3;
0023A5 : 3;
0023A6 : 3;
0023A7 : 3;
0023A8 : 3;
0023A9 : 3;
0023AA : 3;
0023AB : 3;
0023AC : 3;
0023AD : 3;
0023AE : 3;
0023AF : 3;
0023B0 : 3;
0023B1 : 3;
0023B2 : 0;
0023B3 : 0;
0023B4 : 0;
0023B5 : 0;
0023B6 : 0;
0023B7 : 0;
0023B8 : 0;
0023B9 : 0;
0023BA : 0;
0023BB : 0;
0023BC : 0;
0023BD : 0;
0023BE : 0;
0023BF : 0;
0023C0 : 0;
0023C1 : 0;
0023C2 : 0;
0023C3 : 0;
0023C4 : 0;
0023C5 : 0;
0023C6 : 0;
0023C7 : 0;
0023C8 : 0;
0023C9 : 0;
0023CA : 0;
0023CB : 0;
0023CC : 0;
0023CD : 0;
0023CE : 0;
0023CF : 0;
0023D0 : 0;
0023D1 : 0;
0023D2 : 0;
0023D3 : 0;
0023D4 : 0;
0023D5 : 0;
0023D6 : 0;
0023D7 : 0;
0023D8 : 0;
0023D9 : 0;
0023DA : 0;
0023DB : 0;
0023DC : 0;
0023DD : 0;
0023DE : 0;
0023DF : 0;
0023E0 : 0;
0023E1 : 0;
0023E2 : 0;
0023E3 : 0;
0023E4 : 0;
0023E5 : 0;
0023E6 : 0;
0023E7 : 0;
0023E8 : 0;
0023E9 : 0;
0023EA : 0;
0023EB : 0;
0023EC : 0;
0023ED : 0;
0023EE : 0;
0023EF : 0;
0023F0 : 0;
0023F1 : 0;
0023F2 : 0;
0023F3 : 0;
0023F4 : 0;
0023F5 : 0;
0023F6 : 0;
0023F7 : 0;
0023F8 : 0;
0023F9 : 0;
0023FA : 0;
0023FB : 0;
0023FC : 0;
0023FD : 0;
0023FE : 0;
0023FF : 0;
002400 : 0;
002401 : 0;
002402 : 0;
002403 : 0;
002404 : 0;
002405 : 0;
002406 : 0;
002407 : 0;
002408 : 0;
002409 : 0;
00240A : 0;
00240B : 0;
00240C : 0;
00240D : 0;
00240E : 0;
00240F : 0;
002410 : 0;
002411 : 0;
002412 : 0;
002413 : 0;
002414 : 0;
002415 : 0;
002416 : 0;
002417 : 0;
002418 : 0;
002419 : 0;
00241A : 0;
00241B : 0;
00241C : 0;
00241D : 0;
00241E : 0;
00241F : 0;
002420 : 0;
002421 : 0;
002422 : 0;
002423 : 0;
002424 : 0;
002425 : 0;
002426 : 0;
002427 : 0;
002428 : 0;
002429 : 0;
00242A : 0;
00242B : 0;
00242C : 0;
00242D : 0;
00242E : 3;
00242F : 3;
002430 : 3;
002431 : 3;
002432 : 3;
002433 : 3;
002434 : 3;
002435 : 3;
002436 : 3;
002437 : 3;
002438 : 3;
002439 : 3;
00243A : 3;
00243B : 3;
00243C : 3;
00243D : 3;
00243E : 3;
00243F : 3;
002440 : 3;
002441 : 3;
002442 : 3;
002443 : 3;
002444 : 3;
002445 : 3;
002446 : 0;
002447 : 0;
002448 : 0;
002449 : 0;
00244A : 0;
00244B : 0;
00244C : 0;
00244D : 0;
00244E : 0;
00244F : 0;
002450 : 0;
002451 : 3;
002452 : 3;
002453 : 3;
002454 : 3;
002455 : 3;
002456 : 3;
002457 : 0;
002458 : 0;
002459 : 0;
00245A : 0;
00245B : 0;
00245C : 0;
00245D : 0;
00245E : 0;
00245F : 0;
002460 : 0;
002461 : 0;
002462 : 0;
002463 : 0;
002464 : 0;
002465 : 3;
002466 : 3;
002467 : 3;
002468 : 3;
002469 : 3;
00246A : 3;
00246B : 3;
00246C : 3;
00246D : 3;
00246E : 3;
00246F : 3;
002470 : 3;
002471 : 3;
002472 : 3;
002473 : 3;
002474 : 3;
002475 : 3;
002476 : 3;
002477 : 3;
002478 : 3;
002479 : 3;
00247A : 3;
00247B : 3;
00247C : 0;
00247D : 0;
00247E : 0;
00247F : 0;
002480 : 0;
002481 : 0;
002482 : 0;
002483 : 0;
002484 : 0;
002485 : 0;
002486 : 0;
002487 : 0;
002488 : 0;
002489 : 0;
00248A : 0;
00248B : 0;
00248C : 0;
00248D : 0;
00248E : 0;
00248F : 0;
002490 : 0;
002491 : 0;
002492 : 0;
002493 : 0;
002494 : 0;
002495 : 0;
002496 : 0;
002497 : 0;
002498 : 0;
002499 : 0;
00249A : 0;
00249B : 0;
00249C : 0;
00249D : 0;
00249E : 0;
00249F : 0;
0024A0 : 0;
0024A1 : 0;
0024A2 : 0;
0024A3 : 0;
0024A4 : 0;
0024A5 : 0;
0024A6 : 0;
0024A7 : 0;
0024A8 : 0;
0024A9 : 0;
0024AA : 0;
0024AB : 0;
0024AC : 0;
0024AD : 0;
0024AE : 0;
0024AF : 0;
0024B0 : 0;
0024B1 : 0;
0024B2 : 0;
0024B3 : 0;
0024B4 : 0;
0024B5 : 0;
0024B6 : 0;
0024B7 : 0;
0024B8 : 0;
0024B9 : 0;
0024BA : 0;
0024BB : 0;
0024BC : 0;
0024BD : 0;
0024BE : 0;
0024BF : 0;
0024C0 : 0;
0024C1 : 0;
0024C2 : 0;
0024C3 : 0;
0024C4 : 0;
0024C5 : 0;
0024C6 : 0;
0024C7 : 0;
0024C8 : 0;
0024C9 : 0;
0024CA : 0;
0024CB : 0;
0024CC : 0;
0024CD : 0;
0024CE : 0;
0024CF : 0;
0024D0 : 0;
0024D1 : 0;
0024D2 : 0;
0024D3 : 0;
0024D4 : 0;
0024D5 : 0;
0024D6 : 0;
0024D7 : 0;
0024D8 : 0;
0024D9 : 0;
0024DA : 0;
0024DB : 0;
0024DC : 0;
0024DD : 0;
0024DE : 0;
0024DF : 0;
0024E0 : 0;
0024E1 : 0;
0024E2 : 0;
0024E3 : 0;
0024E4 : 0;
0024E5 : 0;
0024E6 : 0;
0024E7 : 0;
0024E8 : 0;
0024E9 : 0;
0024EA : 0;
0024EB : 0;
0024EC : 0;
0024ED : 0;
0024EE : 0;
0024EF : 0;
0024F0 : 0;
0024F1 : 0;
0024F2 : 0;
0024F3 : 0;
0024F4 : 0;
0024F5 : 3;
0024F6 : 3;
0024F7 : 3;
0024F8 : 3;
0024F9 : 3;
0024FA : 3;
0024FB : 3;
0024FC : 3;
0024FD : 3;
0024FE : 3;
0024FF : 3;
002500 : 3;
002501 : 3;
002502 : 3;
002503 : 3;
002504 : 3;
002505 : 3;
002506 : 3;
002507 : 3;
002508 : 3;
002509 : 3;
00250A : 0;
00250B : 0;
00250C : 0;
00250D : 0;
00250E : 0;
00250F : 0;
002510 : 0;
002511 : 0;
002512 : 0;
002513 : 0;
002514 : 0;
002515 : 0;
002516 : 0;
002517 : 0;
002518 : 0;
002519 : 3;
00251A : 3;
00251B : 3;
00251C : 3;
00251D : 3;
00251E : 3;
00251F : 0;
002520 : 0;
002521 : 0;
002522 : 0;
002523 : 0;
002524 : 0;
002525 : 0;
002526 : 0;
002527 : 0;
002528 : 0;
002529 : 0;
00252A : 0;
00252B : 0;
00252C : 0;
00252D : 0;
00252E : 0;
00252F : 0;
002530 : 3;
002531 : 3;
002532 : 3;
002533 : 3;
002534 : 3;
002535 : 3;
002536 : 3;
002537 : 3;
002538 : 3;
002539 : 3;
00253A : 3;
00253B : 3;
00253C : 3;
00253D : 3;
00253E : 3;
00253F : 3;
002540 : 3;
002541 : 3;
002542 : 3;
002543 : 3;
002544 : 3;
002545 : 0;
002546 : 0;
002547 : 0;
002548 : 0;
002549 : 0;
00254A : 0;
00254B : 0;
00254C : 0;
00254D : 0;
00254E : 0;
00254F : 0;
002550 : 0;
002551 : 0;
002552 : 0;
002553 : 0;
002554 : 0;
002555 : 0;
002556 : 0;
002557 : 0;
002558 : 0;
002559 : 0;
00255A : 0;
00255B : 0;
00255C : 0;
00255D : 0;
00255E : 0;
00255F : 0;
002560 : 0;
002561 : 0;
002562 : 0;
002563 : 0;
002564 : 0;
002565 : 0;
002566 : 0;
002567 : 0;
002568 : 0;
002569 : 0;
00256A : 0;
00256B : 0;
00256C : 0;
00256D : 0;
00256E : 0;
00256F : 0;
002570 : 0;
002571 : 0;
002572 : 0;
002573 : 0;
002574 : 0;
002575 : 0;
002576 : 0;
002577 : 0;
002578 : 0;
002579 : 0;
00257A : 0;
00257B : 0;
00257C : 0;
00257D : 0;
00257E : 0;
00257F : 0;
002580 : 0;
002581 : 0;
002582 : 0;
002583 : 0;
002584 : 0;
002585 : 0;
002586 : 0;
002587 : 0;
002588 : 0;
002589 : 0;
00258A : 0;
00258B : 0;
00258C : 0;
00258D : 0;
00258E : 0;
00258F : 0;
002590 : 0;
002591 : 0;
002592 : 0;
002593 : 0;
002594 : 0;
002595 : 0;
002596 : 0;
002597 : 0;
002598 : 0;
002599 : 0;
00259A : 0;
00259B : 0;
00259C : 0;
00259D : 0;
00259E : 0;
00259F : 0;
0025A0 : 0;
0025A1 : 0;
0025A2 : 0;
0025A3 : 0;
0025A4 : 0;
0025A5 : 0;
0025A6 : 0;
0025A7 : 0;
0025A8 : 0;
0025A9 : 0;
0025AA : 0;
0025AB : 0;
0025AC : 0;
0025AD : 0;
0025AE : 0;
0025AF : 0;
0025B0 : 0;
0025B1 : 0;
0025B2 : 0;
0025B3 : 0;
0025B4 : 0;
0025B5 : 0;
0025B6 : 0;
0025B7 : 0;
0025B8 : 0;
0025B9 : 0;
0025BA : 0;
0025BB : 3;
0025BC : 3;
0025BD : 3;
0025BE : 3;
0025BF : 3;
0025C0 : 3;
0025C1 : 3;
0025C2 : 3;
0025C3 : 3;
0025C4 : 3;
0025C5 : 3;
0025C6 : 3;
0025C7 : 3;
0025C8 : 3;
0025C9 : 3;
0025CA : 3;
0025CB : 3;
0025CC : 3;
0025CD : 3;
0025CE : 3;
0025CF : 3;
0025D0 : 0;
0025D1 : 0;
0025D2 : 0;
0025D3 : 0;
0025D4 : 0;
0025D5 : 0;
0025D6 : 0;
0025D7 : 0;
0025D8 : 0;
0025D9 : 0;
0025DA : 0;
0025DB : 0;
0025DC : 0;
0025DD : 0;
0025DE : 0;
0025DF : 0;
0025E0 : 0;
0025E1 : 3;
0025E2 : 3;
0025E3 : 3;
0025E4 : 3;
0025E5 : 3;
0025E6 : 3;
0025E7 : 0;
0025E8 : 0;
0025E9 : 0;
0025EA : 0;
0025EB : 0;
0025EC : 0;
0025ED : 0;
0025EE : 0;
0025EF : 0;
0025F0 : 0;
0025F1 : 0;
0025F2 : 0;
0025F3 : 0;
0025F4 : 0;
0025F5 : 0;
0025F6 : 0;
0025F7 : 0;
0025F8 : 0;
0025F9 : 0;
0025FA : 0;
0025FB : 3;
0025FC : 3;
0025FD : 3;
0025FE : 3;
0025FF : 3;
002600 : 3;
002601 : 3;
002602 : 3;
002603 : 3;
002604 : 3;
002605 : 3;
002606 : 3;
002607 : 3;
002608 : 3;
002609 : 3;
00260A : 3;
00260B : 3;
00260C : 3;
00260D : 3;
00260E : 0;
00260F : 0;
002610 : 0;
002611 : 0;
002612 : 0;
002613 : 0;
002614 : 0;
002615 : 0;
002616 : 0;
002617 : 0;
002618 : 0;
002619 : 0;
00261A : 0;
00261B : 0;
00261C : 0;
00261D : 0;
00261E : 0;
00261F : 0;
002620 : 0;
002621 : 0;
002622 : 0;
002623 : 0;
002624 : 0;
002625 : 0;
002626 : 0;
002627 : 0;
002628 : 0;
002629 : 0;
00262A : 0;
00262B : 0;
00262C : 0;
00262D : 0;
00262E : 0;
00262F : 0;
002630 : 0;
002631 : 0;
002632 : 0;
002633 : 0;
002634 : 0;
002635 : 0;
002636 : 0;
002637 : 0;
002638 : 0;
002639 : 0;
00263A : 0;
00263B : 0;
00263C : 0;
00263D : 0;
00263E : 0;
00263F : 0;
002640 : 0;
002641 : 0;
002642 : 0;
002643 : 0;
002644 : 0;
002645 : 0;
002646 : 0;
002647 : 0;
002648 : 0;
002649 : 0;
00264A : 0;
00264B : 0;
00264C : 0;
00264D : 0;
00264E : 0;
00264F : 0;
002650 : 0;
002651 : 0;
002652 : 0;
002653 : 0;
002654 : 0;
002655 : 0;
002656 : 0;
002657 : 0;
002658 : 0;
002659 : 0;
00265A : 0;
00265B : 0;
00265C : 0;
00265D : 0;
00265E : 0;
00265F : 0;
002660 : 0;
002661 : 0;
002662 : 0;
002663 : 0;
002664 : 0;
002665 : 0;
002666 : 0;
002667 : 0;
002668 : 0;
002669 : 0;
00266A : 0;
00266B : 0;
00266C : 0;
00266D : 0;
00266E : 0;
00266F : 0;
002670 : 0;
002671 : 0;
002672 : 0;
002673 : 0;
002674 : 0;
002675 : 0;
002676 : 0;
002677 : 0;
002678 : 0;
002679 : 0;
00267A : 0;
00267B : 0;
00267C : 0;
00267D : 0;
00267E : 0;
00267F : 0;
002680 : 0;
002681 : 0;
002682 : 3;
002683 : 3;
002684 : 3;
002685 : 3;
002686 : 3;
002687 : 3;
002688 : 3;
002689 : 3;
00268A : 3;
00268B : 3;
00268C : 3;
00268D : 3;
00268E : 3;
00268F : 3;
002690 : 3;
002691 : 3;
002692 : 3;
002693 : 3;
002694 : 3;
002695 : 3;
002696 : 0;
002697 : 0;
002698 : 0;
002699 : 0;
00269A : 0;
00269B : 0;
00269C : 0;
00269D : 0;
00269E : 0;
00269F : 0;
0026A0 : 0;
0026A1 : 0;
0026A2 : 0;
0026A3 : 0;
0026A4 : 0;
0026A5 : 0;
0026A6 : 0;
0026A7 : 0;
0026A8 : 0;
0026A9 : 3;
0026AA : 3;
0026AB : 3;
0026AC : 3;
0026AD : 3;
0026AE : 3;
0026AF : 0;
0026B0 : 0;
0026B1 : 0;
0026B2 : 0;
0026B3 : 0;
0026B4 : 0;
0026B5 : 0;
0026B6 : 0;
0026B7 : 0;
0026B8 : 0;
0026B9 : 0;
0026BA : 0;
0026BB : 0;
0026BC : 0;
0026BD : 0;
0026BE : 0;
0026BF : 0;
0026C0 : 0;
0026C1 : 0;
0026C2 : 0;
0026C3 : 0;
0026C4 : 0;
0026C5 : 3;
0026C6 : 3;
0026C7 : 3;
0026C8 : 3;
0026C9 : 3;
0026CA : 3;
0026CB : 3;
0026CC : 3;
0026CD : 3;
0026CE : 3;
0026CF : 3;
0026D0 : 3;
0026D1 : 3;
0026D2 : 3;
0026D3 : 3;
0026D4 : 3;
0026D5 : 3;
0026D6 : 3;
0026D7 : 0;
0026D8 : 0;
0026D9 : 0;
0026DA : 0;
0026DB : 0;
0026DC : 0;
0026DD : 0;
0026DE : 0;
0026DF : 0;
0026E0 : 0;
0026E1 : 0;
0026E2 : 0;
0026E3 : 0;
0026E4 : 0;
0026E5 : 0;
0026E6 : 0;
0026E7 : 0;
0026E8 : 0;
0026E9 : 0;
0026EA : 0;
0026EB : 0;
0026EC : 0;
0026ED : 0;
0026EE : 0;
0026EF : 0;
0026F0 : 0;
0026F1 : 0;
0026F2 : 0;
0026F3 : 0;
0026F4 : 0;
0026F5 : 0;
0026F6 : 0;
0026F7 : 0;
0026F8 : 0;
0026F9 : 0;
0026FA : 0;
0026FB : 0;
0026FC : 0;
0026FD : 0;
0026FE : 0;
0026FF : 0;
002700 : 0;
002701 : 0;
002702 : 0;
002703 : 0;
002704 : 0;
002705 : 0;
002706 : 0;
002707 : 0;
002708 : 0;
002709 : 0;
00270A : 0;
00270B : 0;
00270C : 0;
00270D : 0;
00270E : 0;
00270F : 0;
002710 : 0;
002711 : 0;
002712 : 0;
002713 : 0;
002714 : 0;
002715 : 0;
002716 : 0;
002717 : 0;
002718 : 0;
002719 : 0;
00271A : 0;
00271B : 0;
00271C : 0;
00271D : 0;
00271E : 0;
00271F : 0;
002720 : 0;
002721 : 0;
002722 : 0;
002723 : 0;
002724 : 0;
002725 : 0;
002726 : 0;
002727 : 0;
002728 : 0;
002729 : 0;
00272A : 0;
00272B : 0;
00272C : 0;
00272D : 0;
00272E : 0;
00272F : 0;
002730 : 0;
002731 : 0;
002732 : 0;
002733 : 0;
002734 : 0;
002735 : 0;
002736 : 0;
002737 : 0;
002738 : 0;
002739 : 0;
00273A : 0;
00273B : 0;
00273C : 0;
00273D : 0;
00273E : 0;
00273F : 0;
002740 : 0;
002741 : 0;
002742 : 0;
002743 : 0;
002744 : 0;
002745 : 0;
002746 : 0;
002747 : 0;
002748 : 0;
002749 : 3;
00274A : 3;
00274B : 3;
00274C : 3;
00274D : 3;
00274E : 3;
00274F : 3;
002750 : 3;
002751 : 3;
002752 : 3;
002753 : 3;
002754 : 3;
002755 : 3;
002756 : 3;
002757 : 3;
002758 : 3;
002759 : 3;
00275A : 3;
00275B : 3;
00275C : 0;
00275D : 0;
00275E : 0;
00275F : 0;
002760 : 0;
002761 : 0;
002762 : 0;
002763 : 0;
002764 : 0;
002765 : 0;
002766 : 0;
002767 : 0;
002768 : 0;
002769 : 0;
00276A : 0;
00276B : 0;
00276C : 0;
00276D : 0;
00276E : 0;
00276F : 0;
002770 : 0;
002771 : 3;
002772 : 3;
002773 : 3;
002774 : 3;
002775 : 3;
002776 : 3;
002777 : 0;
002778 : 0;
002779 : 0;
00277A : 0;
00277B : 0;
00277C : 0;
00277D : 0;
00277E : 0;
00277F : 0;
002780 : 0;
002781 : 0;
002782 : 0;
002783 : 0;
002784 : 0;
002785 : 0;
002786 : 0;
002787 : 0;
002788 : 0;
002789 : 0;
00278A : 0;
00278B : 0;
00278C : 0;
00278D : 0;
00278E : 0;
00278F : 3;
002790 : 3;
002791 : 3;
002792 : 3;
002793 : 3;
002794 : 3;
002795 : 3;
002796 : 3;
002797 : 3;
002798 : 3;
002799 : 3;
00279A : 3;
00279B : 3;
00279C : 3;
00279D : 3;
00279E : 3;
00279F : 3;
0027A0 : 3;
0027A1 : 0;
0027A2 : 0;
0027A3 : 0;
0027A4 : 0;
0027A5 : 0;
0027A6 : 0;
0027A7 : 0;
0027A8 : 0;
0027A9 : 0;
0027AA : 0;
0027AB : 0;
0027AC : 0;
0027AD : 0;
0027AE : 0;
0027AF : 0;
0027B0 : 0;
0027B1 : 0;
0027B2 : 0;
0027B3 : 0;
0027B4 : 0;
0027B5 : 0;
0027B6 : 0;
0027B7 : 0;
0027B8 : 0;
0027B9 : 0;
0027BA : 0;
0027BB : 0;
0027BC : 0;
0027BD : 0;
0027BE : 0;
0027BF : 0;
0027C0 : 0;
0027C1 : 0;
0027C2 : 0;
0027C3 : 0;
0027C4 : 0;
0027C5 : 0;
0027C6 : 0;
0027C7 : 0;
0027C8 : 0;
0027C9 : 0;
0027CA : 0;
0027CB : 0;
0027CC : 0;
0027CD : 0;
0027CE : 0;
0027CF : 0;
0027D0 : 0;
0027D1 : 0;
0027D2 : 0;
0027D3 : 0;
0027D4 : 0;
0027D5 : 0;
0027D6 : 0;
0027D7 : 0;
0027D8 : 0;
0027D9 : 0;
0027DA : 0;
0027DB : 0;
0027DC : 0;
0027DD : 0;
0027DE : 0;
0027DF : 0;
0027E0 : 0;
0027E1 : 0;
0027E2 : 0;
0027E3 : 0;
0027E4 : 0;
0027E5 : 0;
0027E6 : 0;
0027E7 : 0;
0027E8 : 0;
0027E9 : 0;
0027EA : 0;
0027EB : 0;
0027EC : 0;
0027ED : 0;
0027EE : 0;
0027EF : 0;
0027F0 : 0;
0027F1 : 0;
0027F2 : 0;
0027F3 : 0;
0027F4 : 0;
0027F5 : 0;
0027F6 : 0;
0027F7 : 0;
0027F8 : 0;
0027F9 : 0;
0027FA : 0;
0027FB : 0;
0027FC : 0;
0027FD : 0;
0027FE : 0;
0027FF : 0;
002800 : 0;
002801 : 0;
002802 : 0;
002803 : 0;
002804 : 0;
002805 : 0;
002806 : 0;
002807 : 0;
002808 : 0;
002809 : 0;
00280A : 0;
00280B : 0;
00280C : 0;
00280D : 0;
00280E : 0;
00280F : 0;
002810 : 3;
002811 : 3;
002812 : 3;
002813 : 3;
002814 : 3;
002815 : 3;
002816 : 3;
002817 : 3;
002818 : 3;
002819 : 3;
00281A : 3;
00281B : 3;
00281C : 3;
00281D : 3;
00281E : 3;
00281F : 3;
002820 : 3;
002821 : 3;
002822 : 0;
002823 : 0;
002824 : 0;
002825 : 0;
002826 : 0;
002827 : 0;
002828 : 0;
002829 : 0;
00282A : 0;
00282B : 0;
00282C : 0;
00282D : 0;
00282E : 0;
00282F : 0;
002830 : 0;
002831 : 0;
002832 : 0;
002833 : 3;
002834 : 2;
002835 : 2;
002836 : 2;
002837 : 2;
002838 : 2;
002839 : 3;
00283A : 3;
00283B : 3;
00283C : 3;
00283D : 3;
00283E : 3;
00283F : 2;
002840 : 2;
002841 : 2;
002842 : 2;
002843 : 2;
002844 : 2;
002845 : 2;
002846 : 0;
002847 : 0;
002848 : 0;
002849 : 0;
00284A : 0;
00284B : 0;
00284C : 0;
00284D : 0;
00284E : 0;
00284F : 0;
002850 : 0;
002851 : 0;
002852 : 0;
002853 : 0;
002854 : 0;
002855 : 0;
002856 : 0;
002857 : 0;
002858 : 0;
002859 : 3;
00285A : 3;
00285B : 3;
00285C : 3;
00285D : 3;
00285E : 3;
00285F : 3;
002860 : 3;
002861 : 3;
002862 : 3;
002863 : 3;
002864 : 3;
002865 : 3;
002866 : 3;
002867 : 3;
002868 : 3;
002869 : 3;
00286A : 0;
00286B : 0;
00286C : 0;
00286D : 0;
00286E : 0;
00286F : 0;
002870 : 0;
002871 : 0;
002872 : 0;
002873 : 0;
002874 : 0;
002875 : 0;
002876 : 0;
002877 : 0;
002878 : 0;
002879 : 0;
00287A : 0;
00287B : 0;
00287C : 0;
00287D : 0;
00287E : 0;
00287F : 0;
002880 : 0;
002881 : 0;
002882 : 0;
002883 : 0;
002884 : 0;
002885 : 0;
002886 : 0;
002887 : 0;
002888 : 0;
002889 : 0;
00288A : 0;
00288B : 0;
00288C : 0;
00288D : 0;
00288E : 0;
00288F : 0;
002890 : 0;
002891 : 0;
002892 : 0;
002893 : 0;
002894 : 0;
002895 : 0;
002896 : 0;
002897 : 0;
002898 : 0;
002899 : 0;
00289A : 0;
00289B : 0;
00289C : 0;
00289D : 0;
00289E : 0;
00289F : 0;
0028A0 : 0;
0028A1 : 0;
0028A2 : 0;
0028A3 : 0;
0028A4 : 0;
0028A5 : 0;
0028A6 : 0;
0028A7 : 0;
0028A8 : 0;
0028A9 : 0;
0028AA : 0;
0028AB : 0;
0028AC : 0;
0028AD : 0;
0028AE : 0;
0028AF : 0;
0028B0 : 0;
0028B1 : 0;
0028B2 : 0;
0028B3 : 0;
0028B4 : 0;
0028B5 : 0;
0028B6 : 0;
0028B7 : 0;
0028B8 : 0;
0028B9 : 0;
0028BA : 0;
0028BB : 0;
0028BC : 0;
0028BD : 0;
0028BE : 0;
0028BF : 0;
0028C0 : 0;
0028C1 : 0;
0028C2 : 0;
0028C3 : 0;
0028C4 : 0;
0028C5 : 0;
0028C6 : 0;
0028C7 : 0;
0028C8 : 0;
0028C9 : 0;
0028CA : 0;
0028CB : 0;
0028CC : 0;
0028CD : 0;
0028CE : 0;
0028CF : 0;
0028D0 : 0;
0028D1 : 0;
0028D2 : 0;
0028D3 : 0;
0028D4 : 0;
0028D5 : 0;
0028D6 : 0;
0028D7 : 3;
0028D8 : 3;
0028D9 : 3;
0028DA : 3;
0028DB : 3;
0028DC : 3;
0028DD : 3;
0028DE : 3;
0028DF : 3;
0028E0 : 3;
0028E1 : 3;
0028E2 : 3;
0028E3 : 3;
0028E4 : 3;
0028E5 : 3;
0028E6 : 3;
0028E7 : 3;
0028E8 : 0;
0028E9 : 0;
0028EA : 0;
0028EB : 0;
0028EC : 0;
0028ED : 0;
0028EE : 0;
0028EF : 0;
0028F0 : 0;
0028F1 : 0;
0028F2 : 0;
0028F3 : 0;
0028F4 : 0;
0028F5 : 0;
0028F6 : 0;
0028F7 : 2;
0028F8 : 2;
0028F9 : 2;
0028FA : 2;
0028FB : 2;
0028FC : 2;
0028FD : 2;
0028FE : 2;
0028FF : 2;
002900 : 2;
002901 : 2;
002902 : 3;
002903 : 3;
002904 : 3;
002905 : 3;
002906 : 2;
002907 : 2;
002908 : 2;
002909 : 2;
00290A : 2;
00290B : 2;
00290C : 2;
00290D : 2;
00290E : 2;
00290F : 2;
002910 : 2;
002911 : 2;
002912 : 0;
002913 : 0;
002914 : 0;
002915 : 0;
002916 : 0;
002917 : 0;
002918 : 0;
002919 : 0;
00291A : 0;
00291B : 0;
00291C : 0;
00291D : 0;
00291E : 0;
00291F : 0;
002920 : 0;
002921 : 0;
002922 : 0;
002923 : 3;
002924 : 3;
002925 : 3;
002926 : 3;
002927 : 3;
002928 : 3;
002929 : 3;
00292A : 3;
00292B : 3;
00292C : 3;
00292D : 3;
00292E : 3;
00292F : 3;
002930 : 3;
002931 : 3;
002932 : 3;
002933 : 0;
002934 : 0;
002935 : 0;
002936 : 0;
002937 : 0;
002938 : 0;
002939 : 0;
00293A : 0;
00293B : 0;
00293C : 0;
00293D : 0;
00293E : 0;
00293F : 0;
002940 : 0;
002941 : 0;
002942 : 0;
002943 : 0;
002944 : 0;
002945 : 0;
002946 : 0;
002947 : 0;
002948 : 0;
002949 : 0;
00294A : 0;
00294B : 0;
00294C : 0;
00294D : 0;
00294E : 0;
00294F : 0;
002950 : 0;
002951 : 0;
002952 : 0;
002953 : 0;
002954 : 0;
002955 : 0;
002956 : 0;
002957 : 0;
002958 : 0;
002959 : 0;
00295A : 0;
00295B : 0;
00295C : 0;
00295D : 0;
00295E : 0;
00295F : 0;
002960 : 0;
002961 : 0;
002962 : 0;
002963 : 0;
002964 : 0;
002965 : 0;
002966 : 0;
002967 : 0;
002968 : 0;
002969 : 0;
00296A : 0;
00296B : 0;
00296C : 0;
00296D : 0;
00296E : 0;
00296F : 0;
002970 : 0;
002971 : 0;
002972 : 0;
002973 : 0;
002974 : 0;
002975 : 0;
002976 : 0;
002977 : 0;
002978 : 0;
002979 : 0;
00297A : 0;
00297B : 0;
00297C : 0;
00297D : 0;
00297E : 0;
00297F : 0;
002980 : 0;
002981 : 0;
002982 : 0;
002983 : 0;
002984 : 0;
002985 : 0;
002986 : 0;
002987 : 0;
002988 : 0;
002989 : 0;
00298A : 0;
00298B : 0;
00298C : 0;
00298D : 0;
00298E : 0;
00298F : 0;
002990 : 0;
002991 : 0;
002992 : 0;
002993 : 0;
002994 : 0;
002995 : 0;
002996 : 0;
002997 : 0;
002998 : 0;
002999 : 0;
00299A : 0;
00299B : 0;
00299C : 0;
00299D : 0;
00299E : 3;
00299F : 3;
0029A0 : 3;
0029A1 : 3;
0029A2 : 3;
0029A3 : 3;
0029A4 : 3;
0029A5 : 3;
0029A6 : 3;
0029A7 : 3;
0029A8 : 3;
0029A9 : 3;
0029AA : 3;
0029AB : 3;
0029AC : 3;
0029AD : 3;
0029AE : 0;
0029AF : 0;
0029B0 : 0;
0029B1 : 0;
0029B2 : 0;
0029B3 : 0;
0029B4 : 0;
0029B5 : 0;
0029B6 : 0;
0029B7 : 0;
0029B8 : 0;
0029B9 : 0;
0029BA : 0;
0029BB : 0;
0029BC : 2;
0029BD : 2;
0029BE : 2;
0029BF : 2;
0029C0 : 2;
0029C1 : 2;
0029C2 : 2;
0029C3 : 2;
0029C4 : 2;
0029C5 : 2;
0029C6 : 2;
0029C7 : 2;
0029C8 : 2;
0029C9 : 3;
0029CA : 3;
0029CB : 3;
0029CC : 3;
0029CD : 3;
0029CE : 3;
0029CF : 2;
0029D0 : 2;
0029D1 : 2;
0029D2 : 2;
0029D3 : 2;
0029D4 : 2;
0029D5 : 2;
0029D6 : 2;
0029D7 : 2;
0029D8 : 2;
0029D9 : 2;
0029DA : 2;
0029DB : 2;
0029DC : 2;
0029DD : 0;
0029DE : 0;
0029DF : 0;
0029E0 : 0;
0029E1 : 0;
0029E2 : 0;
0029E3 : 0;
0029E4 : 0;
0029E5 : 0;
0029E6 : 0;
0029E7 : 0;
0029E8 : 0;
0029E9 : 0;
0029EA : 0;
0029EB : 0;
0029EC : 3;
0029ED : 3;
0029EE : 3;
0029EF : 3;
0029F0 : 3;
0029F1 : 3;
0029F2 : 3;
0029F3 : 3;
0029F4 : 3;
0029F5 : 3;
0029F6 : 3;
0029F7 : 3;
0029F8 : 3;
0029F9 : 3;
0029FA : 3;
0029FB : 3;
0029FC : 0;
0029FD : 0;
0029FE : 0;
0029FF : 0;
002A00 : 0;
002A01 : 0;
002A02 : 0;
002A03 : 0;
002A04 : 0;
002A05 : 0;
002A06 : 0;
002A07 : 0;
002A08 : 0;
002A09 : 0;
002A0A : 0;
002A0B : 0;
002A0C : 0;
002A0D : 0;
002A0E : 0;
002A0F : 0;
002A10 : 0;
002A11 : 0;
002A12 : 0;
002A13 : 0;
002A14 : 0;
002A15 : 0;
002A16 : 0;
002A17 : 0;
002A18 : 0;
002A19 : 0;
002A1A : 0;
002A1B : 0;
002A1C : 0;
002A1D : 0;
002A1E : 0;
002A1F : 0;
002A20 : 0;
002A21 : 0;
002A22 : 0;
002A23 : 0;
002A24 : 0;
002A25 : 0;
002A26 : 0;
002A27 : 0;
002A28 : 0;
002A29 : 0;
002A2A : 0;
002A2B : 0;
002A2C : 0;
002A2D : 0;
002A2E : 0;
002A2F : 0;
002A30 : 0;
002A31 : 0;
002A32 : 0;
002A33 : 0;
002A34 : 0;
002A35 : 0;
002A36 : 0;
002A37 : 0;
002A38 : 0;
002A39 : 0;
002A3A : 0;
002A3B : 0;
002A3C : 0;
002A3D : 0;
002A3E : 0;
002A3F : 0;
002A40 : 0;
002A41 : 0;
002A42 : 0;
002A43 : 0;
002A44 : 0;
002A45 : 0;
002A46 : 0;
002A47 : 0;
002A48 : 0;
002A49 : 0;
002A4A : 0;
002A4B : 0;
002A4C : 0;
002A4D : 0;
002A4E : 0;
002A4F : 0;
002A50 : 0;
002A51 : 0;
002A52 : 0;
002A53 : 0;
002A54 : 0;
002A55 : 0;
002A56 : 0;
002A57 : 0;
002A58 : 0;
002A59 : 0;
002A5A : 0;
002A5B : 0;
002A5C : 0;
002A5D : 0;
002A5E : 0;
002A5F : 0;
002A60 : 0;
002A61 : 0;
002A62 : 0;
002A63 : 0;
002A64 : 0;
002A65 : 3;
002A66 : 3;
002A67 : 3;
002A68 : 3;
002A69 : 3;
002A6A : 3;
002A6B : 3;
002A6C : 3;
002A6D : 3;
002A6E : 3;
002A6F : 3;
002A70 : 3;
002A71 : 3;
002A72 : 3;
002A73 : 3;
002A74 : 3;
002A75 : 0;
002A76 : 0;
002A77 : 0;
002A78 : 0;
002A79 : 0;
002A7A : 0;
002A7B : 0;
002A7C : 0;
002A7D : 0;
002A7E : 0;
002A7F : 0;
002A80 : 0;
002A81 : 0;
002A82 : 2;
002A83 : 2;
002A84 : 2;
002A85 : 2;
002A86 : 2;
002A87 : 2;
002A88 : 2;
002A89 : 2;
002A8A : 2;
002A8B : 2;
002A8C : 2;
002A8D : 0;
002A8E : 0;
002A8F : 0;
002A90 : 0;
002A91 : 3;
002A92 : 3;
002A93 : 3;
002A94 : 3;
002A95 : 3;
002A96 : 3;
002A97 : 0;
002A98 : 0;
002A99 : 0;
002A9A : 0;
002A9B : 0;
002A9C : 3;
002A9D : 2;
002A9E : 2;
002A9F : 2;
002AA0 : 2;
002AA1 : 2;
002AA2 : 2;
002AA3 : 2;
002AA4 : 2;
002AA5 : 2;
002AA6 : 2;
002AA7 : 2;
002AA8 : 0;
002AA9 : 0;
002AAA : 0;
002AAB : 0;
002AAC : 0;
002AAD : 0;
002AAE : 0;
002AAF : 0;
002AB0 : 0;
002AB1 : 0;
002AB2 : 0;
002AB3 : 0;
002AB4 : 0;
002AB5 : 0;
002AB6 : 3;
002AB7 : 3;
002AB8 : 3;
002AB9 : 3;
002ABA : 3;
002ABB : 3;
002ABC : 3;
002ABD : 3;
002ABE : 3;
002ABF : 3;
002AC0 : 3;
002AC1 : 3;
002AC2 : 3;
002AC3 : 3;
002AC4 : 3;
002AC5 : 0;
002AC6 : 0;
002AC7 : 0;
002AC8 : 0;
002AC9 : 0;
002ACA : 0;
002ACB : 0;
002ACC : 0;
002ACD : 0;
002ACE : 0;
002ACF : 0;
002AD0 : 0;
002AD1 : 0;
002AD2 : 0;
002AD3 : 0;
002AD4 : 0;
002AD5 : 0;
002AD6 : 0;
002AD7 : 0;
002AD8 : 0;
002AD9 : 0;
002ADA : 0;
002ADB : 0;
002ADC : 0;
002ADD : 0;
002ADE : 0;
002ADF : 0;
002AE0 : 0;
002AE1 : 0;
002AE2 : 0;
002AE3 : 0;
002AE4 : 0;
002AE5 : 0;
002AE6 : 0;
002AE7 : 0;
002AE8 : 0;
002AE9 : 0;
002AEA : 0;
002AEB : 0;
002AEC : 0;
002AED : 0;
002AEE : 0;
002AEF : 0;
002AF0 : 0;
002AF1 : 0;
002AF2 : 0;
002AF3 : 0;
002AF4 : 0;
002AF5 : 0;
002AF6 : 0;
002AF7 : 0;
002AF8 : 0;
002AF9 : 0;
002AFA : 0;
002AFB : 0;
002AFC : 0;
002AFD : 0;
002AFE : 0;
002AFF : 0;
002B00 : 0;
002B01 : 0;
002B02 : 0;
002B03 : 0;
002B04 : 0;
002B05 : 0;
002B06 : 0;
002B07 : 0;
002B08 : 0;
002B09 : 0;
002B0A : 0;
002B0B : 0;
002B0C : 0;
002B0D : 0;
002B0E : 0;
002B0F : 0;
002B10 : 0;
002B11 : 0;
002B12 : 0;
002B13 : 0;
002B14 : 0;
002B15 : 0;
002B16 : 0;
002B17 : 0;
002B18 : 0;
002B19 : 0;
002B1A : 0;
002B1B : 0;
002B1C : 0;
002B1D : 0;
002B1E : 0;
002B1F : 0;
002B20 : 0;
002B21 : 0;
002B22 : 0;
002B23 : 0;
002B24 : 0;
002B25 : 0;
002B26 : 0;
002B27 : 0;
002B28 : 0;
002B29 : 0;
002B2A : 0;
002B2B : 0;
002B2C : 3;
002B2D : 3;
002B2E : 3;
002B2F : 3;
002B30 : 3;
002B31 : 3;
002B32 : 3;
002B33 : 3;
002B34 : 3;
002B35 : 3;
002B36 : 3;
002B37 : 3;
002B38 : 3;
002B39 : 3;
002B3A : 3;
002B3B : 3;
002B3C : 0;
002B3D : 0;
002B3E : 0;
002B3F : 0;
002B40 : 0;
002B41 : 0;
002B42 : 0;
002B43 : 0;
002B44 : 0;
002B45 : 0;
002B46 : 0;
002B47 : 2;
002B48 : 2;
002B49 : 2;
002B4A : 2;
002B4B : 2;
002B4C : 2;
002B4D : 2;
002B4E : 2;
002B4F : 2;
002B50 : 0;
002B51 : 0;
002B52 : 0;
002B53 : 0;
002B54 : 0;
002B55 : 0;
002B56 : 0;
002B57 : 0;
002B58 : 0;
002B59 : 3;
002B5A : 3;
002B5B : 3;
002B5C : 3;
002B5D : 3;
002B5E : 3;
002B5F : 0;
002B60 : 0;
002B61 : 0;
002B62 : 0;
002B63 : 0;
002B64 : 0;
002B65 : 0;
002B66 : 0;
002B67 : 0;
002B68 : 0;
002B69 : 2;
002B6A : 2;
002B6B : 2;
002B6C : 2;
002B6D : 2;
002B6E : 2;
002B6F : 2;
002B70 : 2;
002B71 : 2;
002B72 : 0;
002B73 : 0;
002B74 : 0;
002B75 : 0;
002B76 : 0;
002B77 : 0;
002B78 : 0;
002B79 : 0;
002B7A : 0;
002B7B : 0;
002B7C : 0;
002B7D : 0;
002B7E : 0;
002B7F : 3;
002B80 : 3;
002B81 : 3;
002B82 : 3;
002B83 : 3;
002B84 : 3;
002B85 : 3;
002B86 : 3;
002B87 : 3;
002B88 : 3;
002B89 : 3;
002B8A : 3;
002B8B : 3;
002B8C : 3;
002B8D : 3;
002B8E : 0;
002B8F : 0;
002B90 : 0;
002B91 : 0;
002B92 : 0;
002B93 : 0;
002B94 : 0;
002B95 : 0;
002B96 : 0;
002B97 : 0;
002B98 : 0;
002B99 : 0;
002B9A : 0;
002B9B : 0;
002B9C : 0;
002B9D : 0;
002B9E : 0;
002B9F : 0;
002BA0 : 0;
002BA1 : 0;
002BA2 : 0;
002BA3 : 0;
002BA4 : 0;
002BA5 : 0;
002BA6 : 0;
002BA7 : 0;
002BA8 : 0;
002BA9 : 0;
002BAA : 0;
002BAB : 0;
002BAC : 0;
002BAD : 0;
002BAE : 0;
002BAF : 0;
002BB0 : 0;
002BB1 : 0;
002BB2 : 0;
002BB3 : 0;
002BB4 : 0;
002BB5 : 0;
002BB6 : 0;
002BB7 : 0;
002BB8 : 0;
002BB9 : 0;
002BBA : 0;
002BBB : 0;
002BBC : 0;
002BBD : 0;
002BBE : 0;
002BBF : 0;
002BC0 : 0;
002BC1 : 0;
002BC2 : 0;
002BC3 : 0;
002BC4 : 0;
002BC5 : 0;
002BC6 : 0;
002BC7 : 0;
002BC8 : 0;
002BC9 : 0;
002BCA : 0;
002BCB : 0;
002BCC : 0;
002BCD : 0;
002BCE : 0;
002BCF : 0;
002BD0 : 0;
002BD1 : 0;
002BD2 : 0;
002BD3 : 0;
002BD4 : 0;
002BD5 : 0;
002BD6 : 0;
002BD7 : 0;
002BD8 : 0;
002BD9 : 0;
002BDA : 0;
002BDB : 0;
002BDC : 0;
002BDD : 0;
002BDE : 0;
002BDF : 0;
002BE0 : 0;
002BE1 : 0;
002BE2 : 0;
002BE3 : 0;
002BE4 : 0;
002BE5 : 0;
002BE6 : 0;
002BE7 : 0;
002BE8 : 0;
002BE9 : 0;
002BEA : 0;
002BEB : 0;
002BEC : 0;
002BED : 0;
002BEE : 0;
002BEF : 0;
002BF0 : 0;
002BF1 : 0;
002BF2 : 0;
002BF3 : 3;
002BF4 : 3;
002BF5 : 3;
002BF6 : 3;
002BF7 : 3;
002BF8 : 3;
002BF9 : 3;
002BFA : 3;
002BFB : 3;
002BFC : 3;
002BFD : 3;
002BFE : 3;
002BFF : 3;
002C00 : 3;
002C01 : 3;
002C02 : 0;
002C03 : 0;
002C04 : 0;
002C05 : 0;
002C06 : 0;
002C07 : 0;
002C08 : 0;
002C09 : 0;
002C0A : 0;
002C0B : 0;
002C0C : 0;
002C0D : 2;
002C0E : 2;
002C0F : 2;
002C10 : 2;
002C11 : 2;
002C12 : 2;
002C13 : 2;
002C14 : 2;
002C15 : 0;
002C16 : 0;
002C17 : 0;
002C18 : 0;
002C19 : 0;
002C1A : 0;
002C1B : 0;
002C1C : 0;
002C1D : 0;
002C1E : 0;
002C1F : 0;
002C20 : 0;
002C21 : 3;
002C22 : 3;
002C23 : 3;
002C24 : 3;
002C25 : 3;
002C26 : 3;
002C27 : 0;
002C28 : 0;
002C29 : 0;
002C2A : 0;
002C2B : 0;
002C2C : 0;
002C2D : 0;
002C2E : 0;
002C2F : 0;
002C30 : 0;
002C31 : 0;
002C32 : 0;
002C33 : 0;
002C34 : 2;
002C35 : 2;
002C36 : 2;
002C37 : 2;
002C38 : 2;
002C39 : 2;
002C3A : 2;
002C3B : 2;
002C3C : 0;
002C3D : 0;
002C3E : 0;
002C3F : 0;
002C40 : 0;
002C41 : 0;
002C42 : 0;
002C43 : 0;
002C44 : 0;
002C45 : 0;
002C46 : 0;
002C47 : 0;
002C48 : 3;
002C49 : 3;
002C4A : 3;
002C4B : 3;
002C4C : 3;
002C4D : 3;
002C4E : 3;
002C4F : 3;
002C50 : 3;
002C51 : 3;
002C52 : 3;
002C53 : 3;
002C54 : 3;
002C55 : 3;
002C56 : 3;
002C57 : 0;
002C58 : 0;
002C59 : 0;
002C5A : 0;
002C5B : 0;
002C5C : 0;
002C5D : 0;
002C5E : 0;
002C5F : 0;
002C60 : 0;
002C61 : 0;
002C62 : 0;
002C63 : 0;
002C64 : 0;
002C65 : 0;
002C66 : 0;
002C67 : 0;
002C68 : 0;
002C69 : 0;
002C6A : 0;
002C6B : 0;
002C6C : 0;
002C6D : 0;
002C6E : 0;
002C6F : 0;
002C70 : 0;
002C71 : 0;
002C72 : 0;
002C73 : 0;
002C74 : 0;
002C75 : 0;
002C76 : 0;
002C77 : 0;
002C78 : 0;
002C79 : 0;
002C7A : 0;
002C7B : 0;
002C7C : 0;
002C7D : 0;
002C7E : 0;
002C7F : 0;
002C80 : 0;
002C81 : 0;
002C82 : 0;
002C83 : 0;
002C84 : 0;
002C85 : 0;
002C86 : 0;
002C87 : 0;
002C88 : 0;
002C89 : 0;
002C8A : 0;
002C8B : 0;
002C8C : 0;
002C8D : 0;
002C8E : 0;
002C8F : 0;
002C90 : 0;
002C91 : 0;
002C92 : 0;
002C93 : 0;
002C94 : 0;
002C95 : 0;
002C96 : 0;
002C97 : 0;
002C98 : 0;
002C99 : 0;
002C9A : 0;
002C9B : 0;
002C9C : 0;
002C9D : 0;
002C9E : 0;
002C9F : 0;
002CA0 : 0;
002CA1 : 0;
002CA2 : 0;
002CA3 : 0;
002CA4 : 0;
002CA5 : 0;
002CA6 : 0;
002CA7 : 0;
002CA8 : 0;
002CA9 : 0;
002CAA : 0;
002CAB : 0;
002CAC : 0;
002CAD : 0;
002CAE : 0;
002CAF : 0;
002CB0 : 0;
002CB1 : 0;
002CB2 : 0;
002CB3 : 0;
002CB4 : 0;
002CB5 : 0;
002CB6 : 0;
002CB7 : 0;
002CB8 : 0;
002CB9 : 0;
002CBA : 3;
002CBB : 3;
002CBC : 3;
002CBD : 3;
002CBE : 3;
002CBF : 3;
002CC0 : 3;
002CC1 : 3;
002CC2 : 3;
002CC3 : 3;
002CC4 : 3;
002CC5 : 3;
002CC6 : 3;
002CC7 : 3;
002CC8 : 3;
002CC9 : 0;
002CCA : 0;
002CCB : 0;
002CCC : 0;
002CCD : 0;
002CCE : 0;
002CCF : 0;
002CD0 : 0;
002CD1 : 0;
002CD2 : 0;
002CD3 : 0;
002CD4 : 2;
002CD5 : 2;
002CD6 : 2;
002CD7 : 2;
002CD8 : 2;
002CD9 : 2;
002CDA : 2;
002CDB : 0;
002CDC : 0;
002CDD : 0;
002CDE : 0;
002CDF : 0;
002CE0 : 0;
002CE1 : 0;
002CE2 : 0;
002CE3 : 0;
002CE4 : 0;
002CE5 : 0;
002CE6 : 0;
002CE7 : 0;
002CE8 : 0;
002CE9 : 3;
002CEA : 3;
002CEB : 3;
002CEC : 3;
002CED : 3;
002CEE : 3;
002CEF : 0;
002CF0 : 0;
002CF1 : 0;
002CF2 : 0;
002CF3 : 0;
002CF4 : 0;
002CF5 : 0;
002CF6 : 0;
002CF7 : 0;
002CF8 : 0;
002CF9 : 0;
002CFA : 0;
002CFB : 0;
002CFC : 0;
002CFD : 0;
002CFE : 0;
002CFF : 2;
002D00 : 2;
002D01 : 2;
002D02 : 2;
002D03 : 2;
002D04 : 2;
002D05 : 2;
002D06 : 0;
002D07 : 0;
002D08 : 0;
002D09 : 0;
002D0A : 0;
002D0B : 0;
002D0C : 0;
002D0D : 0;
002D0E : 0;
002D0F : 0;
002D10 : 0;
002D11 : 0;
002D12 : 3;
002D13 : 3;
002D14 : 3;
002D15 : 3;
002D16 : 3;
002D17 : 3;
002D18 : 3;
002D19 : 3;
002D1A : 3;
002D1B : 3;
002D1C : 3;
002D1D : 3;
002D1E : 3;
002D1F : 0;
002D20 : 0;
002D21 : 0;
002D22 : 0;
002D23 : 0;
002D24 : 0;
002D25 : 0;
002D26 : 0;
002D27 : 0;
002D28 : 0;
002D29 : 0;
002D2A : 0;
002D2B : 0;
002D2C : 0;
002D2D : 0;
002D2E : 0;
002D2F : 0;
002D30 : 0;
002D31 : 0;
002D32 : 0;
002D33 : 0;
002D34 : 0;
002D35 : 0;
002D36 : 0;
002D37 : 0;
002D38 : 0;
002D39 : 0;
002D3A : 0;
002D3B : 0;
002D3C : 0;
002D3D : 0;
002D3E : 0;
002D3F : 0;
002D40 : 0;
002D41 : 0;
002D42 : 0;
002D43 : 0;
002D44 : 0;
002D45 : 0;
002D46 : 0;
002D47 : 0;
002D48 : 0;
002D49 : 0;
002D4A : 0;
002D4B : 0;
002D4C : 0;
002D4D : 0;
002D4E : 0;
002D4F : 0;
002D50 : 0;
002D51 : 0;
002D52 : 0;
002D53 : 0;
002D54 : 0;
002D55 : 0;
002D56 : 0;
002D57 : 0;
002D58 : 0;
002D59 : 0;
002D5A : 0;
002D5B : 0;
002D5C : 0;
002D5D : 0;
002D5E : 0;
002D5F : 0;
002D60 : 0;
002D61 : 0;
002D62 : 0;
002D63 : 0;
002D64 : 0;
002D65 : 0;
002D66 : 0;
002D67 : 0;
002D68 : 0;
002D69 : 0;
002D6A : 0;
002D6B : 0;
002D6C : 0;
002D6D : 0;
002D6E : 0;
002D6F : 0;
002D70 : 0;
002D71 : 0;
002D72 : 0;
002D73 : 0;
002D74 : 0;
002D75 : 0;
002D76 : 0;
002D77 : 0;
002D78 : 0;
002D79 : 0;
002D7A : 0;
002D7B : 0;
002D7C : 0;
002D7D : 0;
002D7E : 0;
002D7F : 0;
002D80 : 0;
002D81 : 3;
002D82 : 3;
002D83 : 3;
002D84 : 3;
002D85 : 3;
002D86 : 3;
002D87 : 3;
002D88 : 3;
002D89 : 3;
002D8A : 3;
002D8B : 3;
002D8C : 3;
002D8D : 3;
002D8E : 3;
002D8F : 3;
002D90 : 0;
002D91 : 0;
002D92 : 0;
002D93 : 0;
002D94 : 0;
002D95 : 0;
002D96 : 0;
002D97 : 0;
002D98 : 0;
002D99 : 0;
002D9A : 2;
002D9B : 2;
002D9C : 2;
002D9D : 2;
002D9E : 2;
002D9F : 2;
002DA0 : 0;
002DA1 : 0;
002DA2 : 0;
002DA3 : 0;
002DA4 : 0;
002DA5 : 0;
002DA6 : 0;
002DA7 : 0;
002DA8 : 0;
002DA9 : 0;
002DAA : 0;
002DAB : 0;
002DAC : 0;
002DAD : 0;
002DAE : 0;
002DAF : 0;
002DB0 : 0;
002DB1 : 3;
002DB2 : 3;
002DB3 : 3;
002DB4 : 3;
002DB5 : 3;
002DB6 : 3;
002DB7 : 0;
002DB8 : 0;
002DB9 : 0;
002DBA : 0;
002DBB : 0;
002DBC : 0;
002DBD : 0;
002DBE : 0;
002DBF : 0;
002DC0 : 0;
002DC1 : 0;
002DC2 : 0;
002DC3 : 0;
002DC4 : 0;
002DC5 : 0;
002DC6 : 0;
002DC7 : 0;
002DC8 : 0;
002DC9 : 2;
002DCA : 2;
002DCB : 2;
002DCC : 2;
002DCD : 2;
002DCE : 2;
002DCF : 0;
002DD0 : 0;
002DD1 : 0;
002DD2 : 0;
002DD3 : 0;
002DD4 : 0;
002DD5 : 0;
002DD6 : 0;
002DD7 : 0;
002DD8 : 0;
002DD9 : 0;
002DDA : 0;
002DDB : 3;
002DDC : 3;
002DDD : 3;
002DDE : 3;
002DDF : 3;
002DE0 : 3;
002DE1 : 3;
002DE2 : 3;
002DE3 : 3;
002DE4 : 3;
002DE5 : 3;
002DE6 : 3;
002DE7 : 3;
002DE8 : 0;
002DE9 : 0;
002DEA : 0;
002DEB : 0;
002DEC : 0;
002DED : 0;
002DEE : 0;
002DEF : 0;
002DF0 : 0;
002DF1 : 0;
002DF2 : 0;
002DF3 : 0;
002DF4 : 0;
002DF5 : 0;
002DF6 : 0;
002DF7 : 0;
002DF8 : 0;
002DF9 : 0;
002DFA : 0;
002DFB : 0;
002DFC : 0;
002DFD : 0;
002DFE : 0;
002DFF : 0;
002E00 : 0;
002E01 : 0;
002E02 : 0;
002E03 : 0;
002E04 : 0;
002E05 : 0;
002E06 : 0;
002E07 : 0;
002E08 : 0;
002E09 : 0;
002E0A : 0;
002E0B : 0;
002E0C : 0;
002E0D : 0;
002E0E : 0;
002E0F : 0;
002E10 : 0;
002E11 : 0;
002E12 : 0;
002E13 : 0;
002E14 : 0;
002E15 : 0;
002E16 : 0;
002E17 : 0;
002E18 : 0;
002E19 : 0;
002E1A : 0;
002E1B : 0;
002E1C : 0;
002E1D : 0;
002E1E : 0;
002E1F : 0;
002E20 : 0;
002E21 : 0;
002E22 : 0;
002E23 : 0;
002E24 : 0;
002E25 : 0;
002E26 : 0;
002E27 : 0;
002E28 : 0;
002E29 : 0;
002E2A : 0;
002E2B : 0;
002E2C : 0;
002E2D : 0;
002E2E : 0;
002E2F : 0;
002E30 : 0;
002E31 : 0;
002E32 : 0;
002E33 : 0;
002E34 : 0;
002E35 : 0;
002E36 : 0;
002E37 : 0;
002E38 : 0;
002E39 : 0;
002E3A : 0;
002E3B : 0;
002E3C : 0;
002E3D : 0;
002E3E : 0;
002E3F : 0;
002E40 : 0;
002E41 : 0;
002E42 : 0;
002E43 : 0;
002E44 : 0;
002E45 : 0;
002E46 : 0;
002E47 : 0;
002E48 : 3;
002E49 : 3;
002E4A : 3;
002E4B : 3;
002E4C : 3;
002E4D : 3;
002E4E : 3;
002E4F : 3;
002E50 : 3;
002E51 : 3;
002E52 : 3;
002E53 : 3;
002E54 : 3;
002E55 : 3;
002E56 : 3;
002E57 : 0;
002E58 : 0;
002E59 : 0;
002E5A : 0;
002E5B : 0;
002E5C : 0;
002E5D : 0;
002E5E : 0;
002E5F : 0;
002E60 : 3;
002E61 : 2;
002E62 : 2;
002E63 : 2;
002E64 : 2;
002E65 : 2;
002E66 : 0;
002E67 : 0;
002E68 : 0;
002E69 : 0;
002E6A : 0;
002E6B : 0;
002E6C : 0;
002E6D : 0;
002E6E : 0;
002E6F : 0;
002E70 : 0;
002E71 : 0;
002E72 : 0;
002E73 : 0;
002E74 : 0;
002E75 : 0;
002E76 : 0;
002E77 : 0;
002E78 : 0;
002E79 : 3;
002E7A : 3;
002E7B : 3;
002E7C : 3;
002E7D : 3;
002E7E : 3;
002E7F : 0;
002E80 : 0;
002E81 : 0;
002E82 : 0;
002E83 : 0;
002E84 : 0;
002E85 : 0;
002E86 : 0;
002E87 : 0;
002E88 : 0;
002E89 : 0;
002E8A : 0;
002E8B : 0;
002E8C : 0;
002E8D : 0;
002E8E : 0;
002E8F : 0;
002E90 : 0;
002E91 : 0;
002E92 : 0;
002E93 : 2;
002E94 : 2;
002E95 : 2;
002E96 : 2;
002E97 : 2;
002E98 : 2;
002E99 : 0;
002E9A : 0;
002E9B : 0;
002E9C : 0;
002E9D : 0;
002E9E : 0;
002E9F : 0;
002EA0 : 0;
002EA1 : 0;
002EA2 : 0;
002EA3 : 0;
002EA4 : 3;
002EA5 : 3;
002EA6 : 3;
002EA7 : 3;
002EA8 : 3;
002EA9 : 3;
002EAA : 3;
002EAB : 3;
002EAC : 3;
002EAD : 3;
002EAE : 3;
002EAF : 3;
002EB0 : 3;
002EB1 : 0;
002EB2 : 0;
002EB3 : 0;
002EB4 : 0;
002EB5 : 0;
002EB6 : 0;
002EB7 : 0;
002EB8 : 0;
002EB9 : 0;
002EBA : 0;
002EBB : 0;
002EBC : 0;
002EBD : 0;
002EBE : 0;
002EBF : 0;
002EC0 : 0;
002EC1 : 0;
002EC2 : 0;
002EC3 : 0;
002EC4 : 0;
002EC5 : 0;
002EC6 : 0;
002EC7 : 0;
002EC8 : 0;
002EC9 : 0;
002ECA : 0;
002ECB : 0;
002ECC : 0;
002ECD : 0;
002ECE : 0;
002ECF : 0;
002ED0 : 0;
002ED1 : 0;
002ED2 : 0;
002ED3 : 0;
002ED4 : 0;
002ED5 : 0;
002ED6 : 0;
002ED7 : 0;
002ED8 : 0;
002ED9 : 0;
002EDA : 0;
002EDB : 0;
002EDC : 0;
002EDD : 0;
002EDE : 0;
002EDF : 0;
002EE0 : 0;
002EE1 : 0;
002EE2 : 0;
002EE3 : 0;
002EE4 : 0;
002EE5 : 0;
002EE6 : 0;
002EE7 : 0;
002EE8 : 0;
002EE9 : 0;
002EEA : 0;
002EEB : 0;
002EEC : 0;
002EED : 0;
002EEE : 0;
002EEF : 0;
002EF0 : 0;
002EF1 : 0;
002EF2 : 0;
002EF3 : 0;
002EF4 : 0;
002EF5 : 0;
002EF6 : 0;
002EF7 : 0;
002EF8 : 0;
002EF9 : 0;
002EFA : 0;
002EFB : 0;
002EFC : 0;
002EFD : 0;
002EFE : 0;
002EFF : 0;
002F00 : 0;
002F01 : 0;
002F02 : 0;
002F03 : 0;
002F04 : 0;
002F05 : 0;
002F06 : 0;
002F07 : 0;
002F08 : 0;
002F09 : 0;
002F0A : 0;
002F0B : 0;
002F0C : 0;
002F0D : 0;
002F0E : 0;
002F0F : 0;
002F10 : 3;
002F11 : 3;
002F12 : 3;
002F13 : 3;
002F14 : 3;
002F15 : 3;
002F16 : 3;
002F17 : 3;
002F18 : 3;
002F19 : 3;
002F1A : 3;
002F1B : 3;
002F1C : 3;
002F1D : 3;
002F1E : 0;
002F1F : 0;
002F20 : 0;
002F21 : 0;
002F22 : 0;
002F23 : 0;
002F24 : 0;
002F25 : 0;
002F26 : 0;
002F27 : 2;
002F28 : 2;
002F29 : 2;
002F2A : 2;
002F2B : 2;
002F2C : 2;
002F2D : 0;
002F2E : 0;
002F2F : 0;
002F30 : 0;
002F31 : 0;
002F32 : 0;
002F33 : 0;
002F34 : 0;
002F35 : 0;
002F36 : 0;
002F37 : 0;
002F38 : 0;
002F39 : 0;
002F3A : 0;
002F3B : 0;
002F3C : 0;
002F3D : 0;
002F3E : 0;
002F3F : 0;
002F40 : 0;
002F41 : 0;
002F42 : 3;
002F43 : 2;
002F44 : 2;
002F45 : 3;
002F46 : 0;
002F47 : 0;
002F48 : 0;
002F49 : 0;
002F4A : 0;
002F4B : 0;
002F4C : 0;
002F4D : 0;
002F4E : 0;
002F4F : 0;
002F50 : 0;
002F51 : 0;
002F52 : 0;
002F53 : 0;
002F54 : 0;
002F55 : 0;
002F56 : 0;
002F57 : 0;
002F58 : 0;
002F59 : 0;
002F5A : 0;
002F5B : 0;
002F5C : 0;
002F5D : 2;
002F5E : 2;
002F5F : 2;
002F60 : 2;
002F61 : 2;
002F62 : 0;
002F63 : 0;
002F64 : 0;
002F65 : 0;
002F66 : 0;
002F67 : 0;
002F68 : 0;
002F69 : 0;
002F6A : 0;
002F6B : 0;
002F6C : 0;
002F6D : 3;
002F6E : 3;
002F6F : 3;
002F70 : 3;
002F71 : 3;
002F72 : 3;
002F73 : 3;
002F74 : 3;
002F75 : 3;
002F76 : 3;
002F77 : 3;
002F78 : 3;
002F79 : 3;
002F7A : 0;
002F7B : 0;
002F7C : 0;
002F7D : 0;
002F7E : 0;
002F7F : 0;
002F80 : 0;
002F81 : 0;
002F82 : 0;
002F83 : 0;
002F84 : 0;
002F85 : 0;
002F86 : 0;
002F87 : 0;
002F88 : 0;
002F89 : 0;
002F8A : 0;
002F8B : 0;
002F8C : 0;
002F8D : 0;
002F8E : 0;
002F8F : 0;
002F90 : 0;
002F91 : 0;
002F92 : 0;
002F93 : 0;
002F94 : 0;
002F95 : 0;
002F96 : 0;
002F97 : 0;
002F98 : 0;
002F99 : 0;
002F9A : 0;
002F9B : 0;
002F9C : 0;
002F9D : 0;
002F9E : 0;
002F9F : 0;
002FA0 : 0;
002FA1 : 0;
002FA2 : 0;
002FA3 : 0;
002FA4 : 0;
002FA5 : 0;
002FA6 : 0;
002FA7 : 0;
002FA8 : 0;
002FA9 : 0;
002FAA : 0;
002FAB : 0;
002FAC : 0;
002FAD : 0;
002FAE : 0;
002FAF : 0;
002FB0 : 0;
002FB1 : 0;
002FB2 : 0;
002FB3 : 0;
002FB4 : 0;
002FB5 : 0;
002FB6 : 0;
002FB7 : 0;
002FB8 : 0;
002FB9 : 0;
002FBA : 0;
002FBB : 0;
002FBC : 0;
002FBD : 0;
002FBE : 0;
002FBF : 0;
002FC0 : 0;
002FC1 : 0;
002FC2 : 0;
002FC3 : 0;
002FC4 : 0;
002FC5 : 0;
002FC6 : 0;
002FC7 : 0;
002FC8 : 0;
002FC9 : 0;
002FCA : 0;
002FCB : 0;
002FCC : 0;
002FCD : 0;
002FCE : 0;
002FCF : 0;
002FD0 : 0;
002FD1 : 0;
002FD2 : 0;
002FD3 : 0;
002FD4 : 0;
002FD5 : 0;
002FD6 : 0;
002FD7 : 3;
002FD8 : 3;
002FD9 : 3;
002FDA : 3;
002FDB : 3;
002FDC : 3;
002FDD : 3;
002FDE : 3;
002FDF : 3;
002FE0 : 3;
002FE1 : 3;
002FE2 : 3;
002FE3 : 3;
002FE4 : 3;
002FE5 : 0;
002FE6 : 0;
002FE7 : 0;
002FE8 : 0;
002FE9 : 0;
002FEA : 0;
002FEB : 0;
002FEC : 0;
002FED : 0;
002FEE : 2;
002FEF : 2;
002FF0 : 2;
002FF1 : 2;
002FF2 : 2;
002FF3 : 0;
002FF4 : 0;
002FF5 : 0;
002FF6 : 0;
002FF7 : 0;
002FF8 : 0;
002FF9 : 0;
002FFA : 0;
002FFB : 0;
002FFC : 0;
002FFD : 0;
002FFE : 0;
002FFF : 0;
003000 : 0;
003001 : 0;
003002 : 0;
003003 : 0;
003004 : 0;
003005 : 0;
003006 : 0;
003007 : 0;
003008 : 0;
003009 : 0;
00300A : 2;
00300B : 2;
00300C : 2;
00300D : 3;
00300E : 0;
00300F : 0;
003010 : 0;
003011 : 0;
003012 : 0;
003013 : 0;
003014 : 0;
003015 : 0;
003016 : 0;
003017 : 0;
003018 : 0;
003019 : 0;
00301A : 0;
00301B : 0;
00301C : 0;
00301D : 0;
00301E : 0;
00301F : 0;
003020 : 0;
003021 : 0;
003022 : 0;
003023 : 0;
003024 : 0;
003025 : 0;
003026 : 2;
003027 : 2;
003028 : 2;
003029 : 2;
00302A : 2;
00302B : 2;
00302C : 0;
00302D : 0;
00302E : 0;
00302F : 0;
003030 : 0;
003031 : 0;
003032 : 0;
003033 : 0;
003034 : 0;
003035 : 0;
003036 : 3;
003037 : 3;
003038 : 3;
003039 : 3;
00303A : 3;
00303B : 3;
00303C : 3;
00303D : 3;
00303E : 3;
00303F : 3;
003040 : 3;
003041 : 3;
003042 : 3;
003043 : 0;
003044 : 0;
003045 : 0;
003046 : 0;
003047 : 0;
003048 : 0;
003049 : 0;
00304A : 0;
00304B : 0;
00304C : 0;
00304D : 0;
00304E : 0;
00304F : 0;
003050 : 0;
003051 : 0;
003052 : 0;
003053 : 0;
003054 : 0;
003055 : 0;
003056 : 0;
003057 : 0;
003058 : 0;
003059 : 0;
00305A : 0;
00305B : 0;
00305C : 0;
00305D : 0;
00305E : 0;
00305F : 0;
003060 : 0;
003061 : 0;
003062 : 0;
003063 : 0;
003064 : 0;
003065 : 0;
003066 : 0;
003067 : 0;
003068 : 0;
003069 : 0;
00306A : 0;
00306B : 0;
00306C : 0;
00306D : 0;
00306E : 0;
00306F : 0;
003070 : 0;
003071 : 0;
003072 : 0;
003073 : 0;
003074 : 0;
003075 : 0;
003076 : 0;
003077 : 0;
003078 : 0;
003079 : 0;
00307A : 0;
00307B : 0;
00307C : 0;
00307D : 0;
00307E : 0;
00307F : 0;
003080 : 0;
003081 : 0;
003082 : 0;
003083 : 0;
003084 : 0;
003085 : 0;
003086 : 0;
003087 : 0;
003088 : 0;
003089 : 0;
00308A : 0;
00308B : 0;
00308C : 0;
00308D : 0;
00308E : 0;
00308F : 0;
003090 : 0;
003091 : 0;
003092 : 0;
003093 : 0;
003094 : 0;
003095 : 0;
003096 : 0;
003097 : 0;
003098 : 0;
003099 : 0;
00309A : 0;
00309B : 0;
00309C : 0;
00309D : 0;
00309E : 3;
00309F : 3;
0030A0 : 3;
0030A1 : 3;
0030A2 : 3;
0030A3 : 3;
0030A4 : 3;
0030A5 : 3;
0030A6 : 3;
0030A7 : 3;
0030A8 : 3;
0030A9 : 3;
0030AA : 3;
0030AB : 3;
0030AC : 0;
0030AD : 0;
0030AE : 0;
0030AF : 0;
0030B0 : 0;
0030B1 : 0;
0030B2 : 0;
0030B3 : 0;
0030B4 : 0;
0030B5 : 2;
0030B6 : 2;
0030B7 : 2;
0030B8 : 2;
0030B9 : 2;
0030BA : 0;
0030BB : 0;
0030BC : 0;
0030BD : 0;
0030BE : 0;
0030BF : 0;
0030C0 : 0;
0030C1 : 0;
0030C2 : 0;
0030C3 : 0;
0030C4 : 0;
0030C5 : 0;
0030C6 : 0;
0030C7 : 0;
0030C8 : 0;
0030C9 : 0;
0030CA : 0;
0030CB : 0;
0030CC : 0;
0030CD : 0;
0030CE : 0;
0030CF : 0;
0030D0 : 0;
0030D1 : 0;
0030D2 : 2;
0030D3 : 2;
0030D4 : 2;
0030D5 : 3;
0030D6 : 0;
0030D7 : 0;
0030D8 : 0;
0030D9 : 0;
0030DA : 0;
0030DB : 0;
0030DC : 0;
0030DD : 0;
0030DE : 0;
0030DF : 0;
0030E0 : 0;
0030E1 : 0;
0030E2 : 0;
0030E3 : 0;
0030E4 : 0;
0030E5 : 0;
0030E6 : 0;
0030E7 : 0;
0030E8 : 0;
0030E9 : 0;
0030EA : 0;
0030EB : 0;
0030EC : 0;
0030ED : 0;
0030EE : 0;
0030EF : 0;
0030F0 : 2;
0030F1 : 2;
0030F2 : 2;
0030F3 : 2;
0030F4 : 2;
0030F5 : 0;
0030F6 : 0;
0030F7 : 0;
0030F8 : 0;
0030F9 : 0;
0030FA : 0;
0030FB : 0;
0030FC : 0;
0030FD : 0;
0030FE : 0;
0030FF : 3;
003100 : 3;
003101 : 3;
003102 : 3;
003103 : 3;
003104 : 3;
003105 : 3;
003106 : 3;
003107 : 3;
003108 : 3;
003109 : 3;
00310A : 3;
00310B : 0;
00310C : 0;
00310D : 0;
00310E : 0;
00310F : 0;
003110 : 0;
003111 : 0;
003112 : 0;
003113 : 0;
003114 : 0;
003115 : 0;
003116 : 0;
003117 : 0;
003118 : 0;
003119 : 0;
00311A : 0;
00311B : 0;
00311C : 0;
00311D : 0;
00311E : 0;
00311F : 0;
003120 : 0;
003121 : 0;
003122 : 0;
003123 : 0;
003124 : 0;
003125 : 0;
003126 : 0;
003127 : 0;
003128 : 0;
003129 : 0;
00312A : 0;
00312B : 0;
00312C : 0;
00312D : 0;
00312E : 0;
00312F : 0;
003130 : 0;
003131 : 0;
003132 : 0;
003133 : 0;
003134 : 0;
003135 : 0;
003136 : 0;
003137 : 0;
003138 : 0;
003139 : 0;
00313A : 0;
00313B : 0;
00313C : 0;
00313D : 0;
00313E : 0;
00313F : 0;
003140 : 0;
003141 : 0;
003142 : 0;
003143 : 0;
003144 : 0;
003145 : 0;
003146 : 0;
003147 : 0;
003148 : 0;
003149 : 0;
00314A : 0;
00314B : 0;
00314C : 0;
00314D : 0;
00314E : 0;
00314F : 0;
003150 : 0;
003151 : 0;
003152 : 0;
003153 : 0;
003154 : 0;
003155 : 0;
003156 : 0;
003157 : 0;
003158 : 0;
003159 : 0;
00315A : 0;
00315B : 0;
00315C : 0;
00315D : 0;
00315E : 0;
00315F : 0;
003160 : 0;
003161 : 0;
003162 : 0;
003163 : 0;
003164 : 0;
003165 : 3;
003166 : 3;
003167 : 3;
003168 : 3;
003169 : 3;
00316A : 3;
00316B : 3;
00316C : 3;
00316D : 3;
00316E : 3;
00316F : 3;
003170 : 3;
003171 : 3;
003172 : 3;
003173 : 0;
003174 : 0;
003175 : 0;
003176 : 0;
003177 : 0;
003178 : 0;
003179 : 0;
00317A : 0;
00317B : 3;
00317C : 2;
00317D : 2;
00317E : 2;
00317F : 2;
003180 : 0;
003181 : 0;
003182 : 0;
003183 : 0;
003184 : 0;
003185 : 0;
003186 : 0;
003187 : 0;
003188 : 0;
003189 : 0;
00318A : 0;
00318B : 0;
00318C : 0;
00318D : 0;
00318E : 0;
00318F : 0;
003190 : 0;
003191 : 0;
003192 : 0;
003193 : 0;
003194 : 0;
003195 : 0;
003196 : 0;
003197 : 0;
003198 : 0;
003199 : 0;
00319A : 2;
00319B : 2;
00319C : 2;
00319D : 3;
00319E : 0;
00319F : 0;
0031A0 : 0;
0031A1 : 0;
0031A2 : 0;
0031A3 : 0;
0031A4 : 0;
0031A5 : 0;
0031A6 : 0;
0031A7 : 0;
0031A8 : 0;
0031A9 : 0;
0031AA : 0;
0031AB : 0;
0031AC : 0;
0031AD : 0;
0031AE : 0;
0031AF : 0;
0031B0 : 0;
0031B1 : 0;
0031B2 : 0;
0031B3 : 0;
0031B4 : 0;
0031B5 : 0;
0031B6 : 0;
0031B7 : 0;
0031B8 : 0;
0031B9 : 2;
0031BA : 2;
0031BB : 2;
0031BC : 2;
0031BD : 2;
0031BE : 0;
0031BF : 0;
0031C0 : 0;
0031C1 : 0;
0031C2 : 0;
0031C3 : 0;
0031C4 : 0;
0031C5 : 0;
0031C6 : 0;
0031C7 : 0;
0031C8 : 3;
0031C9 : 3;
0031CA : 3;
0031CB : 3;
0031CC : 3;
0031CD : 3;
0031CE : 3;
0031CF : 3;
0031D0 : 3;
0031D1 : 3;
0031D2 : 3;
0031D3 : 3;
0031D4 : 0;
0031D5 : 0;
0031D6 : 0;
0031D7 : 0;
0031D8 : 0;
0031D9 : 0;
0031DA : 0;
0031DB : 0;
0031DC : 0;
0031DD : 0;
0031DE : 0;
0031DF : 0;
0031E0 : 0;
0031E1 : 0;
0031E2 : 0;
0031E3 : 0;
0031E4 : 0;
0031E5 : 0;
0031E6 : 0;
0031E7 : 0;
0031E8 : 0;
0031E9 : 0;
0031EA : 0;
0031EB : 0;
0031EC : 0;
0031ED : 0;
0031EE : 0;
0031EF : 0;
0031F0 : 0;
0031F1 : 0;
0031F2 : 0;
0031F3 : 0;
0031F4 : 0;
0031F5 : 0;
0031F6 : 0;
0031F7 : 0;
0031F8 : 0;
0031F9 : 0;
0031FA : 0;
0031FB : 0;
0031FC : 0;
0031FD : 0;
0031FE : 0;
0031FF : 0;
003200 : 0;
003201 : 0;
003202 : 0;
003203 : 0;
003204 : 0;
003205 : 0;
003206 : 0;
003207 : 0;
003208 : 0;
003209 : 0;
00320A : 0;
00320B : 0;
00320C : 0;
00320D : 0;
00320E : 0;
00320F : 0;
003210 : 0;
003211 : 0;
003212 : 0;
003213 : 0;
003214 : 0;
003215 : 0;
003216 : 0;
003217 : 0;
003218 : 0;
003219 : 0;
00321A : 0;
00321B : 0;
00321C : 0;
00321D : 0;
00321E : 0;
00321F : 0;
003220 : 0;
003221 : 0;
003222 : 0;
003223 : 0;
003224 : 0;
003225 : 0;
003226 : 0;
003227 : 0;
003228 : 0;
003229 : 0;
00322A : 0;
00322B : 0;
00322C : 0;
00322D : 3;
00322E : 3;
00322F : 3;
003230 : 3;
003231 : 3;
003232 : 3;
003233 : 3;
003234 : 3;
003235 : 3;
003236 : 3;
003237 : 3;
003238 : 3;
003239 : 3;
00323A : 0;
00323B : 0;
00323C : 0;
00323D : 0;
00323E : 0;
00323F : 0;
003240 : 0;
003241 : 0;
003242 : 2;
003243 : 2;
003244 : 2;
003245 : 2;
003246 : 2;
003247 : 0;
003248 : 0;
003249 : 0;
00324A : 0;
00324B : 0;
00324C : 0;
00324D : 0;
00324E : 0;
00324F : 0;
003250 : 0;
003251 : 0;
003252 : 0;
003253 : 0;
003254 : 0;
003255 : 0;
003256 : 0;
003257 : 0;
003258 : 0;
003259 : 0;
00325A : 0;
00325B : 0;
00325C : 0;
00325D : 0;
00325E : 0;
00325F : 0;
003260 : 0;
003261 : 0;
003262 : 2;
003263 : 2;
003264 : 2;
003265 : 3;
003266 : 0;
003267 : 0;
003268 : 0;
003269 : 0;
00326A : 0;
00326B : 0;
00326C : 0;
00326D : 0;
00326E : 0;
00326F : 0;
003270 : 0;
003271 : 0;
003272 : 0;
003273 : 0;
003274 : 0;
003275 : 0;
003276 : 0;
003277 : 0;
003278 : 0;
003279 : 0;
00327A : 0;
00327B : 0;
00327C : 0;
00327D : 0;
00327E : 0;
00327F : 0;
003280 : 0;
003281 : 0;
003282 : 2;
003283 : 2;
003284 : 2;
003285 : 2;
003286 : 2;
003287 : 0;
003288 : 0;
003289 : 0;
00328A : 0;
00328B : 0;
00328C : 0;
00328D : 0;
00328E : 0;
00328F : 0;
003290 : 0;
003291 : 3;
003292 : 3;
003293 : 3;
003294 : 3;
003295 : 3;
003296 : 3;
003297 : 3;
003298 : 3;
003299 : 3;
00329A : 3;
00329B : 3;
00329C : 3;
00329D : 0;
00329E : 0;
00329F : 0;
0032A0 : 0;
0032A1 : 0;
0032A2 : 0;
0032A3 : 0;
0032A4 : 0;
0032A5 : 0;
0032A6 : 0;
0032A7 : 0;
0032A8 : 0;
0032A9 : 0;
0032AA : 0;
0032AB : 0;
0032AC : 0;
0032AD : 0;
0032AE : 0;
0032AF : 0;
0032B0 : 0;
0032B1 : 0;
0032B2 : 0;
0032B3 : 0;
0032B4 : 0;
0032B5 : 0;
0032B6 : 0;
0032B7 : 0;
0032B8 : 0;
0032B9 : 0;
0032BA : 0;
0032BB : 0;
0032BC : 0;
0032BD : 0;
0032BE : 0;
0032BF : 0;
0032C0 : 0;
0032C1 : 0;
0032C2 : 0;
0032C3 : 0;
0032C4 : 0;
0032C5 : 0;
0032C6 : 0;
0032C7 : 0;
0032C8 : 0;
0032C9 : 0;
0032CA : 0;
0032CB : 0;
0032CC : 0;
0032CD : 0;
0032CE : 0;
0032CF : 0;
0032D0 : 0;
0032D1 : 0;
0032D2 : 0;
0032D3 : 0;
0032D4 : 0;
0032D5 : 0;
0032D6 : 0;
0032D7 : 0;
0032D8 : 0;
0032D9 : 0;
0032DA : 0;
0032DB : 0;
0032DC : 0;
0032DD : 0;
0032DE : 0;
0032DF : 0;
0032E0 : 0;
0032E1 : 0;
0032E2 : 0;
0032E3 : 0;
0032E4 : 0;
0032E5 : 0;
0032E6 : 0;
0032E7 : 0;
0032E8 : 0;
0032E9 : 0;
0032EA : 0;
0032EB : 0;
0032EC : 0;
0032ED : 0;
0032EE : 0;
0032EF : 0;
0032F0 : 0;
0032F1 : 0;
0032F2 : 0;
0032F3 : 0;
0032F4 : 3;
0032F5 : 3;
0032F6 : 3;
0032F7 : 3;
0032F8 : 3;
0032F9 : 3;
0032FA : 3;
0032FB : 3;
0032FC : 3;
0032FD : 3;
0032FE : 3;
0032FF : 3;
003300 : 3;
003301 : 0;
003302 : 0;
003303 : 0;
003304 : 0;
003305 : 0;
003306 : 0;
003307 : 0;
003308 : 0;
003309 : 2;
00330A : 2;
00330B : 2;
00330C : 2;
00330D : 2;
00330E : 0;
00330F : 0;
003310 : 0;
003311 : 0;
003312 : 0;
003313 : 0;
003314 : 0;
003315 : 0;
003316 : 0;
003317 : 0;
003318 : 0;
003319 : 0;
00331A : 0;
00331B : 0;
00331C : 0;
00331D : 0;
00331E : 0;
00331F : 0;
003320 : 0;
003321 : 0;
003322 : 0;
003323 : 0;
003324 : 0;
003325 : 0;
003326 : 0;
003327 : 0;
003328 : 0;
003329 : 0;
00332A : 2;
00332B : 2;
00332C : 2;
00332D : 3;
00332E : 0;
00332F : 0;
003330 : 0;
003331 : 0;
003332 : 0;
003333 : 0;
003334 : 0;
003335 : 0;
003336 : 0;
003337 : 0;
003338 : 0;
003339 : 0;
00333A : 0;
00333B : 0;
00333C : 0;
00333D : 0;
00333E : 0;
00333F : 0;
003340 : 0;
003341 : 0;
003342 : 0;
003343 : 0;
003344 : 0;
003345 : 0;
003346 : 0;
003347 : 0;
003348 : 0;
003349 : 0;
00334A : 0;
00334B : 2;
00334C : 2;
00334D : 2;
00334E : 2;
00334F : 2;
003350 : 0;
003351 : 0;
003352 : 0;
003353 : 0;
003354 : 0;
003355 : 0;
003356 : 0;
003357 : 0;
003358 : 0;
003359 : 3;
00335A : 3;
00335B : 3;
00335C : 3;
00335D : 3;
00335E : 3;
00335F : 3;
003360 : 3;
003361 : 3;
003362 : 3;
003363 : 3;
003364 : 3;
003365 : 0;
003366 : 0;
003367 : 0;
003368 : 0;
003369 : 0;
00336A : 0;
00336B : 0;
00336C : 0;
00336D : 0;
00336E : 0;
00336F : 0;
003370 : 0;
003371 : 0;
003372 : 0;
003373 : 0;
003374 : 0;
003375 : 0;
003376 : 0;
003377 : 0;
003378 : 0;
003379 : 0;
00337A : 0;
00337B : 0;
00337C : 0;
00337D : 0;
00337E : 0;
00337F : 0;
003380 : 0;
003381 : 0;
003382 : 0;
003383 : 0;
003384 : 0;
003385 : 0;
003386 : 0;
003387 : 0;
003388 : 0;
003389 : 0;
00338A : 0;
00338B : 0;
00338C : 0;
00338D : 0;
00338E : 0;
00338F : 0;
003390 : 0;
003391 : 0;
003392 : 0;
003393 : 0;
003394 : 0;
003395 : 0;
003396 : 0;
003397 : 0;
003398 : 0;
003399 : 0;
00339A : 0;
00339B : 0;
00339C : 0;
00339D : 0;
00339E : 0;
00339F : 0;
0033A0 : 0;
0033A1 : 0;
0033A2 : 0;
0033A3 : 0;
0033A4 : 0;
0033A5 : 0;
0033A6 : 0;
0033A7 : 0;
0033A8 : 0;
0033A9 : 0;
0033AA : 0;
0033AB : 0;
0033AC : 0;
0033AD : 0;
0033AE : 0;
0033AF : 0;
0033B0 : 0;
0033B1 : 0;
0033B2 : 0;
0033B3 : 0;
0033B4 : 0;
0033B5 : 0;
0033B6 : 0;
0033B7 : 0;
0033B8 : 0;
0033B9 : 0;
0033BA : 0;
0033BB : 3;
0033BC : 3;
0033BD : 3;
0033BE : 3;
0033BF : 3;
0033C0 : 3;
0033C1 : 3;
0033C2 : 3;
0033C3 : 3;
0033C4 : 3;
0033C5 : 3;
0033C6 : 3;
0033C7 : 3;
0033C8 : 0;
0033C9 : 0;
0033CA : 0;
0033CB : 0;
0033CC : 0;
0033CD : 0;
0033CE : 0;
0033CF : 0;
0033D0 : 2;
0033D1 : 2;
0033D2 : 2;
0033D3 : 2;
0033D4 : 2;
0033D5 : 0;
0033D6 : 0;
0033D7 : 0;
0033D8 : 0;
0033D9 : 0;
0033DA : 0;
0033DB : 0;
0033DC : 0;
0033DD : 0;
0033DE : 0;
0033DF : 0;
0033E0 : 0;
0033E1 : 0;
0033E2 : 0;
0033E3 : 0;
0033E4 : 0;
0033E5 : 0;
0033E6 : 0;
0033E7 : 0;
0033E8 : 0;
0033E9 : 0;
0033EA : 0;
0033EB : 0;
0033EC : 0;
0033ED : 0;
0033EE : 0;
0033EF : 0;
0033F0 : 0;
0033F1 : 0;
0033F2 : 2;
0033F3 : 2;
0033F4 : 2;
0033F5 : 2;
0033F6 : 0;
0033F7 : 0;
0033F8 : 0;
0033F9 : 0;
0033FA : 0;
0033FB : 0;
0033FC : 0;
0033FD : 0;
0033FE : 0;
0033FF : 0;
003400 : 0;
003401 : 0;
003402 : 0;
003403 : 0;
003404 : 0;
003405 : 0;
003406 : 0;
003407 : 0;
003408 : 0;
003409 : 0;
00340A : 0;
00340B : 0;
00340C : 0;
00340D : 0;
00340E : 0;
00340F : 0;
003410 : 0;
003411 : 0;
003412 : 0;
003413 : 0;
003414 : 2;
003415 : 2;
003416 : 2;
003417 : 2;
003418 : 2;
003419 : 0;
00341A : 0;
00341B : 0;
00341C : 0;
00341D : 0;
00341E : 0;
00341F : 0;
003420 : 0;
003421 : 0;
003422 : 3;
003423 : 3;
003424 : 3;
003425 : 3;
003426 : 3;
003427 : 3;
003428 : 3;
003429 : 3;
00342A : 3;
00342B : 3;
00342C : 3;
00342D : 3;
00342E : 0;
00342F : 0;
003430 : 0;
003431 : 0;
003432 : 0;
003433 : 0;
003434 : 0;
003435 : 0;
003436 : 0;
003437 : 0;
003438 : 0;
003439 : 0;
00343A : 0;
00343B : 0;
00343C : 0;
00343D : 0;
00343E : 0;
00343F : 0;
003440 : 0;
003441 : 0;
003442 : 0;
003443 : 0;
003444 : 0;
003445 : 0;
003446 : 0;
003447 : 0;
003448 : 0;
003449 : 0;
00344A : 0;
00344B : 0;
00344C : 0;
00344D : 0;
00344E : 0;
00344F : 0;
003450 : 0;
003451 : 0;
003452 : 0;
003453 : 0;
003454 : 0;
003455 : 0;
003456 : 0;
003457 : 0;
003458 : 0;
003459 : 0;
00345A : 0;
00345B : 0;
00345C : 0;
00345D : 0;
00345E : 0;
00345F : 0;
003460 : 0;
003461 : 0;
003462 : 0;
003463 : 0;
003464 : 0;
003465 : 0;
003466 : 0;
003467 : 0;
003468 : 0;
003469 : 0;
00346A : 0;
00346B : 0;
00346C : 0;
00346D : 0;
00346E : 0;
00346F : 0;
003470 : 0;
003471 : 0;
003472 : 0;
003473 : 0;
003474 : 0;
003475 : 0;
003476 : 0;
003477 : 0;
003478 : 0;
003479 : 0;
00347A : 0;
00347B : 0;
00347C : 0;
00347D : 0;
00347E : 0;
00347F : 0;
003480 : 0;
003481 : 0;
003482 : 0;
003483 : 3;
003484 : 3;
003485 : 3;
003486 : 3;
003487 : 3;
003488 : 3;
003489 : 3;
00348A : 3;
00348B : 3;
00348C : 3;
00348D : 3;
00348E : 3;
00348F : 3;
003490 : 0;
003491 : 0;
003492 : 0;
003493 : 0;
003494 : 0;
003495 : 0;
003496 : 0;
003497 : 0;
003498 : 2;
003499 : 2;
00349A : 2;
00349B : 2;
00349C : 0;
00349D : 0;
00349E : 0;
00349F : 0;
0034A0 : 0;
0034A1 : 0;
0034A2 : 0;
0034A3 : 0;
0034A4 : 0;
0034A5 : 0;
0034A6 : 0;
0034A7 : 0;
0034A8 : 0;
0034A9 : 0;
0034AA : 0;
0034AB : 0;
0034AC : 0;
0034AD : 0;
0034AE : 0;
0034AF : 0;
0034B0 : 0;
0034B1 : 0;
0034B2 : 0;
0034B3 : 0;
0034B4 : 0;
0034B5 : 0;
0034B6 : 0;
0034B7 : 0;
0034B8 : 0;
0034B9 : 0;
0034BA : 2;
0034BB : 2;
0034BC : 2;
0034BD : 2;
0034BE : 0;
0034BF : 0;
0034C0 : 0;
0034C1 : 0;
0034C2 : 0;
0034C3 : 0;
0034C4 : 0;
0034C5 : 0;
0034C6 : 0;
0034C7 : 0;
0034C8 : 0;
0034C9 : 0;
0034CA : 0;
0034CB : 0;
0034CC : 0;
0034CD : 0;
0034CE : 0;
0034CF : 0;
0034D0 : 0;
0034D1 : 0;
0034D2 : 0;
0034D3 : 0;
0034D4 : 0;
0034D5 : 0;
0034D6 : 0;
0034D7 : 0;
0034D8 : 0;
0034D9 : 0;
0034DA : 0;
0034DB : 0;
0034DC : 0;
0034DD : 2;
0034DE : 2;
0034DF : 2;
0034E0 : 2;
0034E1 : 2;
0034E2 : 0;
0034E3 : 0;
0034E4 : 0;
0034E5 : 0;
0034E6 : 0;
0034E7 : 0;
0034E8 : 0;
0034E9 : 0;
0034EA : 0;
0034EB : 3;
0034EC : 3;
0034ED : 3;
0034EE : 3;
0034EF : 3;
0034F0 : 3;
0034F1 : 3;
0034F2 : 3;
0034F3 : 3;
0034F4 : 3;
0034F5 : 3;
0034F6 : 3;
0034F7 : 0;
0034F8 : 0;
0034F9 : 0;
0034FA : 0;
0034FB : 0;
0034FC : 0;
0034FD : 0;
0034FE : 0;
0034FF : 0;
003500 : 0;
003501 : 0;
003502 : 0;
003503 : 0;
003504 : 0;
003505 : 0;
003506 : 0;
003507 : 0;
003508 : 0;
003509 : 0;
00350A : 0;
00350B : 0;
00350C : 0;
00350D : 0;
00350E : 0;
00350F : 0;
003510 : 0;
003511 : 0;
003512 : 0;
003513 : 0;
003514 : 0;
003515 : 0;
003516 : 0;
003517 : 0;
003518 : 0;
003519 : 0;
00351A : 0;
00351B : 0;
00351C : 0;
00351D : 0;
00351E : 0;
00351F : 0;
003520 : 0;
003521 : 0;
003522 : 0;
003523 : 0;
003524 : 0;
003525 : 0;
003526 : 0;
003527 : 0;
003528 : 0;
003529 : 0;
00352A : 0;
00352B : 0;
00352C : 0;
00352D : 0;
00352E : 0;
00352F : 0;
003530 : 0;
003531 : 0;
003532 : 0;
003533 : 0;
003534 : 0;
003535 : 0;
003536 : 0;
003537 : 0;
003538 : 0;
003539 : 0;
00353A : 0;
00353B : 0;
00353C : 0;
00353D : 0;
00353E : 0;
00353F : 0;
003540 : 0;
003541 : 0;
003542 : 0;
003543 : 0;
003544 : 0;
003545 : 0;
003546 : 0;
003547 : 0;
003548 : 0;
003549 : 0;
00354A : 3;
00354B : 3;
00354C : 3;
00354D : 3;
00354E : 3;
00354F : 3;
003550 : 3;
003551 : 3;
003552 : 3;
003553 : 3;
003554 : 3;
003555 : 3;
003556 : 3;
003557 : 0;
003558 : 0;
003559 : 0;
00355A : 0;
00355B : 0;
00355C : 0;
00355D : 0;
00355E : 0;
00355F : 2;
003560 : 2;
003561 : 2;
003562 : 2;
003563 : 0;
003564 : 0;
003565 : 0;
003566 : 0;
003567 : 0;
003568 : 0;
003569 : 0;
00356A : 0;
00356B : 0;
00356C : 0;
00356D : 0;
00356E : 0;
00356F : 0;
003570 : 0;
003571 : 0;
003572 : 0;
003573 : 0;
003574 : 0;
003575 : 0;
003576 : 0;
003577 : 0;
003578 : 0;
003579 : 0;
00357A : 0;
00357B : 0;
00357C : 0;
00357D : 0;
00357E : 0;
00357F : 0;
003580 : 0;
003581 : 0;
003582 : 2;
003583 : 2;
003584 : 2;
003585 : 2;
003586 : 0;
003587 : 0;
003588 : 0;
003589 : 0;
00358A : 0;
00358B : 0;
00358C : 0;
00358D : 0;
00358E : 0;
00358F : 0;
003590 : 0;
003591 : 0;
003592 : 0;
003593 : 0;
003594 : 0;
003595 : 0;
003596 : 0;
003597 : 0;
003598 : 0;
003599 : 0;
00359A : 0;
00359B : 0;
00359C : 0;
00359D : 0;
00359E : 0;
00359F : 0;
0035A0 : 0;
0035A1 : 0;
0035A2 : 0;
0035A3 : 0;
0035A4 : 0;
0035A5 : 0;
0035A6 : 2;
0035A7 : 2;
0035A8 : 2;
0035A9 : 2;
0035AA : 2;
0035AB : 0;
0035AC : 0;
0035AD : 0;
0035AE : 0;
0035AF : 0;
0035B0 : 0;
0035B1 : 0;
0035B2 : 0;
0035B3 : 0;
0035B4 : 3;
0035B5 : 3;
0035B6 : 3;
0035B7 : 3;
0035B8 : 3;
0035B9 : 3;
0035BA : 3;
0035BB : 3;
0035BC : 3;
0035BD : 3;
0035BE : 3;
0035BF : 0;
0035C0 : 0;
0035C1 : 0;
0035C2 : 0;
0035C3 : 0;
0035C4 : 0;
0035C5 : 0;
0035C6 : 0;
0035C7 : 0;
0035C8 : 0;
0035C9 : 0;
0035CA : 0;
0035CB : 0;
0035CC : 0;
0035CD : 0;
0035CE : 0;
0035CF : 0;
0035D0 : 0;
0035D1 : 0;
0035D2 : 0;
0035D3 : 0;
0035D4 : 0;
0035D5 : 0;
0035D6 : 0;
0035D7 : 0;
0035D8 : 0;
0035D9 : 0;
0035DA : 0;
0035DB : 0;
0035DC : 0;
0035DD : 0;
0035DE : 0;
0035DF : 0;
0035E0 : 0;
0035E1 : 0;
0035E2 : 0;
0035E3 : 0;
0035E4 : 0;
0035E5 : 0;
0035E6 : 0;
0035E7 : 0;
0035E8 : 0;
0035E9 : 0;
0035EA : 0;
0035EB : 0;
0035EC : 0;
0035ED : 0;
0035EE : 0;
0035EF : 0;
0035F0 : 0;
0035F1 : 0;
0035F2 : 0;
0035F3 : 0;
0035F4 : 0;
0035F5 : 0;
0035F6 : 0;
0035F7 : 0;
0035F8 : 0;
0035F9 : 0;
0035FA : 0;
0035FB : 0;
0035FC : 0;
0035FD : 0;
0035FE : 0;
0035FF : 0;
003600 : 0;
003601 : 0;
003602 : 0;
003603 : 0;
003604 : 0;
003605 : 0;
003606 : 0;
003607 : 0;
003608 : 0;
003609 : 0;
00360A : 0;
00360B : 0;
00360C : 0;
00360D : 0;
00360E : 0;
00360F : 0;
003610 : 0;
003611 : 0;
003612 : 3;
003613 : 3;
003614 : 3;
003615 : 3;
003616 : 3;
003617 : 3;
003618 : 3;
003619 : 3;
00361A : 3;
00361B : 3;
00361C : 3;
00361D : 3;
00361E : 0;
00361F : 0;
003620 : 0;
003621 : 0;
003622 : 0;
003623 : 0;
003624 : 0;
003625 : 0;
003626 : 2;
003627 : 2;
003628 : 2;
003629 : 2;
00362A : 0;
00362B : 0;
00362C : 0;
00362D : 0;
00362E : 0;
00362F : 0;
003630 : 0;
003631 : 0;
003632 : 0;
003633 : 0;
003634 : 0;
003635 : 0;
003636 : 0;
003637 : 0;
003638 : 0;
003639 : 0;
00363A : 0;
00363B : 0;
00363C : 0;
00363D : 0;
00363E : 0;
00363F : 0;
003640 : 0;
003641 : 0;
003642 : 0;
003643 : 0;
003644 : 0;
003645 : 0;
003646 : 0;
003647 : 0;
003648 : 0;
003649 : 0;
00364A : 2;
00364B : 2;
00364C : 2;
00364D : 3;
00364E : 0;
00364F : 0;
003650 : 0;
003651 : 0;
003652 : 0;
003653 : 0;
003654 : 0;
003655 : 0;
003656 : 0;
003657 : 0;
003658 : 0;
003659 : 0;
00365A : 0;
00365B : 0;
00365C : 0;
00365D : 0;
00365E : 0;
00365F : 0;
003660 : 0;
003661 : 0;
003662 : 0;
003663 : 0;
003664 : 0;
003665 : 0;
003666 : 0;
003667 : 0;
003668 : 0;
003669 : 0;
00366A : 0;
00366B : 0;
00366C : 0;
00366D : 0;
00366E : 0;
00366F : 2;
003670 : 2;
003671 : 2;
003672 : 2;
003673 : 3;
003674 : 0;
003675 : 0;
003676 : 0;
003677 : 0;
003678 : 0;
003679 : 0;
00367A : 0;
00367B : 0;
00367C : 3;
00367D : 3;
00367E : 3;
00367F : 3;
003680 : 3;
003681 : 3;
003682 : 3;
003683 : 3;
003684 : 3;
003685 : 3;
003686 : 3;
003687 : 3;
003688 : 0;
003689 : 0;
00368A : 0;
00368B : 0;
00368C : 0;
00368D : 0;
00368E : 0;
00368F : 0;
003690 : 0;
003691 : 0;
003692 : 0;
003693 : 0;
003694 : 0;
003695 : 0;
003696 : 0;
003697 : 0;
003698 : 0;
003699 : 0;
00369A : 0;
00369B : 0;
00369C : 0;
00369D : 0;
00369E : 0;
00369F : 0;
0036A0 : 0;
0036A1 : 0;
0036A2 : 0;
0036A3 : 0;
0036A4 : 0;
0036A5 : 0;
0036A6 : 0;
0036A7 : 0;
0036A8 : 0;
0036A9 : 0;
0036AA : 0;
0036AB : 0;
0036AC : 0;
0036AD : 0;
0036AE : 0;
0036AF : 0;
0036B0 : 0;
0036B1 : 0;
0036B2 : 0;
0036B3 : 0;
0036B4 : 0;
0036B5 : 0;
0036B6 : 0;
0036B7 : 0;
0036B8 : 0;
0036B9 : 0;
0036BA : 0;
0036BB : 0;
0036BC : 0;
0036BD : 0;
0036BE : 0;
0036BF : 0;
0036C0 : 0;
0036C1 : 0;
0036C2 : 0;
0036C3 : 0;
0036C4 : 0;
0036C5 : 0;
0036C6 : 0;
0036C7 : 0;
0036C8 : 0;
0036C9 : 0;
0036CA : 0;
0036CB : 0;
0036CC : 0;
0036CD : 0;
0036CE : 0;
0036CF : 0;
0036D0 : 0;
0036D1 : 0;
0036D2 : 0;
0036D3 : 0;
0036D4 : 0;
0036D5 : 0;
0036D6 : 0;
0036D7 : 0;
0036D8 : 0;
0036D9 : 3;
0036DA : 3;
0036DB : 3;
0036DC : 3;
0036DD : 3;
0036DE : 3;
0036DF : 3;
0036E0 : 3;
0036E1 : 3;
0036E2 : 3;
0036E3 : 3;
0036E4 : 3;
0036E5 : 3;
0036E6 : 0;
0036E7 : 0;
0036E8 : 0;
0036E9 : 0;
0036EA : 0;
0036EB : 0;
0036EC : 0;
0036ED : 2;
0036EE : 2;
0036EF : 2;
0036F0 : 2;
0036F1 : 0;
0036F2 : 0;
0036F3 : 0;
0036F4 : 0;
0036F5 : 0;
0036F6 : 0;
0036F7 : 0;
0036F8 : 0;
0036F9 : 0;
0036FA : 0;
0036FB : 0;
0036FC : 0;
0036FD : 0;
0036FE : 0;
0036FF : 0;
003700 : 0;
003701 : 0;
003702 : 0;
003703 : 0;
003704 : 0;
003705 : 0;
003706 : 0;
003707 : 0;
003708 : 0;
003709 : 0;
00370A : 0;
00370B : 0;
00370C : 0;
00370D : 0;
00370E : 0;
00370F : 2;
003710 : 2;
003711 : 2;
003712 : 2;
003713 : 2;
003714 : 2;
003715 : 2;
003716 : 2;
003717 : 2;
003718 : 2;
003719 : 0;
00371A : 0;
00371B : 0;
00371C : 0;
00371D : 0;
00371E : 0;
00371F : 0;
003720 : 0;
003721 : 0;
003722 : 0;
003723 : 0;
003724 : 0;
003725 : 0;
003726 : 0;
003727 : 0;
003728 : 0;
003729 : 0;
00372A : 0;
00372B : 0;
00372C : 0;
00372D : 0;
00372E : 0;
00372F : 0;
003730 : 0;
003731 : 0;
003732 : 0;
003733 : 0;
003734 : 0;
003735 : 0;
003736 : 0;
003737 : 0;
003738 : 2;
003739 : 2;
00373A : 2;
00373B : 2;
00373C : 0;
00373D : 0;
00373E : 0;
00373F : 0;
003740 : 0;
003741 : 0;
003742 : 0;
003743 : 0;
003744 : 0;
003745 : 3;
003746 : 3;
003747 : 3;
003748 : 3;
003749 : 3;
00374A : 3;
00374B : 3;
00374C : 3;
00374D : 3;
00374E : 3;
00374F : 3;
003750 : 0;
003751 : 0;
003752 : 0;
003753 : 0;
003754 : 0;
003755 : 0;
003756 : 0;
003757 : 0;
003758 : 0;
003759 : 0;
00375A : 0;
00375B : 0;
00375C : 0;
00375D : 0;
00375E : 0;
00375F : 0;
003760 : 0;
003761 : 0;
003762 : 0;
003763 : 0;
003764 : 0;
003765 : 0;
003766 : 0;
003767 : 0;
003768 : 0;
003769 : 0;
00376A : 0;
00376B : 0;
00376C : 0;
00376D : 0;
00376E : 0;
00376F : 0;
003770 : 0;
003771 : 0;
003772 : 0;
003773 : 0;
003774 : 0;
003775 : 0;
003776 : 0;
003777 : 0;
003778 : 0;
003779 : 0;
00377A : 0;
00377B : 0;
00377C : 0;
00377D : 0;
00377E : 0;
00377F : 0;
003780 : 0;
003781 : 0;
003782 : 0;
003783 : 0;
003784 : 0;
003785 : 0;
003786 : 0;
003787 : 0;
003788 : 0;
003789 : 0;
00378A : 0;
00378B : 0;
00378C : 0;
00378D : 0;
00378E : 0;
00378F : 0;
003790 : 0;
003791 : 0;
003792 : 0;
003793 : 0;
003794 : 0;
003795 : 0;
003796 : 0;
003797 : 0;
003798 : 0;
003799 : 0;
00379A : 0;
00379B : 0;
00379C : 0;
00379D : 0;
00379E : 0;
00379F : 0;
0037A0 : 0;
0037A1 : 3;
0037A2 : 3;
0037A3 : 3;
0037A4 : 3;
0037A5 : 3;
0037A6 : 3;
0037A7 : 3;
0037A8 : 3;
0037A9 : 3;
0037AA : 3;
0037AB : 3;
0037AC : 3;
0037AD : 0;
0037AE : 0;
0037AF : 0;
0037B0 : 0;
0037B1 : 0;
0037B2 : 0;
0037B3 : 0;
0037B4 : 2;
0037B5 : 2;
0037B6 : 2;
0037B7 : 2;
0037B8 : 0;
0037B9 : 0;
0037BA : 0;
0037BB : 0;
0037BC : 0;
0037BD : 0;
0037BE : 0;
0037BF : 0;
0037C0 : 0;
0037C1 : 0;
0037C2 : 0;
0037C3 : 0;
0037C4 : 0;
0037C5 : 0;
0037C6 : 0;
0037C7 : 0;
0037C8 : 0;
0037C9 : 0;
0037CA : 0;
0037CB : 0;
0037CC : 0;
0037CD : 0;
0037CE : 0;
0037CF : 0;
0037D0 : 0;
0037D1 : 0;
0037D2 : 0;
0037D3 : 0;
0037D4 : 0;
0037D5 : 0;
0037D6 : 2;
0037D7 : 2;
0037D8 : 2;
0037D9 : 2;
0037DA : 2;
0037DB : 2;
0037DC : 2;
0037DD : 2;
0037DE : 2;
0037DF : 2;
0037E0 : 2;
0037E1 : 2;
0037E2 : 0;
0037E3 : 0;
0037E4 : 0;
0037E5 : 0;
0037E6 : 0;
0037E7 : 0;
0037E8 : 0;
0037E9 : 0;
0037EA : 0;
0037EB : 0;
0037EC : 0;
0037ED : 0;
0037EE : 0;
0037EF : 0;
0037F0 : 0;
0037F1 : 0;
0037F2 : 0;
0037F3 : 0;
0037F4 : 0;
0037F5 : 0;
0037F6 : 0;
0037F7 : 0;
0037F8 : 0;
0037F9 : 0;
0037FA : 0;
0037FB : 0;
0037FC : 0;
0037FD : 0;
0037FE : 0;
0037FF : 0;
003800 : 0;
003801 : 2;
003802 : 2;
003803 : 2;
003804 : 2;
003805 : 0;
003806 : 0;
003807 : 0;
003808 : 0;
003809 : 0;
00380A : 0;
00380B : 0;
00380C : 0;
00380D : 0;
00380E : 3;
00380F : 3;
003810 : 3;
003811 : 3;
003812 : 3;
003813 : 3;
003814 : 3;
003815 : 3;
003816 : 3;
003817 : 3;
003818 : 3;
003819 : 0;
00381A : 0;
00381B : 0;
00381C : 0;
00381D : 0;
00381E : 0;
00381F : 0;
003820 : 0;
003821 : 0;
003822 : 0;
003823 : 0;
003824 : 0;
003825 : 0;
003826 : 0;
003827 : 0;
003828 : 0;
003829 : 0;
00382A : 0;
00382B : 0;
00382C : 0;
00382D : 0;
00382E : 0;
00382F : 0;
003830 : 0;
003831 : 0;
003832 : 0;
003833 : 0;
003834 : 0;
003835 : 0;
003836 : 0;
003837 : 0;
003838 : 0;
003839 : 0;
00383A : 0;
00383B : 0;
00383C : 0;
00383D : 0;
00383E : 0;
00383F : 0;
003840 : 0;
003841 : 0;
003842 : 0;
003843 : 0;
003844 : 0;
003845 : 0;
003846 : 0;
003847 : 0;
003848 : 0;
003849 : 0;
00384A : 0;
00384B : 0;
00384C : 0;
00384D : 0;
00384E : 0;
00384F : 0;
003850 : 0;
003851 : 0;
003852 : 0;
003853 : 0;
003854 : 0;
003855 : 0;
003856 : 0;
003857 : 0;
003858 : 0;
003859 : 0;
00385A : 0;
00385B : 0;
00385C : 0;
00385D : 0;
00385E : 0;
00385F : 0;
003860 : 0;
003861 : 0;
003862 : 0;
003863 : 0;
003864 : 0;
003865 : 0;
003866 : 0;
003867 : 0;
003868 : 3;
003869 : 3;
00386A : 3;
00386B : 3;
00386C : 3;
00386D : 3;
00386E : 3;
00386F : 3;
003870 : 3;
003871 : 3;
003872 : 3;
003873 : 3;
003874 : 0;
003875 : 0;
003876 : 0;
003877 : 0;
003878 : 0;
003879 : 0;
00387A : 0;
00387B : 0;
00387C : 2;
00387D : 2;
00387E : 2;
00387F : 2;
003880 : 0;
003881 : 0;
003882 : 0;
003883 : 0;
003884 : 0;
003885 : 0;
003886 : 0;
003887 : 0;
003888 : 0;
003889 : 0;
00388A : 0;
00388B : 0;
00388C : 0;
00388D : 0;
00388E : 0;
00388F : 0;
003890 : 0;
003891 : 0;
003892 : 0;
003893 : 0;
003894 : 0;
003895 : 0;
003896 : 0;
003897 : 0;
003898 : 0;
003899 : 0;
00389A : 0;
00389B : 0;
00389C : 0;
00389D : 0;
00389E : 2;
00389F : 2;
0038A0 : 2;
0038A1 : 2;
0038A2 : 2;
0038A3 : 2;
0038A4 : 2;
0038A5 : 2;
0038A6 : 2;
0038A7 : 2;
0038A8 : 2;
0038A9 : 2;
0038AA : 0;
0038AB : 0;
0038AC : 0;
0038AD : 0;
0038AE : 0;
0038AF : 0;
0038B0 : 0;
0038B1 : 0;
0038B2 : 0;
0038B3 : 0;
0038B4 : 0;
0038B5 : 0;
0038B6 : 0;
0038B7 : 0;
0038B8 : 0;
0038B9 : 0;
0038BA : 0;
0038BB : 0;
0038BC : 0;
0038BD : 0;
0038BE : 0;
0038BF : 0;
0038C0 : 0;
0038C1 : 0;
0038C2 : 0;
0038C3 : 0;
0038C4 : 0;
0038C5 : 0;
0038C6 : 0;
0038C7 : 0;
0038C8 : 0;
0038C9 : 0;
0038CA : 2;
0038CB : 2;
0038CC : 2;
0038CD : 2;
0038CE : 0;
0038CF : 0;
0038D0 : 0;
0038D1 : 0;
0038D2 : 0;
0038D3 : 0;
0038D4 : 0;
0038D5 : 0;
0038D6 : 3;
0038D7 : 3;
0038D8 : 3;
0038D9 : 3;
0038DA : 3;
0038DB : 3;
0038DC : 3;
0038DD : 3;
0038DE : 3;
0038DF : 3;
0038E0 : 3;
0038E1 : 0;
0038E2 : 0;
0038E3 : 0;
0038E4 : 0;
0038E5 : 0;
0038E6 : 0;
0038E7 : 0;
0038E8 : 0;
0038E9 : 0;
0038EA : 0;
0038EB : 0;
0038EC : 0;
0038ED : 0;
0038EE : 0;
0038EF : 0;
0038F0 : 0;
0038F1 : 0;
0038F2 : 0;
0038F3 : 0;
0038F4 : 0;
0038F5 : 0;
0038F6 : 0;
0038F7 : 0;
0038F8 : 0;
0038F9 : 0;
0038FA : 0;
0038FB : 0;
0038FC : 0;
0038FD : 0;
0038FE : 0;
0038FF : 0;
003900 : 0;
003901 : 0;
003902 : 0;
003903 : 0;
003904 : 0;
003905 : 0;
003906 : 0;
003907 : 0;
003908 : 0;
003909 : 0;
00390A : 0;
00390B : 0;
00390C : 0;
00390D : 0;
00390E : 0;
00390F : 0;
003910 : 0;
003911 : 0;
003912 : 0;
003913 : 0;
003914 : 0;
003915 : 0;
003916 : 0;
003917 : 0;
003918 : 0;
003919 : 0;
00391A : 0;
00391B : 0;
00391C : 0;
00391D : 0;
00391E : 0;
00391F : 0;
003920 : 0;
003921 : 0;
003922 : 0;
003923 : 0;
003924 : 0;
003925 : 0;
003926 : 0;
003927 : 0;
003928 : 0;
003929 : 0;
00392A : 0;
00392B : 0;
00392C : 0;
00392D : 0;
00392E : 0;
00392F : 0;
003930 : 3;
003931 : 3;
003932 : 3;
003933 : 3;
003934 : 3;
003935 : 3;
003936 : 3;
003937 : 3;
003938 : 3;
003939 : 3;
00393A : 3;
00393B : 3;
00393C : 0;
00393D : 0;
00393E : 0;
00393F : 0;
003940 : 0;
003941 : 0;
003942 : 0;
003943 : 2;
003944 : 2;
003945 : 2;
003946 : 2;
003947 : 0;
003948 : 0;
003949 : 0;
00394A : 0;
00394B : 0;
00394C : 0;
00394D : 0;
00394E : 0;
00394F : 0;
003950 : 0;
003951 : 0;
003952 : 0;
003953 : 0;
003954 : 0;
003955 : 0;
003956 : 0;
003957 : 0;
003958 : 0;
003959 : 0;
00395A : 0;
00395B : 0;
00395C : 0;
00395D : 0;
00395E : 0;
00395F : 0;
003960 : 0;
003961 : 0;
003962 : 0;
003963 : 0;
003964 : 0;
003965 : 0;
003966 : 0;
003967 : 2;
003968 : 2;
003969 : 2;
00396A : 2;
00396B : 2;
00396C : 2;
00396D : 2;
00396E : 2;
00396F : 2;
003970 : 2;
003971 : 0;
003972 : 0;
003973 : 0;
003974 : 0;
003975 : 0;
003976 : 0;
003977 : 0;
003978 : 0;
003979 : 0;
00397A : 0;
00397B : 0;
00397C : 0;
00397D : 0;
00397E : 0;
00397F : 0;
003980 : 0;
003981 : 0;
003982 : 0;
003983 : 0;
003984 : 0;
003985 : 0;
003986 : 0;
003987 : 0;
003988 : 0;
003989 : 0;
00398A : 0;
00398B : 0;
00398C : 0;
00398D : 0;
00398E : 0;
00398F : 0;
003990 : 0;
003991 : 0;
003992 : 2;
003993 : 2;
003994 : 2;
003995 : 2;
003996 : 0;
003997 : 0;
003998 : 0;
003999 : 0;
00399A : 0;
00399B : 0;
00399C : 0;
00399D : 0;
00399E : 0;
00399F : 3;
0039A0 : 3;
0039A1 : 3;
0039A2 : 3;
0039A3 : 3;
0039A4 : 3;
0039A5 : 3;
0039A6 : 3;
0039A7 : 3;
0039A8 : 3;
0039A9 : 3;
0039AA : 0;
0039AB : 0;
0039AC : 0;
0039AD : 0;
0039AE : 0;
0039AF : 0;
0039B0 : 0;
0039B1 : 0;
0039B2 : 0;
0039B3 : 0;
0039B4 : 0;
0039B5 : 0;
0039B6 : 0;
0039B7 : 0;
0039B8 : 0;
0039B9 : 0;
0039BA : 0;
0039BB : 0;
0039BC : 0;
0039BD : 0;
0039BE : 0;
0039BF : 0;
0039C0 : 0;
0039C1 : 0;
0039C2 : 0;
0039C3 : 0;
0039C4 : 0;
0039C5 : 0;
0039C6 : 0;
0039C7 : 0;
0039C8 : 0;
0039C9 : 0;
0039CA : 0;
0039CB : 0;
0039CC : 0;
0039CD : 0;
0039CE : 0;
0039CF : 0;
0039D0 : 0;
0039D1 : 0;
0039D2 : 0;
0039D3 : 0;
0039D4 : 0;
0039D5 : 0;
0039D6 : 0;
0039D7 : 0;
0039D8 : 0;
0039D9 : 0;
0039DA : 0;
0039DB : 0;
0039DC : 0;
0039DD : 0;
0039DE : 0;
0039DF : 0;
0039E0 : 0;
0039E1 : 0;
0039E2 : 0;
0039E3 : 0;
0039E4 : 0;
0039E5 : 0;
0039E6 : 0;
0039E7 : 0;
0039E8 : 0;
0039E9 : 0;
0039EA : 0;
0039EB : 0;
0039EC : 0;
0039ED : 0;
0039EE : 0;
0039EF : 0;
0039F0 : 0;
0039F1 : 0;
0039F2 : 0;
0039F3 : 0;
0039F4 : 0;
0039F5 : 0;
0039F6 : 0;
0039F7 : 3;
0039F8 : 3;
0039F9 : 3;
0039FA : 3;
0039FB : 3;
0039FC : 3;
0039FD : 3;
0039FE : 3;
0039FF : 3;
003A00 : 3;
003A01 : 3;
003A02 : 3;
003A03 : 0;
003A04 : 0;
003A05 : 0;
003A06 : 0;
003A07 : 0;
003A08 : 0;
003A09 : 0;
003A0A : 2;
003A0B : 2;
003A0C : 2;
003A0D : 2;
003A0E : 0;
003A0F : 0;
003A10 : 0;
003A11 : 0;
003A12 : 0;
003A13 : 0;
003A14 : 0;
003A15 : 0;
003A16 : 0;
003A17 : 0;
003A18 : 0;
003A19 : 0;
003A1A : 0;
003A1B : 0;
003A1C : 0;
003A1D : 0;
003A1E : 0;
003A1F : 0;
003A20 : 0;
003A21 : 0;
003A22 : 0;
003A23 : 0;
003A24 : 0;
003A25 : 0;
003A26 : 0;
003A27 : 0;
003A28 : 0;
003A29 : 0;
003A2A : 0;
003A2B : 0;
003A2C : 0;
003A2D : 0;
003A2E : 0;
003A2F : 0;
003A30 : 0;
003A31 : 0;
003A32 : 2;
003A33 : 2;
003A34 : 2;
003A35 : 0;
003A36 : 0;
003A37 : 0;
003A38 : 0;
003A39 : 0;
003A3A : 0;
003A3B : 0;
003A3C : 0;
003A3D : 0;
003A3E : 0;
003A3F : 0;
003A40 : 0;
003A41 : 0;
003A42 : 0;
003A43 : 0;
003A44 : 0;
003A45 : 0;
003A46 : 0;
003A47 : 0;
003A48 : 0;
003A49 : 0;
003A4A : 0;
003A4B : 0;
003A4C : 0;
003A4D : 0;
003A4E : 0;
003A4F : 0;
003A50 : 0;
003A51 : 0;
003A52 : 0;
003A53 : 0;
003A54 : 0;
003A55 : 0;
003A56 : 0;
003A57 : 0;
003A58 : 0;
003A59 : 0;
003A5A : 0;
003A5B : 2;
003A5C : 2;
003A5D : 2;
003A5E : 2;
003A5F : 0;
003A60 : 0;
003A61 : 0;
003A62 : 0;
003A63 : 0;
003A64 : 0;
003A65 : 0;
003A66 : 0;
003A67 : 3;
003A68 : 3;
003A69 : 3;
003A6A : 3;
003A6B : 3;
003A6C : 3;
003A6D : 3;
003A6E : 3;
003A6F : 3;
003A70 : 3;
003A71 : 3;
003A72 : 0;
003A73 : 0;
003A74 : 0;
003A75 : 0;
003A76 : 0;
003A77 : 0;
003A78 : 0;
003A79 : 0;
003A7A : 0;
003A7B : 0;
003A7C : 0;
003A7D : 0;
003A7E : 0;
003A7F : 0;
003A80 : 0;
003A81 : 0;
003A82 : 0;
003A83 : 0;
003A84 : 0;
003A85 : 0;
003A86 : 0;
003A87 : 0;
003A88 : 0;
003A89 : 0;
003A8A : 0;
003A8B : 0;
003A8C : 0;
003A8D : 0;
003A8E : 0;
003A8F : 0;
003A90 : 0;
003A91 : 0;
003A92 : 0;
003A93 : 0;
003A94 : 0;
003A95 : 0;
003A96 : 0;
003A97 : 0;
003A98 : 0;
003A99 : 0;
003A9A : 0;
003A9B : 0;
003A9C : 0;
003A9D : 0;
003A9E : 0;
003A9F : 0;
003AA0 : 0;
003AA1 : 0;
003AA2 : 0;
003AA3 : 0;
003AA4 : 0;
003AA5 : 0;
003AA6 : 0;
003AA7 : 0;
003AA8 : 0;
003AA9 : 0;
003AAA : 0;
003AAB : 0;
003AAC : 0;
003AAD : 0;
003AAE : 0;
003AAF : 0;
003AB0 : 0;
003AB1 : 0;
003AB2 : 0;
003AB3 : 0;
003AB4 : 0;
003AB5 : 0;
003AB6 : 0;
003AB7 : 0;
003AB8 : 0;
003AB9 : 0;
003ABA : 0;
003ABB : 0;
003ABC : 0;
003ABD : 0;
003ABE : 0;
003ABF : 3;
003AC0 : 3;
003AC1 : 3;
003AC2 : 3;
003AC3 : 3;
003AC4 : 3;
003AC5 : 3;
003AC6 : 3;
003AC7 : 3;
003AC8 : 3;
003AC9 : 3;
003ACA : 3;
003ACB : 0;
003ACC : 0;
003ACD : 0;
003ACE : 0;
003ACF : 0;
003AD0 : 0;
003AD1 : 0;
003AD2 : 2;
003AD3 : 2;
003AD4 : 2;
003AD5 : 2;
003AD6 : 0;
003AD7 : 0;
003AD8 : 0;
003AD9 : 0;
003ADA : 0;
003ADB : 0;
003ADC : 0;
003ADD : 0;
003ADE : 0;
003ADF : 0;
003AE0 : 0;
003AE1 : 0;
003AE2 : 0;
003AE3 : 0;
003AE4 : 0;
003AE5 : 0;
003AE6 : 0;
003AE7 : 0;
003AE8 : 0;
003AE9 : 0;
003AEA : 0;
003AEB : 0;
003AEC : 0;
003AED : 0;
003AEE : 0;
003AEF : 0;
003AF0 : 0;
003AF1 : 0;
003AF2 : 0;
003AF3 : 0;
003AF4 : 0;
003AF5 : 0;
003AF6 : 0;
003AF7 : 0;
003AF8 : 0;
003AF9 : 0;
003AFA : 2;
003AFB : 2;
003AFC : 2;
003AFD : 3;
003AFE : 0;
003AFF : 0;
003B00 : 0;
003B01 : 0;
003B02 : 0;
003B03 : 0;
003B04 : 0;
003B05 : 0;
003B06 : 0;
003B07 : 0;
003B08 : 0;
003B09 : 0;
003B0A : 0;
003B0B : 0;
003B0C : 0;
003B0D : 0;
003B0E : 0;
003B0F : 0;
003B10 : 0;
003B11 : 0;
003B12 : 0;
003B13 : 0;
003B14 : 0;
003B15 : 0;
003B16 : 0;
003B17 : 0;
003B18 : 0;
003B19 : 0;
003B1A : 0;
003B1B : 0;
003B1C : 0;
003B1D : 0;
003B1E : 0;
003B1F : 0;
003B20 : 0;
003B21 : 0;
003B22 : 0;
003B23 : 0;
003B24 : 2;
003B25 : 2;
003B26 : 2;
003B27 : 2;
003B28 : 0;
003B29 : 0;
003B2A : 0;
003B2B : 0;
003B2C : 0;
003B2D : 0;
003B2E : 0;
003B2F : 0;
003B30 : 3;
003B31 : 3;
003B32 : 3;
003B33 : 3;
003B34 : 3;
003B35 : 3;
003B36 : 3;
003B37 : 3;
003B38 : 3;
003B39 : 3;
003B3A : 3;
003B3B : 0;
003B3C : 0;
003B3D : 0;
003B3E : 0;
003B3F : 0;
003B40 : 0;
003B41 : 0;
003B42 : 0;
003B43 : 0;
003B44 : 0;
003B45 : 0;
003B46 : 0;
003B47 : 0;
003B48 : 0;
003B49 : 0;
003B4A : 0;
003B4B : 0;
003B4C : 0;
003B4D : 0;
003B4E : 0;
003B4F : 0;
003B50 : 0;
003B51 : 0;
003B52 : 0;
003B53 : 0;
003B54 : 0;
003B55 : 0;
003B56 : 0;
003B57 : 0;
003B58 : 0;
003B59 : 0;
003B5A : 0;
003B5B : 0;
003B5C : 0;
003B5D : 0;
003B5E : 0;
003B5F : 0;
003B60 : 0;
003B61 : 0;
003B62 : 0;
003B63 : 0;
003B64 : 0;
003B65 : 0;
003B66 : 0;
003B67 : 0;
003B68 : 0;
003B69 : 0;
003B6A : 0;
003B6B : 0;
003B6C : 0;
003B6D : 0;
003B6E : 0;
003B6F : 0;
003B70 : 0;
003B71 : 0;
003B72 : 0;
003B73 : 0;
003B74 : 0;
003B75 : 0;
003B76 : 0;
003B77 : 0;
003B78 : 0;
003B79 : 0;
003B7A : 0;
003B7B : 0;
003B7C : 0;
003B7D : 0;
003B7E : 0;
003B7F : 0;
003B80 : 0;
003B81 : 0;
003B82 : 0;
003B83 : 0;
003B84 : 0;
003B85 : 0;
003B86 : 3;
003B87 : 3;
003B88 : 3;
003B89 : 3;
003B8A : 3;
003B8B : 3;
003B8C : 3;
003B8D : 3;
003B8E : 3;
003B8F : 3;
003B90 : 3;
003B91 : 3;
003B92 : 0;
003B93 : 0;
003B94 : 0;
003B95 : 0;
003B96 : 0;
003B97 : 0;
003B98 : 0;
003B99 : 2;
003B9A : 2;
003B9B : 2;
003B9C : 2;
003B9D : 0;
003B9E : 0;
003B9F : 0;
003BA0 : 0;
003BA1 : 0;
003BA2 : 0;
003BA3 : 0;
003BA4 : 0;
003BA5 : 0;
003BA6 : 0;
003BA7 : 0;
003BA8 : 0;
003BA9 : 0;
003BAA : 0;
003BAB : 0;
003BAC : 0;
003BAD : 0;
003BAE : 0;
003BAF : 0;
003BB0 : 0;
003BB1 : 0;
003BB2 : 0;
003BB3 : 0;
003BB4 : 0;
003BB5 : 0;
003BB6 : 0;
003BB7 : 0;
003BB8 : 0;
003BB9 : 0;
003BBA : 0;
003BBB : 0;
003BBC : 0;
003BBD : 0;
003BBE : 0;
003BBF : 0;
003BC0 : 0;
003BC1 : 0;
003BC2 : 2;
003BC3 : 2;
003BC4 : 2;
003BC5 : 2;
003BC6 : 0;
003BC7 : 0;
003BC8 : 0;
003BC9 : 0;
003BCA : 0;
003BCB : 0;
003BCC : 0;
003BCD : 0;
003BCE : 0;
003BCF : 0;
003BD0 : 0;
003BD1 : 0;
003BD2 : 0;
003BD3 : 0;
003BD4 : 0;
003BD5 : 0;
003BD6 : 0;
003BD7 : 0;
003BD8 : 0;
003BD9 : 0;
003BDA : 0;
003BDB : 0;
003BDC : 0;
003BDD : 0;
003BDE : 0;
003BDF : 0;
003BE0 : 0;
003BE1 : 0;
003BE2 : 0;
003BE3 : 0;
003BE4 : 0;
003BE5 : 0;
003BE6 : 0;
003BE7 : 0;
003BE8 : 0;
003BE9 : 0;
003BEA : 0;
003BEB : 0;
003BEC : 2;
003BED : 2;
003BEE : 2;
003BEF : 2;
003BF0 : 0;
003BF1 : 0;
003BF2 : 0;
003BF3 : 0;
003BF4 : 0;
003BF5 : 0;
003BF6 : 0;
003BF7 : 0;
003BF8 : 3;
003BF9 : 3;
003BFA : 3;
003BFB : 3;
003BFC : 3;
003BFD : 3;
003BFE : 3;
003BFF : 3;
003C00 : 3;
003C01 : 3;
003C02 : 3;
003C03 : 0;
003C04 : 0;
003C05 : 0;
003C06 : 0;
003C07 : 0;
003C08 : 0;
003C09 : 0;
003C0A : 0;
003C0B : 0;
003C0C : 0;
003C0D : 0;
003C0E : 0;
003C0F : 0;
003C10 : 0;
003C11 : 0;
003C12 : 0;
003C13 : 0;
003C14 : 0;
003C15 : 0;
003C16 : 0;
003C17 : 0;
003C18 : 0;
003C19 : 0;
003C1A : 0;
003C1B : 0;
003C1C : 0;
003C1D : 0;
003C1E : 0;
003C1F : 0;
003C20 : 0;
003C21 : 0;
003C22 : 0;
003C23 : 0;
003C24 : 0;
003C25 : 0;
003C26 : 0;
003C27 : 0;
003C28 : 0;
003C29 : 0;
003C2A : 0;
003C2B : 0;
003C2C : 0;
003C2D : 0;
003C2E : 0;
003C2F : 0;
003C30 : 0;
003C31 : 0;
003C32 : 0;
003C33 : 0;
003C34 : 0;
003C35 : 0;
003C36 : 0;
003C37 : 0;
003C38 : 0;
003C39 : 0;
003C3A : 0;
003C3B : 0;
003C3C : 0;
003C3D : 0;
003C3E : 0;
003C3F : 0;
003C40 : 0;
003C41 : 0;
003C42 : 0;
003C43 : 0;
003C44 : 0;
003C45 : 0;
003C46 : 0;
003C47 : 0;
003C48 : 0;
003C49 : 0;
003C4A : 0;
003C4B : 0;
003C4C : 0;
003C4D : 0;
003C4E : 3;
003C4F : 3;
003C50 : 3;
003C51 : 3;
003C52 : 3;
003C53 : 3;
003C54 : 3;
003C55 : 3;
003C56 : 3;
003C57 : 3;
003C58 : 3;
003C59 : 3;
003C5A : 0;
003C5B : 0;
003C5C : 0;
003C5D : 0;
003C5E : 0;
003C5F : 0;
003C60 : 0;
003C61 : 2;
003C62 : 2;
003C63 : 2;
003C64 : 0;
003C65 : 0;
003C66 : 0;
003C67 : 0;
003C68 : 0;
003C69 : 0;
003C6A : 0;
003C6B : 0;
003C6C : 0;
003C6D : 0;
003C6E : 0;
003C6F : 0;
003C70 : 0;
003C71 : 0;
003C72 : 0;
003C73 : 0;
003C74 : 0;
003C75 : 0;
003C76 : 0;
003C77 : 0;
003C78 : 0;
003C79 : 0;
003C7A : 0;
003C7B : 0;
003C7C : 0;
003C7D : 0;
003C7E : 0;
003C7F : 0;
003C80 : 0;
003C81 : 0;
003C82 : 0;
003C83 : 0;
003C84 : 0;
003C85 : 0;
003C86 : 0;
003C87 : 0;
003C88 : 0;
003C89 : 0;
003C8A : 2;
003C8B : 2;
003C8C : 2;
003C8D : 2;
003C8E : 0;
003C8F : 0;
003C90 : 0;
003C91 : 0;
003C92 : 0;
003C93 : 0;
003C94 : 0;
003C95 : 0;
003C96 : 0;
003C97 : 0;
003C98 : 0;
003C99 : 0;
003C9A : 0;
003C9B : 0;
003C9C : 0;
003C9D : 0;
003C9E : 0;
003C9F : 0;
003CA0 : 0;
003CA1 : 0;
003CA2 : 0;
003CA3 : 0;
003CA4 : 0;
003CA5 : 0;
003CA6 : 0;
003CA7 : 0;
003CA8 : 0;
003CA9 : 0;
003CAA : 0;
003CAB : 0;
003CAC : 0;
003CAD : 0;
003CAE : 0;
003CAF : 0;
003CB0 : 0;
003CB1 : 0;
003CB2 : 0;
003CB3 : 0;
003CB4 : 0;
003CB5 : 2;
003CB6 : 2;
003CB7 : 2;
003CB8 : 2;
003CB9 : 0;
003CBA : 0;
003CBB : 0;
003CBC : 0;
003CBD : 0;
003CBE : 0;
003CBF : 0;
003CC0 : 0;
003CC1 : 3;
003CC2 : 3;
003CC3 : 3;
003CC4 : 3;
003CC5 : 3;
003CC6 : 3;
003CC7 : 3;
003CC8 : 3;
003CC9 : 3;
003CCA : 3;
003CCB : 0;
003CCC : 0;
003CCD : 0;
003CCE : 0;
003CCF : 0;
003CD0 : 0;
003CD1 : 0;
003CD2 : 0;
003CD3 : 0;
003CD4 : 0;
003CD5 : 0;
003CD6 : 0;
003CD7 : 0;
003CD8 : 0;
003CD9 : 0;
003CDA : 0;
003CDB : 0;
003CDC : 0;
003CDD : 0;
003CDE : 0;
003CDF : 0;
003CE0 : 0;
003CE1 : 0;
003CE2 : 0;
003CE3 : 0;
003CE4 : 0;
003CE5 : 0;
003CE6 : 0;
003CE7 : 0;
003CE8 : 0;
003CE9 : 0;
003CEA : 0;
003CEB : 0;
003CEC : 0;
003CED : 0;
003CEE : 0;
003CEF : 0;
003CF0 : 0;
003CF1 : 0;
003CF2 : 0;
003CF3 : 0;
003CF4 : 0;
003CF5 : 0;
003CF6 : 0;
003CF7 : 0;
003CF8 : 0;
003CF9 : 0;
003CFA : 0;
003CFB : 0;
003CFC : 0;
003CFD : 0;
003CFE : 0;
003CFF : 0;
003D00 : 0;
003D01 : 0;
003D02 : 0;
003D03 : 0;
003D04 : 0;
003D05 : 0;
003D06 : 0;
003D07 : 0;
003D08 : 0;
003D09 : 0;
003D0A : 0;
003D0B : 0;
003D0C : 0;
003D0D : 0;
003D0E : 0;
003D0F : 0;
003D10 : 0;
003D11 : 0;
003D12 : 0;
003D13 : 0;
003D14 : 0;
003D15 : 0;
003D16 : 3;
003D17 : 3;
003D18 : 3;
003D19 : 3;
003D1A : 3;
003D1B : 3;
003D1C : 3;
003D1D : 3;
003D1E : 3;
003D1F : 3;
003D20 : 3;
003D21 : 0;
003D22 : 0;
003D23 : 0;
003D24 : 0;
003D25 : 0;
003D26 : 0;
003D27 : 0;
003D28 : 2;
003D29 : 2;
003D2A : 2;
003D2B : 2;
003D2C : 0;
003D2D : 0;
003D2E : 0;
003D2F : 0;
003D30 : 0;
003D31 : 0;
003D32 : 0;
003D33 : 0;
003D34 : 0;
003D35 : 0;
003D36 : 0;
003D37 : 0;
003D38 : 0;
003D39 : 0;
003D3A : 0;
003D3B : 0;
003D3C : 0;
003D3D : 0;
003D3E : 0;
003D3F : 0;
003D40 : 0;
003D41 : 0;
003D42 : 0;
003D43 : 0;
003D44 : 0;
003D45 : 0;
003D46 : 0;
003D47 : 0;
003D48 : 0;
003D49 : 0;
003D4A : 0;
003D4B : 0;
003D4C : 0;
003D4D : 0;
003D4E : 0;
003D4F : 0;
003D50 : 0;
003D51 : 0;
003D52 : 2;
003D53 : 2;
003D54 : 2;
003D55 : 2;
003D56 : 0;
003D57 : 0;
003D58 : 0;
003D59 : 0;
003D5A : 0;
003D5B : 0;
003D5C : 0;
003D5D : 0;
003D5E : 0;
003D5F : 0;
003D60 : 0;
003D61 : 0;
003D62 : 0;
003D63 : 0;
003D64 : 0;
003D65 : 0;
003D66 : 0;
003D67 : 0;
003D68 : 0;
003D69 : 0;
003D6A : 0;
003D6B : 0;
003D6C : 0;
003D6D : 0;
003D6E : 0;
003D6F : 0;
003D70 : 0;
003D71 : 0;
003D72 : 0;
003D73 : 0;
003D74 : 0;
003D75 : 0;
003D76 : 0;
003D77 : 0;
003D78 : 0;
003D79 : 0;
003D7A : 0;
003D7B : 0;
003D7C : 0;
003D7D : 0;
003D7E : 2;
003D7F : 2;
003D80 : 2;
003D81 : 0;
003D82 : 0;
003D83 : 0;
003D84 : 0;
003D85 : 0;
003D86 : 0;
003D87 : 0;
003D88 : 0;
003D89 : 3;
003D8A : 3;
003D8B : 3;
003D8C : 3;
003D8D : 3;
003D8E : 3;
003D8F : 3;
003D90 : 3;
003D91 : 3;
003D92 : 3;
003D93 : 3;
003D94 : 0;
003D95 : 0;
003D96 : 0;
003D97 : 0;
003D98 : 0;
003D99 : 0;
003D9A : 0;
003D9B : 0;
003D9C : 0;
003D9D : 0;
003D9E : 0;
003D9F : 0;
003DA0 : 0;
003DA1 : 0;
003DA2 : 0;
003DA3 : 0;
003DA4 : 0;
003DA5 : 0;
003DA6 : 0;
003DA7 : 0;
003DA8 : 0;
003DA9 : 0;
003DAA : 0;
003DAB : 0;
003DAC : 0;
003DAD : 0;
003DAE : 0;
003DAF : 0;
003DB0 : 0;
003DB1 : 0;
003DB2 : 0;
003DB3 : 0;
003DB4 : 0;
003DB5 : 0;
003DB6 : 0;
003DB7 : 0;
003DB8 : 0;
003DB9 : 0;
003DBA : 0;
003DBB : 0;
003DBC : 0;
003DBD : 0;
003DBE : 0;
003DBF : 0;
003DC0 : 0;
003DC1 : 0;
003DC2 : 0;
003DC3 : 0;
003DC4 : 0;
003DC5 : 0;
003DC6 : 0;
003DC7 : 0;
003DC8 : 0;
003DC9 : 0;
003DCA : 0;
003DCB : 0;
003DCC : 0;
003DCD : 0;
003DCE : 0;
003DCF : 0;
003DD0 : 0;
003DD1 : 0;
003DD2 : 0;
003DD3 : 0;
003DD4 : 0;
003DD5 : 0;
003DD6 : 0;
003DD7 : 0;
003DD8 : 0;
003DD9 : 0;
003DDA : 0;
003DDB : 0;
003DDC : 0;
003DDD : 3;
003DDE : 3;
003DDF : 3;
003DE0 : 3;
003DE1 : 3;
003DE2 : 3;
003DE3 : 3;
003DE4 : 3;
003DE5 : 3;
003DE6 : 3;
003DE7 : 3;
003DE8 : 3;
003DE9 : 0;
003DEA : 0;
003DEB : 0;
003DEC : 0;
003DED : 0;
003DEE : 0;
003DEF : 0;
003DF0 : 2;
003DF1 : 2;
003DF2 : 2;
003DF3 : 0;
003DF4 : 0;
003DF5 : 0;
003DF6 : 0;
003DF7 : 0;
003DF8 : 0;
003DF9 : 0;
003DFA : 0;
003DFB : 0;
003DFC : 0;
003DFD : 0;
003DFE : 0;
003DFF : 0;
003E00 : 0;
003E01 : 0;
003E02 : 0;
003E03 : 0;
003E04 : 0;
003E05 : 0;
003E06 : 0;
003E07 : 0;
003E08 : 0;
003E09 : 0;
003E0A : 0;
003E0B : 0;
003E0C : 0;
003E0D : 0;
003E0E : 0;
003E0F : 0;
003E10 : 0;
003E11 : 0;
003E12 : 0;
003E13 : 0;
003E14 : 0;
003E15 : 0;
003E16 : 0;
003E17 : 0;
003E18 : 0;
003E19 : 0;
003E1A : 2;
003E1B : 2;
003E1C : 2;
003E1D : 3;
003E1E : 0;
003E1F : 0;
003E20 : 0;
003E21 : 0;
003E22 : 0;
003E23 : 0;
003E24 : 0;
003E25 : 0;
003E26 : 0;
003E27 : 0;
003E28 : 0;
003E29 : 0;
003E2A : 0;
003E2B : 0;
003E2C : 0;
003E2D : 0;
003E2E : 0;
003E2F : 0;
003E30 : 0;
003E31 : 0;
003E32 : 0;
003E33 : 0;
003E34 : 0;
003E35 : 0;
003E36 : 0;
003E37 : 0;
003E38 : 0;
003E39 : 0;
003E3A : 0;
003E3B : 0;
003E3C : 0;
003E3D : 0;
003E3E : 0;
003E3F : 0;
003E40 : 0;
003E41 : 0;
003E42 : 0;
003E43 : 0;
003E44 : 0;
003E45 : 0;
003E46 : 2;
003E47 : 2;
003E48 : 2;
003E49 : 2;
003E4A : 0;
003E4B : 0;
003E4C : 0;
003E4D : 0;
003E4E : 0;
003E4F : 0;
003E50 : 0;
003E51 : 0;
003E52 : 3;
003E53 : 3;
003E54 : 3;
003E55 : 3;
003E56 : 3;
003E57 : 3;
003E58 : 3;
003E59 : 3;
003E5A : 3;
003E5B : 3;
003E5C : 0;
003E5D : 0;
003E5E : 0;
003E5F : 0;
003E60 : 0;
003E61 : 0;
003E62 : 0;
003E63 : 0;
003E64 : 0;
003E65 : 0;
003E66 : 0;
003E67 : 0;
003E68 : 0;
003E69 : 0;
003E6A : 0;
003E6B : 0;
003E6C : 0;
003E6D : 0;
003E6E : 0;
003E6F : 0;
003E70 : 0;
003E71 : 0;
003E72 : 0;
003E73 : 0;
003E74 : 0;
003E75 : 0;
003E76 : 0;
003E77 : 0;
003E78 : 0;
003E79 : 0;
003E7A : 0;
003E7B : 0;
003E7C : 0;
003E7D : 0;
003E7E : 0;
003E7F : 0;
003E80 : 0;
003E81 : 0;
003E82 : 0;
003E83 : 0;
003E84 : 0;
003E85 : 0;
003E86 : 0;
003E87 : 0;
003E88 : 0;
003E89 : 0;
003E8A : 0;
003E8B : 0;
003E8C : 0;
003E8D : 0;
003E8E : 0;
003E8F : 0;
003E90 : 0;
003E91 : 0;
003E92 : 0;
003E93 : 0;
003E94 : 0;
003E95 : 0;
003E96 : 0;
003E97 : 0;
003E98 : 0;
003E99 : 0;
003E9A : 0;
003E9B : 0;
003E9C : 0;
003E9D : 0;
003E9E : 0;
003E9F : 0;
003EA0 : 0;
003EA1 : 0;
003EA2 : 0;
003EA3 : 0;
003EA4 : 0;
003EA5 : 3;
003EA6 : 3;
003EA7 : 3;
003EA8 : 3;
003EA9 : 3;
003EAA : 3;
003EAB : 3;
003EAC : 3;
003EAD : 3;
003EAE : 3;
003EAF : 3;
003EB0 : 0;
003EB1 : 0;
003EB2 : 0;
003EB3 : 0;
003EB4 : 0;
003EB5 : 0;
003EB6 : 0;
003EB7 : 2;
003EB8 : 2;
003EB9 : 2;
003EBA : 2;
003EBB : 0;
003EBC : 0;
003EBD : 0;
003EBE : 0;
003EBF : 0;
003EC0 : 0;
003EC1 : 0;
003EC2 : 0;
003EC3 : 0;
003EC4 : 0;
003EC5 : 0;
003EC6 : 0;
003EC7 : 0;
003EC8 : 0;
003EC9 : 0;
003ECA : 0;
003ECB : 0;
003ECC : 0;
003ECD : 0;
003ECE : 0;
003ECF : 0;
003ED0 : 0;
003ED1 : 0;
003ED2 : 0;
003ED3 : 0;
003ED4 : 0;
003ED5 : 0;
003ED6 : 0;
003ED7 : 0;
003ED8 : 0;
003ED9 : 0;
003EDA : 0;
003EDB : 0;
003EDC : 0;
003EDD : 0;
003EDE : 0;
003EDF : 0;
003EE0 : 0;
003EE1 : 0;
003EE2 : 2;
003EE3 : 2;
003EE4 : 2;
003EE5 : 3;
003EE6 : 0;
003EE7 : 0;
003EE8 : 0;
003EE9 : 0;
003EEA : 0;
003EEB : 0;
003EEC : 0;
003EED : 0;
003EEE : 0;
003EEF : 0;
003EF0 : 0;
003EF1 : 0;
003EF2 : 0;
003EF3 : 0;
003EF4 : 0;
003EF5 : 0;
003EF6 : 0;
003EF7 : 0;
003EF8 : 0;
003EF9 : 0;
003EFA : 0;
003EFB : 0;
003EFC : 0;
003EFD : 0;
003EFE : 0;
003EFF : 0;
003F00 : 0;
003F01 : 0;
003F02 : 0;
003F03 : 0;
003F04 : 0;
003F05 : 0;
003F06 : 0;
003F07 : 0;
003F08 : 0;
003F09 : 0;
003F0A : 0;
003F0B : 0;
003F0C : 0;
003F0D : 0;
003F0E : 0;
003F0F : 2;
003F10 : 2;
003F11 : 2;
003F12 : 0;
003F13 : 0;
003F14 : 0;
003F15 : 0;
003F16 : 0;
003F17 : 0;
003F18 : 0;
003F19 : 0;
003F1A : 3;
003F1B : 3;
003F1C : 3;
003F1D : 3;
003F1E : 3;
003F1F : 3;
003F20 : 3;
003F21 : 3;
003F22 : 3;
003F23 : 3;
003F24 : 0;
003F25 : 0;
003F26 : 0;
003F27 : 0;
003F28 : 0;
003F29 : 0;
003F2A : 0;
003F2B : 0;
003F2C : 0;
003F2D : 0;
003F2E : 0;
003F2F : 0;
003F30 : 0;
003F31 : 0;
003F32 : 0;
003F33 : 0;
003F34 : 0;
003F35 : 0;
003F36 : 0;
003F37 : 0;
003F38 : 0;
003F39 : 0;
003F3A : 0;
003F3B : 0;
003F3C : 0;
003F3D : 0;
003F3E : 0;
003F3F : 0;
003F40 : 0;
003F41 : 0;
003F42 : 0;
003F43 : 0;
003F44 : 0;
003F45 : 0;
003F46 : 0;
003F47 : 0;
003F48 : 0;
003F49 : 0;
003F4A : 0;
003F4B : 0;
003F4C : 0;
003F4D : 0;
003F4E : 0;
003F4F : 0;
003F50 : 0;
003F51 : 0;
003F52 : 0;
003F53 : 0;
003F54 : 0;
003F55 : 0;
003F56 : 0;
003F57 : 0;
003F58 : 0;
003F59 : 0;
003F5A : 0;
003F5B : 0;
003F5C : 0;
003F5D : 0;
003F5E : 0;
003F5F : 0;
003F60 : 0;
003F61 : 0;
003F62 : 0;
003F63 : 0;
003F64 : 0;
003F65 : 0;
003F66 : 0;
003F67 : 0;
003F68 : 0;
003F69 : 0;
003F6A : 0;
003F6B : 0;
003F6C : 0;
003F6D : 3;
003F6E : 3;
003F6F : 3;
003F70 : 3;
003F71 : 3;
003F72 : 3;
003F73 : 3;
003F74 : 3;
003F75 : 3;
003F76 : 3;
003F77 : 3;
003F78 : 0;
003F79 : 0;
003F7A : 0;
003F7B : 0;
003F7C : 0;
003F7D : 0;
003F7E : 0;
003F7F : 2;
003F80 : 2;
003F81 : 2;
003F82 : 0;
003F83 : 0;
003F84 : 0;
003F85 : 0;
003F86 : 0;
003F87 : 0;
003F88 : 0;
003F89 : 0;
003F8A : 0;
003F8B : 0;
003F8C : 0;
003F8D : 0;
003F8E : 0;
003F8F : 0;
003F90 : 0;
003F91 : 0;
003F92 : 0;
003F93 : 0;
003F94 : 0;
003F95 : 0;
003F96 : 0;
003F97 : 0;
003F98 : 0;
003F99 : 0;
003F9A : 0;
003F9B : 0;
003F9C : 0;
003F9D : 0;
003F9E : 0;
003F9F : 0;
003FA0 : 0;
003FA1 : 0;
003FA2 : 0;
003FA3 : 0;
003FA4 : 0;
003FA5 : 0;
003FA6 : 0;
003FA7 : 0;
003FA8 : 0;
003FA9 : 0;
003FAA : 2;
003FAB : 2;
003FAC : 2;
003FAD : 3;
003FAE : 0;
003FAF : 0;
003FB0 : 0;
003FB1 : 0;
003FB2 : 0;
003FB3 : 0;
003FB4 : 0;
003FB5 : 0;
003FB6 : 0;
003FB7 : 0;
003FB8 : 0;
003FB9 : 0;
003FBA : 0;
003FBB : 0;
003FBC : 0;
003FBD : 0;
003FBE : 0;
003FBF : 0;
003FC0 : 0;
003FC1 : 0;
003FC2 : 0;
003FC3 : 0;
003FC4 : 0;
003FC5 : 0;
003FC6 : 0;
003FC7 : 0;
003FC8 : 0;
003FC9 : 0;
003FCA : 0;
003FCB : 0;
003FCC : 0;
003FCD : 0;
003FCE : 0;
003FCF : 0;
003FD0 : 0;
003FD1 : 0;
003FD2 : 0;
003FD3 : 0;
003FD4 : 0;
003FD5 : 0;
003FD6 : 0;
003FD7 : 2;
003FD8 : 2;
003FD9 : 2;
003FDA : 3;
003FDB : 0;
003FDC : 0;
003FDD : 0;
003FDE : 0;
003FDF : 0;
003FE0 : 0;
003FE1 : 0;
003FE2 : 3;
003FE3 : 3;
003FE4 : 3;
003FE5 : 3;
003FE6 : 3;
003FE7 : 3;
003FE8 : 3;
003FE9 : 3;
003FEA : 3;
003FEB : 3;
003FEC : 3;
003FED : 0;
003FEE : 0;
003FEF : 0;
003FF0 : 0;
003FF1 : 0;
003FF2 : 0;
003FF3 : 0;
003FF4 : 0;
003FF5 : 0;
003FF6 : 0;
003FF7 : 0;
003FF8 : 0;
003FF9 : 0;
003FFA : 0;
003FFB : 0;
003FFC : 0;
003FFD : 0;
003FFE : 0;
003FFF : 0;
004000 : 0;
004001 : 0;
004002 : 0;
004003 : 0;
004004 : 0;
004005 : 0;
004006 : 0;
004007 : 0;
004008 : 0;
004009 : 0;
00400A : 0;
00400B : 0;
00400C : 0;
00400D : 0;
00400E : 0;
00400F : 0;
004010 : 0;
004011 : 0;
004012 : 0;
004013 : 0;
004014 : 0;
004015 : 0;
004016 : 0;
004017 : 0;
004018 : 0;
004019 : 0;
00401A : 0;
00401B : 0;
00401C : 0;
00401D : 0;
00401E : 0;
00401F : 0;
004020 : 0;
004021 : 0;
004022 : 0;
004023 : 0;
004024 : 0;
004025 : 0;
004026 : 0;
004027 : 0;
004028 : 0;
004029 : 0;
00402A : 0;
00402B : 0;
00402C : 0;
00402D : 0;
00402E : 0;
00402F : 0;
004030 : 0;
004031 : 0;
004032 : 0;
004033 : 0;
004034 : 3;
004035 : 3;
004036 : 3;
004037 : 3;
004038 : 3;
004039 : 3;
00403A : 3;
00403B : 3;
00403C : 3;
00403D : 3;
00403E : 3;
00403F : 3;
004040 : 0;
004041 : 0;
004042 : 0;
004043 : 0;
004044 : 0;
004045 : 0;
004046 : 2;
004047 : 2;
004048 : 2;
004049 : 2;
00404A : 0;
00404B : 0;
00404C : 0;
00404D : 0;
00404E : 0;
00404F : 0;
004050 : 0;
004051 : 0;
004052 : 0;
004053 : 0;
004054 : 0;
004055 : 0;
004056 : 0;
004057 : 0;
004058 : 0;
004059 : 0;
00405A : 0;
00405B : 0;
00405C : 0;
00405D : 0;
00405E : 0;
00405F : 0;
004060 : 0;
004061 : 0;
004062 : 0;
004063 : 0;
004064 : 0;
004065 : 0;
004066 : 0;
004067 : 0;
004068 : 0;
004069 : 0;
00406A : 0;
00406B : 0;
00406C : 0;
00406D : 0;
00406E : 0;
00406F : 0;
004070 : 0;
004071 : 0;
004072 : 2;
004073 : 2;
004074 : 2;
004075 : 3;
004076 : 0;
004077 : 0;
004078 : 0;
004079 : 0;
00407A : 0;
00407B : 0;
00407C : 0;
00407D : 0;
00407E : 0;
00407F : 0;
004080 : 0;
004081 : 0;
004082 : 0;
004083 : 0;
004084 : 0;
004085 : 0;
004086 : 0;
004087 : 0;
004088 : 0;
004089 : 0;
00408A : 0;
00408B : 0;
00408C : 0;
00408D : 0;
00408E : 0;
00408F : 0;
004090 : 0;
004091 : 0;
004092 : 0;
004093 : 0;
004094 : 0;
004095 : 0;
004096 : 0;
004097 : 0;
004098 : 0;
004099 : 0;
00409A : 0;
00409B : 0;
00409C : 0;
00409D : 0;
00409E : 0;
00409F : 2;
0040A0 : 2;
0040A1 : 2;
0040A2 : 2;
0040A3 : 0;
0040A4 : 0;
0040A5 : 0;
0040A6 : 0;
0040A7 : 0;
0040A8 : 0;
0040A9 : 0;
0040AA : 0;
0040AB : 3;
0040AC : 3;
0040AD : 3;
0040AE : 3;
0040AF : 3;
0040B0 : 3;
0040B1 : 3;
0040B2 : 3;
0040B3 : 3;
0040B4 : 3;
0040B5 : 0;
0040B6 : 0;
0040B7 : 0;
0040B8 : 0;
0040B9 : 0;
0040BA : 0;
0040BB : 0;
0040BC : 0;
0040BD : 0;
0040BE : 0;
0040BF : 0;
0040C0 : 0;
0040C1 : 0;
0040C2 : 0;
0040C3 : 0;
0040C4 : 0;
0040C5 : 0;
0040C6 : 0;
0040C7 : 0;
0040C8 : 0;
0040C9 : 0;
0040CA : 0;
0040CB : 0;
0040CC : 0;
0040CD : 0;
0040CE : 0;
0040CF : 0;
0040D0 : 0;
0040D1 : 0;
0040D2 : 0;
0040D3 : 0;
0040D4 : 0;
0040D5 : 0;
0040D6 : 0;
0040D7 : 0;
0040D8 : 0;
0040D9 : 0;
0040DA : 0;
0040DB : 0;
0040DC : 0;
0040DD : 0;
0040DE : 0;
0040DF : 0;
0040E0 : 0;
0040E1 : 0;
0040E2 : 0;
0040E3 : 0;
0040E4 : 0;
0040E5 : 0;
0040E6 : 0;
0040E7 : 0;
0040E8 : 0;
0040E9 : 0;
0040EA : 0;
0040EB : 0;
0040EC : 0;
0040ED : 0;
0040EE : 0;
0040EF : 0;
0040F0 : 0;
0040F1 : 0;
0040F2 : 0;
0040F3 : 0;
0040F4 : 0;
0040F5 : 0;
0040F6 : 0;
0040F7 : 0;
0040F8 : 0;
0040F9 : 0;
0040FA : 0;
0040FB : 0;
0040FC : 3;
0040FD : 3;
0040FE : 3;
0040FF : 3;
004100 : 3;
004101 : 3;
004102 : 3;
004103 : 3;
004104 : 3;
004105 : 3;
004106 : 3;
004107 : 0;
004108 : 0;
004109 : 0;
00410A : 0;
00410B : 0;
00410C : 0;
00410D : 0;
00410E : 2;
00410F : 2;
004110 : 2;
004111 : 3;
004112 : 0;
004113 : 0;
004114 : 0;
004115 : 0;
004116 : 0;
004117 : 0;
004118 : 0;
004119 : 0;
00411A : 0;
00411B : 0;
00411C : 0;
00411D : 0;
00411E : 0;
00411F : 0;
004120 : 0;
004121 : 0;
004122 : 0;
004123 : 0;
004124 : 0;
004125 : 0;
004126 : 0;
004127 : 0;
004128 : 0;
004129 : 0;
00412A : 0;
00412B : 0;
00412C : 0;
00412D : 0;
00412E : 0;
00412F : 0;
004130 : 0;
004131 : 0;
004132 : 0;
004133 : 0;
004134 : 0;
004135 : 0;
004136 : 0;
004137 : 0;
004138 : 0;
004139 : 0;
00413A : 2;
00413B : 2;
00413C : 2;
00413D : 3;
00413E : 0;
00413F : 0;
004140 : 0;
004141 : 0;
004142 : 0;
004143 : 0;
004144 : 0;
004145 : 0;
004146 : 0;
004147 : 0;
004148 : 0;
004149 : 0;
00414A : 0;
00414B : 0;
00414C : 0;
00414D : 0;
00414E : 0;
00414F : 0;
004150 : 0;
004151 : 0;
004152 : 0;
004153 : 0;
004154 : 0;
004155 : 0;
004156 : 0;
004157 : 0;
004158 : 0;
004159 : 0;
00415A : 0;
00415B : 0;
00415C : 0;
00415D : 0;
00415E : 0;
00415F : 0;
004160 : 0;
004161 : 0;
004162 : 0;
004163 : 0;
004164 : 0;
004165 : 0;
004166 : 0;
004167 : 0;
004168 : 2;
004169 : 2;
00416A : 2;
00416B : 0;
00416C : 0;
00416D : 0;
00416E : 0;
00416F : 0;
004170 : 0;
004171 : 0;
004172 : 0;
004173 : 3;
004174 : 3;
004175 : 3;
004176 : 3;
004177 : 3;
004178 : 3;
004179 : 3;
00417A : 3;
00417B : 3;
00417C : 3;
00417D : 0;
00417E : 0;
00417F : 0;
004180 : 0;
004181 : 0;
004182 : 0;
004183 : 0;
004184 : 0;
004185 : 0;
004186 : 0;
004187 : 0;
004188 : 0;
004189 : 0;
00418A : 0;
00418B : 0;
00418C : 0;
00418D : 0;
00418E : 0;
00418F : 0;
004190 : 0;
004191 : 0;
004192 : 0;
004193 : 0;
004194 : 0;
004195 : 0;
004196 : 0;
004197 : 0;
004198 : 0;
004199 : 0;
00419A : 0;
00419B : 0;
00419C : 0;
00419D : 0;
00419E : 0;
00419F : 0;
0041A0 : 0;
0041A1 : 0;
0041A2 : 0;
0041A3 : 0;
0041A4 : 0;
0041A5 : 0;
0041A6 : 0;
0041A7 : 0;
0041A8 : 0;
0041A9 : 0;
0041AA : 0;
0041AB : 0;
0041AC : 0;
0041AD : 0;
0041AE : 0;
0041AF : 0;
0041B0 : 0;
0041B1 : 0;
0041B2 : 0;
0041B3 : 0;
0041B4 : 0;
0041B5 : 0;
0041B6 : 0;
0041B7 : 0;
0041B8 : 0;
0041B9 : 0;
0041BA : 0;
0041BB : 0;
0041BC : 0;
0041BD : 0;
0041BE : 0;
0041BF : 0;
0041C0 : 0;
0041C1 : 0;
0041C2 : 0;
0041C3 : 0;
0041C4 : 3;
0041C5 : 3;
0041C6 : 3;
0041C7 : 3;
0041C8 : 3;
0041C9 : 3;
0041CA : 3;
0041CB : 3;
0041CC : 3;
0041CD : 3;
0041CE : 3;
0041CF : 0;
0041D0 : 0;
0041D1 : 0;
0041D2 : 0;
0041D3 : 0;
0041D4 : 0;
0041D5 : 0;
0041D6 : 2;
0041D7 : 2;
0041D8 : 2;
0041D9 : 0;
0041DA : 0;
0041DB : 0;
0041DC : 0;
0041DD : 0;
0041DE : 0;
0041DF : 0;
0041E0 : 0;
0041E1 : 0;
0041E2 : 0;
0041E3 : 0;
0041E4 : 0;
0041E5 : 0;
0041E6 : 0;
0041E7 : 0;
0041E8 : 0;
0041E9 : 0;
0041EA : 0;
0041EB : 0;
0041EC : 0;
0041ED : 0;
0041EE : 0;
0041EF : 0;
0041F0 : 0;
0041F1 : 0;
0041F2 : 0;
0041F3 : 0;
0041F4 : 0;
0041F5 : 0;
0041F6 : 0;
0041F7 : 0;
0041F8 : 0;
0041F9 : 0;
0041FA : 0;
0041FB : 0;
0041FC : 0;
0041FD : 0;
0041FE : 0;
0041FF : 0;
004200 : 0;
004201 : 0;
004202 : 2;
004203 : 2;
004204 : 2;
004205 : 0;
004206 : 0;
004207 : 0;
004208 : 0;
004209 : 0;
00420A : 0;
00420B : 0;
00420C : 0;
00420D : 0;
00420E : 0;
00420F : 0;
004210 : 0;
004211 : 0;
004212 : 0;
004213 : 0;
004214 : 0;
004215 : 0;
004216 : 0;
004217 : 0;
004218 : 0;
004219 : 0;
00421A : 0;
00421B : 0;
00421C : 0;
00421D : 0;
00421E : 0;
00421F : 0;
004220 : 0;
004221 : 0;
004222 : 0;
004223 : 0;
004224 : 0;
004225 : 0;
004226 : 0;
004227 : 0;
004228 : 0;
004229 : 0;
00422A : 0;
00422B : 0;
00422C : 0;
00422D : 0;
00422E : 0;
00422F : 0;
004230 : 2;
004231 : 2;
004232 : 2;
004233 : 2;
004234 : 0;
004235 : 0;
004236 : 0;
004237 : 0;
004238 : 0;
004239 : 0;
00423A : 0;
00423B : 3;
00423C : 3;
00423D : 3;
00423E : 3;
00423F : 3;
004240 : 3;
004241 : 3;
004242 : 3;
004243 : 3;
004244 : 3;
004245 : 0;
004246 : 0;
004247 : 0;
004248 : 0;
004249 : 0;
00424A : 0;
00424B : 0;
00424C : 0;
00424D : 0;
00424E : 0;
00424F : 0;
004250 : 0;
004251 : 0;
004252 : 0;
004253 : 0;
004254 : 0;
004255 : 0;
004256 : 0;
004257 : 0;
004258 : 0;
004259 : 0;
00425A : 0;
00425B : 0;
00425C : 0;
00425D : 0;
00425E : 0;
00425F : 0;
004260 : 0;
004261 : 0;
004262 : 0;
004263 : 0;
004264 : 0;
004265 : 0;
004266 : 0;
004267 : 0;
004268 : 0;
004269 : 0;
00426A : 0;
00426B : 0;
00426C : 0;
00426D : 0;
00426E : 0;
00426F : 0;
004270 : 0;
004271 : 0;
004272 : 0;
004273 : 0;
004274 : 0;
004275 : 0;
004276 : 0;
004277 : 0;
004278 : 0;
004279 : 0;
00427A : 0;
00427B : 0;
00427C : 0;
00427D : 0;
00427E : 0;
00427F : 0;
004280 : 0;
004281 : 0;
004282 : 0;
004283 : 0;
004284 : 0;
004285 : 0;
004286 : 0;
004287 : 0;
004288 : 0;
004289 : 0;
00428A : 0;
00428B : 0;
00428C : 3;
00428D : 3;
00428E : 3;
00428F : 3;
004290 : 3;
004291 : 3;
004292 : 3;
004293 : 3;
004294 : 3;
004295 : 3;
004296 : 3;
004297 : 0;
004298 : 0;
004299 : 0;
00429A : 0;
00429B : 0;
00429C : 0;
00429D : 2;
00429E : 2;
00429F : 2;
0042A0 : 2;
0042A1 : 0;
0042A2 : 0;
0042A3 : 0;
0042A4 : 0;
0042A5 : 0;
0042A6 : 0;
0042A7 : 0;
0042A8 : 0;
0042A9 : 0;
0042AA : 0;
0042AB : 0;
0042AC : 0;
0042AD : 0;
0042AE : 0;
0042AF : 0;
0042B0 : 0;
0042B1 : 0;
0042B2 : 0;
0042B3 : 0;
0042B4 : 0;
0042B5 : 0;
0042B6 : 0;
0042B7 : 0;
0042B8 : 0;
0042B9 : 0;
0042BA : 0;
0042BB : 0;
0042BC : 0;
0042BD : 0;
0042BE : 0;
0042BF : 0;
0042C0 : 0;
0042C1 : 0;
0042C2 : 0;
0042C3 : 0;
0042C4 : 0;
0042C5 : 0;
0042C6 : 0;
0042C7 : 0;
0042C8 : 2;
0042C9 : 2;
0042CA : 2;
0042CB : 2;
0042CC : 2;
0042CD : 2;
0042CE : 2;
0042CF : 2;
0042D0 : 0;
0042D1 : 0;
0042D2 : 0;
0042D3 : 0;
0042D4 : 0;
0042D5 : 0;
0042D6 : 0;
0042D7 : 0;
0042D8 : 0;
0042D9 : 0;
0042DA : 0;
0042DB : 0;
0042DC : 0;
0042DD : 0;
0042DE : 0;
0042DF : 0;
0042E0 : 0;
0042E1 : 0;
0042E2 : 0;
0042E3 : 0;
0042E4 : 0;
0042E5 : 0;
0042E6 : 0;
0042E7 : 0;
0042E8 : 0;
0042E9 : 0;
0042EA : 0;
0042EB : 0;
0042EC : 0;
0042ED : 0;
0042EE : 0;
0042EF : 0;
0042F0 : 0;
0042F1 : 0;
0042F2 : 0;
0042F3 : 0;
0042F4 : 0;
0042F5 : 0;
0042F6 : 0;
0042F7 : 0;
0042F8 : 3;
0042F9 : 2;
0042FA : 2;
0042FB : 2;
0042FC : 0;
0042FD : 0;
0042FE : 0;
0042FF : 0;
004300 : 0;
004301 : 0;
004302 : 0;
004303 : 0;
004304 : 3;
004305 : 3;
004306 : 3;
004307 : 3;
004308 : 3;
004309 : 3;
00430A : 3;
00430B : 3;
00430C : 3;
00430D : 3;
00430E : 0;
00430F : 0;
004310 : 0;
004311 : 0;
004312 : 0;
004313 : 0;
004314 : 0;
004315 : 0;
004316 : 0;
004317 : 0;
004318 : 0;
004319 : 0;
00431A : 0;
00431B : 0;
00431C : 0;
00431D : 0;
00431E : 0;
00431F : 0;
004320 : 0;
004321 : 0;
004322 : 0;
004323 : 0;
004324 : 0;
004325 : 0;
004326 : 0;
004327 : 0;
004328 : 0;
004329 : 0;
00432A : 0;
00432B : 0;
00432C : 0;
00432D : 0;
00432E : 0;
00432F : 0;
004330 : 0;
004331 : 0;
004332 : 0;
004333 : 0;
004334 : 0;
004335 : 0;
004336 : 0;
004337 : 0;
004338 : 0;
004339 : 0;
00433A : 0;
00433B : 0;
00433C : 0;
00433D : 0;
00433E : 0;
00433F : 0;
004340 : 0;
004341 : 0;
004342 : 0;
004343 : 0;
004344 : 0;
004345 : 0;
004346 : 0;
004347 : 0;
004348 : 0;
004349 : 0;
00434A : 0;
00434B : 0;
00434C : 0;
00434D : 0;
00434E : 0;
00434F : 0;
004350 : 0;
004351 : 0;
004352 : 0;
004353 : 3;
004354 : 3;
004355 : 3;
004356 : 3;
004357 : 3;
004358 : 3;
004359 : 3;
00435A : 3;
00435B : 3;
00435C : 3;
00435D : 3;
00435E : 3;
00435F : 0;
004360 : 0;
004361 : 0;
004362 : 0;
004363 : 0;
004364 : 0;
004365 : 2;
004366 : 2;
004367 : 2;
004368 : 0;
004369 : 0;
00436A : 0;
00436B : 0;
00436C : 0;
00436D : 0;
00436E : 0;
00436F : 0;
004370 : 0;
004371 : 0;
004372 : 0;
004373 : 0;
004374 : 0;
004375 : 0;
004376 : 0;
004377 : 0;
004378 : 0;
004379 : 0;
00437A : 0;
00437B : 0;
00437C : 0;
00437D : 0;
00437E : 0;
00437F : 0;
004380 : 0;
004381 : 0;
004382 : 0;
004383 : 0;
004384 : 0;
004385 : 0;
004386 : 0;
004387 : 0;
004388 : 0;
004389 : 0;
00438A : 0;
00438B : 0;
00438C : 0;
00438D : 2;
00438E : 2;
00438F : 2;
004390 : 2;
004391 : 2;
004392 : 2;
004393 : 2;
004394 : 2;
004395 : 2;
004396 : 2;
004397 : 2;
004398 : 2;
004399 : 2;
00439A : 2;
00439B : 0;
00439C : 0;
00439D : 0;
00439E : 0;
00439F : 0;
0043A0 : 0;
0043A1 : 0;
0043A2 : 0;
0043A3 : 0;
0043A4 : 0;
0043A5 : 0;
0043A6 : 0;
0043A7 : 0;
0043A8 : 0;
0043A9 : 0;
0043AA : 0;
0043AB : 0;
0043AC : 0;
0043AD : 0;
0043AE : 0;
0043AF : 0;
0043B0 : 0;
0043B1 : 0;
0043B2 : 0;
0043B3 : 0;
0043B4 : 0;
0043B5 : 0;
0043B6 : 0;
0043B7 : 0;
0043B8 : 0;
0043B9 : 0;
0043BA : 0;
0043BB : 0;
0043BC : 0;
0043BD : 0;
0043BE : 0;
0043BF : 0;
0043C0 : 0;
0043C1 : 2;
0043C2 : 2;
0043C3 : 2;
0043C4 : 0;
0043C5 : 0;
0043C6 : 0;
0043C7 : 0;
0043C8 : 0;
0043C9 : 0;
0043CA : 0;
0043CB : 0;
0043CC : 3;
0043CD : 3;
0043CE : 3;
0043CF : 3;
0043D0 : 3;
0043D1 : 3;
0043D2 : 3;
0043D3 : 3;
0043D4 : 3;
0043D5 : 3;
0043D6 : 0;
0043D7 : 0;
0043D8 : 0;
0043D9 : 0;
0043DA : 0;
0043DB : 0;
0043DC : 0;
0043DD : 0;
0043DE : 0;
0043DF : 0;
0043E0 : 0;
0043E1 : 0;
0043E2 : 0;
0043E3 : 0;
0043E4 : 0;
0043E5 : 0;
0043E6 : 0;
0043E7 : 0;
0043E8 : 0;
0043E9 : 0;
0043EA : 0;
0043EB : 0;
0043EC : 0;
0043ED : 0;
0043EE : 0;
0043EF : 0;
0043F0 : 0;
0043F1 : 0;
0043F2 : 0;
0043F3 : 0;
0043F4 : 0;
0043F5 : 0;
0043F6 : 0;
0043F7 : 0;
0043F8 : 0;
0043F9 : 0;
0043FA : 0;
0043FB : 0;
0043FC : 0;
0043FD : 0;
0043FE : 0;
0043FF : 0;
004400 : 0;
004401 : 0;
004402 : 0;
004403 : 0;
004404 : 0;
004405 : 0;
004406 : 0;
004407 : 0;
004408 : 0;
004409 : 0;
00440A : 0;
00440B : 0;
00440C : 0;
00440D : 0;
00440E : 0;
00440F : 0;
004410 : 0;
004411 : 0;
004412 : 0;
004413 : 0;
004414 : 0;
004415 : 0;
004416 : 0;
004417 : 0;
004418 : 0;
004419 : 0;
00441A : 0;
00441B : 3;
00441C : 3;
00441D : 3;
00441E : 3;
00441F : 3;
004420 : 3;
004421 : 3;
004422 : 3;
004423 : 3;
004424 : 3;
004425 : 3;
004426 : 0;
004427 : 0;
004428 : 0;
004429 : 0;
00442A : 0;
00442B : 0;
00442C : 0;
00442D : 2;
00442E : 2;
00442F : 2;
004430 : 0;
004431 : 0;
004432 : 0;
004433 : 0;
004434 : 0;
004435 : 0;
004436 : 0;
004437 : 0;
004438 : 0;
004439 : 0;
00443A : 0;
00443B : 0;
00443C : 0;
00443D : 0;
00443E : 0;
00443F : 0;
004440 : 0;
004441 : 0;
004442 : 0;
004443 : 0;
004444 : 0;
004445 : 0;
004446 : 0;
004447 : 0;
004448 : 0;
004449 : 0;
00444A : 0;
00444B : 0;
00444C : 0;
00444D : 0;
00444E : 0;
00444F : 0;
004450 : 0;
004451 : 0;
004452 : 0;
004453 : 3;
004454 : 2;
004455 : 2;
004456 : 2;
004457 : 2;
004458 : 2;
004459 : 2;
00445A : 2;
00445B : 2;
00445C : 2;
00445D : 2;
00445E : 2;
00445F : 2;
004460 : 2;
004461 : 2;
004462 : 2;
004463 : 2;
004464 : 3;
004465 : 0;
004466 : 0;
004467 : 0;
004468 : 0;
004469 : 0;
00446A : 0;
00446B : 0;
00446C : 0;
00446D : 0;
00446E : 0;
00446F : 0;
004470 : 0;
004471 : 0;
004472 : 0;
004473 : 0;
004474 : 0;
004475 : 0;
004476 : 0;
004477 : 0;
004478 : 0;
004479 : 0;
00447A : 0;
00447B : 0;
00447C : 0;
00447D : 0;
00447E : 0;
00447F : 0;
004480 : 0;
004481 : 0;
004482 : 0;
004483 : 0;
004484 : 0;
004485 : 0;
004486 : 0;
004487 : 0;
004488 : 0;
004489 : 2;
00448A : 2;
00448B : 2;
00448C : 3;
00448D : 0;
00448E : 0;
00448F : 0;
004490 : 0;
004491 : 0;
004492 : 0;
004493 : 0;
004494 : 3;
004495 : 3;
004496 : 3;
004497 : 3;
004498 : 3;
004499 : 3;
00449A : 3;
00449B : 3;
00449C : 3;
00449D : 3;
00449E : 0;
00449F : 0;
0044A0 : 0;
0044A1 : 0;
0044A2 : 0;
0044A3 : 0;
0044A4 : 0;
0044A5 : 0;
0044A6 : 0;
0044A7 : 0;
0044A8 : 0;
0044A9 : 0;
0044AA : 0;
0044AB : 0;
0044AC : 0;
0044AD : 0;
0044AE : 0;
0044AF : 0;
0044B0 : 0;
0044B1 : 0;
0044B2 : 0;
0044B3 : 0;
0044B4 : 0;
0044B5 : 0;
0044B6 : 0;
0044B7 : 0;
0044B8 : 0;
0044B9 : 0;
0044BA : 0;
0044BB : 0;
0044BC : 0;
0044BD : 0;
0044BE : 0;
0044BF : 0;
0044C0 : 0;
0044C1 : 0;
0044C2 : 0;
0044C3 : 0;
0044C4 : 0;
0044C5 : 0;
0044C6 : 0;
0044C7 : 0;
0044C8 : 0;
0044C9 : 0;
0044CA : 0;
0044CB : 0;
0044CC : 0;
0044CD : 0;
0044CE : 0;
0044CF : 0;
0044D0 : 0;
0044D1 : 0;
0044D2 : 0;
0044D3 : 0;
0044D4 : 0;
0044D5 : 0;
0044D6 : 0;
0044D7 : 0;
0044D8 : 0;
0044D9 : 0;
0044DA : 0;
0044DB : 0;
0044DC : 0;
0044DD : 0;
0044DE : 0;
0044DF : 0;
0044E0 : 0;
0044E1 : 0;
0044E2 : 0;
0044E3 : 3;
0044E4 : 3;
0044E5 : 3;
0044E6 : 3;
0044E7 : 3;
0044E8 : 3;
0044E9 : 3;
0044EA : 3;
0044EB : 3;
0044EC : 3;
0044ED : 3;
0044EE : 0;
0044EF : 0;
0044F0 : 0;
0044F1 : 0;
0044F2 : 0;
0044F3 : 0;
0044F4 : 0;
0044F5 : 2;
0044F6 : 2;
0044F7 : 2;
0044F8 : 0;
0044F9 : 0;
0044FA : 0;
0044FB : 0;
0044FC : 0;
0044FD : 0;
0044FE : 0;
0044FF : 0;
004500 : 0;
004501 : 0;
004502 : 0;
004503 : 0;
004504 : 0;
004505 : 0;
004506 : 0;
004507 : 0;
004508 : 0;
004509 : 0;
00450A : 0;
00450B : 0;
00450C : 0;
00450D : 0;
00450E : 0;
00450F : 0;
004510 : 0;
004511 : 0;
004512 : 0;
004513 : 0;
004514 : 0;
004515 : 0;
004516 : 0;
004517 : 0;
004518 : 0;
004519 : 0;
00451A : 2;
00451B : 2;
00451C : 2;
00451D : 2;
00451E : 2;
00451F : 2;
004520 : 2;
004521 : 2;
004522 : 2;
004523 : 2;
004524 : 2;
004525 : 2;
004526 : 2;
004527 : 2;
004528 : 2;
004529 : 2;
00452A : 2;
00452B : 2;
00452C : 2;
00452D : 2;
00452E : 0;
00452F : 0;
004530 : 0;
004531 : 0;
004532 : 0;
004533 : 0;
004534 : 0;
004535 : 0;
004536 : 0;
004537 : 0;
004538 : 0;
004539 : 0;
00453A : 0;
00453B : 0;
00453C : 0;
00453D : 0;
00453E : 0;
00453F : 0;
004540 : 0;
004541 : 0;
004542 : 0;
004543 : 0;
004544 : 0;
004545 : 0;
004546 : 0;
004547 : 0;
004548 : 0;
004549 : 0;
00454A : 0;
00454B : 0;
00454C : 0;
00454D : 0;
00454E : 0;
00454F : 0;
004550 : 0;
004551 : 2;
004552 : 2;
004553 : 2;
004554 : 2;
004555 : 0;
004556 : 0;
004557 : 0;
004558 : 0;
004559 : 0;
00455A : 0;
00455B : 0;
00455C : 3;
00455D : 3;
00455E : 3;
00455F : 3;
004560 : 3;
004561 : 3;
004562 : 3;
004563 : 3;
004564 : 3;
004565 : 3;
004566 : 0;
004567 : 0;
004568 : 0;
004569 : 0;
00456A : 0;
00456B : 0;
00456C : 0;
00456D : 0;
00456E : 0;
00456F : 0;
004570 : 0;
004571 : 0;
004572 : 0;
004573 : 0;
004574 : 0;
004575 : 0;
004576 : 0;
004577 : 0;
004578 : 0;
004579 : 0;
00457A : 0;
00457B : 0;
00457C : 0;
00457D : 0;
00457E : 0;
00457F : 0;
004580 : 0;
004581 : 0;
004582 : 0;
004583 : 0;
004584 : 0;
004585 : 0;
004586 : 0;
004587 : 0;
004588 : 0;
004589 : 0;
00458A : 0;
00458B : 0;
00458C : 0;
00458D : 0;
00458E : 0;
00458F : 0;
004590 : 0;
004591 : 0;
004592 : 0;
004593 : 0;
004594 : 0;
004595 : 0;
004596 : 0;
004597 : 0;
004598 : 0;
004599 : 0;
00459A : 0;
00459B : 0;
00459C : 0;
00459D : 0;
00459E : 0;
00459F : 0;
0045A0 : 0;
0045A1 : 0;
0045A2 : 0;
0045A3 : 0;
0045A4 : 0;
0045A5 : 0;
0045A6 : 0;
0045A7 : 0;
0045A8 : 0;
0045A9 : 0;
0045AA : 0;
0045AB : 3;
0045AC : 3;
0045AD : 3;
0045AE : 3;
0045AF : 3;
0045B0 : 3;
0045B1 : 3;
0045B2 : 3;
0045B3 : 3;
0045B4 : 3;
0045B5 : 3;
0045B6 : 0;
0045B7 : 0;
0045B8 : 0;
0045B9 : 0;
0045BA : 0;
0045BB : 0;
0045BC : 2;
0045BD : 2;
0045BE : 2;
0045BF : 2;
0045C0 : 0;
0045C1 : 0;
0045C2 : 0;
0045C3 : 0;
0045C4 : 0;
0045C5 : 0;
0045C6 : 0;
0045C7 : 0;
0045C8 : 0;
0045C9 : 0;
0045CA : 0;
0045CB : 0;
0045CC : 0;
0045CD : 0;
0045CE : 0;
0045CF : 0;
0045D0 : 0;
0045D1 : 0;
0045D2 : 0;
0045D3 : 0;
0045D4 : 0;
0045D5 : 0;
0045D6 : 0;
0045D7 : 0;
0045D8 : 0;
0045D9 : 0;
0045DA : 0;
0045DB : 0;
0045DC : 0;
0045DD : 0;
0045DE : 0;
0045DF : 0;
0045E0 : 0;
0045E1 : 2;
0045E2 : 2;
0045E3 : 2;
0045E4 : 2;
0045E5 : 2;
0045E6 : 2;
0045E7 : 2;
0045E8 : 2;
0045E9 : 0;
0045EA : 0;
0045EB : 0;
0045EC : 0;
0045ED : 0;
0045EE : 0;
0045EF : 2;
0045F0 : 2;
0045F1 : 2;
0045F2 : 2;
0045F3 : 2;
0045F4 : 2;
0045F5 : 2;
0045F6 : 2;
0045F7 : 0;
0045F8 : 0;
0045F9 : 0;
0045FA : 0;
0045FB : 0;
0045FC : 0;
0045FD : 0;
0045FE : 0;
0045FF : 0;
004600 : 0;
004601 : 0;
004602 : 0;
004603 : 0;
004604 : 0;
004605 : 0;
004606 : 0;
004607 : 0;
004608 : 0;
004609 : 0;
00460A : 0;
00460B : 0;
00460C : 0;
00460D : 0;
00460E : 0;
00460F : 0;
004610 : 0;
004611 : 0;
004612 : 0;
004613 : 0;
004614 : 0;
004615 : 0;
004616 : 0;
004617 : 0;
004618 : 0;
004619 : 0;
00461A : 2;
00461B : 2;
00461C : 2;
00461D : 0;
00461E : 0;
00461F : 0;
004620 : 0;
004621 : 0;
004622 : 0;
004623 : 0;
004624 : 0;
004625 : 3;
004626 : 3;
004627 : 3;
004628 : 3;
004629 : 3;
00462A : 3;
00462B : 3;
00462C : 3;
00462D : 3;
00462E : 3;
00462F : 0;
004630 : 0;
004631 : 0;
004632 : 0;
004633 : 0;
004634 : 0;
004635 : 0;
004636 : 0;
004637 : 0;
004638 : 0;
004639 : 0;
00463A : 0;
00463B : 0;
00463C : 0;
00463D : 0;
00463E : 0;
00463F : 0;
004640 : 0;
004641 : 0;
004642 : 0;
004643 : 0;
004644 : 0;
004645 : 0;
004646 : 0;
004647 : 0;
004648 : 0;
004649 : 0;
00464A : 0;
00464B : 0;
00464C : 0;
00464D : 0;
00464E : 0;
00464F : 0;
004650 : 0;
004651 : 0;
004652 : 0;
004653 : 0;
004654 : 0;
004655 : 0;
004656 : 0;
004657 : 0;
004658 : 0;
004659 : 0;
00465A : 0;
00465B : 0;
00465C : 0;
00465D : 0;
00465E : 0;
00465F : 0;
004660 : 0;
004661 : 0;
004662 : 0;
004663 : 0;
004664 : 0;
004665 : 0;
004666 : 0;
004667 : 0;
004668 : 0;
004669 : 0;
00466A : 0;
00466B : 0;
00466C : 0;
00466D : 0;
00466E : 0;
00466F : 0;
004670 : 0;
004671 : 0;
004672 : 0;
004673 : 3;
004674 : 3;
004675 : 3;
004676 : 3;
004677 : 3;
004678 : 3;
004679 : 3;
00467A : 3;
00467B : 3;
00467C : 3;
00467D : 3;
00467E : 0;
00467F : 0;
004680 : 0;
004681 : 0;
004682 : 0;
004683 : 0;
004684 : 2;
004685 : 2;
004686 : 2;
004687 : 0;
004688 : 0;
004689 : 0;
00468A : 0;
00468B : 0;
00468C : 0;
00468D : 0;
00468E : 0;
00468F : 0;
004690 : 0;
004691 : 0;
004692 : 0;
004693 : 0;
004694 : 0;
004695 : 0;
004696 : 0;
004697 : 0;
004698 : 0;
004699 : 0;
00469A : 0;
00469B : 0;
00469C : 0;
00469D : 0;
00469E : 0;
00469F : 0;
0046A0 : 0;
0046A1 : 0;
0046A2 : 0;
0046A3 : 0;
0046A4 : 0;
0046A5 : 0;
0046A6 : 0;
0046A7 : 0;
0046A8 : 2;
0046A9 : 2;
0046AA : 2;
0046AB : 2;
0046AC : 2;
0046AD : 2;
0046AE : 0;
0046AF : 0;
0046B0 : 0;
0046B1 : 0;
0046B2 : 0;
0046B3 : 0;
0046B4 : 0;
0046B5 : 0;
0046B6 : 0;
0046B7 : 0;
0046B8 : 0;
0046B9 : 0;
0046BA : 2;
0046BB : 2;
0046BC : 2;
0046BD : 2;
0046BE : 2;
0046BF : 2;
0046C0 : 0;
0046C1 : 0;
0046C2 : 0;
0046C3 : 0;
0046C4 : 0;
0046C5 : 0;
0046C6 : 0;
0046C7 : 0;
0046C8 : 0;
0046C9 : 0;
0046CA : 0;
0046CB : 0;
0046CC : 0;
0046CD : 0;
0046CE : 0;
0046CF : 0;
0046D0 : 0;
0046D1 : 0;
0046D2 : 0;
0046D3 : 0;
0046D4 : 0;
0046D5 : 0;
0046D6 : 0;
0046D7 : 0;
0046D8 : 0;
0046D9 : 0;
0046DA : 0;
0046DB : 0;
0046DC : 0;
0046DD : 0;
0046DE : 0;
0046DF : 0;
0046E0 : 0;
0046E1 : 0;
0046E2 : 2;
0046E3 : 2;
0046E4 : 2;
0046E5 : 0;
0046E6 : 0;
0046E7 : 0;
0046E8 : 0;
0046E9 : 0;
0046EA : 0;
0046EB : 0;
0046EC : 0;
0046ED : 3;
0046EE : 3;
0046EF : 3;
0046F0 : 3;
0046F1 : 3;
0046F2 : 3;
0046F3 : 3;
0046F4 : 3;
0046F5 : 3;
0046F6 : 3;
0046F7 : 0;
0046F8 : 0;
0046F9 : 0;
0046FA : 0;
0046FB : 0;
0046FC : 0;
0046FD : 0;
0046FE : 0;
0046FF : 0;
004700 : 0;
004701 : 0;
004702 : 0;
004703 : 0;
004704 : 0;
004705 : 0;
004706 : 0;
004707 : 0;
004708 : 0;
004709 : 0;
00470A : 0;
00470B : 0;
00470C : 0;
00470D : 0;
00470E : 0;
00470F : 0;
004710 : 0;
004711 : 0;
004712 : 0;
004713 : 0;
004714 : 0;
004715 : 0;
004716 : 0;
004717 : 0;
004718 : 0;
004719 : 0;
00471A : 0;
00471B : 0;
00471C : 0;
00471D : 0;
00471E : 0;
00471F : 0;
004720 : 0;
004721 : 0;
004722 : 0;
004723 : 0;
004724 : 0;
004725 : 0;
004726 : 0;
004727 : 0;
004728 : 0;
004729 : 0;
00472A : 0;
00472B : 0;
00472C : 0;
00472D : 0;
00472E : 0;
00472F : 0;
004730 : 0;
004731 : 0;
004732 : 0;
004733 : 0;
004734 : 0;
004735 : 0;
004736 : 0;
004737 : 0;
004738 : 0;
004739 : 0;
00473A : 0;
00473B : 3;
00473C : 3;
00473D : 3;
00473E : 3;
00473F : 3;
004740 : 3;
004741 : 3;
004742 : 3;
004743 : 3;
004744 : 3;
004745 : 0;
004746 : 0;
004747 : 0;
004748 : 0;
004749 : 0;
00474A : 0;
00474B : 0;
00474C : 2;
00474D : 2;
00474E : 2;
00474F : 0;
004750 : 0;
004751 : 0;
004752 : 0;
004753 : 0;
004754 : 0;
004755 : 0;
004756 : 0;
004757 : 0;
004758 : 0;
004759 : 0;
00475A : 0;
00475B : 0;
00475C : 0;
00475D : 0;
00475E : 0;
00475F : 0;
004760 : 0;
004761 : 0;
004762 : 0;
004763 : 0;
004764 : 0;
004765 : 0;
004766 : 0;
004767 : 0;
004768 : 0;
004769 : 0;
00476A : 0;
00476B : 0;
00476C : 0;
00476D : 0;
00476E : 0;
00476F : 3;
004770 : 2;
004771 : 2;
004772 : 2;
004773 : 2;
004774 : 2;
004775 : 0;
004776 : 0;
004777 : 0;
004778 : 0;
004779 : 0;
00477A : 0;
00477B : 2;
00477C : 2;
00477D : 0;
00477E : 0;
00477F : 0;
004780 : 0;
004781 : 0;
004782 : 0;
004783 : 2;
004784 : 2;
004785 : 2;
004786 : 2;
004787 : 2;
004788 : 2;
004789 : 0;
00478A : 0;
00478B : 0;
00478C : 0;
00478D : 0;
00478E : 0;
00478F : 0;
004790 : 0;
004791 : 0;
004792 : 0;
004793 : 0;
004794 : 0;
004795 : 0;
004796 : 0;
004797 : 0;
004798 : 0;
004799 : 0;
00479A : 0;
00479B : 0;
00479C : 0;
00479D : 0;
00479E : 0;
00479F : 0;
0047A0 : 0;
0047A1 : 0;
0047A2 : 0;
0047A3 : 0;
0047A4 : 0;
0047A5 : 0;
0047A6 : 0;
0047A7 : 0;
0047A8 : 0;
0047A9 : 0;
0047AA : 2;
0047AB : 2;
0047AC : 2;
0047AD : 0;
0047AE : 0;
0047AF : 0;
0047B0 : 0;
0047B1 : 0;
0047B2 : 0;
0047B3 : 0;
0047B4 : 0;
0047B5 : 3;
0047B6 : 3;
0047B7 : 3;
0047B8 : 3;
0047B9 : 3;
0047BA : 3;
0047BB : 3;
0047BC : 3;
0047BD : 3;
0047BE : 3;
0047BF : 0;
0047C0 : 0;
0047C1 : 0;
0047C2 : 0;
0047C3 : 0;
0047C4 : 0;
0047C5 : 0;
0047C6 : 0;
0047C7 : 0;
0047C8 : 0;
0047C9 : 0;
0047CA : 0;
0047CB : 0;
0047CC : 0;
0047CD : 0;
0047CE : 0;
0047CF : 0;
0047D0 : 0;
0047D1 : 0;
0047D2 : 0;
0047D3 : 0;
0047D4 : 0;
0047D5 : 0;
0047D6 : 0;
0047D7 : 0;
0047D8 : 0;
0047D9 : 0;
0047DA : 0;
0047DB : 0;
0047DC : 0;
0047DD : 0;
0047DE : 0;
0047DF : 0;
0047E0 : 0;
0047E1 : 0;
0047E2 : 0;
0047E3 : 0;
0047E4 : 0;
0047E5 : 0;
0047E6 : 0;
0047E7 : 0;
0047E8 : 0;
0047E9 : 0;
0047EA : 0;
0047EB : 0;
0047EC : 0;
0047ED : 0;
0047EE : 0;
0047EF : 0;
0047F0 : 0;
0047F1 : 0;
0047F2 : 0;
0047F3 : 0;
0047F4 : 0;
0047F5 : 0;
0047F6 : 0;
0047F7 : 0;
0047F8 : 0;
0047F9 : 0;
0047FA : 0;
0047FB : 0;
0047FC : 0;
0047FD : 0;
0047FE : 0;
0047FF : 0;
004800 : 0;
004801 : 0;
004802 : 3;
004803 : 3;
004804 : 3;
004805 : 3;
004806 : 3;
004807 : 3;
004808 : 3;
004809 : 3;
00480A : 3;
00480B : 3;
00480C : 3;
00480D : 0;
00480E : 0;
00480F : 0;
004810 : 0;
004811 : 0;
004812 : 0;
004813 : 0;
004814 : 2;
004815 : 2;
004816 : 2;
004817 : 0;
004818 : 0;
004819 : 0;
00481A : 0;
00481B : 0;
00481C : 0;
00481D : 0;
00481E : 0;
00481F : 0;
004820 : 0;
004821 : 0;
004822 : 0;
004823 : 0;
004824 : 0;
004825 : 0;
004826 : 0;
004827 : 0;
004828 : 0;
004829 : 0;
00482A : 0;
00482B : 0;
00482C : 0;
00482D : 0;
00482E : 0;
00482F : 0;
004830 : 0;
004831 : 0;
004832 : 0;
004833 : 0;
004834 : 0;
004835 : 0;
004836 : 0;
004837 : 2;
004838 : 2;
004839 : 2;
00483A : 2;
00483B : 2;
00483C : 0;
00483D : 0;
00483E : 0;
00483F : 0;
004840 : 0;
004841 : 0;
004842 : 2;
004843 : 2;
004844 : 2;
004845 : 2;
004846 : 0;
004847 : 0;
004848 : 0;
004849 : 0;
00484A : 0;
00484B : 0;
00484C : 2;
00484D : 2;
00484E : 2;
00484F : 2;
004850 : 2;
004851 : 0;
004852 : 0;
004853 : 0;
004854 : 0;
004855 : 0;
004856 : 0;
004857 : 0;
004858 : 0;
004859 : 0;
00485A : 0;
00485B : 0;
00485C : 0;
00485D : 0;
00485E : 0;
00485F : 0;
004860 : 0;
004861 : 0;
004862 : 0;
004863 : 0;
004864 : 0;
004865 : 0;
004866 : 0;
004867 : 0;
004868 : 0;
004869 : 0;
00486A : 0;
00486B : 0;
00486C : 0;
00486D : 0;
00486E : 0;
00486F : 0;
004870 : 0;
004871 : 0;
004872 : 2;
004873 : 2;
004874 : 2;
004875 : 2;
004876 : 0;
004877 : 0;
004878 : 0;
004879 : 0;
00487A : 0;
00487B : 0;
00487C : 0;
00487D : 3;
00487E : 3;
00487F : 3;
004880 : 3;
004881 : 3;
004882 : 3;
004883 : 3;
004884 : 3;
004885 : 3;
004886 : 3;
004887 : 0;
004888 : 0;
004889 : 0;
00488A : 0;
00488B : 0;
00488C : 0;
00488D : 0;
00488E : 0;
00488F : 0;
004890 : 0;
004891 : 0;
004892 : 0;
004893 : 0;
004894 : 0;
004895 : 0;
004896 : 0;
004897 : 0;
004898 : 0;
004899 : 0;
00489A : 0;
00489B : 0;
00489C : 0;
00489D : 0;
00489E : 0;
00489F : 0;
0048A0 : 0;
0048A1 : 0;
0048A2 : 0;
0048A3 : 0;
0048A4 : 0;
0048A5 : 0;
0048A6 : 0;
0048A7 : 0;
0048A8 : 0;
0048A9 : 0;
0048AA : 0;
0048AB : 0;
0048AC : 0;
0048AD : 0;
0048AE : 0;
0048AF : 0;
0048B0 : 0;
0048B1 : 0;
0048B2 : 0;
0048B3 : 0;
0048B4 : 0;
0048B5 : 0;
0048B6 : 0;
0048B7 : 0;
0048B8 : 0;
0048B9 : 0;
0048BA : 0;
0048BB : 0;
0048BC : 0;
0048BD : 0;
0048BE : 0;
0048BF : 0;
0048C0 : 0;
0048C1 : 0;
0048C2 : 0;
0048C3 : 0;
0048C4 : 0;
0048C5 : 0;
0048C6 : 0;
0048C7 : 0;
0048C8 : 0;
0048C9 : 0;
0048CA : 3;
0048CB : 3;
0048CC : 3;
0048CD : 3;
0048CE : 3;
0048CF : 3;
0048D0 : 3;
0048D1 : 3;
0048D2 : 3;
0048D3 : 3;
0048D4 : 3;
0048D5 : 0;
0048D6 : 0;
0048D7 : 0;
0048D8 : 0;
0048D9 : 0;
0048DA : 0;
0048DB : 0;
0048DC : 2;
0048DD : 2;
0048DE : 2;
0048DF : 0;
0048E0 : 0;
0048E1 : 0;
0048E2 : 0;
0048E3 : 0;
0048E4 : 0;
0048E5 : 0;
0048E6 : 0;
0048E7 : 0;
0048E8 : 0;
0048E9 : 0;
0048EA : 0;
0048EB : 0;
0048EC : 0;
0048ED : 0;
0048EE : 0;
0048EF : 0;
0048F0 : 0;
0048F1 : 0;
0048F2 : 0;
0048F3 : 0;
0048F4 : 0;
0048F5 : 0;
0048F6 : 0;
0048F7 : 0;
0048F8 : 0;
0048F9 : 0;
0048FA : 0;
0048FB : 0;
0048FC : 0;
0048FD : 0;
0048FE : 2;
0048FF : 2;
004900 : 2;
004901 : 2;
004902 : 2;
004903 : 0;
004904 : 0;
004905 : 0;
004906 : 0;
004907 : 0;
004908 : 0;
004909 : 0;
00490A : 2;
00490B : 2;
00490C : 2;
00490D : 2;
00490E : 0;
00490F : 0;
004910 : 0;
004911 : 0;
004912 : 0;
004913 : 0;
004914 : 0;
004915 : 2;
004916 : 2;
004917 : 2;
004918 : 2;
004919 : 2;
00491A : 0;
00491B : 0;
00491C : 0;
00491D : 0;
00491E : 0;
00491F : 0;
004920 : 0;
004921 : 0;
004922 : 0;
004923 : 0;
004924 : 0;
004925 : 0;
004926 : 0;
004927 : 0;
004928 : 0;
004929 : 0;
00492A : 0;
00492B : 0;
00492C : 0;
00492D : 0;
00492E : 0;
00492F : 0;
004930 : 0;
004931 : 0;
004932 : 0;
004933 : 0;
004934 : 0;
004935 : 0;
004936 : 0;
004937 : 0;
004938 : 0;
004939 : 0;
00493A : 2;
00493B : 2;
00493C : 2;
00493D : 2;
00493E : 0;
00493F : 0;
004940 : 0;
004941 : 0;
004942 : 0;
004943 : 0;
004944 : 0;
004945 : 3;
004946 : 3;
004947 : 3;
004948 : 3;
004949 : 3;
00494A : 3;
00494B : 3;
00494C : 3;
00494D : 3;
00494E : 3;
00494F : 0;
004950 : 0;
004951 : 0;
004952 : 0;
004953 : 0;
004954 : 0;
004955 : 0;
004956 : 0;
004957 : 0;
004958 : 0;
004959 : 0;
00495A : 0;
00495B : 0;
00495C : 0;
00495D : 0;
00495E : 0;
00495F : 0;
004960 : 0;
004961 : 0;
004962 : 0;
004963 : 0;
004964 : 0;
004965 : 0;
004966 : 0;
004967 : 0;
004968 : 0;
004969 : 0;
00496A : 0;
00496B : 0;
00496C : 0;
00496D : 0;
00496E : 0;
00496F : 0;
004970 : 0;
004971 : 0;
004972 : 0;
004973 : 0;
004974 : 0;
004975 : 0;
004976 : 0;
004977 : 0;
004978 : 0;
004979 : 0;
00497A : 0;
00497B : 0;
00497C : 0;
00497D : 0;
00497E : 0;
00497F : 0;
004980 : 0;
004981 : 0;
004982 : 0;
004983 : 0;
004984 : 0;
004985 : 0;
004986 : 0;
004987 : 0;
004988 : 0;
004989 : 0;
00498A : 0;
00498B : 0;
00498C : 0;
00498D : 0;
00498E : 0;
00498F : 0;
004990 : 0;
004991 : 0;
004992 : 3;
004993 : 3;
004994 : 3;
004995 : 3;
004996 : 3;
004997 : 3;
004998 : 3;
004999 : 3;
00499A : 3;
00499B : 3;
00499C : 3;
00499D : 0;
00499E : 0;
00499F : 0;
0049A0 : 0;
0049A1 : 0;
0049A2 : 0;
0049A3 : 0;
0049A4 : 2;
0049A5 : 2;
0049A6 : 2;
0049A7 : 0;
0049A8 : 0;
0049A9 : 0;
0049AA : 0;
0049AB : 0;
0049AC : 0;
0049AD : 0;
0049AE : 0;
0049AF : 0;
0049B0 : 0;
0049B1 : 0;
0049B2 : 0;
0049B3 : 0;
0049B4 : 0;
0049B5 : 0;
0049B6 : 0;
0049B7 : 2;
0049B8 : 2;
0049B9 : 0;
0049BA : 0;
0049BB : 0;
0049BC : 0;
0049BD : 0;
0049BE : 0;
0049BF : 0;
0049C0 : 0;
0049C1 : 0;
0049C2 : 0;
0049C3 : 0;
0049C4 : 0;
0049C5 : 0;
0049C6 : 2;
0049C7 : 2;
0049C8 : 2;
0049C9 : 2;
0049CA : 0;
0049CB : 0;
0049CC : 0;
0049CD : 0;
0049CE : 0;
0049CF : 0;
0049D0 : 0;
0049D1 : 3;
0049D2 : 2;
0049D3 : 2;
0049D4 : 2;
0049D5 : 2;
0049D6 : 2;
0049D7 : 0;
0049D8 : 0;
0049D9 : 0;
0049DA : 0;
0049DB : 0;
0049DC : 0;
0049DD : 0;
0049DE : 2;
0049DF : 2;
0049E0 : 2;
0049E1 : 2;
0049E2 : 0;
0049E3 : 0;
0049E4 : 0;
0049E5 : 0;
0049E6 : 0;
0049E7 : 0;
0049E8 : 0;
0049E9 : 0;
0049EA : 0;
0049EB : 0;
0049EC : 0;
0049ED : 0;
0049EE : 0;
0049EF : 0;
0049F0 : 0;
0049F1 : 0;
0049F2 : 0;
0049F3 : 0;
0049F4 : 0;
0049F5 : 0;
0049F6 : 0;
0049F7 : 0;
0049F8 : 0;
0049F9 : 0;
0049FA : 0;
0049FB : 0;
0049FC : 0;
0049FD : 0;
0049FE : 0;
0049FF : 0;
004A00 : 0;
004A01 : 0;
004A02 : 0;
004A03 : 2;
004A04 : 2;
004A05 : 2;
004A06 : 0;
004A07 : 0;
004A08 : 0;
004A09 : 0;
004A0A : 0;
004A0B : 0;
004A0C : 0;
004A0D : 0;
004A0E : 3;
004A0F : 3;
004A10 : 3;
004A11 : 3;
004A12 : 3;
004A13 : 3;
004A14 : 3;
004A15 : 3;
004A16 : 3;
004A17 : 0;
004A18 : 0;
004A19 : 0;
004A1A : 0;
004A1B : 0;
004A1C : 0;
004A1D : 0;
004A1E : 0;
004A1F : 0;
004A20 : 0;
004A21 : 0;
004A22 : 0;
004A23 : 0;
004A24 : 0;
004A25 : 0;
004A26 : 0;
004A27 : 0;
004A28 : 0;
004A29 : 0;
004A2A : 0;
004A2B : 0;
004A2C : 0;
004A2D : 0;
004A2E : 0;
004A2F : 0;
004A30 : 0;
004A31 : 0;
004A32 : 0;
004A33 : 0;
004A34 : 0;
004A35 : 0;
004A36 : 0;
004A37 : 0;
004A38 : 0;
004A39 : 0;
004A3A : 0;
004A3B : 0;
004A3C : 0;
004A3D : 0;
004A3E : 0;
004A3F : 0;
004A40 : 0;
004A41 : 0;
004A42 : 0;
004A43 : 0;
004A44 : 0;
004A45 : 0;
004A46 : 0;
004A47 : 0;
004A48 : 0;
004A49 : 0;
004A4A : 0;
004A4B : 0;
004A4C : 0;
004A4D : 0;
004A4E : 0;
004A4F : 0;
004A50 : 0;
004A51 : 0;
004A52 : 0;
004A53 : 0;
004A54 : 0;
004A55 : 0;
004A56 : 0;
004A57 : 0;
004A58 : 0;
004A59 : 0;
004A5A : 3;
004A5B : 3;
004A5C : 3;
004A5D : 3;
004A5E : 3;
004A5F : 3;
004A60 : 3;
004A61 : 3;
004A62 : 3;
004A63 : 3;
004A64 : 3;
004A65 : 0;
004A66 : 0;
004A67 : 0;
004A68 : 0;
004A69 : 0;
004A6A : 0;
004A6B : 2;
004A6C : 2;
004A6D : 2;
004A6E : 2;
004A6F : 0;
004A70 : 0;
004A71 : 0;
004A72 : 0;
004A73 : 0;
004A74 : 0;
004A75 : 0;
004A76 : 0;
004A77 : 0;
004A78 : 0;
004A79 : 0;
004A7A : 0;
004A7B : 0;
004A7C : 0;
004A7D : 0;
004A7E : 2;
004A7F : 2;
004A80 : 2;
004A81 : 0;
004A82 : 0;
004A83 : 0;
004A84 : 0;
004A85 : 0;
004A86 : 0;
004A87 : 0;
004A88 : 0;
004A89 : 0;
004A8A : 0;
004A8B : 0;
004A8C : 0;
004A8D : 3;
004A8E : 2;
004A8F : 2;
004A90 : 2;
004A91 : 2;
004A92 : 0;
004A93 : 0;
004A94 : 0;
004A95 : 0;
004A96 : 0;
004A97 : 0;
004A98 : 2;
004A99 : 2;
004A9A : 2;
004A9B : 2;
004A9C : 2;
004A9D : 2;
004A9E : 2;
004A9F : 2;
004AA0 : 0;
004AA1 : 0;
004AA2 : 0;
004AA3 : 0;
004AA4 : 0;
004AA5 : 0;
004AA6 : 2;
004AA7 : 2;
004AA8 : 2;
004AA9 : 2;
004AAA : 3;
004AAB : 0;
004AAC : 0;
004AAD : 0;
004AAE : 0;
004AAF : 0;
004AB0 : 0;
004AB1 : 0;
004AB2 : 0;
004AB3 : 0;
004AB4 : 0;
004AB5 : 0;
004AB6 : 2;
004AB7 : 2;
004AB8 : 2;
004AB9 : 2;
004ABA : 0;
004ABB : 0;
004ABC : 0;
004ABD : 0;
004ABE : 0;
004ABF : 0;
004AC0 : 0;
004AC1 : 0;
004AC2 : 0;
004AC3 : 0;
004AC4 : 0;
004AC5 : 0;
004AC6 : 0;
004AC7 : 0;
004AC8 : 0;
004AC9 : 0;
004ACA : 0;
004ACB : 2;
004ACC : 2;
004ACD : 2;
004ACE : 0;
004ACF : 0;
004AD0 : 0;
004AD1 : 0;
004AD2 : 0;
004AD3 : 0;
004AD4 : 0;
004AD5 : 0;
004AD6 : 3;
004AD7 : 3;
004AD8 : 3;
004AD9 : 3;
004ADA : 3;
004ADB : 3;
004ADC : 3;
004ADD : 3;
004ADE : 3;
004ADF : 0;
004AE0 : 0;
004AE1 : 0;
004AE2 : 0;
004AE3 : 0;
004AE4 : 0;
004AE5 : 0;
004AE6 : 0;
004AE7 : 0;
004AE8 : 0;
004AE9 : 0;
004AEA : 0;
004AEB : 0;
004AEC : 0;
004AED : 0;
004AEE : 0;
004AEF : 0;
004AF0 : 0;
004AF1 : 0;
004AF2 : 0;
004AF3 : 0;
004AF4 : 0;
004AF5 : 0;
004AF6 : 0;
004AF7 : 0;
004AF8 : 0;
004AF9 : 0;
004AFA : 0;
004AFB : 0;
004AFC : 0;
004AFD : 0;
004AFE : 0;
004AFF : 0;
004B00 : 0;
004B01 : 0;
004B02 : 0;
004B03 : 0;
004B04 : 0;
004B05 : 0;
004B06 : 0;
004B07 : 0;
004B08 : 0;
004B09 : 0;
004B0A : 0;
004B0B : 0;
004B0C : 0;
004B0D : 0;
004B0E : 0;
004B0F : 0;
004B10 : 0;
004B11 : 0;
004B12 : 0;
004B13 : 0;
004B14 : 0;
004B15 : 0;
004B16 : 0;
004B17 : 0;
004B18 : 0;
004B19 : 0;
004B1A : 0;
004B1B : 0;
004B1C : 0;
004B1D : 0;
004B1E : 0;
004B1F : 0;
004B20 : 0;
004B21 : 0;
004B22 : 3;
004B23 : 3;
004B24 : 3;
004B25 : 3;
004B26 : 3;
004B27 : 3;
004B28 : 3;
004B29 : 3;
004B2A : 3;
004B2B : 3;
004B2C : 3;
004B2D : 0;
004B2E : 0;
004B2F : 0;
004B30 : 0;
004B31 : 0;
004B32 : 0;
004B33 : 2;
004B34 : 2;
004B35 : 2;
004B36 : 2;
004B37 : 0;
004B38 : 0;
004B39 : 0;
004B3A : 0;
004B3B : 0;
004B3C : 0;
004B3D : 0;
004B3E : 0;
004B3F : 0;
004B40 : 0;
004B41 : 0;
004B42 : 0;
004B43 : 0;
004B44 : 0;
004B45 : 0;
004B46 : 2;
004B47 : 2;
004B48 : 2;
004B49 : 2;
004B4A : 0;
004B4B : 0;
004B4C : 0;
004B4D : 0;
004B4E : 0;
004B4F : 0;
004B50 : 0;
004B51 : 0;
004B52 : 0;
004B53 : 0;
004B54 : 0;
004B55 : 2;
004B56 : 2;
004B57 : 2;
004B58 : 2;
004B59 : 2;
004B5A : 0;
004B5B : 0;
004B5C : 0;
004B5D : 0;
004B5E : 0;
004B5F : 2;
004B60 : 2;
004B61 : 2;
004B62 : 2;
004B63 : 2;
004B64 : 2;
004B65 : 2;
004B66 : 2;
004B67 : 2;
004B68 : 2;
004B69 : 0;
004B6A : 0;
004B6B : 0;
004B6C : 0;
004B6D : 0;
004B6E : 2;
004B6F : 2;
004B70 : 2;
004B71 : 2;
004B72 : 2;
004B73 : 0;
004B74 : 0;
004B75 : 0;
004B76 : 0;
004B77 : 0;
004B78 : 0;
004B79 : 0;
004B7A : 0;
004B7B : 0;
004B7C : 0;
004B7D : 0;
004B7E : 2;
004B7F : 2;
004B80 : 2;
004B81 : 2;
004B82 : 0;
004B83 : 0;
004B84 : 0;
004B85 : 0;
004B86 : 0;
004B87 : 0;
004B88 : 0;
004B89 : 0;
004B8A : 0;
004B8B : 0;
004B8C : 0;
004B8D : 0;
004B8E : 0;
004B8F : 0;
004B90 : 0;
004B91 : 0;
004B92 : 0;
004B93 : 2;
004B94 : 2;
004B95 : 2;
004B96 : 0;
004B97 : 0;
004B98 : 0;
004B99 : 0;
004B9A : 0;
004B9B : 0;
004B9C : 0;
004B9D : 0;
004B9E : 3;
004B9F : 3;
004BA0 : 3;
004BA1 : 3;
004BA2 : 3;
004BA3 : 3;
004BA4 : 3;
004BA5 : 3;
004BA6 : 3;
004BA7 : 0;
004BA8 : 0;
004BA9 : 0;
004BAA : 0;
004BAB : 0;
004BAC : 0;
004BAD : 0;
004BAE : 0;
004BAF : 0;
004BB0 : 0;
004BB1 : 0;
004BB2 : 0;
004BB3 : 0;
004BB4 : 0;
004BB5 : 0;
004BB6 : 0;
004BB7 : 0;
004BB8 : 0;
004BB9 : 0;
004BBA : 0;
004BBB : 0;
004BBC : 0;
004BBD : 0;
004BBE : 0;
004BBF : 0;
004BC0 : 0;
004BC1 : 0;
004BC2 : 0;
004BC3 : 0;
004BC4 : 0;
004BC5 : 0;
004BC6 : 0;
004BC7 : 0;
004BC8 : 0;
004BC9 : 0;
004BCA : 0;
004BCB : 0;
004BCC : 0;
004BCD : 0;
004BCE : 0;
004BCF : 0;
004BD0 : 0;
004BD1 : 0;
004BD2 : 0;
004BD3 : 0;
004BD4 : 0;
004BD5 : 0;
004BD6 : 0;
004BD7 : 3;
004BD8 : 3;
004BD9 : 3;
004BDA : 3;
004BDB : 3;
004BDC : 3;
004BDD : 3;
004BDE : 3;
004BDF : 3;
004BE0 : 3;
004BE1 : 3;
004BE2 : 3;
004BE3 : 3;
004BE4 : 3;
004BE5 : 3;
004BE6 : 3;
004BE7 : 3;
004BE8 : 3;
004BE9 : 3;
004BEA : 3;
004BEB : 3;
004BEC : 3;
004BED : 3;
004BEE : 3;
004BEF : 3;
004BF0 : 3;
004BF1 : 3;
004BF2 : 3;
004BF3 : 3;
004BF4 : 3;
004BF5 : 3;
004BF6 : 3;
004BF7 : 3;
004BF8 : 3;
004BF9 : 3;
004BFA : 3;
004BFB : 3;
004BFC : 2;
004BFD : 2;
004BFE : 3;
004BFF : 3;
004C00 : 3;
004C01 : 3;
004C02 : 3;
004C03 : 3;
004C04 : 0;
004C05 : 0;
004C06 : 0;
004C07 : 0;
004C08 : 0;
004C09 : 0;
004C0A : 0;
004C0B : 0;
004C0C : 0;
004C0D : 0;
004C0E : 2;
004C0F : 2;
004C10 : 2;
004C11 : 0;
004C12 : 0;
004C13 : 0;
004C14 : 0;
004C15 : 0;
004C16 : 0;
004C17 : 0;
004C18 : 0;
004C19 : 0;
004C1A : 0;
004C1B : 0;
004C1C : 0;
004C1D : 2;
004C1E : 2;
004C1F : 2;
004C20 : 2;
004C21 : 0;
004C22 : 0;
004C23 : 0;
004C24 : 0;
004C25 : 0;
004C26 : 3;
004C27 : 2;
004C28 : 2;
004C29 : 2;
004C2A : 2;
004C2B : 2;
004C2C : 2;
004C2D : 2;
004C2E : 2;
004C2F : 2;
004C30 : 2;
004C31 : 2;
004C32 : 0;
004C33 : 0;
004C34 : 0;
004C35 : 0;
004C36 : 0;
004C37 : 2;
004C38 : 2;
004C39 : 2;
004C3A : 2;
004C3B : 0;
004C3C : 0;
004C3D : 0;
004C3E : 0;
004C3F : 0;
004C40 : 0;
004C41 : 0;
004C42 : 0;
004C43 : 0;
004C44 : 0;
004C45 : 0;
004C46 : 2;
004C47 : 2;
004C48 : 2;
004C49 : 2;
004C4A : 0;
004C4B : 0;
004C4C : 0;
004C4D : 0;
004C4E : 0;
004C4F : 0;
004C50 : 0;
004C51 : 0;
004C52 : 0;
004C53 : 0;
004C54 : 0;
004C55 : 3;
004C56 : 3;
004C57 : 3;
004C58 : 3;
004C59 : 3;
004C5A : 3;
004C5B : 2;
004C5C : 2;
004C5D : 2;
004C5E : 3;
004C5F : 3;
004C60 : 3;
004C61 : 3;
004C62 : 3;
004C63 : 3;
004C64 : 3;
004C65 : 3;
004C66 : 3;
004C67 : 3;
004C68 : 3;
004C69 : 3;
004C6A : 3;
004C6B : 3;
004C6C : 3;
004C6D : 3;
004C6E : 3;
004C6F : 3;
004C70 : 3;
004C71 : 3;
004C72 : 3;
004C73 : 3;
004C74 : 3;
004C75 : 3;
004C76 : 3;
004C77 : 3;
004C78 : 3;
004C79 : 3;
004C7A : 3;
004C7B : 3;
004C7C : 3;
004C7D : 3;
004C7E : 3;
004C7F : 3;
004C80 : 3;
004C81 : 0;
004C82 : 0;
004C83 : 0;
004C84 : 0;
004C85 : 0;
004C86 : 0;
004C87 : 0;
004C88 : 0;
004C89 : 0;
004C8A : 0;
004C8B : 0;
004C8C : 0;
004C8D : 0;
004C8E : 0;
004C8F : 0;
004C90 : 0;
004C91 : 0;
004C92 : 0;
004C93 : 0;
004C94 : 0;
004C95 : 0;
004C96 : 0;
004C97 : 0;
004C98 : 0;
004C99 : 0;
004C9A : 0;
004C9B : 0;
004C9C : 0;
004C9D : 0;
004C9E : 3;
004C9F : 3;
004CA0 : 3;
004CA1 : 3;
004CA2 : 3;
004CA3 : 3;
004CA4 : 3;
004CA5 : 3;
004CA6 : 3;
004CA7 : 3;
004CA8 : 3;
004CA9 : 3;
004CAA : 3;
004CAB : 3;
004CAC : 3;
004CAD : 3;
004CAE : 3;
004CAF : 3;
004CB0 : 3;
004CB1 : 3;
004CB2 : 3;
004CB3 : 3;
004CB4 : 3;
004CB5 : 3;
004CB6 : 3;
004CB7 : 3;
004CB8 : 3;
004CB9 : 3;
004CBA : 3;
004CBB : 3;
004CBC : 3;
004CBD : 3;
004CBE : 3;
004CBF : 3;
004CC0 : 3;
004CC1 : 3;
004CC2 : 3;
004CC3 : 3;
004CC4 : 3;
004CC5 : 3;
004CC6 : 3;
004CC7 : 3;
004CC8 : 3;
004CC9 : 3;
004CCA : 3;
004CCB : 3;
004CCC : 3;
004CCD : 2;
004CCE : 2;
004CCF : 2;
004CD0 : 2;
004CD1 : 2;
004CD2 : 2;
004CD3 : 2;
004CD4 : 2;
004CD5 : 2;
004CD6 : 2;
004CD7 : 2;
004CD8 : 2;
004CD9 : 2;
004CDA : 2;
004CDB : 2;
004CDC : 2;
004CDD : 2;
004CDE : 2;
004CDF : 2;
004CE0 : 2;
004CE1 : 2;
004CE2 : 2;
004CE3 : 2;
004CE4 : 0;
004CE5 : 2;
004CE6 : 2;
004CE7 : 2;
004CE8 : 2;
004CE9 : 0;
004CEA : 0;
004CEB : 0;
004CEC : 2;
004CED : 3;
004CEE : 2;
004CEF : 2;
004CF0 : 2;
004CF1 : 2;
004CF2 : 2;
004CF3 : 2;
004CF4 : 2;
004CF5 : 2;
004CF6 : 2;
004CF7 : 2;
004CF8 : 2;
004CF9 : 2;
004CFA : 3;
004CFB : 2;
004CFC : 0;
004CFD : 0;
004CFE : 0;
004CFF : 2;
004D00 : 2;
004D01 : 2;
004D02 : 2;
004D03 : 0;
004D04 : 0;
004D05 : 0;
004D06 : 0;
004D07 : 0;
004D08 : 0;
004D09 : 0;
004D0A : 0;
004D0B : 0;
004D0C : 0;
004D0D : 0;
004D0E : 0;
004D0F : 2;
004D10 : 2;
004D11 : 3;
004D12 : 0;
004D13 : 0;
004D14 : 0;
004D15 : 0;
004D16 : 0;
004D17 : 0;
004D18 : 0;
004D19 : 0;
004D1A : 0;
004D1B : 0;
004D1C : 3;
004D1D : 3;
004D1E : 3;
004D1F : 3;
004D20 : 3;
004D21 : 3;
004D22 : 3;
004D23 : 3;
004D24 : 3;
004D25 : 3;
004D26 : 3;
004D27 : 3;
004D28 : 3;
004D29 : 3;
004D2A : 3;
004D2B : 3;
004D2C : 3;
004D2D : 3;
004D2E : 3;
004D2F : 3;
004D30 : 3;
004D31 : 3;
004D32 : 3;
004D33 : 3;
004D34 : 3;
004D35 : 3;
004D36 : 3;
004D37 : 3;
004D38 : 3;
004D39 : 3;
004D3A : 3;
004D3B : 3;
004D3C : 3;
004D3D : 3;
004D3E : 3;
004D3F : 3;
004D40 : 3;
004D41 : 3;
004D42 : 3;
004D43 : 3;
004D44 : 3;
004D45 : 3;
004D46 : 3;
004D47 : 3;
004D48 : 3;
004D49 : 3;
004D4A : 0;
004D4B : 0;
004D4C : 0;
004D4D : 0;
004D4E : 0;
004D4F : 0;
004D50 : 0;
004D51 : 0;
004D52 : 0;
004D53 : 0;
004D54 : 0;
004D55 : 0;
004D56 : 0;
004D57 : 0;
004D58 : 0;
004D59 : 0;
004D5A : 0;
004D5B : 0;
004D5C : 0;
004D5D : 0;
004D5E : 0;
004D5F : 0;
004D60 : 0;
004D61 : 0;
004D62 : 0;
004D63 : 0;
004D64 : 0;
004D65 : 0;
004D66 : 3;
004D67 : 3;
004D68 : 3;
004D69 : 3;
004D6A : 3;
004D6B : 3;
004D6C : 3;
004D6D : 3;
004D6E : 3;
004D6F : 3;
004D70 : 3;
004D71 : 3;
004D72 : 3;
004D73 : 3;
004D74 : 3;
004D75 : 3;
004D76 : 3;
004D77 : 3;
004D78 : 3;
004D79 : 3;
004D7A : 3;
004D7B : 3;
004D7C : 3;
004D7D : 3;
004D7E : 3;
004D7F : 3;
004D80 : 3;
004D81 : 3;
004D82 : 3;
004D83 : 3;
004D84 : 3;
004D85 : 3;
004D86 : 3;
004D87 : 3;
004D88 : 3;
004D89 : 3;
004D8A : 3;
004D8B : 3;
004D8C : 3;
004D8D : 3;
004D8E : 3;
004D8F : 3;
004D90 : 3;
004D91 : 3;
004D92 : 3;
004D93 : 3;
004D94 : 2;
004D95 : 2;
004D96 : 2;
004D97 : 2;
004D98 : 2;
004D99 : 2;
004D9A : 2;
004D9B : 2;
004D9C : 2;
004D9D : 2;
004D9E : 2;
004D9F : 2;
004DA0 : 2;
004DA1 : 2;
004DA2 : 2;
004DA3 : 2;
004DA4 : 2;
004DA5 : 2;
004DA6 : 2;
004DA7 : 2;
004DA8 : 2;
004DA9 : 2;
004DAA : 2;
004DAB : 2;
004DAC : 2;
004DAD : 2;
004DAE : 2;
004DAF : 2;
004DB0 : 2;
004DB1 : 0;
004DB2 : 0;
004DB3 : 2;
004DB4 : 2;
004DB5 : 2;
004DB6 : 2;
004DB7 : 2;
004DB8 : 2;
004DB9 : 2;
004DBA : 2;
004DBB : 2;
004DBC : 2;
004DBD : 2;
004DBE : 2;
004DBF : 2;
004DC0 : 2;
004DC1 : 2;
004DC2 : 2;
004DC3 : 2;
004DC4 : 2;
004DC5 : 0;
004DC6 : 0;
004DC7 : 2;
004DC8 : 2;
004DC9 : 2;
004DCA : 2;
004DCB : 2;
004DCC : 2;
004DCD : 2;
004DCE : 2;
004DCF : 2;
004DD0 : 2;
004DD1 : 2;
004DD2 : 2;
004DD3 : 2;
004DD4 : 2;
004DD5 : 2;
004DD6 : 2;
004DD7 : 2;
004DD8 : 2;
004DD9 : 2;
004DDA : 2;
004DDB : 2;
004DDC : 2;
004DDD : 2;
004DDE : 2;
004DDF : 2;
004DE0 : 2;
004DE1 : 2;
004DE2 : 2;
004DE3 : 2;
004DE4 : 3;
004DE5 : 3;
004DE6 : 3;
004DE7 : 3;
004DE8 : 3;
004DE9 : 3;
004DEA : 3;
004DEB : 3;
004DEC : 3;
004DED : 3;
004DEE : 3;
004DEF : 3;
004DF0 : 3;
004DF1 : 3;
004DF2 : 3;
004DF3 : 3;
004DF4 : 3;
004DF5 : 3;
004DF6 : 3;
004DF7 : 3;
004DF8 : 3;
004DF9 : 3;
004DFA : 3;
004DFB : 3;
004DFC : 3;
004DFD : 3;
004DFE : 3;
004DFF : 3;
004E00 : 3;
004E01 : 3;
004E02 : 3;
004E03 : 3;
004E04 : 3;
004E05 : 3;
004E06 : 3;
004E07 : 3;
004E08 : 3;
004E09 : 3;
004E0A : 3;
004E0B : 3;
004E0C : 3;
004E0D : 3;
004E0E : 3;
004E0F : 3;
004E10 : 3;
004E11 : 3;
004E12 : 0;
004E13 : 0;
004E14 : 0;
004E15 : 0;
004E16 : 0;
004E17 : 0;
004E18 : 0;
004E19 : 0;
004E1A : 0;
004E1B : 0;
004E1C : 0;
004E1D : 0;
004E1E : 0;
004E1F : 0;
004E20 : 0;
004E21 : 0;
004E22 : 0;
004E23 : 0;
004E24 : 0;
004E25 : 0;
004E26 : 0;
004E27 : 0;
004E28 : 0;
004E29 : 0;
004E2A : 0;
004E2B : 0;
004E2C : 0;
004E2D : 0;
004E2E : 3;
004E2F : 3;
004E30 : 3;
004E31 : 3;
004E32 : 3;
004E33 : 3;
004E34 : 3;
004E35 : 3;
004E36 : 3;
004E37 : 3;
004E38 : 3;
004E39 : 3;
004E3A : 3;
004E3B : 3;
004E3C : 3;
004E3D : 3;
004E3E : 3;
004E3F : 3;
004E40 : 3;
004E41 : 3;
004E42 : 3;
004E43 : 3;
004E44 : 3;
004E45 : 3;
004E46 : 3;
004E47 : 3;
004E48 : 3;
004E49 : 3;
004E4A : 3;
004E4B : 3;
004E4C : 3;
004E4D : 3;
004E4E : 3;
004E4F : 3;
004E50 : 3;
004E51 : 3;
004E52 : 3;
004E53 : 3;
004E54 : 3;
004E55 : 3;
004E56 : 3;
004E57 : 3;
004E58 : 3;
004E59 : 3;
004E5A : 3;
004E5B : 3;
004E5C : 2;
004E5D : 2;
004E5E : 2;
004E5F : 2;
004E60 : 2;
004E61 : 2;
004E62 : 2;
004E63 : 2;
004E64 : 2;
004E65 : 2;
004E66 : 2;
004E67 : 2;
004E68 : 2;
004E69 : 2;
004E6A : 2;
004E6B : 2;
004E6C : 2;
004E6D : 2;
004E6E : 2;
004E6F : 2;
004E70 : 2;
004E71 : 2;
004E72 : 2;
004E73 : 2;
004E74 : 2;
004E75 : 2;
004E76 : 2;
004E77 : 2;
004E78 : 2;
004E79 : 0;
004E7A : 0;
004E7B : 2;
004E7C : 2;
004E7D : 2;
004E7E : 2;
004E7F : 2;
004E80 : 2;
004E81 : 2;
004E82 : 2;
004E83 : 2;
004E84 : 2;
004E85 : 2;
004E86 : 2;
004E87 : 2;
004E88 : 2;
004E89 : 2;
004E8A : 2;
004E8B : 2;
004E8C : 2;
004E8D : 0;
004E8E : 0;
004E8F : 2;
004E90 : 2;
004E91 : 2;
004E92 : 2;
004E93 : 2;
004E94 : 2;
004E95 : 2;
004E96 : 2;
004E97 : 2;
004E98 : 2;
004E99 : 2;
004E9A : 2;
004E9B : 2;
004E9C : 2;
004E9D : 2;
004E9E : 2;
004E9F : 2;
004EA0 : 2;
004EA1 : 2;
004EA2 : 2;
004EA3 : 2;
004EA4 : 2;
004EA5 : 2;
004EA6 : 2;
004EA7 : 2;
004EA8 : 2;
004EA9 : 2;
004EAA : 2;
004EAB : 2;
004EAC : 3;
004EAD : 3;
004EAE : 3;
004EAF : 3;
004EB0 : 3;
004EB1 : 3;
004EB2 : 3;
004EB3 : 3;
004EB4 : 3;
004EB5 : 3;
004EB6 : 3;
004EB7 : 3;
004EB8 : 3;
004EB9 : 3;
004EBA : 3;
004EBB : 3;
004EBC : 3;
004EBD : 3;
004EBE : 3;
004EBF : 3;
004EC0 : 3;
004EC1 : 3;
004EC2 : 3;
004EC3 : 3;
004EC4 : 3;
004EC5 : 3;
004EC6 : 3;
004EC7 : 3;
004EC8 : 3;
004EC9 : 3;
004ECA : 3;
004ECB : 3;
004ECC : 3;
004ECD : 3;
004ECE : 3;
004ECF : 3;
004ED0 : 3;
004ED1 : 3;
004ED2 : 3;
004ED3 : 3;
004ED4 : 3;
004ED5 : 3;
004ED6 : 3;
004ED7 : 3;
004ED8 : 3;
004ED9 : 3;
004EDA : 0;
004EDB : 0;
004EDC : 0;
004EDD : 0;
004EDE : 0;
004EDF : 0;
004EE0 : 0;
004EE1 : 0;
004EE2 : 0;
004EE3 : 0;
004EE4 : 0;
004EE5 : 0;
004EE6 : 0;
004EE7 : 0;
004EE8 : 0;
004EE9 : 0;
004EEA : 0;
004EEB : 0;
004EEC : 0;
004EED : 0;
004EEE : 0;
004EEF : 0;
004EF0 : 0;
004EF1 : 0;
004EF2 : 0;
004EF3 : 0;
004EF4 : 0;
004EF5 : 0;
004EF6 : 3;
004EF7 : 3;
004EF8 : 3;
004EF9 : 3;
004EFA : 3;
004EFB : 3;
004EFC : 3;
004EFD : 3;
004EFE : 3;
004EFF : 3;
004F00 : 3;
004F01 : 3;
004F02 : 3;
004F03 : 3;
004F04 : 3;
004F05 : 3;
004F06 : 3;
004F07 : 3;
004F08 : 3;
004F09 : 3;
004F0A : 3;
004F0B : 3;
004F0C : 3;
004F0D : 3;
004F0E : 3;
004F0F : 3;
004F10 : 3;
004F11 : 3;
004F12 : 3;
004F13 : 3;
004F14 : 3;
004F15 : 3;
004F16 : 3;
004F17 : 3;
004F18 : 3;
004F19 : 3;
004F1A : 3;
004F1B : 3;
004F1C : 3;
004F1D : 3;
004F1E : 3;
004F1F : 3;
004F20 : 3;
004F21 : 3;
004F22 : 3;
004F23 : 3;
004F24 : 3;
004F25 : 2;
004F26 : 2;
004F27 : 2;
004F28 : 2;
004F29 : 2;
004F2A : 2;
004F2B : 2;
004F2C : 2;
004F2D : 2;
004F2E : 2;
004F2F : 2;
004F30 : 2;
004F31 : 2;
004F32 : 2;
004F33 : 2;
004F34 : 2;
004F35 : 2;
004F36 : 2;
004F37 : 2;
004F38 : 2;
004F39 : 2;
004F3A : 2;
004F3B : 2;
004F3C : 3;
004F3D : 2;
004F3E : 2;
004F3F : 2;
004F40 : 2;
004F41 : 0;
004F42 : 0;
004F43 : 2;
004F44 : 2;
004F45 : 2;
004F46 : 2;
004F47 : 2;
004F48 : 2;
004F49 : 2;
004F4A : 2;
004F4B : 2;
004F4C : 2;
004F4D : 2;
004F4E : 2;
004F4F : 2;
004F50 : 2;
004F51 : 2;
004F52 : 2;
004F53 : 2;
004F54 : 2;
004F55 : 0;
004F56 : 0;
004F57 : 2;
004F58 : 2;
004F59 : 2;
004F5A : 2;
004F5B : 2;
004F5C : 2;
004F5D : 2;
004F5E : 2;
004F5F : 2;
004F60 : 2;
004F61 : 2;
004F62 : 2;
004F63 : 2;
004F64 : 2;
004F65 : 2;
004F66 : 2;
004F67 : 2;
004F68 : 2;
004F69 : 2;
004F6A : 2;
004F6B : 2;
004F6C : 2;
004F6D : 2;
004F6E : 2;
004F6F : 2;
004F70 : 2;
004F71 : 2;
004F72 : 2;
004F73 : 2;
004F74 : 3;
004F75 : 3;
004F76 : 3;
004F77 : 3;
004F78 : 3;
004F79 : 3;
004F7A : 3;
004F7B : 3;
004F7C : 3;
004F7D : 3;
004F7E : 3;
004F7F : 3;
004F80 : 3;
004F81 : 3;
004F82 : 3;
004F83 : 3;
004F84 : 3;
004F85 : 3;
004F86 : 3;
004F87 : 3;
004F88 : 3;
004F89 : 3;
004F8A : 3;
004F8B : 3;
004F8C : 3;
004F8D : 3;
004F8E : 3;
004F8F : 3;
004F90 : 3;
004F91 : 3;
004F92 : 3;
004F93 : 3;
004F94 : 3;
004F95 : 3;
004F96 : 3;
004F97 : 3;
004F98 : 3;
004F99 : 3;
004F9A : 3;
004F9B : 3;
004F9C : 3;
004F9D : 3;
004F9E : 3;
004F9F : 3;
004FA0 : 3;
004FA1 : 3;
004FA2 : 0;
004FA3 : 0;
004FA4 : 0;
004FA5 : 0;
004FA6 : 0;
004FA7 : 0;
004FA8 : 0;
004FA9 : 0;
004FAA : 0;
004FAB : 0;
004FAC : 0;
004FAD : 0;
004FAE : 0;
004FAF : 0;
004FB0 : 0;
004FB1 : 0;
004FB2 : 0;
004FB3 : 0;
004FB4 : 0;
004FB5 : 0;
004FB6 : 0;
004FB7 : 0;
004FB8 : 0;
004FB9 : 0;
004FBA : 0;
004FBB : 0;
004FBC : 0;
004FBD : 0;
004FBE : 0;
004FBF : 3;
004FC0 : 3;
004FC1 : 3;
004FC2 : 3;
004FC3 : 3;
004FC4 : 3;
004FC5 : 3;
004FC6 : 3;
004FC7 : 3;
004FC8 : 3;
004FC9 : 3;
004FCA : 3;
004FCB : 3;
004FCC : 3;
004FCD : 3;
004FCE : 3;
004FCF : 3;
004FD0 : 3;
004FD1 : 3;
004FD2 : 3;
004FD3 : 3;
004FD4 : 3;
004FD5 : 3;
004FD6 : 3;
004FD7 : 3;
004FD8 : 3;
004FD9 : 3;
004FDA : 3;
004FDB : 3;
004FDC : 3;
004FDD : 3;
004FDE : 3;
004FDF : 3;
004FE0 : 3;
004FE1 : 3;
004FE2 : 3;
004FE3 : 3;
004FE4 : 2;
004FE5 : 2;
004FE6 : 3;
004FE7 : 3;
004FE8 : 3;
004FE9 : 3;
004FEA : 3;
004FEB : 3;
004FEC : 0;
004FED : 0;
004FEE : 0;
004FEF : 0;
004FF0 : 0;
004FF1 : 0;
004FF2 : 0;
004FF3 : 0;
004FF4 : 0;
004FF5 : 0;
004FF6 : 2;
004FF7 : 2;
004FF8 : 2;
004FF9 : 0;
004FFA : 0;
004FFB : 0;
004FFC : 0;
004FFD : 0;
004FFE : 0;
004FFF : 0;
005000 : 0;
005001 : 0;
005002 : 0;
005003 : 0;
005004 : 0;
005005 : 2;
005006 : 2;
005007 : 2;
005008 : 2;
005009 : 0;
00500A : 0;
00500B : 0;
00500C : 0;
00500D : 0;
00500E : 2;
00500F : 2;
005010 : 2;
005011 : 2;
005012 : 2;
005013 : 2;
005014 : 2;
005015 : 2;
005016 : 2;
005017 : 2;
005018 : 2;
005019 : 2;
00501A : 0;
00501B : 0;
00501C : 0;
00501D : 0;
00501E : 0;
00501F : 2;
005020 : 2;
005021 : 2;
005022 : 2;
005023 : 0;
005024 : 0;
005025 : 0;
005026 : 0;
005027 : 0;
005028 : 0;
005029 : 0;
00502A : 0;
00502B : 0;
00502C : 0;
00502D : 0;
00502E : 2;
00502F : 2;
005030 : 2;
005031 : 2;
005032 : 0;
005033 : 0;
005034 : 0;
005035 : 0;
005036 : 0;
005037 : 0;
005038 : 0;
005039 : 0;
00503A : 0;
00503B : 0;
00503C : 0;
00503D : 3;
00503E : 3;
00503F : 3;
005040 : 3;
005041 : 3;
005042 : 3;
005043 : 3;
005044 : 3;
005045 : 3;
005046 : 3;
005047 : 3;
005048 : 3;
005049 : 3;
00504A : 3;
00504B : 3;
00504C : 3;
00504D : 3;
00504E : 3;
00504F : 3;
005050 : 3;
005051 : 3;
005052 : 3;
005053 : 3;
005054 : 3;
005055 : 3;
005056 : 3;
005057 : 3;
005058 : 3;
005059 : 3;
00505A : 3;
00505B : 3;
00505C : 3;
00505D : 3;
00505E : 3;
00505F : 3;
005060 : 3;
005061 : 3;
005062 : 3;
005063 : 3;
005064 : 3;
005065 : 3;
005066 : 3;
005067 : 3;
005068 : 3;
005069 : 0;
00506A : 0;
00506B : 0;
00506C : 0;
00506D : 0;
00506E : 0;
00506F : 0;
005070 : 0;
005071 : 0;
005072 : 0;
005073 : 0;
005074 : 0;
005075 : 0;
005076 : 0;
005077 : 0;
005078 : 0;
005079 : 0;
00507A : 0;
00507B : 0;
00507C : 0;
00507D : 0;
00507E : 0;
00507F : 0;
005080 : 0;
005081 : 0;
005082 : 0;
005083 : 0;
005084 : 0;
005085 : 0;
005086 : 0;
005087 : 0;
005088 : 0;
005089 : 0;
00508A : 0;
00508B : 0;
00508C : 0;
00508D : 0;
00508E : 0;
00508F : 0;
005090 : 0;
005091 : 0;
005092 : 0;
005093 : 0;
005094 : 0;
005095 : 0;
005096 : 0;
005097 : 0;
005098 : 0;
005099 : 0;
00509A : 3;
00509B : 3;
00509C : 3;
00509D : 3;
00509E : 3;
00509F : 3;
0050A0 : 3;
0050A1 : 3;
0050A2 : 3;
0050A3 : 3;
0050A4 : 3;
0050A5 : 0;
0050A6 : 0;
0050A7 : 0;
0050A8 : 0;
0050A9 : 0;
0050AA : 0;
0050AB : 2;
0050AC : 2;
0050AD : 2;
0050AE : 0;
0050AF : 0;
0050B0 : 0;
0050B1 : 0;
0050B2 : 0;
0050B3 : 0;
0050B4 : 0;
0050B5 : 0;
0050B6 : 0;
0050B7 : 0;
0050B8 : 0;
0050B9 : 0;
0050BA : 0;
0050BB : 0;
0050BC : 0;
0050BD : 0;
0050BE : 2;
0050BF : 2;
0050C0 : 2;
0050C1 : 3;
0050C2 : 0;
0050C3 : 0;
0050C4 : 0;
0050C5 : 0;
0050C6 : 0;
0050C7 : 0;
0050C8 : 0;
0050C9 : 0;
0050CA : 0;
0050CB : 0;
0050CC : 0;
0050CD : 2;
0050CE : 2;
0050CF : 2;
0050D0 : 2;
0050D1 : 2;
0050D2 : 0;
0050D3 : 0;
0050D4 : 0;
0050D5 : 0;
0050D6 : 0;
0050D7 : 2;
0050D8 : 2;
0050D9 : 2;
0050DA : 2;
0050DB : 2;
0050DC : 2;
0050DD : 2;
0050DE : 2;
0050DF : 2;
0050E0 : 2;
0050E1 : 0;
0050E2 : 0;
0050E3 : 0;
0050E4 : 0;
0050E5 : 0;
0050E6 : 2;
0050E7 : 2;
0050E8 : 2;
0050E9 : 2;
0050EA : 2;
0050EB : 0;
0050EC : 0;
0050ED : 0;
0050EE : 0;
0050EF : 0;
0050F0 : 0;
0050F1 : 0;
0050F2 : 0;
0050F3 : 0;
0050F4 : 0;
0050F5 : 0;
0050F6 : 2;
0050F7 : 2;
0050F8 : 2;
0050F9 : 2;
0050FA : 0;
0050FB : 0;
0050FC : 0;
0050FD : 0;
0050FE : 0;
0050FF : 0;
005100 : 0;
005101 : 0;
005102 : 0;
005103 : 0;
005104 : 0;
005105 : 0;
005106 : 0;
005107 : 0;
005108 : 0;
005109 : 0;
00510A : 0;
00510B : 2;
00510C : 2;
00510D : 2;
00510E : 0;
00510F : 0;
005110 : 0;
005111 : 0;
005112 : 0;
005113 : 0;
005114 : 0;
005115 : 0;
005116 : 3;
005117 : 3;
005118 : 3;
005119 : 3;
00511A : 3;
00511B : 3;
00511C : 3;
00511D : 3;
00511E : 3;
00511F : 0;
005120 : 0;
005121 : 0;
005122 : 0;
005123 : 0;
005124 : 0;
005125 : 0;
005126 : 0;
005127 : 0;
005128 : 0;
005129 : 0;
00512A : 0;
00512B : 0;
00512C : 0;
00512D : 0;
00512E : 0;
00512F : 0;
005130 : 0;
005131 : 0;
005132 : 0;
005133 : 0;
005134 : 0;
005135 : 0;
005136 : 0;
005137 : 0;
005138 : 0;
005139 : 0;
00513A : 0;
00513B : 0;
00513C : 0;
00513D : 0;
00513E : 0;
00513F : 0;
005140 : 0;
005141 : 0;
005142 : 0;
005143 : 0;
005144 : 0;
005145 : 0;
005146 : 0;
005147 : 0;
005148 : 0;
005149 : 0;
00514A : 0;
00514B : 0;
00514C : 0;
00514D : 0;
00514E : 0;
00514F : 0;
005150 : 0;
005151 : 0;
005152 : 0;
005153 : 0;
005154 : 0;
005155 : 0;
005156 : 0;
005157 : 0;
005158 : 0;
005159 : 0;
00515A : 0;
00515B : 0;
00515C : 0;
00515D : 0;
00515E : 0;
00515F : 0;
005160 : 0;
005161 : 0;
005162 : 3;
005163 : 3;
005164 : 3;
005165 : 3;
005166 : 3;
005167 : 3;
005168 : 3;
005169 : 3;
00516A : 3;
00516B : 3;
00516C : 3;
00516D : 0;
00516E : 0;
00516F : 0;
005170 : 0;
005171 : 0;
005172 : 0;
005173 : 2;
005174 : 2;
005175 : 2;
005176 : 2;
005177 : 0;
005178 : 0;
005179 : 0;
00517A : 0;
00517B : 0;
00517C : 0;
00517D : 0;
00517E : 0;
00517F : 0;
005180 : 0;
005181 : 0;
005182 : 0;
005183 : 0;
005184 : 0;
005185 : 0;
005186 : 2;
005187 : 2;
005188 : 2;
005189 : 0;
00518A : 0;
00518B : 0;
00518C : 0;
00518D : 0;
00518E : 0;
00518F : 0;
005190 : 0;
005191 : 0;
005192 : 0;
005193 : 0;
005194 : 0;
005195 : 2;
005196 : 2;
005197 : 2;
005198 : 2;
005199 : 2;
00519A : 0;
00519B : 0;
00519C : 0;
00519D : 0;
00519E : 0;
00519F : 0;
0051A0 : 2;
0051A1 : 2;
0051A2 : 2;
0051A3 : 2;
0051A4 : 2;
0051A5 : 2;
0051A6 : 2;
0051A7 : 2;
0051A8 : 0;
0051A9 : 0;
0051AA : 0;
0051AB : 0;
0051AC : 0;
0051AD : 0;
0051AE : 2;
0051AF : 2;
0051B0 : 2;
0051B1 : 2;
0051B2 : 2;
0051B3 : 0;
0051B4 : 0;
0051B5 : 0;
0051B6 : 0;
0051B7 : 0;
0051B8 : 0;
0051B9 : 0;
0051BA : 0;
0051BB : 0;
0051BC : 0;
0051BD : 0;
0051BE : 2;
0051BF : 2;
0051C0 : 2;
0051C1 : 2;
0051C2 : 0;
0051C3 : 0;
0051C4 : 0;
0051C5 : 0;
0051C6 : 0;
0051C7 : 0;
0051C8 : 0;
0051C9 : 0;
0051CA : 0;
0051CB : 0;
0051CC : 0;
0051CD : 0;
0051CE : 0;
0051CF : 0;
0051D0 : 0;
0051D1 : 0;
0051D2 : 0;
0051D3 : 2;
0051D4 : 2;
0051D5 : 2;
0051D6 : 0;
0051D7 : 0;
0051D8 : 0;
0051D9 : 0;
0051DA : 0;
0051DB : 0;
0051DC : 0;
0051DD : 0;
0051DE : 3;
0051DF : 3;
0051E0 : 3;
0051E1 : 3;
0051E2 : 3;
0051E3 : 3;
0051E4 : 3;
0051E5 : 3;
0051E6 : 3;
0051E7 : 0;
0051E8 : 0;
0051E9 : 0;
0051EA : 0;
0051EB : 0;
0051EC : 0;
0051ED : 0;
0051EE : 0;
0051EF : 0;
0051F0 : 0;
0051F1 : 0;
0051F2 : 0;
0051F3 : 0;
0051F4 : 0;
0051F5 : 0;
0051F6 : 0;
0051F7 : 0;
0051F8 : 0;
0051F9 : 0;
0051FA : 0;
0051FB : 0;
0051FC : 0;
0051FD : 0;
0051FE : 0;
0051FF : 0;
005200 : 0;
005201 : 0;
005202 : 0;
005203 : 0;
005204 : 0;
005205 : 0;
005206 : 0;
005207 : 0;
005208 : 0;
005209 : 0;
00520A : 0;
00520B : 0;
00520C : 0;
00520D : 0;
00520E : 0;
00520F : 0;
005210 : 0;
005211 : 0;
005212 : 0;
005213 : 0;
005214 : 0;
005215 : 0;
005216 : 0;
005217 : 0;
005218 : 0;
005219 : 0;
00521A : 0;
00521B : 0;
00521C : 0;
00521D : 0;
00521E : 0;
00521F : 0;
005220 : 0;
005221 : 0;
005222 : 0;
005223 : 0;
005224 : 0;
005225 : 0;
005226 : 0;
005227 : 0;
005228 : 0;
005229 : 0;
00522A : 3;
00522B : 3;
00522C : 3;
00522D : 3;
00522E : 3;
00522F : 3;
005230 : 3;
005231 : 3;
005232 : 3;
005233 : 3;
005234 : 3;
005235 : 0;
005236 : 0;
005237 : 0;
005238 : 0;
005239 : 0;
00523A : 0;
00523B : 2;
00523C : 2;
00523D : 2;
00523E : 2;
00523F : 0;
005240 : 0;
005241 : 0;
005242 : 0;
005243 : 0;
005244 : 0;
005245 : 0;
005246 : 0;
005247 : 0;
005248 : 0;
005249 : 0;
00524A : 0;
00524B : 0;
00524C : 0;
00524D : 0;
00524E : 0;
00524F : 2;
005250 : 2;
005251 : 0;
005252 : 0;
005253 : 0;
005254 : 0;
005255 : 0;
005256 : 0;
005257 : 0;
005258 : 0;
005259 : 0;
00525A : 0;
00525B : 0;
00525C : 0;
00525D : 0;
00525E : 2;
00525F : 2;
005260 : 2;
005261 : 2;
005262 : 0;
005263 : 0;
005264 : 0;
005265 : 0;
005266 : 0;
005267 : 0;
005268 : 0;
005269 : 2;
00526A : 2;
00526B : 2;
00526C : 2;
00526D : 2;
00526E : 2;
00526F : 0;
005270 : 0;
005271 : 0;
005272 : 0;
005273 : 0;
005274 : 0;
005275 : 0;
005276 : 2;
005277 : 2;
005278 : 2;
005279 : 2;
00527A : 0;
00527B : 0;
00527C : 0;
00527D : 0;
00527E : 0;
00527F : 0;
005280 : 0;
005281 : 0;
005282 : 0;
005283 : 0;
005284 : 0;
005285 : 0;
005286 : 0;
005287 : 2;
005288 : 2;
005289 : 0;
00528A : 0;
00528B : 0;
00528C : 0;
00528D : 0;
00528E : 0;
00528F : 0;
005290 : 0;
005291 : 0;
005292 : 0;
005293 : 0;
005294 : 0;
005295 : 0;
005296 : 0;
005297 : 0;
005298 : 0;
005299 : 0;
00529A : 0;
00529B : 2;
00529C : 2;
00529D : 2;
00529E : 0;
00529F : 0;
0052A0 : 0;
0052A1 : 0;
0052A2 : 0;
0052A3 : 0;
0052A4 : 0;
0052A5 : 0;
0052A6 : 3;
0052A7 : 3;
0052A8 : 3;
0052A9 : 3;
0052AA : 3;
0052AB : 3;
0052AC : 3;
0052AD : 3;
0052AE : 3;
0052AF : 0;
0052B0 : 0;
0052B1 : 0;
0052B2 : 0;
0052B3 : 0;
0052B4 : 0;
0052B5 : 0;
0052B6 : 0;
0052B7 : 0;
0052B8 : 0;
0052B9 : 0;
0052BA : 0;
0052BB : 0;
0052BC : 0;
0052BD : 0;
0052BE : 0;
0052BF : 0;
0052C0 : 0;
0052C1 : 0;
0052C2 : 0;
0052C3 : 0;
0052C4 : 0;
0052C5 : 0;
0052C6 : 0;
0052C7 : 0;
0052C8 : 0;
0052C9 : 0;
0052CA : 0;
0052CB : 0;
0052CC : 0;
0052CD : 0;
0052CE : 0;
0052CF : 0;
0052D0 : 0;
0052D1 : 0;
0052D2 : 0;
0052D3 : 0;
0052D4 : 0;
0052D5 : 0;
0052D6 : 0;
0052D7 : 0;
0052D8 : 0;
0052D9 : 0;
0052DA : 0;
0052DB : 0;
0052DC : 0;
0052DD : 0;
0052DE : 0;
0052DF : 0;
0052E0 : 0;
0052E1 : 0;
0052E2 : 0;
0052E3 : 0;
0052E4 : 0;
0052E5 : 0;
0052E6 : 0;
0052E7 : 0;
0052E8 : 0;
0052E9 : 0;
0052EA : 0;
0052EB : 0;
0052EC : 0;
0052ED : 0;
0052EE : 0;
0052EF : 0;
0052F0 : 0;
0052F1 : 0;
0052F2 : 3;
0052F3 : 3;
0052F4 : 3;
0052F5 : 3;
0052F6 : 3;
0052F7 : 3;
0052F8 : 3;
0052F9 : 3;
0052FA : 3;
0052FB : 3;
0052FC : 3;
0052FD : 0;
0052FE : 0;
0052FF : 0;
005300 : 0;
005301 : 0;
005302 : 0;
005303 : 0;
005304 : 2;
005305 : 2;
005306 : 2;
005307 : 0;
005308 : 0;
005309 : 0;
00530A : 0;
00530B : 0;
00530C : 0;
00530D : 0;
00530E : 0;
00530F : 0;
005310 : 0;
005311 : 0;
005312 : 0;
005313 : 0;
005314 : 0;
005315 : 0;
005316 : 0;
005317 : 0;
005318 : 0;
005319 : 0;
00531A : 0;
00531B : 0;
00531C : 0;
00531D : 0;
00531E : 0;
00531F : 0;
005320 : 0;
005321 : 0;
005322 : 0;
005323 : 0;
005324 : 0;
005325 : 0;
005326 : 2;
005327 : 2;
005328 : 2;
005329 : 2;
00532A : 2;
00532B : 0;
00532C : 0;
00532D : 0;
00532E : 0;
00532F : 0;
005330 : 0;
005331 : 0;
005332 : 2;
005333 : 2;
005334 : 2;
005335 : 2;
005336 : 0;
005337 : 0;
005338 : 0;
005339 : 0;
00533A : 0;
00533B : 0;
00533C : 0;
00533D : 2;
00533E : 2;
00533F : 2;
005340 : 2;
005341 : 2;
005342 : 0;
005343 : 0;
005344 : 0;
005345 : 0;
005346 : 0;
005347 : 0;
005348 : 0;
005349 : 0;
00534A : 0;
00534B : 0;
00534C : 0;
00534D : 0;
00534E : 0;
00534F : 0;
005350 : 0;
005351 : 0;
005352 : 0;
005353 : 0;
005354 : 0;
005355 : 0;
005356 : 0;
005357 : 0;
005358 : 0;
005359 : 0;
00535A : 0;
00535B : 0;
00535C : 0;
00535D : 0;
00535E : 0;
00535F : 0;
005360 : 0;
005361 : 0;
005362 : 2;
005363 : 2;
005364 : 2;
005365 : 2;
005366 : 0;
005367 : 0;
005368 : 0;
005369 : 0;
00536A : 0;
00536B : 0;
00536C : 0;
00536D : 0;
00536E : 3;
00536F : 3;
005370 : 3;
005371 : 3;
005372 : 3;
005373 : 3;
005374 : 3;
005375 : 3;
005376 : 3;
005377 : 0;
005378 : 0;
005379 : 0;
00537A : 0;
00537B : 0;
00537C : 0;
00537D : 0;
00537E : 0;
00537F : 0;
005380 : 0;
005381 : 0;
005382 : 0;
005383 : 0;
005384 : 0;
005385 : 0;
005386 : 0;
005387 : 0;
005388 : 0;
005389 : 0;
00538A : 0;
00538B : 0;
00538C : 0;
00538D : 0;
00538E : 0;
00538F : 0;
005390 : 0;
005391 : 0;
005392 : 0;
005393 : 0;
005394 : 0;
005395 : 0;
005396 : 0;
005397 : 0;
005398 : 0;
005399 : 0;
00539A : 0;
00539B : 0;
00539C : 0;
00539D : 0;
00539E : 0;
00539F : 0;
0053A0 : 0;
0053A1 : 0;
0053A2 : 0;
0053A3 : 0;
0053A4 : 0;
0053A5 : 0;
0053A6 : 0;
0053A7 : 0;
0053A8 : 0;
0053A9 : 0;
0053AA : 0;
0053AB : 0;
0053AC : 0;
0053AD : 0;
0053AE : 0;
0053AF : 0;
0053B0 : 0;
0053B1 : 0;
0053B2 : 0;
0053B3 : 0;
0053B4 : 0;
0053B5 : 0;
0053B6 : 0;
0053B7 : 0;
0053B8 : 0;
0053B9 : 0;
0053BA : 3;
0053BB : 3;
0053BC : 3;
0053BD : 3;
0053BE : 3;
0053BF : 3;
0053C0 : 3;
0053C1 : 3;
0053C2 : 3;
0053C3 : 3;
0053C4 : 3;
0053C5 : 0;
0053C6 : 0;
0053C7 : 0;
0053C8 : 0;
0053C9 : 0;
0053CA : 0;
0053CB : 0;
0053CC : 2;
0053CD : 2;
0053CE : 2;
0053CF : 0;
0053D0 : 0;
0053D1 : 0;
0053D2 : 0;
0053D3 : 0;
0053D4 : 0;
0053D5 : 0;
0053D6 : 0;
0053D7 : 0;
0053D8 : 0;
0053D9 : 0;
0053DA : 0;
0053DB : 0;
0053DC : 0;
0053DD : 0;
0053DE : 0;
0053DF : 0;
0053E0 : 0;
0053E1 : 0;
0053E2 : 0;
0053E3 : 0;
0053E4 : 0;
0053E5 : 0;
0053E6 : 0;
0053E7 : 0;
0053E8 : 0;
0053E9 : 0;
0053EA : 0;
0053EB : 0;
0053EC : 0;
0053ED : 0;
0053EE : 0;
0053EF : 2;
0053F0 : 2;
0053F1 : 2;
0053F2 : 2;
0053F3 : 2;
0053F4 : 0;
0053F5 : 0;
0053F6 : 0;
0053F7 : 0;
0053F8 : 0;
0053F9 : 0;
0053FA : 2;
0053FB : 2;
0053FC : 2;
0053FD : 2;
0053FE : 0;
0053FF : 0;
005400 : 0;
005401 : 0;
005402 : 0;
005403 : 0;
005404 : 2;
005405 : 2;
005406 : 2;
005407 : 2;
005408 : 2;
005409 : 0;
00540A : 0;
00540B : 0;
00540C : 0;
00540D : 0;
00540E : 0;
00540F : 0;
005410 : 0;
005411 : 0;
005412 : 0;
005413 : 0;
005414 : 0;
005415 : 0;
005416 : 0;
005417 : 0;
005418 : 0;
005419 : 0;
00541A : 0;
00541B : 0;
00541C : 0;
00541D : 0;
00541E : 0;
00541F : 0;
005420 : 0;
005421 : 0;
005422 : 0;
005423 : 0;
005424 : 0;
005425 : 0;
005426 : 0;
005427 : 0;
005428 : 0;
005429 : 0;
00542A : 2;
00542B : 2;
00542C : 2;
00542D : 2;
00542E : 0;
00542F : 0;
005430 : 0;
005431 : 0;
005432 : 0;
005433 : 0;
005434 : 0;
005435 : 0;
005436 : 3;
005437 : 3;
005438 : 3;
005439 : 3;
00543A : 3;
00543B : 3;
00543C : 3;
00543D : 3;
00543E : 3;
00543F : 0;
005440 : 0;
005441 : 0;
005442 : 0;
005443 : 0;
005444 : 0;
005445 : 0;
005446 : 0;
005447 : 0;
005448 : 0;
005449 : 0;
00544A : 0;
00544B : 0;
00544C : 0;
00544D : 0;
00544E : 0;
00544F : 0;
005450 : 0;
005451 : 0;
005452 : 0;
005453 : 0;
005454 : 0;
005455 : 0;
005456 : 0;
005457 : 0;
005458 : 0;
005459 : 0;
00545A : 0;
00545B : 0;
00545C : 0;
00545D : 0;
00545E : 0;
00545F : 0;
005460 : 0;
005461 : 0;
005462 : 0;
005463 : 0;
005464 : 0;
005465 : 0;
005466 : 0;
005467 : 0;
005468 : 0;
005469 : 0;
00546A : 0;
00546B : 0;
00546C : 0;
00546D : 0;
00546E : 0;
00546F : 0;
005470 : 0;
005471 : 0;
005472 : 0;
005473 : 0;
005474 : 0;
005475 : 0;
005476 : 0;
005477 : 0;
005478 : 0;
005479 : 0;
00547A : 0;
00547B : 0;
00547C : 0;
00547D : 0;
00547E : 0;
00547F : 0;
005480 : 0;
005481 : 0;
005482 : 3;
005483 : 3;
005484 : 3;
005485 : 3;
005486 : 3;
005487 : 3;
005488 : 3;
005489 : 3;
00548A : 3;
00548B : 3;
00548C : 3;
00548D : 0;
00548E : 0;
00548F : 0;
005490 : 0;
005491 : 0;
005492 : 0;
005493 : 0;
005494 : 2;
005495 : 2;
005496 : 2;
005497 : 0;
005498 : 0;
005499 : 0;
00549A : 0;
00549B : 0;
00549C : 0;
00549D : 0;
00549E : 0;
00549F : 0;
0054A0 : 0;
0054A1 : 0;
0054A2 : 0;
0054A3 : 0;
0054A4 : 0;
0054A5 : 0;
0054A6 : 0;
0054A7 : 0;
0054A8 : 0;
0054A9 : 0;
0054AA : 0;
0054AB : 0;
0054AC : 0;
0054AD : 0;
0054AE : 0;
0054AF : 0;
0054B0 : 0;
0054B1 : 0;
0054B2 : 0;
0054B3 : 0;
0054B4 : 0;
0054B5 : 0;
0054B6 : 0;
0054B7 : 2;
0054B8 : 2;
0054B9 : 2;
0054BA : 2;
0054BB : 2;
0054BC : 2;
0054BD : 0;
0054BE : 0;
0054BF : 0;
0054C0 : 0;
0054C1 : 0;
0054C2 : 0;
0054C3 : 2;
0054C4 : 2;
0054C5 : 0;
0054C6 : 0;
0054C7 : 0;
0054C8 : 0;
0054C9 : 0;
0054CA : 0;
0054CB : 2;
0054CC : 2;
0054CD : 2;
0054CE : 2;
0054CF : 2;
0054D0 : 2;
0054D1 : 0;
0054D2 : 0;
0054D3 : 0;
0054D4 : 0;
0054D5 : 0;
0054D6 : 0;
0054D7 : 0;
0054D8 : 0;
0054D9 : 0;
0054DA : 0;
0054DB : 0;
0054DC : 0;
0054DD : 0;
0054DE : 0;
0054DF : 0;
0054E0 : 0;
0054E1 : 0;
0054E2 : 0;
0054E3 : 0;
0054E4 : 0;
0054E5 : 0;
0054E6 : 0;
0054E7 : 0;
0054E8 : 0;
0054E9 : 0;
0054EA : 0;
0054EB : 0;
0054EC : 0;
0054ED : 0;
0054EE : 0;
0054EF : 0;
0054F0 : 0;
0054F1 : 0;
0054F2 : 2;
0054F3 : 2;
0054F4 : 2;
0054F5 : 0;
0054F6 : 0;
0054F7 : 0;
0054F8 : 0;
0054F9 : 0;
0054FA : 0;
0054FB : 0;
0054FC : 0;
0054FD : 3;
0054FE : 3;
0054FF : 3;
005500 : 3;
005501 : 3;
005502 : 3;
005503 : 3;
005504 : 3;
005505 : 3;
005506 : 3;
005507 : 0;
005508 : 0;
005509 : 0;
00550A : 0;
00550B : 0;
00550C : 0;
00550D : 0;
00550E : 0;
00550F : 0;
005510 : 0;
005511 : 0;
005512 : 0;
005513 : 0;
005514 : 0;
005515 : 0;
005516 : 0;
005517 : 0;
005518 : 0;
005519 : 0;
00551A : 0;
00551B : 0;
00551C : 0;
00551D : 0;
00551E : 0;
00551F : 0;
005520 : 0;
005521 : 0;
005522 : 0;
005523 : 0;
005524 : 0;
005525 : 0;
005526 : 0;
005527 : 0;
005528 : 0;
005529 : 0;
00552A : 0;
00552B : 0;
00552C : 0;
00552D : 0;
00552E : 0;
00552F : 0;
005530 : 0;
005531 : 0;
005532 : 0;
005533 : 0;
005534 : 0;
005535 : 0;
005536 : 0;
005537 : 0;
005538 : 0;
005539 : 0;
00553A : 0;
00553B : 0;
00553C : 0;
00553D : 0;
00553E : 0;
00553F : 0;
005540 : 0;
005541 : 0;
005542 : 0;
005543 : 0;
005544 : 0;
005545 : 0;
005546 : 0;
005547 : 0;
005548 : 0;
005549 : 0;
00554A : 0;
00554B : 3;
00554C : 3;
00554D : 3;
00554E : 3;
00554F : 3;
005550 : 3;
005551 : 3;
005552 : 3;
005553 : 3;
005554 : 3;
005555 : 0;
005556 : 0;
005557 : 0;
005558 : 0;
005559 : 0;
00555A : 0;
00555B : 0;
00555C : 2;
00555D : 2;
00555E : 2;
00555F : 0;
005560 : 0;
005561 : 0;
005562 : 0;
005563 : 0;
005564 : 0;
005565 : 0;
005566 : 0;
005567 : 0;
005568 : 0;
005569 : 0;
00556A : 0;
00556B : 0;
00556C : 0;
00556D : 0;
00556E : 0;
00556F : 0;
005570 : 0;
005571 : 0;
005572 : 0;
005573 : 0;
005574 : 0;
005575 : 0;
005576 : 0;
005577 : 0;
005578 : 0;
005579 : 0;
00557A : 0;
00557B : 0;
00557C : 0;
00557D : 0;
00557E : 0;
00557F : 0;
005580 : 2;
005581 : 2;
005582 : 2;
005583 : 2;
005584 : 2;
005585 : 2;
005586 : 0;
005587 : 0;
005588 : 0;
005589 : 0;
00558A : 0;
00558B : 0;
00558C : 0;
00558D : 0;
00558E : 0;
00558F : 0;
005590 : 0;
005591 : 0;
005592 : 2;
005593 : 2;
005594 : 2;
005595 : 2;
005596 : 2;
005597 : 2;
005598 : 0;
005599 : 0;
00559A : 0;
00559B : 0;
00559C : 0;
00559D : 0;
00559E : 0;
00559F : 0;
0055A0 : 0;
0055A1 : 0;
0055A2 : 0;
0055A3 : 0;
0055A4 : 0;
0055A5 : 0;
0055A6 : 0;
0055A7 : 0;
0055A8 : 0;
0055A9 : 0;
0055AA : 0;
0055AB : 0;
0055AC : 0;
0055AD : 0;
0055AE : 0;
0055AF : 0;
0055B0 : 0;
0055B1 : 0;
0055B2 : 0;
0055B3 : 0;
0055B4 : 0;
0055B5 : 0;
0055B6 : 0;
0055B7 : 0;
0055B8 : 0;
0055B9 : 0;
0055BA : 2;
0055BB : 2;
0055BC : 2;
0055BD : 0;
0055BE : 0;
0055BF : 0;
0055C0 : 0;
0055C1 : 0;
0055C2 : 0;
0055C3 : 0;
0055C4 : 0;
0055C5 : 3;
0055C6 : 3;
0055C7 : 3;
0055C8 : 3;
0055C9 : 3;
0055CA : 3;
0055CB : 3;
0055CC : 3;
0055CD : 3;
0055CE : 3;
0055CF : 0;
0055D0 : 0;
0055D1 : 0;
0055D2 : 0;
0055D3 : 0;
0055D4 : 0;
0055D5 : 0;
0055D6 : 0;
0055D7 : 0;
0055D8 : 0;
0055D9 : 0;
0055DA : 0;
0055DB : 0;
0055DC : 0;
0055DD : 0;
0055DE : 0;
0055DF : 0;
0055E0 : 0;
0055E1 : 0;
0055E2 : 0;
0055E3 : 0;
0055E4 : 0;
0055E5 : 0;
0055E6 : 0;
0055E7 : 0;
0055E8 : 0;
0055E9 : 0;
0055EA : 0;
0055EB : 0;
0055EC : 0;
0055ED : 0;
0055EE : 0;
0055EF : 0;
0055F0 : 0;
0055F1 : 0;
0055F2 : 0;
0055F3 : 0;
0055F4 : 0;
0055F5 : 0;
0055F6 : 0;
0055F7 : 0;
0055F8 : 0;
0055F9 : 0;
0055FA : 0;
0055FB : 0;
0055FC : 0;
0055FD : 0;
0055FE : 0;
0055FF : 0;
005600 : 0;
005601 : 0;
005602 : 0;
005603 : 0;
005604 : 0;
005605 : 0;
005606 : 0;
005607 : 0;
005608 : 0;
005609 : 0;
00560A : 0;
00560B : 0;
00560C : 0;
00560D : 0;
00560E : 0;
00560F : 0;
005610 : 0;
005611 : 0;
005612 : 0;
005613 : 3;
005614 : 3;
005615 : 3;
005616 : 3;
005617 : 3;
005618 : 3;
005619 : 3;
00561A : 3;
00561B : 3;
00561C : 3;
00561D : 0;
00561E : 0;
00561F : 0;
005620 : 0;
005621 : 0;
005622 : 0;
005623 : 0;
005624 : 2;
005625 : 2;
005626 : 2;
005627 : 2;
005628 : 0;
005629 : 0;
00562A : 0;
00562B : 0;
00562C : 0;
00562D : 0;
00562E : 0;
00562F : 0;
005630 : 0;
005631 : 0;
005632 : 0;
005633 : 0;
005634 : 0;
005635 : 0;
005636 : 0;
005637 : 0;
005638 : 0;
005639 : 0;
00563A : 0;
00563B : 0;
00563C : 0;
00563D : 0;
00563E : 0;
00563F : 0;
005640 : 0;
005641 : 0;
005642 : 0;
005643 : 0;
005644 : 0;
005645 : 0;
005646 : 0;
005647 : 0;
005648 : 0;
005649 : 2;
00564A : 2;
00564B : 2;
00564C : 2;
00564D : 2;
00564E : 2;
00564F : 2;
005650 : 2;
005651 : 0;
005652 : 0;
005653 : 0;
005654 : 0;
005655 : 0;
005656 : 0;
005657 : 2;
005658 : 2;
005659 : 2;
00565A : 2;
00565B : 2;
00565C : 2;
00565D : 2;
00565E : 2;
00565F : 0;
005660 : 0;
005661 : 0;
005662 : 0;
005663 : 0;
005664 : 0;
005665 : 0;
005666 : 0;
005667 : 0;
005668 : 0;
005669 : 0;
00566A : 0;
00566B : 0;
00566C : 0;
00566D : 0;
00566E : 0;
00566F : 0;
005670 : 0;
005671 : 0;
005672 : 0;
005673 : 0;
005674 : 0;
005675 : 0;
005676 : 0;
005677 : 0;
005678 : 0;
005679 : 0;
00567A : 0;
00567B : 0;
00567C : 0;
00567D : 0;
00567E : 0;
00567F : 0;
005680 : 0;
005681 : 0;
005682 : 2;
005683 : 2;
005684 : 2;
005685 : 0;
005686 : 0;
005687 : 0;
005688 : 0;
005689 : 0;
00568A : 0;
00568B : 0;
00568C : 0;
00568D : 3;
00568E : 3;
00568F : 3;
005690 : 3;
005691 : 3;
005692 : 3;
005693 : 3;
005694 : 3;
005695 : 3;
005696 : 3;
005697 : 0;
005698 : 0;
005699 : 0;
00569A : 0;
00569B : 0;
00569C : 0;
00569D : 0;
00569E : 0;
00569F : 0;
0056A0 : 0;
0056A1 : 0;
0056A2 : 0;
0056A3 : 0;
0056A4 : 0;
0056A5 : 0;
0056A6 : 0;
0056A7 : 0;
0056A8 : 0;
0056A9 : 0;
0056AA : 0;
0056AB : 0;
0056AC : 0;
0056AD : 0;
0056AE : 0;
0056AF : 0;
0056B0 : 0;
0056B1 : 0;
0056B2 : 0;
0056B3 : 0;
0056B4 : 0;
0056B5 : 0;
0056B6 : 0;
0056B7 : 0;
0056B8 : 0;
0056B9 : 0;
0056BA : 0;
0056BB : 0;
0056BC : 0;
0056BD : 0;
0056BE : 0;
0056BF : 0;
0056C0 : 0;
0056C1 : 0;
0056C2 : 0;
0056C3 : 0;
0056C4 : 0;
0056C5 : 0;
0056C6 : 0;
0056C7 : 0;
0056C8 : 0;
0056C9 : 0;
0056CA : 0;
0056CB : 0;
0056CC : 0;
0056CD : 0;
0056CE : 0;
0056CF : 0;
0056D0 : 0;
0056D1 : 0;
0056D2 : 0;
0056D3 : 0;
0056D4 : 0;
0056D5 : 0;
0056D6 : 0;
0056D7 : 0;
0056D8 : 0;
0056D9 : 0;
0056DA : 0;
0056DB : 3;
0056DC : 3;
0056DD : 3;
0056DE : 3;
0056DF : 3;
0056E0 : 3;
0056E1 : 3;
0056E2 : 3;
0056E3 : 3;
0056E4 : 3;
0056E5 : 3;
0056E6 : 0;
0056E7 : 0;
0056E8 : 0;
0056E9 : 0;
0056EA : 0;
0056EB : 0;
0056EC : 0;
0056ED : 2;
0056EE : 2;
0056EF : 2;
0056F0 : 0;
0056F1 : 0;
0056F2 : 0;
0056F3 : 0;
0056F4 : 0;
0056F5 : 0;
0056F6 : 0;
0056F7 : 0;
0056F8 : 0;
0056F9 : 0;
0056FA : 0;
0056FB : 0;
0056FC : 0;
0056FD : 0;
0056FE : 0;
0056FF : 0;
005700 : 0;
005701 : 0;
005702 : 0;
005703 : 0;
005704 : 0;
005705 : 0;
005706 : 0;
005707 : 0;
005708 : 0;
005709 : 0;
00570A : 0;
00570B : 0;
00570C : 0;
00570D : 0;
00570E : 0;
00570F : 0;
005710 : 0;
005711 : 0;
005712 : 2;
005713 : 2;
005714 : 2;
005715 : 2;
005716 : 2;
005717 : 2;
005718 : 2;
005719 : 2;
00571A : 2;
00571B : 2;
00571C : 2;
00571D : 2;
00571E : 2;
00571F : 2;
005720 : 2;
005721 : 2;
005722 : 2;
005723 : 2;
005724 : 2;
005725 : 2;
005726 : 0;
005727 : 0;
005728 : 0;
005729 : 0;
00572A : 0;
00572B : 0;
00572C : 0;
00572D : 0;
00572E : 0;
00572F : 0;
005730 : 0;
005731 : 0;
005732 : 0;
005733 : 0;
005734 : 0;
005735 : 0;
005736 : 0;
005737 : 0;
005738 : 0;
005739 : 0;
00573A : 0;
00573B : 0;
00573C : 0;
00573D : 0;
00573E : 0;
00573F : 0;
005740 : 0;
005741 : 0;
005742 : 0;
005743 : 0;
005744 : 0;
005745 : 0;
005746 : 0;
005747 : 0;
005748 : 0;
005749 : 2;
00574A : 2;
00574B : 2;
00574C : 2;
00574D : 0;
00574E : 0;
00574F : 0;
005750 : 0;
005751 : 0;
005752 : 0;
005753 : 0;
005754 : 0;
005755 : 3;
005756 : 3;
005757 : 3;
005758 : 3;
005759 : 3;
00575A : 3;
00575B : 3;
00575C : 3;
00575D : 3;
00575E : 3;
00575F : 0;
005760 : 0;
005761 : 0;
005762 : 0;
005763 : 0;
005764 : 0;
005765 : 0;
005766 : 0;
005767 : 0;
005768 : 0;
005769 : 0;
00576A : 0;
00576B : 0;
00576C : 0;
00576D : 0;
00576E : 0;
00576F : 0;
005770 : 0;
005771 : 0;
005772 : 0;
005773 : 0;
005774 : 0;
005775 : 0;
005776 : 0;
005777 : 0;
005778 : 0;
005779 : 0;
00577A : 0;
00577B : 0;
00577C : 0;
00577D : 0;
00577E : 0;
00577F : 0;
005780 : 0;
005781 : 0;
005782 : 0;
005783 : 0;
005784 : 0;
005785 : 0;
005786 : 0;
005787 : 0;
005788 : 0;
005789 : 0;
00578A : 0;
00578B : 0;
00578C : 0;
00578D : 0;
00578E : 0;
00578F : 0;
005790 : 0;
005791 : 0;
005792 : 0;
005793 : 0;
005794 : 0;
005795 : 0;
005796 : 0;
005797 : 0;
005798 : 0;
005799 : 0;
00579A : 0;
00579B : 0;
00579C : 0;
00579D : 0;
00579E : 0;
00579F : 0;
0057A0 : 0;
0057A1 : 0;
0057A2 : 0;
0057A3 : 3;
0057A4 : 3;
0057A5 : 3;
0057A6 : 3;
0057A7 : 3;
0057A8 : 3;
0057A9 : 3;
0057AA : 3;
0057AB : 3;
0057AC : 3;
0057AD : 3;
0057AE : 0;
0057AF : 0;
0057B0 : 0;
0057B1 : 0;
0057B2 : 0;
0057B3 : 0;
0057B4 : 0;
0057B5 : 2;
0057B6 : 2;
0057B7 : 2;
0057B8 : 0;
0057B9 : 0;
0057BA : 0;
0057BB : 0;
0057BC : 0;
0057BD : 0;
0057BE : 0;
0057BF : 0;
0057C0 : 0;
0057C1 : 0;
0057C2 : 0;
0057C3 : 0;
0057C4 : 0;
0057C5 : 0;
0057C6 : 0;
0057C7 : 0;
0057C8 : 0;
0057C9 : 0;
0057CA : 0;
0057CB : 0;
0057CC : 0;
0057CD : 0;
0057CE : 0;
0057CF : 0;
0057D0 : 0;
0057D1 : 0;
0057D2 : 0;
0057D3 : 0;
0057D4 : 0;
0057D5 : 0;
0057D6 : 0;
0057D7 : 0;
0057D8 : 0;
0057D9 : 0;
0057DA : 0;
0057DB : 2;
0057DC : 2;
0057DD : 2;
0057DE : 2;
0057DF : 2;
0057E0 : 2;
0057E1 : 2;
0057E2 : 2;
0057E3 : 2;
0057E4 : 2;
0057E5 : 2;
0057E6 : 2;
0057E7 : 2;
0057E8 : 2;
0057E9 : 2;
0057EA : 2;
0057EB : 2;
0057EC : 2;
0057ED : 0;
0057EE : 0;
0057EF : 0;
0057F0 : 0;
0057F1 : 0;
0057F2 : 0;
0057F3 : 0;
0057F4 : 0;
0057F5 : 0;
0057F6 : 0;
0057F7 : 0;
0057F8 : 0;
0057F9 : 0;
0057FA : 0;
0057FB : 0;
0057FC : 0;
0057FD : 0;
0057FE : 0;
0057FF : 0;
005800 : 0;
005801 : 0;
005802 : 0;
005803 : 0;
005804 : 0;
005805 : 0;
005806 : 0;
005807 : 0;
005808 : 0;
005809 : 0;
00580A : 0;
00580B : 0;
00580C : 0;
00580D : 0;
00580E : 0;
00580F : 0;
005810 : 0;
005811 : 2;
005812 : 2;
005813 : 2;
005814 : 2;
005815 : 0;
005816 : 0;
005817 : 0;
005818 : 0;
005819 : 0;
00581A : 0;
00581B : 0;
00581C : 0;
00581D : 3;
00581E : 3;
00581F : 3;
005820 : 3;
005821 : 3;
005822 : 3;
005823 : 3;
005824 : 3;
005825 : 3;
005826 : 0;
005827 : 0;
005828 : 0;
005829 : 0;
00582A : 0;
00582B : 0;
00582C : 0;
00582D : 0;
00582E : 0;
00582F : 0;
005830 : 0;
005831 : 0;
005832 : 0;
005833 : 0;
005834 : 0;
005835 : 0;
005836 : 0;
005837 : 0;
005838 : 0;
005839 : 0;
00583A : 0;
00583B : 0;
00583C : 0;
00583D : 0;
00583E : 0;
00583F : 0;
005840 : 0;
005841 : 0;
005842 : 0;
005843 : 0;
005844 : 0;
005845 : 0;
005846 : 0;
005847 : 0;
005848 : 0;
005849 : 0;
00584A : 0;
00584B : 0;
00584C : 0;
00584D : 0;
00584E : 0;
00584F : 0;
005850 : 0;
005851 : 0;
005852 : 0;
005853 : 0;
005854 : 0;
005855 : 0;
005856 : 0;
005857 : 0;
005858 : 0;
005859 : 0;
00585A : 0;
00585B : 0;
00585C : 0;
00585D : 0;
00585E : 0;
00585F : 0;
005860 : 0;
005861 : 0;
005862 : 0;
005863 : 0;
005864 : 0;
005865 : 0;
005866 : 0;
005867 : 0;
005868 : 0;
005869 : 0;
00586A : 0;
00586B : 3;
00586C : 3;
00586D : 3;
00586E : 3;
00586F : 3;
005870 : 3;
005871 : 3;
005872 : 3;
005873 : 3;
005874 : 3;
005875 : 3;
005876 : 0;
005877 : 0;
005878 : 0;
005879 : 0;
00587A : 0;
00587B : 0;
00587C : 0;
00587D : 2;
00587E : 2;
00587F : 2;
005880 : 0;
005881 : 0;
005882 : 0;
005883 : 0;
005884 : 0;
005885 : 0;
005886 : 0;
005887 : 0;
005888 : 0;
005889 : 0;
00588A : 0;
00588B : 0;
00588C : 0;
00588D : 0;
00588E : 0;
00588F : 0;
005890 : 0;
005891 : 0;
005892 : 0;
005893 : 0;
005894 : 0;
005895 : 0;
005896 : 0;
005897 : 0;
005898 : 0;
005899 : 0;
00589A : 0;
00589B : 0;
00589C : 0;
00589D : 0;
00589E : 0;
00589F : 0;
0058A0 : 0;
0058A1 : 0;
0058A2 : 0;
0058A3 : 0;
0058A4 : 0;
0058A5 : 2;
0058A6 : 2;
0058A7 : 2;
0058A8 : 2;
0058A9 : 2;
0058AA : 2;
0058AB : 2;
0058AC : 2;
0058AD : 2;
0058AE : 2;
0058AF : 2;
0058B0 : 2;
0058B1 : 2;
0058B2 : 2;
0058B3 : 0;
0058B4 : 0;
0058B5 : 0;
0058B6 : 0;
0058B7 : 0;
0058B8 : 0;
0058B9 : 0;
0058BA : 0;
0058BB : 0;
0058BC : 0;
0058BD : 0;
0058BE : 0;
0058BF : 0;
0058C0 : 0;
0058C1 : 0;
0058C2 : 0;
0058C3 : 0;
0058C4 : 0;
0058C5 : 0;
0058C6 : 0;
0058C7 : 0;
0058C8 : 0;
0058C9 : 0;
0058CA : 0;
0058CB : 0;
0058CC : 0;
0058CD : 0;
0058CE : 0;
0058CF : 0;
0058D0 : 0;
0058D1 : 0;
0058D2 : 0;
0058D3 : 0;
0058D4 : 0;
0058D5 : 0;
0058D6 : 0;
0058D7 : 0;
0058D8 : 0;
0058D9 : 2;
0058DA : 2;
0058DB : 2;
0058DC : 0;
0058DD : 0;
0058DE : 0;
0058DF : 0;
0058E0 : 0;
0058E1 : 0;
0058E2 : 0;
0058E3 : 0;
0058E4 : 0;
0058E5 : 3;
0058E6 : 3;
0058E7 : 3;
0058E8 : 3;
0058E9 : 3;
0058EA : 3;
0058EB : 3;
0058EC : 3;
0058ED : 3;
0058EE : 0;
0058EF : 0;
0058F0 : 0;
0058F1 : 0;
0058F2 : 0;
0058F3 : 0;
0058F4 : 0;
0058F5 : 0;
0058F6 : 0;
0058F7 : 0;
0058F8 : 0;
0058F9 : 0;
0058FA : 0;
0058FB : 0;
0058FC : 0;
0058FD : 0;
0058FE : 0;
0058FF : 0;
005900 : 0;
005901 : 0;
005902 : 0;
005903 : 0;
005904 : 0;
005905 : 0;
005906 : 0;
005907 : 0;
005908 : 0;
005909 : 0;
00590A : 0;
00590B : 0;
00590C : 0;
00590D : 0;
00590E : 0;
00590F : 0;
005910 : 0;
005911 : 0;
005912 : 0;
005913 : 0;
005914 : 0;
005915 : 0;
005916 : 0;
005917 : 0;
005918 : 0;
005919 : 0;
00591A : 0;
00591B : 0;
00591C : 0;
00591D : 0;
00591E : 0;
00591F : 0;
005920 : 0;
005921 : 0;
005922 : 0;
005923 : 0;
005924 : 0;
005925 : 0;
005926 : 0;
005927 : 0;
005928 : 0;
005929 : 0;
00592A : 0;
00592B : 0;
00592C : 0;
00592D : 0;
00592E : 0;
00592F : 0;
005930 : 0;
005931 : 0;
005932 : 0;
005933 : 3;
005934 : 3;
005935 : 3;
005936 : 3;
005937 : 3;
005938 : 3;
005939 : 3;
00593A : 3;
00593B : 3;
00593C : 3;
00593D : 3;
00593E : 0;
00593F : 0;
005940 : 0;
005941 : 0;
005942 : 0;
005943 : 0;
005944 : 0;
005945 : 2;
005946 : 2;
005947 : 2;
005948 : 2;
005949 : 0;
00594A : 0;
00594B : 0;
00594C : 0;
00594D : 0;
00594E : 0;
00594F : 0;
005950 : 0;
005951 : 0;
005952 : 0;
005953 : 0;
005954 : 0;
005955 : 0;
005956 : 0;
005957 : 0;
005958 : 0;
005959 : 0;
00595A : 0;
00595B : 0;
00595C : 0;
00595D : 0;
00595E : 0;
00595F : 0;
005960 : 0;
005961 : 0;
005962 : 0;
005963 : 0;
005964 : 0;
005965 : 0;
005966 : 0;
005967 : 0;
005968 : 0;
005969 : 0;
00596A : 0;
00596B : 0;
00596C : 0;
00596D : 0;
00596E : 0;
00596F : 2;
005970 : 2;
005971 : 2;
005972 : 2;
005973 : 2;
005974 : 2;
005975 : 2;
005976 : 2;
005977 : 2;
005978 : 2;
005979 : 0;
00597A : 0;
00597B : 0;
00597C : 0;
00597D : 0;
00597E : 0;
00597F : 0;
005980 : 0;
005981 : 0;
005982 : 0;
005983 : 0;
005984 : 0;
005985 : 0;
005986 : 0;
005987 : 0;
005988 : 0;
005989 : 0;
00598A : 0;
00598B : 0;
00598C : 0;
00598D : 0;
00598E : 0;
00598F : 0;
005990 : 0;
005991 : 0;
005992 : 0;
005993 : 0;
005994 : 0;
005995 : 0;
005996 : 0;
005997 : 0;
005998 : 0;
005999 : 0;
00599A : 0;
00599B : 0;
00599C : 0;
00599D : 0;
00599E : 0;
00599F : 0;
0059A0 : 0;
0059A1 : 2;
0059A2 : 2;
0059A3 : 2;
0059A4 : 0;
0059A5 : 0;
0059A6 : 0;
0059A7 : 0;
0059A8 : 0;
0059A9 : 0;
0059AA : 0;
0059AB : 0;
0059AC : 3;
0059AD : 3;
0059AE : 3;
0059AF : 3;
0059B0 : 3;
0059B1 : 3;
0059B2 : 3;
0059B3 : 3;
0059B4 : 3;
0059B5 : 3;
0059B6 : 0;
0059B7 : 0;
0059B8 : 0;
0059B9 : 0;
0059BA : 0;
0059BB : 0;
0059BC : 0;
0059BD : 0;
0059BE : 0;
0059BF : 0;
0059C0 : 0;
0059C1 : 0;
0059C2 : 0;
0059C3 : 0;
0059C4 : 0;
0059C5 : 0;
0059C6 : 0;
0059C7 : 0;
0059C8 : 0;
0059C9 : 0;
0059CA : 0;
0059CB : 0;
0059CC : 0;
0059CD : 0;
0059CE : 0;
0059CF : 0;
0059D0 : 0;
0059D1 : 0;
0059D2 : 0;
0059D3 : 0;
0059D4 : 0;
0059D5 : 0;
0059D6 : 0;
0059D7 : 0;
0059D8 : 0;
0059D9 : 0;
0059DA : 0;
0059DB : 0;
0059DC : 0;
0059DD : 0;
0059DE : 0;
0059DF : 0;
0059E0 : 0;
0059E1 : 0;
0059E2 : 0;
0059E3 : 0;
0059E4 : 0;
0059E5 : 0;
0059E6 : 0;
0059E7 : 0;
0059E8 : 0;
0059E9 : 0;
0059EA : 0;
0059EB : 0;
0059EC : 0;
0059ED : 0;
0059EE : 0;
0059EF : 0;
0059F0 : 0;
0059F1 : 0;
0059F2 : 0;
0059F3 : 0;
0059F4 : 0;
0059F5 : 0;
0059F6 : 0;
0059F7 : 0;
0059F8 : 0;
0059F9 : 0;
0059FA : 0;
0059FB : 0;
0059FC : 3;
0059FD : 3;
0059FE : 3;
0059FF : 3;
005A00 : 3;
005A01 : 3;
005A02 : 3;
005A03 : 3;
005A04 : 3;
005A05 : 3;
005A06 : 3;
005A07 : 0;
005A08 : 0;
005A09 : 0;
005A0A : 0;
005A0B : 0;
005A0C : 0;
005A0D : 0;
005A0E : 2;
005A0F : 2;
005A10 : 2;
005A11 : 0;
005A12 : 0;
005A13 : 0;
005A14 : 0;
005A15 : 0;
005A16 : 0;
005A17 : 0;
005A18 : 0;
005A19 : 0;
005A1A : 0;
005A1B : 0;
005A1C : 0;
005A1D : 0;
005A1E : 0;
005A1F : 0;
005A20 : 0;
005A21 : 0;
005A22 : 0;
005A23 : 0;
005A24 : 0;
005A25 : 0;
005A26 : 0;
005A27 : 0;
005A28 : 0;
005A29 : 0;
005A2A : 0;
005A2B : 0;
005A2C : 0;
005A2D : 0;
005A2E : 0;
005A2F : 0;
005A30 : 0;
005A31 : 0;
005A32 : 0;
005A33 : 0;
005A34 : 0;
005A35 : 0;
005A36 : 0;
005A37 : 0;
005A38 : 0;
005A39 : 0;
005A3A : 0;
005A3B : 2;
005A3C : 2;
005A3D : 2;
005A3E : 0;
005A3F : 0;
005A40 : 0;
005A41 : 0;
005A42 : 0;
005A43 : 0;
005A44 : 0;
005A45 : 0;
005A46 : 0;
005A47 : 0;
005A48 : 0;
005A49 : 0;
005A4A : 0;
005A4B : 0;
005A4C : 0;
005A4D : 0;
005A4E : 0;
005A4F : 0;
005A50 : 0;
005A51 : 0;
005A52 : 0;
005A53 : 0;
005A54 : 0;
005A55 : 0;
005A56 : 0;
005A57 : 0;
005A58 : 0;
005A59 : 0;
005A5A : 0;
005A5B : 0;
005A5C : 0;
005A5D : 0;
005A5E : 0;
005A5F : 0;
005A60 : 0;
005A61 : 0;
005A62 : 0;
005A63 : 0;
005A64 : 0;
005A65 : 0;
005A66 : 0;
005A67 : 0;
005A68 : 2;
005A69 : 2;
005A6A : 2;
005A6B : 2;
005A6C : 0;
005A6D : 0;
005A6E : 0;
005A6F : 0;
005A70 : 0;
005A71 : 0;
005A72 : 0;
005A73 : 0;
005A74 : 3;
005A75 : 3;
005A76 : 3;
005A77 : 3;
005A78 : 3;
005A79 : 3;
005A7A : 3;
005A7B : 3;
005A7C : 3;
005A7D : 3;
005A7E : 0;
005A7F : 0;
005A80 : 0;
005A81 : 0;
005A82 : 0;
005A83 : 0;
005A84 : 0;
005A85 : 0;
005A86 : 0;
005A87 : 0;
005A88 : 0;
005A89 : 0;
005A8A : 0;
005A8B : 0;
005A8C : 0;
005A8D : 0;
005A8E : 0;
005A8F : 0;
005A90 : 0;
005A91 : 0;
005A92 : 0;
005A93 : 0;
005A94 : 0;
005A95 : 0;
005A96 : 0;
005A97 : 0;
005A98 : 0;
005A99 : 0;
005A9A : 0;
005A9B : 0;
005A9C : 0;
005A9D : 0;
005A9E : 0;
005A9F : 0;
005AA0 : 0;
005AA1 : 0;
005AA2 : 0;
005AA3 : 0;
005AA4 : 0;
005AA5 : 0;
005AA6 : 0;
005AA7 : 0;
005AA8 : 0;
005AA9 : 0;
005AAA : 0;
005AAB : 0;
005AAC : 0;
005AAD : 0;
005AAE : 0;
005AAF : 0;
005AB0 : 0;
005AB1 : 0;
005AB2 : 0;
005AB3 : 0;
005AB4 : 0;
005AB5 : 0;
005AB6 : 0;
005AB7 : 0;
005AB8 : 0;
005AB9 : 0;
005ABA : 0;
005ABB : 0;
005ABC : 0;
005ABD : 0;
005ABE : 0;
005ABF : 0;
005AC0 : 0;
005AC1 : 0;
005AC2 : 0;
005AC3 : 0;
005AC4 : 3;
005AC5 : 3;
005AC6 : 3;
005AC7 : 3;
005AC8 : 3;
005AC9 : 3;
005ACA : 3;
005ACB : 3;
005ACC : 3;
005ACD : 3;
005ACE : 3;
005ACF : 0;
005AD0 : 0;
005AD1 : 0;
005AD2 : 0;
005AD3 : 0;
005AD4 : 0;
005AD5 : 0;
005AD6 : 2;
005AD7 : 2;
005AD8 : 2;
005AD9 : 0;
005ADA : 0;
005ADB : 0;
005ADC : 0;
005ADD : 0;
005ADE : 0;
005ADF : 0;
005AE0 : 0;
005AE1 : 0;
005AE2 : 0;
005AE3 : 0;
005AE4 : 0;
005AE5 : 0;
005AE6 : 0;
005AE7 : 0;
005AE8 : 0;
005AE9 : 0;
005AEA : 0;
005AEB : 0;
005AEC : 0;
005AED : 0;
005AEE : 0;
005AEF : 0;
005AF0 : 0;
005AF1 : 0;
005AF2 : 0;
005AF3 : 0;
005AF4 : 0;
005AF5 : 0;
005AF6 : 0;
005AF7 : 0;
005AF8 : 0;
005AF9 : 0;
005AFA : 0;
005AFB : 0;
005AFC : 0;
005AFD : 0;
005AFE : 0;
005AFF : 0;
005B00 : 0;
005B01 : 0;
005B02 : 0;
005B03 : 2;
005B04 : 2;
005B05 : 2;
005B06 : 0;
005B07 : 0;
005B08 : 0;
005B09 : 0;
005B0A : 0;
005B0B : 0;
005B0C : 0;
005B0D : 0;
005B0E : 0;
005B0F : 0;
005B10 : 0;
005B11 : 0;
005B12 : 0;
005B13 : 0;
005B14 : 0;
005B15 : 0;
005B16 : 0;
005B17 : 0;
005B18 : 0;
005B19 : 0;
005B1A : 0;
005B1B : 0;
005B1C : 0;
005B1D : 0;
005B1E : 0;
005B1F : 0;
005B20 : 0;
005B21 : 0;
005B22 : 0;
005B23 : 0;
005B24 : 0;
005B25 : 0;
005B26 : 0;
005B27 : 0;
005B28 : 0;
005B29 : 0;
005B2A : 0;
005B2B : 0;
005B2C : 0;
005B2D : 0;
005B2E : 0;
005B2F : 0;
005B30 : 2;
005B31 : 2;
005B32 : 2;
005B33 : 0;
005B34 : 0;
005B35 : 0;
005B36 : 0;
005B37 : 0;
005B38 : 0;
005B39 : 0;
005B3A : 0;
005B3B : 0;
005B3C : 3;
005B3D : 3;
005B3E : 3;
005B3F : 3;
005B40 : 3;
005B41 : 3;
005B42 : 3;
005B43 : 3;
005B44 : 3;
005B45 : 3;
005B46 : 0;
005B47 : 0;
005B48 : 0;
005B49 : 0;
005B4A : 0;
005B4B : 0;
005B4C : 0;
005B4D : 0;
005B4E : 0;
005B4F : 0;
005B50 : 0;
005B51 : 0;
005B52 : 0;
005B53 : 0;
005B54 : 0;
005B55 : 0;
005B56 : 0;
005B57 : 0;
005B58 : 0;
005B59 : 0;
005B5A : 0;
005B5B : 0;
005B5C : 0;
005B5D : 0;
005B5E : 0;
005B5F : 0;
005B60 : 0;
005B61 : 0;
005B62 : 0;
005B63 : 0;
005B64 : 0;
005B65 : 0;
005B66 : 0;
005B67 : 0;
005B68 : 0;
005B69 : 0;
005B6A : 0;
005B6B : 0;
005B6C : 0;
005B6D : 0;
005B6E : 0;
005B6F : 0;
005B70 : 0;
005B71 : 0;
005B72 : 0;
005B73 : 0;
005B74 : 0;
005B75 : 0;
005B76 : 0;
005B77 : 0;
005B78 : 0;
005B79 : 0;
005B7A : 0;
005B7B : 0;
005B7C : 0;
005B7D : 0;
005B7E : 0;
005B7F : 0;
005B80 : 0;
005B81 : 0;
005B82 : 0;
005B83 : 0;
005B84 : 0;
005B85 : 0;
005B86 : 0;
005B87 : 0;
005B88 : 0;
005B89 : 0;
005B8A : 0;
005B8B : 0;
005B8C : 3;
005B8D : 3;
005B8E : 3;
005B8F : 3;
005B90 : 3;
005B91 : 3;
005B92 : 3;
005B93 : 3;
005B94 : 3;
005B95 : 3;
005B96 : 3;
005B97 : 0;
005B98 : 0;
005B99 : 0;
005B9A : 0;
005B9B : 0;
005B9C : 0;
005B9D : 0;
005B9E : 2;
005B9F : 2;
005BA0 : 2;
005BA1 : 2;
005BA2 : 0;
005BA3 : 0;
005BA4 : 0;
005BA5 : 0;
005BA6 : 0;
005BA7 : 0;
005BA8 : 0;
005BA9 : 0;
005BAA : 0;
005BAB : 0;
005BAC : 0;
005BAD : 0;
005BAE : 0;
005BAF : 0;
005BB0 : 0;
005BB1 : 0;
005BB2 : 0;
005BB3 : 0;
005BB4 : 0;
005BB5 : 0;
005BB6 : 0;
005BB7 : 0;
005BB8 : 0;
005BB9 : 0;
005BBA : 0;
005BBB : 0;
005BBC : 0;
005BBD : 0;
005BBE : 0;
005BBF : 0;
005BC0 : 0;
005BC1 : 0;
005BC2 : 0;
005BC3 : 0;
005BC4 : 0;
005BC5 : 0;
005BC6 : 0;
005BC7 : 0;
005BC8 : 0;
005BC9 : 0;
005BCA : 0;
005BCB : 2;
005BCC : 2;
005BCD : 2;
005BCE : 0;
005BCF : 0;
005BD0 : 0;
005BD1 : 0;
005BD2 : 0;
005BD3 : 0;
005BD4 : 0;
005BD5 : 0;
005BD6 : 0;
005BD7 : 0;
005BD8 : 0;
005BD9 : 0;
005BDA : 0;
005BDB : 0;
005BDC : 0;
005BDD : 0;
005BDE : 0;
005BDF : 0;
005BE0 : 0;
005BE1 : 0;
005BE2 : 0;
005BE3 : 0;
005BE4 : 0;
005BE5 : 0;
005BE6 : 0;
005BE7 : 0;
005BE8 : 0;
005BE9 : 0;
005BEA : 0;
005BEB : 0;
005BEC : 0;
005BED : 0;
005BEE : 0;
005BEF : 0;
005BF0 : 0;
005BF1 : 0;
005BF2 : 0;
005BF3 : 0;
005BF4 : 0;
005BF5 : 0;
005BF6 : 0;
005BF7 : 0;
005BF8 : 2;
005BF9 : 2;
005BFA : 2;
005BFB : 0;
005BFC : 0;
005BFD : 0;
005BFE : 0;
005BFF : 0;
005C00 : 0;
005C01 : 0;
005C02 : 0;
005C03 : 3;
005C04 : 3;
005C05 : 3;
005C06 : 3;
005C07 : 3;
005C08 : 3;
005C09 : 3;
005C0A : 3;
005C0B : 3;
005C0C : 3;
005C0D : 0;
005C0E : 0;
005C0F : 0;
005C10 : 0;
005C11 : 0;
005C12 : 0;
005C13 : 0;
005C14 : 0;
005C15 : 0;
005C16 : 0;
005C17 : 0;
005C18 : 0;
005C19 : 0;
005C1A : 0;
005C1B : 0;
005C1C : 0;
005C1D : 0;
005C1E : 0;
005C1F : 0;
005C20 : 0;
005C21 : 0;
005C22 : 0;
005C23 : 0;
005C24 : 0;
005C25 : 0;
005C26 : 0;
005C27 : 0;
005C28 : 0;
005C29 : 0;
005C2A : 0;
005C2B : 0;
005C2C : 0;
005C2D : 0;
005C2E : 0;
005C2F : 0;
005C30 : 0;
005C31 : 0;
005C32 : 0;
005C33 : 0;
005C34 : 0;
005C35 : 0;
005C36 : 0;
005C37 : 0;
005C38 : 0;
005C39 : 0;
005C3A : 0;
005C3B : 0;
005C3C : 0;
005C3D : 0;
005C3E : 0;
005C3F : 0;
005C40 : 0;
005C41 : 0;
005C42 : 0;
005C43 : 0;
005C44 : 0;
005C45 : 0;
005C46 : 0;
005C47 : 0;
005C48 : 0;
005C49 : 0;
005C4A : 0;
005C4B : 0;
005C4C : 0;
005C4D : 0;
005C4E : 0;
005C4F : 0;
005C50 : 0;
005C51 : 0;
005C52 : 0;
005C53 : 0;
005C54 : 3;
005C55 : 3;
005C56 : 3;
005C57 : 3;
005C58 : 3;
005C59 : 3;
005C5A : 3;
005C5B : 3;
005C5C : 3;
005C5D : 3;
005C5E : 3;
005C5F : 0;
005C60 : 0;
005C61 : 0;
005C62 : 0;
005C63 : 0;
005C64 : 0;
005C65 : 0;
005C66 : 0;
005C67 : 2;
005C68 : 2;
005C69 : 2;
005C6A : 0;
005C6B : 0;
005C6C : 0;
005C6D : 0;
005C6E : 0;
005C6F : 0;
005C70 : 0;
005C71 : 0;
005C72 : 0;
005C73 : 0;
005C74 : 0;
005C75 : 0;
005C76 : 0;
005C77 : 0;
005C78 : 0;
005C79 : 0;
005C7A : 0;
005C7B : 0;
005C7C : 0;
005C7D : 0;
005C7E : 0;
005C7F : 0;
005C80 : 0;
005C81 : 0;
005C82 : 0;
005C83 : 0;
005C84 : 0;
005C85 : 0;
005C86 : 0;
005C87 : 0;
005C88 : 0;
005C89 : 0;
005C8A : 0;
005C8B : 0;
005C8C : 0;
005C8D : 0;
005C8E : 0;
005C8F : 0;
005C90 : 0;
005C91 : 0;
005C92 : 0;
005C93 : 2;
005C94 : 2;
005C95 : 2;
005C96 : 0;
005C97 : 0;
005C98 : 0;
005C99 : 0;
005C9A : 0;
005C9B : 0;
005C9C : 0;
005C9D : 0;
005C9E : 0;
005C9F : 0;
005CA0 : 0;
005CA1 : 0;
005CA2 : 0;
005CA3 : 0;
005CA4 : 0;
005CA5 : 0;
005CA6 : 0;
005CA7 : 0;
005CA8 : 0;
005CA9 : 0;
005CAA : 0;
005CAB : 0;
005CAC : 0;
005CAD : 0;
005CAE : 0;
005CAF : 0;
005CB0 : 0;
005CB1 : 0;
005CB2 : 0;
005CB3 : 0;
005CB4 : 0;
005CB5 : 0;
005CB6 : 0;
005CB7 : 0;
005CB8 : 0;
005CB9 : 0;
005CBA : 0;
005CBB : 0;
005CBC : 0;
005CBD : 0;
005CBE : 0;
005CBF : 2;
005CC0 : 2;
005CC1 : 2;
005CC2 : 2;
005CC3 : 0;
005CC4 : 0;
005CC5 : 0;
005CC6 : 0;
005CC7 : 0;
005CC8 : 0;
005CC9 : 0;
005CCA : 0;
005CCB : 3;
005CCC : 3;
005CCD : 3;
005CCE : 3;
005CCF : 3;
005CD0 : 3;
005CD1 : 3;
005CD2 : 3;
005CD3 : 3;
005CD4 : 3;
005CD5 : 0;
005CD6 : 0;
005CD7 : 0;
005CD8 : 0;
005CD9 : 0;
005CDA : 0;
005CDB : 0;
005CDC : 0;
005CDD : 0;
005CDE : 0;
005CDF : 0;
005CE0 : 0;
005CE1 : 0;
005CE2 : 0;
005CE3 : 0;
005CE4 : 0;
005CE5 : 0;
005CE6 : 0;
005CE7 : 0;
005CE8 : 0;
005CE9 : 0;
005CEA : 0;
005CEB : 0;
005CEC : 0;
005CED : 0;
005CEE : 0;
005CEF : 0;
005CF0 : 0;
005CF1 : 0;
005CF2 : 0;
005CF3 : 0;
005CF4 : 0;
005CF5 : 0;
005CF6 : 0;
005CF7 : 0;
005CF8 : 0;
005CF9 : 0;
005CFA : 0;
005CFB : 0;
005CFC : 0;
005CFD : 0;
005CFE : 0;
005CFF : 0;
005D00 : 0;
005D01 : 0;
005D02 : 0;
005D03 : 0;
005D04 : 0;
005D05 : 0;
005D06 : 0;
005D07 : 0;
005D08 : 0;
005D09 : 0;
005D0A : 0;
005D0B : 0;
005D0C : 0;
005D0D : 0;
005D0E : 0;
005D0F : 0;
005D10 : 0;
005D11 : 0;
005D12 : 0;
005D13 : 0;
005D14 : 0;
005D15 : 0;
005D16 : 0;
005D17 : 0;
005D18 : 0;
005D19 : 0;
005D1A : 0;
005D1B : 0;
005D1C : 0;
005D1D : 3;
005D1E : 3;
005D1F : 3;
005D20 : 3;
005D21 : 3;
005D22 : 3;
005D23 : 3;
005D24 : 3;
005D25 : 3;
005D26 : 3;
005D27 : 3;
005D28 : 0;
005D29 : 0;
005D2A : 0;
005D2B : 0;
005D2C : 0;
005D2D : 0;
005D2E : 0;
005D2F : 2;
005D30 : 2;
005D31 : 2;
005D32 : 2;
005D33 : 0;
005D34 : 0;
005D35 : 0;
005D36 : 0;
005D37 : 0;
005D38 : 0;
005D39 : 0;
005D3A : 0;
005D3B : 0;
005D3C : 0;
005D3D : 0;
005D3E : 0;
005D3F : 0;
005D40 : 0;
005D41 : 0;
005D42 : 0;
005D43 : 0;
005D44 : 0;
005D45 : 0;
005D46 : 0;
005D47 : 0;
005D48 : 0;
005D49 : 0;
005D4A : 0;
005D4B : 0;
005D4C : 0;
005D4D : 0;
005D4E : 0;
005D4F : 0;
005D50 : 0;
005D51 : 0;
005D52 : 0;
005D53 : 0;
005D54 : 0;
005D55 : 0;
005D56 : 0;
005D57 : 0;
005D58 : 0;
005D59 : 0;
005D5A : 0;
005D5B : 2;
005D5C : 2;
005D5D : 2;
005D5E : 0;
005D5F : 0;
005D60 : 0;
005D61 : 0;
005D62 : 0;
005D63 : 0;
005D64 : 0;
005D65 : 0;
005D66 : 0;
005D67 : 0;
005D68 : 0;
005D69 : 0;
005D6A : 0;
005D6B : 0;
005D6C : 0;
005D6D : 0;
005D6E : 0;
005D6F : 0;
005D70 : 0;
005D71 : 0;
005D72 : 0;
005D73 : 0;
005D74 : 0;
005D75 : 0;
005D76 : 0;
005D77 : 0;
005D78 : 0;
005D79 : 0;
005D7A : 0;
005D7B : 0;
005D7C : 0;
005D7D : 0;
005D7E : 0;
005D7F : 0;
005D80 : 0;
005D81 : 0;
005D82 : 0;
005D83 : 0;
005D84 : 0;
005D85 : 0;
005D86 : 0;
005D87 : 2;
005D88 : 2;
005D89 : 2;
005D8A : 0;
005D8B : 0;
005D8C : 0;
005D8D : 0;
005D8E : 0;
005D8F : 0;
005D90 : 0;
005D91 : 0;
005D92 : 0;
005D93 : 3;
005D94 : 3;
005D95 : 3;
005D96 : 3;
005D97 : 3;
005D98 : 3;
005D99 : 3;
005D9A : 3;
005D9B : 3;
005D9C : 3;
005D9D : 0;
005D9E : 0;
005D9F : 0;
005DA0 : 0;
005DA1 : 0;
005DA2 : 0;
005DA3 : 0;
005DA4 : 0;
005DA5 : 0;
005DA6 : 0;
005DA7 : 0;
005DA8 : 0;
005DA9 : 0;
005DAA : 0;
005DAB : 0;
005DAC : 0;
005DAD : 0;
005DAE : 0;
005DAF : 0;
005DB0 : 0;
005DB1 : 0;
005DB2 : 0;
005DB3 : 0;
005DB4 : 0;
005DB5 : 0;
005DB6 : 0;
005DB7 : 0;
005DB8 : 0;
005DB9 : 0;
005DBA : 0;
005DBB : 0;
005DBC : 0;
005DBD : 0;
005DBE : 0;
005DBF : 0;
005DC0 : 0;
005DC1 : 0;
005DC2 : 0;
005DC3 : 0;
005DC4 : 0;
005DC5 : 0;
005DC6 : 0;
005DC7 : 0;
005DC8 : 0;
005DC9 : 0;
005DCA : 0;
005DCB : 0;
005DCC : 0;
005DCD : 0;
005DCE : 0;
005DCF : 0;
005DD0 : 0;
005DD1 : 0;
005DD2 : 0;
005DD3 : 0;
005DD4 : 0;
005DD5 : 0;
005DD6 : 0;
005DD7 : 0;
005DD8 : 0;
005DD9 : 0;
005DDA : 0;
005DDB : 0;
005DDC : 0;
005DDD : 0;
005DDE : 0;
005DDF : 0;
005DE0 : 0;
005DE1 : 0;
005DE2 : 0;
005DE3 : 0;
005DE4 : 0;
005DE5 : 3;
005DE6 : 3;
005DE7 : 3;
005DE8 : 3;
005DE9 : 3;
005DEA : 3;
005DEB : 3;
005DEC : 3;
005DED : 3;
005DEE : 3;
005DEF : 3;
005DF0 : 0;
005DF1 : 0;
005DF2 : 0;
005DF3 : 0;
005DF4 : 0;
005DF5 : 0;
005DF6 : 0;
005DF7 : 0;
005DF8 : 2;
005DF9 : 2;
005DFA : 2;
005DFB : 0;
005DFC : 0;
005DFD : 0;
005DFE : 0;
005DFF : 0;
005E00 : 0;
005E01 : 0;
005E02 : 0;
005E03 : 0;
005E04 : 0;
005E05 : 0;
005E06 : 0;
005E07 : 0;
005E08 : 0;
005E09 : 0;
005E0A : 0;
005E0B : 0;
005E0C : 0;
005E0D : 0;
005E0E : 0;
005E0F : 0;
005E10 : 0;
005E11 : 0;
005E12 : 0;
005E13 : 0;
005E14 : 0;
005E15 : 0;
005E16 : 0;
005E17 : 0;
005E18 : 0;
005E19 : 0;
005E1A : 0;
005E1B : 0;
005E1C : 0;
005E1D : 0;
005E1E : 0;
005E1F : 0;
005E20 : 0;
005E21 : 0;
005E22 : 0;
005E23 : 2;
005E24 : 2;
005E25 : 2;
005E26 : 0;
005E27 : 0;
005E28 : 0;
005E29 : 0;
005E2A : 0;
005E2B : 0;
005E2C : 0;
005E2D : 0;
005E2E : 0;
005E2F : 0;
005E30 : 0;
005E31 : 0;
005E32 : 0;
005E33 : 0;
005E34 : 0;
005E35 : 0;
005E36 : 0;
005E37 : 0;
005E38 : 0;
005E39 : 0;
005E3A : 0;
005E3B : 0;
005E3C : 0;
005E3D : 0;
005E3E : 0;
005E3F : 0;
005E40 : 0;
005E41 : 0;
005E42 : 0;
005E43 : 0;
005E44 : 0;
005E45 : 0;
005E46 : 0;
005E47 : 0;
005E48 : 0;
005E49 : 0;
005E4A : 0;
005E4B : 0;
005E4C : 0;
005E4D : 0;
005E4E : 2;
005E4F : 2;
005E50 : 2;
005E51 : 2;
005E52 : 0;
005E53 : 0;
005E54 : 0;
005E55 : 0;
005E56 : 0;
005E57 : 0;
005E58 : 0;
005E59 : 0;
005E5A : 3;
005E5B : 3;
005E5C : 3;
005E5D : 3;
005E5E : 3;
005E5F : 3;
005E60 : 3;
005E61 : 3;
005E62 : 3;
005E63 : 3;
005E64 : 0;
005E65 : 0;
005E66 : 0;
005E67 : 0;
005E68 : 0;
005E69 : 0;
005E6A : 0;
005E6B : 0;
005E6C : 0;
005E6D : 0;
005E6E : 0;
005E6F : 0;
005E70 : 0;
005E71 : 0;
005E72 : 0;
005E73 : 0;
005E74 : 0;
005E75 : 0;
005E76 : 0;
005E77 : 0;
005E78 : 0;
005E79 : 0;
005E7A : 0;
005E7B : 0;
005E7C : 0;
005E7D : 0;
005E7E : 0;
005E7F : 0;
005E80 : 0;
005E81 : 0;
005E82 : 0;
005E83 : 0;
005E84 : 0;
005E85 : 0;
005E86 : 0;
005E87 : 0;
005E88 : 0;
005E89 : 0;
005E8A : 0;
005E8B : 0;
005E8C : 0;
005E8D : 0;
005E8E : 0;
005E8F : 0;
005E90 : 0;
005E91 : 0;
005E92 : 0;
005E93 : 0;
005E94 : 0;
005E95 : 0;
005E96 : 0;
005E97 : 0;
005E98 : 0;
005E99 : 0;
005E9A : 0;
005E9B : 0;
005E9C : 0;
005E9D : 0;
005E9E : 0;
005E9F : 0;
005EA0 : 0;
005EA1 : 0;
005EA2 : 0;
005EA3 : 0;
005EA4 : 0;
005EA5 : 0;
005EA6 : 0;
005EA7 : 0;
005EA8 : 0;
005EA9 : 0;
005EAA : 0;
005EAB : 0;
005EAC : 0;
005EAD : 3;
005EAE : 3;
005EAF : 3;
005EB0 : 3;
005EB1 : 3;
005EB2 : 3;
005EB3 : 3;
005EB4 : 3;
005EB5 : 3;
005EB6 : 3;
005EB7 : 3;
005EB8 : 3;
005EB9 : 0;
005EBA : 0;
005EBB : 0;
005EBC : 0;
005EBD : 0;
005EBE : 0;
005EBF : 0;
005EC0 : 2;
005EC1 : 2;
005EC2 : 2;
005EC3 : 2;
005EC4 : 0;
005EC5 : 0;
005EC6 : 0;
005EC7 : 0;
005EC8 : 0;
005EC9 : 0;
005ECA : 0;
005ECB : 0;
005ECC : 0;
005ECD : 0;
005ECE : 0;
005ECF : 0;
005ED0 : 0;
005ED1 : 0;
005ED2 : 0;
005ED3 : 0;
005ED4 : 0;
005ED5 : 0;
005ED6 : 0;
005ED7 : 0;
005ED8 : 0;
005ED9 : 0;
005EDA : 0;
005EDB : 0;
005EDC : 0;
005EDD : 0;
005EDE : 0;
005EDF : 0;
005EE0 : 0;
005EE1 : 0;
005EE2 : 0;
005EE3 : 0;
005EE4 : 0;
005EE5 : 0;
005EE6 : 0;
005EE7 : 0;
005EE8 : 0;
005EE9 : 0;
005EEA : 0;
005EEB : 2;
005EEC : 2;
005EED : 2;
005EEE : 0;
005EEF : 0;
005EF0 : 0;
005EF1 : 0;
005EF2 : 0;
005EF3 : 0;
005EF4 : 0;
005EF5 : 0;
005EF6 : 0;
005EF7 : 0;
005EF8 : 0;
005EF9 : 0;
005EFA : 0;
005EFB : 0;
005EFC : 0;
005EFD : 0;
005EFE : 0;
005EFF : 0;
005F00 : 0;
005F01 : 0;
005F02 : 0;
005F03 : 0;
005F04 : 0;
005F05 : 0;
005F06 : 0;
005F07 : 0;
005F08 : 0;
005F09 : 0;
005F0A : 0;
005F0B : 0;
005F0C : 0;
005F0D : 0;
005F0E : 0;
005F0F : 0;
005F10 : 0;
005F11 : 0;
005F12 : 0;
005F13 : 0;
005F14 : 0;
005F15 : 0;
005F16 : 2;
005F17 : 2;
005F18 : 2;
005F19 : 0;
005F1A : 0;
005F1B : 0;
005F1C : 0;
005F1D : 0;
005F1E : 0;
005F1F : 0;
005F20 : 0;
005F21 : 0;
005F22 : 3;
005F23 : 3;
005F24 : 3;
005F25 : 3;
005F26 : 3;
005F27 : 3;
005F28 : 3;
005F29 : 3;
005F2A : 3;
005F2B : 3;
005F2C : 0;
005F2D : 0;
005F2E : 0;
005F2F : 0;
005F30 : 0;
005F31 : 0;
005F32 : 0;
005F33 : 0;
005F34 : 0;
005F35 : 0;
005F36 : 0;
005F37 : 0;
005F38 : 0;
005F39 : 0;
005F3A : 0;
005F3B : 0;
005F3C : 0;
005F3D : 0;
005F3E : 0;
005F3F : 0;
005F40 : 0;
005F41 : 0;
005F42 : 0;
005F43 : 0;
005F44 : 0;
005F45 : 0;
005F46 : 0;
005F47 : 0;
005F48 : 0;
005F49 : 0;
005F4A : 0;
005F4B : 0;
005F4C : 0;
005F4D : 0;
005F4E : 0;
005F4F : 0;
005F50 : 0;
005F51 : 0;
005F52 : 0;
005F53 : 0;
005F54 : 0;
005F55 : 0;
005F56 : 0;
005F57 : 0;
005F58 : 0;
005F59 : 0;
005F5A : 0;
005F5B : 0;
005F5C : 0;
005F5D : 0;
005F5E : 0;
005F5F : 0;
005F60 : 0;
005F61 : 0;
005F62 : 0;
005F63 : 0;
005F64 : 0;
005F65 : 0;
005F66 : 0;
005F67 : 0;
005F68 : 0;
005F69 : 0;
005F6A : 0;
005F6B : 0;
005F6C : 0;
005F6D : 0;
005F6E : 0;
005F6F : 0;
005F70 : 0;
005F71 : 0;
005F72 : 0;
005F73 : 0;
005F74 : 0;
005F75 : 0;
005F76 : 3;
005F77 : 3;
005F78 : 3;
005F79 : 3;
005F7A : 3;
005F7B : 3;
005F7C : 3;
005F7D : 3;
005F7E : 3;
005F7F : 3;
005F80 : 3;
005F81 : 0;
005F82 : 0;
005F83 : 0;
005F84 : 0;
005F85 : 0;
005F86 : 0;
005F87 : 0;
005F88 : 0;
005F89 : 2;
005F8A : 2;
005F8B : 2;
005F8C : 0;
005F8D : 0;
005F8E : 0;
005F8F : 0;
005F90 : 0;
005F91 : 0;
005F92 : 0;
005F93 : 0;
005F94 : 0;
005F95 : 0;
005F96 : 0;
005F97 : 0;
005F98 : 0;
005F99 : 0;
005F9A : 0;
005F9B : 0;
005F9C : 0;
005F9D : 0;
005F9E : 0;
005F9F : 0;
005FA0 : 0;
005FA1 : 0;
005FA2 : 0;
005FA3 : 0;
005FA4 : 0;
005FA5 : 0;
005FA6 : 0;
005FA7 : 0;
005FA8 : 0;
005FA9 : 0;
005FAA : 0;
005FAB : 0;
005FAC : 0;
005FAD : 0;
005FAE : 0;
005FAF : 0;
005FB0 : 0;
005FB1 : 0;
005FB2 : 0;
005FB3 : 2;
005FB4 : 2;
005FB5 : 2;
005FB6 : 0;
005FB7 : 0;
005FB8 : 0;
005FB9 : 0;
005FBA : 0;
005FBB : 0;
005FBC : 0;
005FBD : 0;
005FBE : 0;
005FBF : 0;
005FC0 : 0;
005FC1 : 0;
005FC2 : 0;
005FC3 : 0;
005FC4 : 0;
005FC5 : 0;
005FC6 : 0;
005FC7 : 0;
005FC8 : 0;
005FC9 : 0;
005FCA : 0;
005FCB : 0;
005FCC : 0;
005FCD : 0;
005FCE : 0;
005FCF : 0;
005FD0 : 0;
005FD1 : 0;
005FD2 : 0;
005FD3 : 0;
005FD4 : 0;
005FD5 : 0;
005FD6 : 0;
005FD7 : 0;
005FD8 : 0;
005FD9 : 0;
005FDA : 0;
005FDB : 0;
005FDC : 0;
005FDD : 2;
005FDE : 2;
005FDF : 2;
005FE0 : 2;
005FE1 : 0;
005FE2 : 0;
005FE3 : 0;
005FE4 : 0;
005FE5 : 0;
005FE6 : 0;
005FE7 : 0;
005FE8 : 0;
005FE9 : 0;
005FEA : 3;
005FEB : 3;
005FEC : 3;
005FED : 3;
005FEE : 3;
005FEF : 3;
005FF0 : 3;
005FF1 : 3;
005FF2 : 3;
005FF3 : 3;
005FF4 : 0;
005FF5 : 0;
005FF6 : 0;
005FF7 : 0;
005FF8 : 0;
005FF9 : 0;
005FFA : 0;
005FFB : 0;
005FFC : 0;
005FFD : 0;
005FFE : 0;
005FFF : 0;
006000 : 0;
006001 : 0;
006002 : 0;
006003 : 0;
006004 : 0;
006005 : 0;
006006 : 0;
006007 : 0;
006008 : 0;
006009 : 0;
00600A : 0;
00600B : 0;
00600C : 0;
00600D : 0;
00600E : 0;
00600F : 0;
006010 : 0;
006011 : 0;
006012 : 0;
006013 : 0;
006014 : 0;
006015 : 0;
006016 : 0;
006017 : 0;
006018 : 0;
006019 : 0;
00601A : 0;
00601B : 0;
00601C : 0;
00601D : 0;
00601E : 0;
00601F : 0;
006020 : 0;
006021 : 0;
006022 : 0;
006023 : 0;
006024 : 0;
006025 : 0;
006026 : 0;
006027 : 0;
006028 : 0;
006029 : 0;
00602A : 0;
00602B : 0;
00602C : 0;
00602D : 0;
00602E : 0;
00602F : 0;
006030 : 0;
006031 : 0;
006032 : 0;
006033 : 0;
006034 : 0;
006035 : 0;
006036 : 0;
006037 : 0;
006038 : 0;
006039 : 0;
00603A : 0;
00603B : 0;
00603C : 0;
00603D : 0;
00603E : 3;
00603F : 3;
006040 : 3;
006041 : 3;
006042 : 3;
006043 : 3;
006044 : 3;
006045 : 3;
006046 : 3;
006047 : 3;
006048 : 3;
006049 : 0;
00604A : 0;
00604B : 0;
00604C : 0;
00604D : 0;
00604E : 0;
00604F : 0;
006050 : 0;
006051 : 2;
006052 : 2;
006053 : 2;
006054 : 2;
006055 : 0;
006056 : 0;
006057 : 0;
006058 : 0;
006059 : 0;
00605A : 0;
00605B : 0;
00605C : 0;
00605D : 0;
00605E : 0;
00605F : 0;
006060 : 0;
006061 : 0;
006062 : 0;
006063 : 0;
006064 : 0;
006065 : 0;
006066 : 0;
006067 : 0;
006068 : 0;
006069 : 0;
00606A : 0;
00606B : 0;
00606C : 0;
00606D : 0;
00606E : 0;
00606F : 0;
006070 : 0;
006071 : 0;
006072 : 0;
006073 : 0;
006074 : 0;
006075 : 0;
006076 : 0;
006077 : 0;
006078 : 0;
006079 : 0;
00607A : 0;
00607B : 2;
00607C : 2;
00607D : 2;
00607E : 0;
00607F : 0;
006080 : 0;
006081 : 0;
006082 : 0;
006083 : 0;
006084 : 0;
006085 : 0;
006086 : 0;
006087 : 0;
006088 : 0;
006089 : 0;
00608A : 0;
00608B : 0;
00608C : 0;
00608D : 0;
00608E : 0;
00608F : 0;
006090 : 0;
006091 : 0;
006092 : 0;
006093 : 0;
006094 : 0;
006095 : 0;
006096 : 0;
006097 : 0;
006098 : 0;
006099 : 0;
00609A : 0;
00609B : 0;
00609C : 0;
00609D : 0;
00609E : 0;
00609F : 0;
0060A0 : 0;
0060A1 : 0;
0060A2 : 0;
0060A3 : 0;
0060A4 : 0;
0060A5 : 2;
0060A6 : 2;
0060A7 : 2;
0060A8 : 0;
0060A9 : 0;
0060AA : 0;
0060AB : 0;
0060AC : 0;
0060AD : 0;
0060AE : 0;
0060AF : 0;
0060B0 : 0;
0060B1 : 3;
0060B2 : 3;
0060B3 : 3;
0060B4 : 3;
0060B5 : 3;
0060B6 : 3;
0060B7 : 3;
0060B8 : 3;
0060B9 : 3;
0060BA : 3;
0060BB : 0;
0060BC : 0;
0060BD : 0;
0060BE : 0;
0060BF : 0;
0060C0 : 0;
0060C1 : 0;
0060C2 : 0;
0060C3 : 0;
0060C4 : 0;
0060C5 : 0;
0060C6 : 0;
0060C7 : 0;
0060C8 : 0;
0060C9 : 0;
0060CA : 0;
0060CB : 0;
0060CC : 0;
0060CD : 0;
0060CE : 0;
0060CF : 0;
0060D0 : 0;
0060D1 : 0;
0060D2 : 0;
0060D3 : 0;
0060D4 : 0;
0060D5 : 0;
0060D6 : 0;
0060D7 : 0;
0060D8 : 0;
0060D9 : 0;
0060DA : 0;
0060DB : 0;
0060DC : 0;
0060DD : 0;
0060DE : 0;
0060DF : 0;
0060E0 : 0;
0060E1 : 0;
0060E2 : 0;
0060E3 : 0;
0060E4 : 0;
0060E5 : 0;
0060E6 : 0;
0060E7 : 0;
0060E8 : 0;
0060E9 : 0;
0060EA : 0;
0060EB : 0;
0060EC : 0;
0060ED : 0;
0060EE : 0;
0060EF : 0;
0060F0 : 0;
0060F1 : 0;
0060F2 : 0;
0060F3 : 0;
0060F4 : 0;
0060F5 : 0;
0060F6 : 0;
0060F7 : 0;
0060F8 : 0;
0060F9 : 0;
0060FA : 0;
0060FB : 0;
0060FC : 0;
0060FD : 0;
0060FE : 0;
0060FF : 0;
006100 : 0;
006101 : 0;
006102 : 0;
006103 : 0;
006104 : 0;
006105 : 0;
006106 : 3;
006107 : 3;
006108 : 3;
006109 : 3;
00610A : 3;
00610B : 3;
00610C : 3;
00610D : 3;
00610E : 3;
00610F : 3;
006110 : 3;
006111 : 3;
006112 : 0;
006113 : 0;
006114 : 0;
006115 : 0;
006116 : 0;
006117 : 0;
006118 : 0;
006119 : 0;
00611A : 2;
00611B : 2;
00611C : 2;
00611D : 0;
00611E : 0;
00611F : 0;
006120 : 0;
006121 : 0;
006122 : 0;
006123 : 0;
006124 : 0;
006125 : 0;
006126 : 0;
006127 : 0;
006128 : 0;
006129 : 0;
00612A : 0;
00612B : 0;
00612C : 0;
00612D : 0;
00612E : 0;
00612F : 0;
006130 : 0;
006131 : 0;
006132 : 0;
006133 : 0;
006134 : 0;
006135 : 0;
006136 : 0;
006137 : 0;
006138 : 0;
006139 : 0;
00613A : 0;
00613B : 0;
00613C : 0;
00613D : 0;
00613E : 0;
00613F : 0;
006140 : 0;
006141 : 0;
006142 : 0;
006143 : 2;
006144 : 2;
006145 : 2;
006146 : 0;
006147 : 0;
006148 : 0;
006149 : 0;
00614A : 0;
00614B : 0;
00614C : 0;
00614D : 0;
00614E : 0;
00614F : 0;
006150 : 0;
006151 : 0;
006152 : 0;
006153 : 0;
006154 : 0;
006155 : 0;
006156 : 0;
006157 : 0;
006158 : 0;
006159 : 0;
00615A : 0;
00615B : 0;
00615C : 0;
00615D : 0;
00615E : 0;
00615F : 0;
006160 : 0;
006161 : 0;
006162 : 0;
006163 : 0;
006164 : 0;
006165 : 0;
006166 : 0;
006167 : 0;
006168 : 0;
006169 : 0;
00616A : 0;
00616B : 0;
00616C : 2;
00616D : 2;
00616E : 2;
00616F : 2;
006170 : 0;
006171 : 0;
006172 : 0;
006173 : 0;
006174 : 0;
006175 : 0;
006176 : 0;
006177 : 0;
006178 : 0;
006179 : 3;
00617A : 3;
00617B : 3;
00617C : 3;
00617D : 3;
00617E : 3;
00617F : 3;
006180 : 3;
006181 : 3;
006182 : 3;
006183 : 0;
006184 : 0;
006185 : 0;
006186 : 0;
006187 : 0;
006188 : 0;
006189 : 0;
00618A : 0;
00618B : 0;
00618C : 0;
00618D : 0;
00618E : 0;
00618F : 0;
006190 : 0;
006191 : 0;
006192 : 0;
006193 : 0;
006194 : 0;
006195 : 0;
006196 : 0;
006197 : 0;
006198 : 0;
006199 : 0;
00619A : 0;
00619B : 0;
00619C : 0;
00619D : 0;
00619E : 0;
00619F : 0;
0061A0 : 0;
0061A1 : 0;
0061A2 : 0;
0061A3 : 0;
0061A4 : 0;
0061A5 : 0;
0061A6 : 0;
0061A7 : 0;
0061A8 : 0;
0061A9 : 0;
0061AA : 0;
0061AB : 0;
0061AC : 0;
0061AD : 0;
0061AE : 0;
0061AF : 0;
0061B0 : 0;
0061B1 : 0;
0061B2 : 0;
0061B3 : 0;
0061B4 : 0;
0061B5 : 0;
0061B6 : 0;
0061B7 : 0;
0061B8 : 0;
0061B9 : 0;
0061BA : 0;
0061BB : 0;
0061BC : 0;
0061BD : 0;
0061BE : 0;
0061BF : 0;
0061C0 : 0;
0061C1 : 0;
0061C2 : 0;
0061C3 : 0;
0061C4 : 0;
0061C5 : 0;
0061C6 : 0;
0061C7 : 0;
0061C8 : 0;
0061C9 : 0;
0061CA : 0;
0061CB : 0;
0061CC : 0;
0061CD : 0;
0061CE : 0;
0061CF : 3;
0061D0 : 3;
0061D1 : 3;
0061D2 : 3;
0061D3 : 3;
0061D4 : 3;
0061D5 : 3;
0061D6 : 3;
0061D7 : 3;
0061D8 : 3;
0061D9 : 3;
0061DA : 0;
0061DB : 0;
0061DC : 0;
0061DD : 0;
0061DE : 0;
0061DF : 0;
0061E0 : 0;
0061E1 : 0;
0061E2 : 2;
0061E3 : 2;
0061E4 : 2;
0061E5 : 2;
0061E6 : 0;
0061E7 : 0;
0061E8 : 0;
0061E9 : 0;
0061EA : 0;
0061EB : 0;
0061EC : 0;
0061ED : 0;
0061EE : 0;
0061EF : 0;
0061F0 : 0;
0061F1 : 0;
0061F2 : 0;
0061F3 : 0;
0061F4 : 0;
0061F5 : 0;
0061F6 : 0;
0061F7 : 0;
0061F8 : 0;
0061F9 : 0;
0061FA : 0;
0061FB : 0;
0061FC : 0;
0061FD : 0;
0061FE : 0;
0061FF : 0;
006200 : 0;
006201 : 0;
006202 : 0;
006203 : 0;
006204 : 0;
006205 : 0;
006206 : 0;
006207 : 0;
006208 : 0;
006209 : 0;
00620A : 0;
00620B : 2;
00620C : 2;
00620D : 2;
00620E : 0;
00620F : 0;
006210 : 0;
006211 : 0;
006212 : 0;
006213 : 0;
006214 : 0;
006215 : 0;
006216 : 0;
006217 : 0;
006218 : 0;
006219 : 0;
00621A : 0;
00621B : 0;
00621C : 0;
00621D : 0;
00621E : 0;
00621F : 0;
006220 : 0;
006221 : 0;
006222 : 0;
006223 : 0;
006224 : 0;
006225 : 0;
006226 : 0;
006227 : 0;
006228 : 0;
006229 : 0;
00622A : 0;
00622B : 0;
00622C : 0;
00622D : 0;
00622E : 0;
00622F : 0;
006230 : 0;
006231 : 0;
006232 : 0;
006233 : 2;
006234 : 2;
006235 : 2;
006236 : 2;
006237 : 0;
006238 : 0;
006239 : 0;
00623A : 0;
00623B : 0;
00623C : 0;
00623D : 0;
00623E : 0;
00623F : 0;
006240 : 3;
006241 : 3;
006242 : 3;
006243 : 3;
006244 : 3;
006245 : 3;
006246 : 3;
006247 : 3;
006248 : 3;
006249 : 3;
00624A : 3;
00624B : 0;
00624C : 0;
00624D : 0;
00624E : 0;
00624F : 0;
006250 : 0;
006251 : 0;
006252 : 0;
006253 : 0;
006254 : 0;
006255 : 0;
006256 : 0;
006257 : 0;
006258 : 0;
006259 : 0;
00625A : 0;
00625B : 0;
00625C : 0;
00625D : 0;
00625E : 0;
00625F : 0;
006260 : 0;
006261 : 0;
006262 : 0;
006263 : 0;
006264 : 0;
006265 : 0;
006266 : 0;
006267 : 0;
006268 : 0;
006269 : 0;
00626A : 0;
00626B : 0;
00626C : 0;
00626D : 0;
00626E : 0;
00626F : 0;
006270 : 0;
006271 : 0;
006272 : 0;
006273 : 0;
006274 : 0;
006275 : 0;
006276 : 0;
006277 : 0;
006278 : 0;
006279 : 0;
00627A : 0;
00627B : 0;
00627C : 0;
00627D : 0;
00627E : 0;
00627F : 0;
006280 : 0;
006281 : 0;
006282 : 0;
006283 : 0;
006284 : 0;
006285 : 0;
006286 : 0;
006287 : 0;
006288 : 0;
006289 : 0;
00628A : 0;
00628B : 0;
00628C : 0;
00628D : 0;
00628E : 0;
00628F : 0;
006290 : 0;
006291 : 0;
006292 : 0;
006293 : 0;
006294 : 0;
006295 : 0;
006296 : 0;
006297 : 3;
006298 : 3;
006299 : 3;
00629A : 3;
00629B : 3;
00629C : 3;
00629D : 3;
00629E : 3;
00629F : 3;
0062A0 : 3;
0062A1 : 3;
0062A2 : 3;
0062A3 : 0;
0062A4 : 0;
0062A5 : 0;
0062A6 : 0;
0062A7 : 0;
0062A8 : 0;
0062A9 : 0;
0062AA : 0;
0062AB : 2;
0062AC : 2;
0062AD : 2;
0062AE : 2;
0062AF : 0;
0062B0 : 0;
0062B1 : 0;
0062B2 : 0;
0062B3 : 0;
0062B4 : 0;
0062B5 : 0;
0062B6 : 0;
0062B7 : 0;
0062B8 : 0;
0062B9 : 0;
0062BA : 0;
0062BB : 0;
0062BC : 0;
0062BD : 0;
0062BE : 0;
0062BF : 0;
0062C0 : 0;
0062C1 : 0;
0062C2 : 0;
0062C3 : 0;
0062C4 : 0;
0062C5 : 0;
0062C6 : 0;
0062C7 : 0;
0062C8 : 0;
0062C9 : 0;
0062CA : 0;
0062CB : 0;
0062CC : 0;
0062CD : 0;
0062CE : 0;
0062CF : 2;
0062D0 : 2;
0062D1 : 2;
0062D2 : 0;
0062D3 : 2;
0062D4 : 2;
0062D5 : 2;
0062D6 : 2;
0062D7 : 2;
0062D8 : 2;
0062D9 : 0;
0062DA : 0;
0062DB : 0;
0062DC : 0;
0062DD : 0;
0062DE : 0;
0062DF : 0;
0062E0 : 0;
0062E1 : 0;
0062E2 : 0;
0062E3 : 0;
0062E4 : 0;
0062E5 : 0;
0062E6 : 0;
0062E7 : 0;
0062E8 : 0;
0062E9 : 0;
0062EA : 0;
0062EB : 0;
0062EC : 0;
0062ED : 0;
0062EE : 0;
0062EF : 0;
0062F0 : 0;
0062F1 : 0;
0062F2 : 0;
0062F3 : 0;
0062F4 : 0;
0062F5 : 0;
0062F6 : 0;
0062F7 : 0;
0062F8 : 0;
0062F9 : 0;
0062FA : 0;
0062FB : 2;
0062FC : 2;
0062FD : 2;
0062FE : 0;
0062FF : 0;
006300 : 0;
006301 : 0;
006302 : 0;
006303 : 0;
006304 : 0;
006305 : 0;
006306 : 0;
006307 : 0;
006308 : 3;
006309 : 3;
00630A : 3;
00630B : 3;
00630C : 3;
00630D : 3;
00630E : 3;
00630F : 3;
006310 : 3;
006311 : 3;
006312 : 0;
006313 : 0;
006314 : 0;
006315 : 0;
006316 : 0;
006317 : 0;
006318 : 0;
006319 : 0;
00631A : 0;
00631B : 0;
00631C : 0;
00631D : 0;
00631E : 0;
00631F : 0;
006320 : 0;
006321 : 0;
006322 : 0;
006323 : 0;
006324 : 0;
006325 : 0;
006326 : 0;
006327 : 0;
006328 : 0;
006329 : 0;
00632A : 0;
00632B : 0;
00632C : 0;
00632D : 0;
00632E : 0;
00632F : 0;
006330 : 0;
006331 : 0;
006332 : 0;
006333 : 0;
006334 : 0;
006335 : 0;
006336 : 0;
006337 : 0;
006338 : 0;
006339 : 0;
00633A : 0;
00633B : 0;
00633C : 0;
00633D : 0;
00633E : 0;
00633F : 0;
006340 : 0;
006341 : 0;
006342 : 0;
006343 : 0;
006344 : 0;
006345 : 0;
006346 : 0;
006347 : 0;
006348 : 0;
006349 : 0;
00634A : 0;
00634B : 0;
00634C : 0;
00634D : 0;
00634E : 0;
00634F : 0;
006350 : 0;
006351 : 0;
006352 : 0;
006353 : 0;
006354 : 0;
006355 : 0;
006356 : 0;
006357 : 0;
006358 : 0;
006359 : 0;
00635A : 0;
00635B : 0;
00635C : 0;
00635D : 0;
00635E : 0;
00635F : 0;
006360 : 3;
006361 : 3;
006362 : 3;
006363 : 3;
006364 : 3;
006365 : 3;
006366 : 3;
006367 : 3;
006368 : 3;
006369 : 3;
00636A : 3;
00636B : 0;
00636C : 0;
00636D : 0;
00636E : 0;
00636F : 0;
006370 : 0;
006371 : 0;
006372 : 0;
006373 : 3;
006374 : 2;
006375 : 2;
006376 : 2;
006377 : 0;
006378 : 0;
006379 : 0;
00637A : 0;
00637B : 0;
00637C : 0;
00637D : 0;
00637E : 0;
00637F : 0;
006380 : 0;
006381 : 0;
006382 : 0;
006383 : 0;
006384 : 0;
006385 : 0;
006386 : 0;
006387 : 0;
006388 : 0;
006389 : 0;
00638A : 0;
00638B : 0;
00638C : 0;
00638D : 0;
00638E : 0;
00638F : 0;
006390 : 0;
006391 : 0;
006392 : 0;
006393 : 0;
006394 : 0;
006395 : 0;
006396 : 2;
006397 : 2;
006398 : 2;
006399 : 2;
00639A : 2;
00639B : 2;
00639C : 2;
00639D : 2;
00639E : 2;
00639F : 2;
0063A0 : 2;
0063A1 : 2;
0063A2 : 0;
0063A3 : 0;
0063A4 : 0;
0063A5 : 0;
0063A6 : 0;
0063A7 : 0;
0063A8 : 0;
0063A9 : 0;
0063AA : 0;
0063AB : 0;
0063AC : 0;
0063AD : 0;
0063AE : 0;
0063AF : 0;
0063B0 : 0;
0063B1 : 0;
0063B2 : 0;
0063B3 : 0;
0063B4 : 0;
0063B5 : 0;
0063B6 : 0;
0063B7 : 0;
0063B8 : 0;
0063B9 : 0;
0063BA : 0;
0063BB : 0;
0063BC : 0;
0063BD : 0;
0063BE : 0;
0063BF : 0;
0063C0 : 0;
0063C1 : 0;
0063C2 : 2;
0063C3 : 2;
0063C4 : 2;
0063C5 : 2;
0063C6 : 0;
0063C7 : 0;
0063C8 : 0;
0063C9 : 0;
0063CA : 0;
0063CB : 0;
0063CC : 0;
0063CD : 0;
0063CE : 0;
0063CF : 3;
0063D0 : 3;
0063D1 : 3;
0063D2 : 3;
0063D3 : 3;
0063D4 : 3;
0063D5 : 3;
0063D6 : 3;
0063D7 : 3;
0063D8 : 3;
0063D9 : 3;
0063DA : 0;
0063DB : 0;
0063DC : 0;
0063DD : 0;
0063DE : 0;
0063DF : 0;
0063E0 : 0;
0063E1 : 0;
0063E2 : 0;
0063E3 : 0;
0063E4 : 0;
0063E5 : 0;
0063E6 : 0;
0063E7 : 0;
0063E8 : 0;
0063E9 : 0;
0063EA : 0;
0063EB : 0;
0063EC : 0;
0063ED : 0;
0063EE : 0;
0063EF : 0;
0063F0 : 0;
0063F1 : 0;
0063F2 : 0;
0063F3 : 0;
0063F4 : 0;
0063F5 : 0;
0063F6 : 0;
0063F7 : 0;
0063F8 : 0;
0063F9 : 0;
0063FA : 0;
0063FB : 0;
0063FC : 0;
0063FD : 0;
0063FE : 0;
0063FF : 0;
006400 : 0;
006401 : 0;
006402 : 0;
006403 : 0;
006404 : 0;
006405 : 0;
006406 : 0;
006407 : 0;
006408 : 0;
006409 : 0;
00640A : 0;
00640B : 0;
00640C : 0;
00640D : 0;
00640E : 0;
00640F : 0;
006410 : 0;
006411 : 0;
006412 : 0;
006413 : 0;
006414 : 0;
006415 : 0;
006416 : 0;
006417 : 0;
006418 : 0;
006419 : 0;
00641A : 0;
00641B : 0;
00641C : 0;
00641D : 0;
00641E : 0;
00641F : 0;
006420 : 0;
006421 : 0;
006422 : 0;
006423 : 0;
006424 : 0;
006425 : 0;
006426 : 0;
006427 : 0;
006428 : 3;
006429 : 3;
00642A : 3;
00642B : 3;
00642C : 3;
00642D : 3;
00642E : 3;
00642F : 3;
006430 : 3;
006431 : 3;
006432 : 3;
006433 : 3;
006434 : 0;
006435 : 0;
006436 : 0;
006437 : 0;
006438 : 0;
006439 : 0;
00643A : 0;
00643B : 0;
00643C : 2;
00643D : 2;
00643E : 2;
00643F : 2;
006440 : 0;
006441 : 0;
006442 : 0;
006443 : 0;
006444 : 0;
006445 : 0;
006446 : 0;
006447 : 0;
006448 : 0;
006449 : 0;
00644A : 0;
00644B : 0;
00644C : 0;
00644D : 0;
00644E : 0;
00644F : 0;
006450 : 0;
006451 : 0;
006452 : 0;
006453 : 0;
006454 : 0;
006455 : 0;
006456 : 0;
006457 : 0;
006458 : 0;
006459 : 0;
00645A : 0;
00645B : 0;
00645C : 0;
00645D : 0;
00645E : 2;
00645F : 2;
006460 : 2;
006461 : 2;
006462 : 2;
006463 : 2;
006464 : 2;
006465 : 2;
006466 : 2;
006467 : 2;
006468 : 2;
006469 : 2;
00646A : 0;
00646B : 0;
00646C : 0;
00646D : 0;
00646E : 0;
00646F : 0;
006470 : 0;
006471 : 0;
006472 : 0;
006473 : 0;
006474 : 0;
006475 : 0;
006476 : 0;
006477 : 0;
006478 : 0;
006479 : 0;
00647A : 0;
00647B : 0;
00647C : 0;
00647D : 0;
00647E : 0;
00647F : 0;
006480 : 0;
006481 : 0;
006482 : 0;
006483 : 0;
006484 : 0;
006485 : 0;
006486 : 0;
006487 : 0;
006488 : 0;
006489 : 2;
00648A : 2;
00648B : 2;
00648C : 2;
00648D : 0;
00648E : 0;
00648F : 0;
006490 : 0;
006491 : 0;
006492 : 0;
006493 : 0;
006494 : 0;
006495 : 0;
006496 : 0;
006497 : 3;
006498 : 3;
006499 : 3;
00649A : 3;
00649B : 3;
00649C : 3;
00649D : 3;
00649E : 3;
00649F : 3;
0064A0 : 3;
0064A1 : 0;
0064A2 : 0;
0064A3 : 0;
0064A4 : 0;
0064A5 : 0;
0064A6 : 0;
0064A7 : 0;
0064A8 : 0;
0064A9 : 0;
0064AA : 0;
0064AB : 0;
0064AC : 0;
0064AD : 0;
0064AE : 0;
0064AF : 0;
0064B0 : 0;
0064B1 : 0;
0064B2 : 0;
0064B3 : 0;
0064B4 : 0;
0064B5 : 0;
0064B6 : 0;
0064B7 : 0;
0064B8 : 0;
0064B9 : 0;
0064BA : 0;
0064BB : 0;
0064BC : 0;
0064BD : 0;
0064BE : 0;
0064BF : 0;
0064C0 : 0;
0064C1 : 0;
0064C2 : 0;
0064C3 : 0;
0064C4 : 0;
0064C5 : 0;
0064C6 : 0;
0064C7 : 0;
0064C8 : 0;
0064C9 : 0;
0064CA : 0;
0064CB : 0;
0064CC : 0;
0064CD : 0;
0064CE : 0;
0064CF : 0;
0064D0 : 0;
0064D1 : 0;
0064D2 : 0;
0064D3 : 0;
0064D4 : 0;
0064D5 : 0;
0064D6 : 0;
0064D7 : 0;
0064D8 : 0;
0064D9 : 0;
0064DA : 0;
0064DB : 0;
0064DC : 0;
0064DD : 0;
0064DE : 0;
0064DF : 0;
0064E0 : 0;
0064E1 : 0;
0064E2 : 0;
0064E3 : 0;
0064E4 : 0;
0064E5 : 0;
0064E6 : 0;
0064E7 : 0;
0064E8 : 0;
0064E9 : 0;
0064EA : 0;
0064EB : 0;
0064EC : 0;
0064ED : 0;
0064EE : 0;
0064EF : 0;
0064F0 : 0;
0064F1 : 3;
0064F2 : 3;
0064F3 : 3;
0064F4 : 3;
0064F5 : 3;
0064F6 : 3;
0064F7 : 3;
0064F8 : 3;
0064F9 : 3;
0064FA : 3;
0064FB : 3;
0064FC : 0;
0064FD : 0;
0064FE : 0;
0064FF : 0;
006500 : 0;
006501 : 0;
006502 : 0;
006503 : 0;
006504 : 0;
006505 : 2;
006506 : 2;
006507 : 2;
006508 : 2;
006509 : 0;
00650A : 0;
00650B : 0;
00650C : 0;
00650D : 0;
00650E : 0;
00650F : 0;
006510 : 0;
006511 : 0;
006512 : 0;
006513 : 0;
006514 : 0;
006515 : 0;
006516 : 0;
006517 : 0;
006518 : 0;
006519 : 0;
00651A : 0;
00651B : 0;
00651C : 0;
00651D : 0;
00651E : 0;
00651F : 0;
006520 : 0;
006521 : 0;
006522 : 0;
006523 : 0;
006524 : 0;
006525 : 0;
006526 : 0;
006527 : 2;
006528 : 2;
006529 : 2;
00652A : 3;
00652B : 2;
00652C : 2;
00652D : 2;
00652E : 2;
00652F : 2;
006530 : 2;
006531 : 2;
006532 : 0;
006533 : 0;
006534 : 0;
006535 : 0;
006536 : 0;
006537 : 0;
006538 : 0;
006539 : 0;
00653A : 0;
00653B : 0;
00653C : 0;
00653D : 0;
00653E : 0;
00653F : 0;
006540 : 0;
006541 : 0;
006542 : 0;
006543 : 0;
006544 : 0;
006545 : 0;
006546 : 0;
006547 : 0;
006548 : 0;
006549 : 0;
00654A : 0;
00654B : 0;
00654C : 0;
00654D : 0;
00654E : 0;
00654F : 0;
006550 : 2;
006551 : 2;
006552 : 2;
006553 : 2;
006554 : 0;
006555 : 0;
006556 : 0;
006557 : 0;
006558 : 0;
006559 : 0;
00655A : 0;
00655B : 0;
00655C : 0;
00655D : 0;
00655E : 3;
00655F : 3;
006560 : 3;
006561 : 3;
006562 : 3;
006563 : 3;
006564 : 3;
006565 : 3;
006566 : 3;
006567 : 3;
006568 : 3;
006569 : 0;
00656A : 0;
00656B : 0;
00656C : 0;
00656D : 0;
00656E : 0;
00656F : 0;
006570 : 0;
006571 : 0;
006572 : 0;
006573 : 0;
006574 : 0;
006575 : 0;
006576 : 0;
006577 : 0;
006578 : 0;
006579 : 0;
00657A : 0;
00657B : 0;
00657C : 0;
00657D : 0;
00657E : 0;
00657F : 0;
006580 : 0;
006581 : 0;
006582 : 0;
006583 : 0;
006584 : 0;
006585 : 0;
006586 : 0;
006587 : 0;
006588 : 0;
006589 : 0;
00658A : 0;
00658B : 0;
00658C : 0;
00658D : 0;
00658E : 0;
00658F : 0;
006590 : 0;
006591 : 0;
006592 : 0;
006593 : 0;
006594 : 0;
006595 : 0;
006596 : 0;
006597 : 0;
006598 : 0;
006599 : 0;
00659A : 0;
00659B : 0;
00659C : 0;
00659D : 0;
00659E : 0;
00659F : 0;
0065A0 : 0;
0065A1 : 0;
0065A2 : 0;
0065A3 : 0;
0065A4 : 0;
0065A5 : 0;
0065A6 : 0;
0065A7 : 0;
0065A8 : 0;
0065A9 : 0;
0065AA : 0;
0065AB : 0;
0065AC : 0;
0065AD : 0;
0065AE : 0;
0065AF : 0;
0065B0 : 0;
0065B1 : 0;
0065B2 : 0;
0065B3 : 0;
0065B4 : 0;
0065B5 : 0;
0065B6 : 0;
0065B7 : 0;
0065B8 : 0;
0065B9 : 3;
0065BA : 3;
0065BB : 3;
0065BC : 3;
0065BD : 3;
0065BE : 3;
0065BF : 3;
0065C0 : 3;
0065C1 : 3;
0065C2 : 3;
0065C3 : 3;
0065C4 : 3;
0065C5 : 0;
0065C6 : 0;
0065C7 : 0;
0065C8 : 0;
0065C9 : 0;
0065CA : 0;
0065CB : 0;
0065CC : 0;
0065CD : 0;
0065CE : 2;
0065CF : 2;
0065D0 : 2;
0065D1 : 2;
0065D2 : 0;
0065D3 : 0;
0065D4 : 0;
0065D5 : 0;
0065D6 : 0;
0065D7 : 0;
0065D8 : 0;
0065D9 : 0;
0065DA : 0;
0065DB : 0;
0065DC : 0;
0065DD : 0;
0065DE : 0;
0065DF : 0;
0065E0 : 0;
0065E1 : 0;
0065E2 : 0;
0065E3 : 0;
0065E4 : 0;
0065E5 : 0;
0065E6 : 0;
0065E7 : 0;
0065E8 : 0;
0065E9 : 0;
0065EA : 0;
0065EB : 0;
0065EC : 0;
0065ED : 0;
0065EE : 0;
0065EF : 0;
0065F0 : 0;
0065F1 : 0;
0065F2 : 0;
0065F3 : 2;
0065F4 : 2;
0065F5 : 2;
0065F6 : 0;
0065F7 : 0;
0065F8 : 0;
0065F9 : 0;
0065FA : 0;
0065FB : 0;
0065FC : 0;
0065FD : 0;
0065FE : 0;
0065FF : 0;
006600 : 0;
006601 : 0;
006602 : 0;
006603 : 0;
006604 : 0;
006605 : 0;
006606 : 0;
006607 : 0;
006608 : 0;
006609 : 0;
00660A : 0;
00660B : 0;
00660C : 0;
00660D : 0;
00660E : 0;
00660F : 0;
006610 : 0;
006611 : 0;
006612 : 0;
006613 : 0;
006614 : 0;
006615 : 0;
006616 : 0;
006617 : 3;
006618 : 2;
006619 : 2;
00661A : 2;
00661B : 2;
00661C : 0;
00661D : 0;
00661E : 0;
00661F : 0;
006620 : 0;
006621 : 0;
006622 : 0;
006623 : 0;
006624 : 0;
006625 : 0;
006626 : 3;
006627 : 3;
006628 : 3;
006629 : 3;
00662A : 3;
00662B : 3;
00662C : 3;
00662D : 3;
00662E : 3;
00662F : 3;
006630 : 0;
006631 : 0;
006632 : 0;
006633 : 0;
006634 : 0;
006635 : 0;
006636 : 0;
006637 : 0;
006638 : 0;
006639 : 0;
00663A : 0;
00663B : 0;
00663C : 0;
00663D : 0;
00663E : 0;
00663F : 0;
006640 : 0;
006641 : 0;
006642 : 0;
006643 : 0;
006644 : 0;
006645 : 0;
006646 : 0;
006647 : 0;
006648 : 0;
006649 : 0;
00664A : 0;
00664B : 0;
00664C : 0;
00664D : 0;
00664E : 0;
00664F : 0;
006650 : 0;
006651 : 0;
006652 : 0;
006653 : 0;
006654 : 0;
006655 : 0;
006656 : 0;
006657 : 0;
006658 : 0;
006659 : 0;
00665A : 0;
00665B : 0;
00665C : 0;
00665D : 0;
00665E : 0;
00665F : 0;
006660 : 0;
006661 : 0;
006662 : 0;
006663 : 0;
006664 : 0;
006665 : 0;
006666 : 0;
006667 : 0;
006668 : 0;
006669 : 0;
00666A : 0;
00666B : 0;
00666C : 0;
00666D : 0;
00666E : 0;
00666F : 0;
006670 : 0;
006671 : 0;
006672 : 0;
006673 : 0;
006674 : 0;
006675 : 0;
006676 : 0;
006677 : 0;
006678 : 0;
006679 : 0;
00667A : 0;
00667B : 0;
00667C : 0;
00667D : 0;
00667E : 0;
00667F : 0;
006680 : 0;
006681 : 0;
006682 : 3;
006683 : 3;
006684 : 3;
006685 : 3;
006686 : 3;
006687 : 3;
006688 : 3;
006689 : 3;
00668A : 3;
00668B : 3;
00668C : 3;
00668D : 3;
00668E : 0;
00668F : 0;
006690 : 0;
006691 : 0;
006692 : 0;
006693 : 0;
006694 : 0;
006695 : 0;
006696 : 3;
006697 : 2;
006698 : 2;
006699 : 2;
00669A : 2;
00669B : 0;
00669C : 0;
00669D : 0;
00669E : 0;
00669F : 0;
0066A0 : 0;
0066A1 : 0;
0066A2 : 0;
0066A3 : 0;
0066A4 : 0;
0066A5 : 0;
0066A6 : 0;
0066A7 : 0;
0066A8 : 0;
0066A9 : 0;
0066AA : 0;
0066AB : 0;
0066AC : 0;
0066AD : 0;
0066AE : 0;
0066AF : 0;
0066B0 : 0;
0066B1 : 0;
0066B2 : 0;
0066B3 : 0;
0066B4 : 0;
0066B5 : 0;
0066B6 : 0;
0066B7 : 0;
0066B8 : 0;
0066B9 : 0;
0066BA : 0;
0066BB : 2;
0066BC : 2;
0066BD : 2;
0066BE : 0;
0066BF : 0;
0066C0 : 0;
0066C1 : 0;
0066C2 : 0;
0066C3 : 0;
0066C4 : 0;
0066C5 : 0;
0066C6 : 0;
0066C7 : 0;
0066C8 : 0;
0066C9 : 0;
0066CA : 0;
0066CB : 0;
0066CC : 0;
0066CD : 0;
0066CE : 0;
0066CF : 0;
0066D0 : 0;
0066D1 : 0;
0066D2 : 0;
0066D3 : 0;
0066D4 : 0;
0066D5 : 0;
0066D6 : 0;
0066D7 : 0;
0066D8 : 0;
0066D9 : 0;
0066DA : 0;
0066DB : 0;
0066DC : 0;
0066DD : 0;
0066DE : 0;
0066DF : 2;
0066E0 : 2;
0066E1 : 2;
0066E2 : 2;
0066E3 : 0;
0066E4 : 0;
0066E5 : 0;
0066E6 : 0;
0066E7 : 0;
0066E8 : 0;
0066E9 : 0;
0066EA : 0;
0066EB : 0;
0066EC : 0;
0066ED : 3;
0066EE : 3;
0066EF : 3;
0066F0 : 3;
0066F1 : 3;
0066F2 : 3;
0066F3 : 3;
0066F4 : 3;
0066F5 : 3;
0066F6 : 3;
0066F7 : 3;
0066F8 : 0;
0066F9 : 0;
0066FA : 0;
0066FB : 0;
0066FC : 0;
0066FD : 0;
0066FE : 0;
0066FF : 0;
006700 : 0;
006701 : 0;
006702 : 0;
006703 : 0;
006704 : 0;
006705 : 0;
006706 : 0;
006707 : 0;
006708 : 0;
006709 : 0;
00670A : 0;
00670B : 0;
00670C : 0;
00670D : 0;
00670E : 0;
00670F : 0;
006710 : 0;
006711 : 0;
006712 : 0;
006713 : 0;
006714 : 0;
006715 : 0;
006716 : 0;
006717 : 0;
006718 : 0;
006719 : 0;
00671A : 0;
00671B : 0;
00671C : 0;
00671D : 0;
00671E : 0;
00671F : 0;
006720 : 0;
006721 : 0;
006722 : 0;
006723 : 0;
006724 : 0;
006725 : 0;
006726 : 0;
006727 : 0;
006728 : 0;
006729 : 0;
00672A : 0;
00672B : 0;
00672C : 0;
00672D : 0;
00672E : 0;
00672F : 0;
006730 : 0;
006731 : 0;
006732 : 0;
006733 : 0;
006734 : 0;
006735 : 0;
006736 : 0;
006737 : 0;
006738 : 0;
006739 : 0;
00673A : 0;
00673B : 0;
00673C : 0;
00673D : 0;
00673E : 0;
00673F : 0;
006740 : 0;
006741 : 0;
006742 : 0;
006743 : 0;
006744 : 0;
006745 : 0;
006746 : 0;
006747 : 0;
006748 : 0;
006749 : 0;
00674A : 3;
00674B : 3;
00674C : 3;
00674D : 3;
00674E : 3;
00674F : 3;
006750 : 3;
006751 : 3;
006752 : 3;
006753 : 3;
006754 : 3;
006755 : 3;
006756 : 0;
006757 : 0;
006758 : 0;
006759 : 0;
00675A : 0;
00675B : 0;
00675C : 0;
00675D : 0;
00675E : 0;
00675F : 2;
006760 : 2;
006761 : 2;
006762 : 2;
006763 : 2;
006764 : 0;
006765 : 0;
006766 : 0;
006767 : 0;
006768 : 0;
006769 : 0;
00676A : 0;
00676B : 0;
00676C : 0;
00676D : 0;
00676E : 0;
00676F : 0;
006770 : 0;
006771 : 0;
006772 : 0;
006773 : 0;
006774 : 0;
006775 : 0;
006776 : 0;
006777 : 0;
006778 : 0;
006779 : 0;
00677A : 0;
00677B : 0;
00677C : 0;
00677D : 0;
00677E : 0;
00677F : 0;
006780 : 0;
006781 : 0;
006782 : 0;
006783 : 2;
006784 : 2;
006785 : 2;
006786 : 0;
006787 : 0;
006788 : 0;
006789 : 0;
00678A : 0;
00678B : 0;
00678C : 0;
00678D : 0;
00678E : 0;
00678F : 0;
006790 : 0;
006791 : 0;
006792 : 0;
006793 : 0;
006794 : 0;
006795 : 0;
006796 : 0;
006797 : 0;
006798 : 0;
006799 : 0;
00679A : 0;
00679B : 0;
00679C : 0;
00679D : 0;
00679E : 0;
00679F : 0;
0067A0 : 0;
0067A1 : 0;
0067A2 : 0;
0067A3 : 0;
0067A4 : 0;
0067A5 : 0;
0067A6 : 2;
0067A7 : 2;
0067A8 : 2;
0067A9 : 2;
0067AA : 0;
0067AB : 0;
0067AC : 0;
0067AD : 0;
0067AE : 0;
0067AF : 0;
0067B0 : 0;
0067B1 : 0;
0067B2 : 0;
0067B3 : 0;
0067B4 : 3;
0067B5 : 3;
0067B6 : 3;
0067B7 : 3;
0067B8 : 3;
0067B9 : 3;
0067BA : 3;
0067BB : 3;
0067BC : 3;
0067BD : 3;
0067BE : 3;
0067BF : 0;
0067C0 : 0;
0067C1 : 0;
0067C2 : 0;
0067C3 : 0;
0067C4 : 0;
0067C5 : 0;
0067C6 : 0;
0067C7 : 0;
0067C8 : 0;
0067C9 : 0;
0067CA : 0;
0067CB : 0;
0067CC : 0;
0067CD : 0;
0067CE : 0;
0067CF : 0;
0067D0 : 0;
0067D1 : 0;
0067D2 : 0;
0067D3 : 0;
0067D4 : 0;
0067D5 : 0;
0067D6 : 0;
0067D7 : 0;
0067D8 : 0;
0067D9 : 0;
0067DA : 0;
0067DB : 0;
0067DC : 0;
0067DD : 0;
0067DE : 0;
0067DF : 0;
0067E0 : 0;
0067E1 : 0;
0067E2 : 0;
0067E3 : 0;
0067E4 : 0;
0067E5 : 0;
0067E6 : 0;
0067E7 : 0;
0067E8 : 0;
0067E9 : 0;
0067EA : 0;
0067EB : 0;
0067EC : 0;
0067ED : 0;
0067EE : 0;
0067EF : 0;
0067F0 : 0;
0067F1 : 0;
0067F2 : 0;
0067F3 : 0;
0067F4 : 0;
0067F5 : 0;
0067F6 : 0;
0067F7 : 0;
0067F8 : 0;
0067F9 : 0;
0067FA : 0;
0067FB : 0;
0067FC : 0;
0067FD : 0;
0067FE : 0;
0067FF : 0;
006800 : 0;
006801 : 0;
006802 : 0;
006803 : 0;
006804 : 0;
006805 : 0;
006806 : 0;
006807 : 0;
006808 : 0;
006809 : 0;
00680A : 0;
00680B : 0;
00680C : 0;
00680D : 0;
00680E : 0;
00680F : 0;
006810 : 0;
006811 : 0;
006812 : 0;
006813 : 3;
006814 : 3;
006815 : 3;
006816 : 3;
006817 : 3;
006818 : 3;
006819 : 3;
00681A : 3;
00681B : 3;
00681C : 3;
00681D : 3;
00681E : 3;
00681F : 0;
006820 : 0;
006821 : 0;
006822 : 0;
006823 : 0;
006824 : 0;
006825 : 0;
006826 : 0;
006827 : 0;
006828 : 2;
006829 : 2;
00682A : 2;
00682B : 2;
00682C : 2;
00682D : 0;
00682E : 0;
00682F : 0;
006830 : 0;
006831 : 0;
006832 : 0;
006833 : 0;
006834 : 0;
006835 : 0;
006836 : 0;
006837 : 0;
006838 : 0;
006839 : 0;
00683A : 0;
00683B : 0;
00683C : 0;
00683D : 0;
00683E : 0;
00683F : 0;
006840 : 0;
006841 : 0;
006842 : 0;
006843 : 0;
006844 : 0;
006845 : 0;
006846 : 0;
006847 : 0;
006848 : 0;
006849 : 0;
00684A : 0;
00684B : 2;
00684C : 2;
00684D : 2;
00684E : 0;
00684F : 0;
006850 : 0;
006851 : 0;
006852 : 0;
006853 : 0;
006854 : 0;
006855 : 0;
006856 : 0;
006857 : 0;
006858 : 0;
006859 : 0;
00685A : 0;
00685B : 0;
00685C : 0;
00685D : 0;
00685E : 0;
00685F : 0;
006860 : 0;
006861 : 0;
006862 : 0;
006863 : 0;
006864 : 0;
006865 : 0;
006866 : 0;
006867 : 0;
006868 : 0;
006869 : 0;
00686A : 0;
00686B : 0;
00686C : 0;
00686D : 2;
00686E : 2;
00686F : 2;
006870 : 2;
006871 : 0;
006872 : 0;
006873 : 0;
006874 : 0;
006875 : 0;
006876 : 0;
006877 : 0;
006878 : 0;
006879 : 0;
00687A : 0;
00687B : 0;
00687C : 3;
00687D : 3;
00687E : 3;
00687F : 3;
006880 : 3;
006881 : 3;
006882 : 3;
006883 : 3;
006884 : 3;
006885 : 3;
006886 : 3;
006887 : 0;
006888 : 0;
006889 : 0;
00688A : 0;
00688B : 0;
00688C : 0;
00688D : 0;
00688E : 0;
00688F : 0;
006890 : 0;
006891 : 0;
006892 : 0;
006893 : 0;
006894 : 0;
006895 : 0;
006896 : 0;
006897 : 0;
006898 : 0;
006899 : 0;
00689A : 0;
00689B : 0;
00689C : 0;
00689D : 0;
00689E : 0;
00689F : 0;
0068A0 : 0;
0068A1 : 0;
0068A2 : 0;
0068A3 : 0;
0068A4 : 0;
0068A5 : 0;
0068A6 : 0;
0068A7 : 0;
0068A8 : 0;
0068A9 : 0;
0068AA : 0;
0068AB : 0;
0068AC : 0;
0068AD : 0;
0068AE : 0;
0068AF : 0;
0068B0 : 0;
0068B1 : 0;
0068B2 : 0;
0068B3 : 0;
0068B4 : 0;
0068B5 : 0;
0068B6 : 0;
0068B7 : 0;
0068B8 : 0;
0068B9 : 0;
0068BA : 0;
0068BB : 0;
0068BC : 0;
0068BD : 0;
0068BE : 0;
0068BF : 0;
0068C0 : 0;
0068C1 : 0;
0068C2 : 0;
0068C3 : 0;
0068C4 : 0;
0068C5 : 0;
0068C6 : 0;
0068C7 : 0;
0068C8 : 0;
0068C9 : 0;
0068CA : 0;
0068CB : 0;
0068CC : 0;
0068CD : 0;
0068CE : 0;
0068CF : 0;
0068D0 : 0;
0068D1 : 0;
0068D2 : 0;
0068D3 : 0;
0068D4 : 0;
0068D5 : 0;
0068D6 : 0;
0068D7 : 0;
0068D8 : 0;
0068D9 : 0;
0068DA : 0;
0068DB : 3;
0068DC : 3;
0068DD : 3;
0068DE : 3;
0068DF : 3;
0068E0 : 3;
0068E1 : 3;
0068E2 : 3;
0068E3 : 3;
0068E4 : 3;
0068E5 : 3;
0068E6 : 3;
0068E7 : 3;
0068E8 : 0;
0068E9 : 0;
0068EA : 0;
0068EB : 0;
0068EC : 0;
0068ED : 0;
0068EE : 0;
0068EF : 0;
0068F0 : 0;
0068F1 : 2;
0068F2 : 2;
0068F3 : 2;
0068F4 : 2;
0068F5 : 2;
0068F6 : 0;
0068F7 : 0;
0068F8 : 0;
0068F9 : 0;
0068FA : 0;
0068FB : 0;
0068FC : 0;
0068FD : 0;
0068FE : 0;
0068FF : 0;
006900 : 0;
006901 : 0;
006902 : 0;
006903 : 0;
006904 : 0;
006905 : 0;
006906 : 0;
006907 : 0;
006908 : 0;
006909 : 0;
00690A : 0;
00690B : 0;
00690C : 0;
00690D : 0;
00690E : 0;
00690F : 0;
006910 : 0;
006911 : 0;
006912 : 0;
006913 : 2;
006914 : 2;
006915 : 2;
006916 : 0;
006917 : 0;
006918 : 0;
006919 : 0;
00691A : 0;
00691B : 0;
00691C : 0;
00691D : 0;
00691E : 0;
00691F : 0;
006920 : 0;
006921 : 0;
006922 : 0;
006923 : 0;
006924 : 0;
006925 : 0;
006926 : 0;
006927 : 0;
006928 : 0;
006929 : 0;
00692A : 0;
00692B : 0;
00692C : 0;
00692D : 0;
00692E : 0;
00692F : 0;
006930 : 0;
006931 : 0;
006932 : 0;
006933 : 3;
006934 : 2;
006935 : 2;
006936 : 2;
006937 : 2;
006938 : 0;
006939 : 0;
00693A : 0;
00693B : 0;
00693C : 0;
00693D : 0;
00693E : 0;
00693F : 0;
006940 : 0;
006941 : 0;
006942 : 0;
006943 : 3;
006944 : 3;
006945 : 3;
006946 : 3;
006947 : 3;
006948 : 3;
006949 : 3;
00694A : 3;
00694B : 3;
00694C : 3;
00694D : 3;
00694E : 0;
00694F : 0;
006950 : 0;
006951 : 0;
006952 : 0;
006953 : 0;
006954 : 0;
006955 : 0;
006956 : 0;
006957 : 0;
006958 : 0;
006959 : 0;
00695A : 0;
00695B : 0;
00695C : 0;
00695D : 0;
00695E : 0;
00695F : 0;
006960 : 0;
006961 : 0;
006962 : 0;
006963 : 0;
006964 : 0;
006965 : 0;
006966 : 0;
006967 : 0;
006968 : 0;
006969 : 0;
00696A : 0;
00696B : 0;
00696C : 0;
00696D : 0;
00696E : 0;
00696F : 0;
006970 : 0;
006971 : 0;
006972 : 0;
006973 : 0;
006974 : 0;
006975 : 0;
006976 : 0;
006977 : 0;
006978 : 0;
006979 : 0;
00697A : 0;
00697B : 0;
00697C : 0;
00697D : 0;
00697E : 0;
00697F : 0;
006980 : 0;
006981 : 0;
006982 : 0;
006983 : 0;
006984 : 0;
006985 : 0;
006986 : 0;
006987 : 0;
006988 : 0;
006989 : 0;
00698A : 0;
00698B : 0;
00698C : 0;
00698D : 0;
00698E : 0;
00698F : 0;
006990 : 0;
006991 : 0;
006992 : 0;
006993 : 0;
006994 : 0;
006995 : 0;
006996 : 0;
006997 : 0;
006998 : 0;
006999 : 0;
00699A : 0;
00699B : 0;
00699C : 0;
00699D : 0;
00699E : 0;
00699F : 0;
0069A0 : 0;
0069A1 : 0;
0069A2 : 0;
0069A3 : 0;
0069A4 : 3;
0069A5 : 3;
0069A6 : 3;
0069A7 : 3;
0069A8 : 3;
0069A9 : 3;
0069AA : 3;
0069AB : 3;
0069AC : 3;
0069AD : 3;
0069AE : 3;
0069AF : 3;
0069B0 : 3;
0069B1 : 0;
0069B2 : 0;
0069B3 : 0;
0069B4 : 0;
0069B5 : 0;
0069B6 : 0;
0069B7 : 0;
0069B8 : 0;
0069B9 : 0;
0069BA : 2;
0069BB : 2;
0069BC : 2;
0069BD : 2;
0069BE : 2;
0069BF : 0;
0069C0 : 0;
0069C1 : 0;
0069C2 : 0;
0069C3 : 0;
0069C4 : 0;
0069C5 : 0;
0069C6 : 0;
0069C7 : 0;
0069C8 : 0;
0069C9 : 0;
0069CA : 0;
0069CB : 0;
0069CC : 0;
0069CD : 0;
0069CE : 0;
0069CF : 0;
0069D0 : 0;
0069D1 : 0;
0069D2 : 0;
0069D3 : 0;
0069D4 : 0;
0069D5 : 0;
0069D6 : 0;
0069D7 : 0;
0069D8 : 0;
0069D9 : 0;
0069DA : 0;
0069DB : 2;
0069DC : 2;
0069DD : 2;
0069DE : 0;
0069DF : 0;
0069E0 : 0;
0069E1 : 0;
0069E2 : 0;
0069E3 : 0;
0069E4 : 0;
0069E5 : 0;
0069E6 : 0;
0069E7 : 0;
0069E8 : 0;
0069E9 : 0;
0069EA : 0;
0069EB : 0;
0069EC : 0;
0069ED : 0;
0069EE : 0;
0069EF : 0;
0069F0 : 0;
0069F1 : 0;
0069F2 : 0;
0069F3 : 0;
0069F4 : 0;
0069F5 : 0;
0069F6 : 0;
0069F7 : 0;
0069F8 : 0;
0069F9 : 0;
0069FA : 2;
0069FB : 2;
0069FC : 2;
0069FD : 2;
0069FE : 2;
0069FF : 0;
006A00 : 0;
006A01 : 0;
006A02 : 0;
006A03 : 0;
006A04 : 0;
006A05 : 0;
006A06 : 0;
006A07 : 0;
006A08 : 0;
006A09 : 0;
006A0A : 3;
006A0B : 3;
006A0C : 3;
006A0D : 3;
006A0E : 3;
006A0F : 3;
006A10 : 3;
006A11 : 3;
006A12 : 3;
006A13 : 3;
006A14 : 3;
006A15 : 3;
006A16 : 0;
006A17 : 0;
006A18 : 0;
006A19 : 0;
006A1A : 0;
006A1B : 0;
006A1C : 0;
006A1D : 0;
006A1E : 0;
006A1F : 0;
006A20 : 0;
006A21 : 0;
006A22 : 0;
006A23 : 0;
006A24 : 0;
006A25 : 0;
006A26 : 0;
006A27 : 0;
006A28 : 0;
006A29 : 0;
006A2A : 0;
006A2B : 0;
006A2C : 0;
006A2D : 0;
006A2E : 0;
006A2F : 0;
006A30 : 0;
006A31 : 0;
006A32 : 0;
006A33 : 0;
006A34 : 0;
006A35 : 0;
006A36 : 0;
006A37 : 0;
006A38 : 0;
006A39 : 0;
006A3A : 0;
006A3B : 0;
006A3C : 0;
006A3D : 0;
006A3E : 0;
006A3F : 0;
006A40 : 0;
006A41 : 0;
006A42 : 0;
006A43 : 0;
006A44 : 0;
006A45 : 0;
006A46 : 0;
006A47 : 0;
006A48 : 0;
006A49 : 0;
006A4A : 0;
006A4B : 0;
006A4C : 0;
006A4D : 0;
006A4E : 0;
006A4F : 0;
006A50 : 0;
006A51 : 0;
006A52 : 0;
006A53 : 0;
006A54 : 0;
006A55 : 0;
006A56 : 0;
006A57 : 0;
006A58 : 0;
006A59 : 0;
006A5A : 0;
006A5B : 0;
006A5C : 0;
006A5D : 0;
006A5E : 0;
006A5F : 0;
006A60 : 0;
006A61 : 0;
006A62 : 0;
006A63 : 0;
006A64 : 0;
006A65 : 0;
006A66 : 0;
006A67 : 0;
006A68 : 0;
006A69 : 0;
006A6A : 0;
006A6B : 0;
006A6C : 0;
006A6D : 3;
006A6E : 3;
006A6F : 3;
006A70 : 3;
006A71 : 3;
006A72 : 3;
006A73 : 3;
006A74 : 3;
006A75 : 3;
006A76 : 3;
006A77 : 3;
006A78 : 3;
006A79 : 0;
006A7A : 0;
006A7B : 0;
006A7C : 0;
006A7D : 0;
006A7E : 0;
006A7F : 0;
006A80 : 0;
006A81 : 0;
006A82 : 0;
006A83 : 2;
006A84 : 2;
006A85 : 2;
006A86 : 2;
006A87 : 2;
006A88 : 0;
006A89 : 0;
006A8A : 0;
006A8B : 0;
006A8C : 0;
006A8D : 0;
006A8E : 0;
006A8F : 0;
006A90 : 0;
006A91 : 0;
006A92 : 0;
006A93 : 0;
006A94 : 0;
006A95 : 0;
006A96 : 0;
006A97 : 0;
006A98 : 0;
006A99 : 0;
006A9A : 0;
006A9B : 0;
006A9C : 0;
006A9D : 0;
006A9E : 0;
006A9F : 0;
006AA0 : 0;
006AA1 : 0;
006AA2 : 0;
006AA3 : 2;
006AA4 : 2;
006AA5 : 2;
006AA6 : 0;
006AA7 : 0;
006AA8 : 0;
006AA9 : 0;
006AAA : 0;
006AAB : 0;
006AAC : 0;
006AAD : 0;
006AAE : 0;
006AAF : 0;
006AB0 : 0;
006AB1 : 0;
006AB2 : 0;
006AB3 : 0;
006AB4 : 0;
006AB5 : 0;
006AB6 : 0;
006AB7 : 0;
006AB8 : 0;
006AB9 : 0;
006ABA : 0;
006ABB : 0;
006ABC : 0;
006ABD : 0;
006ABE : 0;
006ABF : 0;
006AC0 : 0;
006AC1 : 2;
006AC2 : 2;
006AC3 : 2;
006AC4 : 2;
006AC5 : 2;
006AC6 : 0;
006AC7 : 0;
006AC8 : 0;
006AC9 : 0;
006ACA : 0;
006ACB : 0;
006ACC : 0;
006ACD : 0;
006ACE : 0;
006ACF : 0;
006AD0 : 0;
006AD1 : 3;
006AD2 : 3;
006AD3 : 3;
006AD4 : 3;
006AD5 : 3;
006AD6 : 3;
006AD7 : 3;
006AD8 : 3;
006AD9 : 3;
006ADA : 3;
006ADB : 3;
006ADC : 3;
006ADD : 0;
006ADE : 0;
006ADF : 0;
006AE0 : 0;
006AE1 : 0;
006AE2 : 0;
006AE3 : 0;
006AE4 : 0;
006AE5 : 0;
006AE6 : 0;
006AE7 : 0;
006AE8 : 0;
006AE9 : 0;
006AEA : 0;
006AEB : 0;
006AEC : 0;
006AED : 0;
006AEE : 0;
006AEF : 0;
006AF0 : 0;
006AF1 : 0;
006AF2 : 0;
006AF3 : 0;
006AF4 : 0;
006AF5 : 0;
006AF6 : 0;
006AF7 : 0;
006AF8 : 0;
006AF9 : 0;
006AFA : 0;
006AFB : 0;
006AFC : 0;
006AFD : 0;
006AFE : 0;
006AFF : 0;
006B00 : 0;
006B01 : 0;
006B02 : 0;
006B03 : 0;
006B04 : 0;
006B05 : 0;
006B06 : 0;
006B07 : 0;
006B08 : 0;
006B09 : 0;
006B0A : 0;
006B0B : 0;
006B0C : 0;
006B0D : 0;
006B0E : 0;
006B0F : 0;
006B10 : 0;
006B11 : 0;
006B12 : 0;
006B13 : 0;
006B14 : 0;
006B15 : 0;
006B16 : 0;
006B17 : 0;
006B18 : 0;
006B19 : 0;
006B1A : 0;
006B1B : 0;
006B1C : 0;
006B1D : 0;
006B1E : 0;
006B1F : 0;
006B20 : 0;
006B21 : 0;
006B22 : 0;
006B23 : 0;
006B24 : 0;
006B25 : 0;
006B26 : 0;
006B27 : 0;
006B28 : 0;
006B29 : 0;
006B2A : 0;
006B2B : 0;
006B2C : 0;
006B2D : 0;
006B2E : 0;
006B2F : 0;
006B30 : 0;
006B31 : 0;
006B32 : 0;
006B33 : 0;
006B34 : 0;
006B35 : 3;
006B36 : 3;
006B37 : 3;
006B38 : 3;
006B39 : 3;
006B3A : 3;
006B3B : 3;
006B3C : 3;
006B3D : 3;
006B3E : 3;
006B3F : 3;
006B40 : 3;
006B41 : 3;
006B42 : 0;
006B43 : 0;
006B44 : 0;
006B45 : 0;
006B46 : 0;
006B47 : 0;
006B48 : 0;
006B49 : 0;
006B4A : 0;
006B4B : 0;
006B4C : 2;
006B4D : 2;
006B4E : 2;
006B4F : 2;
006B50 : 2;
006B51 : 3;
006B52 : 0;
006B53 : 0;
006B54 : 0;
006B55 : 0;
006B56 : 0;
006B57 : 0;
006B58 : 0;
006B59 : 0;
006B5A : 0;
006B5B : 0;
006B5C : 0;
006B5D : 0;
006B5E : 0;
006B5F : 0;
006B60 : 0;
006B61 : 0;
006B62 : 0;
006B63 : 0;
006B64 : 0;
006B65 : 0;
006B66 : 0;
006B67 : 0;
006B68 : 0;
006B69 : 0;
006B6A : 0;
006B6B : 2;
006B6C : 2;
006B6D : 2;
006B6E : 0;
006B6F : 0;
006B70 : 0;
006B71 : 0;
006B72 : 0;
006B73 : 0;
006B74 : 0;
006B75 : 0;
006B76 : 0;
006B77 : 0;
006B78 : 0;
006B79 : 0;
006B7A : 0;
006B7B : 0;
006B7C : 0;
006B7D : 0;
006B7E : 0;
006B7F : 0;
006B80 : 0;
006B81 : 0;
006B82 : 0;
006B83 : 0;
006B84 : 0;
006B85 : 0;
006B86 : 0;
006B87 : 0;
006B88 : 2;
006B89 : 2;
006B8A : 2;
006B8B : 2;
006B8C : 2;
006B8D : 0;
006B8E : 0;
006B8F : 0;
006B90 : 0;
006B91 : 0;
006B92 : 0;
006B93 : 0;
006B94 : 0;
006B95 : 0;
006B96 : 0;
006B97 : 0;
006B98 : 3;
006B99 : 3;
006B9A : 3;
006B9B : 3;
006B9C : 3;
006B9D : 3;
006B9E : 3;
006B9F : 3;
006BA0 : 3;
006BA1 : 3;
006BA2 : 3;
006BA3 : 3;
006BA4 : 0;
006BA5 : 0;
006BA6 : 0;
006BA7 : 0;
006BA8 : 0;
006BA9 : 0;
006BAA : 0;
006BAB : 0;
006BAC : 0;
006BAD : 0;
006BAE : 0;
006BAF : 0;
006BB0 : 0;
006BB1 : 0;
006BB2 : 0;
006BB3 : 0;
006BB4 : 0;
006BB5 : 0;
006BB6 : 0;
006BB7 : 0;
006BB8 : 0;
006BB9 : 0;
006BBA : 0;
006BBB : 0;
006BBC : 0;
006BBD : 0;
006BBE : 0;
006BBF : 0;
006BC0 : 0;
006BC1 : 0;
006BC2 : 0;
006BC3 : 0;
006BC4 : 0;
006BC5 : 0;
006BC6 : 0;
006BC7 : 0;
006BC8 : 0;
006BC9 : 0;
006BCA : 0;
006BCB : 0;
006BCC : 0;
006BCD : 0;
006BCE : 0;
006BCF : 0;
006BD0 : 0;
006BD1 : 0;
006BD2 : 0;
006BD3 : 0;
006BD4 : 0;
006BD5 : 0;
006BD6 : 0;
006BD7 : 0;
006BD8 : 0;
006BD9 : 0;
006BDA : 0;
006BDB : 0;
006BDC : 0;
006BDD : 0;
006BDE : 0;
006BDF : 0;
006BE0 : 0;
006BE1 : 0;
006BE2 : 0;
006BE3 : 0;
006BE4 : 0;
006BE5 : 0;
006BE6 : 0;
006BE7 : 0;
006BE8 : 0;
006BE9 : 0;
006BEA : 0;
006BEB : 0;
006BEC : 0;
006BED : 0;
006BEE : 0;
006BEF : 0;
006BF0 : 0;
006BF1 : 0;
006BF2 : 0;
006BF3 : 0;
006BF4 : 0;
006BF5 : 0;
006BF6 : 0;
006BF7 : 0;
006BF8 : 0;
006BF9 : 0;
006BFA : 0;
006BFB : 0;
006BFC : 0;
006BFD : 0;
006BFE : 3;
006BFF : 3;
006C00 : 3;
006C01 : 3;
006C02 : 3;
006C03 : 3;
006C04 : 3;
006C05 : 3;
006C06 : 3;
006C07 : 3;
006C08 : 3;
006C09 : 3;
006C0A : 3;
006C0B : 0;
006C0C : 0;
006C0D : 0;
006C0E : 0;
006C0F : 0;
006C10 : 0;
006C11 : 0;
006C12 : 0;
006C13 : 0;
006C14 : 0;
006C15 : 3;
006C16 : 2;
006C17 : 2;
006C18 : 2;
006C19 : 2;
006C1A : 2;
006C1B : 0;
006C1C : 0;
006C1D : 0;
006C1E : 0;
006C1F : 0;
006C20 : 0;
006C21 : 0;
006C22 : 0;
006C23 : 0;
006C24 : 0;
006C25 : 0;
006C26 : 0;
006C27 : 0;
006C28 : 0;
006C29 : 0;
006C2A : 0;
006C2B : 0;
006C2C : 0;
006C2D : 0;
006C2E : 0;
006C2F : 0;
006C30 : 0;
006C31 : 0;
006C32 : 0;
006C33 : 2;
006C34 : 2;
006C35 : 2;
006C36 : 0;
006C37 : 0;
006C38 : 0;
006C39 : 0;
006C3A : 0;
006C3B : 0;
006C3C : 0;
006C3D : 0;
006C3E : 0;
006C3F : 0;
006C40 : 0;
006C41 : 0;
006C42 : 0;
006C43 : 0;
006C44 : 0;
006C45 : 0;
006C46 : 0;
006C47 : 0;
006C48 : 0;
006C49 : 0;
006C4A : 0;
006C4B : 0;
006C4C : 0;
006C4D : 0;
006C4E : 2;
006C4F : 2;
006C50 : 2;
006C51 : 2;
006C52 : 2;
006C53 : 2;
006C54 : 0;
006C55 : 0;
006C56 : 0;
006C57 : 0;
006C58 : 0;
006C59 : 0;
006C5A : 0;
006C5B : 0;
006C5C : 0;
006C5D : 0;
006C5E : 0;
006C5F : 0;
006C60 : 3;
006C61 : 3;
006C62 : 3;
006C63 : 3;
006C64 : 3;
006C65 : 3;
006C66 : 3;
006C67 : 3;
006C68 : 3;
006C69 : 3;
006C6A : 3;
006C6B : 3;
006C6C : 0;
006C6D : 0;
006C6E : 0;
006C6F : 0;
006C70 : 0;
006C71 : 0;
006C72 : 0;
006C73 : 0;
006C74 : 0;
006C75 : 0;
006C76 : 0;
006C77 : 0;
006C78 : 0;
006C79 : 0;
006C7A : 0;
006C7B : 0;
006C7C : 0;
006C7D : 0;
006C7E : 0;
006C7F : 0;
006C80 : 0;
006C81 : 0;
006C82 : 0;
006C83 : 0;
006C84 : 0;
006C85 : 0;
006C86 : 0;
006C87 : 0;
006C88 : 0;
006C89 : 0;
006C8A : 0;
006C8B : 0;
006C8C : 0;
006C8D : 0;
006C8E : 0;
006C8F : 0;
006C90 : 0;
006C91 : 0;
006C92 : 0;
006C93 : 0;
006C94 : 0;
006C95 : 0;
006C96 : 0;
006C97 : 0;
006C98 : 0;
006C99 : 0;
006C9A : 0;
006C9B : 0;
006C9C : 0;
006C9D : 0;
006C9E : 0;
006C9F : 0;
006CA0 : 0;
006CA1 : 0;
006CA2 : 0;
006CA3 : 0;
006CA4 : 0;
006CA5 : 0;
006CA6 : 0;
006CA7 : 0;
006CA8 : 0;
006CA9 : 0;
006CAA : 0;
006CAB : 0;
006CAC : 0;
006CAD : 0;
006CAE : 0;
006CAF : 0;
006CB0 : 0;
006CB1 : 0;
006CB2 : 0;
006CB3 : 0;
006CB4 : 0;
006CB5 : 0;
006CB6 : 0;
006CB7 : 0;
006CB8 : 0;
006CB9 : 0;
006CBA : 0;
006CBB : 0;
006CBC : 0;
006CBD : 0;
006CBE : 0;
006CBF : 0;
006CC0 : 0;
006CC1 : 0;
006CC2 : 0;
006CC3 : 0;
006CC4 : 0;
006CC5 : 0;
006CC6 : 0;
006CC7 : 3;
006CC8 : 3;
006CC9 : 3;
006CCA : 3;
006CCB : 3;
006CCC : 3;
006CCD : 3;
006CCE : 3;
006CCF : 3;
006CD0 : 3;
006CD1 : 3;
006CD2 : 3;
006CD3 : 3;
006CD4 : 0;
006CD5 : 0;
006CD6 : 0;
006CD7 : 0;
006CD8 : 0;
006CD9 : 0;
006CDA : 0;
006CDB : 0;
006CDC : 0;
006CDD : 0;
006CDE : 0;
006CDF : 2;
006CE0 : 2;
006CE1 : 2;
006CE2 : 2;
006CE3 : 2;
006CE4 : 3;
006CE5 : 0;
006CE6 : 0;
006CE7 : 0;
006CE8 : 0;
006CE9 : 0;
006CEA : 0;
006CEB : 0;
006CEC : 0;
006CED : 0;
006CEE : 0;
006CEF : 0;
006CF0 : 0;
006CF1 : 0;
006CF2 : 0;
006CF3 : 0;
006CF4 : 0;
006CF5 : 0;
006CF6 : 0;
006CF7 : 0;
006CF8 : 0;
006CF9 : 0;
006CFA : 0;
006CFB : 2;
006CFC : 2;
006CFD : 2;
006CFE : 0;
006CFF : 0;
006D00 : 0;
006D01 : 0;
006D02 : 0;
006D03 : 0;
006D04 : 0;
006D05 : 0;
006D06 : 0;
006D07 : 0;
006D08 : 0;
006D09 : 0;
006D0A : 0;
006D0B : 0;
006D0C : 0;
006D0D : 0;
006D0E : 0;
006D0F : 0;
006D10 : 0;
006D11 : 0;
006D12 : 0;
006D13 : 0;
006D14 : 0;
006D15 : 2;
006D16 : 2;
006D17 : 2;
006D18 : 2;
006D19 : 2;
006D1A : 2;
006D1B : 0;
006D1C : 0;
006D1D : 0;
006D1E : 0;
006D1F : 0;
006D20 : 0;
006D21 : 0;
006D22 : 0;
006D23 : 0;
006D24 : 0;
006D25 : 0;
006D26 : 0;
006D27 : 3;
006D28 : 3;
006D29 : 3;
006D2A : 3;
006D2B : 3;
006D2C : 3;
006D2D : 3;
006D2E : 3;
006D2F : 3;
006D30 : 3;
006D31 : 3;
006D32 : 3;
006D33 : 0;
006D34 : 0;
006D35 : 0;
006D36 : 0;
006D37 : 0;
006D38 : 0;
006D39 : 0;
006D3A : 0;
006D3B : 0;
006D3C : 0;
006D3D : 0;
006D3E : 0;
006D3F : 0;
006D40 : 0;
006D41 : 0;
006D42 : 0;
006D43 : 0;
006D44 : 0;
006D45 : 0;
006D46 : 0;
006D47 : 0;
006D48 : 0;
006D49 : 0;
006D4A : 0;
006D4B : 0;
006D4C : 0;
006D4D : 0;
006D4E : 0;
006D4F : 0;
006D50 : 0;
006D51 : 0;
006D52 : 0;
006D53 : 0;
006D54 : 0;
006D55 : 0;
006D56 : 0;
006D57 : 0;
006D58 : 0;
006D59 : 0;
006D5A : 0;
006D5B : 0;
006D5C : 0;
006D5D : 0;
006D5E : 0;
006D5F : 0;
006D60 : 0;
006D61 : 0;
006D62 : 0;
006D63 : 0;
006D64 : 0;
006D65 : 0;
006D66 : 0;
006D67 : 0;
006D68 : 0;
006D69 : 0;
006D6A : 0;
006D6B : 0;
006D6C : 0;
006D6D : 0;
006D6E : 0;
006D6F : 0;
006D70 : 0;
006D71 : 0;
006D72 : 0;
006D73 : 0;
006D74 : 0;
006D75 : 0;
006D76 : 0;
006D77 : 0;
006D78 : 0;
006D79 : 0;
006D7A : 0;
006D7B : 0;
006D7C : 0;
006D7D : 0;
006D7E : 0;
006D7F : 0;
006D80 : 0;
006D81 : 0;
006D82 : 0;
006D83 : 0;
006D84 : 0;
006D85 : 0;
006D86 : 0;
006D87 : 0;
006D88 : 0;
006D89 : 0;
006D8A : 0;
006D8B : 0;
006D8C : 0;
006D8D : 0;
006D8E : 0;
006D8F : 3;
006D90 : 3;
006D91 : 3;
006D92 : 3;
006D93 : 3;
006D94 : 3;
006D95 : 3;
006D96 : 3;
006D97 : 3;
006D98 : 3;
006D99 : 3;
006D9A : 3;
006D9B : 3;
006D9C : 3;
006D9D : 0;
006D9E : 0;
006D9F : 0;
006DA0 : 0;
006DA1 : 0;
006DA2 : 0;
006DA3 : 0;
006DA4 : 0;
006DA5 : 0;
006DA6 : 0;
006DA7 : 0;
006DA8 : 2;
006DA9 : 2;
006DAA : 2;
006DAB : 2;
006DAC : 2;
006DAD : 2;
006DAE : 0;
006DAF : 0;
006DB0 : 0;
006DB1 : 0;
006DB2 : 0;
006DB3 : 0;
006DB4 : 0;
006DB5 : 0;
006DB6 : 0;
006DB7 : 0;
006DB8 : 0;
006DB9 : 0;
006DBA : 0;
006DBB : 0;
006DBC : 0;
006DBD : 0;
006DBE : 0;
006DBF : 0;
006DC0 : 0;
006DC1 : 3;
006DC2 : 3;
006DC3 : 3;
006DC4 : 3;
006DC5 : 3;
006DC6 : 3;
006DC7 : 0;
006DC8 : 0;
006DC9 : 0;
006DCA : 0;
006DCB : 0;
006DCC : 0;
006DCD : 0;
006DCE : 0;
006DCF : 0;
006DD0 : 0;
006DD1 : 0;
006DD2 : 0;
006DD3 : 0;
006DD4 : 0;
006DD5 : 0;
006DD6 : 0;
006DD7 : 0;
006DD8 : 0;
006DD9 : 0;
006DDA : 0;
006DDB : 2;
006DDC : 2;
006DDD : 2;
006DDE : 2;
006DDF : 2;
006DE0 : 2;
006DE1 : 0;
006DE2 : 0;
006DE3 : 0;
006DE4 : 0;
006DE5 : 0;
006DE6 : 0;
006DE7 : 0;
006DE8 : 0;
006DE9 : 0;
006DEA : 0;
006DEB : 0;
006DEC : 0;
006DED : 0;
006DEE : 3;
006DEF : 3;
006DF0 : 3;
006DF1 : 3;
006DF2 : 3;
006DF3 : 3;
006DF4 : 3;
006DF5 : 3;
006DF6 : 3;
006DF7 : 3;
006DF8 : 3;
006DF9 : 3;
006DFA : 0;
006DFB : 0;
006DFC : 0;
006DFD : 0;
006DFE : 0;
006DFF : 0;
006E00 : 0;
006E01 : 0;
006E02 : 0;
006E03 : 0;
006E04 : 0;
006E05 : 0;
006E06 : 0;
006E07 : 0;
006E08 : 0;
006E09 : 0;
006E0A : 0;
006E0B : 0;
006E0C : 0;
006E0D : 0;
006E0E : 0;
006E0F : 0;
006E10 : 0;
006E11 : 0;
006E12 : 0;
006E13 : 0;
006E14 : 0;
006E15 : 0;
006E16 : 0;
006E17 : 0;
006E18 : 0;
006E19 : 0;
006E1A : 0;
006E1B : 0;
006E1C : 0;
006E1D : 0;
006E1E : 0;
006E1F : 0;
006E20 : 0;
006E21 : 0;
006E22 : 0;
006E23 : 0;
006E24 : 0;
006E25 : 0;
006E26 : 0;
006E27 : 0;
006E28 : 0;
006E29 : 0;
006E2A : 0;
006E2B : 0;
006E2C : 0;
006E2D : 0;
006E2E : 0;
006E2F : 0;
006E30 : 0;
006E31 : 0;
006E32 : 0;
006E33 : 0;
006E34 : 0;
006E35 : 0;
006E36 : 0;
006E37 : 0;
006E38 : 0;
006E39 : 0;
006E3A : 0;
006E3B : 0;
006E3C : 0;
006E3D : 0;
006E3E : 0;
006E3F : 0;
006E40 : 0;
006E41 : 0;
006E42 : 0;
006E43 : 0;
006E44 : 0;
006E45 : 0;
006E46 : 0;
006E47 : 0;
006E48 : 0;
006E49 : 0;
006E4A : 0;
006E4B : 0;
006E4C : 0;
006E4D : 0;
006E4E : 0;
006E4F : 0;
006E50 : 0;
006E51 : 0;
006E52 : 0;
006E53 : 0;
006E54 : 0;
006E55 : 0;
006E56 : 0;
006E57 : 0;
006E58 : 3;
006E59 : 3;
006E5A : 3;
006E5B : 3;
006E5C : 3;
006E5D : 3;
006E5E : 3;
006E5F : 3;
006E60 : 3;
006E61 : 3;
006E62 : 3;
006E63 : 3;
006E64 : 3;
006E65 : 3;
006E66 : 0;
006E67 : 0;
006E68 : 0;
006E69 : 0;
006E6A : 0;
006E6B : 0;
006E6C : 0;
006E6D : 0;
006E6E : 0;
006E6F : 0;
006E70 : 0;
006E71 : 0;
006E72 : 2;
006E73 : 2;
006E74 : 2;
006E75 : 2;
006E76 : 2;
006E77 : 2;
006E78 : 0;
006E79 : 0;
006E7A : 0;
006E7B : 0;
006E7C : 0;
006E7D : 0;
006E7E : 0;
006E7F : 0;
006E80 : 0;
006E81 : 0;
006E82 : 0;
006E83 : 0;
006E84 : 0;
006E85 : 0;
006E86 : 0;
006E87 : 0;
006E88 : 0;
006E89 : 3;
006E8A : 3;
006E8B : 3;
006E8C : 3;
006E8D : 3;
006E8E : 3;
006E8F : 0;
006E90 : 0;
006E91 : 0;
006E92 : 0;
006E93 : 0;
006E94 : 0;
006E95 : 0;
006E96 : 0;
006E97 : 0;
006E98 : 0;
006E99 : 0;
006E9A : 0;
006E9B : 0;
006E9C : 0;
006E9D : 0;
006E9E : 0;
006E9F : 0;
006EA0 : 0;
006EA1 : 2;
006EA2 : 2;
006EA3 : 2;
006EA4 : 2;
006EA5 : 2;
006EA6 : 2;
006EA7 : 2;
006EA8 : 0;
006EA9 : 0;
006EAA : 0;
006EAB : 0;
006EAC : 0;
006EAD : 0;
006EAE : 0;
006EAF : 0;
006EB0 : 0;
006EB1 : 0;
006EB2 : 0;
006EB3 : 0;
006EB4 : 0;
006EB5 : 3;
006EB6 : 3;
006EB7 : 3;
006EB8 : 3;
006EB9 : 3;
006EBA : 3;
006EBB : 3;
006EBC : 3;
006EBD : 3;
006EBE : 3;
006EBF : 3;
006EC0 : 3;
006EC1 : 0;
006EC2 : 0;
006EC3 : 0;
006EC4 : 0;
006EC5 : 0;
006EC6 : 0;
006EC7 : 0;
006EC8 : 0;
006EC9 : 0;
006ECA : 0;
006ECB : 0;
006ECC : 0;
006ECD : 0;
006ECE : 0;
006ECF : 0;
006ED0 : 0;
006ED1 : 0;
006ED2 : 0;
006ED3 : 0;
006ED4 : 0;
006ED5 : 0;
006ED6 : 0;
006ED7 : 0;
006ED8 : 0;
006ED9 : 0;
006EDA : 0;
006EDB : 0;
006EDC : 0;
006EDD : 0;
006EDE : 0;
006EDF : 0;
006EE0 : 0;
006EE1 : 0;
006EE2 : 0;
006EE3 : 0;
006EE4 : 0;
006EE5 : 0;
006EE6 : 0;
006EE7 : 0;
006EE8 : 0;
006EE9 : 0;
006EEA : 0;
006EEB : 0;
006EEC : 0;
006EED : 0;
006EEE : 0;
006EEF : 0;
006EF0 : 0;
006EF1 : 0;
006EF2 : 0;
006EF3 : 0;
006EF4 : 0;
006EF5 : 0;
006EF6 : 0;
006EF7 : 0;
006EF8 : 0;
006EF9 : 0;
006EFA : 0;
006EFB : 0;
006EFC : 0;
006EFD : 0;
006EFE : 0;
006EFF : 0;
006F00 : 0;
006F01 : 0;
006F02 : 0;
006F03 : 0;
006F04 : 0;
006F05 : 0;
006F06 : 0;
006F07 : 0;
006F08 : 0;
006F09 : 0;
006F0A : 0;
006F0B : 0;
006F0C : 0;
006F0D : 0;
006F0E : 0;
006F0F : 0;
006F10 : 0;
006F11 : 0;
006F12 : 0;
006F13 : 0;
006F14 : 0;
006F15 : 0;
006F16 : 0;
006F17 : 0;
006F18 : 0;
006F19 : 0;
006F1A : 0;
006F1B : 0;
006F1C : 0;
006F1D : 0;
006F1E : 0;
006F1F : 0;
006F20 : 0;
006F21 : 3;
006F22 : 3;
006F23 : 3;
006F24 : 3;
006F25 : 3;
006F26 : 3;
006F27 : 3;
006F28 : 3;
006F29 : 3;
006F2A : 3;
006F2B : 3;
006F2C : 3;
006F2D : 3;
006F2E : 3;
006F2F : 0;
006F30 : 0;
006F31 : 0;
006F32 : 0;
006F33 : 0;
006F34 : 0;
006F35 : 0;
006F36 : 0;
006F37 : 0;
006F38 : 0;
006F39 : 0;
006F3A : 0;
006F3B : 2;
006F3C : 2;
006F3D : 2;
006F3E : 2;
006F3F : 2;
006F40 : 2;
006F41 : 2;
006F42 : 0;
006F43 : 0;
006F44 : 0;
006F45 : 0;
006F46 : 0;
006F47 : 0;
006F48 : 0;
006F49 : 0;
006F4A : 0;
006F4B : 0;
006F4C : 0;
006F4D : 0;
006F4E : 0;
006F4F : 0;
006F50 : 0;
006F51 : 3;
006F52 : 3;
006F53 : 3;
006F54 : 3;
006F55 : 3;
006F56 : 3;
006F57 : 0;
006F58 : 0;
006F59 : 0;
006F5A : 0;
006F5B : 0;
006F5C : 0;
006F5D : 0;
006F5E : 0;
006F5F : 0;
006F60 : 0;
006F61 : 0;
006F62 : 0;
006F63 : 0;
006F64 : 0;
006F65 : 0;
006F66 : 0;
006F67 : 2;
006F68 : 2;
006F69 : 2;
006F6A : 2;
006F6B : 2;
006F6C : 2;
006F6D : 2;
006F6E : 0;
006F6F : 0;
006F70 : 0;
006F71 : 0;
006F72 : 0;
006F73 : 0;
006F74 : 0;
006F75 : 0;
006F76 : 0;
006F77 : 0;
006F78 : 0;
006F79 : 0;
006F7A : 0;
006F7B : 0;
006F7C : 3;
006F7D : 3;
006F7E : 3;
006F7F : 3;
006F80 : 3;
006F81 : 3;
006F82 : 3;
006F83 : 3;
006F84 : 3;
006F85 : 3;
006F86 : 3;
006F87 : 3;
006F88 : 3;
006F89 : 0;
006F8A : 0;
006F8B : 0;
006F8C : 0;
006F8D : 0;
006F8E : 0;
006F8F : 0;
006F90 : 0;
006F91 : 0;
006F92 : 0;
006F93 : 0;
006F94 : 0;
006F95 : 0;
006F96 : 0;
006F97 : 0;
006F98 : 0;
006F99 : 0;
006F9A : 0;
006F9B : 0;
006F9C : 0;
006F9D : 0;
006F9E : 0;
006F9F : 0;
006FA0 : 0;
006FA1 : 0;
006FA2 : 0;
006FA3 : 0;
006FA4 : 0;
006FA5 : 0;
006FA6 : 0;
006FA7 : 0;
006FA8 : 0;
006FA9 : 0;
006FAA : 0;
006FAB : 0;
006FAC : 0;
006FAD : 0;
006FAE : 0;
006FAF : 0;
006FB0 : 0;
006FB1 : 0;
006FB2 : 0;
006FB3 : 0;
006FB4 : 0;
006FB5 : 0;
006FB6 : 0;
006FB7 : 0;
006FB8 : 0;
006FB9 : 0;
006FBA : 0;
006FBB : 0;
006FBC : 0;
006FBD : 0;
006FBE : 0;
006FBF : 0;
006FC0 : 0;
006FC1 : 0;
006FC2 : 0;
006FC3 : 0;
006FC4 : 0;
006FC5 : 0;
006FC6 : 0;
006FC7 : 0;
006FC8 : 0;
006FC9 : 0;
006FCA : 0;
006FCB : 0;
006FCC : 0;
006FCD : 0;
006FCE : 0;
006FCF : 0;
006FD0 : 0;
006FD1 : 0;
006FD2 : 0;
006FD3 : 0;
006FD4 : 0;
006FD5 : 0;
006FD6 : 0;
006FD7 : 0;
006FD8 : 0;
006FD9 : 0;
006FDA : 0;
006FDB : 0;
006FDC : 0;
006FDD : 0;
006FDE : 0;
006FDF : 0;
006FE0 : 0;
006FE1 : 0;
006FE2 : 0;
006FE3 : 0;
006FE4 : 0;
006FE5 : 0;
006FE6 : 0;
006FE7 : 0;
006FE8 : 0;
006FE9 : 0;
006FEA : 3;
006FEB : 3;
006FEC : 3;
006FED : 3;
006FEE : 3;
006FEF : 3;
006FF0 : 3;
006FF1 : 3;
006FF2 : 3;
006FF3 : 3;
006FF4 : 3;
006FF5 : 3;
006FF6 : 3;
006FF7 : 3;
006FF8 : 0;
006FF9 : 0;
006FFA : 0;
006FFB : 0;
006FFC : 0;
006FFD : 0;
006FFE : 0;
006FFF : 0;
007000 : 0;
007001 : 0;
007002 : 0;
007003 : 0;
007004 : 0;
007005 : 2;
007006 : 2;
007007 : 2;
007008 : 2;
007009 : 2;
00700A : 2;
00700B : 2;
00700C : 2;
00700D : 0;
00700E : 0;
00700F : 0;
007010 : 0;
007011 : 0;
007012 : 0;
007013 : 0;
007014 : 0;
007015 : 0;
007016 : 0;
007017 : 0;
007018 : 0;
007019 : 3;
00701A : 3;
00701B : 3;
00701C : 3;
00701D : 3;
00701E : 3;
00701F : 0;
007020 : 0;
007021 : 0;
007022 : 0;
007023 : 0;
007024 : 0;
007025 : 0;
007026 : 0;
007027 : 0;
007028 : 0;
007029 : 0;
00702A : 0;
00702B : 0;
00702C : 0;
00702D : 2;
00702E : 2;
00702F : 2;
007030 : 2;
007031 : 2;
007032 : 2;
007033 : 2;
007034 : 0;
007035 : 0;
007036 : 0;
007037 : 0;
007038 : 0;
007039 : 0;
00703A : 0;
00703B : 0;
00703C : 0;
00703D : 0;
00703E : 0;
00703F : 0;
007040 : 0;
007041 : 0;
007042 : 0;
007043 : 3;
007044 : 3;
007045 : 3;
007046 : 3;
007047 : 3;
007048 : 3;
007049 : 3;
00704A : 3;
00704B : 3;
00704C : 3;
00704D : 3;
00704E : 3;
00704F : 3;
007050 : 0;
007051 : 0;
007052 : 0;
007053 : 0;
007054 : 0;
007055 : 0;
007056 : 0;
007057 : 0;
007058 : 0;
007059 : 0;
00705A : 0;
00705B : 0;
00705C : 0;
00705D : 0;
00705E : 0;
00705F : 0;
007060 : 0;
007061 : 0;
007062 : 0;
007063 : 0;
007064 : 0;
007065 : 0;
007066 : 0;
007067 : 0;
007068 : 0;
007069 : 0;
00706A : 0;
00706B : 0;
00706C : 0;
00706D : 0;
00706E : 0;
00706F : 0;
007070 : 0;
007071 : 0;
007072 : 0;
007073 : 0;
007074 : 0;
007075 : 0;
007076 : 0;
007077 : 0;
007078 : 0;
007079 : 0;
00707A : 0;
00707B : 0;
00707C : 0;
00707D : 0;
00707E : 0;
00707F : 0;
007080 : 0;
007081 : 0;
007082 : 0;
007083 : 0;
007084 : 0;
007085 : 0;
007086 : 0;
007087 : 0;
007088 : 0;
007089 : 0;
00708A : 0;
00708B : 0;
00708C : 0;
00708D : 0;
00708E : 0;
00708F : 0;
007090 : 0;
007091 : 0;
007092 : 0;
007093 : 0;
007094 : 0;
007095 : 0;
007096 : 0;
007097 : 0;
007098 : 0;
007099 : 0;
00709A : 0;
00709B : 0;
00709C : 0;
00709D : 0;
00709E : 0;
00709F : 0;
0070A0 : 0;
0070A1 : 0;
0070A2 : 0;
0070A3 : 0;
0070A4 : 0;
0070A5 : 0;
0070A6 : 0;
0070A7 : 0;
0070A8 : 0;
0070A9 : 0;
0070AA : 0;
0070AB : 0;
0070AC : 0;
0070AD : 0;
0070AE : 0;
0070AF : 0;
0070B0 : 0;
0070B1 : 0;
0070B2 : 0;
0070B3 : 3;
0070B4 : 3;
0070B5 : 3;
0070B6 : 3;
0070B7 : 3;
0070B8 : 3;
0070B9 : 3;
0070BA : 3;
0070BB : 3;
0070BC : 3;
0070BD : 3;
0070BE : 3;
0070BF : 3;
0070C0 : 3;
0070C1 : 0;
0070C2 : 0;
0070C3 : 0;
0070C4 : 0;
0070C5 : 0;
0070C6 : 0;
0070C7 : 0;
0070C8 : 0;
0070C9 : 0;
0070CA : 0;
0070CB : 0;
0070CC : 0;
0070CD : 0;
0070CE : 0;
0070CF : 2;
0070D0 : 2;
0070D1 : 2;
0070D2 : 2;
0070D3 : 2;
0070D4 : 2;
0070D5 : 2;
0070D6 : 2;
0070D7 : 2;
0070D8 : 0;
0070D9 : 0;
0070DA : 0;
0070DB : 0;
0070DC : 0;
0070DD : 0;
0070DE : 0;
0070DF : 0;
0070E0 : 0;
0070E1 : 3;
0070E2 : 3;
0070E3 : 3;
0070E4 : 3;
0070E5 : 3;
0070E6 : 3;
0070E7 : 0;
0070E8 : 0;
0070E9 : 0;
0070EA : 0;
0070EB : 0;
0070EC : 0;
0070ED : 0;
0070EE : 0;
0070EF : 0;
0070F0 : 0;
0070F1 : 0;
0070F2 : 2;
0070F3 : 2;
0070F4 : 2;
0070F5 : 2;
0070F6 : 2;
0070F7 : 2;
0070F8 : 2;
0070F9 : 2;
0070FA : 3;
0070FB : 0;
0070FC : 0;
0070FD : 0;
0070FE : 0;
0070FF : 0;
007100 : 0;
007101 : 0;
007102 : 0;
007103 : 0;
007104 : 0;
007105 : 0;
007106 : 0;
007107 : 0;
007108 : 0;
007109 : 3;
00710A : 3;
00710B : 3;
00710C : 3;
00710D : 3;
00710E : 3;
00710F : 3;
007110 : 3;
007111 : 3;
007112 : 3;
007113 : 3;
007114 : 3;
007115 : 3;
007116 : 3;
007117 : 0;
007118 : 0;
007119 : 0;
00711A : 0;
00711B : 0;
00711C : 0;
00711D : 0;
00711E : 0;
00711F : 0;
007120 : 0;
007121 : 0;
007122 : 0;
007123 : 0;
007124 : 0;
007125 : 0;
007126 : 0;
007127 : 0;
007128 : 0;
007129 : 0;
00712A : 0;
00712B : 0;
00712C : 0;
00712D : 0;
00712E : 0;
00712F : 0;
007130 : 0;
007131 : 0;
007132 : 0;
007133 : 0;
007134 : 0;
007135 : 0;
007136 : 0;
007137 : 0;
007138 : 0;
007139 : 0;
00713A : 0;
00713B : 0;
00713C : 0;
00713D : 0;
00713E : 0;
00713F : 0;
007140 : 0;
007141 : 0;
007142 : 0;
007143 : 0;
007144 : 0;
007145 : 0;
007146 : 0;
007147 : 0;
007148 : 0;
007149 : 0;
00714A : 0;
00714B : 0;
00714C : 0;
00714D : 0;
00714E : 0;
00714F : 0;
007150 : 0;
007151 : 0;
007152 : 0;
007153 : 0;
007154 : 0;
007155 : 0;
007156 : 0;
007157 : 0;
007158 : 0;
007159 : 0;
00715A : 0;
00715B : 0;
00715C : 0;
00715D : 0;
00715E : 0;
00715F : 0;
007160 : 0;
007161 : 0;
007162 : 0;
007163 : 0;
007164 : 0;
007165 : 0;
007166 : 0;
007167 : 0;
007168 : 0;
007169 : 0;
00716A : 0;
00716B : 0;
00716C : 0;
00716D : 0;
00716E : 0;
00716F : 0;
007170 : 0;
007171 : 0;
007172 : 0;
007173 : 0;
007174 : 0;
007175 : 0;
007176 : 0;
007177 : 0;
007178 : 0;
007179 : 0;
00717A : 0;
00717B : 3;
00717C : 3;
00717D : 3;
00717E : 3;
00717F : 3;
007180 : 3;
007181 : 3;
007182 : 3;
007183 : 3;
007184 : 3;
007185 : 3;
007186 : 3;
007187 : 3;
007188 : 3;
007189 : 3;
00718A : 3;
00718B : 0;
00718C : 0;
00718D : 0;
00718E : 0;
00718F : 0;
007190 : 0;
007191 : 0;
007192 : 0;
007193 : 0;
007194 : 0;
007195 : 0;
007196 : 0;
007197 : 0;
007198 : 0;
007199 : 2;
00719A : 2;
00719B : 2;
00719C : 2;
00719D : 2;
00719E : 2;
00719F : 2;
0071A0 : 2;
0071A1 : 2;
0071A2 : 2;
0071A3 : 2;
0071A4 : 0;
0071A5 : 0;
0071A6 : 0;
0071A7 : 0;
0071A8 : 0;
0071A9 : 3;
0071AA : 3;
0071AB : 3;
0071AC : 3;
0071AD : 3;
0071AE : 3;
0071AF : 0;
0071B0 : 0;
0071B1 : 0;
0071B2 : 0;
0071B3 : 0;
0071B4 : 0;
0071B5 : 3;
0071B6 : 2;
0071B7 : 2;
0071B8 : 2;
0071B9 : 2;
0071BA : 2;
0071BB : 2;
0071BC : 2;
0071BD : 2;
0071BE : 2;
0071BF : 2;
0071C0 : 0;
0071C1 : 0;
0071C2 : 0;
0071C3 : 0;
0071C4 : 0;
0071C5 : 0;
0071C6 : 0;
0071C7 : 0;
0071C8 : 0;
0071C9 : 0;
0071CA : 0;
0071CB : 0;
0071CC : 0;
0071CD : 0;
0071CE : 0;
0071CF : 0;
0071D0 : 3;
0071D1 : 3;
0071D2 : 3;
0071D3 : 3;
0071D4 : 3;
0071D5 : 3;
0071D6 : 3;
0071D7 : 3;
0071D8 : 3;
0071D9 : 3;
0071DA : 3;
0071DB : 3;
0071DC : 3;
0071DD : 3;
0071DE : 0;
0071DF : 0;
0071E0 : 0;
0071E1 : 0;
0071E2 : 0;
0071E3 : 0;
0071E4 : 0;
0071E5 : 0;
0071E6 : 0;
0071E7 : 0;
0071E8 : 0;
0071E9 : 0;
0071EA : 0;
0071EB : 0;
0071EC : 0;
0071ED : 0;
0071EE : 0;
0071EF : 0;
0071F0 : 0;
0071F1 : 0;
0071F2 : 0;
0071F3 : 0;
0071F4 : 0;
0071F5 : 0;
0071F6 : 0;
0071F7 : 0;
0071F8 : 0;
0071F9 : 0;
0071FA : 0;
0071FB : 0;
0071FC : 0;
0071FD : 0;
0071FE : 0;
0071FF : 0;
007200 : 0;
007201 : 0;
007202 : 0;
007203 : 0;
007204 : 0;
007205 : 0;
007206 : 0;
007207 : 0;
007208 : 0;
007209 : 0;
00720A : 0;
00720B : 0;
00720C : 0;
00720D : 0;
00720E : 0;
00720F : 0;
007210 : 0;
007211 : 0;
007212 : 0;
007213 : 0;
007214 : 0;
007215 : 0;
007216 : 0;
007217 : 0;
007218 : 0;
007219 : 0;
00721A : 0;
00721B : 0;
00721C : 0;
00721D : 0;
00721E : 0;
00721F : 0;
007220 : 0;
007221 : 0;
007222 : 0;
007223 : 0;
007224 : 0;
007225 : 0;
007226 : 0;
007227 : 0;
007228 : 0;
007229 : 0;
00722A : 0;
00722B : 0;
00722C : 0;
00722D : 0;
00722E : 0;
00722F : 0;
007230 : 0;
007231 : 0;
007232 : 0;
007233 : 0;
007234 : 0;
007235 : 0;
007236 : 0;
007237 : 0;
007238 : 0;
007239 : 0;
00723A : 0;
00723B : 0;
00723C : 0;
00723D : 0;
00723E : 0;
00723F : 0;
007240 : 0;
007241 : 0;
007242 : 0;
007243 : 0;
007244 : 3;
007245 : 3;
007246 : 3;
007247 : 3;
007248 : 3;
007249 : 3;
00724A : 3;
00724B : 3;
00724C : 3;
00724D : 3;
00724E : 3;
00724F : 3;
007250 : 3;
007251 : 3;
007252 : 3;
007253 : 3;
007254 : 0;
007255 : 0;
007256 : 0;
007257 : 0;
007258 : 0;
007259 : 0;
00725A : 0;
00725B : 0;
00725C : 0;
00725D : 0;
00725E : 0;
00725F : 0;
007260 : 0;
007261 : 0;
007262 : 0;
007263 : 2;
007264 : 2;
007265 : 2;
007266 : 2;
007267 : 2;
007268 : 2;
007269 : 2;
00726A : 2;
00726B : 2;
00726C : 2;
00726D : 2;
00726E : 2;
00726F : 2;
007270 : 2;
007271 : 3;
007272 : 3;
007273 : 3;
007274 : 3;
007275 : 3;
007276 : 3;
007277 : 2;
007278 : 2;
007279 : 2;
00727A : 2;
00727B : 2;
00727C : 2;
00727D : 2;
00727E : 2;
00727F : 2;
007280 : 2;
007281 : 2;
007282 : 2;
007283 : 2;
007284 : 2;
007285 : 2;
007286 : 0;
007287 : 0;
007288 : 0;
007289 : 0;
00728A : 0;
00728B : 0;
00728C : 0;
00728D : 0;
00728E : 0;
00728F : 0;
007290 : 0;
007291 : 0;
007292 : 0;
007293 : 0;
007294 : 0;
007295 : 0;
007296 : 0;
007297 : 3;
007298 : 3;
007299 : 3;
00729A : 3;
00729B : 3;
00729C : 3;
00729D : 3;
00729E : 3;
00729F : 3;
0072A0 : 3;
0072A1 : 3;
0072A2 : 3;
0072A3 : 3;
0072A4 : 3;
0072A5 : 0;
0072A6 : 0;
0072A7 : 0;
0072A8 : 0;
0072A9 : 0;
0072AA : 0;
0072AB : 0;
0072AC : 0;
0072AD : 0;
0072AE : 0;
0072AF : 0;
0072B0 : 0;
0072B1 : 0;
0072B2 : 0;
0072B3 : 0;
0072B4 : 0;
0072B5 : 0;
0072B6 : 0;
0072B7 : 0;
0072B8 : 0;
0072B9 : 0;
0072BA : 0;
0072BB : 0;
0072BC : 0;
0072BD : 0;
0072BE : 0;
0072BF : 0;
0072C0 : 0;
0072C1 : 0;
0072C2 : 0;
0072C3 : 0;
0072C4 : 0;
0072C5 : 0;
0072C6 : 0;
0072C7 : 0;
0072C8 : 0;
0072C9 : 0;
0072CA : 0;
0072CB : 0;
0072CC : 0;
0072CD : 0;
0072CE : 0;
0072CF : 0;
0072D0 : 0;
0072D1 : 0;
0072D2 : 0;
0072D3 : 0;
0072D4 : 0;
0072D5 : 0;
0072D6 : 0;
0072D7 : 0;
0072D8 : 0;
0072D9 : 0;
0072DA : 0;
0072DB : 0;
0072DC : 0;
0072DD : 0;
0072DE : 0;
0072DF : 0;
0072E0 : 0;
0072E1 : 0;
0072E2 : 0;
0072E3 : 0;
0072E4 : 0;
0072E5 : 0;
0072E6 : 0;
0072E7 : 0;
0072E8 : 0;
0072E9 : 0;
0072EA : 0;
0072EB : 0;
0072EC : 0;
0072ED : 0;
0072EE : 0;
0072EF : 0;
0072F0 : 0;
0072F1 : 0;
0072F2 : 0;
0072F3 : 0;
0072F4 : 0;
0072F5 : 0;
0072F6 : 0;
0072F7 : 0;
0072F8 : 0;
0072F9 : 0;
0072FA : 0;
0072FB : 0;
0072FC : 0;
0072FD : 0;
0072FE : 0;
0072FF : 0;
007300 : 0;
007301 : 0;
007302 : 0;
007303 : 0;
007304 : 0;
007305 : 0;
007306 : 0;
007307 : 0;
007308 : 0;
007309 : 0;
00730A : 0;
00730B : 0;
00730C : 0;
00730D : 3;
00730E : 3;
00730F : 3;
007310 : 3;
007311 : 3;
007312 : 3;
007313 : 3;
007314 : 3;
007315 : 3;
007316 : 3;
007317 : 3;
007318 : 3;
007319 : 3;
00731A : 3;
00731B : 3;
00731C : 3;
00731D : 0;
00731E : 0;
00731F : 0;
007320 : 0;
007321 : 0;
007322 : 0;
007323 : 0;
007324 : 0;
007325 : 0;
007326 : 0;
007327 : 0;
007328 : 0;
007329 : 0;
00732A : 0;
00732B : 0;
00732C : 0;
00732D : 0;
00732E : 3;
00732F : 2;
007330 : 2;
007331 : 2;
007332 : 2;
007333 : 2;
007334 : 2;
007335 : 2;
007336 : 2;
007337 : 2;
007338 : 2;
007339 : 2;
00733A : 3;
00733B : 3;
00733C : 3;
00733D : 3;
00733E : 2;
00733F : 2;
007340 : 2;
007341 : 2;
007342 : 2;
007343 : 2;
007344 : 2;
007345 : 2;
007346 : 2;
007347 : 2;
007348 : 2;
007349 : 2;
00734A : 2;
00734B : 0;
00734C : 0;
00734D : 0;
00734E : 0;
00734F : 0;
007350 : 0;
007351 : 0;
007352 : 0;
007353 : 0;
007354 : 0;
007355 : 0;
007356 : 0;
007357 : 0;
007358 : 0;
007359 : 0;
00735A : 0;
00735B : 0;
00735C : 0;
00735D : 3;
00735E : 3;
00735F : 3;
007360 : 3;
007361 : 3;
007362 : 3;
007363 : 3;
007364 : 3;
007365 : 3;
007366 : 3;
007367 : 3;
007368 : 3;
007369 : 3;
00736A : 3;
00736B : 3;
00736C : 0;
00736D : 0;
00736E : 0;
00736F : 0;
007370 : 0;
007371 : 0;
007372 : 0;
007373 : 0;
007374 : 0;
007375 : 0;
007376 : 0;
007377 : 0;
007378 : 0;
007379 : 0;
00737A : 0;
00737B : 0;
00737C : 0;
00737D : 0;
00737E : 0;
00737F : 0;
007380 : 0;
007381 : 0;
007382 : 0;
007383 : 0;
007384 : 0;
007385 : 0;
007386 : 0;
007387 : 0;
007388 : 0;
007389 : 0;
00738A : 0;
00738B : 0;
00738C : 0;
00738D : 0;
00738E : 0;
00738F : 0;
007390 : 0;
007391 : 0;
007392 : 0;
007393 : 0;
007394 : 0;
007395 : 0;
007396 : 0;
007397 : 0;
007398 : 0;
007399 : 0;
00739A : 0;
00739B : 0;
00739C : 0;
00739D : 0;
00739E : 0;
00739F : 0;
0073A0 : 0;
0073A1 : 0;
0073A2 : 0;
0073A3 : 0;
0073A4 : 0;
0073A5 : 0;
0073A6 : 0;
0073A7 : 0;
0073A8 : 0;
0073A9 : 0;
0073AA : 0;
0073AB : 0;
0073AC : 0;
0073AD : 0;
0073AE : 0;
0073AF : 0;
0073B0 : 0;
0073B1 : 0;
0073B2 : 0;
0073B3 : 0;
0073B4 : 0;
0073B5 : 0;
0073B6 : 0;
0073B7 : 0;
0073B8 : 0;
0073B9 : 0;
0073BA : 0;
0073BB : 0;
0073BC : 0;
0073BD : 0;
0073BE : 0;
0073BF : 0;
0073C0 : 0;
0073C1 : 0;
0073C2 : 0;
0073C3 : 0;
0073C4 : 0;
0073C5 : 0;
0073C6 : 0;
0073C7 : 0;
0073C8 : 0;
0073C9 : 0;
0073CA : 0;
0073CB : 0;
0073CC : 0;
0073CD : 0;
0073CE : 0;
0073CF : 0;
0073D0 : 0;
0073D1 : 0;
0073D2 : 0;
0073D3 : 0;
0073D4 : 0;
0073D5 : 0;
0073D6 : 3;
0073D7 : 3;
0073D8 : 3;
0073D9 : 3;
0073DA : 3;
0073DB : 3;
0073DC : 3;
0073DD : 3;
0073DE : 3;
0073DF : 3;
0073E0 : 3;
0073E1 : 3;
0073E2 : 3;
0073E3 : 3;
0073E4 : 3;
0073E5 : 3;
0073E6 : 3;
0073E7 : 0;
0073E8 : 0;
0073E9 : 0;
0073EA : 0;
0073EB : 0;
0073EC : 0;
0073ED : 0;
0073EE : 0;
0073EF : 0;
0073F0 : 0;
0073F1 : 0;
0073F2 : 0;
0073F3 : 0;
0073F4 : 0;
0073F5 : 0;
0073F6 : 0;
0073F7 : 0;
0073F8 : 0;
0073F9 : 0;
0073FA : 2;
0073FB : 2;
0073FC : 2;
0073FD : 2;
0073FE : 2;
0073FF : 2;
007400 : 2;
007401 : 2;
007402 : 3;
007403 : 3;
007404 : 3;
007405 : 3;
007406 : 3;
007407 : 2;
007408 : 2;
007409 : 2;
00740A : 2;
00740B : 2;
00740C : 2;
00740D : 2;
00740E : 2;
00740F : 0;
007410 : 0;
007411 : 0;
007412 : 0;
007413 : 0;
007414 : 0;
007415 : 0;
007416 : 0;
007417 : 0;
007418 : 0;
007419 : 0;
00741A : 0;
00741B : 0;
00741C : 0;
00741D : 0;
00741E : 0;
00741F : 0;
007420 : 0;
007421 : 0;
007422 : 0;
007423 : 0;
007424 : 3;
007425 : 3;
007426 : 3;
007427 : 3;
007428 : 3;
007429 : 3;
00742A : 3;
00742B : 3;
00742C : 3;
00742D : 3;
00742E : 3;
00742F : 3;
007430 : 3;
007431 : 3;
007432 : 3;
007433 : 0;
007434 : 0;
007435 : 0;
007436 : 0;
007437 : 0;
007438 : 0;
007439 : 0;
00743A : 0;
00743B : 0;
00743C : 0;
00743D : 0;
00743E : 0;
00743F : 0;
007440 : 0;
007441 : 0;
007442 : 0;
007443 : 0;
007444 : 0;
007445 : 0;
007446 : 0;
007447 : 0;
007448 : 0;
007449 : 0;
00744A : 0;
00744B : 0;
00744C : 0;
00744D : 0;
00744E : 0;
00744F : 0;
007450 : 0;
007451 : 0;
007452 : 0;
007453 : 0;
007454 : 0;
007455 : 0;
007456 : 0;
007457 : 0;
007458 : 0;
007459 : 0;
00745A : 0;
00745B : 0;
00745C : 0;
00745D : 0;
00745E : 0;
00745F : 0;
007460 : 0;
007461 : 0;
007462 : 0;
007463 : 0;
007464 : 0;
007465 : 0;
007466 : 0;
007467 : 0;
007468 : 0;
007469 : 0;
00746A : 0;
00746B : 0;
00746C : 0;
00746D : 0;
00746E : 0;
00746F : 0;
007470 : 0;
007471 : 0;
007472 : 0;
007473 : 0;
007474 : 0;
007475 : 0;
007476 : 0;
007477 : 0;
007478 : 0;
007479 : 0;
00747A : 0;
00747B : 0;
00747C : 0;
00747D : 0;
00747E : 0;
00747F : 0;
007480 : 0;
007481 : 0;
007482 : 0;
007483 : 0;
007484 : 0;
007485 : 0;
007486 : 0;
007487 : 0;
007488 : 0;
007489 : 0;
00748A : 0;
00748B : 0;
00748C : 0;
00748D : 0;
00748E : 0;
00748F : 0;
007490 : 0;
007491 : 0;
007492 : 0;
007493 : 0;
007494 : 0;
007495 : 0;
007496 : 0;
007497 : 0;
007498 : 0;
007499 : 0;
00749A : 0;
00749B : 0;
00749C : 0;
00749D : 0;
00749E : 0;
00749F : 3;
0074A0 : 3;
0074A1 : 3;
0074A2 : 3;
0074A3 : 3;
0074A4 : 3;
0074A5 : 3;
0074A6 : 3;
0074A7 : 3;
0074A8 : 3;
0074A9 : 3;
0074AA : 3;
0074AB : 3;
0074AC : 3;
0074AD : 3;
0074AE : 3;
0074AF : 3;
0074B0 : 0;
0074B1 : 0;
0074B2 : 0;
0074B3 : 0;
0074B4 : 0;
0074B5 : 0;
0074B6 : 0;
0074B7 : 0;
0074B8 : 0;
0074B9 : 0;
0074BA : 0;
0074BB : 0;
0074BC : 0;
0074BD : 0;
0074BE : 0;
0074BF : 0;
0074C0 : 0;
0074C1 : 0;
0074C2 : 0;
0074C3 : 0;
0074C4 : 0;
0074C5 : 0;
0074C6 : 0;
0074C7 : 0;
0074C8 : 0;
0074C9 : 3;
0074CA : 3;
0074CB : 3;
0074CC : 3;
0074CD : 3;
0074CE : 3;
0074CF : 0;
0074D0 : 0;
0074D1 : 0;
0074D2 : 0;
0074D3 : 0;
0074D4 : 0;
0074D5 : 0;
0074D6 : 0;
0074D7 : 0;
0074D8 : 0;
0074D9 : 0;
0074DA : 0;
0074DB : 0;
0074DC : 0;
0074DD : 0;
0074DE : 0;
0074DF : 0;
0074E0 : 0;
0074E1 : 0;
0074E2 : 0;
0074E3 : 0;
0074E4 : 0;
0074E5 : 0;
0074E6 : 0;
0074E7 : 0;
0074E8 : 0;
0074E9 : 0;
0074EA : 3;
0074EB : 3;
0074EC : 3;
0074ED : 3;
0074EE : 3;
0074EF : 3;
0074F0 : 3;
0074F1 : 3;
0074F2 : 3;
0074F3 : 3;
0074F4 : 3;
0074F5 : 3;
0074F6 : 3;
0074F7 : 3;
0074F8 : 3;
0074F9 : 3;
0074FA : 0;
0074FB : 0;
0074FC : 0;
0074FD : 0;
0074FE : 0;
0074FF : 0;
007500 : 0;
007501 : 0;
007502 : 0;
007503 : 0;
007504 : 0;
007505 : 0;
007506 : 0;
007507 : 0;
007508 : 0;
007509 : 0;
00750A : 0;
00750B : 0;
00750C : 0;
00750D : 0;
00750E : 0;
00750F : 0;
007510 : 0;
007511 : 0;
007512 : 0;
007513 : 0;
007514 : 0;
007515 : 0;
007516 : 0;
007517 : 0;
007518 : 0;
007519 : 0;
00751A : 0;
00751B : 0;
00751C : 0;
00751D : 0;
00751E : 0;
00751F : 0;
007520 : 0;
007521 : 0;
007522 : 0;
007523 : 0;
007524 : 0;
007525 : 0;
007526 : 0;
007527 : 0;
007528 : 0;
007529 : 0;
00752A : 0;
00752B : 0;
00752C : 0;
00752D : 0;
00752E : 0;
00752F : 0;
007530 : 0;
007531 : 0;
007532 : 0;
007533 : 0;
007534 : 0;
007535 : 0;
007536 : 0;
007537 : 0;
007538 : 0;
007539 : 0;
00753A : 0;
00753B : 0;
00753C : 0;
00753D : 0;
00753E : 0;
00753F : 0;
007540 : 0;
007541 : 0;
007542 : 0;
007543 : 0;
007544 : 0;
007545 : 0;
007546 : 0;
007547 : 0;
007548 : 0;
007549 : 0;
00754A : 0;
00754B : 0;
00754C : 0;
00754D : 0;
00754E : 0;
00754F : 0;
007550 : 0;
007551 : 0;
007552 : 0;
007553 : 0;
007554 : 0;
007555 : 0;
007556 : 0;
007557 : 0;
007558 : 0;
007559 : 0;
00755A : 0;
00755B : 0;
00755C : 0;
00755D : 0;
00755E : 0;
00755F : 0;
007560 : 0;
007561 : 0;
007562 : 0;
007563 : 0;
007564 : 0;
007565 : 0;
007566 : 0;
007567 : 0;
007568 : 0;
007569 : 3;
00756A : 3;
00756B : 3;
00756C : 3;
00756D : 3;
00756E : 3;
00756F : 3;
007570 : 3;
007571 : 3;
007572 : 3;
007573 : 3;
007574 : 3;
007575 : 3;
007576 : 3;
007577 : 3;
007578 : 3;
007579 : 3;
00757A : 0;
00757B : 0;
00757C : 0;
00757D : 0;
00757E : 0;
00757F : 0;
007580 : 0;
007581 : 0;
007582 : 0;
007583 : 0;
007584 : 0;
007585 : 0;
007586 : 0;
007587 : 0;
007588 : 0;
007589 : 0;
00758A : 0;
00758B : 0;
00758C : 0;
00758D : 0;
00758E : 0;
00758F : 0;
007590 : 0;
007591 : 3;
007592 : 3;
007593 : 3;
007594 : 3;
007595 : 3;
007596 : 3;
007597 : 0;
007598 : 0;
007599 : 0;
00759A : 0;
00759B : 0;
00759C : 0;
00759D : 0;
00759E : 0;
00759F : 0;
0075A0 : 0;
0075A1 : 0;
0075A2 : 0;
0075A3 : 0;
0075A4 : 0;
0075A5 : 0;
0075A6 : 0;
0075A7 : 0;
0075A8 : 0;
0075A9 : 0;
0075AA : 0;
0075AB : 0;
0075AC : 0;
0075AD : 0;
0075AE : 0;
0075AF : 0;
0075B0 : 0;
0075B1 : 3;
0075B2 : 3;
0075B3 : 3;
0075B4 : 3;
0075B5 : 3;
0075B6 : 3;
0075B7 : 3;
0075B8 : 3;
0075B9 : 3;
0075BA : 3;
0075BB : 3;
0075BC : 3;
0075BD : 3;
0075BE : 3;
0075BF : 3;
0075C0 : 3;
0075C1 : 0;
0075C2 : 0;
0075C3 : 0;
0075C4 : 0;
0075C5 : 0;
0075C6 : 0;
0075C7 : 0;
0075C8 : 0;
0075C9 : 0;
0075CA : 0;
0075CB : 0;
0075CC : 0;
0075CD : 0;
0075CE : 0;
0075CF : 0;
0075D0 : 0;
0075D1 : 0;
0075D2 : 0;
0075D3 : 0;
0075D4 : 0;
0075D5 : 0;
0075D6 : 0;
0075D7 : 0;
0075D8 : 0;
0075D9 : 0;
0075DA : 0;
0075DB : 0;
0075DC : 0;
0075DD : 0;
0075DE : 0;
0075DF : 0;
0075E0 : 0;
0075E1 : 0;
0075E2 : 0;
0075E3 : 0;
0075E4 : 0;
0075E5 : 0;
0075E6 : 0;
0075E7 : 0;
0075E8 : 0;
0075E9 : 0;
0075EA : 0;
0075EB : 0;
0075EC : 0;
0075ED : 0;
0075EE : 0;
0075EF : 0;
0075F0 : 0;
0075F1 : 0;
0075F2 : 0;
0075F3 : 0;
0075F4 : 0;
0075F5 : 0;
0075F6 : 0;
0075F7 : 0;
0075F8 : 0;
0075F9 : 0;
0075FA : 0;
0075FB : 0;
0075FC : 0;
0075FD : 0;
0075FE : 0;
0075FF : 0;
007600 : 0;
007601 : 0;
007602 : 0;
007603 : 0;
007604 : 0;
007605 : 0;
007606 : 0;
007607 : 0;
007608 : 0;
007609 : 0;
00760A : 0;
00760B : 0;
00760C : 0;
00760D : 0;
00760E : 0;
00760F : 0;
007610 : 0;
007611 : 0;
007612 : 0;
007613 : 0;
007614 : 0;
007615 : 0;
007616 : 0;
007617 : 0;
007618 : 0;
007619 : 0;
00761A : 0;
00761B : 0;
00761C : 0;
00761D : 0;
00761E : 0;
00761F : 0;
007620 : 0;
007621 : 0;
007622 : 0;
007623 : 0;
007624 : 0;
007625 : 0;
007626 : 0;
007627 : 0;
007628 : 0;
007629 : 0;
00762A : 0;
00762B : 0;
00762C : 0;
00762D : 0;
00762E : 0;
00762F : 0;
007630 : 0;
007631 : 0;
007632 : 3;
007633 : 3;
007634 : 3;
007635 : 3;
007636 : 3;
007637 : 3;
007638 : 3;
007639 : 3;
00763A : 3;
00763B : 3;
00763C : 3;
00763D : 3;
00763E : 3;
00763F : 3;
007640 : 3;
007641 : 3;
007642 : 3;
007643 : 3;
007644 : 0;
007645 : 0;
007646 : 0;
007647 : 0;
007648 : 0;
007649 : 0;
00764A : 0;
00764B : 0;
00764C : 0;
00764D : 0;
00764E : 0;
00764F : 0;
007650 : 0;
007651 : 0;
007652 : 0;
007653 : 0;
007654 : 0;
007655 : 0;
007656 : 0;
007657 : 0;
007658 : 0;
007659 : 3;
00765A : 3;
00765B : 3;
00765C : 3;
00765D : 3;
00765E : 3;
00765F : 0;
007660 : 0;
007661 : 0;
007662 : 0;
007663 : 0;
007664 : 0;
007665 : 0;
007666 : 0;
007667 : 0;
007668 : 0;
007669 : 0;
00766A : 0;
00766B : 0;
00766C : 0;
00766D : 0;
00766E : 0;
00766F : 0;
007670 : 0;
007671 : 0;
007672 : 0;
007673 : 0;
007674 : 0;
007675 : 0;
007676 : 0;
007677 : 3;
007678 : 3;
007679 : 3;
00767A : 3;
00767B : 3;
00767C : 3;
00767D : 3;
00767E : 3;
00767F : 3;
007680 : 3;
007681 : 3;
007682 : 3;
007683 : 3;
007684 : 3;
007685 : 3;
007686 : 3;
007687 : 3;
007688 : 0;
007689 : 0;
00768A : 0;
00768B : 0;
00768C : 0;
00768D : 0;
00768E : 0;
00768F : 0;
007690 : 0;
007691 : 0;
007692 : 0;
007693 : 0;
007694 : 0;
007695 : 0;
007696 : 0;
007697 : 0;
007698 : 0;
007699 : 0;
00769A : 0;
00769B : 0;
00769C : 0;
00769D : 0;
00769E : 0;
00769F : 0;
0076A0 : 0;
0076A1 : 0;
0076A2 : 0;
0076A3 : 0;
0076A4 : 0;
0076A5 : 0;
0076A6 : 0;
0076A7 : 0;
0076A8 : 0;
0076A9 : 0;
0076AA : 0;
0076AB : 0;
0076AC : 0;
0076AD : 0;
0076AE : 0;
0076AF : 0;
0076B0 : 0;
0076B1 : 0;
0076B2 : 0;
0076B3 : 0;
0076B4 : 0;
0076B5 : 0;
0076B6 : 0;
0076B7 : 0;
0076B8 : 0;
0076B9 : 0;
0076BA : 0;
0076BB : 0;
0076BC : 0;
0076BD : 0;
0076BE : 0;
0076BF : 0;
0076C0 : 0;
0076C1 : 0;
0076C2 : 0;
0076C3 : 0;
0076C4 : 0;
0076C5 : 0;
0076C6 : 0;
0076C7 : 0;
0076C8 : 0;
0076C9 : 0;
0076CA : 0;
0076CB : 0;
0076CC : 0;
0076CD : 0;
0076CE : 0;
0076CF : 0;
0076D0 : 0;
0076D1 : 0;
0076D2 : 0;
0076D3 : 0;
0076D4 : 0;
0076D5 : 0;
0076D6 : 0;
0076D7 : 0;
0076D8 : 0;
0076D9 : 0;
0076DA : 0;
0076DB : 0;
0076DC : 0;
0076DD : 0;
0076DE : 0;
0076DF : 0;
0076E0 : 0;
0076E1 : 0;
0076E2 : 0;
0076E3 : 0;
0076E4 : 0;
0076E5 : 0;
0076E6 : 0;
0076E7 : 0;
0076E8 : 0;
0076E9 : 0;
0076EA : 0;
0076EB : 0;
0076EC : 0;
0076ED : 0;
0076EE : 0;
0076EF : 0;
0076F0 : 0;
0076F1 : 0;
0076F2 : 0;
0076F3 : 0;
0076F4 : 0;
0076F5 : 0;
0076F6 : 0;
0076F7 : 0;
0076F8 : 0;
0076F9 : 0;
0076FA : 0;
0076FB : 3;
0076FC : 3;
0076FD : 3;
0076FE : 3;
0076FF : 3;
007700 : 3;
007701 : 3;
007702 : 3;
007703 : 3;
007704 : 3;
007705 : 3;
007706 : 3;
007707 : 3;
007708 : 3;
007709 : 3;
00770A : 3;
00770B : 3;
00770C : 3;
00770D : 3;
00770E : 0;
00770F : 0;
007710 : 0;
007711 : 0;
007712 : 0;
007713 : 0;
007714 : 0;
007715 : 0;
007716 : 0;
007717 : 0;
007718 : 0;
007719 : 0;
00771A : 0;
00771B : 0;
00771C : 0;
00771D : 0;
00771E : 0;
00771F : 0;
007720 : 0;
007721 : 3;
007722 : 3;
007723 : 3;
007724 : 3;
007725 : 3;
007726 : 3;
007727 : 0;
007728 : 0;
007729 : 0;
00772A : 0;
00772B : 0;
00772C : 0;
00772D : 0;
00772E : 0;
00772F : 0;
007730 : 0;
007731 : 0;
007732 : 0;
007733 : 0;
007734 : 0;
007735 : 0;
007736 : 0;
007737 : 0;
007738 : 0;
007739 : 0;
00773A : 0;
00773B : 0;
00773C : 0;
00773D : 3;
00773E : 3;
00773F : 3;
007740 : 3;
007741 : 3;
007742 : 3;
007743 : 3;
007744 : 3;
007745 : 3;
007746 : 3;
007747 : 3;
007748 : 3;
007749 : 3;
00774A : 3;
00774B : 3;
00774C : 3;
00774D : 3;
00774E : 0;
00774F : 0;
007750 : 0;
007751 : 0;
007752 : 0;
007753 : 0;
007754 : 0;
007755 : 0;
007756 : 0;
007757 : 0;
007758 : 0;
007759 : 0;
00775A : 0;
00775B : 0;
00775C : 0;
00775D : 0;
00775E : 0;
00775F : 0;
007760 : 0;
007761 : 0;
007762 : 0;
007763 : 0;
007764 : 0;
007765 : 0;
007766 : 0;
007767 : 0;
007768 : 0;
007769 : 0;
00776A : 0;
00776B : 0;
00776C : 0;
00776D : 0;
00776E : 0;
00776F : 0;
007770 : 0;
007771 : 0;
007772 : 0;
007773 : 0;
007774 : 0;
007775 : 0;
007776 : 0;
007777 : 0;
007778 : 0;
007779 : 0;
00777A : 0;
00777B : 0;
00777C : 0;
00777D : 0;
00777E : 0;
00777F : 0;
007780 : 0;
007781 : 0;
007782 : 0;
007783 : 0;
007784 : 0;
007785 : 0;
007786 : 0;
007787 : 0;
007788 : 0;
007789 : 0;
00778A : 0;
00778B : 0;
00778C : 0;
00778D : 0;
00778E : 0;
00778F : 0;
007790 : 0;
007791 : 0;
007792 : 0;
007793 : 0;
007794 : 0;
007795 : 0;
007796 : 0;
007797 : 0;
007798 : 0;
007799 : 0;
00779A : 0;
00779B : 0;
00779C : 0;
00779D : 0;
00779E : 0;
00779F : 0;
0077A0 : 0;
0077A1 : 0;
0077A2 : 0;
0077A3 : 0;
0077A4 : 0;
0077A5 : 0;
0077A6 : 0;
0077A7 : 0;
0077A8 : 0;
0077A9 : 0;
0077AA : 0;
0077AB : 0;
0077AC : 0;
0077AD : 0;
0077AE : 0;
0077AF : 0;
0077B0 : 0;
0077B1 : 0;
0077B2 : 0;
0077B3 : 0;
0077B4 : 0;
0077B5 : 0;
0077B6 : 0;
0077B7 : 0;
0077B8 : 0;
0077B9 : 0;
0077BA : 0;
0077BB : 0;
0077BC : 0;
0077BD : 0;
0077BE : 0;
0077BF : 0;
0077C0 : 0;
0077C1 : 0;
0077C2 : 0;
0077C3 : 0;
0077C4 : 3;
0077C5 : 3;
0077C6 : 3;
0077C7 : 3;
0077C8 : 3;
0077C9 : 3;
0077CA : 3;
0077CB : 3;
0077CC : 3;
0077CD : 3;
0077CE : 3;
0077CF : 3;
0077D0 : 3;
0077D1 : 3;
0077D2 : 3;
0077D3 : 3;
0077D4 : 3;
0077D5 : 3;
0077D6 : 3;
0077D7 : 3;
0077D8 : 0;
0077D9 : 0;
0077DA : 0;
0077DB : 0;
0077DC : 0;
0077DD : 0;
0077DE : 0;
0077DF : 0;
0077E0 : 0;
0077E1 : 0;
0077E2 : 0;
0077E3 : 0;
0077E4 : 0;
0077E5 : 0;
0077E6 : 0;
0077E7 : 0;
0077E8 : 0;
0077E9 : 3;
0077EA : 3;
0077EB : 3;
0077EC : 3;
0077ED : 3;
0077EE : 3;
0077EF : 0;
0077F0 : 0;
0077F1 : 0;
0077F2 : 0;
0077F3 : 0;
0077F4 : 0;
0077F5 : 0;
0077F6 : 0;
0077F7 : 0;
0077F8 : 0;
0077F9 : 0;
0077FA : 0;
0077FB : 0;
0077FC : 0;
0077FD : 0;
0077FE : 0;
0077FF : 0;
007800 : 0;
007801 : 0;
007802 : 3;
007803 : 3;
007804 : 3;
007805 : 3;
007806 : 3;
007807 : 3;
007808 : 3;
007809 : 3;
00780A : 3;
00780B : 3;
00780C : 3;
00780D : 3;
00780E : 3;
00780F : 3;
007810 : 3;
007811 : 3;
007812 : 3;
007813 : 3;
007814 : 3;
007815 : 0;
007816 : 0;
007817 : 0;
007818 : 0;
007819 : 0;
00781A : 0;
00781B : 0;
00781C : 0;
00781D : 0;
00781E : 0;
00781F : 0;
007820 : 0;
007821 : 0;
007822 : 0;
007823 : 0;
007824 : 0;
007825 : 0;
007826 : 0;
007827 : 0;
007828 : 0;
007829 : 0;
00782A : 0;
00782B : 0;
00782C : 0;
00782D : 0;
00782E : 0;
00782F : 0;
007830 : 0;
007831 : 0;
007832 : 0;
007833 : 0;
007834 : 0;
007835 : 0;
007836 : 0;
007837 : 0;
007838 : 0;
007839 : 0;
00783A : 0;
00783B : 0;
00783C : 0;
00783D : 0;
00783E : 0;
00783F : 0;
007840 : 0;
007841 : 0;
007842 : 0;
007843 : 0;
007844 : 0;
007845 : 0;
007846 : 0;
007847 : 0;
007848 : 0;
007849 : 0;
00784A : 0;
00784B : 0;
00784C : 0;
00784D : 0;
00784E : 0;
00784F : 0;
007850 : 0;
007851 : 0;
007852 : 0;
007853 : 0;
007854 : 0;
007855 : 0;
007856 : 0;
007857 : 0;
007858 : 0;
007859 : 0;
00785A : 0;
00785B : 0;
00785C : 0;
00785D : 0;
00785E : 0;
00785F : 0;
007860 : 0;
007861 : 0;
007862 : 0;
007863 : 0;
007864 : 0;
007865 : 0;
007866 : 0;
007867 : 0;
007868 : 0;
007869 : 0;
00786A : 0;
00786B : 0;
00786C : 0;
00786D : 0;
00786E : 0;
00786F : 0;
007870 : 0;
007871 : 0;
007872 : 0;
007873 : 0;
007874 : 0;
007875 : 0;
007876 : 0;
007877 : 0;
007878 : 0;
007879 : 0;
00787A : 0;
00787B : 0;
00787C : 0;
00787D : 0;
00787E : 0;
00787F : 0;
007880 : 0;
007881 : 0;
007882 : 0;
007883 : 0;
007884 : 0;
007885 : 0;
007886 : 0;
007887 : 0;
007888 : 0;
007889 : 0;
00788A : 0;
00788B : 0;
00788C : 0;
00788D : 0;
00788E : 3;
00788F : 3;
007890 : 3;
007891 : 3;
007892 : 3;
007893 : 3;
007894 : 3;
007895 : 3;
007896 : 3;
007897 : 3;
007898 : 3;
007899 : 3;
00789A : 3;
00789B : 3;
00789C : 3;
00789D : 3;
00789E : 3;
00789F : 3;
0078A0 : 3;
0078A1 : 3;
0078A2 : 3;
0078A3 : 0;
0078A4 : 0;
0078A5 : 0;
0078A6 : 0;
0078A7 : 0;
0078A8 : 0;
0078A9 : 0;
0078AA : 0;
0078AB : 0;
0078AC : 0;
0078AD : 0;
0078AE : 0;
0078AF : 0;
0078B0 : 0;
0078B1 : 3;
0078B2 : 3;
0078B3 : 3;
0078B4 : 3;
0078B5 : 3;
0078B6 : 3;
0078B7 : 0;
0078B8 : 0;
0078B9 : 0;
0078BA : 0;
0078BB : 0;
0078BC : 0;
0078BD : 0;
0078BE : 0;
0078BF : 0;
0078C0 : 0;
0078C1 : 0;
0078C2 : 0;
0078C3 : 0;
0078C4 : 0;
0078C5 : 0;
0078C6 : 0;
0078C7 : 0;
0078C8 : 3;
0078C9 : 3;
0078CA : 3;
0078CB : 3;
0078CC : 3;
0078CD : 3;
0078CE : 3;
0078CF : 3;
0078D0 : 3;
0078D1 : 3;
0078D2 : 3;
0078D3 : 3;
0078D4 : 3;
0078D5 : 3;
0078D6 : 3;
0078D7 : 3;
0078D8 : 3;
0078D9 : 3;
0078DA : 3;
0078DB : 3;
0078DC : 0;
0078DD : 0;
0078DE : 0;
0078DF : 0;
0078E0 : 0;
0078E1 : 0;
0078E2 : 0;
0078E3 : 0;
0078E4 : 0;
0078E5 : 0;
0078E6 : 0;
0078E7 : 0;
0078E8 : 0;
0078E9 : 0;
0078EA : 0;
0078EB : 0;
0078EC : 0;
0078ED : 0;
0078EE : 0;
0078EF : 0;
0078F0 : 0;
0078F1 : 0;
0078F2 : 0;
0078F3 : 0;
0078F4 : 0;
0078F5 : 0;
0078F6 : 0;
0078F7 : 0;
0078F8 : 0;
0078F9 : 0;
0078FA : 0;
0078FB : 0;
0078FC : 0;
0078FD : 0;
0078FE : 0;
0078FF : 0;
007900 : 0;
007901 : 0;
007902 : 0;
007903 : 0;
007904 : 0;
007905 : 0;
007906 : 0;
007907 : 0;
007908 : 0;
007909 : 0;
00790A : 0;
00790B : 0;
00790C : 0;
00790D : 0;
00790E : 0;
00790F : 0;
007910 : 0;
007911 : 0;
007912 : 0;
007913 : 0;
007914 : 0;
007915 : 0;
007916 : 0;
007917 : 0;
007918 : 0;
007919 : 0;
00791A : 0;
00791B : 0;
00791C : 0;
00791D : 0;
00791E : 0;
00791F : 0;
007920 : 0;
007921 : 0;
007922 : 0;
007923 : 0;
007924 : 0;
007925 : 0;
007926 : 0;
007927 : 0;
007928 : 0;
007929 : 0;
00792A : 0;
00792B : 0;
00792C : 0;
00792D : 0;
00792E : 0;
00792F : 0;
007930 : 0;
007931 : 0;
007932 : 0;
007933 : 0;
007934 : 0;
007935 : 0;
007936 : 0;
007937 : 0;
007938 : 0;
007939 : 0;
00793A : 0;
00793B : 0;
00793C : 0;
00793D : 0;
00793E : 0;
00793F : 0;
007940 : 0;
007941 : 0;
007942 : 0;
007943 : 0;
007944 : 0;
007945 : 0;
007946 : 0;
007947 : 0;
007948 : 0;
007949 : 0;
00794A : 0;
00794B : 0;
00794C : 0;
00794D : 0;
00794E : 0;
00794F : 0;
007950 : 0;
007951 : 0;
007952 : 0;
007953 : 0;
007954 : 0;
007955 : 0;
007956 : 0;
007957 : 3;
007958 : 3;
007959 : 3;
00795A : 3;
00795B : 3;
00795C : 3;
00795D : 3;
00795E : 3;
00795F : 3;
007960 : 3;
007961 : 3;
007962 : 3;
007963 : 3;
007964 : 3;
007965 : 3;
007966 : 3;
007967 : 3;
007968 : 3;
007969 : 3;
00796A : 3;
00796B : 3;
00796C : 3;
00796D : 3;
00796E : 0;
00796F : 0;
007970 : 0;
007971 : 0;
007972 : 0;
007973 : 0;
007974 : 0;
007975 : 0;
007976 : 0;
007977 : 0;
007978 : 0;
007979 : 3;
00797A : 3;
00797B : 3;
00797C : 3;
00797D : 3;
00797E : 3;
00797F : 0;
007980 : 0;
007981 : 0;
007982 : 0;
007983 : 0;
007984 : 0;
007985 : 0;
007986 : 0;
007987 : 0;
007988 : 0;
007989 : 0;
00798A : 0;
00798B : 0;
00798C : 0;
00798D : 3;
00798E : 3;
00798F : 3;
007990 : 3;
007991 : 3;
007992 : 3;
007993 : 3;
007994 : 3;
007995 : 3;
007996 : 3;
007997 : 3;
007998 : 3;
007999 : 3;
00799A : 3;
00799B : 3;
00799C : 3;
00799D : 3;
00799E : 3;
00799F : 3;
0079A0 : 3;
0079A1 : 3;
0079A2 : 0;
0079A3 : 0;
0079A4 : 0;
0079A5 : 0;
0079A6 : 0;
0079A7 : 0;
0079A8 : 0;
0079A9 : 0;
0079AA : 0;
0079AB : 0;
0079AC : 0;
0079AD : 0;
0079AE : 0;
0079AF : 0;
0079B0 : 0;
0079B1 : 0;
0079B2 : 0;
0079B3 : 0;
0079B4 : 0;
0079B5 : 0;
0079B6 : 0;
0079B7 : 0;
0079B8 : 0;
0079B9 : 0;
0079BA : 0;
0079BB : 0;
0079BC : 0;
0079BD : 0;
0079BE : 0;
0079BF : 0;
0079C0 : 0;
0079C1 : 0;
0079C2 : 0;
0079C3 : 0;
0079C4 : 0;
0079C5 : 0;
0079C6 : 0;
0079C7 : 0;
0079C8 : 0;
0079C9 : 0;
0079CA : 0;
0079CB : 0;
0079CC : 0;
0079CD : 0;
0079CE : 0;
0079CF : 0;
0079D0 : 0;
0079D1 : 0;
0079D2 : 0;
0079D3 : 0;
0079D4 : 0;
0079D5 : 0;
0079D6 : 0;
0079D7 : 0;
0079D8 : 0;
0079D9 : 0;
0079DA : 0;
0079DB : 0;
0079DC : 0;
0079DD : 0;
0079DE : 0;
0079DF : 0;
0079E0 : 0;
0079E1 : 0;
0079E2 : 0;
0079E3 : 0;
0079E4 : 0;
0079E5 : 0;
0079E6 : 0;
0079E7 : 0;
0079E8 : 0;
0079E9 : 0;
0079EA : 0;
0079EB : 0;
0079EC : 0;
0079ED : 0;
0079EE : 0;
0079EF : 0;
0079F0 : 0;
0079F1 : 0;
0079F2 : 0;
0079F3 : 0;
0079F4 : 0;
0079F5 : 0;
0079F6 : 0;
0079F7 : 0;
0079F8 : 0;
0079F9 : 0;
0079FA : 0;
0079FB : 0;
0079FC : 0;
0079FD : 0;
0079FE : 0;
0079FF : 0;
007A00 : 0;
007A01 : 0;
007A02 : 0;
007A03 : 0;
007A04 : 0;
007A05 : 0;
007A06 : 0;
007A07 : 0;
007A08 : 0;
007A09 : 0;
007A0A : 0;
007A0B : 0;
007A0C : 0;
007A0D : 0;
007A0E : 0;
007A0F : 0;
007A10 : 0;
007A11 : 0;
007A12 : 0;
007A13 : 0;
007A14 : 0;
007A15 : 0;
007A16 : 0;
007A17 : 0;
007A18 : 0;
007A19 : 0;
007A1A : 0;
007A1B : 0;
007A1C : 0;
007A1D : 0;
007A1E : 0;
007A1F : 0;
007A20 : 0;
007A21 : 3;
007A22 : 3;
007A23 : 3;
007A24 : 3;
007A25 : 3;
007A26 : 3;
007A27 : 3;
007A28 : 3;
007A29 : 3;
007A2A : 3;
007A2B : 3;
007A2C : 3;
007A2D : 3;
007A2E : 3;
007A2F : 3;
007A30 : 3;
007A31 : 3;
007A32 : 3;
007A33 : 3;
007A34 : 3;
007A35 : 3;
007A36 : 3;
007A37 : 3;
007A38 : 3;
007A39 : 3;
007A3A : 3;
007A3B : 0;
007A3C : 0;
007A3D : 0;
007A3E : 0;
007A3F : 0;
007A40 : 0;
007A41 : 3;
007A42 : 3;
007A43 : 3;
007A44 : 3;
007A45 : 3;
007A46 : 3;
007A47 : 0;
007A48 : 0;
007A49 : 0;
007A4A : 0;
007A4B : 0;
007A4C : 0;
007A4D : 0;
007A4E : 0;
007A4F : 0;
007A50 : 3;
007A51 : 3;
007A52 : 3;
007A53 : 3;
007A54 : 3;
007A55 : 3;
007A56 : 3;
007A57 : 3;
007A58 : 3;
007A59 : 3;
007A5A : 3;
007A5B : 3;
007A5C : 3;
007A5D : 3;
007A5E : 3;
007A5F : 3;
007A60 : 3;
007A61 : 3;
007A62 : 3;
007A63 : 3;
007A64 : 3;
007A65 : 3;
007A66 : 3;
007A67 : 3;
007A68 : 3;
007A69 : 0;
007A6A : 0;
007A6B : 0;
007A6C : 0;
007A6D : 0;
007A6E : 0;
007A6F : 0;
007A70 : 0;
007A71 : 0;
007A72 : 0;
007A73 : 0;
007A74 : 0;
007A75 : 0;
007A76 : 0;
007A77 : 0;
007A78 : 0;
007A79 : 0;
007A7A : 0;
007A7B : 0;
007A7C : 0;
007A7D : 0;
007A7E : 0;
007A7F : 0;
007A80 : 0;
007A81 : 0;
007A82 : 0;
007A83 : 0;
007A84 : 0;
007A85 : 0;
007A86 : 0;
007A87 : 0;
007A88 : 0;
007A89 : 0;
007A8A : 0;
007A8B : 0;
007A8C : 0;
007A8D : 0;
007A8E : 0;
007A8F : 0;
007A90 : 0;
007A91 : 0;
007A92 : 0;
007A93 : 0;
007A94 : 0;
007A95 : 0;
007A96 : 0;
007A97 : 0;
007A98 : 0;
007A99 : 0;
007A9A : 0;
007A9B : 0;
007A9C : 0;
007A9D : 0;
007A9E : 0;
007A9F : 0;
007AA0 : 0;
007AA1 : 0;
007AA2 : 0;
007AA3 : 0;
007AA4 : 0;
007AA5 : 0;
007AA6 : 0;
007AA7 : 0;
007AA8 : 0;
007AA9 : 0;
007AAA : 0;
007AAB : 0;
007AAC : 0;
007AAD : 0;
007AAE : 0;
007AAF : 0;
007AB0 : 0;
007AB1 : 0;
007AB2 : 0;
007AB3 : 0;
007AB4 : 0;
007AB5 : 0;
007AB6 : 0;
007AB7 : 0;
007AB8 : 0;
007AB9 : 0;
007ABA : 0;
007ABB : 0;
007ABC : 0;
007ABD : 0;
007ABE : 0;
007ABF : 0;
007AC0 : 0;
007AC1 : 0;
007AC2 : 0;
007AC3 : 0;
007AC4 : 0;
007AC5 : 0;
007AC6 : 0;
007AC7 : 0;
007AC8 : 0;
007AC9 : 0;
007ACA : 0;
007ACB : 0;
007ACC : 0;
007ACD : 0;
007ACE : 0;
007ACF : 0;
007AD0 : 0;
007AD1 : 0;
007AD2 : 0;
007AD3 : 0;
007AD4 : 0;
007AD5 : 0;
007AD6 : 0;
007AD7 : 0;
007AD8 : 0;
007AD9 : 0;
007ADA : 0;
007ADB : 0;
007ADC : 0;
007ADD : 0;
007ADE : 0;
007ADF : 0;
007AE0 : 0;
007AE1 : 0;
007AE2 : 0;
007AE3 : 0;
007AE4 : 0;
007AE5 : 0;
007AE6 : 0;
007AE7 : 0;
007AE8 : 0;
007AE9 : 0;
007AEA : 3;
007AEB : 3;
007AEC : 3;
007AED : 3;
007AEE : 3;
007AEF : 3;
007AF0 : 3;
007AF1 : 3;
007AF2 : 3;
007AF3 : 3;
007AF4 : 3;
007AF5 : 3;
007AF6 : 3;
007AF7 : 3;
007AF8 : 3;
007AF9 : 3;
007AFA : 3;
007AFB : 3;
007AFC : 3;
007AFD : 3;
007AFE : 3;
007AFF : 3;
007B00 : 3;
007B01 : 3;
007B02 : 3;
007B03 : 3;
007B04 : 3;
007B05 : 3;
007B06 : 3;
007B07 : 3;
007B08 : 3;
007B09 : 3;
007B0A : 3;
007B0B : 3;
007B0C : 3;
007B0D : 3;
007B0E : 3;
007B0F : 0;
007B10 : 3;
007B11 : 3;
007B12 : 3;
007B13 : 3;
007B14 : 3;
007B15 : 3;
007B16 : 3;
007B17 : 3;
007B18 : 3;
007B19 : 3;
007B1A : 3;
007B1B : 3;
007B1C : 3;
007B1D : 3;
007B1E : 3;
007B1F : 3;
007B20 : 3;
007B21 : 3;
007B22 : 3;
007B23 : 3;
007B24 : 3;
007B25 : 3;
007B26 : 3;
007B27 : 3;
007B28 : 3;
007B29 : 3;
007B2A : 3;
007B2B : 3;
007B2C : 3;
007B2D : 3;
007B2E : 3;
007B2F : 0;
007B30 : 0;
007B31 : 0;
007B32 : 0;
007B33 : 0;
007B34 : 0;
007B35 : 0;
007B36 : 0;
007B37 : 0;
007B38 : 0;
007B39 : 0;
007B3A : 0;
007B3B : 0;
007B3C : 0;
007B3D : 0;
007B3E : 0;
007B3F : 0;
007B40 : 0;
007B41 : 0;
007B42 : 0;
007B43 : 0;
007B44 : 0;
007B45 : 0;
007B46 : 0;
007B47 : 0;
007B48 : 0;
007B49 : 0;
007B4A : 0;
007B4B : 0;
007B4C : 0;
007B4D : 0;
007B4E : 0;
007B4F : 0;
007B50 : 0;
007B51 : 0;
007B52 : 0;
007B53 : 0;
007B54 : 0;
007B55 : 0;
007B56 : 0;
007B57 : 0;
007B58 : 0;
007B59 : 0;
007B5A : 0;
007B5B : 0;
007B5C : 0;
007B5D : 0;
007B5E : 0;
007B5F : 0;
007B60 : 0;
007B61 : 0;
007B62 : 0;
007B63 : 0;
007B64 : 0;
007B65 : 0;
007B66 : 0;
007B67 : 0;
007B68 : 0;
007B69 : 0;
007B6A : 0;
007B6B : 0;
007B6C : 0;
007B6D : 0;
007B6E : 0;
007B6F : 0;
007B70 : 0;
007B71 : 0;
007B72 : 0;
007B73 : 0;
007B74 : 0;
007B75 : 0;
007B76 : 0;
007B77 : 0;
007B78 : 0;
007B79 : 0;
007B7A : 0;
007B7B : 0;
007B7C : 0;
007B7D : 0;
007B7E : 0;
007B7F : 0;
007B80 : 0;
007B81 : 0;
007B82 : 0;
007B83 : 0;
007B84 : 0;
007B85 : 0;
007B86 : 0;
007B87 : 0;
007B88 : 0;
007B89 : 0;
007B8A : 0;
007B8B : 0;
007B8C : 0;
007B8D : 0;
007B8E : 0;
007B8F : 0;
007B90 : 0;
007B91 : 0;
007B92 : 0;
007B93 : 0;
007B94 : 0;
007B95 : 0;
007B96 : 0;
007B97 : 0;
007B98 : 0;
007B99 : 0;
007B9A : 0;
007B9B : 0;
007B9C : 0;
007B9D : 0;
007B9E : 0;
007B9F : 0;
007BA0 : 0;
007BA1 : 0;
007BA2 : 0;
007BA3 : 0;
007BA4 : 0;
007BA5 : 0;
007BA6 : 0;
007BA7 : 0;
007BA8 : 0;
007BA9 : 0;
007BAA : 0;
007BAB : 0;
007BAC : 0;
007BAD : 0;
007BAE : 0;
007BAF : 0;
007BB0 : 0;
007BB1 : 0;
007BB2 : 0;
007BB3 : 0;
007BB4 : 3;
007BB5 : 3;
007BB6 : 3;
007BB7 : 3;
007BB8 : 3;
007BB9 : 3;
007BBA : 3;
007BBB : 3;
007BBC : 3;
007BBD : 3;
007BBE : 3;
007BBF : 3;
007BC0 : 3;
007BC1 : 3;
007BC2 : 3;
007BC3 : 3;
007BC4 : 3;
007BC5 : 3;
007BC6 : 3;
007BC7 : 3;
007BC8 : 3;
007BC9 : 3;
007BCA : 3;
007BCB : 3;
007BCC : 3;
007BCD : 3;
007BCE : 3;
007BCF : 3;
007BD0 : 3;
007BD1 : 3;
007BD2 : 3;
007BD3 : 3;
007BD4 : 3;
007BD5 : 3;
007BD6 : 3;
007BD7 : 3;
007BD8 : 3;
007BD9 : 3;
007BDA : 3;
007BDB : 3;
007BDC : 3;
007BDD : 3;
007BDE : 3;
007BDF : 3;
007BE0 : 3;
007BE1 : 3;
007BE2 : 3;
007BE3 : 3;
007BE4 : 3;
007BE5 : 3;
007BE6 : 3;
007BE7 : 3;
007BE8 : 3;
007BE9 : 3;
007BEA : 3;
007BEB : 3;
007BEC : 3;
007BED : 3;
007BEE : 3;
007BEF : 3;
007BF0 : 3;
007BF1 : 3;
007BF2 : 3;
007BF3 : 3;
007BF4 : 3;
007BF5 : 3;
007BF6 : 0;
007BF7 : 0;
007BF8 : 0;
007BF9 : 0;
007BFA : 0;
007BFB : 0;
007BFC : 0;
007BFD : 0;
007BFE : 0;
007BFF : 0;
007C00 : 0;
007C01 : 0;
007C02 : 0;
007C03 : 0;
007C04 : 0;
007C05 : 0;
007C06 : 0;
007C07 : 0;
007C08 : 0;
007C09 : 0;
007C0A : 0;
007C0B : 0;
007C0C : 0;
007C0D : 0;
007C0E : 0;
007C0F : 0;
007C10 : 0;
007C11 : 0;
007C12 : 0;
007C13 : 0;
007C14 : 0;
007C15 : 0;
007C16 : 0;
007C17 : 0;
007C18 : 0;
007C19 : 0;
007C1A : 0;
007C1B : 0;
007C1C : 0;
007C1D : 0;
007C1E : 0;
007C1F : 0;
007C20 : 0;
007C21 : 0;
007C22 : 0;
007C23 : 0;
007C24 : 0;
007C25 : 0;
007C26 : 0;
007C27 : 0;
007C28 : 0;
007C29 : 0;
007C2A : 0;
007C2B : 0;
007C2C : 0;
007C2D : 0;
007C2E : 0;
007C2F : 0;
007C30 : 0;
007C31 : 0;
007C32 : 0;
007C33 : 0;
007C34 : 0;
007C35 : 0;
007C36 : 0;
007C37 : 0;
007C38 : 0;
007C39 : 0;
007C3A : 0;
007C3B : 0;
007C3C : 0;
007C3D : 0;
007C3E : 0;
007C3F : 0;
007C40 : 0;
007C41 : 0;
007C42 : 0;
007C43 : 0;
007C44 : 0;
007C45 : 0;
007C46 : 0;
007C47 : 0;
007C48 : 0;
007C49 : 0;
007C4A : 0;
007C4B : 0;
007C4C : 0;
007C4D : 0;
007C4E : 0;
007C4F : 0;
007C50 : 0;
007C51 : 0;
007C52 : 0;
007C53 : 0;
007C54 : 0;
007C55 : 0;
007C56 : 0;
007C57 : 0;
007C58 : 0;
007C59 : 0;
007C5A : 0;
007C5B : 0;
007C5C : 0;
007C5D : 0;
007C5E : 0;
007C5F : 0;
007C60 : 0;
007C61 : 0;
007C62 : 0;
007C63 : 0;
007C64 : 0;
007C65 : 0;
007C66 : 0;
007C67 : 0;
007C68 : 0;
007C69 : 0;
007C6A : 0;
007C6B : 0;
007C6C : 0;
007C6D : 0;
007C6E : 0;
007C6F : 0;
007C70 : 0;
007C71 : 0;
007C72 : 0;
007C73 : 0;
007C74 : 0;
007C75 : 0;
007C76 : 0;
007C77 : 0;
007C78 : 0;
007C79 : 0;
007C7A : 0;
007C7B : 0;
007C7C : 0;
007C7D : 0;
007C7E : 3;
007C7F : 3;
007C80 : 3;
007C81 : 3;
007C82 : 3;
007C83 : 3;
007C84 : 3;
007C85 : 3;
007C86 : 3;
007C87 : 3;
007C88 : 3;
007C89 : 3;
007C8A : 3;
007C8B : 3;
007C8C : 3;
007C8D : 3;
007C8E : 3;
007C8F : 3;
007C90 : 3;
007C91 : 3;
007C92 : 3;
007C93 : 3;
007C94 : 3;
007C95 : 3;
007C96 : 3;
007C97 : 3;
007C98 : 3;
007C99 : 3;
007C9A : 3;
007C9B : 3;
007C9C : 3;
007C9D : 3;
007C9E : 3;
007C9F : 3;
007CA0 : 3;
007CA1 : 3;
007CA2 : 3;
007CA3 : 3;
007CA4 : 3;
007CA5 : 3;
007CA6 : 3;
007CA7 : 3;
007CA8 : 3;
007CA9 : 3;
007CAA : 3;
007CAB : 3;
007CAC : 3;
007CAD : 3;
007CAE : 3;
007CAF : 3;
007CB0 : 3;
007CB1 : 3;
007CB2 : 3;
007CB3 : 3;
007CB4 : 3;
007CB5 : 3;
007CB6 : 3;
007CB7 : 3;
007CB8 : 3;
007CB9 : 3;
007CBA : 3;
007CBB : 3;
007CBC : 0;
007CBD : 0;
007CBE : 0;
007CBF : 0;
007CC0 : 0;
007CC1 : 0;
007CC2 : 0;
007CC3 : 0;
007CC4 : 0;
007CC5 : 0;
007CC6 : 0;
007CC7 : 0;
007CC8 : 0;
007CC9 : 0;
007CCA : 0;
007CCB : 0;
007CCC : 0;
007CCD : 0;
007CCE : 0;
007CCF : 0;
007CD0 : 0;
007CD1 : 0;
007CD2 : 0;
007CD3 : 0;
007CD4 : 0;
007CD5 : 0;
007CD6 : 0;
007CD7 : 0;
007CD8 : 0;
007CD9 : 0;
007CDA : 0;
007CDB : 0;
007CDC : 0;
007CDD : 0;
007CDE : 0;
007CDF : 0;
007CE0 : 0;
007CE1 : 0;
007CE2 : 0;
007CE3 : 0;
007CE4 : 0;
007CE5 : 0;
007CE6 : 0;
007CE7 : 0;
007CE8 : 0;
007CE9 : 0;
007CEA : 0;
007CEB : 0;
007CEC : 0;
007CED : 0;
007CEE : 0;
007CEF : 0;
007CF0 : 0;
007CF1 : 0;
007CF2 : 0;
007CF3 : 0;
007CF4 : 0;
007CF5 : 0;
007CF6 : 0;
007CF7 : 0;
007CF8 : 0;
007CF9 : 0;
007CFA : 0;
007CFB : 0;
007CFC : 0;
007CFD : 0;
007CFE : 0;
007CFF : 0;
007D00 : 0;
007D01 : 0;
007D02 : 0;
007D03 : 0;
007D04 : 0;
007D05 : 0;
007D06 : 0;
007D07 : 0;
007D08 : 0;
007D09 : 0;
007D0A : 0;
007D0B : 0;
007D0C : 0;
007D0D : 0;
007D0E : 0;
007D0F : 0;
007D10 : 0;
007D11 : 0;
007D12 : 0;
007D13 : 0;
007D14 : 0;
007D15 : 0;
007D16 : 0;
007D17 : 0;
007D18 : 0;
007D19 : 0;
007D1A : 0;
007D1B : 0;
007D1C : 0;
007D1D : 0;
007D1E : 0;
007D1F : 0;
007D20 : 0;
007D21 : 0;
007D22 : 0;
007D23 : 0;
007D24 : 0;
007D25 : 0;
007D26 : 0;
007D27 : 0;
007D28 : 0;
007D29 : 0;
007D2A : 0;
007D2B : 0;
007D2C : 0;
007D2D : 0;
007D2E : 0;
007D2F : 0;
007D30 : 0;
007D31 : 0;
007D32 : 0;
007D33 : 0;
007D34 : 0;
007D35 : 0;
007D36 : 0;
007D37 : 0;
007D38 : 0;
007D39 : 0;
007D3A : 0;
007D3B : 0;
007D3C : 0;
007D3D : 0;
007D3E : 0;
007D3F : 0;
007D40 : 0;
007D41 : 0;
007D42 : 0;
007D43 : 0;
007D44 : 0;
007D45 : 0;
007D46 : 0;
007D47 : 0;
007D48 : 3;
007D49 : 3;
007D4A : 3;
007D4B : 3;
007D4C : 3;
007D4D : 3;
007D4E : 3;
007D4F : 3;
007D50 : 3;
007D51 : 3;
007D52 : 3;
007D53 : 3;
007D54 : 3;
007D55 : 3;
007D56 : 3;
007D57 : 3;
007D58 : 3;
007D59 : 3;
007D5A : 3;
007D5B : 3;
007D5C : 3;
007D5D : 3;
007D5E : 3;
007D5F : 3;
007D60 : 3;
007D61 : 3;
007D62 : 3;
007D63 : 3;
007D64 : 3;
007D65 : 3;
007D66 : 3;
007D67 : 3;
007D68 : 3;
007D69 : 3;
007D6A : 3;
007D6B : 3;
007D6C : 3;
007D6D : 3;
007D6E : 3;
007D6F : 3;
007D70 : 3;
007D71 : 3;
007D72 : 3;
007D73 : 3;
007D74 : 3;
007D75 : 3;
007D76 : 3;
007D77 : 3;
007D78 : 3;
007D79 : 3;
007D7A : 3;
007D7B : 3;
007D7C : 3;
007D7D : 3;
007D7E : 3;
007D7F : 3;
007D80 : 3;
007D81 : 3;
007D82 : 0;
007D83 : 0;
007D84 : 0;
007D85 : 0;
007D86 : 0;
007D87 : 0;
007D88 : 0;
007D89 : 0;
007D8A : 0;
007D8B : 0;
007D8C : 0;
007D8D : 0;
007D8E : 0;
007D8F : 0;
007D90 : 0;
007D91 : 0;
007D92 : 0;
007D93 : 0;
007D94 : 0;
007D95 : 0;
007D96 : 0;
007D97 : 0;
007D98 : 0;
007D99 : 0;
007D9A : 0;
007D9B : 0;
007D9C : 0;
007D9D : 0;
007D9E : 0;
007D9F : 0;
007DA0 : 0;
007DA1 : 0;
007DA2 : 0;
007DA3 : 0;
007DA4 : 0;
007DA5 : 0;
007DA6 : 0;
007DA7 : 0;
007DA8 : 0;
007DA9 : 0;
007DAA : 0;
007DAB : 0;
007DAC : 0;
007DAD : 0;
007DAE : 0;
007DAF : 0;
007DB0 : 0;
007DB1 : 0;
007DB2 : 0;
007DB3 : 0;
007DB4 : 0;
007DB5 : 0;
007DB6 : 0;
007DB7 : 0;
007DB8 : 0;
007DB9 : 0;
007DBA : 0;
007DBB : 0;
007DBC : 0;
007DBD : 0;
007DBE : 0;
007DBF : 0;
007DC0 : 0;
007DC1 : 0;
007DC2 : 0;
007DC3 : 0;
007DC4 : 0;
007DC5 : 0;
007DC6 : 0;
007DC7 : 0;
007DC8 : 0;
007DC9 : 0;
007DCA : 0;
007DCB : 0;
007DCC : 0;
007DCD : 0;
007DCE : 0;
007DCF : 0;
007DD0 : 0;
007DD1 : 0;
007DD2 : 0;
007DD3 : 0;
007DD4 : 0;
007DD5 : 0;
007DD6 : 0;
007DD7 : 0;
007DD8 : 0;
007DD9 : 0;
007DDA : 0;
007DDB : 0;
007DDC : 0;
007DDD : 0;
007DDE : 0;
007DDF : 0;
007DE0 : 0;
007DE1 : 0;
007DE2 : 0;
007DE3 : 0;
007DE4 : 0;
007DE5 : 0;
007DE6 : 0;
007DE7 : 0;
007DE8 : 0;
007DE9 : 0;
007DEA : 0;
007DEB : 0;
007DEC : 0;
007DED : 0;
007DEE : 0;
007DEF : 0;
007DF0 : 0;
007DF1 : 0;
007DF2 : 0;
007DF3 : 0;
007DF4 : 0;
007DF5 : 0;
007DF6 : 0;
007DF7 : 0;
007DF8 : 0;
007DF9 : 0;
007DFA : 0;
007DFB : 0;
007DFC : 0;
007DFD : 0;
007DFE : 0;
007DFF : 0;
007E00 : 0;
007E01 : 0;
007E02 : 0;
007E03 : 0;
007E04 : 0;
007E05 : 0;
007E06 : 0;
007E07 : 0;
007E08 : 0;
007E09 : 0;
007E0A : 0;
007E0B : 0;
007E0C : 0;
007E0D : 0;
007E0E : 0;
007E0F : 0;
007E10 : 0;
007E11 : 0;
007E12 : 3;
007E13 : 3;
007E14 : 3;
007E15 : 3;
007E16 : 3;
007E17 : 3;
007E18 : 3;
007E19 : 3;
007E1A : 3;
007E1B : 3;
007E1C : 3;
007E1D : 3;
007E1E : 3;
007E1F : 3;
007E20 : 3;
007E21 : 3;
007E22 : 3;
007E23 : 3;
007E24 : 3;
007E25 : 3;
007E26 : 3;
007E27 : 3;
007E28 : 3;
007E29 : 3;
007E2A : 3;
007E2B : 3;
007E2C : 3;
007E2D : 3;
007E2E : 3;
007E2F : 3;
007E30 : 3;
007E31 : 3;
007E32 : 3;
007E33 : 3;
007E34 : 3;
007E35 : 3;
007E36 : 3;
007E37 : 3;
007E38 : 3;
007E39 : 3;
007E3A : 3;
007E3B : 3;
007E3C : 3;
007E3D : 3;
007E3E : 3;
007E3F : 3;
007E40 : 3;
007E41 : 3;
007E42 : 3;
007E43 : 3;
007E44 : 3;
007E45 : 3;
007E46 : 3;
007E47 : 3;
007E48 : 0;
007E49 : 0;
007E4A : 0;
007E4B : 0;
007E4C : 0;
007E4D : 0;
007E4E : 0;
007E4F : 0;
007E50 : 0;
007E51 : 0;
007E52 : 0;
007E53 : 0;
007E54 : 0;
007E55 : 0;
007E56 : 0;
007E57 : 0;
007E58 : 0;
007E59 : 0;
007E5A : 0;
007E5B : 0;
007E5C : 0;
007E5D : 0;
007E5E : 0;
007E5F : 0;
007E60 : 0;
007E61 : 0;
007E62 : 0;
007E63 : 0;
007E64 : 0;
007E65 : 0;
007E66 : 0;
007E67 : 0;
007E68 : 0;
007E69 : 0;
007E6A : 0;
007E6B : 0;
007E6C : 0;
007E6D : 0;
007E6E : 0;
007E6F : 0;
007E70 : 0;
007E71 : 0;
007E72 : 0;
007E73 : 0;
007E74 : 0;
007E75 : 0;
007E76 : 0;
007E77 : 0;
007E78 : 0;
007E79 : 0;
007E7A : 0;
007E7B : 0;
007E7C : 0;
007E7D : 0;
007E7E : 0;
007E7F : 0;
007E80 : 0;
007E81 : 0;
007E82 : 0;
007E83 : 0;
007E84 : 0;
007E85 : 0;
007E86 : 0;
007E87 : 0;
007E88 : 0;
007E89 : 0;
007E8A : 0;
007E8B : 0;
007E8C : 0;
007E8D : 0;
007E8E : 0;
007E8F : 0;
007E90 : 0;
007E91 : 0;
007E92 : 0;
007E93 : 0;
007E94 : 0;
007E95 : 0;
007E96 : 0;
007E97 : 0;
007E98 : 0;
007E99 : 0;
007E9A : 0;
007E9B : 0;
007E9C : 0;
007E9D : 0;
007E9E : 0;
007E9F : 0;
007EA0 : 0;
007EA1 : 0;
007EA2 : 0;
007EA3 : 0;
007EA4 : 0;
007EA5 : 0;
007EA6 : 0;
007EA7 : 0;
007EA8 : 0;
007EA9 : 0;
007EAA : 0;
007EAB : 0;
007EAC : 0;
007EAD : 0;
007EAE : 0;
007EAF : 0;
007EB0 : 0;
007EB1 : 0;
007EB2 : 0;
007EB3 : 0;
007EB4 : 0;
007EB5 : 0;
007EB6 : 0;
007EB7 : 0;
007EB8 : 0;
007EB9 : 0;
007EBA : 0;
007EBB : 0;
007EBC : 0;
007EBD : 0;
007EBE : 0;
007EBF : 0;
007EC0 : 0;
007EC1 : 0;
007EC2 : 0;
007EC3 : 0;
007EC4 : 0;
007EC5 : 0;
007EC6 : 0;
007EC7 : 0;
007EC8 : 0;
007EC9 : 0;
007ECA : 0;
007ECB : 0;
007ECC : 0;
007ECD : 0;
007ECE : 0;
007ECF : 0;
007ED0 : 0;
007ED1 : 0;
007ED2 : 0;
007ED3 : 0;
007ED4 : 0;
007ED5 : 0;
007ED6 : 0;
007ED7 : 0;
007ED8 : 0;
007ED9 : 0;
007EDA : 0;
007EDB : 0;
007EDC : 3;
007EDD : 3;
007EDE : 3;
007EDF : 3;
007EE0 : 3;
007EE1 : 3;
007EE2 : 3;
007EE3 : 3;
007EE4 : 3;
007EE5 : 3;
007EE6 : 3;
007EE7 : 3;
007EE8 : 3;
007EE9 : 3;
007EEA : 3;
007EEB : 3;
007EEC : 3;
007EED : 3;
007EEE : 3;
007EEF : 3;
007EF0 : 3;
007EF1 : 3;
007EF2 : 3;
007EF3 : 3;
007EF4 : 3;
007EF5 : 3;
007EF6 : 3;
007EF7 : 3;
007EF8 : 3;
007EF9 : 3;
007EFA : 3;
007EFB : 3;
007EFC : 3;
007EFD : 3;
007EFE : 3;
007EFF : 3;
007F00 : 3;
007F01 : 3;
007F02 : 3;
007F03 : 3;
007F04 : 3;
007F05 : 3;
007F06 : 3;
007F07 : 3;
007F08 : 3;
007F09 : 3;
007F0A : 3;
007F0B : 3;
007F0C : 3;
007F0D : 0;
007F0E : 0;
007F0F : 0;
007F10 : 0;
007F11 : 0;
007F12 : 0;
007F13 : 0;
007F14 : 0;
007F15 : 0;
007F16 : 0;
007F17 : 0;
007F18 : 0;
007F19 : 0;
007F1A : 0;
007F1B : 0;
007F1C : 0;
007F1D : 0;
007F1E : 0;
007F1F : 0;
007F20 : 0;
007F21 : 0;
007F22 : 0;
007F23 : 0;
007F24 : 0;
007F25 : 0;
007F26 : 0;
007F27 : 0;
007F28 : 0;
007F29 : 0;
007F2A : 0;
007F2B : 0;
007F2C : 0;
007F2D : 0;
007F2E : 0;
007F2F : 0;
007F30 : 0;
007F31 : 0;
007F32 : 0;
007F33 : 0;
007F34 : 0;
007F35 : 0;
007F36 : 0;
007F37 : 0;
007F38 : 0;
007F39 : 0;
007F3A : 0;
007F3B : 0;
007F3C : 0;
007F3D : 0;
007F3E : 0;
007F3F : 0;
007F40 : 0;
007F41 : 0;
007F42 : 0;
007F43 : 0;
007F44 : 0;
007F45 : 0;
007F46 : 0;
007F47 : 0;
007F48 : 0;
007F49 : 0;
007F4A : 0;
007F4B : 0;
007F4C : 0;
007F4D : 0;
007F4E : 0;
007F4F : 0;
007F50 : 0;
007F51 : 0;
007F52 : 0;
007F53 : 0;
007F54 : 0;
007F55 : 0;
007F56 : 0;
007F57 : 0;
007F58 : 0;
007F59 : 0;
007F5A : 0;
007F5B : 0;
007F5C : 0;
007F5D : 0;
007F5E : 0;
007F5F : 0;
007F60 : 0;
007F61 : 0;
007F62 : 0;
007F63 : 0;
007F64 : 0;
007F65 : 0;
007F66 : 0;
007F67 : 0;
007F68 : 0;
007F69 : 0;
007F6A : 0;
007F6B : 0;
007F6C : 0;
007F6D : 0;
007F6E : 0;
007F6F : 0;
007F70 : 0;
007F71 : 0;
007F72 : 0;
007F73 : 0;
007F74 : 0;
007F75 : 0;
007F76 : 0;
007F77 : 0;
007F78 : 0;
007F79 : 0;
007F7A : 0;
007F7B : 0;
007F7C : 0;
007F7D : 0;
007F7E : 0;
007F7F : 0;
007F80 : 0;
007F81 : 0;
007F82 : 0;
007F83 : 0;
007F84 : 0;
007F85 : 0;
007F86 : 0;
007F87 : 0;
007F88 : 0;
007F89 : 0;
007F8A : 0;
007F8B : 0;
007F8C : 0;
007F8D : 0;
007F8E : 0;
007F8F : 0;
007F90 : 0;
007F91 : 0;
007F92 : 0;
007F93 : 0;
007F94 : 0;
007F95 : 0;
007F96 : 0;
007F97 : 0;
007F98 : 0;
007F99 : 0;
007F9A : 0;
007F9B : 0;
007F9C : 0;
007F9D : 0;
007F9E : 0;
007F9F : 0;
007FA0 : 0;
007FA1 : 0;
007FA2 : 0;
007FA3 : 0;
007FA4 : 0;
007FA5 : 0;
007FA6 : 0;
007FA7 : 3;
007FA8 : 3;
007FA9 : 3;
007FAA : 3;
007FAB : 3;
007FAC : 3;
007FAD : 3;
007FAE : 3;
007FAF : 3;
007FB0 : 3;
007FB1 : 3;
007FB2 : 3;
007FB3 : 3;
007FB4 : 3;
007FB5 : 3;
007FB6 : 3;
007FB7 : 3;
007FB8 : 3;
007FB9 : 3;
007FBA : 3;
007FBB : 3;
007FBC : 3;
007FBD : 3;
007FBE : 3;
007FBF : 3;
007FC0 : 3;
007FC1 : 3;
007FC2 : 3;
007FC3 : 3;
007FC4 : 3;
007FC5 : 3;
007FC6 : 3;
007FC7 : 3;
007FC8 : 3;
007FC9 : 3;
007FCA : 3;
007FCB : 3;
007FCC : 3;
007FCD : 3;
007FCE : 3;
007FCF : 3;
007FD0 : 3;
007FD1 : 3;
007FD2 : 3;
007FD3 : 0;
007FD4 : 0;
007FD5 : 0;
007FD6 : 0;
007FD7 : 0;
007FD8 : 0;
007FD9 : 0;
007FDA : 0;
007FDB : 0;
007FDC : 0;
007FDD : 0;
007FDE : 0;
007FDF : 0;
007FE0 : 0;
007FE1 : 0;
007FE2 : 0;
007FE3 : 0;
007FE4 : 0;
007FE5 : 0;
007FE6 : 0;
007FE7 : 0;
007FE8 : 0;
007FE9 : 0;
007FEA : 0;
007FEB : 0;
007FEC : 0;
007FED : 0;
007FEE : 0;
007FEF : 0;
007FF0 : 0;
007FF1 : 0;
007FF2 : 0;
007FF3 : 0;
007FF4 : 0;
007FF5 : 0;
007FF6 : 0;
007FF7 : 0;
007FF8 : 0;
007FF9 : 0;
007FFA : 0;
007FFB : 0;
007FFC : 0;
007FFD : 0;
007FFE : 0;
007FFF : 0;
008000 : 0;
008001 : 0;
008002 : 0;
008003 : 0;
008004 : 0;
008005 : 0;
008006 : 0;
008007 : 0;
008008 : 0;
008009 : 0;
00800A : 0;
00800B : 0;
00800C : 0;
00800D : 0;
00800E : 0;
00800F : 0;
008010 : 0;
008011 : 0;
008012 : 0;
008013 : 0;
008014 : 0;
008015 : 0;
008016 : 0;
008017 : 0;
008018 : 0;
008019 : 0;
00801A : 0;
00801B : 0;
00801C : 0;
00801D : 0;
00801E : 0;
00801F : 0;
008020 : 0;
008021 : 0;
008022 : 0;
008023 : 0;
008024 : 0;
008025 : 0;
008026 : 0;
008027 : 0;
008028 : 0;
008029 : 0;
00802A : 0;
00802B : 0;
00802C : 0;
00802D : 0;
00802E : 0;
00802F : 0;
008030 : 0;
008031 : 0;
008032 : 0;
008033 : 0;
008034 : 0;
008035 : 0;
008036 : 0;
008037 : 0;
008038 : 0;
008039 : 0;
00803A : 0;
00803B : 0;
00803C : 0;
00803D : 0;
00803E : 0;
00803F : 0;
008040 : 0;
008041 : 0;
008042 : 0;
008043 : 0;
008044 : 0;
008045 : 0;
008046 : 0;
008047 : 0;
008048 : 0;
008049 : 0;
00804A : 0;
00804B : 0;
00804C : 0;
00804D : 0;
00804E : 0;
00804F : 0;
008050 : 0;
008051 : 0;
008052 : 0;
008053 : 0;
008054 : 0;
008055 : 0;
008056 : 0;
008057 : 0;
008058 : 0;
008059 : 0;
00805A : 0;
00805B : 0;
00805C : 0;
00805D : 0;
00805E : 0;
00805F : 0;
008060 : 0;
008061 : 0;
008062 : 0;
008063 : 0;
008064 : 0;
008065 : 0;
008066 : 0;
008067 : 0;
008068 : 0;
008069 : 0;
00806A : 0;
00806B : 0;
00806C : 0;
00806D : 0;
00806E : 0;
00806F : 0;
008070 : 0;
008071 : 0;
008072 : 3;
008073 : 3;
008074 : 3;
008075 : 3;
008076 : 3;
008077 : 3;
008078 : 3;
008079 : 3;
00807A : 3;
00807B : 3;
00807C : 3;
00807D : 3;
00807E : 3;
00807F : 3;
008080 : 3;
008081 : 3;
008082 : 3;
008083 : 3;
008084 : 3;
008085 : 3;
008086 : 3;
008087 : 3;
008088 : 3;
008089 : 3;
00808A : 3;
00808B : 3;
00808C : 3;
00808D : 3;
00808E : 3;
00808F : 3;
008090 : 3;
008091 : 3;
008092 : 3;
008093 : 3;
008094 : 3;
008095 : 3;
008096 : 3;
008097 : 3;
008098 : 0;
008099 : 0;
00809A : 0;
00809B : 0;
00809C : 0;
00809D : 0;
00809E : 0;
00809F : 0;
0080A0 : 0;
0080A1 : 0;
0080A2 : 0;
0080A3 : 0;
0080A4 : 0;
0080A5 : 0;
0080A6 : 0;
0080A7 : 0;
0080A8 : 0;
0080A9 : 0;
0080AA : 0;
0080AB : 0;
0080AC : 0;
0080AD : 0;
0080AE : 0;
0080AF : 0;
0080B0 : 0;
0080B1 : 0;
0080B2 : 0;
0080B3 : 0;
0080B4 : 0;
0080B5 : 0;
0080B6 : 0;
0080B7 : 0;
0080B8 : 0;
0080B9 : 0;
0080BA : 0;
0080BB : 0;
0080BC : 0;
0080BD : 0;
0080BE : 0;
0080BF : 0;
0080C0 : 0;
0080C1 : 0;
0080C2 : 0;
0080C3 : 0;
0080C4 : 0;
0080C5 : 0;
0080C6 : 0;
0080C7 : 0;
0080C8 : 0;
0080C9 : 0;
0080CA : 0;
0080CB : 0;
0080CC : 0;
0080CD : 0;
0080CE : 0;
0080CF : 0;
0080D0 : 0;
0080D1 : 0;
0080D2 : 0;
0080D3 : 0;
0080D4 : 0;
0080D5 : 0;
0080D6 : 0;
0080D7 : 0;
0080D8 : 0;
0080D9 : 0;
0080DA : 0;
0080DB : 0;
0080DC : 0;
0080DD : 0;
0080DE : 0;
0080DF : 0;
0080E0 : 0;
0080E1 : 0;
0080E2 : 0;
0080E3 : 0;
0080E4 : 0;
0080E5 : 0;
0080E6 : 0;
0080E7 : 0;
0080E8 : 0;
0080E9 : 0;
0080EA : 0;
0080EB : 0;
0080EC : 0;
0080ED : 0;
0080EE : 0;
0080EF : 0;
0080F0 : 0;
0080F1 : 0;
0080F2 : 0;
0080F3 : 0;
0080F4 : 0;
0080F5 : 0;
0080F6 : 0;
0080F7 : 0;
0080F8 : 0;
0080F9 : 0;
0080FA : 0;
0080FB : 0;
0080FC : 0;
0080FD : 0;
0080FE : 0;
0080FF : 0;
008100 : 0;
008101 : 0;
008102 : 0;
008103 : 0;
008104 : 0;
008105 : 0;
008106 : 0;
008107 : 0;
008108 : 0;
008109 : 0;
00810A : 0;
00810B : 0;
00810C : 0;
00810D : 0;
00810E : 0;
00810F : 0;
008110 : 0;
008111 : 0;
008112 : 0;
008113 : 0;
008114 : 0;
008115 : 0;
008116 : 0;
008117 : 0;
008118 : 0;
008119 : 0;
00811A : 0;
00811B : 0;
00811C : 0;
00811D : 0;
00811E : 0;
00811F : 0;
008120 : 0;
008121 : 0;
008122 : 0;
008123 : 0;
008124 : 0;
008125 : 0;
008126 : 0;
008127 : 0;
008128 : 0;
008129 : 0;
00812A : 0;
00812B : 0;
00812C : 0;
00812D : 0;
00812E : 0;
00812F : 0;
008130 : 0;
008131 : 0;
008132 : 0;
008133 : 0;
008134 : 0;
008135 : 0;
008136 : 0;
008137 : 0;
008138 : 0;
008139 : 0;
00813A : 0;
00813B : 0;
00813C : 0;
00813D : 3;
00813E : 3;
00813F : 3;
008140 : 3;
008141 : 3;
008142 : 3;
008143 : 3;
008144 : 3;
008145 : 3;
008146 : 3;
008147 : 3;
008148 : 3;
008149 : 3;
00814A : 3;
00814B : 3;
00814C : 3;
00814D : 3;
00814E : 3;
00814F : 3;
008150 : 3;
008151 : 3;
008152 : 3;
008153 : 3;
008154 : 3;
008155 : 3;
008156 : 3;
008157 : 3;
008158 : 3;
008159 : 3;
00815A : 3;
00815B : 3;
00815C : 0;
00815D : 0;
00815E : 0;
00815F : 0;
008160 : 0;
008161 : 0;
008162 : 0;
008163 : 0;
008164 : 0;
008165 : 0;
008166 : 0;
008167 : 0;
008168 : 0;
008169 : 0;
00816A : 0;
00816B : 0;
00816C : 0;
00816D : 0;
00816E : 0;
00816F : 0;
008170 : 0;
008171 : 0;
008172 : 0;
008173 : 0;
008174 : 0;
008175 : 0;
008176 : 0;
008177 : 0;
008178 : 0;
008179 : 0;
00817A : 0;
00817B : 0;
00817C : 0;
00817D : 0;
00817E : 0;
00817F : 0;
008180 : 0;
008181 : 0;
008182 : 0;
008183 : 0;
008184 : 0;
008185 : 0;
008186 : 0;
008187 : 0;
008188 : 0;
008189 : 0;
00818A : 0;
00818B : 0;
00818C : 0;
00818D : 0;
00818E : 0;
00818F : 0;
008190 : 0;
008191 : 0;
008192 : 0;
008193 : 0;
008194 : 0;
008195 : 0;
008196 : 0;
008197 : 0;
008198 : 0;
008199 : 0;
00819A : 0;
00819B : 0;
00819C : 0;
00819D : 0;
00819E : 0;
00819F : 0;
0081A0 : 0;
0081A1 : 0;
0081A2 : 0;
0081A3 : 0;
0081A4 : 0;
0081A5 : 0;
0081A6 : 0;
0081A7 : 0;
0081A8 : 0;
0081A9 : 0;
0081AA : 0;
0081AB : 0;
0081AC : 0;
0081AD : 0;
0081AE : 0;
0081AF : 0;
0081B0 : 0;
0081B1 : 0;
0081B2 : 0;
0081B3 : 0;
0081B4 : 0;
0081B5 : 0;
0081B6 : 0;
0081B7 : 0;
0081B8 : 0;
0081B9 : 0;
0081BA : 0;
0081BB : 0;
0081BC : 0;
0081BD : 0;
0081BE : 0;
0081BF : 0;
0081C0 : 0;
0081C1 : 0;
0081C2 : 0;
0081C3 : 0;
0081C4 : 0;
0081C5 : 0;
0081C6 : 0;
0081C7 : 0;
0081C8 : 0;
0081C9 : 0;
0081CA : 0;
0081CB : 0;
0081CC : 0;
0081CD : 0;
0081CE : 0;
0081CF : 0;
0081D0 : 0;
0081D1 : 0;
0081D2 : 0;
0081D3 : 0;
0081D4 : 0;
0081D5 : 0;
0081D6 : 0;
0081D7 : 0;
0081D8 : 0;
0081D9 : 0;
0081DA : 0;
0081DB : 0;
0081DC : 0;
0081DD : 0;
0081DE : 0;
0081DF : 0;
0081E0 : 0;
0081E1 : 0;
0081E2 : 0;
0081E3 : 0;
0081E4 : 0;
0081E5 : 0;
0081E6 : 0;
0081E7 : 0;
0081E8 : 0;
0081E9 : 0;
0081EA : 0;
0081EB : 0;
0081EC : 0;
0081ED : 0;
0081EE : 0;
0081EF : 0;
0081F0 : 0;
0081F1 : 0;
0081F2 : 0;
0081F3 : 0;
0081F4 : 0;
0081F5 : 0;
0081F6 : 0;
0081F7 : 0;
0081F8 : 0;
0081F9 : 0;
0081FA : 0;
0081FB : 0;
0081FC : 0;
0081FD : 0;
0081FE : 0;
0081FF : 0;
008200 : 0;
008201 : 0;
008202 : 0;
008203 : 0;
008204 : 0;
008205 : 0;
008206 : 0;
008207 : 0;
008208 : 0;
008209 : 0;
00820A : 0;
00820B : 3;
00820C : 3;
00820D : 3;
00820E : 3;
00820F : 3;
008210 : 3;
008211 : 3;
008212 : 3;
008213 : 3;
008214 : 3;
008215 : 3;
008216 : 3;
008217 : 3;
008218 : 3;
008219 : 3;
00821A : 3;
00821B : 3;
00821C : 3;
00821D : 3;
00821E : 3;
00821F : 0;
008220 : 0;
008221 : 0;
008222 : 0;
008223 : 0;
008224 : 0;
008225 : 0;
008226 : 0;
008227 : 0;
008228 : 0;
008229 : 0;
00822A : 0;
00822B : 0;
00822C : 0;
00822D : 0;
00822E : 0;
00822F : 0;
008230 : 0;
008231 : 0;
008232 : 0;
008233 : 0;
008234 : 0;
008235 : 0;
008236 : 0;
008237 : 0;
008238 : 0;
008239 : 0;
00823A : 0;
00823B : 0;
00823C : 0;
00823D : 0;
00823E : 0;
00823F : 0;
008240 : 0;
008241 : 0;
008242 : 0;
008243 : 0;
008244 : 0;
008245 : 0;
008246 : 0;
008247 : 0;
008248 : 0;
008249 : 0;
00824A : 0;
00824B : 0;
00824C : 0;
00824D : 0;
00824E : 0;
00824F : 0;
008250 : 0;
008251 : 0;
008252 : 0;
008253 : 0;
008254 : 0;
008255 : 0;
008256 : 0;
008257 : 0;
008258 : 0;
008259 : 0;
00825A : 0;
00825B : 0;
00825C : 0;
00825D : 0;
00825E : 0;
00825F : 0;
008260 : 0;
008261 : 0;
008262 : 0;
008263 : 0;
008264 : 0;
008265 : 0;
008266 : 0;
008267 : 0;
008268 : 0;
008269 : 0;
00826A : 0;
00826B : 0;
00826C : 0;
00826D : 0;
00826E : 0;
00826F : 0;
008270 : 0;
008271 : 0;
008272 : 0;
008273 : 0;
008274 : 0;
008275 : 0;
008276 : 0;
008277 : 0;
008278 : 0;
008279 : 0;
00827A : 0;
00827B : 0;
00827C : 0;
00827D : 0;
00827E : 0;
00827F : 0;
008280 : 0;
008281 : 0;
008282 : 0;
008283 : 0;
008284 : 0;
008285 : 0;
008286 : 0;
008287 : 0;
008288 : 0;
008289 : 0;
00828A : 0;
00828B : 0;
00828C : 0;
00828D : 0;
00828E : 0;
00828F : 0;
008290 : 0;
008291 : 0;
008292 : 0;
008293 : 0;
008294 : 0;
008295 : 0;
008296 : 0;
008297 : 0;
008298 : 0;
008299 : 0;
00829A : 0;
00829B : 0;
00829C : 0;
00829D : 0;
00829E : 0;
00829F : 0;
0082A0 : 0;
0082A1 : 0;
0082A2 : 0;
0082A3 : 0;
0082A4 : 0;
0082A5 : 0;
0082A6 : 0;
0082A7 : 0;
0082A8 : 0;
0082A9 : 0;
0082AA : 0;
0082AB : 0;
0082AC : 0;
0082AD : 0;
0082AE : 0;
0082AF : 0;
0082B0 : 0;
0082B1 : 0;
0082B2 : 0;
0082B3 : 0;
0082B4 : 0;
0082B5 : 0;
0082B6 : 0;
0082B7 : 0;
0082B8 : 0;
0082B9 : 0;
0082BA : 0;
0082BB : 0;
0082BC : 0;
0082BD : 0;
0082BE : 0;
0082BF : 0;
0082C0 : 0;
0082C1 : 0;
0082C2 : 0;
0082C3 : 0;
0082C4 : 0;
0082C5 : 0;
0082C6 : 0;
0082C7 : 0;
0082C8 : 0;
0082C9 : 0;
0082CA : 0;
0082CB : 0;
0082CC : 0;
0082CD : 0;
0082CE : 0;
0082CF : 0;
0082D0 : 0;
0082D1 : 0;
0082D2 : 0;
0082D3 : 0;
0082D4 : 0;
0082D5 : 0;
0082D6 : 0;
0082D7 : 0;
0082D8 : 0;
0082D9 : 3;
0082DA : 3;
0082DB : 3;
0082DC : 3;
0082DD : 3;
0082DE : 3;
0082DF : 0;
0082E0 : 0;
0082E1 : 0;
0082E2 : 0;
0082E3 : 0;
0082E4 : 0;
0082E5 : 0;
0082E6 : 0;
0082E7 : 0;
0082E8 : 0;
0082E9 : 0;
0082EA : 0;
0082EB : 0;
0082EC : 0;
0082ED : 0;
0082EE : 0;
0082EF : 0;
0082F0 : 0;
0082F1 : 0;
0082F2 : 0;
0082F3 : 0;
0082F4 : 0;
0082F5 : 0;
0082F6 : 0;
0082F7 : 0;
0082F8 : 0;
0082F9 : 0;
0082FA : 0;
0082FB : 0;
0082FC : 0;
0082FD : 0;
0082FE : 0;
0082FF : 0;
008300 : 0;
008301 : 0;
008302 : 0;
008303 : 0;
008304 : 0;
008305 : 0;
008306 : 0;
008307 : 0;
008308 : 0;
008309 : 0;
00830A : 0;
00830B : 0;
00830C : 0;
00830D : 0;
00830E : 0;
00830F : 0;
008310 : 0;
008311 : 0;
008312 : 0;
008313 : 0;
008314 : 0;
008315 : 0;
008316 : 0;
008317 : 0;
008318 : 0;
008319 : 0;
00831A : 0;
00831B : 0;
00831C : 0;
00831D : 0;
00831E : 0;
00831F : 0;
008320 : 0;
008321 : 0;
008322 : 0;
008323 : 0;
008324 : 0;
008325 : 0;
008326 : 0;
008327 : 0;
008328 : 0;
008329 : 0;
00832A : 0;
00832B : 0;
00832C : 0;
00832D : 0;
00832E : 0;
00832F : 0;
008330 : 0;
008331 : 0;
008332 : 0;
008333 : 0;
008334 : 0;
008335 : 0;
008336 : 0;
008337 : 0;
008338 : 0;
008339 : 0;
00833A : 0;
00833B : 0;
00833C : 0;
00833D : 0;
00833E : 0;
00833F : 0;
008340 : 0;
008341 : 0;
008342 : 0;
008343 : 0;
008344 : 0;
008345 : 0;
008346 : 0;
008347 : 0;
008348 : 0;
008349 : 0;
00834A : 0;
00834B : 0;
00834C : 0;
00834D : 0;
00834E : 0;
00834F : 0;
008350 : 0;
008351 : 0;
008352 : 0;
008353 : 0;
008354 : 0;
008355 : 0;
008356 : 0;
008357 : 0;
008358 : 0;
008359 : 0;
00835A : 0;
00835B : 0;
00835C : 0;
00835D : 0;
00835E : 0;
00835F : 0;
008360 : 0;
008361 : 0;
008362 : 0;
008363 : 0;
008364 : 0;
008365 : 0;
008366 : 0;
008367 : 0;
008368 : 0;
008369 : 0;
00836A : 0;
00836B : 0;
00836C : 0;
00836D : 0;
00836E : 0;
00836F : 0;
008370 : 0;
008371 : 0;
008372 : 0;
008373 : 0;
008374 : 0;
008375 : 0;
008376 : 0;
008377 : 0;
008378 : 0;
008379 : 0;
00837A : 0;
00837B : 0;
00837C : 0;
00837D : 0;
00837E : 0;
00837F : 0;
008380 : 0;
008381 : 0;
008382 : 0;
008383 : 0;
008384 : 0;
008385 : 0;
008386 : 0;
008387 : 0;
008388 : 0;
008389 : 0;
00838A : 0;
00838B : 0;
00838C : 0;
00838D : 0;
00838E : 0;
00838F : 0;
008390 : 0;
008391 : 0;
008392 : 0;
008393 : 0;
008394 : 0;
008395 : 0;
008396 : 0;
008397 : 0;
008398 : 0;
008399 : 0;
00839A : 0;
00839B : 0;
00839C : 0;
00839D : 0;
00839E : 0;
00839F : 0;
0083A0 : 0;
0083A1 : 3;
0083A2 : 3;
0083A3 : 3;
0083A4 : 3;
0083A5 : 3;
0083A6 : 3;
0083A7 : 0;
0083A8 : 0;
0083A9 : 0;
0083AA : 0;
0083AB : 0;
0083AC : 0;
0083AD : 0;
0083AE : 0;
0083AF : 0;
0083B0 : 0;
0083B1 : 0;
0083B2 : 0;
0083B3 : 0;
0083B4 : 0;
0083B5 : 0;
0083B6 : 0;
0083B7 : 0;
0083B8 : 0;
0083B9 : 0;
0083BA : 0;
0083BB : 0;
0083BC : 0;
0083BD : 0;
0083BE : 0;
0083BF : 0;
0083C0 : 0;
0083C1 : 0;
0083C2 : 0;
0083C3 : 0;
0083C4 : 0;
0083C5 : 0;
0083C6 : 0;
0083C7 : 0;
0083C8 : 0;
0083C9 : 0;
0083CA : 0;
0083CB : 0;
0083CC : 0;
0083CD : 0;
0083CE : 0;
0083CF : 0;
0083D0 : 0;
0083D1 : 0;
0083D2 : 0;
0083D3 : 0;
0083D4 : 0;
0083D5 : 0;
0083D6 : 0;
0083D7 : 0;
0083D8 : 0;
0083D9 : 0;
0083DA : 0;
0083DB : 0;
0083DC : 0;
0083DD : 0;
0083DE : 0;
0083DF : 0;
0083E0 : 0;
0083E1 : 0;
0083E2 : 0;
0083E3 : 0;
0083E4 : 0;
0083E5 : 0;
0083E6 : 0;
0083E7 : 0;
0083E8 : 0;
0083E9 : 0;
0083EA : 0;
0083EB : 0;
0083EC : 0;
0083ED : 0;
0083EE : 0;
0083EF : 0;
0083F0 : 0;
0083F1 : 0;
0083F2 : 0;
0083F3 : 0;
0083F4 : 0;
0083F5 : 0;
0083F6 : 0;
0083F7 : 0;
0083F8 : 0;
0083F9 : 0;
0083FA : 0;
0083FB : 0;
0083FC : 0;
0083FD : 0;
0083FE : 0;
0083FF : 0;
008400 : 0;
008401 : 0;
008402 : 0;
008403 : 0;
008404 : 0;
008405 : 0;
008406 : 0;
008407 : 0;
008408 : 0;
008409 : 0;
00840A : 0;
00840B : 0;
00840C : 0;
00840D : 0;
00840E : 0;
00840F : 0;
008410 : 0;
008411 : 0;
008412 : 0;
008413 : 0;
008414 : 0;
008415 : 0;
008416 : 0;
008417 : 0;
008418 : 0;
008419 : 0;
00841A : 0;
00841B : 0;
00841C : 0;
00841D : 0;
00841E : 0;
00841F : 0;
008420 : 0;
008421 : 0;
008422 : 0;
008423 : 0;
008424 : 0;
008425 : 0;
008426 : 0;
008427 : 0;
008428 : 0;
008429 : 0;
00842A : 0;
00842B : 0;
00842C : 0;
00842D : 0;
00842E : 0;
00842F : 0;
008430 : 0;
008431 : 0;
008432 : 0;
008433 : 0;
008434 : 0;
008435 : 0;
008436 : 0;
008437 : 0;
008438 : 0;
008439 : 0;
00843A : 0;
00843B : 0;
00843C : 0;
00843D : 0;
00843E : 0;
00843F : 0;
008440 : 0;
008441 : 0;
008442 : 0;
008443 : 0;
008444 : 0;
008445 : 0;
008446 : 0;
008447 : 0;
008448 : 0;
008449 : 0;
00844A : 0;
00844B : 0;
00844C : 0;
00844D : 0;
00844E : 0;
00844F : 0;
008450 : 0;
008451 : 0;
008452 : 0;
008453 : 0;
008454 : 0;
008455 : 0;
008456 : 0;
008457 : 0;
008458 : 0;
008459 : 0;
00845A : 0;
00845B : 0;
00845C : 0;
00845D : 0;
00845E : 0;
00845F : 0;
008460 : 0;
008461 : 0;
008462 : 0;
008463 : 0;
008464 : 0;
008465 : 0;
008466 : 0;
008467 : 0;
008468 : 0;
008469 : 3;
00846A : 3;
00846B : 3;
00846C : 3;
00846D : 3;
00846E : 3;
00846F : 0;
008470 : 0;
008471 : 0;
008472 : 0;
008473 : 0;
008474 : 0;
008475 : 0;
008476 : 0;
008477 : 0;
008478 : 0;
008479 : 0;
00847A : 0;
00847B : 0;
00847C : 0;
00847D : 0;
00847E : 0;
00847F : 0;
008480 : 0;
008481 : 0;
008482 : 0;
008483 : 0;
008484 : 0;
008485 : 0;
008486 : 0;
008487 : 0;
008488 : 0;
008489 : 0;
00848A : 0;
00848B : 0;
00848C : 0;
00848D : 0;
00848E : 0;
00848F : 0;
008490 : 0;
008491 : 0;
008492 : 0;
008493 : 0;
008494 : 0;
008495 : 0;
008496 : 0;
008497 : 0;
008498 : 0;
008499 : 0;
00849A : 0;
00849B : 0;
00849C : 0;
00849D : 0;
00849E : 0;
00849F : 0;
0084A0 : 0;
0084A1 : 0;
0084A2 : 0;
0084A3 : 0;
0084A4 : 0;
0084A5 : 0;
0084A6 : 0;
0084A7 : 0;
0084A8 : 0;
0084A9 : 0;
0084AA : 0;
0084AB : 0;
0084AC : 0;
0084AD : 0;
0084AE : 0;
0084AF : 0;
0084B0 : 0;
0084B1 : 0;
0084B2 : 0;
0084B3 : 0;
0084B4 : 0;
0084B5 : 0;
0084B6 : 0;
0084B7 : 0;
0084B8 : 0;
0084B9 : 0;
0084BA : 0;
0084BB : 0;
0084BC : 0;
0084BD : 0;
0084BE : 0;
0084BF : 0;
0084C0 : 0;
0084C1 : 0;
0084C2 : 0;
0084C3 : 0;
0084C4 : 0;
0084C5 : 0;
0084C6 : 0;
0084C7 : 0;
0084C8 : 0;
0084C9 : 0;
0084CA : 0;
0084CB : 0;
0084CC : 0;
0084CD : 0;
0084CE : 0;
0084CF : 0;
0084D0 : 0;
0084D1 : 0;
0084D2 : 0;
0084D3 : 0;
0084D4 : 0;
0084D5 : 0;
0084D6 : 0;
0084D7 : 0;
0084D8 : 0;
0084D9 : 0;
0084DA : 0;
0084DB : 0;
0084DC : 0;
0084DD : 0;
0084DE : 0;
0084DF : 0;
0084E0 : 0;
0084E1 : 0;
0084E2 : 0;
0084E3 : 0;
0084E4 : 0;
0084E5 : 0;
0084E6 : 0;
0084E7 : 0;
0084E8 : 0;
0084E9 : 0;
0084EA : 0;
0084EB : 0;
0084EC : 0;
0084ED : 0;
0084EE : 0;
0084EF : 0;
0084F0 : 0;
0084F1 : 0;
0084F2 : 0;
0084F3 : 0;
0084F4 : 0;
0084F5 : 0;
0084F6 : 0;
0084F7 : 0;
0084F8 : 0;
0084F9 : 0;
0084FA : 0;
0084FB : 0;
0084FC : 0;
0084FD : 0;
0084FE : 0;
0084FF : 0;
008500 : 0;
008501 : 0;
008502 : 0;
008503 : 0;
008504 : 0;
008505 : 0;
008506 : 0;
008507 : 0;
008508 : 0;
008509 : 0;
00850A : 0;
00850B : 0;
00850C : 0;
00850D : 0;
00850E : 0;
00850F : 0;
008510 : 0;
008511 : 0;
008512 : 0;
008513 : 0;
008514 : 0;
008515 : 0;
008516 : 0;
008517 : 0;
008518 : 0;
008519 : 0;
00851A : 0;
00851B : 0;
00851C : 0;
00851D : 0;
00851E : 0;
00851F : 0;
008520 : 0;
008521 : 0;
008522 : 0;
008523 : 0;
008524 : 0;
008525 : 0;
008526 : 0;
008527 : 0;
008528 : 0;
008529 : 0;
00852A : 0;
00852B : 0;
00852C : 0;
00852D : 0;
00852E : 0;
00852F : 0;
008530 : 0;
008531 : 3;
008532 : 3;
008533 : 3;
008534 : 3;
008535 : 3;
008536 : 3;
008537 : 0;
008538 : 0;
008539 : 0;
00853A : 0;
00853B : 0;
00853C : 0;
00853D : 0;
00853E : 0;
00853F : 0;
008540 : 0;
008541 : 0;
008542 : 0;
008543 : 0;
008544 : 0;
008545 : 0;
008546 : 0;
008547 : 0;
008548 : 0;
008549 : 0;
00854A : 0;
00854B : 0;
00854C : 0;
00854D : 0;
00854E : 0;
00854F : 0;
008550 : 0;
008551 : 0;
008552 : 0;
008553 : 0;
008554 : 0;
008555 : 0;
008556 : 0;
008557 : 0;
008558 : 0;
008559 : 0;
00855A : 0;
00855B : 0;
00855C : 0;
00855D : 0;
00855E : 0;
00855F : 0;
008560 : 0;
008561 : 0;
008562 : 0;
008563 : 0;
008564 : 0;
008565 : 0;
008566 : 0;
008567 : 0;
008568 : 0;
008569 : 0;
00856A : 0;
00856B : 0;
00856C : 0;
00856D : 0;
00856E : 0;
00856F : 0;
008570 : 0;
008571 : 0;
008572 : 0;
008573 : 0;
008574 : 0;
008575 : 0;
008576 : 0;
008577 : 0;
008578 : 0;
008579 : 0;
00857A : 0;
00857B : 0;
00857C : 0;
00857D : 0;
00857E : 0;
00857F : 0;
008580 : 0;
008581 : 0;
008582 : 0;
008583 : 0;
008584 : 0;
008585 : 0;
008586 : 0;
008587 : 0;
008588 : 0;
008589 : 0;
00858A : 0;
00858B : 0;
00858C : 0;
00858D : 0;
00858E : 0;
00858F : 0;
008590 : 0;
008591 : 0;
008592 : 0;
008593 : 0;
008594 : 0;
008595 : 0;
008596 : 0;
008597 : 0;
008598 : 0;
008599 : 0;
00859A : 0;
00859B : 0;
00859C : 0;
00859D : 0;
00859E : 0;
00859F : 0;
0085A0 : 0;
0085A1 : 0;
0085A2 : 0;
0085A3 : 0;
0085A4 : 0;
0085A5 : 0;
0085A6 : 0;
0085A7 : 0;
0085A8 : 0;
0085A9 : 0;
0085AA : 0;
0085AB : 0;
0085AC : 0;
0085AD : 0;
0085AE : 0;
0085AF : 0;
0085B0 : 0;
0085B1 : 0;
0085B2 : 0;
0085B3 : 0;
0085B4 : 0;
0085B5 : 0;
0085B6 : 0;
0085B7 : 0;
0085B8 : 0;
0085B9 : 0;
0085BA : 0;
0085BB : 0;
0085BC : 0;
0085BD : 0;
0085BE : 0;
0085BF : 0;
0085C0 : 0;
0085C1 : 0;
0085C2 : 0;
0085C3 : 0;
0085C4 : 0;
0085C5 : 0;
0085C6 : 0;
0085C7 : 0;
0085C8 : 0;
0085C9 : 0;
0085CA : 0;
0085CB : 0;
0085CC : 0;
0085CD : 0;
0085CE : 0;
0085CF : 0;
0085D0 : 0;
0085D1 : 0;
0085D2 : 0;
0085D3 : 0;
0085D4 : 0;
0085D5 : 0;
0085D6 : 0;
0085D7 : 0;
0085D8 : 0;
0085D9 : 0;
0085DA : 0;
0085DB : 0;
0085DC : 0;
0085DD : 0;
0085DE : 0;
0085DF : 0;
0085E0 : 0;
0085E1 : 0;
0085E2 : 0;
0085E3 : 0;
0085E4 : 0;
0085E5 : 0;
0085E6 : 0;
0085E7 : 0;
0085E8 : 0;
0085E9 : 0;
0085EA : 0;
0085EB : 0;
0085EC : 0;
0085ED : 0;
0085EE : 0;
0085EF : 0;
0085F0 : 0;
0085F1 : 0;
0085F2 : 0;
0085F3 : 0;
0085F4 : 0;
0085F5 : 0;
0085F6 : 0;
0085F7 : 0;
0085F8 : 0;
0085F9 : 3;
0085FA : 3;
0085FB : 3;
0085FC : 3;
0085FD : 3;
0085FE : 3;
0085FF : 0;
008600 : 0;
008601 : 0;
008602 : 0;
008603 : 0;
008604 : 0;
008605 : 0;
008606 : 0;
008607 : 0;
008608 : 0;
008609 : 0;
00860A : 0;
00860B : 0;
00860C : 0;
00860D : 0;
00860E : 0;
00860F : 0;
008610 : 0;
008611 : 0;
008612 : 0;
008613 : 0;
008614 : 0;
008615 : 0;
008616 : 0;
008617 : 0;
008618 : 0;
008619 : 0;
00861A : 0;
00861B : 0;
00861C : 0;
00861D : 0;
00861E : 0;
00861F : 0;
008620 : 0;
008621 : 0;
008622 : 0;
008623 : 0;
008624 : 0;
008625 : 0;
008626 : 0;
008627 : 0;
008628 : 0;
008629 : 0;
00862A : 0;
00862B : 0;
00862C : 0;
00862D : 0;
00862E : 0;
00862F : 0;
008630 : 0;
008631 : 0;
008632 : 0;
008633 : 0;
008634 : 0;
008635 : 0;
008636 : 0;
008637 : 0;
008638 : 0;
008639 : 0;
00863A : 0;
00863B : 0;
00863C : 0;
00863D : 0;
00863E : 0;
00863F : 0;
008640 : 0;
008641 : 0;
008642 : 0;
008643 : 0;
008644 : 0;
008645 : 0;
008646 : 0;
008647 : 0;
008648 : 0;
008649 : 0;
00864A : 0;
00864B : 0;
00864C : 0;
00864D : 0;
00864E : 0;
00864F : 0;
008650 : 0;
008651 : 0;
008652 : 0;
008653 : 0;
008654 : 0;
008655 : 0;
008656 : 0;
008657 : 0;
008658 : 0;
008659 : 0;
00865A : 0;
00865B : 0;
00865C : 0;
00865D : 0;
00865E : 0;
00865F : 0;
008660 : 0;
008661 : 0;
008662 : 0;
008663 : 0;
008664 : 0;
008665 : 0;
008666 : 0;
008667 : 0;
008668 : 0;
008669 : 0;
00866A : 0;
00866B : 0;
00866C : 0;
00866D : 0;
00866E : 0;
00866F : 0;
008670 : 0;
008671 : 0;
008672 : 0;
008673 : 0;
008674 : 0;
008675 : 0;
008676 : 0;
008677 : 0;
008678 : 0;
008679 : 0;
00867A : 0;
00867B : 0;
00867C : 0;
00867D : 0;
00867E : 0;
00867F : 0;
008680 : 0;
008681 : 0;
008682 : 0;
008683 : 0;
008684 : 0;
008685 : 0;
008686 : 0;
008687 : 0;
008688 : 0;
008689 : 0;
00868A : 0;
00868B : 0;
00868C : 0;
00868D : 0;
00868E : 0;
00868F : 0;
008690 : 0;
008691 : 0;
008692 : 0;
008693 : 0;
008694 : 0;
008695 : 0;
008696 : 0;
008697 : 0;
008698 : 0;
008699 : 0;
00869A : 0;
00869B : 0;
00869C : 0;
00869D : 0;
00869E : 0;
00869F : 0;
0086A0 : 0;
0086A1 : 0;
0086A2 : 0;
0086A3 : 0;
0086A4 : 0;
0086A5 : 0;
0086A6 : 0;
0086A7 : 0;
0086A8 : 0;
0086A9 : 0;
0086AA : 0;
0086AB : 0;
0086AC : 0;
0086AD : 0;
0086AE : 0;
0086AF : 0;
0086B0 : 0;
0086B1 : 0;
0086B2 : 0;
0086B3 : 0;
0086B4 : 0;
0086B5 : 0;
0086B6 : 0;
0086B7 : 0;
0086B8 : 0;
0086B9 : 0;
0086BA : 0;
0086BB : 0;
0086BC : 0;
0086BD : 0;
0086BE : 0;
0086BF : 0;
0086C0 : 0;
0086C1 : 3;
0086C2 : 3;
0086C3 : 3;
0086C4 : 3;
0086C5 : 3;
0086C6 : 3;
0086C7 : 0;
0086C8 : 0;
0086C9 : 0;
0086CA : 0;
0086CB : 0;
0086CC : 0;
0086CD : 0;
0086CE : 0;
0086CF : 0;
0086D0 : 0;
0086D1 : 0;
0086D2 : 0;
0086D3 : 0;
0086D4 : 0;
0086D5 : 0;
0086D6 : 0;
0086D7 : 0;
0086D8 : 0;
0086D9 : 0;
0086DA : 0;
0086DB : 0;
0086DC : 0;
0086DD : 0;
0086DE : 0;
0086DF : 0;
0086E0 : 0;
0086E1 : 0;
0086E2 : 0;
0086E3 : 0;
0086E4 : 0;
0086E5 : 0;
0086E6 : 0;
0086E7 : 0;
0086E8 : 0;
0086E9 : 0;
0086EA : 0;
0086EB : 0;
0086EC : 0;
0086ED : 0;
0086EE : 0;
0086EF : 0;
0086F0 : 0;
0086F1 : 0;
0086F2 : 0;
0086F3 : 0;
0086F4 : 0;
0086F5 : 0;
0086F6 : 0;
0086F7 : 0;
0086F8 : 0;
0086F9 : 0;
0086FA : 0;
0086FB : 0;
0086FC : 0;
0086FD : 0;
0086FE : 0;
0086FF : 0;
008700 : 0;
008701 : 0;
008702 : 0;
008703 : 0;
008704 : 0;
008705 : 0;
008706 : 0;
008707 : 0;
008708 : 0;
008709 : 0;
00870A : 0;
00870B : 0;
00870C : 0;
00870D : 0;
00870E : 0;
00870F : 0;
008710 : 0;
008711 : 0;
008712 : 0;
008713 : 0;
008714 : 0;
008715 : 0;
008716 : 0;
008717 : 0;
008718 : 0;
008719 : 0;
00871A : 0;
00871B : 0;
00871C : 0;
00871D : 0;
00871E : 0;
00871F : 0;
008720 : 0;
008721 : 0;
008722 : 0;
008723 : 0;
008724 : 0;
008725 : 0;
008726 : 0;
008727 : 0;
008728 : 0;
008729 : 0;
00872A : 0;
00872B : 0;
00872C : 0;
00872D : 0;
00872E : 0;
00872F : 0;
008730 : 0;
008731 : 0;
008732 : 0;
008733 : 0;
008734 : 0;
008735 : 0;
008736 : 0;
008737 : 0;
008738 : 0;
008739 : 0;
00873A : 0;
00873B : 0;
00873C : 0;
00873D : 0;
00873E : 0;
00873F : 0;
008740 : 0;
008741 : 0;
008742 : 0;
008743 : 0;
008744 : 0;
008745 : 0;
008746 : 0;
008747 : 0;
008748 : 0;
008749 : 0;
00874A : 0;
00874B : 0;
00874C : 0;
00874D : 0;
00874E : 0;
00874F : 0;
008750 : 0;
008751 : 0;
008752 : 0;
008753 : 0;
008754 : 0;
008755 : 0;
008756 : 0;
008757 : 0;
008758 : 0;
008759 : 0;
00875A : 0;
00875B : 0;
00875C : 0;
00875D : 0;
00875E : 0;
00875F : 0;
008760 : 0;
008761 : 0;
008762 : 0;
008763 : 0;
008764 : 0;
008765 : 0;
008766 : 0;
008767 : 0;
008768 : 0;
008769 : 0;
00876A : 0;
00876B : 0;
00876C : 0;
00876D : 0;
00876E : 0;
00876F : 0;
008770 : 0;
008771 : 0;
008772 : 0;
008773 : 0;
008774 : 0;
008775 : 0;
008776 : 0;
008777 : 0;
008778 : 0;
008779 : 0;
00877A : 0;
00877B : 0;
00877C : 0;
00877D : 0;
00877E : 0;
00877F : 0;
008780 : 0;
008781 : 0;
008782 : 0;
008783 : 0;
008784 : 0;
008785 : 0;
008786 : 0;
008787 : 0;
008788 : 0;
008789 : 3;
00878A : 3;
00878B : 3;
00878C : 3;
00878D : 3;
00878E : 3;
00878F : 0;
008790 : 0;
008791 : 0;
008792 : 0;
008793 : 0;
008794 : 0;
008795 : 0;
008796 : 0;
008797 : 0;
008798 : 0;
008799 : 0;
00879A : 0;
00879B : 0;
00879C : 0;
00879D : 0;
00879E : 0;
00879F : 0;
0087A0 : 0;
0087A1 : 0;
0087A2 : 0;
0087A3 : 0;
0087A4 : 0;
0087A5 : 0;
0087A6 : 0;
0087A7 : 0;
0087A8 : 0;
0087A9 : 0;
0087AA : 0;
0087AB : 0;
0087AC : 0;
0087AD : 0;
0087AE : 0;
0087AF : 0;
0087B0 : 0;
0087B1 : 0;
0087B2 : 0;
0087B3 : 0;
0087B4 : 0;
0087B5 : 0;
0087B6 : 0;
0087B7 : 0;
0087B8 : 0;
0087B9 : 0;
0087BA : 0;
0087BB : 0;
0087BC : 0;
0087BD : 0;
0087BE : 0;
0087BF : 0;
0087C0 : 0;
0087C1 : 0;
0087C2 : 0;
0087C3 : 0;
0087C4 : 0;
0087C5 : 0;
0087C6 : 0;
0087C7 : 0;
0087C8 : 0;
0087C9 : 0;
0087CA : 0;
0087CB : 0;
0087CC : 0;
0087CD : 0;
0087CE : 0;
0087CF : 0;
0087D0 : 0;
0087D1 : 0;
0087D2 : 0;
0087D3 : 0;
0087D4 : 0;
0087D5 : 0;
0087D6 : 0;
0087D7 : 0;
0087D8 : 0;
0087D9 : 0;
0087DA : 0;
0087DB : 0;
0087DC : 0;
0087DD : 0;
0087DE : 0;
0087DF : 0;
0087E0 : 0;
0087E1 : 0;
0087E2 : 0;
0087E3 : 0;
0087E4 : 0;
0087E5 : 0;
0087E6 : 0;
0087E7 : 0;
0087E8 : 0;
0087E9 : 0;
0087EA : 0;
0087EB : 0;
0087EC : 0;
0087ED : 0;
0087EE : 0;
0087EF : 0;
0087F0 : 0;
0087F1 : 0;
0087F2 : 0;
0087F3 : 0;
0087F4 : 0;
0087F5 : 0;
0087F6 : 0;
0087F7 : 0;
0087F8 : 0;
0087F9 : 0;
0087FA : 0;
0087FB : 0;
0087FC : 0;
0087FD : 0;
0087FE : 0;
0087FF : 0;
008800 : 0;
008801 : 0;
008802 : 0;
008803 : 0;
008804 : 0;
008805 : 0;
008806 : 0;
008807 : 0;
008808 : 0;
008809 : 0;
00880A : 0;
00880B : 0;
00880C : 0;
00880D : 0;
00880E : 0;
00880F : 0;
008810 : 0;
008811 : 0;
008812 : 0;
008813 : 0;
008814 : 0;
008815 : 0;
008816 : 0;
008817 : 0;
008818 : 0;
008819 : 0;
00881A : 0;
00881B : 0;
00881C : 0;
00881D : 0;
00881E : 0;
00881F : 0;
008820 : 0;
008821 : 0;
008822 : 0;
008823 : 0;
008824 : 0;
008825 : 0;
008826 : 0;
008827 : 0;
008828 : 0;
008829 : 0;
00882A : 0;
00882B : 0;
00882C : 0;
00882D : 0;
00882E : 0;
00882F : 0;
008830 : 0;
008831 : 0;
008832 : 0;
008833 : 0;
008834 : 0;
008835 : 0;
008836 : 0;
008837 : 0;
008838 : 0;
008839 : 0;
00883A : 0;
00883B : 0;
00883C : 0;
00883D : 0;
00883E : 0;
00883F : 0;
008840 : 0;
008841 : 0;
008842 : 0;
008843 : 0;
008844 : 0;
008845 : 0;
008846 : 0;
008847 : 0;
008848 : 0;
008849 : 0;
00884A : 0;
00884B : 0;
00884C : 0;
00884D : 0;
00884E : 0;
00884F : 0;
008850 : 0;
008851 : 3;
008852 : 3;
008853 : 3;
008854 : 3;
008855 : 3;
008856 : 3;
008857 : 0;
008858 : 0;
008859 : 0;
00885A : 0;
00885B : 0;
00885C : 0;
00885D : 0;
00885E : 0;
00885F : 0;
008860 : 0;
008861 : 0;
008862 : 0;
008863 : 0;
008864 : 0;
008865 : 0;
008866 : 0;
008867 : 0;
008868 : 0;
008869 : 0;
00886A : 0;
00886B : 0;
00886C : 0;
00886D : 0;
00886E : 0;
00886F : 0;
008870 : 0;
008871 : 0;
008872 : 0;
008873 : 0;
008874 : 0;
008875 : 0;
008876 : 0;
008877 : 0;
008878 : 0;
008879 : 0;
00887A : 0;
00887B : 0;
00887C : 0;
00887D : 0;
00887E : 0;
00887F : 0;
008880 : 0;
008881 : 0;
008882 : 0;
008883 : 0;
008884 : 0;
008885 : 0;
008886 : 0;
008887 : 0;
008888 : 0;
008889 : 0;
00888A : 0;
00888B : 0;
00888C : 0;
00888D : 0;
00888E : 0;
00888F : 0;
008890 : 0;
008891 : 0;
008892 : 0;
008893 : 0;
008894 : 0;
008895 : 0;
008896 : 0;
008897 : 0;
008898 : 0;
008899 : 0;
00889A : 0;
00889B : 0;
00889C : 0;
00889D : 0;
00889E : 0;
00889F : 0;
0088A0 : 0;
0088A1 : 0;
0088A2 : 0;
0088A3 : 0;
0088A4 : 0;
0088A5 : 0;
0088A6 : 0;
0088A7 : 0;
0088A8 : 0;
0088A9 : 0;
0088AA : 0;
0088AB : 0;
0088AC : 0;
0088AD : 0;
0088AE : 0;
0088AF : 0;
0088B0 : 0;
0088B1 : 0;
0088B2 : 0;
0088B3 : 0;
0088B4 : 0;
0088B5 : 0;
0088B6 : 0;
0088B7 : 0;
0088B8 : 0;
0088B9 : 0;
0088BA : 0;
0088BB : 0;
0088BC : 0;
0088BD : 0;
0088BE : 0;
0088BF : 0;
0088C0 : 0;
0088C1 : 0;
0088C2 : 0;
0088C3 : 0;
0088C4 : 0;
0088C5 : 0;
0088C6 : 0;
0088C7 : 0;
0088C8 : 0;
0088C9 : 0;
0088CA : 0;
0088CB : 0;
0088CC : 0;
0088CD : 0;
0088CE : 0;
0088CF : 0;
0088D0 : 0;
0088D1 : 0;
0088D2 : 0;
0088D3 : 0;
0088D4 : 0;
0088D5 : 0;
0088D6 : 0;
0088D7 : 0;
0088D8 : 0;
0088D9 : 0;
0088DA : 0;
0088DB : 0;
0088DC : 0;
0088DD : 0;
0088DE : 0;
0088DF : 0;
0088E0 : 0;
0088E1 : 0;
0088E2 : 0;
0088E3 : 0;
0088E4 : 0;
0088E5 : 0;
0088E6 : 0;
0088E7 : 0;
0088E8 : 0;
0088E9 : 0;
0088EA : 0;
0088EB : 0;
0088EC : 0;
0088ED : 0;
0088EE : 0;
0088EF : 0;
0088F0 : 0;
0088F1 : 0;
0088F2 : 0;
0088F3 : 0;
0088F4 : 0;
0088F5 : 0;
0088F6 : 0;
0088F7 : 0;
0088F8 : 0;
0088F9 : 0;
0088FA : 0;
0088FB : 0;
0088FC : 0;
0088FD : 0;
0088FE : 0;
0088FF : 0;
008900 : 0;
008901 : 0;
008902 : 0;
008903 : 0;
008904 : 0;
008905 : 0;
008906 : 0;
008907 : 0;
008908 : 0;
008909 : 0;
00890A : 0;
00890B : 0;
00890C : 0;
00890D : 0;
00890E : 0;
00890F : 0;
008910 : 0;
008911 : 0;
008912 : 0;
008913 : 0;
008914 : 0;
008915 : 0;
008916 : 0;
008917 : 0;
008918 : 0;
008919 : 3;
00891A : 3;
00891B : 3;
00891C : 3;
00891D : 3;
00891E : 3;
00891F : 0;
008920 : 0;
008921 : 0;
008922 : 0;
008923 : 0;
008924 : 0;
008925 : 0;
008926 : 0;
008927 : 0;
008928 : 0;
008929 : 0;
00892A : 0;
00892B : 0;
00892C : 0;
00892D : 0;
00892E : 0;
00892F : 0;
008930 : 0;
008931 : 0;
008932 : 0;
008933 : 0;
008934 : 0;
008935 : 0;
008936 : 0;
008937 : 0;
008938 : 0;
008939 : 0;
00893A : 0;
00893B : 0;
00893C : 0;
00893D : 0;
00893E : 0;
00893F : 0;
008940 : 0;
008941 : 0;
008942 : 0;
008943 : 0;
008944 : 0;
008945 : 0;
008946 : 0;
008947 : 0;
008948 : 0;
008949 : 0;
00894A : 0;
00894B : 0;
00894C : 0;
00894D : 0;
00894E : 0;
00894F : 0;
008950 : 0;
008951 : 0;
008952 : 0;
008953 : 0;
008954 : 0;
008955 : 0;
008956 : 0;
008957 : 0;
008958 : 0;
008959 : 0;
00895A : 0;
00895B : 0;
00895C : 0;
00895D : 0;
00895E : 0;
00895F : 0;
008960 : 0;
008961 : 0;
008962 : 0;
008963 : 0;
008964 : 0;
008965 : 0;
008966 : 0;
008967 : 0;
008968 : 0;
008969 : 0;
00896A : 0;
00896B : 0;
00896C : 0;
00896D : 0;
00896E : 0;
00896F : 0;
008970 : 0;
008971 : 0;
008972 : 0;
008973 : 0;
008974 : 0;
008975 : 0;
008976 : 0;
008977 : 0;
008978 : 0;
008979 : 0;
00897A : 0;
00897B : 0;
00897C : 0;
00897D : 0;
00897E : 0;
00897F : 0;
008980 : 0;
008981 : 0;
008982 : 0;
008983 : 0;
008984 : 0;
008985 : 0;
008986 : 0;
008987 : 0;
008988 : 0;
008989 : 0;
00898A : 0;
00898B : 0;
00898C : 0;
00898D : 0;
00898E : 0;
00898F : 0;
008990 : 0;
008991 : 0;
008992 : 0;
008993 : 0;
008994 : 0;
008995 : 0;
008996 : 0;
008997 : 0;
008998 : 0;
008999 : 0;
00899A : 0;
00899B : 0;
00899C : 0;
00899D : 0;
00899E : 0;
00899F : 0;
0089A0 : 0;
0089A1 : 0;
0089A2 : 0;
0089A3 : 0;
0089A4 : 0;
0089A5 : 0;
0089A6 : 0;
0089A7 : 0;
0089A8 : 0;
0089A9 : 0;
0089AA : 0;
0089AB : 0;
0089AC : 0;
0089AD : 0;
0089AE : 0;
0089AF : 0;
0089B0 : 0;
0089B1 : 0;
0089B2 : 0;
0089B3 : 0;
0089B4 : 0;
0089B5 : 0;
0089B6 : 0;
0089B7 : 0;
0089B8 : 0;
0089B9 : 0;
0089BA : 0;
0089BB : 0;
0089BC : 0;
0089BD : 0;
0089BE : 0;
0089BF : 0;
0089C0 : 0;
0089C1 : 0;
0089C2 : 0;
0089C3 : 0;
0089C4 : 0;
0089C5 : 0;
0089C6 : 0;
0089C7 : 0;
0089C8 : 0;
0089C9 : 0;
0089CA : 0;
0089CB : 0;
0089CC : 0;
0089CD : 0;
0089CE : 0;
0089CF : 0;
0089D0 : 0;
0089D1 : 0;
0089D2 : 0;
0089D3 : 0;
0089D4 : 0;
0089D5 : 0;
0089D6 : 0;
0089D7 : 0;
0089D8 : 0;
0089D9 : 0;
0089DA : 0;
0089DB : 0;
0089DC : 0;
0089DD : 0;
0089DE : 0;
0089DF : 0;
0089E0 : 0;
0089E1 : 3;
0089E2 : 3;
0089E3 : 3;
0089E4 : 3;
0089E5 : 3;
0089E6 : 3;
0089E7 : 0;
0089E8 : 0;
0089E9 : 0;
0089EA : 0;
0089EB : 0;
0089EC : 0;
0089ED : 0;
0089EE : 0;
0089EF : 0;
0089F0 : 0;
0089F1 : 0;
0089F2 : 0;
0089F3 : 0;
0089F4 : 0;
0089F5 : 0;
0089F6 : 0;
0089F7 : 0;
0089F8 : 0;
0089F9 : 0;
0089FA : 0;
0089FB : 0;
0089FC : 0;
0089FD : 0;
0089FE : 0;
0089FF : 0;
008A00 : 0;
008A01 : 0;
008A02 : 0;
008A03 : 0;
008A04 : 0;
008A05 : 0;
008A06 : 0;
008A07 : 0;
008A08 : 0;
008A09 : 0;
008A0A : 0;
008A0B : 0;
008A0C : 0;
008A0D : 0;
008A0E : 0;
008A0F : 0;
008A10 : 0;
008A11 : 0;
008A12 : 0;
008A13 : 0;
008A14 : 0;
008A15 : 0;
008A16 : 0;
008A17 : 0;
008A18 : 0;
008A19 : 0;
008A1A : 0;
008A1B : 0;
008A1C : 0;
008A1D : 0;
008A1E : 0;
008A1F : 0;
008A20 : 0;
008A21 : 0;
008A22 : 0;
008A23 : 0;
008A24 : 0;
008A25 : 0;
008A26 : 0;
008A27 : 0;
008A28 : 0;
008A29 : 0;
008A2A : 0;
008A2B : 0;
008A2C : 0;
008A2D : 0;
008A2E : 0;
008A2F : 0;
008A30 : 0;
008A31 : 0;
008A32 : 0;
008A33 : 0;
008A34 : 0;
008A35 : 0;
008A36 : 0;
008A37 : 0;
008A38 : 0;
008A39 : 0;
008A3A : 0;
008A3B : 0;
008A3C : 0;
008A3D : 0;
008A3E : 0;
008A3F : 0;
008A40 : 0;
008A41 : 0;
008A42 : 0;
008A43 : 0;
008A44 : 0;
008A45 : 0;
008A46 : 0;
008A47 : 0;
008A48 : 0;
008A49 : 0;
008A4A : 0;
008A4B : 0;
008A4C : 0;
008A4D : 0;
008A4E : 0;
008A4F : 0;
008A50 : 0;
008A51 : 0;
008A52 : 0;
008A53 : 0;
008A54 : 0;
008A55 : 0;
008A56 : 0;
008A57 : 0;
008A58 : 0;
008A59 : 0;
008A5A : 0;
008A5B : 0;
008A5C : 0;
008A5D : 0;
008A5E : 0;
008A5F : 0;
008A60 : 0;
008A61 : 0;
008A62 : 0;
008A63 : 0;
008A64 : 0;
008A65 : 0;
008A66 : 0;
008A67 : 0;
008A68 : 0;
008A69 : 0;
008A6A : 0;
008A6B : 0;
008A6C : 0;
008A6D : 0;
008A6E : 0;
008A6F : 0;
008A70 : 0;
008A71 : 0;
008A72 : 0;
008A73 : 0;
008A74 : 0;
008A75 : 0;
008A76 : 0;
008A77 : 0;
008A78 : 0;
008A79 : 0;
008A7A : 0;
008A7B : 0;
008A7C : 0;
008A7D : 0;
008A7E : 0;
008A7F : 0;
008A80 : 0;
008A81 : 0;
008A82 : 0;
008A83 : 0;
008A84 : 0;
008A85 : 0;
008A86 : 0;
008A87 : 0;
008A88 : 0;
008A89 : 0;
008A8A : 0;
008A8B : 0;
008A8C : 0;
008A8D : 0;
008A8E : 0;
008A8F : 0;
008A90 : 0;
008A91 : 0;
008A92 : 0;
008A93 : 0;
008A94 : 0;
008A95 : 0;
008A96 : 0;
008A97 : 0;
008A98 : 0;
008A99 : 0;
008A9A : 0;
008A9B : 0;
008A9C : 0;
008A9D : 0;
008A9E : 0;
008A9F : 0;
008AA0 : 0;
008AA1 : 0;
008AA2 : 0;
008AA3 : 0;
008AA4 : 0;
008AA5 : 0;
008AA6 : 0;
008AA7 : 0;
008AA8 : 0;
008AA9 : 3;
008AAA : 3;
008AAB : 3;
008AAC : 3;
008AAD : 3;
008AAE : 3;
008AAF : 0;
008AB0 : 0;
008AB1 : 0;
008AB2 : 0;
008AB3 : 0;
008AB4 : 0;
008AB5 : 0;
008AB6 : 0;
008AB7 : 0;
008AB8 : 0;
008AB9 : 0;
008ABA : 0;
008ABB : 0;
008ABC : 0;
008ABD : 0;
008ABE : 0;
008ABF : 0;
008AC0 : 0;
008AC1 : 0;
008AC2 : 0;
008AC3 : 0;
008AC4 : 0;
008AC5 : 0;
008AC6 : 0;
008AC7 : 0;
008AC8 : 0;
008AC9 : 0;
008ACA : 0;
008ACB : 0;
008ACC : 0;
008ACD : 0;
008ACE : 0;
008ACF : 0;
008AD0 : 0;
008AD1 : 0;
008AD2 : 0;
008AD3 : 0;
008AD4 : 0;
008AD5 : 0;
008AD6 : 0;
008AD7 : 0;
008AD8 : 0;
008AD9 : 0;
008ADA : 0;
008ADB : 0;
008ADC : 0;
008ADD : 0;
008ADE : 0;
008ADF : 0;
008AE0 : 0;
008AE1 : 0;
008AE2 : 0;
008AE3 : 0;
008AE4 : 0;
008AE5 : 0;
008AE6 : 0;
008AE7 : 0;
008AE8 : 0;
008AE9 : 0;
008AEA : 0;
008AEB : 0;
008AEC : 0;
008AED : 0;
008AEE : 0;
008AEF : 0;
008AF0 : 0;
008AF1 : 0;
008AF2 : 0;
008AF3 : 0;
008AF4 : 0;
008AF5 : 0;
008AF6 : 0;
008AF7 : 0;
008AF8 : 0;
008AF9 : 0;
008AFA : 0;
008AFB : 0;
008AFC : 0;
008AFD : 0;
008AFE : 0;
008AFF : 0;
008B00 : 0;
008B01 : 0;
008B02 : 0;
008B03 : 0;
008B04 : 0;
008B05 : 0;
008B06 : 0;
008B07 : 0;
008B08 : 0;
008B09 : 0;
008B0A : 0;
008B0B : 0;
008B0C : 0;
008B0D : 0;
008B0E : 0;
008B0F : 0;
008B10 : 0;
008B11 : 0;
008B12 : 0;
008B13 : 0;
008B14 : 0;
008B15 : 0;
008B16 : 0;
008B17 : 0;
008B18 : 0;
008B19 : 0;
008B1A : 0;
008B1B : 0;
008B1C : 0;
008B1D : 0;
008B1E : 0;
008B1F : 0;
008B20 : 0;
008B21 : 0;
008B22 : 0;
008B23 : 0;
008B24 : 0;
008B25 : 0;
008B26 : 0;
008B27 : 0;
008B28 : 0;
008B29 : 0;
008B2A : 0;
008B2B : 0;
008B2C : 0;
008B2D : 0;
008B2E : 0;
008B2F : 0;
008B30 : 0;
008B31 : 0;
008B32 : 0;
008B33 : 0;
008B34 : 0;
008B35 : 0;
008B36 : 0;
008B37 : 0;
008B38 : 0;
008B39 : 0;
008B3A : 0;
008B3B : 0;
008B3C : 0;
008B3D : 0;
008B3E : 0;
008B3F : 0;
008B40 : 0;
008B41 : 0;
008B42 : 0;
008B43 : 0;
008B44 : 0;
008B45 : 0;
008B46 : 0;
008B47 : 0;
008B48 : 0;
008B49 : 0;
008B4A : 0;
008B4B : 0;
008B4C : 0;
008B4D : 0;
008B4E : 0;
008B4F : 0;
008B50 : 0;
008B51 : 0;
008B52 : 0;
008B53 : 0;
008B54 : 0;
008B55 : 0;
008B56 : 0;
008B57 : 0;
008B58 : 0;
008B59 : 0;
008B5A : 0;
008B5B : 0;
008B5C : 0;
008B5D : 0;
008B5E : 0;
008B5F : 0;
008B60 : 0;
008B61 : 0;
008B62 : 0;
008B63 : 0;
008B64 : 0;
008B65 : 0;
008B66 : 0;
008B67 : 0;
008B68 : 0;
008B69 : 0;
008B6A : 0;
008B6B : 0;
008B6C : 0;
008B6D : 0;
008B6E : 0;
008B6F : 0;
008B70 : 0;
008B71 : 3;
008B72 : 3;
008B73 : 3;
008B74 : 3;
008B75 : 3;
008B76 : 3;
008B77 : 0;
008B78 : 0;
008B79 : 0;
008B7A : 0;
008B7B : 0;
008B7C : 0;
008B7D : 0;
008B7E : 0;
008B7F : 0;
008B80 : 0;
008B81 : 0;
008B82 : 0;
008B83 : 0;
008B84 : 0;
008B85 : 0;
008B86 : 0;
008B87 : 0;
008B88 : 0;
008B89 : 0;
008B8A : 0;
008B8B : 0;
008B8C : 0;
008B8D : 0;
008B8E : 0;
008B8F : 0;
008B90 : 0;
008B91 : 0;
008B92 : 0;
008B93 : 0;
008B94 : 0;
008B95 : 0;
008B96 : 0;
008B97 : 0;
008B98 : 0;
008B99 : 0;
008B9A : 0;
008B9B : 0;
008B9C : 0;
008B9D : 0;
008B9E : 0;
008B9F : 0;
008BA0 : 0;
008BA1 : 0;
008BA2 : 0;
008BA3 : 0;
008BA4 : 0;
008BA5 : 0;
008BA6 : 0;
008BA7 : 0;
008BA8 : 0;
008BA9 : 0;
008BAA : 0;
008BAB : 0;
008BAC : 0;
008BAD : 0;
008BAE : 0;
008BAF : 0;
008BB0 : 0;
008BB1 : 0;
008BB2 : 0;
008BB3 : 0;
008BB4 : 0;
008BB5 : 0;
008BB6 : 0;
008BB7 : 0;
008BB8 : 0;
008BB9 : 0;
008BBA : 0;
008BBB : 0;
008BBC : 0;
008BBD : 0;
008BBE : 0;
008BBF : 0;
008BC0 : 0;
008BC1 : 0;
008BC2 : 0;
008BC3 : 0;
008BC4 : 0;
008BC5 : 0;
008BC6 : 0;
008BC7 : 0;
008BC8 : 0;
008BC9 : 0;
008BCA : 0;
008BCB : 0;
008BCC : 0;
008BCD : 0;
008BCE : 0;
008BCF : 0;
008BD0 : 0;
008BD1 : 0;
008BD2 : 0;
008BD3 : 0;
008BD4 : 0;
008BD5 : 0;
008BD6 : 0;
008BD7 : 0;
008BD8 : 0;
008BD9 : 0;
008BDA : 0;
008BDB : 0;
008BDC : 0;
008BDD : 0;
008BDE : 0;
008BDF : 0;
008BE0 : 0;
008BE1 : 0;
008BE2 : 0;
008BE3 : 0;
008BE4 : 0;
008BE5 : 0;
008BE6 : 0;
008BE7 : 0;
008BE8 : 0;
008BE9 : 0;
008BEA : 0;
008BEB : 0;
008BEC : 0;
008BED : 0;
008BEE : 0;
008BEF : 0;
008BF0 : 0;
008BF1 : 0;
008BF2 : 0;
008BF3 : 0;
008BF4 : 0;
008BF5 : 0;
008BF6 : 0;
008BF7 : 0;
008BF8 : 0;
008BF9 : 0;
008BFA : 0;
008BFB : 0;
008BFC : 0;
008BFD : 0;
008BFE : 0;
008BFF : 0;
008C00 : 0;
008C01 : 0;
008C02 : 0;
008C03 : 0;
008C04 : 0;
008C05 : 0;
008C06 : 0;
008C07 : 0;
008C08 : 0;
008C09 : 0;
008C0A : 0;
008C0B : 0;
008C0C : 0;
008C0D : 0;
008C0E : 0;
008C0F : 0;
008C10 : 0;
008C11 : 0;
008C12 : 0;
008C13 : 0;
008C14 : 0;
008C15 : 0;
008C16 : 0;
008C17 : 0;
008C18 : 0;
008C19 : 0;
008C1A : 0;
008C1B : 0;
008C1C : 0;
008C1D : 0;
008C1E : 0;
008C1F : 0;
008C20 : 0;
008C21 : 0;
008C22 : 0;
008C23 : 0;
008C24 : 0;
008C25 : 0;
008C26 : 0;
008C27 : 0;
008C28 : 0;
008C29 : 0;
008C2A : 0;
008C2B : 0;
008C2C : 0;
008C2D : 0;
008C2E : 0;
008C2F : 0;
008C30 : 0;
008C31 : 0;
008C32 : 0;
008C33 : 0;
008C34 : 0;
008C35 : 0;
008C36 : 0;
008C37 : 0;
008C38 : 0;
008C39 : 3;
008C3A : 3;
008C3B : 3;
008C3C : 3;
008C3D : 3;
008C3E : 3;
008C3F : 0;
008C40 : 0;
008C41 : 0;
008C42 : 0;
008C43 : 0;
008C44 : 0;
008C45 : 0;
008C46 : 0;
008C47 : 0;
008C48 : 0;
008C49 : 0;
008C4A : 0;
008C4B : 0;
008C4C : 0;
008C4D : 0;
008C4E : 0;
008C4F : 0;
008C50 : 0;
008C51 : 0;
008C52 : 0;
008C53 : 0;
008C54 : 0;
008C55 : 0;
008C56 : 0;
008C57 : 0;
008C58 : 0;
008C59 : 0;
008C5A : 0;
008C5B : 0;
008C5C : 0;
008C5D : 0;
008C5E : 0;
008C5F : 0;
008C60 : 0;
008C61 : 0;
008C62 : 0;
008C63 : 0;
008C64 : 0;
008C65 : 0;
008C66 : 0;
008C67 : 0;
008C68 : 0;
008C69 : 0;
008C6A : 0;
008C6B : 0;
008C6C : 0;
008C6D : 0;
008C6E : 0;
008C6F : 0;
008C70 : 0;
008C71 : 0;
008C72 : 0;
008C73 : 0;
008C74 : 0;
008C75 : 0;
008C76 : 0;
008C77 : 0;
008C78 : 0;
008C79 : 0;
008C7A : 0;
008C7B : 0;
008C7C : 0;
008C7D : 0;
008C7E : 0;
008C7F : 0;
008C80 : 0;
008C81 : 0;
008C82 : 0;
008C83 : 0;
008C84 : 0;
008C85 : 0;
008C86 : 0;
008C87 : 0;
008C88 : 0;
008C89 : 0;
008C8A : 0;
008C8B : 0;
008C8C : 0;
008C8D : 0;
008C8E : 0;
008C8F : 0;
008C90 : 0;
008C91 : 0;
008C92 : 0;
008C93 : 0;
008C94 : 0;
008C95 : 0;
008C96 : 0;
008C97 : 0;
008C98 : 0;
008C99 : 0;
008C9A : 0;
008C9B : 0;
008C9C : 0;
008C9D : 0;
008C9E : 0;
008C9F : 0;
008CA0 : 0;
008CA1 : 0;
008CA2 : 0;
008CA3 : 0;
008CA4 : 0;
008CA5 : 0;
008CA6 : 0;
008CA7 : 0;
008CA8 : 0;
008CA9 : 0;
008CAA : 0;
008CAB : 0;
008CAC : 0;
008CAD : 0;
008CAE : 0;
008CAF : 0;
008CB0 : 0;
008CB1 : 0;
008CB2 : 0;
008CB3 : 0;
008CB4 : 0;
008CB5 : 0;
008CB6 : 0;
008CB7 : 0;
008CB8 : 0;
008CB9 : 0;
008CBA : 0;
008CBB : 0;
008CBC : 0;
008CBD : 0;
008CBE : 0;
008CBF : 0;
008CC0 : 0;
008CC1 : 0;
008CC2 : 0;
008CC3 : 0;
008CC4 : 0;
008CC5 : 0;
008CC6 : 0;
008CC7 : 0;
008CC8 : 0;
008CC9 : 0;
008CCA : 0;
008CCB : 0;
008CCC : 0;
008CCD : 0;
008CCE : 0;
008CCF : 0;
008CD0 : 0;
008CD1 : 0;
008CD2 : 0;
008CD3 : 0;
008CD4 : 0;
008CD5 : 0;
008CD6 : 0;
008CD7 : 0;
008CD8 : 0;
008CD9 : 0;
008CDA : 0;
008CDB : 0;
008CDC : 0;
008CDD : 0;
008CDE : 0;
008CDF : 0;
008CE0 : 0;
008CE1 : 0;
008CE2 : 0;
008CE3 : 0;
008CE4 : 0;
008CE5 : 0;
008CE6 : 0;
008CE7 : 0;
008CE8 : 0;
008CE9 : 0;
008CEA : 0;
008CEB : 0;
008CEC : 0;
008CED : 0;
008CEE : 0;
008CEF : 0;
008CF0 : 0;
008CF1 : 0;
008CF2 : 0;
008CF3 : 0;
008CF4 : 0;
008CF5 : 0;
008CF6 : 0;
008CF7 : 0;
008CF8 : 0;
008CF9 : 0;
008CFA : 0;
008CFB : 0;
008CFC : 0;
008CFD : 0;
008CFE : 0;
008CFF : 0;
008D00 : 0;
008D01 : 3;
008D02 : 3;
008D03 : 3;
008D04 : 3;
008D05 : 3;
008D06 : 3;
008D07 : 0;
008D08 : 0;
008D09 : 0;
008D0A : 0;
008D0B : 0;
008D0C : 0;
008D0D : 0;
008D0E : 0;
008D0F : 0;
008D10 : 0;
008D11 : 0;
008D12 : 0;
008D13 : 0;
008D14 : 0;
008D15 : 0;
008D16 : 0;
008D17 : 0;
008D18 : 0;
008D19 : 0;
008D1A : 0;
008D1B : 0;
008D1C : 0;
008D1D : 0;
008D1E : 0;
008D1F : 0;
008D20 : 0;
008D21 : 0;
008D22 : 0;
008D23 : 0;
008D24 : 0;
008D25 : 0;
008D26 : 0;
008D27 : 0;
008D28 : 0;
008D29 : 0;
008D2A : 0;
008D2B : 0;
008D2C : 0;
008D2D : 0;
008D2E : 0;
008D2F : 0;
008D30 : 0;
008D31 : 0;
008D32 : 0;
008D33 : 0;
008D34 : 0;
008D35 : 0;
008D36 : 0;
008D37 : 0;
008D38 : 0;
008D39 : 0;
008D3A : 0;
008D3B : 0;
008D3C : 0;
008D3D : 0;
008D3E : 0;
008D3F : 0;
008D40 : 0;
008D41 : 0;
008D42 : 0;
008D43 : 0;
008D44 : 0;
008D45 : 0;
008D46 : 0;
008D47 : 0;
008D48 : 0;
008D49 : 0;
008D4A : 0;
008D4B : 0;
008D4C : 0;
008D4D : 0;
008D4E : 0;
008D4F : 0;
008D50 : 0;
008D51 : 0;
008D52 : 0;
008D53 : 0;
008D54 : 0;
008D55 : 0;
008D56 : 0;
008D57 : 0;
008D58 : 0;
008D59 : 0;
008D5A : 0;
008D5B : 0;
008D5C : 0;
008D5D : 0;
008D5E : 0;
008D5F : 0;
008D60 : 0;
008D61 : 0;
008D62 : 0;
008D63 : 0;
008D64 : 0;
008D65 : 0;
008D66 : 0;
008D67 : 0;
008D68 : 0;
008D69 : 0;
008D6A : 0;
008D6B : 0;
008D6C : 0;
008D6D : 0;
008D6E : 0;
008D6F : 0;
008D70 : 0;
008D71 : 0;
008D72 : 0;
008D73 : 0;
008D74 : 0;
008D75 : 0;
008D76 : 0;
008D77 : 0;
008D78 : 0;
008D79 : 0;
008D7A : 0;
008D7B : 0;
008D7C : 0;
008D7D : 0;
008D7E : 0;
008D7F : 0;
008D80 : 0;
008D81 : 0;
008D82 : 0;
008D83 : 0;
008D84 : 0;
008D85 : 0;
008D86 : 0;
008D87 : 0;
008D88 : 0;
008D89 : 0;
008D8A : 0;
008D8B : 0;
008D8C : 0;
008D8D : 0;
008D8E : 0;
008D8F : 0;
008D90 : 0;
008D91 : 0;
008D92 : 0;
008D93 : 0;
008D94 : 0;
008D95 : 0;
008D96 : 0;
008D97 : 0;
008D98 : 0;
008D99 : 0;
008D9A : 0;
008D9B : 0;
008D9C : 0;
008D9D : 0;
008D9E : 0;
008D9F : 0;
008DA0 : 0;
008DA1 : 0;
008DA2 : 0;
008DA3 : 0;
008DA4 : 0;
008DA5 : 0;
008DA6 : 0;
008DA7 : 0;
008DA8 : 0;
008DA9 : 0;
008DAA : 0;
008DAB : 0;
008DAC : 0;
008DAD : 0;
008DAE : 0;
008DAF : 0;
008DB0 : 0;
008DB1 : 0;
008DB2 : 0;
008DB3 : 0;
008DB4 : 0;
008DB5 : 0;
008DB6 : 0;
008DB7 : 0;
008DB8 : 0;
008DB9 : 0;
008DBA : 0;
008DBB : 0;
008DBC : 0;
008DBD : 0;
008DBE : 0;
008DBF : 0;
008DC0 : 0;
008DC1 : 0;
008DC2 : 0;
008DC3 : 0;
008DC4 : 0;
008DC5 : 0;
008DC6 : 0;
008DC7 : 0;
008DC8 : 0;
008DC9 : 3;
008DCA : 3;
008DCB : 3;
008DCC : 3;
008DCD : 3;
008DCE : 3;
008DCF : 0;
008DD0 : 0;
008DD1 : 0;
008DD2 : 0;
008DD3 : 0;
008DD4 : 0;
008DD5 : 0;
008DD6 : 0;
008DD7 : 0;
008DD8 : 0;
008DD9 : 0;
008DDA : 0;
008DDB : 0;
008DDC : 0;
008DDD : 0;
008DDE : 0;
008DDF : 0;
008DE0 : 0;
008DE1 : 0;
008DE2 : 0;
008DE3 : 0;
008DE4 : 0;
008DE5 : 0;
008DE6 : 0;
008DE7 : 0;
008DE8 : 0;
008DE9 : 0;
008DEA : 0;
008DEB : 0;
008DEC : 0;
008DED : 0;
008DEE : 0;
008DEF : 0;
008DF0 : 0;
008DF1 : 0;
008DF2 : 0;
008DF3 : 0;
008DF4 : 0;
008DF5 : 0;
008DF6 : 0;
008DF7 : 0;
008DF8 : 0;
008DF9 : 0;
008DFA : 0;
008DFB : 0;
008DFC : 0;
008DFD : 0;
008DFE : 0;
008DFF : 0;
008E00 : 0;
008E01 : 0;
008E02 : 0;
008E03 : 0;
008E04 : 0;
008E05 : 0;
008E06 : 0;
008E07 : 0;
008E08 : 0;
008E09 : 0;
008E0A : 0;
008E0B : 0;
008E0C : 0;
008E0D : 0;
008E0E : 0;
008E0F : 0;
008E10 : 0;
008E11 : 0;
008E12 : 0;
008E13 : 0;
008E14 : 0;
008E15 : 0;
008E16 : 0;
008E17 : 0;
008E18 : 0;
008E19 : 0;
008E1A : 0;
008E1B : 0;
008E1C : 0;
008E1D : 0;
008E1E : 0;
008E1F : 0;
008E20 : 0;
008E21 : 0;
008E22 : 0;
008E23 : 0;
008E24 : 0;
008E25 : 0;
008E26 : 0;
008E27 : 0;
008E28 : 0;
008E29 : 0;
008E2A : 0;
008E2B : 0;
008E2C : 0;
008E2D : 0;
008E2E : 0;
008E2F : 0;
008E30 : 0;
008E31 : 0;
008E32 : 0;
008E33 : 0;
008E34 : 0;
008E35 : 0;
008E36 : 0;
008E37 : 0;
008E38 : 0;
008E39 : 0;
008E3A : 0;
008E3B : 0;
008E3C : 0;
008E3D : 0;
008E3E : 0;
008E3F : 0;
008E40 : 0;
008E41 : 0;
008E42 : 0;
008E43 : 0;
008E44 : 0;
008E45 : 0;
008E46 : 0;
008E47 : 0;
008E48 : 0;
008E49 : 0;
008E4A : 0;
008E4B : 0;
008E4C : 0;
008E4D : 0;
008E4E : 0;
008E4F : 0;
008E50 : 0;
008E51 : 0;
008E52 : 0;
008E53 : 0;
008E54 : 0;
008E55 : 0;
008E56 : 0;
008E57 : 0;
008E58 : 0;
008E59 : 0;
008E5A : 0;
008E5B : 0;
008E5C : 0;
008E5D : 0;
008E5E : 0;
008E5F : 0;
008E60 : 0;
008E61 : 0;
008E62 : 0;
008E63 : 0;
008E64 : 0;
008E65 : 0;
008E66 : 0;
008E67 : 0;
008E68 : 0;
008E69 : 0;
008E6A : 0;
008E6B : 0;
008E6C : 0;
008E6D : 0;
008E6E : 0;
008E6F : 0;
008E70 : 0;
008E71 : 0;
008E72 : 0;
008E73 : 0;
008E74 : 0;
008E75 : 0;
008E76 : 0;
008E77 : 0;
008E78 : 0;
008E79 : 0;
008E7A : 0;
008E7B : 0;
008E7C : 0;
008E7D : 0;
008E7E : 0;
008E7F : 0;
008E80 : 0;
008E81 : 0;
008E82 : 0;
008E83 : 0;
008E84 : 0;
008E85 : 0;
008E86 : 0;
008E87 : 0;
008E88 : 0;
008E89 : 0;
008E8A : 0;
008E8B : 0;
008E8C : 0;
008E8D : 0;
008E8E : 0;
008E8F : 0;
008E90 : 0;
008E91 : 3;
008E92 : 3;
008E93 : 3;
008E94 : 3;
008E95 : 3;
008E96 : 3;
008E97 : 0;
008E98 : 0;
008E99 : 0;
008E9A : 0;
008E9B : 0;
008E9C : 0;
008E9D : 0;
008E9E : 0;
008E9F : 0;
008EA0 : 0;
008EA1 : 0;
008EA2 : 0;
008EA3 : 0;
008EA4 : 0;
008EA5 : 0;
008EA6 : 0;
008EA7 : 0;
008EA8 : 0;
008EA9 : 0;
008EAA : 0;
008EAB : 0;
008EAC : 0;
008EAD : 0;
008EAE : 0;
008EAF : 0;
008EB0 : 0;
008EB1 : 0;
008EB2 : 0;
008EB3 : 0;
008EB4 : 0;
008EB5 : 0;
008EB6 : 0;
008EB7 : 0;
008EB8 : 0;
008EB9 : 0;
008EBA : 0;
008EBB : 0;
008EBC : 0;
008EBD : 0;
008EBE : 0;
008EBF : 0;
008EC0 : 0;
008EC1 : 0;
008EC2 : 0;
008EC3 : 0;
008EC4 : 0;
008EC5 : 0;
008EC6 : 0;
008EC7 : 0;
008EC8 : 0;
008EC9 : 0;
008ECA : 0;
008ECB : 0;
008ECC : 0;
008ECD : 0;
008ECE : 0;
008ECF : 0;
008ED0 : 0;
008ED1 : 0;
008ED2 : 0;
008ED3 : 0;
008ED4 : 0;
008ED5 : 0;
008ED6 : 0;
008ED7 : 0;
008ED8 : 0;
008ED9 : 0;
008EDA : 0;
008EDB : 0;
008EDC : 0;
008EDD : 0;
008EDE : 0;
008EDF : 0;
008EE0 : 0;
008EE1 : 0;
008EE2 : 0;
008EE3 : 0;
008EE4 : 0;
008EE5 : 0;
008EE6 : 0;
008EE7 : 0;
008EE8 : 0;
008EE9 : 0;
008EEA : 0;
008EEB : 0;
008EEC : 0;
008EED : 0;
008EEE : 0;
008EEF : 0;
008EF0 : 0;
008EF1 : 0;
008EF2 : 0;
008EF3 : 0;
008EF4 : 0;
008EF5 : 0;
008EF6 : 0;
008EF7 : 0;
008EF8 : 0;
008EF9 : 0;
008EFA : 0;
008EFB : 0;
008EFC : 0;
008EFD : 0;
008EFE : 0;
008EFF : 0;
008F00 : 0;
008F01 : 0;
008F02 : 0;
008F03 : 0;
008F04 : 0;
008F05 : 0;
008F06 : 0;
008F07 : 0;
008F08 : 0;
008F09 : 0;
008F0A : 0;
008F0B : 0;
008F0C : 0;
008F0D : 0;
008F0E : 0;
008F0F : 0;
008F10 : 0;
008F11 : 0;
008F12 : 0;
008F13 : 0;
008F14 : 0;
008F15 : 0;
008F16 : 0;
008F17 : 0;
008F18 : 0;
008F19 : 0;
008F1A : 0;
008F1B : 0;
008F1C : 0;
008F1D : 0;
008F1E : 0;
008F1F : 0;
008F20 : 0;
008F21 : 0;
008F22 : 0;
008F23 : 0;
008F24 : 0;
008F25 : 0;
008F26 : 0;
008F27 : 0;
008F28 : 0;
008F29 : 0;
008F2A : 0;
008F2B : 0;
008F2C : 0;
008F2D : 0;
008F2E : 0;
008F2F : 0;
008F30 : 0;
008F31 : 0;
008F32 : 0;
008F33 : 0;
008F34 : 0;
008F35 : 0;
008F36 : 0;
008F37 : 0;
008F38 : 0;
008F39 : 0;
008F3A : 0;
008F3B : 0;
008F3C : 0;
008F3D : 0;
008F3E : 0;
008F3F : 0;
008F40 : 0;
008F41 : 0;
008F42 : 0;
008F43 : 0;
008F44 : 0;
008F45 : 0;
008F46 : 0;
008F47 : 0;
008F48 : 0;
008F49 : 0;
008F4A : 0;
008F4B : 0;
008F4C : 0;
008F4D : 0;
008F4E : 0;
008F4F : 0;
008F50 : 0;
008F51 : 0;
008F52 : 0;
008F53 : 0;
008F54 : 0;
008F55 : 0;
008F56 : 0;
008F57 : 0;
008F58 : 0;
008F59 : 3;
008F5A : 3;
008F5B : 3;
008F5C : 3;
008F5D : 3;
008F5E : 3;
008F5F : 0;
008F60 : 0;
008F61 : 0;
008F62 : 0;
008F63 : 0;
008F64 : 0;
008F65 : 0;
008F66 : 0;
008F67 : 0;
008F68 : 0;
008F69 : 0;
008F6A : 0;
008F6B : 0;
008F6C : 0;
008F6D : 0;
008F6E : 0;
008F6F : 0;
008F70 : 0;
008F71 : 0;
008F72 : 0;
008F73 : 0;
008F74 : 0;
008F75 : 0;
008F76 : 0;
008F77 : 0;
008F78 : 0;
008F79 : 0;
008F7A : 0;
008F7B : 0;
008F7C : 0;
008F7D : 0;
008F7E : 0;
008F7F : 0;
008F80 : 0;
008F81 : 0;
008F82 : 0;
008F83 : 0;
008F84 : 0;
008F85 : 0;
008F86 : 0;
008F87 : 0;
008F88 : 0;
008F89 : 0;
008F8A : 0;
008F8B : 0;
008F8C : 0;
008F8D : 0;
008F8E : 0;
008F8F : 0;
008F90 : 0;
008F91 : 0;
008F92 : 0;
008F93 : 0;
008F94 : 0;
008F95 : 0;
008F96 : 0;
008F97 : 0;
008F98 : 0;
008F99 : 0;
008F9A : 0;
008F9B : 0;
008F9C : 0;
008F9D : 0;
008F9E : 0;
008F9F : 0;
008FA0 : 0;
008FA1 : 0;
008FA2 : 0;
008FA3 : 0;
008FA4 : 0;
008FA5 : 0;
008FA6 : 0;
008FA7 : 0;
008FA8 : 0;
008FA9 : 0;
008FAA : 0;
008FAB : 0;
008FAC : 0;
008FAD : 0;
008FAE : 0;
008FAF : 0;
008FB0 : 0;
008FB1 : 0;
008FB2 : 0;
008FB3 : 0;
008FB4 : 0;
008FB5 : 0;
008FB6 : 0;
008FB7 : 0;
008FB8 : 0;
008FB9 : 0;
008FBA : 0;
008FBB : 0;
008FBC : 0;
008FBD : 0;
008FBE : 0;
008FBF : 0;
008FC0 : 0;
008FC1 : 0;
008FC2 : 0;
008FC3 : 0;
008FC4 : 0;
008FC5 : 0;
008FC6 : 0;
008FC7 : 0;
008FC8 : 0;
008FC9 : 0;
008FCA : 0;
008FCB : 0;
008FCC : 0;
008FCD : 0;
008FCE : 0;
008FCF : 0;
008FD0 : 0;
008FD1 : 0;
008FD2 : 0;
008FD3 : 0;
008FD4 : 0;
008FD5 : 0;
008FD6 : 0;
008FD7 : 0;
008FD8 : 0;
008FD9 : 0;
008FDA : 0;
008FDB : 0;
008FDC : 0;
008FDD : 0;
008FDE : 0;
008FDF : 0;
008FE0 : 0;
008FE1 : 0;
008FE2 : 0;
008FE3 : 0;
008FE4 : 0;
008FE5 : 0;
008FE6 : 0;
008FE7 : 0;
008FE8 : 0;
008FE9 : 0;
008FEA : 0;
008FEB : 0;
008FEC : 0;
008FED : 0;
008FEE : 0;
008FEF : 0;
008FF0 : 0;
008FF1 : 0;
008FF2 : 0;
008FF3 : 0;
008FF4 : 0;
008FF5 : 0;
008FF6 : 0;
008FF7 : 0;
008FF8 : 0;
008FF9 : 0;
008FFA : 0;
008FFB : 0;
008FFC : 0;
008FFD : 0;
008FFE : 0;
008FFF : 0;
009000 : 0;
009001 : 0;
009002 : 0;
009003 : 0;
009004 : 0;
009005 : 0;
009006 : 0;
009007 : 0;
009008 : 0;
009009 : 0;
00900A : 0;
00900B : 0;
00900C : 0;
00900D : 0;
00900E : 0;
00900F : 0;
009010 : 0;
009011 : 0;
009012 : 0;
009013 : 0;
009014 : 0;
009015 : 0;
009016 : 0;
009017 : 0;
009018 : 0;
009019 : 0;
00901A : 0;
00901B : 0;
00901C : 0;
00901D : 0;
00901E : 0;
00901F : 0;
009020 : 0;
009021 : 0;
009022 : 3;
009023 : 3;
009024 : 3;
009025 : 3;
009026 : 3;
009027 : 0;
009028 : 0;
009029 : 0;
00902A : 0;
00902B : 0;
00902C : 0;
00902D : 0;
00902E : 0;
00902F : 0;
009030 : 0;
009031 : 0;
009032 : 0;
009033 : 0;
009034 : 0;
009035 : 0;
009036 : 0;
009037 : 0;
009038 : 0;
009039 : 0;
00903A : 0;
00903B : 0;
00903C : 0;
00903D : 0;
00903E : 0;
00903F : 0;
009040 : 0;
009041 : 0;
009042 : 0;
009043 : 0;
009044 : 0;
009045 : 0;
009046 : 0;
009047 : 0;
009048 : 0;
009049 : 0;
00904A : 0;
00904B : 0;
00904C : 0;
00904D : 0;
00904E : 0;
00904F : 0;
009050 : 0;
009051 : 0;
009052 : 0;
009053 : 0;
009054 : 0;
009055 : 0;
009056 : 0;
009057 : 0;
009058 : 0;
009059 : 0;
00905A : 0;
00905B : 0;
00905C : 0;
00905D : 0;
00905E : 0;
00905F : 0;
009060 : 0;
009061 : 0;
009062 : 0;
009063 : 0;
009064 : 0;
009065 : 0;
009066 : 0;
009067 : 0;
009068 : 0;
009069 : 0;
00906A : 0;
00906B : 0;
00906C : 0;
00906D : 0;
00906E : 0;
00906F : 0;
009070 : 0;
009071 : 0;
009072 : 0;
009073 : 0;
009074 : 0;
009075 : 0;
009076 : 0;
009077 : 0;
009078 : 0;
009079 : 0;
00907A : 0;
00907B : 0;
00907C : 0;
00907D : 0;
00907E : 0;
00907F : 0;
009080 : 0;
009081 : 0;
009082 : 0;
009083 : 0;
009084 : 0;
009085 : 0;
009086 : 0;
009087 : 0;
009088 : 0;
009089 : 0;
00908A : 0;
00908B : 0;
00908C : 0;
00908D : 0;
00908E : 0;
00908F : 0;
009090 : 0;
009091 : 0;
009092 : 0;
009093 : 0;
009094 : 0;
009095 : 0;
009096 : 0;
009097 : 0;
009098 : 0;
009099 : 0;
00909A : 0;
00909B : 0;
00909C : 0;
00909D : 0;
00909E : 0;
00909F : 0;
0090A0 : 0;
0090A1 : 0;
0090A2 : 0;
0090A3 : 0;
0090A4 : 0;
0090A5 : 0;
0090A6 : 0;
0090A7 : 0;
0090A8 : 0;
0090A9 : 0;
0090AA : 0;
0090AB : 0;
0090AC : 0;
0090AD : 0;
0090AE : 0;
0090AF : 0;
0090B0 : 0;
0090B1 : 0;
0090B2 : 0;
0090B3 : 0;
0090B4 : 0;
0090B5 : 0;
0090B6 : 0;
0090B7 : 0;
0090B8 : 0;
0090B9 : 0;
0090BA : 0;
0090BB : 0;
0090BC : 0;
0090BD : 0;
0090BE : 0;
0090BF : 0;
0090C0 : 0;
0090C1 : 0;
0090C2 : 0;
0090C3 : 0;
0090C4 : 0;
0090C5 : 0;
0090C6 : 0;
0090C7 : 0;
0090C8 : 0;
0090C9 : 0;
0090CA : 0;
0090CB : 0;
0090CC : 0;
0090CD : 0;
0090CE : 0;
0090CF : 0;
0090D0 : 0;
0090D1 : 0;
0090D2 : 0;
0090D3 : 0;
0090D4 : 0;
0090D5 : 0;
0090D6 : 0;
0090D7 : 0;
0090D8 : 0;
0090D9 : 0;
0090DA : 0;
0090DB : 0;
0090DC : 0;
0090DD : 0;
0090DE : 0;
0090DF : 0;
0090E0 : 0;
0090E1 : 0;
0090E2 : 0;
0090E3 : 0;
0090E4 : 0;
0090E5 : 0;
0090E6 : 0;
0090E7 : 0;
0090E8 : 0;
0090E9 : 0;
0090EA : 3;
0090EB : 3;
0090EC : 3;
0090ED : 3;
0090EE : 0;
0090EF : 0;
0090F0 : 0;
0090F1 : 0;
0090F2 : 0;
0090F3 : 0;
0090F4 : 0;
0090F5 : 0;
0090F6 : 0;
0090F7 : 0;
0090F8 : 0;
0090F9 : 0;
0090FA : 0;
0090FB : 0;
0090FC : 0;
0090FD : 0;
0090FE : 0;
0090FF : 0;
009100 : 0;
009101 : 0;
009102 : 0;
009103 : 0;
009104 : 0;
009105 : 0;
009106 : 0;
009107 : 0;
009108 : 0;
009109 : 0;
00910A : 0;
00910B : 0;
00910C : 0;
00910D : 0;
00910E : 0;
00910F : 0;
009110 : 0;
009111 : 0;
009112 : 0;
009113 : 0;
009114 : 0;
009115 : 0;
009116 : 0;
009117 : 0;
009118 : 0;
009119 : 0;
00911A : 0;
00911B : 0;
00911C : 0;
00911D : 0;
00911E : 0;
00911F : 0;
009120 : 0;
009121 : 0;
009122 : 0;
009123 : 0;
009124 : 0;
009125 : 0;
009126 : 0;
009127 : 0;
009128 : 0;
009129 : 0;
00912A : 0;
00912B : 0;
00912C : 0;
00912D : 0;
00912E : 0;
00912F : 0;
009130 : 0;
009131 : 0;
009132 : 0;
009133 : 0;
009134 : 0;
009135 : 0;
009136 : 0;
009137 : 0;
009138 : 0;
009139 : 0;
00913A : 0;
00913B : 0;
00913C : 0;
00913D : 0;
00913E : 0;
00913F : 0;
009140 : 0;
009141 : 0;
009142 : 0;
009143 : 0;
009144 : 0;
009145 : 0;
009146 : 0;
009147 : 0;
009148 : 0;
009149 : 0;
00914A : 0;
00914B : 0;
00914C : 0;
00914D : 0;
00914E : 0;
00914F : 0;
009150 : 0;
009151 : 0;
009152 : 0;
009153 : 0;
009154 : 0;
009155 : 0;
009156 : 0;
009157 : 0;
009158 : 0;
009159 : 0;
00915A : 0;
00915B : 0;
00915C : 0;
00915D : 0;
00915E : 0;
00915F : 0;
009160 : 0;
009161 : 0;
009162 : 0;
009163 : 0;
009164 : 0;
009165 : 0;
009166 : 0;
009167 : 0;
009168 : 0;
009169 : 0;
00916A : 0;
00916B : 0;
00916C : 0;
00916D : 0;
00916E : 0;
00916F : 0;
009170 : 0;
009171 : 0;
009172 : 0;
009173 : 0;
009174 : 0;
009175 : 0;
009176 : 0;
009177 : 0;
009178 : 0;
009179 : 0;
00917A : 0;
00917B : 0;
00917C : 0;
00917D : 0;
00917E : 0;
00917F : 0;
009180 : 0;
009181 : 0;
009182 : 0;
009183 : 0;
009184 : 0;
009185 : 0;
009186 : 0;
009187 : 0;
009188 : 0;
009189 : 0;
00918A : 0;
00918B : 0;
00918C : 0;
00918D : 0;
00918E : 0;
00918F : 0;
009190 : 0;
009191 : 0;
009192 : 0;
009193 : 0;
009194 : 0;
009195 : 0;
009196 : 0;
009197 : 0;
009198 : 0;
009199 : 0;
00919A : 0;
00919B : 0;
00919C : 0;
00919D : 0;
00919E : 0;
00919F : 0;
0091A0 : 0;
0091A1 : 0;
0091A2 : 0;
0091A3 : 0;
0091A4 : 0;
0091A5 : 0;
0091A6 : 0;
0091A7 : 0;
0091A8 : 0;
0091A9 : 0;
0091AA : 0;
0091AB : 0;
0091AC : 0;
0091AD : 0;
0091AE : 0;
0091AF : 0;
0091B0 : 0;
0091B1 : 0;
0091B2 : 0;
0091B3 : 0;
0091B4 : 0;
0091B5 : 0;
0091B6 : 0;
0091B7 : 0;
0091B8 : 0;
0091B9 : 0;
0091BA : 0;
0091BB : 0;
0091BC : 0;
0091BD : 0;
0091BE : 0;
0091BF : 0;
0091C0 : 0;
0091C1 : 0;
0091C2 : 0;
0091C3 : 0;
0091C4 : 0;
0091C5 : 0;
0091C6 : 0;
0091C7 : 0;
0091C8 : 0;
0091C9 : 0;
0091CA : 0;
0091CB : 0;
0091CC : 0;
0091CD : 0;
0091CE : 0;
0091CF : 0;
0091D0 : 0;
0091D1 : 0;
0091D2 : 0;
0091D3 : 0;
0091D4 : 0;
0091D5 : 0;
0091D6 : 0;
0091D7 : 0;
0091D8 : 0;
0091D9 : 0;
0091DA : 0;
0091DB : 0;
0091DC : 0;
0091DD : 0;
0091DE : 0;
0091DF : 0;
0091E0 : 0;
0091E1 : 0;
0091E2 : 0;
0091E3 : 0;
0091E4 : 0;
0091E5 : 0;
0091E6 : 0;
0091E7 : 0;
0091E8 : 0;
0091E9 : 0;
0091EA : 0;
0091EB : 0;
0091EC : 0;
0091ED : 0;
0091EE : 0;
0091EF : 0;
0091F0 : 0;
0091F1 : 0;
0091F2 : 0;
0091F3 : 0;
0091F4 : 0;
0091F5 : 0;
0091F6 : 0;
0091F7 : 0;
0091F8 : 0;
0091F9 : 0;
0091FA : 0;
0091FB : 0;
0091FC : 0;
0091FD : 0;
0091FE : 0;
0091FF : 0;
009200 : 0;
009201 : 0;
009202 : 0;
009203 : 0;
009204 : 0;
009205 : 0;
009206 : 0;
009207 : 0;
009208 : 0;
009209 : 0;
00920A : 0;
00920B : 0;
00920C : 0;
00920D : 0;
00920E : 0;
00920F : 0;
009210 : 0;
009211 : 0;
009212 : 0;
009213 : 0;
009214 : 0;
009215 : 0;
009216 : 0;
009217 : 0;
009218 : 0;
009219 : 0;
00921A : 0;
00921B : 0;
00921C : 0;
00921D : 0;
00921E : 0;
00921F : 0;
009220 : 0;
009221 : 0;
009222 : 0;
009223 : 0;
009224 : 0;
009225 : 0;
009226 : 0;
009227 : 0;
009228 : 0;
009229 : 0;
00922A : 0;
00922B : 0;
00922C : 0;
00922D : 0;
00922E : 0;
00922F : 0;
009230 : 0;
009231 : 0;
009232 : 0;
009233 : 0;
009234 : 0;
009235 : 0;
009236 : 0;
009237 : 0;
009238 : 0;
009239 : 0;
00923A : 0;
00923B : 0;
00923C : 0;
00923D : 0;
00923E : 0;
00923F : 0;
009240 : 0;
009241 : 0;
009242 : 0;
009243 : 0;
009244 : 0;
009245 : 0;
009246 : 0;
009247 : 0;
009248 : 0;
009249 : 0;
00924A : 0;
00924B : 0;
00924C : 0;
00924D : 0;
00924E : 0;
00924F : 0;
009250 : 0;
009251 : 0;
009252 : 0;
009253 : 0;
009254 : 0;
009255 : 0;
009256 : 0;
009257 : 0;
009258 : 0;
009259 : 0;
00925A : 0;
00925B : 0;
00925C : 0;
00925D : 0;
00925E : 0;
00925F : 0;
009260 : 0;
009261 : 0;
009262 : 0;
009263 : 0;
009264 : 0;
009265 : 0;
009266 : 0;
009267 : 0;
009268 : 0;
009269 : 0;
00926A : 0;
00926B : 0;
00926C : 0;
00926D : 0;
00926E : 0;
00926F : 0;
009270 : 0;
009271 : 0;
009272 : 0;
009273 : 0;
009274 : 0;
009275 : 0;
009276 : 0;
009277 : 0;
009278 : 0;
009279 : 0;
00927A : 0;
00927B : 0;
00927C : 0;
00927D : 0;
00927E : 0;
00927F : 0;
009280 : 0;
009281 : 0;
009282 : 0;
009283 : 0;
009284 : 0;
009285 : 0;
009286 : 0;
009287 : 0;
009288 : 0;
009289 : 0;
00928A : 0;
00928B : 0;
00928C : 0;
00928D : 0;
00928E : 0;
00928F : 0;
009290 : 0;
009291 : 0;
009292 : 0;
009293 : 0;
009294 : 0;
009295 : 0;
009296 : 0;
009297 : 0;
009298 : 0;
009299 : 0;
00929A : 0;
00929B : 0;
00929C : 0;
00929D : 0;
00929E : 0;
00929F : 0;
0092A0 : 0;
0092A1 : 0;
0092A2 : 0;
0092A3 : 0;
0092A4 : 0;
0092A5 : 0;
0092A6 : 0;
0092A7 : 0;
0092A8 : 0;
0092A9 : 0;
0092AA : 0;
0092AB : 0;
0092AC : 0;
0092AD : 0;
0092AE : 0;
0092AF : 0;
0092B0 : 0;
0092B1 : 0;
0092B2 : 0;
0092B3 : 0;
0092B4 : 0;
0092B5 : 0;
0092B6 : 0;
0092B7 : 0;
0092B8 : 0;
0092B9 : 0;
0092BA : 0;
0092BB : 0;
0092BC : 0;
0092BD : 0;
0092BE : 0;
0092BF : 0;
0092C0 : 0;
0092C1 : 0;
0092C2 : 0;
0092C3 : 0;
0092C4 : 0;
0092C5 : 0;
0092C6 : 0;
0092C7 : 0;
0092C8 : 0;
0092C9 : 0;
0092CA : 0;
0092CB : 0;
0092CC : 0;
0092CD : 0;
0092CE : 0;
0092CF : 0;
0092D0 : 0;
0092D1 : 0;
0092D2 : 0;
0092D3 : 0;
0092D4 : 0;
0092D5 : 0;
0092D6 : 0;
0092D7 : 0;
0092D8 : 0;
0092D9 : 0;
0092DA : 0;
0092DB : 0;
0092DC : 0;
0092DD : 0;
0092DE : 0;
0092DF : 0;
0092E0 : 0;
0092E1 : 0;
0092E2 : 0;
0092E3 : 0;
0092E4 : 0;
0092E5 : 0;
0092E6 : 0;
0092E7 : 0;
0092E8 : 0;
0092E9 : 0;
0092EA : 0;
0092EB : 0;
0092EC : 0;
0092ED : 0;
0092EE : 0;
0092EF : 0;
0092F0 : 0;
0092F1 : 0;
0092F2 : 0;
0092F3 : 0;
0092F4 : 0;
0092F5 : 0;
0092F6 : 0;
0092F7 : 0;
0092F8 : 0;
0092F9 : 0;
0092FA : 0;
0092FB : 0;
0092FC : 0;
0092FD : 0;
0092FE : 0;
0092FF : 0;
009300 : 0;
009301 : 0;
009302 : 0;
009303 : 0;
009304 : 0;
009305 : 0;
009306 : 0;
009307 : 0;
009308 : 0;
009309 : 0;
00930A : 0;
00930B : 0;
00930C : 0;
00930D : 0;
00930E : 0;
00930F : 0;
009310 : 0;
009311 : 0;
009312 : 0;
009313 : 0;
009314 : 0;
009315 : 0;
009316 : 0;
009317 : 0;
009318 : 0;
009319 : 0;
00931A : 0;
00931B : 0;
00931C : 0;
00931D : 0;
00931E : 0;
00931F : 0;
009320 : 0;
009321 : 0;
009322 : 0;
009323 : 0;
009324 : 0;
009325 : 0;
009326 : 0;
009327 : 0;
009328 : 0;
009329 : 0;
00932A : 0;
00932B : 0;
00932C : 0;
00932D : 0;
00932E : 0;
00932F : 0;
009330 : 0;
009331 : 0;
009332 : 0;
009333 : 0;
009334 : 0;
009335 : 0;
009336 : 0;
009337 : 0;
009338 : 0;
009339 : 0;
00933A : 0;
00933B : 0;
00933C : 0;
00933D : 0;
00933E : 0;
00933F : 0;
009340 : 0;
009341 : 0;
009342 : 0;
009343 : 0;
009344 : 0;
009345 : 0;
009346 : 0;
009347 : 0;
009348 : 0;
009349 : 0;
00934A : 0;
00934B : 0;
00934C : 0;
00934D : 0;
00934E : 0;
00934F : 0;
009350 : 0;
009351 : 0;
009352 : 0;
009353 : 0;
009354 : 0;
009355 : 0;
009356 : 0;
009357 : 0;
009358 : 0;
009359 : 0;
00935A : 0;
00935B : 0;
00935C : 0;
00935D : 0;
00935E : 0;
00935F : 0;
009360 : 0;
009361 : 0;
009362 : 0;
009363 : 0;
009364 : 0;
009365 : 0;
009366 : 0;
009367 : 0;
009368 : 0;
009369 : 0;
00936A : 0;
00936B : 0;
00936C : 0;
00936D : 0;
00936E : 0;
00936F : 0;
009370 : 0;
009371 : 0;
009372 : 0;
009373 : 0;
009374 : 0;
009375 : 0;
009376 : 0;
009377 : 0;
009378 : 0;
009379 : 0;
00937A : 0;
00937B : 0;
00937C : 0;
00937D : 0;
00937E : 0;
00937F : 0;
009380 : 0;
009381 : 0;
009382 : 0;
009383 : 0;
009384 : 0;
009385 : 0;
009386 : 0;
009387 : 0;
009388 : 0;
009389 : 0;
00938A : 0;
00938B : 0;
00938C : 0;
00938D : 0;
00938E : 0;
00938F : 0;
009390 : 0;
009391 : 0;
009392 : 0;
009393 : 0;
009394 : 0;
009395 : 0;
009396 : 0;
009397 : 0;
009398 : 0;
009399 : 0;
00939A : 0;
00939B : 0;
00939C : 0;
00939D : 0;
00939E : 0;
00939F : 0;
0093A0 : 0;
0093A1 : 0;
0093A2 : 0;
0093A3 : 0;
0093A4 : 0;
0093A5 : 0;
0093A6 : 0;
0093A7 : 0;
0093A8 : 0;
0093A9 : 0;
0093AA : 0;
0093AB : 0;
0093AC : 0;
0093AD : 0;
0093AE : 0;
0093AF : 0;
0093B0 : 0;
0093B1 : 0;
0093B2 : 0;
0093B3 : 0;
0093B4 : 0;
0093B5 : 0;
0093B6 : 0;
0093B7 : 0;
0093B8 : 0;
0093B9 : 0;
0093BA : 0;
0093BB : 0;
0093BC : 0;
0093BD : 0;
0093BE : 0;
0093BF : 0;
0093C0 : 0;
0093C1 : 0;
0093C2 : 0;
0093C3 : 0;
0093C4 : 0;
0093C5 : 0;
0093C6 : 0;
0093C7 : 0;
0093C8 : 0;
0093C9 : 0;
0093CA : 0;
0093CB : 0;
0093CC : 0;
0093CD : 0;
0093CE : 0;
0093CF : 0;
0093D0 : 0;
0093D1 : 0;
0093D2 : 0;
0093D3 : 0;
0093D4 : 0;
0093D5 : 0;
0093D6 : 0;
0093D7 : 0;
0093D8 : 0;
0093D9 : 0;
0093DA : 0;
0093DB : 0;
0093DC : 0;
0093DD : 0;
0093DE : 0;
0093DF : 0;
0093E0 : 0;
0093E1 : 0;
0093E2 : 0;
0093E3 : 0;
0093E4 : 0;
0093E5 : 0;
0093E6 : 0;
0093E7 : 0;
0093E8 : 0;
0093E9 : 0;
0093EA : 0;
0093EB : 0;
0093EC : 0;
0093ED : 0;
0093EE : 0;
0093EF : 0;
0093F0 : 0;
0093F1 : 0;
0093F2 : 0;
0093F3 : 0;
0093F4 : 0;
0093F5 : 0;
0093F6 : 0;
0093F7 : 0;
0093F8 : 0;
0093F9 : 0;
0093FA : 0;
0093FB : 0;
0093FC : 0;
0093FD : 0;
0093FE : 0;
0093FF : 0;
009400 : 0;
009401 : 0;
009402 : 0;
009403 : 0;
009404 : 0;
009405 : 0;
009406 : 0;
009407 : 0;
009408 : 0;
009409 : 0;
00940A : 0;
00940B : 0;
00940C : 0;
00940D : 0;
00940E : 0;
00940F : 0;
009410 : 0;
009411 : 0;
009412 : 0;
009413 : 0;
009414 : 0;
009415 : 0;
009416 : 0;
009417 : 0;
009418 : 0;
009419 : 0;
00941A : 0;
00941B : 0;
00941C : 0;
00941D : 0;
00941E : 0;
00941F : 0;
009420 : 0;
009421 : 0;
009422 : 0;
009423 : 0;
009424 : 0;
009425 : 0;
009426 : 0;
009427 : 0;
009428 : 0;
009429 : 0;
00942A : 0;
00942B : 0;
00942C : 0;
00942D : 0;
00942E : 0;
00942F : 0;
009430 : 0;
009431 : 0;
009432 : 0;
009433 : 0;
009434 : 0;
009435 : 0;
009436 : 0;
009437 : 0;
009438 : 0;
009439 : 0;
00943A : 0;
00943B : 0;
00943C : 0;
00943D : 0;
00943E : 0;
00943F : 0;
009440 : 0;
009441 : 0;
009442 : 0;
009443 : 0;
009444 : 0;
009445 : 0;
009446 : 0;
009447 : 0;
009448 : 0;
009449 : 0;
00944A : 0;
00944B : 0;
00944C : 0;
00944D : 0;
00944E : 0;
00944F : 0;
009450 : 0;
009451 : 0;
009452 : 0;
009453 : 0;
009454 : 0;
009455 : 0;
009456 : 0;
009457 : 0;
009458 : 0;
009459 : 0;
00945A : 0;
00945B : 0;
00945C : 0;
00945D : 0;
00945E : 0;
00945F : 0;
009460 : 0;
009461 : 0;
009462 : 0;
009463 : 0;
009464 : 0;
009465 : 0;
009466 : 0;
009467 : 0;
009468 : 0;
009469 : 0;
00946A : 0;
00946B : 0;
00946C : 0;
00946D : 0;
00946E : 0;
00946F : 0;
009470 : 0;
009471 : 0;
009472 : 0;
009473 : 0;
009474 : 0;
009475 : 0;
009476 : 0;
009477 : 0;
009478 : 0;
009479 : 0;
00947A : 0;
00947B : 0;
00947C : 0;
00947D : 0;
00947E : 0;
00947F : 0;
009480 : 0;
009481 : 0;
009482 : 0;
009483 : 0;
009484 : 0;
009485 : 0;
009486 : 0;
009487 : 0;
009488 : 0;
009489 : 0;
00948A : 0;
00948B : 0;
00948C : 0;
00948D : 0;
00948E : 0;
00948F : 0;
009490 : 0;
009491 : 0;
009492 : 0;
009493 : 0;
009494 : 0;
009495 : 0;
009496 : 0;
009497 : 0;
009498 : 0;
009499 : 0;
00949A : 0;
00949B : 0;
00949C : 0;
00949D : 0;
00949E : 0;
00949F : 0;
0094A0 : 0;
0094A1 : 0;
0094A2 : 0;
0094A3 : 0;
0094A4 : 0;
0094A5 : 0;
0094A6 : 0;
0094A7 : 0;
0094A8 : 0;
0094A9 : 0;
0094AA : 0;
0094AB : 0;
0094AC : 0;
0094AD : 0;
0094AE : 0;
0094AF : 0;
0094B0 : 0;
0094B1 : 0;
0094B2 : 0;
0094B3 : 0;
0094B4 : 0;
0094B5 : 0;
0094B6 : 0;
0094B7 : 0;
0094B8 : 0;
0094B9 : 0;
0094BA : 0;
0094BB : 0;
0094BC : 0;
0094BD : 0;
0094BE : 0;
0094BF : 0;
0094C0 : 0;
0094C1 : 0;
0094C2 : 0;
0094C3 : 0;
0094C4 : 0;
0094C5 : 0;
0094C6 : 0;
0094C7 : 0;
0094C8 : 0;
0094C9 : 0;
0094CA : 0;
0094CB : 0;
0094CC : 0;
0094CD : 0;
0094CE : 0;
0094CF : 0;
0094D0 : 0;
0094D1 : 0;
0094D2 : 0;
0094D3 : 0;
0094D4 : 0;
0094D5 : 0;
0094D6 : 0;
0094D7 : 0;
0094D8 : 0;
0094D9 : 0;
0094DA : 0;
0094DB : 0;
0094DC : 0;
0094DD : 0;
0094DE : 0;
0094DF : 0;
0094E0 : 0;
0094E1 : 0;
0094E2 : 0;
0094E3 : 0;
0094E4 : 0;
0094E5 : 0;
0094E6 : 0;
0094E7 : 0;
0094E8 : 0;
0094E9 : 0;
0094EA : 0;
0094EB : 0;
0094EC : 0;
0094ED : 0;
0094EE : 0;
0094EF : 0;
0094F0 : 0;
0094F1 : 0;
0094F2 : 0;
0094F3 : 0;
0094F4 : 0;
0094F5 : 0;
0094F6 : 0;
0094F7 : 0;
0094F8 : 0;
0094F9 : 0;
0094FA : 0;
0094FB : 0;
0094FC : 0;
0094FD : 0;
0094FE : 0;
0094FF : 0;
009500 : 0;
009501 : 0;
009502 : 0;
009503 : 0;
009504 : 0;
009505 : 0;
009506 : 0;
009507 : 0;
009508 : 0;
009509 : 0;
00950A : 0;
00950B : 0;
00950C : 0;
00950D : 0;
00950E : 0;
00950F : 0;
009510 : 0;
009511 : 0;
009512 : 0;
009513 : 0;
009514 : 0;
009515 : 0;
009516 : 0;
009517 : 0;
009518 : 0;
009519 : 0;
00951A : 0;
00951B : 0;
00951C : 0;
00951D : 0;
00951E : 0;
00951F : 0;
009520 : 0;
009521 : 0;
009522 : 0;
009523 : 0;
009524 : 0;
009525 : 0;
009526 : 0;
009527 : 0;
009528 : 0;
009529 : 0;
00952A : 0;
00952B : 0;
00952C : 0;
00952D : 0;
00952E : 0;
00952F : 0;
009530 : 0;
009531 : 0;
009532 : 0;
009533 : 0;
009534 : 0;
009535 : 0;
009536 : 0;
009537 : 0;
009538 : 0;
009539 : 0;
00953A : 0;
00953B : 0;
00953C : 0;
00953D : 0;
00953E : 0;
00953F : 0;
009540 : 0;
009541 : 0;
009542 : 0;
009543 : 0;
009544 : 0;
009545 : 0;
009546 : 0;
009547 : 0;
009548 : 0;
009549 : 0;
00954A : 0;
00954B : 0;
00954C : 0;
00954D : 0;
00954E : 0;
00954F : 0;
009550 : 0;
009551 : 0;
009552 : 0;
009553 : 0;
009554 : 0;
009555 : 0;
009556 : 0;
009557 : 0;
009558 : 0;
009559 : 0;
00955A : 0;
00955B : 0;
00955C : 0;
00955D : 0;
00955E : 0;
00955F : 0;
009560 : 0;
009561 : 0;
009562 : 0;
009563 : 0;
009564 : 0;
009565 : 0;
009566 : 0;
009567 : 0;
009568 : 0;
009569 : 0;
00956A : 0;
00956B : 0;
00956C : 0;
00956D : 0;
00956E : 0;
00956F : 0;
009570 : 0;
009571 : 0;
009572 : 0;
009573 : 0;
009574 : 0;
009575 : 0;
009576 : 0;
009577 : 0;
009578 : 0;
009579 : 0;
00957A : 0;
00957B : 0;
00957C : 0;
00957D : 0;
00957E : 0;
00957F : 0;
009580 : 0;
009581 : 0;
009582 : 0;
009583 : 0;
009584 : 0;
009585 : 0;
009586 : 0;
009587 : 0;
009588 : 0;
009589 : 0;
00958A : 0;
00958B : 0;
00958C : 0;
00958D : 0;
00958E : 0;
00958F : 0;
009590 : 0;
009591 : 0;
009592 : 0;
009593 : 0;
009594 : 0;
009595 : 0;
009596 : 0;
009597 : 0;
009598 : 0;
009599 : 0;
00959A : 0;
00959B : 0;
00959C : 0;
00959D : 0;
00959E : 0;
00959F : 0;
0095A0 : 0;
0095A1 : 0;
0095A2 : 0;
0095A3 : 0;
0095A4 : 0;
0095A5 : 0;
0095A6 : 0;
0095A7 : 0;
0095A8 : 0;
0095A9 : 0;
0095AA : 0;
0095AB : 0;
0095AC : 0;
0095AD : 0;
0095AE : 0;
0095AF : 0;
0095B0 : 0;
0095B1 : 0;
0095B2 : 0;
0095B3 : 0;
0095B4 : 0;
0095B5 : 0;
0095B6 : 0;
0095B7 : 0;
0095B8 : 0;
0095B9 : 0;
0095BA : 0;
0095BB : 0;
0095BC : 0;
0095BD : 0;
0095BE : 0;
0095BF : 0;
0095C0 : 0;
0095C1 : 0;
0095C2 : 0;
0095C3 : 0;
0095C4 : 0;
0095C5 : 0;
0095C6 : 0;
0095C7 : 0;
0095C8 : 0;
0095C9 : 0;
0095CA : 0;
0095CB : 0;
0095CC : 0;
0095CD : 0;
0095CE : 0;
0095CF : 0;
0095D0 : 0;
0095D1 : 0;
0095D2 : 0;
0095D3 : 0;
0095D4 : 0;
0095D5 : 0;
0095D6 : 0;
0095D7 : 0;
0095D8 : 0;
0095D9 : 0;
0095DA : 0;
0095DB : 0;
0095DC : 0;
0095DD : 0;
0095DE : 0;
0095DF : 0;
0095E0 : 0;
0095E1 : 0;
0095E2 : 0;
0095E3 : 0;
0095E4 : 0;
0095E5 : 0;
0095E6 : 0;
0095E7 : 0;
0095E8 : 0;
0095E9 : 0;
0095EA : 0;
0095EB : 0;
0095EC : 0;
0095ED : 0;
0095EE : 0;
0095EF : 0;
0095F0 : 0;
0095F1 : 0;
0095F2 : 0;
0095F3 : 0;
0095F4 : 0;
0095F5 : 0;
0095F6 : 0;
0095F7 : 0;
0095F8 : 0;
0095F9 : 0;
0095FA : 0;
0095FB : 0;
0095FC : 0;
0095FD : 0;
0095FE : 0;
0095FF : 0;
009600 : 0;
009601 : 0;
009602 : 0;
009603 : 0;
009604 : 0;
009605 : 0;
009606 : 0;
009607 : 0;
009608 : 0;
009609 : 0;
00960A : 0;
00960B : 0;
00960C : 0;
00960D : 0;
00960E : 0;
00960F : 0;
009610 : 0;
009611 : 0;
009612 : 0;
009613 : 0;
009614 : 0;
009615 : 0;
009616 : 0;
009617 : 0;
009618 : 0;
009619 : 0;
00961A : 0;
00961B : 0;
00961C : 0;
00961D : 0;
00961E : 0;
00961F : 0;
009620 : 0;
009621 : 0;
009622 : 0;
009623 : 0;
009624 : 0;
009625 : 0;
009626 : 0;
009627 : 0;
009628 : 0;
009629 : 0;
00962A : 0;
00962B : 0;
00962C : 0;
00962D : 0;
00962E : 0;
00962F : 0;
009630 : 0;
009631 : 0;
009632 : 0;
009633 : 0;
009634 : 0;
009635 : 0;
009636 : 0;
009637 : 0;
009638 : 0;
009639 : 0;
00963A : 0;
00963B : 0;
00963C : 0;
00963D : 0;
00963E : 0;
00963F : 0;
009640 : 0;
009641 : 0;
009642 : 0;
009643 : 0;
009644 : 0;
009645 : 0;
009646 : 0;
009647 : 0;
009648 : 0;
009649 : 0;
00964A : 0;
00964B : 0;
00964C : 0;
00964D : 0;
00964E : 0;
00964F : 0;
009650 : 0;
009651 : 0;
009652 : 0;
009653 : 0;
009654 : 0;
009655 : 0;
009656 : 0;
009657 : 0;
009658 : 0;
009659 : 0;
00965A : 0;
00965B : 0;
00965C : 0;
00965D : 0;
00965E : 0;
00965F : 0;
009660 : 0;
009661 : 0;
009662 : 0;
009663 : 0;
009664 : 0;
009665 : 0;
009666 : 0;
009667 : 0;
009668 : 0;
009669 : 0;
00966A : 0;
00966B : 0;
00966C : 0;
00966D : 0;
00966E : 0;
00966F : 0;
009670 : 0;
009671 : 0;
009672 : 0;
009673 : 0;
009674 : 0;
009675 : 0;
009676 : 0;
009677 : 0;
009678 : 0;
009679 : 0;
00967A : 0;
00967B : 0;
00967C : 0;
00967D : 0;
00967E : 0;
00967F : 0;
009680 : 0;
009681 : 0;
009682 : 0;
009683 : 0;
009684 : 0;
009685 : 0;
009686 : 0;
009687 : 0;
009688 : 0;
009689 : 0;
00968A : 0;
00968B : 0;
00968C : 0;
00968D : 0;
00968E : 0;
00968F : 0;
009690 : 0;
009691 : 0;
009692 : 0;
009693 : 0;
009694 : 0;
009695 : 0;
009696 : 0;
009697 : 0;
009698 : 0;
009699 : 0;
00969A : 0;
00969B : 0;
00969C : 0;
00969D : 0;
00969E : 0;
00969F : 0;
0096A0 : 0;
0096A1 : 0;
0096A2 : 0;
0096A3 : 0;
0096A4 : 0;
0096A5 : 0;
0096A6 : 0;
0096A7 : 0;
0096A8 : 0;
0096A9 : 0;
0096AA : 0;
0096AB : 0;
0096AC : 0;
0096AD : 0;
0096AE : 0;
0096AF : 0;
0096B0 : 0;
0096B1 : 0;
0096B2 : 0;
0096B3 : 0;
0096B4 : 0;
0096B5 : 0;
0096B6 : 0;
0096B7 : 0;
0096B8 : 0;
0096B9 : 0;
0096BA : 0;
0096BB : 0;
0096BC : 0;
0096BD : 0;
0096BE : 0;
0096BF : 0;
0096C0 : 0;
0096C1 : 0;
0096C2 : 0;
0096C3 : 0;
0096C4 : 0;
0096C5 : 0;
0096C6 : 0;
0096C7 : 0;
0096C8 : 0;
0096C9 : 0;
0096CA : 0;
0096CB : 0;
0096CC : 0;
0096CD : 0;
0096CE : 0;
0096CF : 0;
0096D0 : 0;
0096D1 : 0;
0096D2 : 0;
0096D3 : 0;
0096D4 : 0;
0096D5 : 0;
0096D6 : 0;
0096D7 : 0;
0096D8 : 0;
0096D9 : 0;
0096DA : 0;
0096DB : 0;
0096DC : 0;
0096DD : 0;
0096DE : 0;
0096DF : 0;
0096E0 : 0;
0096E1 : 0;
0096E2 : 0;
0096E3 : 0;
0096E4 : 0;
0096E5 : 0;
0096E6 : 0;
0096E7 : 0;
0096E8 : 0;
0096E9 : 0;
0096EA : 0;
0096EB : 0;
0096EC : 0;
0096ED : 0;
0096EE : 0;
0096EF : 0;
0096F0 : 0;
0096F1 : 0;
0096F2 : 0;
0096F3 : 0;
0096F4 : 0;
0096F5 : 0;
0096F6 : 0;
0096F7 : 0;
0096F8 : 0;
0096F9 : 0;
0096FA : 0;
0096FB : 0;
0096FC : 0;
0096FD : 0;
0096FE : 0;
0096FF : 0;
009700 : 0;
009701 : 0;
009702 : 0;
009703 : 0;
009704 : 0;
009705 : 0;
009706 : 0;
009707 : 0;
009708 : 0;
009709 : 0;
00970A : 0;
00970B : 0;
00970C : 0;
00970D : 0;
00970E : 0;
00970F : 0;
009710 : 0;
009711 : 0;
009712 : 0;
009713 : 0;
009714 : 0;
009715 : 0;
009716 : 0;
009717 : 0;
009718 : 0;
009719 : 0;
00971A : 0;
00971B : 0;
00971C : 0;
00971D : 0;
00971E : 0;
00971F : 0;
009720 : 0;
009721 : 0;
009722 : 0;
009723 : 0;
009724 : 0;
009725 : 0;
009726 : 0;
009727 : 0;
009728 : 0;
009729 : 0;
00972A : 0;
00972B : 0;
00972C : 0;
00972D : 0;
00972E : 0;
00972F : 0;
009730 : 0;
009731 : 0;
009732 : 0;
009733 : 0;
009734 : 0;
009735 : 0;
009736 : 0;
009737 : 0;
009738 : 0;
009739 : 0;
00973A : 0;
00973B : 0;
00973C : 0;
00973D : 0;
00973E : 0;
00973F : 0;
009740 : 0;
009741 : 0;
009742 : 0;
009743 : 0;
009744 : 0;
009745 : 0;
009746 : 0;
009747 : 0;
009748 : 0;
009749 : 0;
00974A : 0;
00974B : 0;
00974C : 0;
00974D : 0;
00974E : 0;
00974F : 0;
009750 : 0;
009751 : 0;
009752 : 0;
009753 : 0;
009754 : 0;
009755 : 0;
009756 : 0;
009757 : 0;
009758 : 0;
009759 : 0;
00975A : 0;
00975B : 0;
00975C : 0;
00975D : 0;
00975E : 0;
00975F : 0;
009760 : 0;
009761 : 0;
009762 : 0;
009763 : 0;
009764 : 0;
009765 : 0;
009766 : 0;
009767 : 0;
009768 : 0;
009769 : 0;
00976A : 0;
00976B : 0;
00976C : 0;
00976D : 0;
00976E : 0;
00976F : 0;
009770 : 0;
009771 : 0;
009772 : 0;
009773 : 0;
009774 : 0;
009775 : 0;
009776 : 0;
009777 : 0;
009778 : 0;
009779 : 0;
00977A : 0;
00977B : 0;
00977C : 0;
00977D : 0;
00977E : 0;
00977F : 0;
009780 : 0;
009781 : 0;
009782 : 0;
009783 : 0;
009784 : 0;
009785 : 0;
009786 : 0;
009787 : 0;
009788 : 0;
009789 : 0;
00978A : 0;
00978B : 0;
00978C : 0;
00978D : 0;
00978E : 0;
00978F : 0;
009790 : 0;
009791 : 0;
009792 : 0;
009793 : 0;
009794 : 0;
009795 : 0;
009796 : 0;
009797 : 0;
009798 : 0;
009799 : 0;
00979A : 0;
00979B : 0;
00979C : 0;
00979D : 0;
00979E : 0;
00979F : 0;
0097A0 : 0;
0097A1 : 0;
0097A2 : 0;
0097A3 : 0;
0097A4 : 0;
0097A5 : 0;
0097A6 : 0;
0097A7 : 0;
0097A8 : 0;
0097A9 : 0;
0097AA : 0;
0097AB : 0;
0097AC : 0;
0097AD : 0;
0097AE : 0;
0097AF : 0;
0097B0 : 0;
0097B1 : 0;
0097B2 : 0;
0097B3 : 0;
0097B4 : 0;
0097B5 : 0;
0097B6 : 0;
0097B7 : 0;
0097B8 : 0;
0097B9 : 0;
0097BA : 0;
0097BB : 0;
0097BC : 0;
0097BD : 0;
0097BE : 0;
0097BF : 0;
0097C0 : 0;
0097C1 : 0;
0097C2 : 0;
0097C3 : 0;
0097C4 : 0;
0097C5 : 0;
0097C6 : 0;
0097C7 : 0;
0097C8 : 0;
0097C9 : 0;
0097CA : 0;
0097CB : 0;
0097CC : 0;
0097CD : 0;
0097CE : 0;
0097CF : 0;
0097D0 : 0;
0097D1 : 0;
0097D2 : 0;
0097D3 : 0;
0097D4 : 0;
0097D5 : 0;
0097D6 : 0;
0097D7 : 0;
0097D8 : 0;
0097D9 : 0;
0097DA : 0;
0097DB : 0;
0097DC : 0;
0097DD : 0;
0097DE : 0;
0097DF : 0;
0097E0 : 0;
0097E1 : 0;
0097E2 : 0;
0097E3 : 0;
0097E4 : 0;
0097E5 : 0;
0097E6 : 0;
0097E7 : 0;
0097E8 : 0;
0097E9 : 0;
0097EA : 0;
0097EB : 0;
0097EC : 0;
0097ED : 0;
0097EE : 0;
0097EF : 0;
0097F0 : 0;
0097F1 : 0;
0097F2 : 0;
0097F3 : 0;
0097F4 : 0;
0097F5 : 0;
0097F6 : 0;
0097F7 : 0;
0097F8 : 0;
0097F9 : 0;
0097FA : 0;
0097FB : 0;
0097FC : 0;
0097FD : 0;
0097FE : 0;
0097FF : 0;
009800 : 0;
009801 : 0;
009802 : 0;
009803 : 0;
009804 : 0;
009805 : 0;
009806 : 0;
009807 : 0;
009808 : 0;
009809 : 0;
00980A : 0;
00980B : 0;
00980C : 0;
00980D : 0;
00980E : 0;
00980F : 0;
009810 : 0;
009811 : 0;
009812 : 0;
009813 : 0;
009814 : 0;
009815 : 0;
009816 : 0;
009817 : 0;
009818 : 0;
009819 : 0;
00981A : 0;
00981B : 0;
00981C : 0;
00981D : 0;
00981E : 0;
00981F : 0;
009820 : 0;
009821 : 0;
009822 : 0;
009823 : 0;
009824 : 0;
009825 : 0;
009826 : 0;
009827 : 0;
009828 : 0;
009829 : 0;
00982A : 0;
00982B : 0;
00982C : 0;
00982D : 0;
00982E : 0;
00982F : 0;
009830 : 0;
009831 : 0;
009832 : 0;
009833 : 0;
009834 : 0;
009835 : 0;
009836 : 0;
009837 : 0;
009838 : 0;
009839 : 0;
00983A : 0;
00983B : 0;
00983C : 0;
00983D : 0;
00983E : 0;
00983F : 0;
009840 : 0;
009841 : 0;
009842 : 0;
009843 : 0;
009844 : 0;
009845 : 0;
009846 : 0;
009847 : 0;
009848 : 0;
009849 : 0;
00984A : 0;
00984B : 0;
00984C : 0;
00984D : 0;
00984E : 0;
00984F : 0;
009850 : 0;
009851 : 0;
009852 : 0;
009853 : 0;
009854 : 0;
009855 : 0;
009856 : 0;
009857 : 0;
009858 : 0;
009859 : 0;
00985A : 0;
00985B : 0;
00985C : 0;
00985D : 0;
00985E : 0;
00985F : 0;
009860 : 0;
009861 : 0;
009862 : 0;
009863 : 0;
009864 : 0;
009865 : 0;
009866 : 0;
009867 : 0;
009868 : 0;
009869 : 0;
00986A : 0;
00986B : 0;
00986C : 0;
00986D : 0;
00986E : 0;
00986F : 0;
009870 : 0;
009871 : 0;
009872 : 0;
009873 : 0;
009874 : 0;
009875 : 0;
009876 : 0;
009877 : 0;
009878 : 0;
009879 : 0;
00987A : 0;
00987B : 0;
00987C : 0;
00987D : 0;
00987E : 0;
00987F : 0;
009880 : 0;
009881 : 0;
009882 : 0;
009883 : 0;
009884 : 0;
009885 : 0;
009886 : 0;
009887 : 0;
009888 : 0;
009889 : 0;
00988A : 0;
00988B : 0;
00988C : 0;
00988D : 0;
00988E : 0;
00988F : 0;
009890 : 0;
009891 : 0;
009892 : 0;
009893 : 0;
009894 : 0;
009895 : 0;
009896 : 0;
009897 : 0;
009898 : 0;
009899 : 0;
00989A : 0;
00989B : 0;
00989C : 0;
00989D : 0;
00989E : 0;
00989F : 0;
0098A0 : 0;
0098A1 : 0;
0098A2 : 0;
0098A3 : 0;
0098A4 : 0;
0098A5 : 0;
0098A6 : 0;
0098A7 : 0;
0098A8 : 0;
0098A9 : 0;
0098AA : 0;
0098AB : 0;
0098AC : 0;
0098AD : 0;
0098AE : 0;
0098AF : 0;
0098B0 : 0;
0098B1 : 0;
0098B2 : 0;
0098B3 : 0;
0098B4 : 0;
0098B5 : 0;
0098B6 : 0;
0098B7 : 0;
0098B8 : 0;
0098B9 : 0;
0098BA : 0;
0098BB : 0;
0098BC : 0;
0098BD : 0;
0098BE : 0;
0098BF : 0;
0098C0 : 0;
0098C1 : 0;
0098C2 : 0;
0098C3 : 0;
0098C4 : 0;
0098C5 : 0;
0098C6 : 0;
0098C7 : 0;
0098C8 : 0;
0098C9 : 0;
0098CA : 0;
0098CB : 0;
0098CC : 0;
0098CD : 0;
0098CE : 0;
0098CF : 0;
0098D0 : 0;
0098D1 : 0;
0098D2 : 0;
0098D3 : 0;
0098D4 : 0;
0098D5 : 0;
0098D6 : 0;
0098D7 : 0;
0098D8 : 0;
0098D9 : 0;
0098DA : 0;
0098DB : 0;
0098DC : 0;
0098DD : 0;
0098DE : 0;
0098DF : 0;
0098E0 : 0;
0098E1 : 0;
0098E2 : 0;
0098E3 : 0;
0098E4 : 0;
0098E5 : 0;
0098E6 : 0;
0098E7 : 0;
0098E8 : 0;
0098E9 : 0;
0098EA : 0;
0098EB : 0;
0098EC : 0;
0098ED : 0;
0098EE : 0;
0098EF : 0;
0098F0 : 0;
0098F1 : 0;
0098F2 : 0;
0098F3 : 0;
0098F4 : 0;
0098F5 : 0;
0098F6 : 0;
0098F7 : 0;
0098F8 : 0;
0098F9 : 0;
0098FA : 0;
0098FB : 0;
0098FC : 0;
0098FD : 0;
0098FE : 0;
0098FF : 0;
009900 : 0;
009901 : 0;
009902 : 0;
009903 : 0;
009904 : 0;
009905 : 0;
009906 : 0;
009907 : 0;
009908 : 0;
009909 : 0;
00990A : 0;
00990B : 0;
00990C : 0;
00990D : 0;
00990E : 0;
00990F : 0;
009910 : 0;
009911 : 0;
009912 : 0;
009913 : 0;
009914 : 0;
009915 : 0;
009916 : 0;
009917 : 0;
009918 : 0;
009919 : 0;
00991A : 0;
00991B : 0;
00991C : 0;
00991D : 0;
00991E : 0;
00991F : 0;
009920 : 0;
009921 : 0;
009922 : 0;
009923 : 0;
009924 : 0;
009925 : 0;
009926 : 0;
009927 : 0;
009928 : 0;
009929 : 0;
00992A : 0;
00992B : 0;
00992C : 0;
00992D : 0;
00992E : 0;
00992F : 0;
009930 : 0;
009931 : 0;
009932 : 0;
009933 : 0;
009934 : 0;
009935 : 0;
009936 : 0;
009937 : 0;
009938 : 0;
009939 : 0;
00993A : 0;
00993B : 0;
00993C : 0;
00993D : 0;
00993E : 0;
00993F : 0;
009940 : 0;
009941 : 0;
009942 : 0;
009943 : 0;
009944 : 0;
009945 : 0;
009946 : 0;
009947 : 0;
009948 : 0;
009949 : 0;
00994A : 0;
00994B : 0;
00994C : 0;
00994D : 0;
00994E : 0;
00994F : 0;
009950 : 0;
009951 : 0;
009952 : 0;
009953 : 0;
009954 : 0;
009955 : 0;
009956 : 0;
009957 : 0;
009958 : 0;
009959 : 0;
00995A : 0;
00995B : 0;
00995C : 0;
00995D : 0;
00995E : 0;
00995F : 0;
009960 : 0;
009961 : 0;
009962 : 0;
009963 : 0;
009964 : 0;
009965 : 0;
009966 : 0;
009967 : 0;
009968 : 0;
009969 : 0;
00996A : 0;
00996B : 0;
00996C : 0;
00996D : 0;
00996E : 0;
00996F : 0;
009970 : 0;
009971 : 0;
009972 : 0;
009973 : 0;
009974 : 0;
009975 : 0;
009976 : 0;
009977 : 0;
009978 : 0;
009979 : 0;
00997A : 0;
00997B : 0;
00997C : 0;
00997D : 0;
00997E : 0;
00997F : 0;
009980 : 0;
009981 : 0;
009982 : 0;
009983 : 0;
009984 : 0;
009985 : 0;
009986 : 0;
009987 : 0;
009988 : 0;
009989 : 0;
00998A : 0;
00998B : 0;
00998C : 0;
00998D : 0;
00998E : 0;
00998F : 0;
009990 : 0;
009991 : 0;
009992 : 0;
009993 : 0;
009994 : 0;
009995 : 0;
009996 : 0;
009997 : 0;
009998 : 0;
009999 : 0;
00999A : 0;
00999B : 0;
00999C : 0;
00999D : 0;
00999E : 0;
00999F : 0;
0099A0 : 0;
0099A1 : 0;
0099A2 : 0;
0099A3 : 0;
0099A4 : 0;
0099A5 : 0;
0099A6 : 0;
0099A7 : 0;
0099A8 : 0;
0099A9 : 0;
0099AA : 0;
0099AB : 0;
0099AC : 0;
0099AD : 0;
0099AE : 0;
0099AF : 0;
0099B0 : 0;
0099B1 : 0;
0099B2 : 0;
0099B3 : 0;
0099B4 : 0;
0099B5 : 0;
0099B6 : 0;
0099B7 : 0;
0099B8 : 0;
0099B9 : 0;
0099BA : 0;
0099BB : 0;
0099BC : 0;
0099BD : 0;
0099BE : 0;
0099BF : 0;
0099C0 : 0;
0099C1 : 0;
0099C2 : 0;
0099C3 : 0;
0099C4 : 0;
0099C5 : 0;
0099C6 : 0;
0099C7 : 0;
0099C8 : 0;
0099C9 : 0;
0099CA : 0;
0099CB : 0;
0099CC : 0;
0099CD : 0;
0099CE : 0;
0099CF : 0;
0099D0 : 0;
0099D1 : 0;
0099D2 : 0;
0099D3 : 0;
0099D4 : 0;
0099D5 : 0;
0099D6 : 0;
0099D7 : 0;
0099D8 : 0;
0099D9 : 0;
0099DA : 0;
0099DB : 0;
0099DC : 0;
0099DD : 0;
0099DE : 0;
0099DF : 0;
0099E0 : 0;
0099E1 : 0;
0099E2 : 0;
0099E3 : 0;
0099E4 : 0;
0099E5 : 0;
0099E6 : 0;
0099E7 : 0;
0099E8 : 0;
0099E9 : 0;
0099EA : 0;
0099EB : 0;
0099EC : 0;
0099ED : 0;
0099EE : 0;
0099EF : 0;
0099F0 : 0;
0099F1 : 0;
0099F2 : 0;
0099F3 : 0;
0099F4 : 0;
0099F5 : 0;
0099F6 : 0;
0099F7 : 0;
0099F8 : 0;
0099F9 : 0;
0099FA : 0;
0099FB : 0;
0099FC : 0;
0099FD : 0;
0099FE : 0;
0099FF : 0;
009A00 : 0;
009A01 : 0;
009A02 : 0;
009A03 : 0;
009A04 : 0;
009A05 : 0;
009A06 : 0;
009A07 : 0;
009A08 : 0;
009A09 : 0;
009A0A : 0;
009A0B : 0;
009A0C : 0;
009A0D : 0;
009A0E : 0;
009A0F : 0;
009A10 : 0;
009A11 : 0;
009A12 : 0;
009A13 : 0;
009A14 : 0;
009A15 : 0;
009A16 : 0;
009A17 : 0;
009A18 : 0;
009A19 : 0;
009A1A : 0;
009A1B : 0;
009A1C : 0;
009A1D : 0;
009A1E : 0;
009A1F : 0;
009A20 : 0;
009A21 : 0;
009A22 : 0;
009A23 : 0;
009A24 : 0;
009A25 : 0;
009A26 : 0;
009A27 : 0;
009A28 : 0;
009A29 : 0;
009A2A : 0;
009A2B : 0;
009A2C : 0;
009A2D : 0;
009A2E : 0;
009A2F : 0;
009A30 : 0;
009A31 : 0;
009A32 : 0;
009A33 : 0;
009A34 : 0;
009A35 : 0;
009A36 : 0;
009A37 : 0;
009A38 : 0;
009A39 : 0;
009A3A : 0;
009A3B : 0;
009A3C : 0;
009A3D : 0;
009A3E : 0;
009A3F : 0;
009A40 : 0;
009A41 : 0;
009A42 : 0;
009A43 : 0;
009A44 : 0;
009A45 : 0;
009A46 : 0;
009A47 : 0;
009A48 : 0;
009A49 : 0;
009A4A : 0;
009A4B : 0;
009A4C : 0;
009A4D : 0;
009A4E : 0;
009A4F : 0;
009A50 : 0;
009A51 : 0;
009A52 : 0;
009A53 : 0;
009A54 : 0;
009A55 : 0;
009A56 : 0;
009A57 : 0;
009A58 : 0;
009A59 : 0;
009A5A : 0;
009A5B : 0;
009A5C : 0;
009A5D : 0;
009A5E : 0;
009A5F : 0;
009A60 : 0;
009A61 : 0;
009A62 : 0;
009A63 : 0;
009A64 : 0;
009A65 : 0;
009A66 : 0;
009A67 : 0;
009A68 : 0;
009A69 : 0;
009A6A : 0;
009A6B : 0;
009A6C : 0;
009A6D : 0;
009A6E : 0;
009A6F : 0;
009A70 : 0;
009A71 : 0;
009A72 : 0;
009A73 : 0;
009A74 : 0;
009A75 : 0;
009A76 : 0;
009A77 : 0;
009A78 : 0;
009A79 : 0;
009A7A : 0;
009A7B : 0;
009A7C : 0;
009A7D : 0;
009A7E : 0;
009A7F : 0;
009A80 : 0;
009A81 : 0;
009A82 : 0;
009A83 : 0;
009A84 : 0;
009A85 : 0;
009A86 : 0;
009A87 : 0;
009A88 : 0;
009A89 : 0;
009A8A : 0;
009A8B : 0;
009A8C : 0;
009A8D : 0;
009A8E : 0;
009A8F : 0;
009A90 : 0;
009A91 : 0;
009A92 : 0;
009A93 : 0;
009A94 : 0;
009A95 : 0;
009A96 : 0;
009A97 : 0;
009A98 : 0;
009A99 : 0;
009A9A : 0;
009A9B : 0;
009A9C : 0;
009A9D : 0;
009A9E : 0;
009A9F : 0;
009AA0 : 0;
009AA1 : 0;
009AA2 : 0;
009AA3 : 0;
009AA4 : 0;
009AA5 : 0;
009AA6 : 0;
009AA7 : 0;
009AA8 : 0;
009AA9 : 0;
009AAA : 0;
009AAB : 0;
009AAC : 0;
009AAD : 0;
009AAE : 0;
009AAF : 0;
009AB0 : 0;
009AB1 : 0;
009AB2 : 0;
009AB3 : 0;
009AB4 : 0;
009AB5 : 0;
009AB6 : 0;
009AB7 : 0;
009AB8 : 0;
009AB9 : 0;
009ABA : 0;
009ABB : 0;
009ABC : 0;
009ABD : 0;
009ABE : 0;
009ABF : 0;
009AC0 : 0;
009AC1 : 0;
009AC2 : 0;
009AC3 : 0;
009AC4 : 0;
009AC5 : 0;
009AC6 : 0;
009AC7 : 0;
009AC8 : 0;
009AC9 : 0;
009ACA : 0;
009ACB : 0;
009ACC : 0;
009ACD : 0;
009ACE : 0;
009ACF : 0;
009AD0 : 0;
009AD1 : 0;
009AD2 : 0;
009AD3 : 0;
009AD4 : 0;
009AD5 : 0;
009AD6 : 0;
009AD7 : 0;
009AD8 : 0;
009AD9 : 0;
009ADA : 0;
009ADB : 0;
009ADC : 0;
009ADD : 0;
009ADE : 0;
009ADF : 0;
009AE0 : 0;
009AE1 : 0;
009AE2 : 0;
009AE3 : 0;
009AE4 : 0;
009AE5 : 0;
009AE6 : 0;
009AE7 : 0;
009AE8 : 0;
009AE9 : 0;
009AEA : 0;
009AEB : 0;
009AEC : 0;
009AED : 0;
009AEE : 0;
009AEF : 0;
009AF0 : 0;
009AF1 : 0;
009AF2 : 0;
009AF3 : 0;
009AF4 : 0;
009AF5 : 0;
009AF6 : 0;
009AF7 : 0;
009AF8 : 0;
009AF9 : 0;
009AFA : 0;
009AFB : 0;
009AFC : 0;
009AFD : 0;
009AFE : 0;
009AFF : 0;
009B00 : 0;
009B01 : 0;
009B02 : 0;
009B03 : 0;
009B04 : 0;
009B05 : 0;
009B06 : 0;
009B07 : 0;
009B08 : 0;
009B09 : 0;
009B0A : 0;
009B0B : 0;
009B0C : 0;
009B0D : 0;
009B0E : 0;
009B0F : 0;
009B10 : 0;
009B11 : 0;
009B12 : 0;
009B13 : 0;
009B14 : 0;
009B15 : 0;
009B16 : 0;
009B17 : 0;
009B18 : 0;
009B19 : 0;
009B1A : 0;
009B1B : 0;
009B1C : 0;
009B1D : 0;
009B1E : 0;
009B1F : 0;
009B20 : 0;
009B21 : 0;
009B22 : 0;
009B23 : 0;
009B24 : 0;
009B25 : 0;
009B26 : 0;
009B27 : 0;
009B28 : 0;
009B29 : 0;
009B2A : 0;
009B2B : 0;
009B2C : 0;
009B2D : 0;
009B2E : 0;
009B2F : 0;
009B30 : 0;
009B31 : 0;
009B32 : 0;
009B33 : 0;
009B34 : 0;
009B35 : 0;
009B36 : 0;
009B37 : 0;
009B38 : 0;
009B39 : 0;
009B3A : 0;
009B3B : 0;
009B3C : 0;
009B3D : 0;
009B3E : 0;
009B3F : 0;
009B40 : 0;
009B41 : 0;
009B42 : 0;
009B43 : 0;
009B44 : 0;
009B45 : 0;
009B46 : 0;
009B47 : 0;
009B48 : 0;
009B49 : 0;
009B4A : 0;
009B4B : 0;
009B4C : 0;
009B4D : 0;
009B4E : 0;
009B4F : 0;
009B50 : 0;
009B51 : 0;
009B52 : 0;
009B53 : 0;
009B54 : 0;
009B55 : 0;
009B56 : 0;
009B57 : 0;
009B58 : 0;
009B59 : 0;
009B5A : 0;
009B5B : 0;
009B5C : 0;
009B5D : 0;
009B5E : 0;
009B5F : 0;
009B60 : 0;
009B61 : 0;
009B62 : 0;
009B63 : 0;
009B64 : 0;
009B65 : 0;
009B66 : 0;
009B67 : 0;
009B68 : 0;
009B69 : 0;
009B6A : 0;
009B6B : 0;
009B6C : 0;
009B6D : 0;
009B6E : 0;
009B6F : 0;
009B70 : 0;
009B71 : 0;
009B72 : 0;
009B73 : 0;
009B74 : 0;
009B75 : 0;
009B76 : 0;
009B77 : 0;
009B78 : 0;
009B79 : 0;
009B7A : 0;
009B7B : 0;
009B7C : 0;
009B7D : 0;
009B7E : 0;
009B7F : 0;
009B80 : 0;
009B81 : 0;
009B82 : 0;
009B83 : 0;
009B84 : 0;
009B85 : 0;
009B86 : 0;
009B87 : 0;
009B88 : 0;
009B89 : 0;
009B8A : 0;
009B8B : 0;
009B8C : 0;
009B8D : 0;
009B8E : 0;
009B8F : 0;
009B90 : 0;
009B91 : 0;
009B92 : 0;
009B93 : 0;
009B94 : 0;
009B95 : 0;
009B96 : 0;
009B97 : 0;
009B98 : 0;
009B99 : 0;
009B9A : 0;
009B9B : 0;
009B9C : 0;
009B9D : 0;
009B9E : 0;
009B9F : 0;
009BA0 : 0;
009BA1 : 0;
009BA2 : 0;
009BA3 : 0;
009BA4 : 0;
009BA5 : 0;
009BA6 : 0;
009BA7 : 0;
009BA8 : 0;
009BA9 : 0;
009BAA : 0;
009BAB : 0;
009BAC : 0;
009BAD : 0;
009BAE : 0;
009BAF : 0;
009BB0 : 0;
009BB1 : 0;
009BB2 : 0;
009BB3 : 0;
009BB4 : 0;
009BB5 : 0;
009BB6 : 0;
009BB7 : 0;
009BB8 : 0;
009BB9 : 0;
009BBA : 0;
009BBB : 0;
009BBC : 0;
009BBD : 0;
009BBE : 0;
009BBF : 0;
009BC0 : 0;
009BC1 : 0;
009BC2 : 0;
009BC3 : 0;
009BC4 : 0;
009BC5 : 0;
009BC6 : 0;
009BC7 : 0;
009BC8 : 0;
009BC9 : 0;
009BCA : 0;
009BCB : 0;
009BCC : 0;
009BCD : 0;
009BCE : 0;
009BCF : 0;
009BD0 : 0;
009BD1 : 0;
009BD2 : 0;
009BD3 : 0;
009BD4 : 0;
009BD5 : 0;
009BD6 : 0;
009BD7 : 0;
009BD8 : 0;
009BD9 : 0;
009BDA : 0;
009BDB : 0;
009BDC : 0;
009BDD : 0;
009BDE : 0;
009BDF : 0;
009BE0 : 0;
009BE1 : 0;
009BE2 : 0;
009BE3 : 0;
009BE4 : 0;
009BE5 : 0;
009BE6 : 0;
009BE7 : 0;
009BE8 : 0;
009BE9 : 0;
009BEA : 0;
009BEB : 0;
009BEC : 0;
009BED : 0;
009BEE : 0;
009BEF : 0;
009BF0 : 0;
009BF1 : 0;
009BF2 : 0;
009BF3 : 0;
009BF4 : 0;
009BF5 : 0;
009BF6 : 0;
009BF7 : 0;
009BF8 : 0;
009BF9 : 0;
009BFA : 0;
009BFB : 0;
009BFC : 0;
009BFD : 0;
009BFE : 0;
009BFF : 0;
009C00 : 0;
009C01 : 0;
009C02 : 0;
009C03 : 0;
009C04 : 0;
009C05 : 0;
009C06 : 0;
009C07 : 0;
009C08 : 0;
009C09 : 0;
009C0A : 0;
009C0B : 0;
009C0C : 0;
009C0D : 0;
009C0E : 0;
009C0F : 0;
009C10 : 0;
009C11 : 0;
009C12 : 0;
009C13 : 0;
009C14 : 0;
009C15 : 0;
009C16 : 0;
009C17 : 0;
009C18 : 0;
009C19 : 0;
009C1A : 0;
009C1B : 0;
009C1C : 0;
009C1D : 0;
009C1E : 0;
009C1F : 0;
009C20 : 0;
009C21 : 0;
009C22 : 0;
009C23 : 0;
009C24 : 0;
009C25 : 0;
009C26 : 0;
009C27 : 0;
009C28 : 0;
009C29 : 0;
009C2A : 0;
009C2B : 0;
009C2C : 0;
009C2D : 0;
009C2E : 0;
009C2F : 0;
009C30 : 0;
009C31 : 0;
009C32 : 0;
009C33 : 0;
009C34 : 0;
009C35 : 0;
009C36 : 0;
009C37 : 0;
009C38 : 0;
009C39 : 0;
009C3A : 0;
009C3B : 0;
009C3C : 0;
009C3D : 0;
009C3E : 0;
009C3F : 0;
END;
