DEPTH = 41520;
WIDTH = 16;
ADDRESS_RADIX = HEX;
DATA_RADIX = HEX;
CONTENT
BEGIN
00000000 : FFE5;
00000001 : FFF9;
00000002 : 001D;
00000003 : FFF8;
00000004 : FFE5;
00000005 : FFC9;
00000006 : FFDC;
00000007 : FFEE;
00000008 : FFD1;
00000009 : FFE7;
0000000A : FFD8;
0000000B : FFD9;
0000000C : FFDB;
0000000D : FFC6;
0000000E : FFA6;
0000000F : FFB7;
00000010 : FFCF;
00000011 : FFD2;
00000012 : FFF1;
00000013 : FFBF;
00000014 : FFC1;
00000015 : FFA2;
00000016 : FF94;
00000017 : FFB4;
00000018 : FFDB;
00000019 : FFCD;
0000001A : FFBA;
0000001B : FFDE;
0000001C : FFEF;
0000001D : 0015;
0000001E : 0000;
0000001F : FFDF;
00000020 : 001C;
00000021 : 001E;
00000022 : 003D;
00000023 : 002C;
00000024 : 0045;
00000025 : 0056;
00000026 : 0147;
00000027 : FF8E;
00000028 : FBE5;
00000029 : 0178;
0000002A : FD6C;
0000002B : 02D6;
0000002C : 0552;
0000002D : FCD3;
0000002E : 014B;
0000002F : FE19;
00000030 : FDD3;
00000031 : 03BE;
00000032 : FFC5;
00000033 : 0038;
00000034 : 014C;
00000035 : FE28;
00000036 : FFED;
00000037 : 0215;
00000038 : FF9E;
00000039 : 00A6;
0000003A : FF0E;
0000003B : FE7B;
0000003C : 016C;
0000003D : 019E;
0000003E : 011F;
0000003F : FFEA;
00000040 : FF02;
00000041 : 0250;
00000042 : 0234;
00000043 : 0065;
00000044 : 005A;
00000045 : FDAF;
00000046 : 004B;
00000047 : FF71;
00000048 : 0092;
00000049 : 016E;
0000004A : 0000;
0000004B : FFD6;
0000004C : FD6D;
0000004D : FFA0;
0000004E : 0142;
0000004F : 02E5;
00000050 : 01F2;
00000051 : FED9;
00000052 : FFAC;
00000053 : FE19;
00000054 : 00E9;
00000055 : 0192;
00000056 : 00DE;
00000057 : FFC9;
00000058 : FEA5;
00000059 : FFCC;
0000005A : 0042;
0000005B : 0138;
0000005C : 0118;
0000005D : 0146;
0000005E : FFE5;
0000005F : FDB5;
00000060 : FE3A;
00000061 : 005B;
00000062 : 0351;
00000063 : 0319;
00000064 : 0081;
00000065 : FE4D;
00000066 : FDAC;
00000067 : FEEF;
00000068 : FFFC;
00000069 : 0012;
0000006A : FEEE;
0000006B : FFE1;
0000006C : 00FF;
0000006D : 0160;
0000006E : FF91;
0000006F : FEBE;
00000070 : FEEE;
00000071 : 000F;
00000072 : 0180;
00000073 : 00F3;
00000074 : 0059;
00000075 : 00B2;
00000076 : 0046;
00000077 : FF76;
00000078 : FEB7;
00000079 : FF48;
0000007A : 00C9;
0000007B : 00DE;
0000007C : FFB5;
0000007D : FF63;
0000007E : FF05;
0000007F : 003D;
00000080 : FFAD;
00000081 : FF76;
00000082 : FE8C;
00000083 : FF0D;
00000084 : 004F;
00000085 : 01E4;
00000086 : 0264;
00000087 : 0117;
00000088 : 0018;
00000089 : FF10;
0000008A : FF24;
0000008B : 0048;
0000008C : 00FD;
0000008D : 00B2;
0000008E : FFB8;
0000008F : FF1C;
00000090 : FF3E;
00000091 : FF0C;
00000092 : FF06;
00000093 : FED0;
00000094 : FF1E;
00000095 : FFDE;
00000096 : 0061;
00000097 : 0072;
00000098 : 00A1;
00000099 : FF27;
0000009A : FF42;
0000009B : FEF1;
0000009C : 0042;
0000009D : 0114;
0000009E : 0079;
0000009F : FF26;
000000A0 : FEB3;
000000A1 : FE17;
000000A2 : FE82;
000000A3 : FF88;
000000A4 : 00DE;
000000A5 : 0174;
000000A6 : 018B;
000000A7 : 00B2;
000000A8 : 0023;
000000A9 : FFE4;
000000AA : FFFB;
000000AB : 011C;
000000AC : 0145;
000000AD : 01C8;
000000AE : 024E;
000000AF : 01DD;
000000B0 : 00BB;
000000B1 : 0063;
000000B2 : FFA9;
000000B3 : FFEC;
000000B4 : FFB1;
000000B5 : FFA6;
000000B6 : 0018;
000000B7 : 0136;
000000B8 : 026B;
000000B9 : 021A;
000000BA : 00F3;
000000BB : 0088;
000000BC : 001A;
000000BD : 0007;
000000BE : 0034;
000000BF : FFA7;
000000C0 : FFBC;
000000C1 : 0047;
000000C2 : 0094;
000000C3 : 00DA;
000000C4 : 008E;
000000C5 : 0070;
000000C6 : 004F;
000000C7 : 0012;
000000C8 : FFB1;
000000C9 : 0045;
000000CA : 00A7;
000000CB : 00CB;
000000CC : 0124;
000000CD : 011C;
000000CE : 017D;
000000CF : 00C0;
000000D0 : 0008;
000000D1 : FF96;
000000D2 : FFB3;
000000D3 : 0082;
000000D4 : 0189;
000000D5 : 013C;
000000D6 : 0136;
000000D7 : 004D;
000000D8 : 0052;
000000D9 : 0058;
000000DA : 009F;
000000DB : 00FF;
000000DC : 00BE;
000000DD : 0051;
000000DE : FF8D;
000000DF : FF93;
000000E0 : 0039;
000000E1 : 00EF;
000000E2 : 012A;
000000E3 : 005F;
000000E4 : FF61;
000000E5 : FF5B;
000000E6 : 004E;
000000E7 : 00C8;
000000E8 : 009A;
000000E9 : 0065;
000000EA : 005C;
000000EB : 0087;
000000EC : 00F4;
000000ED : 00DF;
000000EE : 005B;
000000EF : 002F;
000000F0 : 0009;
000000F1 : FFBB;
000000F2 : FF82;
000000F3 : FFB9;
000000F4 : 0071;
000000F5 : 015F;
000000F6 : 01B3;
000000F7 : 00B6;
000000F8 : FF20;
000000F9 : FF05;
000000FA : FF4E;
000000FB : FFC1;
000000FC : 00B6;
000000FD : 00FF;
000000FE : 00D9;
000000FF : 0048;
00000100 : FF78;
00000101 : FF38;
00000102 : FF5E;
00000103 : FFD2;
00000104 : 002C;
00000105 : 00D5;
00000106 : 00E3;
00000107 : 00BD;
00000108 : 00DD;
00000109 : 00DC;
0000010A : 006C;
0000010B : FFD9;
0000010C : FF73;
0000010D : FFFF;
0000010E : 006B;
0000010F : 00DF;
00000110 : 00EC;
00000111 : 00F3;
00000112 : 0073;
00000113 : 000D;
00000114 : 0010;
00000115 : 0065;
00000116 : 00A3;
00000117 : 0113;
00000118 : 00CD;
00000119 : 0035;
0000011A : 0005;
0000011B : 0002;
0000011C : 0018;
0000011D : 003B;
0000011E : 0001;
0000011F : 0001;
00000120 : 0016;
00000121 : FFD8;
00000122 : FFAE;
00000123 : FF4E;
00000124 : FF81;
00000125 : 002D;
00000126 : 008B;
00000127 : 0082;
00000128 : 001B;
00000129 : 001F;
0000012A : 0028;
0000012B : FFC0;
0000012C : FF84;
0000012D : FF4F;
0000012E : FF4E;
0000012F : FF91;
00000130 : FFE8;
00000131 : FFEC;
00000132 : FFE2;
00000133 : FF84;
00000134 : FF6F;
00000135 : FF78;
00000136 : FFFF;
00000137 : 0079;
00000138 : 00A7;
00000139 : 008E;
0000013A : 0044;
0000013B : 002B;
0000013C : FFED;
0000013D : FFE6;
0000013E : FFF5;
0000013F : 0015;
00000140 : 000E;
00000141 : 001A;
00000142 : FFEC;
00000143 : FFEB;
00000144 : FFD2;
00000145 : FFAD;
00000146 : FFDE;
00000147 : FFC6;
00000148 : FFBA;
00000149 : FFA1;
0000014A : FF90;
0000014B : FF59;
0000014C : FF98;
0000014D : FFFE;
0000014E : 0014;
0000014F : 0005;
00000150 : FFA4;
00000151 : FF78;
00000152 : FF30;
00000153 : FF78;
00000154 : FFDB;
00000155 : FFE6;
00000156 : 000B;
00000157 : FFAF;
00000158 : FFC2;
00000159 : FFE6;
0000015A : FF8B;
0000015B : FF9A;
0000015C : FF89;
0000015D : FF8A;
0000015E : FF8C;
0000015F : FF84;
00000160 : FF81;
00000161 : FF7C;
00000162 : FF72;
00000163 : FF73;
00000164 : FF66;
00000165 : FF63;
00000166 : FF7E;
00000167 : FFDD;
00000168 : FFCC;
00000169 : FFA0;
0000016A : FF4E;
0000016B : FF71;
0000016C : FFAC;
0000016D : FFF4;
0000016E : 003B;
0000016F : 00A2;
00000170 : 00AE;
00000171 : 007F;
00000172 : FFEC;
00000173 : FF8D;
00000174 : FFA4;
00000175 : FFC1;
00000176 : FFF4;
00000177 : 003F;
00000178 : FFFE;
00000179 : FFBE;
0000017A : FFAC;
0000017B : FFA8;
0000017C : FFA2;
0000017D : FF92;
0000017E : FFA7;
0000017F : FFD5;
00000180 : FFE3;
00000181 : 0001;
00000182 : 0003;
00000183 : 002C;
00000184 : 0036;
00000185 : FFFB;
00000186 : FFB3;
00000187 : FFA4;
00000188 : FFE3;
00000189 : FFCB;
0000018A : FFE1;
0000018B : FFBA;
0000018C : FF98;
0000018D : FFAB;
0000018E : FFCE;
0000018F : 0006;
00000190 : 0004;
00000191 : 0005;
00000192 : FFED;
00000193 : FFCE;
00000194 : FFA7;
00000195 : FF97;
00000196 : 0005;
00000197 : 0009;
00000198 : FFFB;
00000199 : FFF4;
0000019A : FFF9;
0000019B : FFE9;
0000019C : FFD7;
0000019D : FFCD;
0000019E : FFC3;
0000019F : FF38;
000001A0 : FFCB;
000001A1 : FFAD;
000001A2 : FFB8;
000001A3 : FFC5;
000001A4 : FFA2;
000001A5 : FF52;
000001A6 : FF4A;
000001A7 : FF4F;
000001A8 : FF49;
000001A9 : FF7C;
000001AA : FF2D;
000001AB : FFB4;
000001AC : FF88;
000001AD : FF89;
000001AE : FF83;
000001AF : FFB1;
000001B0 : 0007;
000001B1 : FFBE;
000001B2 : 0016;
000001B3 : 002E;
000001B4 : 0026;
000001B5 : 0026;
000001B6 : FFF3;
000001B7 : FFC2;
000001B8 : 0041;
000001B9 : 0012;
000001BA : 0011;
000001BB : 0008;
000001BC : FFE9;
000001BD : FFDF;
000001BE : 003E;
000001BF : 0011;
000001C0 : FFB0;
000001C1 : FFB0;
000001C2 : FF94;
000001C3 : FFB3;
000001C4 : FFAE;
000001C5 : 0000;
000001C6 : 003C;
000001C7 : 0068;
000001C8 : 00C9;
000001C9 : 0057;
000001CA : 000A;
000001CB : FFCF;
000001CC : FFB7;
000001CD : FFC4;
000001CE : FFEF;
000001CF : FFF6;
000001D0 : 0009;
000001D1 : 0004;
000001D2 : 0015;
000001D3 : FFD5;
000001D4 : FFCB;
000001D5 : FFC8;
000001D6 : FFC3;
000001D7 : 0002;
000001D8 : FFB9;
000001D9 : 000A;
000001DA : FFFA;
000001DB : 0039;
000001DC : 004C;
000001DD : 0013;
000001DE : FFDD;
000001DF : 002C;
000001E0 : 0019;
000001E1 : 000D;
000001E2 : 0002;
000001E3 : FFCE;
000001E4 : FFE3;
000001E5 : 003C;
000001E6 : FFDD;
000001E7 : 0044;
000001E8 : 0016;
000001E9 : FFE7;
000001EA : 0003;
000001EB : 0010;
000001EC : FFFA;
000001ED : 001F;
000001EE : 0043;
000001EF : 0021;
000001F0 : 0028;
000001F1 : 0008;
000001F2 : 000B;
000001F3 : 001C;
000001F4 : 001F;
000001F5 : 0022;
000001F6 : 0045;
000001F7 : 0023;
000001F8 : 0018;
000001F9 : 003D;
000001FA : 0030;
000001FB : FFF3;
000001FC : FFEF;
000001FD : 0058;
000001FE : 0049;
000001FF : 0026;
00000200 : FFEF;
00000201 : 001D;
00000202 : 0057;
00000203 : 0050;
00000204 : FFFF;
00000205 : FFEE;
00000206 : FFF7;
00000207 : 0002;
00000208 : 0025;
00000209 : 001C;
0000020A : 000D;
0000020B : 005D;
0000020C : 0044;
0000020D : 001B;
0000020E : 004C;
0000020F : 0089;
00000210 : 0055;
00000211 : 002A;
00000212 : 0030;
00000213 : 0044;
00000214 : 002E;
00000215 : 0030;
00000216 : 0017;
00000217 : 0032;
00000218 : 0047;
00000219 : 000D;
0000021A : FFF6;
0000021B : FFD0;
0000021C : FF86;
0000021D : FFB0;
0000021E : FFF8;
0000021F : FFFF;
00000220 : FFF1;
00000221 : FFCE;
00000222 : FFFE;
00000223 : FFFA;
00000224 : FFD8;
00000225 : FFE0;
00000226 : FFA6;
00000227 : FFCB;
00000228 : FFE5;
00000229 : FFD0;
0000022A : FFBE;
0000022B : FFB9;
0000022C : FF73;
0000022D : FF7A;
0000022E : FFB8;
0000022F : FFB9;
00000230 : FFD5;
00000231 : FFDD;
00000232 : FFBA;
00000233 : FFCA;
00000234 : 0002;
00000235 : FFED;
00000236 : FFD5;
00000237 : FFD8;
00000238 : FFCF;
00000239 : 0018;
0000023A : FFE6;
0000023B : FF92;
0000023C : FF71;
0000023D : FF75;
0000023E : FF86;
0000023F : FF9F;
00000240 : FF99;
00000241 : FF7A;
00000242 : FF99;
00000243 : FFA5;
00000244 : FFCF;
00000245 : FFCA;
00000246 : FFA6;
00000247 : FFB2;
00000248 : FFA2;
00000249 : FF6D;
0000024A : FF3F;
0000024B : FFAF;
0000024C : FFAC;
0000024D : FFFC;
0000024E : FFEE;
0000024F : FFF0;
00000250 : FFC0;
00000251 : FFD9;
00000252 : FFE0;
00000253 : FFDE;
00000254 : FFFE;
00000255 : 002A;
00000256 : 0028;
00000257 : 0047;
00000258 : 0002;
00000259 : 000E;
0000025A : FFA5;
0000025B : 0009;
0000025C : 0040;
0000025D : 001F;
0000025E : 000A;
0000025F : FFFF;
00000260 : 0027;
00000261 : 0014;
00000262 : 003F;
00000263 : 0047;
00000264 : 0050;
00000265 : 0039;
00000266 : 003F;
00000267 : 0066;
00000268 : 004F;
00000269 : 0068;
0000026A : 0062;
0000026B : 0048;
0000026C : 004D;
0000026D : 0082;
0000026E : 0061;
0000026F : 0057;
00000270 : 004C;
00000271 : FF97;
00000272 : FFC9;
00000273 : FFA9;
00000274 : FF9D;
00000275 : FFBB;
00000276 : FFF3;
00000277 : 0019;
00000278 : 0012;
00000279 : 0022;
0000027A : FFFA;
0000027B : FFA3;
0000027C : 0017;
0000027D : 0071;
0000027E : 0053;
0000027F : 0071;
00000280 : 0053;
00000281 : 0063;
00000282 : 0025;
00000283 : 0027;
00000284 : FFE7;
00000285 : FFAF;
00000286 : FFCA;
00000287 : FFE4;
00000288 : 000D;
00000289 : 003F;
0000028A : 0046;
0000028B : FFF3;
0000028C : FFE3;
0000028D : 0037;
0000028E : 004A;
0000028F : 002B;
00000290 : 0017;
00000291 : FFF4;
00000292 : 0008;
00000293 : FFF3;
00000294 : 0009;
00000295 : FFFE;
00000296 : 0002;
00000297 : FFC6;
00000298 : FFEE;
00000299 : FFFE;
0000029A : 0023;
0000029B : 001F;
0000029C : FFCD;
0000029D : FFC9;
0000029E : FFF5;
0000029F : 0008;
000002A0 : 0004;
000002A1 : 0000;
000002A2 : FFDC;
000002A3 : FFD4;
000002A4 : FFE5;
000002A5 : FFB7;
000002A6 : FFB8;
000002A7 : 0000;
000002A8 : 0015;
000002A9 : FFF3;
000002AA : FF9C;
000002AB : FF91;
000002AC : FFF8;
000002AD : FFD7;
000002AE : FFBB;
000002AF : FFBE;
000002B0 : FFA2;
000002B1 : FFB4;
000002B2 : FFB7;
000002B3 : FFAB;
000002B4 : FF82;
000002B5 : FF76;
000002B6 : FF84;
000002B7 : FF79;
000002B8 : FFC1;
000002B9 : FFE6;
000002BA : 000A;
000002BB : 0026;
000002BC : FFB5;
000002BD : FFA8;
000002BE : FFCD;
000002BF : FFCE;
000002C0 : FFB9;
000002C1 : 0065;
000002C2 : 0064;
000002C3 : 0027;
000002C4 : 00AE;
000002C5 : 009B;
000002C6 : 0074;
000002C7 : 0056;
000002C8 : 0065;
000002C9 : 0085;
000002CA : 0072;
000002CB : 0078;
000002CC : 0032;
000002CD : 0044;
000002CE : 005C;
000002CF : 0060;
000002D0 : 006A;
000002D1 : 0097;
000002D2 : 006C;
000002D3 : 009D;
000002D4 : 0077;
000002D5 : 0062;
000002D6 : 008A;
000002D7 : 0064;
000002D8 : 004E;
000002D9 : 006C;
000002DA : 0044;
000002DB : 0079;
000002DC : 007C;
000002DD : 0085;
000002DE : 0069;
000002DF : 0041;
000002E0 : 0060;
000002E1 : 0061;
000002E2 : 0067;
000002E3 : 0099;
000002E4 : 0097;
000002E5 : 0072;
000002E6 : 0057;
000002E7 : 0051;
000002E8 : 0063;
000002E9 : 0062;
000002EA : 004F;
000002EB : 006F;
000002EC : 008C;
000002ED : 0071;
000002EE : 0065;
000002EF : 0099;
000002F0 : 00AD;
000002F1 : 005E;
000002F2 : 007C;
000002F3 : 005A;
000002F4 : FFFD;
000002F5 : FFCA;
000002F6 : FFC0;
000002F7 : 000C;
000002F8 : 006A;
000002F9 : 003E;
000002FA : 0010;
000002FB : FFBB;
000002FC : 001D;
000002FD : FFC0;
000002FE : FFAC;
000002FF : FF8D;
00000300 : FFA7;
00000301 : FFC0;
00000302 : FFBA;
00000303 : FF9C;
00000304 : FF8B;
00000305 : FFA9;
00000306 : FF62;
00000307 : FFD5;
00000308 : FFA7;
00000309 : FFBC;
0000030A : FFCF;
0000030B : FF93;
0000030C : FF9F;
0000030D : FF9C;
0000030E : FFAD;
0000030F : FF67;
00000310 : FF9E;
00000311 : FF8D;
00000312 : FF45;
00000313 : FF92;
00000314 : FFAC;
00000315 : FFAD;
00000316 : FFB9;
00000317 : FFC8;
00000318 : FFCF;
00000319 : FFCD;
0000031A : FFE5;
0000031B : FFCF;
0000031C : FFCE;
0000031D : FFD6;
0000031E : FFCB;
0000031F : FFB7;
00000320 : FFB7;
00000321 : FFC0;
00000322 : FFBD;
00000323 : FFBA;
00000324 : FFB0;
00000325 : FFC9;
00000326 : FFD6;
00000327 : FFE8;
00000328 : FFB9;
00000329 : FFD0;
0000032A : FFE5;
0000032B : 0011;
0000032C : FFDC;
0000032D : 0000;
0000032E : FFED;
0000032F : FFCA;
00000330 : FFDC;
00000331 : FFD3;
00000332 : FFDA;
00000333 : FFCA;
00000334 : FFAA;
00000335 : FF8F;
00000336 : FF94;
00000337 : FFCC;
00000338 : 0039;
00000339 : 0092;
0000033A : 006C;
0000033B : 006E;
0000033C : 006A;
0000033D : 00A6;
0000033E : 00C3;
0000033F : 009D;
00000340 : 00C3;
00000341 : 0096;
00000342 : 0084;
00000343 : 00B2;
00000344 : 00FF;
00000345 : 00FD;
00000346 : 00A4;
00000347 : 005E;
00000348 : 00CC;
00000349 : 00BD;
0000034A : 0081;
0000034B : 007A;
0000034C : 00A7;
0000034D : 00BE;
0000034E : 00C7;
0000034F : 00EB;
00000350 : 00C7;
00000351 : 00A7;
00000352 : 00C9;
00000353 : 00AB;
00000354 : 00A7;
00000355 : 008C;
00000356 : 0094;
00000357 : 00A7;
00000358 : 00B2;
00000359 : 00EE;
0000035A : 00BE;
0000035B : 00F0;
0000035C : 00FA;
0000035D : 00BF;
0000035E : 0100;
0000035F : 0026;
00000360 : FFF0;
00000361 : FFC7;
00000362 : 0074;
00000363 : 0027;
00000364 : FFF0;
00000365 : 004F;
00000366 : FFB0;
00000367 : FFD6;
00000368 : FFDF;
00000369 : FFC5;
0000036A : 002E;
0000036B : 00C9;
0000036C : 0099;
0000036D : 0093;
0000036E : 00AE;
0000036F : 00C6;
00000370 : 00C5;
00000371 : 00C4;
00000372 : 00C0;
00000373 : 00CD;
00000374 : 00E5;
00000375 : 010B;
00000376 : 00E2;
00000377 : 00C3;
00000378 : 00DD;
00000379 : 0060;
0000037A : 0030;
0000037B : 00CF;
0000037C : 0015;
0000037D : 000A;
0000037E : 008D;
0000037F : 00AB;
00000380 : 00A9;
00000381 : 00D7;
00000382 : 00AA;
00000383 : 00B6;
00000384 : 00AD;
00000385 : 00BB;
00000386 : 00A5;
00000387 : 00BB;
00000388 : 00E8;
00000389 : 00A2;
0000038A : 00C1;
0000038B : 009D;
0000038C : 0092;
0000038D : 00AF;
0000038E : 00AA;
0000038F : 0084;
00000390 : 00AD;
00000391 : 00AB;
00000392 : 0069;
00000393 : 0066;
00000394 : 00A1;
00000395 : 008F;
00000396 : 00AB;
00000397 : 007A;
00000398 : 0031;
00000399 : 0021;
0000039A : 002F;
0000039B : 0050;
0000039C : 002F;
0000039D : 004A;
0000039E : 0075;
0000039F : 003F;
000003A0 : 0050;
000003A1 : 0028;
000003A2 : 0023;
000003A3 : 0031;
000003A4 : 0019;
000003A5 : FFFB;
000003A6 : 0050;
000003A7 : 0001;
000003A8 : 001F;
000003A9 : 001E;
000003AA : 000E;
000003AB : 0010;
000003AC : FFE8;
000003AD : 0021;
000003AE : 002C;
000003AF : 0031;
000003B0 : 003B;
000003B1 : FFFD;
000003B2 : FFE6;
000003B3 : FFFE;
000003B4 : 0022;
000003B5 : 0003;
000003B6 : FFFC;
000003B7 : 0008;
000003B8 : 0009;
000003B9 : 0007;
000003BA : FFF6;
000003BB : FFEF;
000003BC : FFE8;
000003BD : 0032;
000003BE : 0016;
000003BF : FFDA;
000003C0 : 000D;
000003C1 : FFF7;
000003C2 : FFDD;
000003C3 : 0010;
000003C4 : 0021;
000003C5 : 0032;
000003C6 : 002A;
000003C7 : 000C;
000003C8 : 000B;
000003C9 : FFF8;
000003CA : 000D;
000003CB : 0030;
000003CC : 001F;
000003CD : 002B;
000003CE : FFB0;
000003CF : FFDC;
000003D0 : 0022;
000003D1 : FFEC;
000003D2 : FFF4;
000003D3 : FFE6;
000003D4 : FFF9;
000003D5 : FFEB;
000003D6 : FFAC;
000003D7 : FFC2;
000003D8 : 004F;
000003D9 : 000A;
000003DA : 0010;
000003DB : FFFA;
000003DC : FFF6;
000003DD : FFF9;
000003DE : FFE5;
000003DF : 0042;
000003E0 : FFD1;
000003E1 : FF41;
000003E2 : FF72;
000003E3 : FF6D;
000003E4 : FF74;
000003E5 : FF7D;
000003E6 : FF86;
000003E7 : FF8A;
000003E8 : FF69;
000003E9 : FF49;
000003EA : FF59;
000003EB : FF61;
000003EC : FF74;
000003ED : FF7D;
000003EE : FF7B;
000003EF : FF8A;
000003F0 : FF78;
000003F1 : FF6B;
000003F2 : FF7F;
000003F3 : FF7F;
000003F4 : FF7F;
000003F5 : FF6B;
000003F6 : FF76;
000003F7 : FF5F;
000003F8 : FF64;
000003F9 : FF8B;
000003FA : FF97;
000003FB : FF7E;
000003FC : FF31;
000003FD : FF80;
000003FE : FF85;
000003FF : FFAD;
00000400 : 0075;
00000401 : 001D;
00000402 : 0024;
00000403 : 0035;
00000404 : 0019;
00000405 : 002F;
00000406 : 004F;
00000407 : 004B;
00000408 : 002F;
00000409 : 0024;
0000040A : 002F;
0000040B : 0004;
0000040C : 0018;
0000040D : 0011;
0000040E : FF2E;
0000040F : FF51;
00000410 : FF61;
00000411 : FF4D;
00000412 : FF41;
00000413 : FF3A;
00000414 : FF4E;
00000415 : FF4C;
00000416 : FF65;
00000417 : FF68;
00000418 : FF48;
00000419 : FF6B;
0000041A : FF6E;
0000041B : FF78;
0000041C : FF8A;
0000041D : FF57;
0000041E : FF4A;
0000041F : FF29;
00000420 : FF20;
00000421 : FF3C;
00000422 : FF54;
00000423 : FF64;
00000424 : FF60;
00000425 : FF4F;
00000426 : FF50;
00000427 : FF70;
00000428 : FF5B;
00000429 : FF4D;
0000042A : FF67;
0000042B : FF5F;
0000042C : FF6F;
0000042D : FF65;
0000042E : FF69;
0000042F : FF58;
00000430 : FF83;
00000431 : FF85;
00000432 : FF84;
00000433 : FF96;
00000434 : 0019;
00000435 : 001B;
00000436 : 0046;
00000437 : 0023;
00000438 : 001A;
00000439 : FFDD;
0000043A : 003F;
0000043B : 005D;
0000043C : 0048;
0000043D : 005F;
0000043E : 0060;
0000043F : 004D;
00000440 : 0035;
00000441 : 0021;
00000442 : 001B;
00000443 : 002E;
00000444 : 003D;
00000445 : 0062;
00000446 : 0030;
00000447 : 0033;
00000448 : 003E;
00000449 : 005A;
0000044A : 005B;
0000044B : 0044;
0000044C : 0047;
0000044D : 0050;
0000044E : 0017;
0000044F : 0015;
00000450 : 0033;
00000451 : 002F;
00000452 : 003F;
00000453 : 0036;
00000454 : 0063;
00000455 : 0075;
00000456 : 0070;
00000457 : 0069;
00000458 : FFA1;
00000459 : FF74;
0000045A : FF9E;
0000045B : FF70;
0000045C : FF8B;
0000045D : FF84;
0000045E : FF88;
0000045F : FF75;
00000460 : FF5A;
00000461 : FF5A;
00000462 : FF54;
00000463 : FF54;
00000464 : FF4E;
00000465 : FF63;
00000466 : FF70;
00000467 : FF9A;
00000468 : FFAB;
00000469 : FF8F;
0000046A : FF6E;
0000046B : FF94;
0000046C : FF8D;
0000046D : FF84;
0000046E : FFB1;
0000046F : FF9E;
00000470 : FFC0;
00000471 : FFBA;
00000472 : FF9F;
00000473 : FFD1;
00000474 : FFB6;
00000475 : 0012;
00000476 : FFE7;
00000477 : 0034;
00000478 : 00F1;
00000479 : 009A;
0000047A : 00BD;
0000047B : 0099;
0000047C : 006E;
0000047D : 005C;
0000047E : 009C;
0000047F : 00AB;
00000480 : 00BB;
00000481 : 009A;
00000482 : 005F;
00000483 : 006D;
00000484 : 0091;
00000485 : 00A1;
00000486 : 009C;
00000487 : 00A9;
00000488 : 0095;
00000489 : 0089;
0000048A : 00B5;
0000048B : 00E5;
0000048C : 00FD;
0000048D : 00F1;
0000048E : 00CF;
0000048F : 0043;
00000490 : 0095;
00000491 : 0032;
00000492 : FFB1;
00000493 : FFD4;
00000494 : FFDA;
00000495 : FF9A;
00000496 : FFF5;
00000497 : 0080;
00000498 : 0046;
00000499 : 00AF;
0000049A : 0059;
0000049B : 006F;
0000049C : 005F;
0000049D : 0062;
0000049E : 0043;
0000049F : 0045;
000004A0 : 007A;
000004A1 : 0078;
000004A2 : 005A;
000004A3 : 0043;
000004A4 : 006A;
000004A5 : 0095;
000004A6 : 0050;
000004A7 : 0055;
000004A8 : 0028;
000004A9 : 0050;
000004AA : 003F;
000004AB : 0022;
000004AC : 004D;
000004AD : 005D;
000004AE : 0050;
000004AF : 0059;
000004B0 : FF87;
000004B1 : FFE2;
000004B2 : 003B;
000004B3 : 0034;
000004B4 : FF6B;
000004B5 : FFAF;
000004B6 : 0047;
000004B7 : 0008;
000004B8 : 0017;
000004B9 : 0002;
000004BA : 0025;
000004BB : 0001;
000004BC : 0022;
000004BD : 0023;
000004BE : 0006;
000004BF : 0021;
000004C0 : 0048;
000004C1 : 0035;
000004C2 : 0059;
000004C3 : 004A;
000004C4 : 0097;
000004C5 : 0053;
000004C6 : 0047;
000004C7 : 0073;
000004C8 : 003C;
000004C9 : 0023;
000004CA : 000E;
000004CB : 0005;
000004CC : 000F;
000004CD : 0009;
000004CE : 001C;
000004CF : 000D;
000004D0 : FFD5;
000004D1 : FFBC;
000004D2 : FFF0;
000004D3 : 0000;
000004D4 : FFE4;
000004D5 : 003F;
000004D6 : 0063;
000004D7 : 000D;
000004D8 : FFF9;
000004D9 : FFB6;
000004DA : 003A;
000004DB : 0006;
000004DC : FFF7;
000004DD : FFE1;
000004DE : FFF4;
000004DF : FFC1;
000004E0 : FFDA;
000004E1 : FFD6;
000004E2 : FFE1;
000004E3 : FFBA;
000004E4 : FFF3;
000004E5 : FFFB;
000004E6 : FFF5;
000004E7 : FFCC;
000004E8 : FFC3;
000004E9 : FF92;
000004EA : FFA5;
000004EB : FFA5;
000004EC : FF9B;
000004ED : FF7A;
000004EE : FF9C;
000004EF : FF7D;
000004F0 : FFA7;
000004F1 : FF52;
000004F2 : FFAC;
000004F3 : FFB0;
000004F4 : FF81;
000004F5 : FF94;
000004F6 : FFCA;
000004F7 : FF81;
000004F8 : FF98;
000004F9 : FF9B;
000004FA : FFAD;
000004FB : FFF1;
000004FC : FFBA;
000004FD : FF76;
000004FE : FF7C;
000004FF : FF91;
00000500 : FFA7;
00000501 : FF54;
00000502 : FF79;
00000503 : FF6C;
00000504 : FF76;
00000505 : FFA6;
00000506 : FF62;
00000507 : FF2C;
00000508 : FF57;
00000509 : FF6B;
0000050A : FF57;
0000050B : FF43;
0000050C : FF43;
0000050D : FF42;
0000050E : FF55;
0000050F : FF84;
00000510 : FF32;
00000511 : FF73;
00000512 : FF66;
00000513 : FF5E;
00000514 : FF87;
00000515 : FF9F;
00000516 : FFA1;
00000517 : FFAF;
00000518 : FF95;
00000519 : FF98;
0000051A : FF89;
0000051B : FF86;
0000051C : FF73;
0000051D : FF95;
0000051E : FF8C;
0000051F : FF83;
00000520 : FF9D;
00000521 : FFBE;
00000522 : FFCB;
00000523 : FF97;
00000524 : FF84;
00000525 : FFBF;
00000526 : FFDF;
00000527 : FFA4;
00000528 : FFAB;
00000529 : FFB7;
0000052A : FFB6;
0000052B : FFAE;
0000052C : FFCF;
0000052D : FFD3;
0000052E : FFCB;
0000052F : FFD8;
00000530 : FFDD;
00000531 : FFFA;
00000532 : FFDF;
00000533 : FFFC;
00000534 : 0027;
00000535 : 0000;
00000536 : 0017;
00000537 : 0019;
00000538 : 0003;
00000539 : 001B;
0000053A : FFE4;
0000053B : FFEF;
0000053C : FFB8;
0000053D : FFE5;
0000053E : 004A;
0000053F : 001C;
00000540 : 0041;
00000541 : 0031;
00000542 : 0052;
00000543 : 0047;
00000544 : 000E;
00000545 : FFFD;
00000546 : 0002;
00000547 : 0019;
00000548 : 002E;
00000549 : 0010;
0000054A : 0077;
0000054B : 006B;
0000054C : 006E;
0000054D : 0088;
0000054E : 0041;
0000054F : 0063;
00000550 : 003D;
00000551 : 0007;
00000552 : 0004;
00000553 : 0027;
00000554 : 0025;
00000555 : 0045;
00000556 : 0073;
00000557 : 0050;
00000558 : 003F;
00000559 : FFDF;
0000055A : 0010;
0000055B : 0030;
0000055C : 005A;
0000055D : 0050;
0000055E : 0063;
0000055F : 004E;
00000560 : 003F;
00000561 : 0062;
00000562 : 003C;
00000563 : 001F;
00000564 : 0027;
00000565 : 0022;
00000566 : 0051;
00000567 : 003A;
00000568 : 0035;
00000569 : 006A;
0000056A : 0033;
0000056B : 004C;
0000056C : 0055;
0000056D : 0061;
0000056E : 005A;
0000056F : 003D;
00000570 : FFF0;
00000571 : FFCA;
00000572 : 000B;
00000573 : FFFD;
00000574 : 0009;
00000575 : 0035;
00000576 : FFE1;
00000577 : FFCE;
00000578 : FFED;
00000579 : FFDE;
0000057A : FFB9;
0000057B : FFB5;
0000057C : 0023;
0000057D : 001D;
0000057E : FFDB;
0000057F : FFBD;
00000580 : FFB6;
00000581 : FFE9;
00000582 : FFAC;
00000583 : FFA3;
00000584 : FF8D;
00000585 : FFB8;
00000586 : FFCB;
00000587 : FFA1;
00000588 : FFB8;
00000589 : FF63;
0000058A : FF98;
0000058B : FF85;
0000058C : FFC2;
0000058D : FFB8;
0000058E : FF98;
0000058F : FFA1;
00000590 : FF61;
00000591 : FF6B;
00000592 : FF8A;
00000593 : FF87;
00000594 : FFBD;
00000595 : FF6B;
00000596 : FFC1;
00000597 : FFA9;
00000598 : FFB6;
00000599 : FFCC;
0000059A : FFB7;
0000059B : FFBA;
0000059C : FFD7;
0000059D : FFD5;
0000059E : FFC1;
0000059F : FFB7;
000005A0 : FFCC;
000005A1 : FFD7;
000005A2 : FFE9;
000005A3 : 0003;
000005A4 : FFF3;
000005A5 : FFD3;
000005A6 : FFBA;
000005A7 : FFCA;
000005A8 : FF92;
000005A9 : FFD9;
000005AA : FFF1;
000005AB : 000E;
000005AC : FFD5;
000005AD : FFDC;
000005AE : FFDC;
000005AF : FFD7;
000005B0 : FFE4;
000005B1 : FFB5;
000005B2 : FF88;
000005B3 : FF87;
000005B4 : FF78;
000005B5 : FF4E;
000005B6 : FF94;
000005B7 : FF8D;
000005B8 : FF71;
000005B9 : FF92;
000005BA : FFAE;
000005BB : FFA9;
000005BC : FFA1;
000005BD : FF88;
000005BE : FF7A;
000005BF : FF78;
000005C0 : FF97;
000005C1 : FF93;
000005C2 : FF6B;
000005C3 : FF58;
000005C4 : FF64;
000005C5 : FF4D;
000005C6 : FF64;
000005C7 : FF38;
000005C8 : FF45;
000005C9 : FF76;
000005CA : FF75;
000005CB : FF7F;
000005CC : FF68;
000005CD : FFAD;
000005CE : FF96;
000005CF : FF8A;
000005D0 : FF90;
000005D1 : FF7D;
000005D2 : FF60;
000005D3 : FF54;
000005D4 : FF6D;
000005D5 : FF78;
000005D6 : FF66;
000005D7 : FF64;
000005D8 : FF64;
000005D9 : FF91;
000005DA : FFA5;
000005DB : FFA1;
000005DC : FF8E;
000005DD : FF78;
000005DE : FF82;
000005DF : FF92;
000005E0 : FFC9;
000005E1 : FFD5;
000005E2 : FFCF;
000005E3 : 0002;
000005E4 : FFDD;
000005E5 : FFA0;
000005E6 : FFD1;
000005E7 : FFC5;
000005E8 : FFA8;
000005E9 : FFE8;
000005EA : FFF8;
000005EB : 0014;
000005EC : 0016;
000005ED : FFCC;
000005EE : FFD5;
000005EF : FFDD;
000005F0 : FFD0;
000005F1 : FFB5;
000005F2 : FFEE;
000005F3 : FFAD;
000005F4 : FFD4;
000005F5 : FFC3;
000005F6 : FFD5;
000005F7 : FFB2;
000005F8 : FFB3;
000005F9 : FFBC;
000005FA : 0024;
000005FB : 002E;
000005FC : 002D;
000005FD : 0043;
000005FE : 0028;
000005FF : 0040;
00000600 : 0021;
00000601 : 0007;
00000602 : 0013;
00000603 : FFFE;
00000604 : 0027;
00000605 : 001A;
00000606 : 001D;
00000607 : 0031;
00000608 : 0050;
00000609 : 0045;
0000060A : 0079;
0000060B : 0032;
0000060C : 0013;
0000060D : 003A;
0000060E : 0041;
0000060F : 003F;
00000610 : 0057;
00000611 : 003B;
00000612 : 004F;
00000613 : 0030;
00000614 : 0006;
00000615 : FFF6;
00000616 : 001C;
00000617 : 000C;
00000618 : FFE9;
00000619 : FFBF;
0000061A : 0031;
0000061B : 0029;
0000061C : FFFF;
0000061D : 004F;
0000061E : 0022;
0000061F : 000F;
00000620 : 002C;
00000621 : FFF9;
00000622 : 0029;
00000623 : 0028;
00000624 : FFF9;
00000625 : 0007;
00000626 : 0011;
00000627 : 003B;
00000628 : 000D;
00000629 : FFFA;
0000062A : 0004;
0000062B : 003B;
0000062C : 0028;
0000062D : 000C;
0000062E : 003F;
0000062F : 0055;
00000630 : 0034;
00000631 : 002D;
00000632 : 000D;
00000633 : 0019;
00000634 : FFD5;
00000635 : 000D;
00000636 : FFFD;
00000637 : FFFB;
00000638 : FFDA;
00000639 : 001F;
0000063A : 0021;
0000063B : 0016;
0000063C : 002D;
0000063D : 002F;
0000063E : 0030;
0000063F : 0008;
00000640 : FF55;
00000641 : FFD1;
00000642 : 0020;
00000643 : 0001;
00000644 : 001C;
00000645 : 000B;
00000646 : 0040;
00000647 : 002B;
00000648 : 0029;
00000649 : 0028;
0000064A : 003F;
0000064B : 0046;
0000064C : 003B;
0000064D : 0010;
0000064E : 0018;
0000064F : 0029;
00000650 : 001F;
00000651 : 0005;
00000652 : 0023;
00000653 : 000A;
00000654 : 001F;
00000655 : 0024;
00000656 : 002B;
00000657 : 0018;
00000658 : 002D;
00000659 : 0042;
0000065A : 0021;
0000065B : 0015;
0000065C : FFE8;
0000065D : FFD4;
0000065E : FFDE;
0000065F : FFAB;
00000660 : FFB2;
00000661 : FFA5;
00000662 : FFD6;
00000663 : FFAC;
00000664 : FFB9;
00000665 : FFAB;
00000666 : FFAD;
00000667 : FFB8;
00000668 : FFB8;
00000669 : FFD8;
0000066A : FFD9;
0000066B : FF9D;
0000066C : FFA1;
0000066D : FFAD;
0000066E : FF99;
0000066F : FFB6;
00000670 : FFC4;
00000671 : FFA2;
00000672 : FF87;
00000673 : FF9C;
00000674 : FFAE;
00000675 : FFBC;
00000676 : FFBD;
00000677 : FFB3;
00000678 : FFC1;
00000679 : FFBE;
0000067A : FFDA;
0000067B : FFEE;
0000067C : FFF0;
0000067D : 0019;
0000067E : 0011;
0000067F : 001E;
00000680 : 0041;
00000681 : 000B;
00000682 : FFFE;
00000683 : FFE6;
00000684 : FFEB;
00000685 : FF8E;
00000686 : FF63;
00000687 : FFF0;
00000688 : FFD0;
00000689 : FFC5;
0000068A : FFC1;
0000068B : FFCD;
0000068C : FFAD;
0000068D : FFE2;
0000068E : FFCE;
0000068F : FFC4;
00000690 : FF99;
00000691 : FFA4;
00000692 : FFD4;
00000693 : FFF4;
00000694 : FFE8;
00000695 : FFBD;
00000696 : FFE8;
00000697 : FFEF;
00000698 : FFEC;
00000699 : FFC8;
0000069A : FFE0;
0000069B : FF95;
0000069C : FFB8;
0000069D : FFC1;
0000069E : FF53;
0000069F : FF66;
000006A0 : FF94;
000006A1 : FFB1;
000006A2 : FFC3;
000006A3 : FFC7;
000006A4 : FF99;
000006A5 : FFBC;
000006A6 : FFD7;
000006A7 : FFC9;
000006A8 : FFE5;
000006A9 : 0001;
000006AA : FFF4;
000006AB : FFC8;
000006AC : FFD2;
000006AD : FFEC;
000006AE : FFE5;
000006AF : FF82;
000006B0 : FEE4;
000006B1 : FF28;
000006B2 : FF9A;
000006B3 : FF1C;
000006B4 : FFAF;
000006B5 : FF95;
000006B6 : FFCC;
000006B7 : FFCA;
000006B8 : FFA6;
000006B9 : FF05;
000006BA : FED7;
000006BB : FF0A;
000006BC : FED4;
000006BD : FEB9;
000006BE : FED4;
000006BF : FEED;
000006C0 : FEBA;
000006C1 : FECD;
000006C2 : FEE1;
000006C3 : FEC9;
000006C4 : FEB6;
000006C5 : FEAA;
000006C6 : FED7;
000006C7 : FEC0;
000006C8 : FEB7;
000006C9 : FEC1;
000006CA : FEDC;
000006CB : FEE2;
000006CC : FEE7;
000006CD : FEDC;
000006CE : FEFE;
000006CF : FF12;
000006D0 : FEFD;
000006D1 : FEE6;
000006D2 : FEE1;
000006D3 : FEDA;
000006D4 : FED5;
000006D5 : FEE7;
000006D6 : FEE1;
000006D7 : FF12;
000006D8 : FF11;
000006D9 : FEFE;
000006DA : FEDD;
000006DB : FEE6;
000006DC : FF09;
000006DD : FEFC;
000006DE : FED4;
000006DF : FEE9;
000006E0 : FEF1;
000006E1 : FEFF;
000006E2 : FF07;
000006E3 : FF35;
000006E4 : FF0E;
000006E5 : FF3D;
000006E6 : FF58;
000006E7 : FF0B;
000006E8 : FFFB;
000006E9 : FFC5;
000006EA : FFCB;
000006EB : FFEF;
000006EC : FFBB;
000006ED : FFA1;
000006EE : FF08;
000006EF : FF22;
000006F0 : FF14;
000006F1 : FF47;
000006F2 : FFD4;
000006F3 : FFB1;
000006F4 : FFA4;
000006F5 : FFC3;
000006F6 : FFB1;
000006F7 : FF90;
000006F8 : FF9C;
000006F9 : FFAA;
000006FA : FFAA;
000006FB : FF8F;
000006FC : FF4C;
000006FD : FF68;
000006FE : FF24;
000006FF : FEF1;
00000700 : FF21;
00000701 : FEA7;
00000702 : FEC6;
00000703 : FED4;
00000704 : FED7;
00000705 : FEE6;
00000706 : FEE5;
00000707 : FEFC;
00000708 : FEE6;
00000709 : FF43;
0000070A : FF88;
0000070B : FF86;
0000070C : FF8A;
0000070D : FF42;
0000070E : FF5B;
0000070F : FF37;
00000710 : FF70;
00000711 : FF78;
00000712 : FF97;
00000713 : FFC5;
00000714 : FFCF;
00000715 : FFA8;
00000716 : FF52;
00000717 : FFAF;
00000718 : FFEE;
00000719 : FFCC;
0000071A : 000D;
0000071B : FFC9;
0000071C : FFA6;
0000071D : FFB1;
0000071E : 0019;
0000071F : FFF5;
00000720 : 0019;
00000721 : 0010;
00000722 : FFDA;
00000723 : FFFB;
00000724 : FFCB;
00000725 : 0005;
00000726 : FFD9;
00000727 : FFC4;
00000728 : FF9D;
00000729 : FFCA;
0000072A : FFF0;
0000072B : FFC8;
0000072C : FF8F;
0000072D : FFAB;
0000072E : FFD9;
0000072F : FFCE;
00000730 : FFAE;
00000731 : FF93;
00000732 : FFEB;
00000733 : FFCB;
00000734 : FF57;
00000735 : FF5E;
00000736 : FF80;
00000737 : FFD4;
00000738 : 000B;
00000739 : 0013;
0000073A : FFD8;
0000073B : FFC1;
0000073C : 000E;
0000073D : 0001;
0000073E : 0006;
0000073F : 0020;
00000740 : 0000;
00000741 : FFFE;
00000742 : 003A;
00000743 : FFE2;
00000744 : 002E;
00000745 : 0048;
00000746 : 0049;
00000747 : 0049;
00000748 : 003A;
00000749 : FF88;
0000074A : FFA0;
0000074B : 0018;
0000074C : 000E;
0000074D : 0030;
0000074E : 002E;
0000074F : 0063;
00000750 : 003D;
00000751 : 005A;
00000752 : 0034;
00000753 : 0049;
00000754 : 0044;
00000755 : 002F;
00000756 : 0046;
00000757 : 004D;
00000758 : 0021;
00000759 : 0035;
0000075A : 0024;
0000075B : 0039;
0000075C : 0027;
0000075D : 003A;
0000075E : 0044;
0000075F : 0044;
00000760 : 0068;
00000761 : 005D;
00000762 : 006B;
00000763 : 006F;
00000764 : 0082;
00000765 : 0093;
00000766 : 008A;
00000767 : 007D;
00000768 : 0099;
00000769 : 00A0;
0000076A : 0090;
0000076B : 0097;
0000076C : 006E;
0000076D : 0067;
0000076E : 005A;
0000076F : 006D;
00000770 : 0099;
00000771 : 0088;
00000772 : 0079;
00000773 : 0075;
00000774 : 0018;
00000775 : FF8F;
00000776 : 0064;
00000777 : 0058;
00000778 : 005C;
00000779 : 0080;
0000077A : FFA2;
0000077B : 0001;
0000077C : 008D;
0000077D : 006A;
0000077E : FFE4;
0000077F : FF4F;
00000780 : FF31;
00000781 : FF1B;
00000782 : FF44;
00000783 : FF43;
00000784 : FF45;
00000785 : FF5E;
00000786 : FF1D;
00000787 : FFD8;
00000788 : FFE1;
00000789 : 0000;
0000078A : 0038;
0000078B : FFFE;
0000078C : 0036;
0000078D : 003D;
0000078E : 0000;
0000078F : 0019;
00000790 : 0030;
00000791 : 003F;
00000792 : 0034;
00000793 : 0004;
00000794 : FF2F;
00000795 : FF97;
00000796 : FFF6;
00000797 : FFD9;
00000798 : 003E;
00000799 : FF7A;
0000079A : FEEC;
0000079B : FED1;
0000079C : FEE1;
0000079D : FF26;
0000079E : FF26;
0000079F : FE6D;
000007A0 : FEF4;
000007A1 : FF3E;
000007A2 : FF2F;
000007A3 : FE8C;
000007A4 : FEDA;
000007A5 : FF4A;
000007A6 : FF6A;
000007A7 : FF65;
000007A8 : FF6A;
000007A9 : FF4F;
000007AA : FF67;
000007AB : FF54;
000007AC : FF70;
000007AD : FEEF;
000007AE : FE5A;
000007AF : FE3E;
000007B0 : FE1A;
000007B1 : FE38;
000007B2 : FE19;
000007B3 : FF00;
000007B4 : FE8F;
000007B5 : FEA4;
000007B6 : FE97;
000007B7 : FE41;
000007B8 : FEBF;
000007B9 : FE43;
000007BA : FED0;
000007BB : FEC3;
000007BC : FECB;
000007BD : FE7D;
000007BE : FEA3;
000007BF : FE86;
000007C0 : FE59;
000007C1 : FE84;
000007C2 : FE5F;
000007C3 : FE8D;
000007C4 : FEC2;
000007C5 : FE68;
000007C6 : FE38;
000007C7 : FE3F;
000007C8 : FE61;
000007C9 : FEB1;
000007CA : FE4D;
000007CB : FE6D;
000007CC : FE4F;
000007CD : FE9D;
000007CE : FEBA;
000007CF : FED7;
000007D0 : FEC8;
000007D1 : FF7F;
000007D2 : FF7C;
000007D3 : FFAF;
000007D4 : FEF0;
000007D5 : FEC1;
000007D6 : FEC7;
000007D7 : FEA3;
000007D8 : FE79;
000007D9 : FE8D;
000007DA : FE81;
000007DB : FF28;
000007DC : FFC9;
000007DD : FFA6;
000007DE : FFA8;
000007DF : FFAB;
000007E0 : FFB5;
000007E1 : FFB7;
000007E2 : FFA3;
000007E3 : FFB3;
000007E4 : FFAB;
000007E5 : FF73;
000007E6 : FF82;
000007E7 : FF86;
000007E8 : FF7F;
000007E9 : FF91;
000007EA : FF9F;
000007EB : FFB4;
000007EC : FFB3;
000007ED : FF9D;
000007EE : FFC2;
000007EF : FF5B;
000007F0 : FECF;
000007F1 : FF9E;
000007F2 : FFDE;
000007F3 : FFC9;
000007F4 : 005A;
000007F5 : 0036;
000007F6 : 002B;
000007F7 : 0041;
000007F8 : 0065;
000007F9 : 0036;
000007FA : 0038;
000007FB : 0031;
000007FC : 00B3;
000007FD : 00C8;
000007FE : 00E1;
000007FF : 0114;
00000800 : 0121;
00000801 : 00ED;
00000802 : 0106;
00000803 : 012F;
00000804 : 00C9;
00000805 : 00E4;
00000806 : 00B8;
00000807 : FFFB;
00000808 : 0003;
00000809 : 00A5;
0000080A : 00A9;
0000080B : 00BF;
0000080C : 009D;
0000080D : 00BE;
0000080E : 00F8;
0000080F : 006E;
00000810 : 009F;
00000811 : 00B0;
00000812 : 009E;
00000813 : 011D;
00000814 : 00B3;
00000815 : 009F;
00000816 : 00C8;
00000817 : 00F7;
00000818 : 0104;
00000819 : 00FE;
0000081A : 014C;
0000081B : 0130;
0000081C : 011C;
0000081D : 00BD;
0000081E : 00CF;
0000081F : 0105;
00000820 : 00F1;
00000821 : 00F7;
00000822 : 00E5;
00000823 : 0108;
00000824 : 013B;
00000825 : 0180;
00000826 : 0128;
00000827 : 0115;
00000828 : 0137;
00000829 : 0120;
0000082A : 0157;
0000082B : 012E;
0000082C : 0126;
0000082D : 0113;
0000082E : 0108;
0000082F : 0106;
00000830 : 012C;
00000831 : 0187;
00000832 : 016D;
00000833 : 0132;
00000834 : 00F1;
00000835 : 0185;
00000836 : 0181;
00000837 : 0151;
00000838 : 018C;
00000839 : 015C;
0000083A : 0159;
0000083B : 0164;
0000083C : 010C;
0000083D : 00CC;
0000083E : 00BD;
0000083F : 00C5;
00000840 : 00E8;
00000841 : 00DD;
00000842 : 00FE;
00000843 : 00D5;
00000844 : 00E7;
00000845 : 011B;
00000846 : 0126;
00000847 : 011E;
00000848 : 0101;
00000849 : 00D2;
0000084A : 00DE;
0000084B : 00C9;
0000084C : 00CC;
0000084D : 00AF;
0000084E : 00BA;
0000084F : 00D1;
00000850 : 00A8;
00000851 : 0054;
00000852 : 0086;
00000853 : 00AA;
00000854 : 00AE;
00000855 : 006F;
00000856 : 0067;
00000857 : 00A7;
00000858 : 00B2;
00000859 : 00B4;
0000085A : 0101;
0000085B : 00C6;
0000085C : 00E3;
0000085D : 00CB;
0000085E : 008D;
0000085F : 00AA;
00000860 : 00BA;
00000861 : 00A1;
00000862 : 007C;
00000863 : 00AD;
00000864 : 00EE;
00000865 : 00F7;
00000866 : 00BA;
00000867 : 00C4;
00000868 : 00A8;
00000869 : 009D;
0000086A : 00B5;
0000086B : 00A4;
0000086C : 00AB;
0000086D : 0086;
0000086E : 008F;
0000086F : 0057;
00000870 : 0030;
00000871 : 001A;
00000872 : 0016;
00000873 : 000A;
00000874 : 001E;
00000875 : 000B;
00000876 : FFF3;
00000877 : 001D;
00000878 : 0014;
00000879 : 0032;
0000087A : 0024;
0000087B : FFFB;
0000087C : 0041;
0000087D : 0054;
0000087E : 005B;
0000087F : 002F;
00000880 : 0025;
00000881 : 004B;
00000882 : 007F;
00000883 : 004B;
00000884 : 0013;
00000885 : FFCF;
00000886 : FFDE;
00000887 : FFE5;
00000888 : FFD0;
00000889 : FFDF;
0000088A : FFD7;
0000088B : 003A;
0000088C : 0028;
0000088D : 0004;
0000088E : 0027;
0000088F : 000E;
00000890 : 0015;
00000891 : FFDB;
00000892 : FFF9;
00000893 : FFE7;
00000894 : FFC2;
00000895 : FFD3;
00000896 : FFB4;
00000897 : FFDA;
00000898 : FFEB;
00000899 : FFD9;
0000089A : FFED;
0000089B : FFB5;
0000089C : FFE9;
0000089D : FFC8;
0000089E : FFD1;
0000089F : 0038;
000008A0 : 0046;
000008A1 : 0013;
000008A2 : FFE0;
000008A3 : FFCD;
000008A4 : FFD4;
000008A5 : FFF0;
000008A6 : 000D;
000008A7 : FFF2;
000008A8 : 0014;
000008A9 : 0025;
000008AA : 0001;
000008AB : 001B;
000008AC : 000B;
000008AD : 0005;
000008AE : 0017;
000008AF : 0030;
000008B0 : 002D;
000008B1 : 001A;
000008B2 : 002F;
000008B3 : 001F;
000008B4 : 0021;
000008B5 : FFDB;
000008B6 : 0016;
000008B7 : 0033;
000008B8 : FFFD;
000008B9 : 001B;
000008BA : 0007;
000008BB : 001C;
000008BC : 001B;
000008BD : 008D;
000008BE : 0047;
000008BF : 0023;
000008C0 : FFE9;
000008C1 : FFF4;
000008C2 : 0013;
000008C3 : 0017;
000008C4 : 0023;
000008C5 : 0010;
000008C6 : 003A;
000008C7 : 0051;
000008C8 : 0037;
000008C9 : 0026;
000008CA : 005B;
000008CB : 0078;
000008CC : 0061;
000008CD : 0011;
000008CE : 001D;
000008CF : 000C;
000008D0 : 0016;
000008D1 : 0026;
000008D2 : 0045;
000008D3 : 0040;
000008D4 : 0026;
000008D5 : 006F;
000008D6 : 008B;
000008D7 : 005A;
000008D8 : 003B;
000008D9 : 004F;
000008DA : 0055;
000008DB : 0074;
000008DC : 004D;
000008DD : 006A;
000008DE : 0052;
000008DF : 0044;
000008E0 : 0049;
000008E1 : 0046;
000008E2 : 005C;
000008E3 : 0046;
000008E4 : 008C;
000008E5 : 007B;
000008E6 : 004D;
000008E7 : 0051;
000008E8 : 0059;
000008E9 : 00A5;
000008EA : 0055;
000008EB : 0045;
000008EC : 008C;
000008ED : 007A;
000008EE : 0074;
000008EF : 008A;
000008F0 : 008A;
000008F1 : 0086;
000008F2 : 0060;
000008F3 : 00AF;
000008F4 : 005E;
000008F5 : 0069;
000008F6 : 0049;
000008F7 : 0047;
000008F8 : 0067;
000008F9 : 005B;
000008FA : 0021;
000008FB : FFE2;
000008FC : FF8C;
000008FD : FFA3;
000008FE : FFCA;
000008FF : FFD1;
00000900 : FFF4;
00000901 : 0008;
00000902 : FFE2;
00000903 : 0011;
00000904 : FFEF;
00000905 : FFF4;
00000906 : 0008;
00000907 : FFD9;
00000908 : FFC8;
00000909 : FFC2;
0000090A : FFDF;
0000090B : FFFA;
0000090C : FF97;
0000090D : FFBB;
0000090E : 000D;
0000090F : FF8C;
00000910 : FF7A;
00000911 : FF9C;
00000912 : FF7F;
00000913 : FF52;
00000914 : FF38;
00000915 : FF2F;
00000916 : FF1D;
00000917 : FF40;
00000918 : FF3C;
00000919 : FF6A;
0000091A : FF32;
0000091B : FF29;
0000091C : FF3A;
0000091D : FF20;
0000091E : FF51;
0000091F : FF49;
00000920 : FF59;
00000921 : FF50;
00000922 : FF1F;
00000923 : FF1A;
00000924 : FF59;
00000925 : FF67;
00000926 : FF78;
00000927 : FF9B;
00000928 : FFAD;
00000929 : FF87;
0000092A : FF69;
0000092B : FF8F;
0000092C : FF89;
0000092D : FF9C;
0000092E : FF85;
0000092F : FFDD;
00000930 : FF6D;
00000931 : FF80;
00000932 : FFA3;
00000933 : FFB7;
00000934 : FF10;
00000935 : FF2C;
00000936 : FF53;
00000937 : FF5F;
00000938 : FF9E;
00000939 : FF7A;
0000093A : FF21;
0000093B : FF75;
0000093C : FFEB;
0000093D : FFCE;
0000093E : FF96;
0000093F : FF8B;
00000940 : FFB7;
00000941 : FF92;
00000942 : FFD2;
00000943 : FFD2;
00000944 : FFAE;
00000945 : FFB2;
00000946 : FFAA;
00000947 : FF98;
00000948 : FFB4;
00000949 : FFAA;
0000094A : FFAE;
0000094B : FFBF;
0000094C : FFAA;
0000094D : FFBA;
0000094E : FFCD;
0000094F : FFE4;
00000950 : FFCE;
00000951 : FFA7;
00000952 : FFA7;
00000953 : 0000;
00000954 : FFFF;
00000955 : FFDC;
00000956 : FFCD;
00000957 : FFB3;
00000958 : FFCA;
00000959 : FFA3;
0000095A : FF8C;
0000095B : 0001;
0000095C : 0007;
0000095D : FFD3;
0000095E : FFF6;
0000095F : FFFE;
00000960 : 001A;
00000961 : 000E;
00000962 : FFF0;
00000963 : FFD4;
00000964 : FFBE;
00000965 : FFED;
00000966 : FFF6;
00000967 : 001E;
00000968 : 0029;
00000969 : 0031;
0000096A : 0047;
0000096B : 0011;
0000096C : FFEC;
0000096D : 0000;
0000096E : FFF6;
0000096F : FFDF;
00000970 : FFDF;
00000971 : FFC1;
00000972 : FFA9;
00000973 : FFB2;
00000974 : FFA5;
00000975 : FFC4;
00000976 : FFAC;
00000977 : FFB3;
00000978 : FF94;
00000979 : FF80;
0000097A : FF93;
0000097B : FFAF;
0000097C : FF97;
0000097D : FF89;
0000097E : FF9F;
0000097F : FFCA;
00000980 : FFB6;
00000981 : FFA6;
00000982 : FFB9;
00000983 : FFAE;
00000984 : FFD8;
00000985 : FFF3;
00000986 : 0011;
00000987 : FFFA;
00000988 : 002B;
00000989 : FFC6;
0000098A : FFDA;
0000098B : FFFE;
0000098C : FFFF;
0000098D : 0010;
0000098E : 0031;
0000098F : 004C;
00000990 : 004B;
00000991 : 0028;
00000992 : 0017;
00000993 : 002E;
00000994 : 0049;
00000995 : 005F;
00000996 : 0011;
00000997 : 0049;
00000998 : 0034;
00000999 : 0041;
0000099A : 0039;
0000099B : 0018;
0000099C : 0040;
0000099D : 001D;
0000099E : 003D;
0000099F : 003F;
000009A0 : 000C;
000009A1 : 0025;
000009A2 : 0018;
000009A3 : FFEE;
000009A4 : FFDC;
000009A5 : 0007;
000009A6 : 0012;
000009A7 : 001E;
000009A8 : 000E;
000009A9 : 0028;
000009AA : 001A;
000009AB : 001C;
000009AC : 005B;
000009AD : 0054;
000009AE : 0054;
000009AF : 0068;
000009B0 : 003D;
000009B1 : 003B;
000009B2 : 004F;
000009B3 : 0045;
000009B4 : 0040;
000009B5 : 002C;
000009B6 : 003D;
000009B7 : 0048;
000009B8 : 0031;
000009B9 : 003B;
000009BA : 0061;
000009BB : 0032;
000009BC : FFED;
000009BD : FFFA;
000009BE : 000B;
000009BF : 0011;
000009C0 : 0030;
000009C1 : 0083;
000009C2 : 0017;
000009C3 : 0047;
000009C4 : 0016;
000009C5 : FFE4;
000009C6 : 0010;
000009C7 : 0056;
000009C8 : 0089;
000009C9 : 006D;
000009CA : 0080;
000009CB : 0051;
000009CC : 0092;
000009CD : 0033;
000009CE : 002F;
000009CF : FFDC;
000009D0 : 0007;
000009D1 : 001E;
000009D2 : 0017;
000009D3 : 0055;
000009D4 : 0012;
000009D5 : 0037;
000009D6 : 003D;
000009D7 : 0043;
000009D8 : 0041;
000009D9 : 0001;
000009DA : 0023;
000009DB : 002B;
000009DC : 001A;
000009DD : 0037;
000009DE : FFD6;
000009DF : 002F;
000009E0 : 0096;
000009E1 : 003B;
000009E2 : 0053;
000009E3 : 0042;
000009E4 : 0040;
000009E5 : 0082;
000009E6 : 0025;
000009E7 : 001A;
000009E8 : FFBD;
000009E9 : FFD4;
000009EA : 0001;
000009EB : FFEC;
000009EC : FFE3;
000009ED : FFF8;
000009EE : FFEE;
000009EF : 0026;
000009F0 : 006D;
000009F1 : 0032;
000009F2 : 0015;
000009F3 : 0031;
000009F4 : 0014;
000009F5 : FFF7;
000009F6 : 001A;
000009F7 : 00A5;
000009F8 : 0059;
000009F9 : FFDC;
000009FA : 0008;
000009FB : 0040;
000009FC : 0025;
000009FD : 002A;
000009FE : 003C;
000009FF : 0013;
00000A00 : 001B;
00000A01 : FFFD;
00000A02 : 0018;
00000A03 : 0038;
00000A04 : 0047;
00000A05 : 000B;
00000A06 : FFDA;
00000A07 : FF95;
00000A08 : FFCE;
00000A09 : FFD9;
00000A0A : FFB5;
00000A0B : FF5F;
00000A0C : FF96;
00000A0D : FF9A;
00000A0E : FF7B;
00000A0F : FFBC;
00000A10 : FFE3;
00000A11 : FFDF;
00000A12 : FFF0;
00000A13 : 0008;
00000A14 : 000F;
00000A15 : 0020;
00000A16 : 0080;
00000A17 : 003D;
00000A18 : 003A;
00000A19 : 0097;
00000A1A : 008A;
00000A1B : 00B6;
00000A1C : 0098;
00000A1D : 00B5;
00000A1E : 00AC;
00000A1F : 0088;
00000A20 : 0094;
00000A21 : 007E;
00000A22 : 0076;
00000A23 : 008E;
00000A24 : 0069;
00000A25 : 0082;
00000A26 : 0079;
00000A27 : 008E;
00000A28 : 0138;
00000A29 : 011F;
00000A2A : 0131;
00000A2B : 0136;
00000A2C : 014E;
00000A2D : 0125;
00000A2E : 0129;
00000A2F : 012F;
00000A30 : 0140;
00000A31 : 0115;
00000A32 : 0109;
00000A33 : 0118;
00000A34 : 0157;
00000A35 : 0151;
00000A36 : 0127;
00000A37 : 011D;
00000A38 : 00F4;
00000A39 : 012E;
00000A3A : 0125;
00000A3B : 00E0;
00000A3C : 00EB;
00000A3D : 0124;
00000A3E : 00D0;
00000A3F : 00DD;
00000A40 : 0133;
00000A41 : 0136;
00000A42 : 0117;
00000A43 : 0111;
00000A44 : 0116;
00000A45 : 00EB;
00000A46 : 010C;
00000A47 : 0130;
00000A48 : 00B6;
00000A49 : 00AF;
00000A4A : 00B0;
00000A4B : 00E7;
00000A4C : 00BB;
00000A4D : 00D9;
00000A4E : 00C2;
00000A4F : 010D;
00000A50 : 0101;
00000A51 : 0171;
00000A52 : 010E;
00000A53 : 0102;
00000A54 : 010B;
00000A55 : 0117;
00000A56 : 0126;
00000A57 : 0106;
00000A58 : 0125;
00000A59 : 00FF;
00000A5A : 00B9;
00000A5B : 009F;
00000A5C : 00CD;
00000A5D : 00E8;
00000A5E : 00DF;
00000A5F : 00AC;
00000A60 : 00B3;
00000A61 : 009C;
00000A62 : 009A;
00000A63 : 007D;
00000A64 : 008E;
00000A65 : 00B0;
00000A66 : 0084;
00000A67 : 0065;
00000A68 : 007C;
00000A69 : 007F;
00000A6A : 006D;
00000A6B : 005F;
00000A6C : 002F;
00000A6D : 0029;
00000A6E : 0030;
00000A6F : 004E;
00000A70 : 0040;
00000A71 : 0052;
00000A72 : 0057;
00000A73 : 003A;
00000A74 : 0023;
00000A75 : 0017;
00000A76 : 001D;
00000A77 : 0035;
00000A78 : 0034;
00000A79 : 0009;
00000A7A : 0032;
00000A7B : 0031;
00000A7C : 0031;
00000A7D : 0018;
00000A7E : 0044;
00000A7F : 0012;
00000A80 : 0006;
00000A81 : 0015;
00000A82 : 0019;
00000A83 : 003C;
00000A84 : 0050;
00000A85 : 009F;
00000A86 : 0072;
00000A87 : 0052;
00000A88 : 007B;
00000A89 : 0069;
00000A8A : 0062;
00000A8B : 005F;
00000A8C : 0072;
00000A8D : 0065;
00000A8E : 0046;
00000A8F : 0028;
00000A90 : FFE7;
00000A91 : 003D;
00000A92 : 0060;
00000A93 : 0020;
00000A94 : FFCD;
00000A95 : 002C;
00000A96 : 0056;
00000A97 : 002C;
00000A98 : 0028;
00000A99 : FFF4;
00000A9A : FFC9;
00000A9B : 001A;
00000A9C : 0009;
00000A9D : FFED;
00000A9E : 0013;
00000A9F : 002E;
00000AA0 : 0052;
00000AA1 : 003B;
00000AA2 : 001E;
00000AA3 : 0036;
00000AA4 : 001A;
00000AA5 : 000A;
00000AA6 : FFDF;
00000AA7 : 0009;
00000AA8 : FFD3;
00000AA9 : FFFB;
00000AAA : FFD7;
00000AAB : FFD5;
00000AAC : FFD1;
00000AAD : FFDD;
00000AAE : FFBB;
00000AAF : FFEB;
00000AB0 : FFE8;
00000AB1 : FFD6;
00000AB2 : FF93;
00000AB3 : FFD4;
00000AB4 : FFCE;
00000AB5 : FFD8;
00000AB6 : FFF7;
00000AB7 : FFD0;
00000AB8 : 0008;
00000AB9 : 0010;
00000ABA : FFF8;
00000ABB : 004A;
00000ABC : 0033;
00000ABD : 004A;
00000ABE : 002D;
00000ABF : 001F;
00000AC0 : 0038;
00000AC1 : 0009;
00000AC2 : FFE6;
00000AC3 : FFF0;
00000AC4 : 0025;
00000AC5 : FFE5;
00000AC6 : FFC8;
00000AC7 : FFE1;
00000AC8 : FFF1;
00000AC9 : FFDD;
00000ACA : FFBD;
00000ACB : FFD9;
00000ACC : FFE7;
00000ACD : FFDD;
00000ACE : FFC1;
00000ACF : 0004;
00000AD0 : FFFA;
00000AD1 : FFE0;
00000AD2 : FFE0;
00000AD3 : FFDA;
00000AD4 : FFFC;
00000AD5 : FFEB;
00000AD6 : FFF8;
00000AD7 : FFDA;
00000AD8 : FFCE;
00000AD9 : FFCE;
00000ADA : FFD0;
00000ADB : FFD8;
00000ADC : FFEF;
00000ADD : FFF5;
00000ADE : FFF3;
00000ADF : 0006;
00000AE0 : 0035;
00000AE1 : 000E;
00000AE2 : 0028;
00000AE3 : 000C;
00000AE4 : FFFC;
00000AE5 : 0013;
00000AE6 : FFF2;
00000AE7 : 003B;
00000AE8 : 0049;
00000AE9 : 001D;
00000AEA : 0081;
00000AEB : 0086;
00000AEC : 0054;
00000AED : 0044;
00000AEE : 0024;
00000AEF : 0047;
00000AF0 : 004C;
00000AF1 : 004A;
00000AF2 : 003F;
00000AF3 : 003E;
00000AF4 : 007D;
00000AF5 : 004F;
00000AF6 : 0004;
00000AF7 : 0080;
00000AF8 : 006A;
00000AF9 : 001F;
00000AFA : 003A;
00000AFB : 003A;
00000AFC : 0064;
00000AFD : 0065;
00000AFE : 0051;
00000AFF : 0081;
00000B00 : 0087;
00000B01 : 0032;
00000B02 : 007B;
00000B03 : 0090;
00000B04 : 0065;
00000B05 : 0040;
00000B06 : 0032;
00000B07 : 002A;
00000B08 : 001D;
00000B09 : 0021;
00000B0A : FFFF;
00000B0B : 000B;
00000B0C : 001B;
00000B0D : 004A;
00000B0E : 0033;
00000B0F : 0025;
00000B10 : 0037;
00000B11 : 003C;
00000B12 : 003F;
00000B13 : 003A;
00000B14 : 004C;
00000B15 : 002D;
00000B16 : 002D;
00000B17 : 0034;
00000B18 : 002B;
00000B19 : 0032;
00000B1A : 0046;
00000B1B : 004F;
00000B1C : 0078;
00000B1D : 006A;
00000B1E : 0060;
00000B1F : 0006;
00000B20 : 0018;
00000B21 : FFF9;
00000B22 : 0001;
00000B23 : 0022;
00000B24 : 0012;
00000B25 : 0057;
00000B26 : 0062;
00000B27 : 002D;
00000B28 : 0040;
00000B29 : 003D;
00000B2A : 0010;
00000B2B : 0030;
00000B2C : 001E;
00000B2D : 001C;
00000B2E : FFF6;
00000B2F : FFE4;
00000B30 : 000B;
00000B31 : 0011;
00000B32 : 000E;
00000B33 : FFE4;
00000B34 : FFE1;
00000B35 : FFC4;
00000B36 : FFAF;
00000B37 : FFB4;
00000B38 : FFC6;
00000B39 : FFDB;
00000B3A : FFA5;
00000B3B : FF4D;
00000B3C : FF95;
00000B3D : FFD4;
00000B3E : FFDB;
00000B3F : FFAF;
00000B40 : FF95;
00000B41 : FFB2;
00000B42 : FF91;
00000B43 : FFAB;
00000B44 : FFB3;
00000B45 : FFCD;
00000B46 : FF71;
00000B47 : FF66;
00000B48 : FF90;
00000B49 : FF55;
00000B4A : FF95;
00000B4B : FF38;
00000B4C : FF66;
00000B4D : FFA5;
00000B4E : FFBC;
00000B4F : FFD1;
00000B50 : FF91;
00000B51 : FFC1;
00000B52 : FFC2;
00000B53 : FFE2;
00000B54 : FFE2;
00000B55 : FFE1;
00000B56 : FFD8;
00000B57 : FFEF;
00000B58 : 0014;
00000B59 : 0016;
00000B5A : FFE2;
00000B5B : FFD9;
00000B5C : FFB1;
00000B5D : FFCA;
00000B5E : FFC4;
00000B5F : FFB5;
00000B60 : FF9F;
00000B61 : FF75;
00000B62 : FF72;
00000B63 : FF68;
00000B64 : FF5E;
00000B65 : FF4D;
00000B66 : FF73;
00000B67 : FF71;
00000B68 : FF65;
00000B69 : FF69;
00000B6A : FF7B;
00000B6B : FF76;
00000B6C : FF6B;
00000B6D : FF69;
00000B6E : FF6E;
00000B6F : FF7F;
00000B70 : FFB2;
00000B71 : FF8E;
00000B72 : FF91;
00000B73 : FF5F;
00000B74 : FF63;
00000B75 : FF91;
00000B76 : FFC7;
00000B77 : FFE6;
00000B78 : FF84;
00000B79 : FF70;
00000B7A : FF77;
00000B7B : FF68;
00000B7C : FFB8;
00000B7D : FFBC;
00000B7E : FFA9;
00000B7F : FF70;
00000B80 : FF42;
00000B81 : FF64;
00000B82 : FF70;
00000B83 : FF84;
00000B84 : FF92;
00000B85 : FF91;
00000B86 : FF91;
00000B87 : FFA4;
00000B88 : FFA6;
00000B89 : 0004;
00000B8A : 0012;
00000B8B : FFFD;
00000B8C : FFD5;
00000B8D : FF9B;
00000B8E : FFF3;
00000B8F : FFC6;
00000B90 : FFCB;
00000B91 : FFBD;
00000B92 : FFB7;
00000B93 : FFB8;
00000B94 : FFCC;
00000B95 : FFA0;
00000B96 : FFAA;
00000B97 : FFBF;
00000B98 : FF94;
00000B99 : FFB4;
00000B9A : FF88;
00000B9B : FFA6;
00000B9C : FF84;
00000B9D : FFAD;
00000B9E : FFC3;
00000B9F : FFA9;
00000BA0 : FFC6;
00000BA1 : FFA9;
00000BA2 : FFAC;
00000BA3 : FFBA;
00000BA4 : FFF6;
00000BA5 : 0033;
00000BA6 : 003B;
00000BA7 : 0059;
00000BA8 : 0052;
00000BA9 : 0032;
00000BAA : 002C;
00000BAB : FFEF;
00000BAC : 001F;
00000BAD : 0034;
00000BAE : 0038;
00000BAF : 003B;
00000BB0 : 0023;
00000BB1 : 0031;
00000BB2 : 0040;
00000BB3 : 0030;
00000BB4 : 0058;
00000BB5 : 0061;
00000BB6 : 0041;
00000BB7 : FFCE;
00000BB8 : FFC4;
00000BB9 : FFDD;
00000BBA : FFE2;
00000BBB : FFFF;
00000BBC : 0023;
00000BBD : FFBC;
00000BBE : FFB2;
00000BBF : FFFD;
00000BC0 : FF83;
00000BC1 : FFC8;
00000BC2 : FFF6;
00000BC3 : FFD3;
00000BC4 : FFF0;
00000BC5 : FFAE;
00000BC6 : FFC2;
00000BC7 : FFB0;
00000BC8 : FF0C;
00000BC9 : FF96;
00000BCA : FFF2;
00000BCB : 000A;
00000BCC : FFEB;
00000BCD : FF99;
00000BCE : FFAF;
00000BCF : FFC4;
00000BD0 : FFE8;
00000BD1 : FFA3;
00000BD2 : FF80;
00000BD3 : 0015;
00000BD4 : 001E;
00000BD5 : 0045;
00000BD6 : 0029;
00000BD7 : 0010;
00000BD8 : 0031;
00000BD9 : 0008;
00000BDA : 0052;
00000BDB : 001C;
00000BDC : 0041;
00000BDD : FFD5;
00000BDE : 0033;
00000BDF : 00FF;
00000BE0 : 0043;
00000BE1 : 007D;
00000BE2 : FF66;
00000BE3 : FF25;
00000BE4 : 006C;
00000BE5 : 00A0;
00000BE6 : 0065;
00000BE7 : 0025;
00000BE8 : FFAD;
00000BE9 : FF93;
00000BEA : 0061;
00000BEB : 0049;
00000BEC : FFD2;
00000BED : 009E;
00000BEE : FF3A;
00000BEF : FFEA;
00000BF0 : 0055;
00000BF1 : FFEF;
00000BF2 : 0029;
00000BF3 : FF99;
00000BF4 : FEE4;
00000BF5 : 0007;
00000BF6 : 0092;
00000BF7 : FFBF;
00000BF8 : FF6A;
00000BF9 : FF9B;
00000BFA : FFFB;
00000BFB : 005D;
00000BFC : FFEE;
00000BFD : FF09;
00000BFE : FFC4;
00000BFF : FF38;
00000C00 : FFCF;
00000C01 : FFC7;
00000C02 : FF83;
00000C03 : 001F;
00000C04 : FFA4;
00000C05 : FF51;
00000C06 : FF08;
00000C07 : FF7E;
00000C08 : FF95;
00000C09 : FFCE;
00000C0A : FF99;
00000C0B : FE75;
00000C0C : FF3B;
00000C0D : FF46;
00000C0E : FF7F;
00000C0F : FF7D;
00000C10 : FEFB;
00000C11 : FF55;
00000C12 : FF59;
00000C13 : FF64;
00000C14 : FF2A;
00000C15 : FF6C;
00000C16 : FFFC;
00000C17 : FFD4;
00000C18 : FF91;
00000C19 : FEA9;
00000C1A : FEE8;
00000C1B : 0033;
00000C1C : 00D7;
00000C1D : 0031;
00000C1E : FFF8;
00000C1F : FF35;
00000C20 : FF81;
00000C21 : FFE9;
00000C22 : FF54;
00000C23 : FF07;
00000C24 : FF98;
00000C25 : FFD8;
00000C26 : 0045;
00000C27 : FFAB;
00000C28 : FEAB;
00000C29 : FE8C;
00000C2A : FF32;
00000C2B : FF59;
00000C2C : FF80;
00000C2D : FF7A;
00000C2E : FFB0;
00000C2F : FF82;
00000C30 : FF84;
00000C31 : FF5A;
00000C32 : FF2B;
00000C33 : FF1E;
00000C34 : FF55;
00000C35 : FF69;
00000C36 : FF19;
00000C37 : FF43;
00000C38 : FEFB;
00000C39 : FED9;
00000C3A : FEEE;
00000C3B : FE98;
00000C3C : FE9A;
00000C3D : FEBB;
00000C3E : FEEB;
00000C3F : FF01;
00000C40 : FF1E;
00000C41 : FF0D;
00000C42 : FECD;
00000C43 : FEB7;
00000C44 : FF61;
00000C45 : FFC8;
00000C46 : FFB2;
00000C47 : 0025;
00000C48 : FFB4;
00000C49 : FFA9;
00000C4A : FFA5;
00000C4B : FFA0;
00000C4C : FFD6;
00000C4D : FFA6;
00000C4E : FF85;
00000C4F : FFB3;
00000C50 : FF98;
00000C51 : FF2B;
00000C52 : FF73;
00000C53 : FF63;
00000C54 : FF55;
00000C55 : FF8A;
00000C56 : FFB3;
00000C57 : FFAD;
00000C58 : FF9B;
00000C59 : FFC8;
00000C5A : FF16;
00000C5B : FEC3;
00000C5C : FEE5;
00000C5D : FF1C;
00000C5E : FF15;
00000C5F : FF85;
00000C60 : FF68;
00000C61 : FF21;
00000C62 : FEF6;
00000C63 : FEB8;
00000C64 : FEE9;
00000C65 : FF29;
00000C66 : FF43;
00000C67 : FFDA;
00000C68 : 0005;
00000C69 : 0022;
00000C6A : 0014;
00000C6B : FF7D;
00000C6C : FF89;
00000C6D : FF72;
00000C6E : FF31;
00000C6F : FF53;
00000C70 : FFA1;
00000C71 : 0007;
00000C72 : 0044;
00000C73 : 008D;
00000C74 : 0086;
00000C75 : 0055;
00000C76 : 006E;
00000C77 : 0048;
00000C78 : 0059;
00000C79 : 0082;
00000C7A : 0079;
00000C7B : 0072;
00000C7C : 006C;
00000C7D : 0055;
00000C7E : 0070;
00000C7F : 0050;
00000C80 : FFC3;
00000C81 : FF8F;
00000C82 : FF78;
00000C83 : FF72;
00000C84 : FF82;
00000C85 : FF76;
00000C86 : FFB8;
00000C87 : FFBF;
00000C88 : FFBE;
00000C89 : FFAE;
00000C8A : FF4D;
00000C8B : FF17;
00000C8C : FF3D;
00000C8D : FF7F;
00000C8E : FFA3;
00000C8F : FFAA;
00000C90 : FFE3;
00000C91 : FFD6;
00000C92 : FFBD;
00000C93 : FFDA;
00000C94 : FFFA;
00000C95 : FFFE;
00000C96 : 0032;
00000C97 : 0069;
00000C98 : 0030;
00000C99 : 001C;
00000C9A : 0075;
00000C9B : 0084;
00000C9C : 0075;
00000C9D : 002C;
00000C9E : 0045;
00000C9F : 0066;
00000CA0 : FFFF;
00000CA1 : FFF6;
00000CA2 : FFF8;
00000CA3 : FFBA;
00000CA4 : FFDE;
00000CA5 : 0044;
00000CA6 : 0066;
00000CA7 : 001A;
00000CA8 : FFBB;
00000CA9 : FFB8;
00000CAA : FF9E;
00000CAB : FF61;
00000CAC : FF5A;
00000CAD : FFA4;
00000CAE : FFC5;
00000CAF : FFE1;
00000CB0 : FFBC;
00000CB1 : FF5C;
00000CB2 : FF3F;
00000CB3 : FF38;
00000CB4 : FF07;
00000CB5 : FF57;
00000CB6 : FF9D;
00000CB7 : FFCE;
00000CB8 : 0000;
00000CB9 : FFC1;
00000CBA : FFA3;
00000CBB : FF8D;
00000CBC : FF71;
00000CBD : FF65;
00000CBE : FF83;
00000CBF : 0008;
00000CC0 : 0029;
00000CC1 : 0052;
00000CC2 : 0045;
00000CC3 : 000A;
00000CC4 : FFCB;
00000CC5 : FFB4;
00000CC6 : FFD6;
00000CC7 : 0011;
00000CC8 : 002A;
00000CC9 : 000E;
00000CCA : 0009;
00000CCB : FFEC;
00000CCC : FFDE;
00000CCD : FFC6;
00000CCE : FFF6;
00000CCF : 0034;
00000CD0 : 0035;
00000CD1 : 0010;
00000CD2 : 0000;
00000CD3 : 0004;
00000CD4 : 0015;
00000CD5 : 0005;
00000CD6 : 0000;
00000CD7 : 0017;
00000CD8 : 0036;
00000CD9 : FFE2;
00000CDA : FFD2;
00000CDB : FFC8;
00000CDC : FFD6;
00000CDD : FFD3;
00000CDE : FFE0;
00000CDF : FFF3;
00000CE0 : 0021;
00000CE1 : 0021;
00000CE2 : 0007;
00000CE3 : 0033;
00000CE4 : 0023;
00000CE5 : 0028;
00000CE6 : 0038;
00000CE7 : 0042;
00000CE8 : 0073;
00000CE9 : 005A;
00000CEA : 006E;
00000CEB : 0019;
00000CEC : FFC0;
00000CED : FFA8;
00000CEE : FF60;
00000CEF : FF92;
00000CF0 : FFC4;
00000CF1 : FFE7;
00000CF2 : FFD8;
00000CF3 : FFCA;
00000CF4 : FFE2;
00000CF5 : FFF3;
00000CF6 : 000E;
00000CF7 : 0035;
00000CF8 : 004E;
00000CF9 : 0061;
00000CFA : 0066;
00000CFB : 0034;
00000CFC : 0041;
00000CFD : 0071;
00000CFE : 006A;
00000CFF : 0069;
00000D00 : 006E;
00000D01 : 0041;
00000D02 : FFF1;
00000D03 : FFCF;
00000D04 : FFDE;
00000D05 : FFFD;
00000D06 : 0011;
00000D07 : 0015;
00000D08 : 0012;
00000D09 : 001E;
00000D0A : FFE1;
00000D0B : FFC6;
00000D0C : 0000;
00000D0D : 0028;
00000D0E : 0044;
00000D0F : 002A;
00000D10 : 0045;
00000D11 : 0075;
00000D12 : 003A;
00000D13 : 0038;
00000D14 : 0055;
00000D15 : 0062;
00000D16 : 005A;
00000D17 : 008B;
00000D18 : 0089;
00000D19 : 0057;
00000D1A : 0025;
00000D1B : 004A;
00000D1C : 003A;
00000D1D : 0054;
00000D1E : 005C;
00000D1F : 001D;
00000D20 : 0040;
00000D21 : 0029;
00000D22 : FFD7;
00000D23 : FFBA;
00000D24 : FFFC;
00000D25 : 0014;
00000D26 : 0029;
00000D27 : 002F;
00000D28 : 004F;
00000D29 : 0064;
00000D2A : 007A;
00000D2B : 007C;
00000D2C : 0097;
00000D2D : 0094;
00000D2E : 008D;
00000D2F : 00B0;
00000D30 : 009B;
00000D31 : 0092;
00000D32 : 00AC;
00000D33 : 009B;
00000D34 : 00AD;
00000D35 : 0044;
00000D36 : 0087;
00000D37 : 007E;
00000D38 : 006A;
00000D39 : 0070;
00000D3A : 0044;
00000D3B : 0058;
00000D3C : 0055;
00000D3D : 005E;
00000D3E : 0048;
00000D3F : 0045;
00000D40 : 0041;
00000D41 : 0062;
00000D42 : 0045;
00000D43 : 004F;
00000D44 : 0033;
00000D45 : 0026;
00000D46 : 002F;
00000D47 : 0019;
00000D48 : FFFA;
00000D49 : 0010;
00000D4A : 0007;
00000D4B : 001F;
00000D4C : FFF9;
00000D4D : FFC3;
00000D4E : FFE9;
00000D4F : 0002;
00000D50 : 001A;
00000D51 : 0017;
00000D52 : 003F;
00000D53 : 0036;
00000D54 : 0030;
00000D55 : 0032;
00000D56 : 001F;
00000D57 : 0000;
00000D58 : 001A;
00000D59 : 002E;
00000D5A : 0043;
00000D5B : 0067;
00000D5C : 004B;
00000D5D : 001D;
00000D5E : FFFF;
00000D5F : 0022;
00000D60 : 002F;
00000D61 : 0039;
00000D62 : 0037;
00000D63 : 0008;
00000D64 : FFF2;
00000D65 : FFEA;
00000D66 : FFB4;
00000D67 : FFCC;
00000D68 : FF98;
00000D69 : FF93;
00000D6A : FFBE;
00000D6B : FF95;
00000D6C : FF92;
00000D6D : FFA4;
00000D6E : FFB5;
00000D6F : FFB6;
00000D70 : FF97;
00000D71 : FFF6;
00000D72 : FFCE;
00000D73 : FF9F;
00000D74 : FFB3;
00000D75 : FFCD;
00000D76 : 0002;
00000D77 : FFED;
00000D78 : FFED;
00000D79 : FFC8;
00000D7A : FFAD;
00000D7B : 0005;
00000D7C : FFDB;
00000D7D : FFFE;
00000D7E : FFE7;
00000D7F : FFF3;
00000D80 : 000A;
00000D81 : FFE0;
00000D82 : 0000;
00000D83 : 0018;
00000D84 : 001D;
00000D85 : FFFB;
00000D86 : 001F;
00000D87 : 000A;
00000D88 : 0006;
00000D89 : 0012;
00000D8A : 004C;
00000D8B : FFF7;
00000D8C : 0005;
00000D8D : 0023;
00000D8E : FFF0;
00000D8F : FFFB;
00000D90 : FFD4;
00000D91 : FFB9;
00000D92 : FF99;
00000D93 : FF94;
00000D94 : FFBA;
00000D95 : FFC5;
00000D96 : FF9E;
00000D97 : FF8C;
00000D98 : FFB9;
00000D99 : FFD3;
00000D9A : FFDB;
00000D9B : FFE4;
00000D9C : FFD3;
00000D9D : FFDB;
00000D9E : FFDE;
00000D9F : FFB7;
00000DA0 : FFCE;
00000DA1 : FFDB;
00000DA2 : FFCC;
00000DA3 : FFC4;
00000DA4 : FFCD;
00000DA5 : FFA2;
00000DA6 : FFE2;
00000DA7 : FFE4;
00000DA8 : FFD8;
00000DA9 : FFC9;
00000DAA : FFA1;
00000DAB : FF96;
00000DAC : FFB1;
00000DAD : FF9B;
00000DAE : FFAF;
00000DAF : FFE6;
00000DB0 : FFF0;
00000DB1 : 0005;
00000DB2 : FFDB;
00000DB3 : 0010;
00000DB4 : 002A;
00000DB5 : 0047;
00000DB6 : 0040;
00000DB7 : 0043;
00000DB8 : 0058;
00000DB9 : 005C;
00000DBA : 005A;
00000DBB : 0068;
00000DBC : 0066;
00000DBD : 004A;
00000DBE : 0029;
00000DBF : 004C;
00000DC0 : 002C;
00000DC1 : 0048;
00000DC2 : 0013;
00000DC3 : 002F;
00000DC4 : 005D;
00000DC5 : 003F;
00000DC6 : 0043;
00000DC7 : 002B;
00000DC8 : 0038;
00000DC9 : 0018;
00000DCA : 001E;
00000DCB : 003F;
00000DCC : 002D;
00000DCD : 007A;
00000DCE : 0049;
00000DCF : 0041;
00000DD0 : 0033;
00000DD1 : 005A;
00000DD2 : 0025;
00000DD3 : FFF5;
00000DD4 : 0014;
00000DD5 : 0029;
00000DD6 : 0015;
00000DD7 : 003A;
00000DD8 : 0026;
00000DD9 : 006E;
00000DDA : 0070;
00000DDB : 006E;
00000DDC : 0080;
00000DDD : 00AD;
00000DDE : 0098;
00000DDF : 0070;
00000DE0 : 0007;
00000DE1 : FFA6;
00000DE2 : FFE2;
00000DE3 : FFEC;
00000DE4 : 0001;
00000DE5 : FFE9;
00000DE6 : FFF3;
00000DE7 : 0013;
00000DE8 : FFF1;
00000DE9 : FFDE;
00000DEA : FFE6;
00000DEB : FFF1;
00000DEC : 0002;
00000DED : FFED;
00000DEE : 0004;
00000DEF : 0026;
00000DF0 : FFE2;
00000DF1 : FFD2;
00000DF2 : 0007;
00000DF3 : 001B;
00000DF4 : FFEF;
00000DF5 : FFD0;
00000DF6 : FFDD;
00000DF7 : FFD5;
00000DF8 : FFC3;
00000DF9 : FF98;
00000DFA : FF7C;
00000DFB : FF92;
00000DFC : FFBE;
00000DFD : FFB6;
00000DFE : FFF7;
00000DFF : FFED;
00000E00 : 0013;
00000E01 : 0023;
00000E02 : FFDA;
00000E03 : 0005;
00000E04 : FFA7;
00000E05 : FF80;
00000E06 : FF9E;
00000E07 : FFC2;
00000E08 : FFAB;
00000E09 : FFE3;
00000E0A : FFE9;
00000E0B : FFAE;
00000E0C : FFC7;
00000E0D : FFBF;
00000E0E : FFB7;
00000E0F : FFAC;
00000E10 : FFCD;
00000E11 : FFDC;
00000E12 : FFEF;
00000E13 : FFD8;
00000E14 : FFD5;
00000E15 : FFD5;
00000E16 : FFAE;
00000E17 : FFA7;
00000E18 : FF9C;
00000E19 : FFB6;
00000E1A : FFCD;
00000E1B : FFBB;
00000E1C : FFD4;
00000E1D : FFF2;
00000E1E : FFDE;
00000E1F : FF78;
00000E20 : FF7F;
00000E21 : FFA3;
00000E22 : FF9A;
00000E23 : FF8B;
00000E24 : FF97;
00000E25 : FFA6;
00000E26 : FF9D;
00000E27 : FFB1;
00000E28 : FFB7;
00000E29 : FFDD;
00000E2A : FFF3;
00000E2B : FFBF;
00000E2C : FFD8;
00000E2D : FFE1;
00000E2E : FFAD;
00000E2F : FF89;
00000E30 : FFD0;
00000E31 : FF88;
00000E32 : FF6C;
00000E33 : FF74;
00000E34 : FF82;
00000E35 : FF69;
00000E36 : FF64;
00000E37 : FF79;
00000E38 : FF77;
00000E39 : FF5B;
00000E3A : FF52;
00000E3B : FF71;
00000E3C : FF6E;
00000E3D : FF61;
00000E3E : FF52;
00000E3F : FF37;
00000E40 : FF71;
00000E41 : FF70;
00000E42 : FF83;
00000E43 : FF88;
00000E44 : FF73;
00000E45 : FF9C;
00000E46 : FFF3;
00000E47 : FFDF;
00000E48 : FFB6;
00000E49 : FF8D;
00000E4A : FF6A;
00000E4B : FF48;
00000E4C : FF41;
00000E4D : FF79;
00000E4E : FF59;
00000E4F : FF34;
00000E50 : FF4B;
00000E51 : FF5B;
00000E52 : FF4B;
00000E53 : FF55;
00000E54 : FF58;
00000E55 : FF2E;
00000E56 : FEFF;
00000E57 : FF16;
00000E58 : FEFF;
00000E59 : FF1E;
00000E5A : FF2A;
00000E5B : FF55;
00000E5C : FF44;
00000E5D : FF3A;
00000E5E : FF4A;
00000E5F : FF0B;
00000E60 : FF05;
00000E61 : FF18;
00000E62 : FF36;
00000E63 : FF21;
00000E64 : FF4E;
00000E65 : FF1B;
00000E66 : FF0D;
00000E67 : FF45;
00000E68 : FF2D;
00000E69 : FF56;
00000E6A : FF89;
00000E6B : FF8F;
00000E6C : FF8D;
00000E6D : FFB8;
00000E6E : FFAC;
00000E6F : FF8F;
00000E70 : FF8C;
00000E71 : FFB6;
00000E72 : FFA7;
00000E73 : FFA5;
00000E74 : FFB3;
00000E75 : FF70;
00000E76 : FF6B;
00000E77 : FF9F;
00000E78 : FF9C;
00000E79 : FFB8;
00000E7A : FF75;
00000E7B : FFC0;
00000E7C : FFC5;
00000E7D : FFD1;
00000E7E : FFF5;
00000E7F : FFF1;
00000E80 : FFD7;
00000E81 : FFCD;
00000E82 : FFF6;
00000E83 : FFE6;
00000E84 : FFFF;
00000E85 : FFD5;
00000E86 : FFDA;
00000E87 : FFD4;
00000E88 : FFE7;
00000E89 : FFEF;
00000E8A : 0001;
00000E8B : FFEF;
00000E8C : FFBA;
00000E8D : FFD3;
00000E8E : FFC6;
00000E8F : FFF9;
00000E90 : 0020;
00000E91 : 000E;
00000E92 : 0035;
00000E93 : FFFC;
00000E94 : FFFB;
00000E95 : 0003;
00000E96 : 000B;
00000E97 : 0024;
00000E98 : 002B;
00000E99 : 0000;
00000E9A : FFE8;
00000E9B : FFFA;
00000E9C : 0013;
00000E9D : 0020;
00000E9E : FFFF;
00000E9F : FFFC;
00000EA0 : FFD3;
00000EA1 : FFEA;
00000EA2 : 0004;
00000EA3 : FFF5;
00000EA4 : FFD2;
00000EA5 : FFF0;
00000EA6 : FFBB;
00000EA7 : FFC1;
00000EA8 : FFE9;
00000EA9 : FFF8;
00000EAA : FFF5;
00000EAB : FFDE;
00000EAC : FFF0;
00000EAD : FFF8;
00000EAE : FFDB;
00000EAF : FFEA;
00000EB0 : 0015;
00000EB1 : 0032;
00000EB2 : FFF3;
00000EB3 : 0021;
00000EB4 : FFF6;
00000EB5 : FFFB;
00000EB6 : 0008;
00000EB7 : FFEE;
00000EB8 : 0027;
00000EB9 : 0040;
00000EBA : 0038;
00000EBB : 001E;
00000EBC : 0027;
00000EBD : 001B;
00000EBE : 0024;
00000EBF : 0027;
00000EC0 : FFE5;
00000EC1 : 0012;
00000EC2 : 0099;
00000EC3 : 007E;
00000EC4 : 008D;
00000EC5 : 007F;
00000EC6 : 00A5;
00000EC7 : 0022;
00000EC8 : 0059;
00000EC9 : 002F;
00000ECA : 0036;
00000ECB : 004A;
00000ECC : 004D;
00000ECD : 001F;
00000ECE : 0008;
00000ECF : 0054;
00000ED0 : 0044;
00000ED1 : 0055;
00000ED2 : 004B;
00000ED3 : 001B;
00000ED4 : 0010;
00000ED5 : FFE7;
00000ED6 : FFF8;
00000ED7 : FFF8;
00000ED8 : 0010;
00000ED9 : FFFF;
00000EDA : 000E;
00000EDB : FFC4;
00000EDC : FFBB;
00000EDD : FFDD;
00000EDE : FFDE;
00000EDF : FFC7;
00000EE0 : FFEE;
00000EE1 : FFFE;
00000EE2 : FFE2;
00000EE3 : FFC3;
00000EE4 : FFF5;
00000EE5 : FFC9;
00000EE6 : FFB8;
00000EE7 : FFCF;
00000EE8 : FFA8;
00000EE9 : FF97;
00000EEA : FFAB;
00000EEB : FFCA;
00000EEC : FFE6;
00000EED : FF90;
00000EEE : FFB2;
00000EEF : FFD9;
00000EF0 : FF85;
00000EF1 : FF7C;
00000EF2 : FF98;
00000EF3 : FF94;
00000EF4 : FF94;
00000EF5 : FF90;
00000EF6 : FF9A;
00000EF7 : FF8A;
00000EF8 : FF87;
00000EF9 : FF98;
00000EFA : FF9B;
00000EFB : FF96;
00000EFC : FF72;
00000EFD : FFC1;
00000EFE : FFB3;
00000EFF : FF89;
00000F00 : FF7E;
00000F01 : FF9B;
00000F02 : FF91;
00000F03 : FF59;
00000F04 : FF6F;
00000F05 : FF73;
00000F06 : FF7B;
00000F07 : FF7D;
00000F08 : FF9E;
00000F09 : FF74;
00000F0A : FFD0;
00000F0B : FF76;
00000F0C : FF2F;
00000F0D : FF57;
00000F0E : FF8E;
00000F0F : FF6C;
00000F10 : FF58;
00000F11 : FF6F;
00000F12 : FF8B;
00000F13 : FF8F;
00000F14 : FF97;
00000F15 : FFA0;
00000F16 : FF9C;
00000F17 : FF94;
00000F18 : FF99;
00000F19 : FF77;
00000F1A : FF6C;
00000F1B : FF6C;
00000F1C : FF70;
00000F1D : FF77;
00000F1E : FF69;
00000F1F : FF6E;
00000F20 : FF40;
00000F21 : FF66;
00000F22 : FF8D;
00000F23 : FFBD;
00000F24 : FFA6;
00000F25 : FFAE;
00000F26 : FFD6;
00000F27 : FFC4;
00000F28 : FFD1;
00000F29 : FFBC;
00000F2A : 0021;
00000F2B : 0014;
00000F2C : FFE7;
00000F2D : FFF0;
00000F2E : FFE2;
00000F2F : 0015;
00000F30 : 0019;
00000F31 : 0017;
00000F32 : FFE7;
00000F33 : FFF9;
00000F34 : 000D;
00000F35 : 000B;
00000F36 : FFF3;
00000F37 : FFF7;
00000F38 : 0008;
00000F39 : FFF4;
00000F3A : 0005;
00000F3B : FFC5;
00000F3C : 0027;
00000F3D : 0001;
00000F3E : 000B;
00000F3F : 0003;
00000F40 : 002F;
00000F41 : 0038;
00000F42 : 004C;
00000F43 : 0040;
00000F44 : 000A;
00000F45 : FFF6;
00000F46 : 0019;
00000F47 : 004D;
00000F48 : 0041;
00000F49 : 005D;
00000F4A : 0039;
00000F4B : 0042;
00000F4C : 0044;
00000F4D : 0032;
00000F4E : 0007;
00000F4F : 001F;
00000F50 : 0016;
00000F51 : 0013;
00000F52 : 0015;
00000F53 : 0054;
00000F54 : 004C;
00000F55 : 000E;
00000F56 : 002B;
00000F57 : 0014;
00000F58 : FFF7;
00000F59 : FFF3;
00000F5A : FFF1;
00000F5B : 0025;
00000F5C : 0025;
00000F5D : FFF9;
00000F5E : FFDC;
00000F5F : FFD5;
00000F60 : 0019;
00000F61 : 000E;
00000F62 : FFEF;
00000F63 : FFD8;
00000F64 : 0010;
00000F65 : 0012;
00000F66 : 000B;
00000F67 : 0016;
00000F68 : 0002;
00000F69 : 0009;
00000F6A : 0005;
00000F6B : FFCA;
00000F6C : FF9F;
00000F6D : FFBE;
00000F6E : FF92;
00000F6F : FF9B;
00000F70 : FFC1;
00000F71 : FFBF;
00000F72 : FFBE;
00000F73 : FF9D;
00000F74 : FFBC;
00000F75 : FFF7;
00000F76 : FFDB;
00000F77 : FFC5;
00000F78 : FFFA;
00000F79 : FFDD;
00000F7A : FFE1;
00000F7B : FFA5;
00000F7C : FFDB;
00000F7D : FFC0;
00000F7E : FFBC;
00000F7F : FFC0;
00000F80 : FFEC;
00000F81 : FFE6;
00000F82 : FFC3;
00000F83 : FFDB;
00000F84 : 000D;
00000F85 : FFF8;
00000F86 : FFA9;
00000F87 : FFA5;
00000F88 : FF96;
00000F89 : FFC7;
00000F8A : FFB2;
00000F8B : FFDB;
00000F8C : FFFF;
00000F8D : FFD3;
00000F8E : FFF5;
00000F8F : FFC6;
00000F90 : FFDD;
00000F91 : FFE1;
00000F92 : FFA1;
00000F93 : FFB7;
00000F94 : FFBF;
00000F95 : FFD8;
00000F96 : FFEA;
00000F97 : FFED;
00000F98 : FFED;
00000F99 : 0014;
00000F9A : 000A;
00000F9B : 0012;
00000F9C : 0009;
00000F9D : 0014;
00000F9E : FFF6;
00000F9F : 0021;
00000FA0 : 0023;
00000FA1 : FFEC;
00000FA2 : FFE8;
00000FA3 : FFDD;
00000FA4 : FFD4;
00000FA5 : FFC4;
00000FA6 : FFEE;
00000FA7 : FFD7;
00000FA8 : FFED;
00000FA9 : 0013;
00000FAA : FFFF;
00000FAB : FFEF;
00000FAC : FFD3;
00000FAD : FFDA;
00000FAE : FFAE;
00000FAF : FFD0;
00000FB0 : FFB8;
00000FB1 : FFAB;
00000FB2 : FFB1;
00000FB3 : FFC0;
00000FB4 : FFDC;
00000FB5 : FFCC;
00000FB6 : FFB3;
00000FB7 : FFB7;
00000FB8 : FFBC;
00000FB9 : FFDE;
00000FBA : FFB4;
00000FBB : FFFA;
00000FBC : FFED;
00000FBD : FFE5;
00000FBE : FFB3;
00000FBF : FFBC;
00000FC0 : 0002;
00000FC1 : FFED;
00000FC2 : 0010;
00000FC3 : 0018;
00000FC4 : FFF4;
00000FC5 : FFC4;
00000FC6 : FFBA;
00000FC7 : FF9D;
00000FC8 : FFBD;
00000FC9 : FFC3;
00000FCA : FFCC;
00000FCB : FFEA;
00000FCC : FFC7;
00000FCD : FFB8;
00000FCE : FFCB;
00000FCF : FFF2;
00000FD0 : FFD9;
00000FD1 : FFF5;
00000FD2 : 0000;
00000FD3 : FFF1;
00000FD4 : 001C;
00000FD5 : FFFC;
00000FD6 : 001F;
00000FD7 : 002B;
00000FD8 : 002E;
00000FD9 : 0011;
00000FDA : 0016;
00000FDB : 003C;
00000FDC : 0032;
00000FDD : 0002;
00000FDE : FFF9;
00000FDF : 0027;
00000FE0 : 000C;
00000FE1 : 001D;
00000FE2 : 0013;
00000FE3 : 000A;
00000FE4 : 0024;
00000FE5 : FFFF;
00000FE6 : 001E;
00000FE7 : FFE5;
00000FE8 : 0001;
00000FE9 : FFED;
00000FEA : 0008;
00000FEB : 0027;
00000FEC : 0025;
00000FED : 003A;
00000FEE : 0018;
00000FEF : 0024;
00000FF0 : 0036;
00000FF1 : 0013;
00000FF2 : FFFC;
00000FF3 : 0025;
00000FF4 : 0027;
00000FF5 : 0019;
00000FF6 : 000A;
00000FF7 : 0023;
00000FF8 : 000F;
00000FF9 : FFC5;
00000FFA : 0002;
00000FFB : FFF1;
00000FFC : FFD3;
00000FFD : 0000;
00000FFE : 002B;
00000FFF : 0030;
00001000 : 0034;
00001001 : 0056;
00001002 : 0078;
00001003 : 0078;
00001004 : 006C;
00001005 : 0094;
00001006 : 00BE;
00001007 : 009C;
00001008 : 00A8;
00001009 : 00A1;
0000100A : 006B;
0000100B : 0071;
0000100C : 00A0;
0000100D : 00C3;
0000100E : 00CB;
0000100F : 00B2;
00001010 : 00A0;
00001011 : 0079;
00001012 : 007F;
00001013 : 00A2;
00001014 : 0082;
00001015 : 0081;
00001016 : 0057;
00001017 : 005A;
00001018 : 005B;
00001019 : 0043;
0000101A : 0007;
0000101B : FFF8;
0000101C : 0034;
0000101D : 0066;
0000101E : 0078;
0000101F : 004E;
00001020 : 0059;
00001021 : 0049;
00001022 : 0031;
00001023 : 004B;
00001024 : 007B;
00001025 : 0050;
00001026 : 005F;
00001027 : 006A;
00001028 : 0062;
00001029 : 0097;
0000102A : 0095;
0000102B : 009C;
0000102C : 00BE;
0000102D : 00D3;
0000102E : 00C1;
0000102F : 0092;
00001030 : 00BD;
00001031 : 0075;
00001032 : 009C;
00001033 : 007D;
00001034 : 008E;
00001035 : 0070;
00001036 : 0091;
00001037 : 00A9;
00001038 : 00A0;
00001039 : 00B9;
0000103A : 00AA;
0000103B : 00AD;
0000103C : 00A1;
0000103D : 00B7;
0000103E : 009F;
0000103F : 007F;
00001040 : 0066;
00001041 : 007F;
00001042 : 0083;
00001043 : 0091;
00001044 : 007E;
00001045 : 0095;
00001046 : 005C;
00001047 : 0034;
00001048 : 007C;
00001049 : 0058;
0000104A : 0049;
0000104B : 004F;
0000104C : 0064;
0000104D : 006D;
0000104E : 007F;
0000104F : 0078;
00001050 : 0056;
00001051 : 006A;
00001052 : 0063;
00001053 : 0070;
00001054 : 006C;
00001055 : 0078;
00001056 : 0060;
00001057 : 005F;
00001058 : 003D;
00001059 : 0070;
0000105A : 0079;
0000105B : 0081;
0000105C : 0079;
0000105D : 006E;
0000105E : 006F;
0000105F : 0079;
00001060 : 0063;
00001061 : 0059;
00001062 : 0082;
00001063 : 0078;
00001064 : 005C;
00001065 : 006C;
00001066 : 007C;
00001067 : 006B;
00001068 : 008D;
00001069 : 0052;
0000106A : 004C;
0000106B : 0082;
0000106C : 006A;
0000106D : 0080;
0000106E : 0067;
0000106F : 002F;
00001070 : 004E;
00001071 : 0048;
00001072 : 0054;
00001073 : 004B;
00001074 : 004C;
00001075 : 0020;
00001076 : 0036;
00001077 : 0051;
00001078 : 0034;
00001079 : 0054;
0000107A : 004A;
0000107B : 004C;
0000107C : 0008;
0000107D : 003E;
0000107E : FFF2;
0000107F : FFFF;
00001080 : 002D;
00001081 : 001F;
00001082 : 0018;
00001083 : 0013;
00001084 : 0016;
00001085 : 002F;
00001086 : 0029;
00001087 : 0013;
00001088 : FFF7;
00001089 : 002F;
0000108A : 000E;
0000108B : 002E;
0000108C : 003B;
0000108D : 0034;
0000108E : 004C;
0000108F : 002F;
00001090 : 0047;
00001091 : 005D;
00001092 : 0077;
00001093 : 0058;
00001094 : 003B;
00001095 : 003C;
00001096 : 005F;
00001097 : 0052;
00001098 : 0050;
00001099 : 0055;
0000109A : 0059;
0000109B : 0070;
0000109C : 007D;
0000109D : 0089;
0000109E : 0077;
0000109F : 008B;
000010A0 : 00B6;
000010A1 : 0076;
000010A2 : 0032;
000010A3 : 0003;
000010A4 : 001E;
000010A5 : 0035;
000010A6 : 0026;
000010A7 : 0039;
000010A8 : 003E;
000010A9 : 0065;
000010AA : 004E;
000010AB : 0032;
000010AC : 003F;
000010AD : 0047;
000010AE : 003F;
000010AF : 0060;
000010B0 : 003C;
000010B1 : 0048;
000010B2 : 0042;
000010B3 : 004F;
000010B4 : 005F;
000010B5 : 004C;
000010B6 : 0068;
000010B7 : 005A;
000010B8 : 0067;
000010B9 : 006D;
000010BA : 0052;
000010BB : 0051;
000010BC : 003D;
000010BD : 002A;
000010BE : FFF7;
000010BF : 0011;
000010C0 : 004D;
000010C1 : 005D;
000010C2 : 0049;
000010C3 : 002A;
000010C4 : 002E;
000010C5 : FFD0;
000010C6 : FFDB;
000010C7 : 0000;
000010C8 : FFF5;
000010C9 : 002B;
000010CA : 0015;
000010CB : 0025;
000010CC : 004F;
000010CD : 0036;
000010CE : 0032;
000010CF : 002D;
000010D0 : 0038;
000010D1 : 0013;
000010D2 : FFD3;
000010D3 : FFDE;
000010D4 : 002C;
000010D5 : 001B;
000010D6 : 0015;
000010D7 : 0010;
000010D8 : 0026;
000010D9 : 0025;
000010DA : 0023;
000010DB : 001B;
000010DC : 0026;
000010DD : 0035;
000010DE : 0055;
000010DF : 0024;
000010E0 : 001B;
000010E1 : 0047;
000010E2 : 0035;
000010E3 : 003B;
000010E4 : 0004;
000010E5 : 0033;
000010E6 : 0034;
000010E7 : 0022;
000010E8 : 001C;
000010E9 : 0019;
000010EA : 0033;
000010EB : 0021;
000010EC : 002C;
000010ED : 0012;
000010EE : 0025;
000010EF : 0037;
000010F0 : 0017;
000010F1 : 0020;
000010F2 : 0051;
000010F3 : 003E;
000010F4 : 001F;
000010F5 : 002E;
000010F6 : 0035;
000010F7 : 0025;
000010F8 : 0041;
000010F9 : FFEB;
000010FA : 0013;
000010FB : 003A;
000010FC : 002B;
000010FD : 0034;
000010FE : 002F;
000010FF : 001E;
00001100 : 0036;
00001101 : 0038;
00001102 : 0037;
00001103 : 003C;
00001104 : 0033;
00001105 : 0021;
00001106 : 0021;
00001107 : 0050;
00001108 : 0043;
00001109 : 0008;
0000110A : FFF3;
0000110B : 0025;
0000110C : 001A;
0000110D : 0021;
0000110E : 0030;
0000110F : 0030;
00001110 : 001A;
00001111 : 001D;
00001112 : 004C;
00001113 : 0014;
00001114 : 0051;
00001115 : 0028;
00001116 : 0015;
00001117 : 0020;
00001118 : 002B;
00001119 : 002B;
0000111A : 003F;
0000111B : 002B;
0000111C : 0007;
0000111D : 004A;
0000111E : 0037;
0000111F : 0023;
00001120 : 0040;
00001121 : 0036;
00001122 : 0020;
00001123 : 0021;
00001124 : 0009;
00001125 : 0025;
00001126 : 0015;
00001127 : 001D;
00001128 : 0067;
00001129 : 001D;
0000112A : 003D;
0000112B : 002D;
0000112C : 0046;
0000112D : 0058;
0000112E : 000D;
0000112F : FFED;
00001130 : FFAC;
00001131 : FFCB;
00001132 : FFF9;
00001133 : FFF4;
00001134 : 000B;
00001135 : 0006;
00001136 : 0006;
00001137 : FFF0;
00001138 : 0009;
00001139 : FFE2;
0000113A : 0001;
0000113B : FFF5;
0000113C : FFDE;
0000113D : FFDA;
0000113E : 000C;
0000113F : FFF5;
00001140 : FFF9;
00001141 : FFF8;
00001142 : FFEE;
00001143 : FFE9;
00001144 : FFF9;
00001145 : FFFA;
00001146 : FFCC;
00001147 : 0001;
00001148 : FFFF;
00001149 : 0004;
0000114A : 0022;
0000114B : 0018;
0000114C : 003A;
0000114D : 0019;
0000114E : 0024;
0000114F : FFF5;
00001150 : FFFB;
00001151 : 002C;
00001152 : 002B;
00001153 : 0037;
00001154 : 001A;
00001155 : 0016;
00001156 : 001C;
00001157 : 002A;
00001158 : 0021;
00001159 : 0009;
0000115A : FFFA;
0000115B : FFC5;
0000115C : FFFD;
0000115D : FFF9;
0000115E : 0025;
0000115F : 0042;
00001160 : 0026;
00001161 : 000F;
00001162 : 0049;
00001163 : 0010;
00001164 : 0004;
00001165 : FFEE;
00001166 : FFE6;
00001167 : 0015;
00001168 : 000F;
00001169 : 000E;
0000116A : 000A;
0000116B : FFE5;
0000116C : FFED;
0000116D : FFF5;
0000116E : FFE8;
0000116F : FFEB;
00001170 : FFD6;
00001171 : FFF3;
00001172 : FFED;
00001173 : FFF5;
00001174 : FFF9;
00001175 : 001A;
00001176 : 0005;
00001177 : FFEA;
00001178 : 0002;
00001179 : FFEC;
0000117A : 0023;
0000117B : 0023;
0000117C : 0000;
0000117D : 0021;
0000117E : 0017;
0000117F : FFDE;
00001180 : 0004;
00001181 : 0009;
00001182 : 002D;
00001183 : 001B;
00001184 : 0035;
00001185 : 0044;
00001186 : 0004;
00001187 : 000B;
00001188 : 000C;
00001189 : FFDB;
0000118A : FFF5;
0000118B : 001A;
0000118C : 0029;
0000118D : 002A;
0000118E : FFEF;
0000118F : 000D;
00001190 : 0030;
00001191 : 0041;
00001192 : 002E;
00001193 : 0023;
00001194 : 0026;
00001195 : 001C;
00001196 : 0009;
00001197 : FFF6;
00001198 : FFEC;
00001199 : FFFF;
0000119A : 0049;
0000119B : 001F;
0000119C : 0013;
0000119D : 003D;
0000119E : 0018;
0000119F : 0028;
000011A0 : 000C;
000011A1 : 0037;
000011A2 : 0035;
000011A3 : 0033;
000011A4 : FFE8;
000011A5 : FFE8;
000011A6 : 0052;
000011A7 : 002A;
000011A8 : 002D;
000011A9 : 0012;
000011AA : 0052;
000011AB : 0058;
000011AC : 0028;
000011AD : 005C;
000011AE : 0059;
000011AF : 0046;
000011B0 : 0057;
000011B1 : 0016;
000011B2 : 002E;
000011B3 : 0047;
000011B4 : 0030;
000011B5 : 0014;
000011B6 : 0007;
000011B7 : 000B;
000011B8 : 003C;
000011B9 : 0033;
000011BA : 004F;
000011BB : FFF4;
000011BC : FFFB;
000011BD : FFFD;
000011BE : FFF2;
000011BF : FFFC;
000011C0 : FFF6;
000011C1 : FFE8;
000011C2 : 0038;
000011C3 : 0053;
000011C4 : FFD3;
000011C5 : 002A;
000011C6 : 0023;
000011C7 : FFFE;
000011C8 : 0021;
000011C9 : 0026;
000011CA : 000F;
000011CB : FFE7;
000011CC : FFFC;
000011CD : 002A;
000011CE : 0031;
000011CF : FFFD;
000011D0 : FFEF;
000011D1 : 0009;
000011D2 : 0016;
000011D3 : 0045;
000011D4 : 003D;
000011D5 : 0034;
000011D6 : 0004;
000011D7 : 0005;
000011D8 : 0000;
000011D9 : 0025;
000011DA : 001E;
000011DB : 000C;
000011DC : 002F;
000011DD : 001A;
000011DE : 0024;
000011DF : 001F;
000011E0 : 0013;
000011E1 : 0007;
000011E2 : FFFE;
000011E3 : 0002;
000011E4 : 0009;
000011E5 : FFCC;
000011E6 : FFF1;
000011E7 : FFBB;
000011E8 : FFCD;
000011E9 : 0003;
000011EA : FFFC;
000011EB : 0005;
000011EC : FFEC;
000011ED : 0015;
000011EE : 000D;
000011EF : 0025;
000011F0 : 0011;
000011F1 : FFF0;
000011F2 : FFEB;
000011F3 : 0015;
000011F4 : 002C;
000011F5 : 0016;
000011F6 : 003D;
000011F7 : 003A;
000011F8 : 0021;
000011F9 : FFDF;
000011FA : FFD8;
000011FB : 001C;
000011FC : FFFB;
000011FD : 000A;
000011FE : 000D;
000011FF : FFF6;
00001200 : 000F;
00001201 : 000C;
00001202 : 001F;
00001203 : 005E;
00001204 : 0020;
00001205 : 0026;
00001206 : 0022;
00001207 : 0031;
00001208 : 0021;
00001209 : 001D;
0000120A : FFD3;
0000120B : FFF7;
0000120C : 0023;
0000120D : FFC1;
0000120E : FFA0;
0000120F : FFA6;
00001210 : FFAF;
00001211 : FFAD;
00001212 : FFA7;
00001213 : FFF4;
00001214 : 0028;
00001215 : 0012;
00001216 : 0046;
00001217 : 0089;
00001218 : 0044;
00001219 : 0052;
0000121A : FFEC;
0000121B : FFD2;
0000121C : 0009;
0000121D : FFFA;
0000121E : 0000;
0000121F : 0007;
00001220 : FFC2;
00001221 : FFC5;
00001222 : FFC5;
00001223 : FF9C;
00001224 : FFB8;
00001225 : FFBF;
00001226 : FFC3;
00001227 : FFF6;
00001228 : FFFD;
00001229 : 0019;
0000122A : 0009;
0000122B : FFE5;
0000122C : FFC9;
0000122D : 0025;
0000122E : FFF3;
0000122F : FFC8;
00001230 : 0014;
00001231 : FFDB;
00001232 : FFC8;
00001233 : FFEE;
00001234 : FFE4;
00001235 : 0020;
00001236 : 0054;
00001237 : 0089;
00001238 : 0066;
00001239 : 005C;
0000123A : 0086;
0000123B : 0075;
0000123C : 0062;
0000123D : 0066;
0000123E : 0060;
0000123F : 008E;
00001240 : 008C;
00001241 : 0084;
00001242 : 008E;
00001243 : 00B8;
00001244 : 008A;
00001245 : 00A3;
00001246 : 0063;
00001247 : 00A4;
00001248 : 009B;
00001249 : 007C;
0000124A : 0097;
0000124B : 008E;
0000124C : 00B2;
0000124D : 0082;
0000124E : 005E;
0000124F : 006E;
00001250 : 0063;
00001251 : 00A8;
00001252 : 009A;
00001253 : 0092;
00001254 : 00B3;
00001255 : 00AD;
00001256 : 00A1;
00001257 : 009A;
00001258 : 0054;
00001259 : 0050;
0000125A : 008A;
0000125B : 0085;
0000125C : 0070;
0000125D : 006C;
0000125E : 0076;
0000125F : 008C;
00001260 : 0084;
00001261 : 00AE;
00001262 : 00BD;
00001263 : 00CA;
00001264 : 0048;
00001265 : 0074;
00001266 : 0073;
00001267 : FFE4;
00001268 : 0055;
00001269 : 006A;
0000126A : 0090;
0000126B : 0082;
0000126C : 0048;
0000126D : 0041;
0000126E : 005B;
0000126F : 0087;
00001270 : 0052;
00001271 : 0060;
00001272 : 0063;
00001273 : 002D;
00001274 : 0049;
00001275 : 006B;
00001276 : 003C;
00001277 : 0013;
00001278 : 0061;
00001279 : 005F;
0000127A : 0042;
0000127B : 0032;
0000127C : 004C;
0000127D : 003F;
0000127E : 0046;
0000127F : 005E;
00001280 : 006A;
00001281 : 0078;
00001282 : 006D;
00001283 : 0044;
00001284 : 002F;
00001285 : 005F;
00001286 : 0046;
00001287 : 0031;
00001288 : 004A;
00001289 : 000D;
0000128A : 0007;
0000128B : FFF9;
0000128C : 0026;
0000128D : 003F;
0000128E : 0027;
0000128F : 0029;
00001290 : 003A;
00001291 : 000A;
00001292 : 0034;
00001293 : 0042;
00001294 : 0029;
00001295 : 0028;
00001296 : 0024;
00001297 : 0023;
00001298 : 0024;
00001299 : 003F;
0000129A : 0059;
0000129B : 004F;
0000129C : 0031;
0000129D : 0021;
0000129E : 0022;
0000129F : 0027;
000012A0 : 0022;
000012A1 : 0038;
000012A2 : 003A;
000012A3 : FFFB;
000012A4 : 0009;
000012A5 : 0024;
000012A6 : FFF8;
000012A7 : FFE6;
000012A8 : 0017;
000012A9 : 002A;
000012AA : 0015;
000012AB : 001F;
000012AC : 000B;
000012AD : FFF2;
000012AE : 001E;
000012AF : 001E;
000012B0 : 0029;
000012B1 : 0049;
000012B2 : 005A;
000012B3 : 0007;
000012B4 : 001B;
000012B5 : 0033;
000012B6 : 0048;
000012B7 : 0049;
000012B8 : 005C;
000012B9 : 0041;
000012BA : 0069;
000012BB : 005B;
000012BC : 0026;
000012BD : 004A;
000012BE : 0027;
000012BF : 0012;
000012C0 : 000C;
000012C1 : 0000;
000012C2 : FFFE;
000012C3 : FFFC;
000012C4 : FFE2;
000012C5 : FFEF;
000012C6 : FFD5;
000012C7 : 001E;
000012C8 : 0006;
000012C9 : FFEC;
000012CA : FFD4;
000012CB : 0001;
000012CC : 002A;
000012CD : 0004;
000012CE : 0001;
000012CF : FFEF;
000012D0 : FFF9;
000012D1 : FFF1;
000012D2 : FFEC;
000012D3 : FFBD;
000012D4 : FFE3;
000012D5 : FFCE;
000012D6 : 0013;
000012D7 : 0011;
000012D8 : FFE4;
000012D9 : FFD9;
000012DA : FFFC;
000012DB : FFE9;
000012DC : FFFB;
000012DD : FFF4;
000012DE : 0021;
000012DF : 0036;
000012E0 : 0034;
000012E1 : 0016;
000012E2 : 0020;
000012E3 : 0005;
000012E4 : 0005;
000012E5 : 000A;
000012E6 : 0015;
000012E7 : 0004;
000012E8 : 000C;
000012E9 : 000C;
000012EA : FFF7;
000012EB : 000E;
000012EC : FFF5;
000012ED : FFE5;
000012EE : FFCC;
000012EF : FFF9;
000012F0 : FFF8;
000012F1 : FFD7;
000012F2 : 0002;
000012F3 : FFCD;
000012F4 : FFEA;
000012F5 : 0010;
000012F6 : 0001;
000012F7 : 001B;
000012F8 : 000B;
000012F9 : 0028;
000012FA : 0042;
000012FB : 002B;
000012FC : 004C;
000012FD : 004E;
000012FE : 0035;
000012FF : 003B;
00001300 : 0008;
00001301 : 0021;
00001302 : 005E;
00001303 : 0031;
00001304 : 0035;
00001305 : 006E;
00001306 : 0077;
00001307 : 0080;
00001308 : 006D;
00001309 : 0079;
0000130A : 0060;
0000130B : 0038;
0000130C : 0045;
0000130D : 007F;
0000130E : 0054;
0000130F : 0061;
00001310 : 0011;
00001311 : 001A;
00001312 : 002A;
00001313 : 0057;
00001314 : 004D;
00001315 : 0042;
00001316 : 0069;
00001317 : 0036;
00001318 : 0029;
00001319 : 0004;
0000131A : 0017;
0000131B : 003E;
0000131C : 0017;
0000131D : FFF7;
0000131E : 0012;
0000131F : 0029;
00001320 : 000A;
00001321 : 0013;
00001322 : 0065;
00001323 : 003A;
00001324 : FFFD;
00001325 : 0000;
00001326 : FFE4;
00001327 : 001C;
00001328 : 0022;
00001329 : 005C;
0000132A : 0054;
0000132B : 0022;
0000132C : 0021;
0000132D : 002A;
0000132E : 0023;
0000132F : FFF7;
00001330 : 0018;
00001331 : 0017;
00001332 : 0009;
00001333 : FFE4;
00001334 : FFF8;
00001335 : 0008;
00001336 : 0024;
00001337 : 0038;
00001338 : 0013;
00001339 : 0021;
0000133A : 0031;
0000133B : 005D;
0000133C : 005A;
0000133D : 0051;
0000133E : 0071;
0000133F : 0060;
00001340 : 0056;
00001341 : 004E;
00001342 : 0032;
00001343 : 0072;
00001344 : 0058;
00001345 : 0085;
00001346 : 0040;
00001347 : 0021;
00001348 : 004A;
00001349 : 0032;
0000134A : 0036;
0000134B : 002A;
0000134C : 0028;
0000134D : 001E;
0000134E : 0052;
0000134F : 001E;
00001350 : 001A;
00001351 : 0015;
00001352 : 0024;
00001353 : FFFC;
00001354 : FFE2;
00001355 : FFF0;
00001356 : 0005;
00001357 : FFEA;
00001358 : FFEA;
00001359 : FFFC;
0000135A : FFE9;
0000135B : FFEB;
0000135C : FFDC;
0000135D : FFFE;
0000135E : FFEF;
0000135F : FFD3;
00001360 : FFB4;
00001361 : FFEA;
00001362 : 0000;
00001363 : 001D;
00001364 : 0017;
00001365 : 0001;
00001366 : 0004;
00001367 : FFFB;
00001368 : 0006;
00001369 : FFED;
0000136A : 0021;
0000136B : 001C;
0000136C : 0028;
0000136D : 000D;
0000136E : 0017;
0000136F : 0027;
00001370 : 003C;
00001371 : 006A;
00001372 : 0043;
00001373 : 0010;
00001374 : 0018;
00001375 : 0013;
00001376 : 0007;
00001377 : 0030;
00001378 : FFE4;
00001379 : FFFF;
0000137A : 001B;
0000137B : FFFA;
0000137C : 001B;
0000137D : 0001;
0000137E : 0003;
0000137F : FFE5;
00001380 : FFC2;
00001381 : FFBD;
00001382 : FFB0;
00001383 : FFA7;
00001384 : FFA2;
00001385 : FFA5;
00001386 : FFA6;
00001387 : FF88;
00001388 : FF65;
00001389 : FF95;
0000138A : FFDB;
0000138B : FFD7;
0000138C : FFF2;
0000138D : 000B;
0000138E : FFE1;
0000138F : FFC3;
00001390 : FFE3;
00001391 : 0009;
00001392 : FFC4;
00001393 : FF85;
00001394 : FFAB;
00001395 : FFC1;
00001396 : FFCF;
00001397 : FFD3;
00001398 : FFF6;
00001399 : FFCE;
0000139A : FFD1;
0000139B : FFD8;
0000139C : FFDA;
0000139D : FFF6;
0000139E : FFE5;
0000139F : FFCE;
000013A0 : FFE2;
000013A1 : FFEF;
000013A2 : 0031;
000013A3 : 001E;
000013A4 : FFED;
000013A5 : 000B;
000013A6 : FFEC;
000013A7 : FFCE;
000013A8 : FFC6;
000013A9 : FFA2;
000013AA : FFD0;
000013AB : FFF8;
000013AC : FFEA;
000013AD : FFC9;
000013AE : FFC4;
000013AF : FFD7;
000013B0 : FFFF;
000013B1 : FFE7;
000013B2 : FFD7;
000013B3 : FFE7;
000013B4 : FFD7;
000013B5 : FFC6;
000013B6 : FFA0;
000013B7 : FFA2;
000013B8 : FFE4;
000013B9 : FFF5;
000013BA : FFBC;
000013BB : FFBF;
000013BC : FFBA;
000013BD : FFD3;
000013BE : FFE7;
000013BF : FFD2;
000013C0 : 0015;
000013C1 : 001E;
000013C2 : FFE8;
000013C3 : FFF2;
000013C4 : 0002;
000013C5 : FFFD;
000013C6 : FFCA;
000013C7 : FFCE;
000013C8 : FF98;
000013C9 : FFDC;
000013CA : FF9B;
000013CB : FFA9;
000013CC : FFE1;
000013CD : FFF1;
000013CE : 001F;
000013CF : FFE7;
000013D0 : FFD2;
000013D1 : FFE3;
000013D2 : FFDF;
000013D3 : FFD8;
000013D4 : FFCE;
000013D5 : 0003;
000013D6 : FFFB;
000013D7 : FFCE;
000013D8 : FFB6;
000013D9 : FFDA;
000013DA : FFDF;
000013DB : FFF9;
000013DC : 0000;
000013DD : 001B;
000013DE : 0008;
000013DF : FFC7;
000013E0 : FFD7;
000013E1 : FFE9;
000013E2 : FFF1;
000013E3 : FFC9;
000013E4 : FFB8;
000013E5 : FFB7;
000013E6 : FFE6;
000013E7 : FFE7;
000013E8 : FFF1;
000013E9 : FFEA;
000013EA : FFE5;
000013EB : 0004;
000013EC : FFAE;
000013ED : FF9A;
000013EE : FFE8;
000013EF : FFEE;
000013F0 : FFDF;
000013F1 : FFCA;
000013F2 : FFB8;
000013F3 : FFD4;
000013F4 : FFCF;
000013F5 : FFDB;
000013F6 : FFCB;
000013F7 : FFA4;
000013F8 : FF92;
000013F9 : FF8A;
000013FA : FF78;
000013FB : FF73;
000013FC : FF77;
000013FD : FF96;
000013FE : FF9F;
000013FF : FFA0;
00001400 : FFA0;
00001401 : FFA4;
00001402 : FFA6;
00001403 : FFB3;
00001404 : FF98;
00001405 : FF65;
00001406 : FF8B;
00001407 : FF7D;
00001408 : FF87;
00001409 : FF7C;
0000140A : FF6C;
0000140B : FF80;
0000140C : FF8B;
0000140D : FF57;
0000140E : FF65;
0000140F : FF45;
00001410 : FF4C;
00001411 : FF63;
00001412 : FF76;
00001413 : FF6E;
00001414 : FF53;
00001415 : FF64;
00001416 : FF64;
00001417 : FF66;
00001418 : FF75;
00001419 : FF74;
0000141A : FF4E;
0000141B : FF50;
0000141C : FF71;
0000141D : FF4F;
0000141E : FF54;
0000141F : FF92;
00001420 : FF85;
00001421 : FF90;
00001422 : FFC7;
00001423 : FFA2;
00001424 : FFB7;
00001425 : FF9C;
00001426 : FF86;
00001427 : FF85;
00001428 : FF8C;
00001429 : FF76;
0000142A : FF78;
0000142B : FF7E;
0000142C : FFA6;
0000142D : FFAC;
0000142E : FFBC;
0000142F : FFB6;
00001430 : FF7A;
00001431 : FF72;
00001432 : FF80;
00001433 : FF49;
00001434 : FF76;
00001435 : FF17;
00001436 : FEE8;
00001437 : FF1B;
00001438 : FF1F;
00001439 : FF08;
0000143A : FEFC;
0000143B : FF4F;
0000143C : FF5F;
0000143D : FF73;
0000143E : FF66;
0000143F : FF5D;
00001440 : FF67;
00001441 : FF56;
00001442 : FF29;
00001443 : FF43;
00001444 : FF63;
00001445 : FF7C;
00001446 : FF64;
00001447 : FF56;
00001448 : FF66;
00001449 : FF79;
0000144A : FF83;
0000144B : FFA1;
0000144C : FF91;
0000144D : FFD7;
0000144E : FFAD;
0000144F : FFA7;
00001450 : FFC7;
00001451 : FFAC;
00001452 : FF74;
00001453 : FF5D;
00001454 : FFA4;
00001455 : FFA8;
00001456 : FF97;
00001457 : FF94;
00001458 : FF8F;
00001459 : FF9C;
0000145A : FFB2;
0000145B : FFC6;
0000145C : FFCC;
0000145D : FFAE;
0000145E : FFB2;
0000145F : FF9B;
00001460 : FFBE;
00001461 : FF94;
00001462 : FFCE;
00001463 : FFAD;
00001464 : FF84;
00001465 : FFA9;
00001466 : FF81;
00001467 : FF60;
00001468 : FF60;
00001469 : FF73;
0000146A : FF85;
0000146B : FF95;
0000146C : FF74;
0000146D : FF84;
0000146E : FFB7;
0000146F : FFB7;
00001470 : FF9A;
00001471 : FFA5;
00001472 : FF9E;
00001473 : FF9B;
00001474 : FFB7;
00001475 : FFC7;
00001476 : FFB7;
00001477 : FFDF;
00001478 : FFDA;
00001479 : FFCB;
0000147A : FFE3;
0000147B : FFD7;
0000147C : FFDF;
0000147D : FFDD;
0000147E : FFCD;
0000147F : FFE4;
00001480 : FFE2;
00001481 : FFCA;
00001482 : FFFB;
00001483 : FFBC;
00001484 : FFC0;
00001485 : FFBA;
00001486 : FFE7;
00001487 : FFD1;
00001488 : FF42;
00001489 : FEED;
0000148A : FEAD;
0000148B : FF33;
0000148C : FEF1;
0000148D : FF08;
0000148E : FF0E;
0000148F : FEF2;
00001490 : FF6F;
00001491 : FF74;
00001492 : FF51;
00001493 : FF6E;
00001494 : FF58;
00001495 : FF4E;
00001496 : FFA0;
00001497 : FFB8;
00001498 : FF84;
00001499 : FFBA;
0000149A : FF9C;
0000149B : 000A;
0000149C : 003E;
0000149D : FFFD;
0000149E : 001F;
0000149F : FF87;
000014A0 : FF75;
000014A1 : FF18;
000014A2 : FF8E;
000014A3 : FFC1;
000014A4 : FFFE;
000014A5 : FFDE;
000014A6 : 0003;
000014A7 : 0020;
000014A8 : 00B1;
000014A9 : 00B3;
000014AA : 00B4;
000014AB : 00C8;
000014AC : 00E3;
000014AD : 00E0;
000014AE : 00CE;
000014AF : 00A8;
000014B0 : 00E1;
000014B1 : 00D5;
000014B2 : 00F2;
000014B3 : 00DB;
000014B4 : 00A1;
000014B5 : 0096;
000014B6 : 00C6;
000014B7 : 00CD;
000014B8 : 00A9;
000014B9 : 00B9;
000014BA : 00E8;
000014BB : 00D0;
000014BC : 00A7;
000014BD : 00AC;
000014BE : 00A0;
000014BF : 009F;
000014C0 : 00AF;
000014C1 : 00A5;
000014C2 : 0098;
000014C3 : 009E;
000014C4 : 003F;
000014C5 : 004E;
000014C6 : 006D;
000014C7 : 00C1;
000014C8 : 0080;
000014C9 : 0052;
000014CA : 0064;
000014CB : 0054;
000014CC : 0066;
000014CD : 004F;
000014CE : 0038;
000014CF : 0042;
000014D0 : 0042;
000014D1 : 0058;
000014D2 : 002B;
000014D3 : 0019;
000014D4 : 002C;
000014D5 : 0040;
000014D6 : 0042;
000014D7 : 0051;
000014D8 : 0047;
000014D9 : 007D;
000014DA : 0072;
000014DB : 0063;
000014DC : 0069;
000014DD : 0070;
000014DE : 006A;
000014DF : 007B;
000014E0 : 007A;
000014E1 : 0058;
000014E2 : 0056;
000014E3 : 0034;
000014E4 : 001D;
000014E5 : 0043;
000014E6 : 0037;
000014E7 : 0037;
000014E8 : 0008;
000014E9 : 003B;
000014EA : 002A;
000014EB : 0033;
000014EC : 0049;
000014ED : 0025;
000014EE : 006A;
000014EF : 0066;
000014F0 : 0045;
000014F1 : 005C;
000014F2 : 0058;
000014F3 : 002B;
000014F4 : 002E;
000014F5 : 0032;
000014F6 : 005C;
000014F7 : 001E;
000014F8 : 002C;
000014F9 : 0026;
000014FA : 0058;
000014FB : 0053;
000014FC : 0041;
000014FD : 000F;
000014FE : 0017;
000014FF : 0030;
00001500 : 0029;
00001501 : 0006;
00001502 : 0005;
00001503 : 0005;
00001504 : 0016;
00001505 : 0024;
00001506 : 0002;
00001507 : FFF8;
00001508 : FFC5;
00001509 : FFF3;
0000150A : FFD3;
0000150B : 0026;
0000150C : 001C;
0000150D : 002E;
0000150E : 0035;
0000150F : 0024;
00001510 : 003F;
00001511 : 0038;
00001512 : 0011;
00001513 : FFE2;
00001514 : FFE3;
00001515 : 001A;
00001516 : 0007;
00001517 : 003B;
00001518 : 0032;
00001519 : 002E;
0000151A : 004D;
0000151B : 001A;
0000151C : 000F;
0000151D : 0036;
0000151E : 0014;
0000151F : 000E;
00001520 : 0024;
00001521 : 0026;
00001522 : 007A;
00001523 : 0086;
00001524 : 0053;
00001525 : 004F;
00001526 : 006D;
00001527 : 0056;
00001528 : 0038;
00001529 : 0056;
0000152A : 0042;
0000152B : 004B;
0000152C : 006D;
0000152D : 007E;
0000152E : 0065;
0000152F : 0061;
00001530 : 0090;
00001531 : 0050;
00001532 : 0049;
00001533 : 0072;
00001534 : 008B;
00001535 : 009A;
00001536 : 0077;
00001537 : 0084;
00001538 : 007F;
00001539 : 007B;
0000153A : 004A;
0000153B : 0073;
0000153C : 006F;
0000153D : 004F;
0000153E : 0041;
0000153F : 002D;
00001540 : 0026;
00001541 : 0045;
00001542 : 0033;
00001543 : 001C;
00001544 : 0012;
00001545 : 0069;
00001546 : 0038;
00001547 : 0021;
00001548 : FFFF;
00001549 : 0027;
0000154A : 001F;
0000154B : 004B;
0000154C : 0016;
0000154D : 0033;
0000154E : 004D;
0000154F : 0032;
00001550 : 002C;
00001551 : 0012;
00001552 : 003C;
00001553 : 0029;
00001554 : 004B;
00001555 : 002B;
00001556 : 004F;
00001557 : 0069;
00001558 : 007E;
00001559 : 007C;
0000155A : 0053;
0000155B : 0068;
0000155C : 0045;
0000155D : 005C;
0000155E : 0045;
0000155F : 0050;
00001560 : 009E;
00001561 : 0083;
00001562 : 0077;
00001563 : 008B;
00001564 : 0053;
00001565 : 0068;
00001566 : 006F;
00001567 : 0089;
00001568 : 0079;
00001569 : 008B;
0000156A : 0079;
0000156B : 0060;
0000156C : 007E;
0000156D : 0080;
0000156E : 0069;
0000156F : 0056;
00001570 : 0074;
00001571 : 0075;
00001572 : 006C;
00001573 : 0086;
00001574 : 008A;
00001575 : 0082;
00001576 : 0091;
00001577 : 0070;
00001578 : 007B;
00001579 : 007E;
0000157A : 0069;
0000157B : 0070;
0000157C : 006C;
0000157D : 0096;
0000157E : 007E;
0000157F : 0047;
00001580 : 007E;
00001581 : 0054;
00001582 : 0031;
00001583 : 006B;
00001584 : 0062;
00001585 : 0067;
00001586 : 0047;
00001587 : 0022;
00001588 : 0065;
00001589 : 0039;
0000158A : 0038;
0000158B : 0058;
0000158C : 003E;
0000158D : 003E;
0000158E : 0016;
0000158F : 0067;
00001590 : 0045;
00001591 : 007F;
00001592 : 0083;
00001593 : 0024;
00001594 : 002B;
00001595 : 0026;
00001596 : 0029;
00001597 : 0026;
00001598 : 003A;
00001599 : 001E;
0000159A : 000A;
0000159B : 000B;
0000159C : FFFC;
0000159D : FFDA;
0000159E : FFE3;
0000159F : FFEE;
000015A0 : FFD9;
000015A1 : FFD0;
000015A2 : FFD9;
000015A3 : FFE7;
000015A4 : FFDB;
000015A5 : FFB7;
000015A6 : FFD7;
000015A7 : FFCA;
000015A8 : FFB0;
000015A9 : FFCF;
000015AA : FFEF;
000015AB : FFDF;
000015AC : FFF6;
000015AD : FFE0;
000015AE : FFD1;
000015AF : FFE2;
000015B0 : FFC1;
000015B1 : FFBF;
000015B2 : FFB9;
000015B3 : FFD4;
000015B4 : FF9C;
000015B5 : FFB4;
000015B6 : FFA4;
000015B7 : FFA8;
000015B8 : FFB2;
000015B9 : FFC3;
000015BA : FF9A;
000015BB : FF98;
000015BC : FFA4;
000015BD : FFB0;
000015BE : FFD9;
000015BF : FFCE;
000015C0 : FFC9;
000015C1 : FFC8;
000015C2 : FFC4;
000015C3 : FFCC;
000015C4 : FFBE;
000015C5 : FFBF;
000015C6 : FFBB;
000015C7 : FFAD;
000015C8 : FFB4;
000015C9 : FFAE;
000015CA : FFA5;
000015CB : FFC6;
000015CC : FFD4;
000015CD : FFC9;
000015CE : FFBA;
000015CF : FFB7;
000015D0 : FFB6;
000015D1 : FFBE;
000015D2 : FF87;
000015D3 : FF94;
000015D4 : FF99;
000015D5 : FF9F;
000015D6 : FFAE;
000015D7 : FFB5;
000015D8 : FFC3;
000015D9 : 0000;
000015DA : 0016;
000015DB : FFDE;
000015DC : FFC6;
000015DD : FFD5;
000015DE : FFA4;
000015DF : FFD3;
000015E0 : FFBA;
000015E1 : FFCB;
000015E2 : FFF4;
000015E3 : FFD5;
000015E4 : FFB9;
000015E5 : FFD4;
000015E6 : FFD6;
000015E7 : FFF0;
000015E8 : FFFF;
000015E9 : 000C;
000015EA : FFE9;
000015EB : 0000;
000015EC : FFF0;
000015ED : FFE8;
000015EE : FFFA;
000015EF : 0003;
000015F0 : 0005;
000015F1 : FFCB;
000015F2 : FFEF;
000015F3 : 0014;
000015F4 : 0020;
000015F5 : FFD0;
000015F6 : FFAC;
000015F7 : FF80;
000015F8 : FFA2;
000015F9 : FFB0;
000015FA : FF96;
000015FB : FFB7;
000015FC : FFC4;
000015FD : FFB0;
000015FE : FFB7;
000015FF : FFC2;
00001600 : FFB4;
00001601 : FFE0;
00001602 : 0002;
00001603 : 000A;
00001604 : 0014;
00001605 : FFF9;
00001606 : 0021;
00001607 : FFFD;
00001608 : FFEE;
00001609 : FFF2;
0000160A : FFFB;
0000160B : 000D;
0000160C : 0007;
0000160D : 000E;
0000160E : FFFD;
0000160F : 001B;
00001610 : 001F;
00001611 : 0020;
00001612 : 001B;
00001613 : 002F;
00001614 : 0049;
00001615 : 0053;
00001616 : 0021;
00001617 : 001F;
00001618 : 0019;
00001619 : FFF1;
0000161A : 002B;
0000161B : 0028;
0000161C : 002C;
0000161D : 002C;
0000161E : 0037;
0000161F : 002C;
00001620 : FFF4;
00001621 : FFC3;
00001622 : FFFF;
00001623 : FFE4;
00001624 : FFE8;
00001625 : FFE0;
00001626 : FFD9;
00001627 : FFE7;
00001628 : 0004;
00001629 : 0013;
0000162A : FFF5;
0000162B : FFD2;
0000162C : FFA8;
0000162D : FFA0;
0000162E : FFD1;
0000162F : FFAD;
00001630 : 0014;
00001631 : 001D;
00001632 : FF81;
00001633 : FFBB;
00001634 : FFB0;
00001635 : FFE2;
00001636 : FFBC;
00001637 : FFAB;
00001638 : FFB2;
00001639 : FFA6;
0000163A : FFAA;
0000163B : FFB8;
0000163C : FFB3;
0000163D : FFD2;
0000163E : FFB7;
0000163F : FFCE;
00001640 : 0006;
00001641 : FFFD;
00001642 : 0017;
00001643 : 000C;
00001644 : FFBA;
00001645 : FFCB;
00001646 : FFD2;
00001647 : FFDF;
00001648 : FFCB;
00001649 : FFC0;
0000164A : FFCA;
0000164B : FFC5;
0000164C : FFC7;
0000164D : FFCB;
0000164E : FFD0;
0000164F : FFEE;
00001650 : FFDC;
00001651 : FFF2;
00001652 : FFFC;
00001653 : FFE8;
00001654 : FFF5;
00001655 : FFE5;
00001656 : FFD4;
00001657 : FFE6;
00001658 : FFEB;
00001659 : FFE5;
0000165A : FFEB;
0000165B : 0011;
0000165C : 002A;
0000165D : 0004;
0000165E : 0011;
0000165F : 0016;
00001660 : 001C;
00001661 : 000D;
00001662 : FFFD;
00001663 : 0000;
00001664 : 0025;
00001665 : 0000;
00001666 : 0027;
00001667 : 002E;
00001668 : 0038;
00001669 : 001F;
0000166A : 0022;
0000166B : 0047;
0000166C : 0034;
0000166D : 0040;
0000166E : 0022;
0000166F : 0031;
00001670 : 003B;
00001671 : 0040;
00001672 : 0053;
00001673 : 0076;
00001674 : 006C;
00001675 : 003C;
00001676 : 002C;
00001677 : 003E;
00001678 : 0043;
00001679 : 0063;
0000167A : 002A;
0000167B : 0035;
0000167C : 0025;
0000167D : 0026;
0000167E : 002E;
0000167F : 004A;
00001680 : 0035;
00001681 : 0019;
00001682 : 0054;
00001683 : 0062;
00001684 : 002B;
00001685 : 0020;
00001686 : 0051;
00001687 : 0010;
00001688 : FF54;
00001689 : FF81;
0000168A : FF00;
0000168B : FFB7;
0000168C : FFCB;
0000168D : FFFB;
0000168E : FF6F;
0000168F : FF3F;
00001690 : FF40;
00001691 : FF6C;
00001692 : FF9D;
00001693 : 005D;
00001694 : 00EA;
00001695 : 006E;
00001696 : 0092;
00001697 : 0132;
00001698 : 0144;
00001699 : 00E4;
0000169A : 00D1;
0000169B : 00F7;
0000169C : 00D2;
0000169D : 00BC;
0000169E : 010F;
0000169F : 0130;
000016A0 : 00E1;
000016A1 : 00CD;
000016A2 : 010D;
000016A3 : 0109;
000016A4 : 00CA;
000016A5 : 0169;
000016A6 : 0151;
000016A7 : 01E2;
000016A8 : 0298;
000016A9 : 0270;
000016AA : 0303;
000016AB : 02E3;
000016AC : 02F7;
000016AD : 0309;
000016AE : 02B1;
000016AF : 0286;
000016B0 : 0252;
000016B1 : 0244;
000016B2 : 0267;
000016B3 : 0261;
000016B4 : 0249;
000016B5 : 0226;
000016B6 : 022E;
000016B7 : 0212;
000016B8 : 0223;
000016B9 : 01E0;
000016BA : 01FA;
000016BB : 01E5;
000016BC : 01E9;
000016BD : 0193;
000016BE : 017F;
000016BF : 017E;
000016C0 : 017E;
000016C1 : 018E;
000016C2 : 0188;
000016C3 : 016B;
000016C4 : 014D;
000016C5 : 0167;
000016C6 : 015C;
000016C7 : 0170;
000016C8 : 0140;
000016C9 : 013E;
000016CA : 016D;
000016CB : 0175;
000016CC : 0191;
000016CD : 0194;
000016CE : 0184;
000016CF : 0173;
000016D0 : 0140;
000016D1 : 013C;
000016D2 : 0141;
000016D3 : 0137;
000016D4 : 0166;
000016D5 : 0193;
000016D6 : 0146;
000016D7 : 011D;
000016D8 : 011F;
000016D9 : 014B;
000016DA : 0168;
000016DB : 019A;
000016DC : 0190;
000016DD : 0151;
000016DE : 016D;
000016DF : 0154;
000016E0 : 0138;
000016E1 : 015B;
000016E2 : 013A;
000016E3 : 015D;
000016E4 : 0168;
000016E5 : 015F;
000016E6 : 0155;
000016E7 : 0151;
000016E8 : 0167;
000016E9 : 016D;
000016EA : 015A;
000016EB : 015E;
000016EC : 0155;
000016ED : 0152;
000016EE : 0147;
000016EF : 0130;
000016F0 : 010B;
000016F1 : 0125;
000016F2 : 012C;
000016F3 : 0127;
000016F4 : 0137;
000016F5 : 013F;
000016F6 : 0155;
000016F7 : 0152;
000016F8 : 0178;
000016F9 : 017D;
000016FA : 01A4;
000016FB : 01D7;
000016FC : 01CA;
000016FD : 01CA;
000016FE : 01B1;
000016FF : 014B;
00001700 : 0107;
00001701 : 00F9;
00001702 : 00EF;
00001703 : 0123;
00001704 : 010E;
00001705 : 00FE;
00001706 : 0118;
00001707 : 0107;
00001708 : 0103;
00001709 : 00D5;
0000170A : 00DE;
0000170B : 00E5;
0000170C : 00EB;
0000170D : 00E2;
0000170E : 00CC;
0000170F : 00E3;
00001710 : 00DA;
00001711 : 00DF;
00001712 : 00F6;
00001713 : 00DE;
00001714 : 00DB;
00001715 : 00CC;
00001716 : 00C0;
00001717 : 00B8;
00001718 : 0089;
00001719 : 00A9;
0000171A : 00B6;
0000171B : 00C1;
0000171C : 00B9;
0000171D : 00E7;
0000171E : 00F6;
0000171F : 00E0;
00001720 : 00E0;
00001721 : 00EC;
00001722 : 0106;
00001723 : 0106;
00001724 : 010A;
00001725 : 010D;
00001726 : 00CB;
00001727 : 00E8;
00001728 : 00C5;
00001729 : 00A4;
0000172A : 00B2;
0000172B : 00E5;
0000172C : 0121;
0000172D : 010C;
0000172E : 00EF;
0000172F : 00A7;
00001730 : 00C5;
00001731 : 0099;
00001732 : 00CB;
00001733 : 00BF;
00001734 : 00CA;
00001735 : 00D1;
00001736 : 00C1;
00001737 : 00C4;
00001738 : 00F2;
00001739 : 0106;
0000173A : 0123;
0000173B : 00E1;
0000173C : 00C6;
0000173D : 00C0;
0000173E : 00A9;
0000173F : 0082;
00001740 : 008E;
00001741 : 008C;
00001742 : 0071;
00001743 : 0083;
00001744 : 008D;
00001745 : 0094;
00001746 : 0075;
00001747 : 00A8;
00001748 : 0087;
00001749 : 0069;
0000174A : 0071;
0000174B : 0065;
0000174C : 003C;
0000174D : 0048;
0000174E : 005E;
0000174F : 006B;
00001750 : 0065;
00001751 : 0052;
00001752 : 0053;
00001753 : 0061;
00001754 : 006B;
00001755 : 0063;
00001756 : 004D;
00001757 : 003B;
00001758 : 002A;
00001759 : 002A;
0000175A : 0029;
0000175B : 0040;
0000175C : 0054;
0000175D : 0065;
0000175E : 006A;
0000175F : 0085;
00001760 : 005B;
00001761 : 0048;
00001762 : 0044;
00001763 : 0040;
00001764 : 0033;
00001765 : 003E;
00001766 : 002A;
00001767 : 0018;
00001768 : 0013;
00001769 : 0000;
0000176A : 0004;
0000176B : FFFB;
0000176C : 0037;
0000176D : 0049;
0000176E : 0041;
0000176F : 002B;
00001770 : 001C;
00001771 : 003B;
00001772 : 0044;
00001773 : 003A;
00001774 : 0047;
00001775 : 004E;
00001776 : 006F;
00001777 : 0068;
00001778 : 0053;
00001779 : 0036;
0000177A : 002E;
0000177B : 0054;
0000177C : 0048;
0000177D : 004C;
0000177E : 005D;
0000177F : 0056;
00001780 : 0058;
00001781 : 0049;
00001782 : 000F;
00001783 : 001D;
00001784 : 0068;
00001785 : 006D;
00001786 : 0059;
00001787 : 0048;
00001788 : 0087;
00001789 : 0060;
0000178A : 008F;
0000178B : 00AF;
0000178C : 0087;
0000178D : 007B;
0000178E : 00A9;
0000178F : 0094;
00001790 : 00B0;
00001791 : 00B6;
00001792 : 0080;
00001793 : 00A6;
00001794 : 0080;
00001795 : 00C3;
00001796 : 00A8;
00001797 : 00A0;
00001798 : 00B8;
00001799 : 00A1;
0000179A : 00A8;
0000179B : 007E;
0000179C : 0093;
0000179D : 0075;
0000179E : 0072;
0000179F : 00B2;
000017A0 : 00B3;
000017A1 : 00AB;
000017A2 : 007D;
000017A3 : 0079;
000017A4 : 0089;
000017A5 : 0066;
000017A6 : 0064;
000017A7 : 002F;
000017A8 : 0056;
000017A9 : 0091;
000017AA : 0088;
000017AB : 0064;
000017AC : 0087;
000017AD : 0084;
000017AE : 007C;
000017AF : 0084;
000017B0 : 0062;
000017B1 : 005C;
000017B2 : 0071;
000017B3 : 009F;
000017B4 : 0088;
000017B5 : 0083;
000017B6 : 00BA;
000017B7 : 009A;
000017B8 : 0097;
000017B9 : 008C;
000017BA : 0076;
000017BB : 0081;
000017BC : 00A6;
000017BD : 0057;
000017BE : FFFB;
000017BF : 0026;
000017C0 : 001D;
000017C1 : 0046;
000017C2 : 005D;
000017C3 : 008D;
000017C4 : 007F;
000017C5 : 0097;
000017C6 : 009F;
000017C7 : 0087;
000017C8 : 0099;
000017C9 : 0079;
000017CA : 0089;
000017CB : 0076;
000017CC : 0092;
000017CD : 00A2;
000017CE : 008C;
000017CF : 0087;
000017D0 : 007B;
000017D1 : 007E;
000017D2 : 0064;
000017D3 : 0061;
000017D4 : 009A;
000017D5 : 00A8;
000017D6 : 008F;
000017D7 : 0058;
000017D8 : 0081;
000017D9 : 007A;
000017DA : 00B1;
000017DB : 0084;
000017DC : 003B;
000017DD : 0044;
000017DE : 004D;
000017DF : 0082;
000017E0 : 009E;
000017E1 : 0064;
000017E2 : 006C;
000017E3 : 005B;
000017E4 : 0068;
000017E5 : 0048;
000017E6 : 005E;
000017E7 : 0045;
000017E8 : 004D;
000017E9 : 002D;
000017EA : 0005;
000017EB : 0013;
000017EC : 0033;
000017ED : 001A;
000017EE : 0018;
000017EF : FFFD;
000017F0 : FFFA;
000017F1 : 002C;
000017F2 : 0032;
000017F3 : 002B;
000017F4 : 001A;
000017F5 : FFFC;
000017F6 : FFF9;
000017F7 : FFED;
000017F8 : 000C;
000017F9 : FFDE;
000017FA : 000A;
000017FB : 000C;
000017FC : 0010;
000017FD : 004F;
000017FE : 003C;
000017FF : 002A;
00001800 : 0041;
00001801 : 002C;
00001802 : 0053;
00001803 : 003A;
00001804 : 0028;
00001805 : 002C;
00001806 : 0011;
00001807 : FFEE;
00001808 : 0011;
00001809 : FFF8;
0000180A : 0001;
0000180B : FFF9;
0000180C : 0003;
0000180D : 0015;
0000180E : 0034;
0000180F : 004F;
00001810 : 001B;
00001811 : 0018;
00001812 : 0003;
00001813 : FFFE;
00001814 : 0001;
00001815 : FFDD;
00001816 : FFFB;
00001817 : FFE7;
00001818 : 0005;
00001819 : 000C;
0000181A : FFE5;
0000181B : FFE9;
0000181C : FFC4;
0000181D : FFDA;
0000181E : FFDF;
0000181F : FFD9;
00001820 : FFC1;
00001821 : FFD5;
00001822 : FFD2;
00001823 : FFC3;
00001824 : FFEA;
00001825 : FFEB;
00001826 : FFCF;
00001827 : FFBC;
00001828 : FFB6;
00001829 : FF97;
0000182A : FF9E;
0000182B : FFB3;
0000182C : FFAE;
0000182D : FFA4;
0000182E : FF9B;
0000182F : FFA6;
00001830 : FFA9;
00001831 : FFA0;
00001832 : FFA6;
00001833 : FF99;
00001834 : FF9B;
00001835 : FFA4;
00001836 : FFA5;
00001837 : FFB5;
00001838 : FF9B;
00001839 : FF9A;
0000183A : FFCB;
0000183B : FFCC;
0000183C : FFF7;
0000183D : FFA0;
0000183E : FFAD;
0000183F : FF7D;
00001840 : FF4E;
00001841 : FF91;
00001842 : FF5B;
00001843 : FF8E;
00001844 : FF93;
00001845 : FF76;
00001846 : FF83;
00001847 : FF5D;
00001848 : FF80;
00001849 : FF93;
0000184A : FFB2;
0000184B : FFA0;
0000184C : FF9E;
0000184D : FFB7;
0000184E : FFAC;
0000184F : FFB3;
00001850 : FFA8;
00001851 : FFBD;
00001852 : FFC2;
00001853 : FFBC;
00001854 : FFA2;
00001855 : FFC6;
00001856 : FFA1;
00001857 : FF91;
00001858 : FFA7;
00001859 : FF6B;
0000185A : FF51;
0000185B : FF79;
0000185C : FF7E;
0000185D : FF80;
0000185E : FF6E;
0000185F : FF82;
00001860 : FF65;
00001861 : FF73;
00001862 : FF91;
00001863 : FF80;
00001864 : FF8A;
00001865 : FF94;
00001866 : FF7C;
00001867 : FF82;
00001868 : FF96;
00001869 : FF76;
0000186A : FF9E;
0000186B : FFAF;
0000186C : FFAF;
0000186D : FF92;
0000186E : FF90;
0000186F : FF86;
00001870 : FF8A;
00001871 : FFB5;
00001872 : FFB5;
00001873 : FFB2;
00001874 : FFAE;
00001875 : FFC1;
00001876 : FFE0;
00001877 : FFCF;
00001878 : FFB8;
00001879 : FFBB;
0000187A : FFCF;
0000187B : FFC5;
0000187C : FFC4;
0000187D : FFAD;
0000187E : FF8D;
0000187F : FF8D;
00001880 : FF8B;
00001881 : FFA4;
00001882 : FFA4;
00001883 : FF8C;
00001884 : FFA6;
00001885 : FF99;
00001886 : FFC3;
00001887 : FFBB;
00001888 : FFAA;
00001889 : FFA7;
0000188A : FF97;
0000188B : FFA8;
0000188C : FFA3;
0000188D : FFAA;
0000188E : FF93;
0000188F : FFA7;
00001890 : FF9A;
00001891 : FF8E;
00001892 : FF8E;
00001893 : FF7C;
00001894 : FF90;
00001895 : FF96;
00001896 : FF98;
00001897 : FF99;
00001898 : FFA0;
00001899 : FF99;
0000189A : FF8A;
0000189B : FF94;
0000189C : FF98;
0000189D : FF9C;
0000189E : FFA1;
0000189F : FFA2;
000018A0 : FFAE;
000018A1 : FFC4;
000018A2 : FFAA;
000018A3 : FF8C;
000018A4 : FF4E;
000018A5 : FF5B;
000018A6 : FF79;
000018A7 : FF84;
000018A8 : FF7D;
000018A9 : FF82;
000018AA : FFB0;
000018AB : FFBE;
000018AC : FFB6;
000018AD : FFB9;
000018AE : FFA9;
000018AF : FFCF;
000018B0 : FF95;
000018B1 : FF94;
000018B2 : FF99;
000018B3 : FFAB;
000018B4 : FF9E;
000018B5 : FFA1;
000018B6 : FFAF;
000018B7 : FFC3;
000018B8 : FFD3;
000018B9 : FFC0;
000018BA : FF9F;
000018BB : FF9C;
000018BC : FF9A;
000018BD : FF95;
000018BE : FF7E;
000018BF : FF9B;
000018C0 : FF96;
000018C1 : FF97;
000018C2 : FFA9;
000018C3 : FF90;
000018C4 : FF83;
000018C5 : FF90;
000018C6 : FFBE;
000018C7 : FFA4;
000018C8 : FFA3;
000018C9 : FF9C;
000018CA : FFBE;
000018CB : FFA5;
000018CC : FFA4;
000018CD : FFB8;
000018CE : FFB0;
000018CF : FFB6;
000018D0 : FF98;
000018D1 : FFD4;
000018D2 : FFD6;
000018D3 : FFAA;
000018D4 : FF9F;
000018D5 : FFA6;
000018D6 : FFB4;
000018D7 : FFBB;
000018D8 : FFC0;
000018D9 : FFBA;
000018DA : FFCC;
000018DB : FFF7;
000018DC : FFD9;
000018DD : FFC9;
000018DE : FFDA;
000018DF : FFCA;
000018E0 : FFBC;
000018E1 : FFC2;
000018E2 : FFBB;
000018E3 : FFC1;
000018E4 : FFC8;
000018E5 : FFCC;
000018E6 : FFC9;
000018E7 : FFD8;
000018E8 : FFE5;
000018E9 : FFE6;
000018EA : FFC1;
000018EB : FF87;
000018EC : FFB2;
000018ED : FFD7;
000018EE : FFA8;
000018EF : FFA2;
000018F0 : FFAF;
000018F1 : FFB5;
000018F2 : FFA5;
000018F3 : FF99;
000018F4 : FFAD;
000018F5 : FFA8;
000018F6 : FFB4;
000018F7 : FFEA;
000018F8 : FFDD;
000018F9 : FFBD;
000018FA : FFE6;
000018FB : FFB9;
000018FC : FFBC;
000018FD : FFD0;
000018FE : FFBE;
000018FF : FFC2;
00001900 : FFAB;
00001901 : FFB4;
00001902 : FFBA;
00001903 : FFA9;
00001904 : FFC1;
00001905 : FFCF;
00001906 : FFB1;
00001907 : FFD3;
00001908 : FFD4;
00001909 : FFC7;
0000190A : FFA4;
0000190B : FFCD;
0000190C : FFAF;
0000190D : FFB8;
0000190E : FFC3;
0000190F : FFD5;
00001910 : FFCF;
00001911 : FFD7;
00001912 : FFC5;
00001913 : FFC8;
00001914 : FFD8;
00001915 : FFF0;
00001916 : FFF3;
00001917 : 0006;
00001918 : 0000;
00001919 : FFFD;
0000191A : 0006;
0000191B : FFE7;
0000191C : FFE0;
0000191D : FFDB;
0000191E : FFF5;
0000191F : 0002;
00001920 : 001B;
00001921 : 0019;
00001922 : FFED;
00001923 : FFCF;
00001924 : FFFC;
00001925 : FFFC;
00001926 : 0056;
00001927 : 00A3;
00001928 : 004B;
00001929 : 001A;
0000192A : 003D;
0000192B : 0024;
0000192C : 0016;
0000192D : 0016;
0000192E : 0000;
0000192F : FFCA;
00001930 : FFEA;
00001931 : 0023;
00001932 : 0005;
00001933 : FFED;
00001934 : FFEB;
00001935 : 0040;
00001936 : 0058;
00001937 : 001E;
00001938 : 0028;
00001939 : 0033;
0000193A : 0030;
0000193B : 0010;
0000193C : 0008;
0000193D : 000D;
0000193E : 000F;
0000193F : 0006;
00001940 : 0038;
00001941 : 0056;
00001942 : 0045;
00001943 : 006F;
00001944 : 0049;
00001945 : 005B;
00001946 : 0055;
00001947 : 0083;
00001948 : 0078;
00001949 : 0043;
0000194A : 004D;
0000194B : 0024;
0000194C : 001F;
0000194D : FFFC;
0000194E : 0006;
0000194F : 0005;
00001950 : FFF7;
00001951 : FFE7;
00001952 : FFF7;
00001953 : 000A;
00001954 : 0003;
00001955 : FFF9;
00001956 : FFF2;
00001957 : 0005;
00001958 : 0017;
00001959 : FFE5;
0000195A : FFFF;
0000195B : FFF0;
0000195C : 0010;
0000195D : FFFB;
0000195E : FFEC;
0000195F : 0002;
00001960 : FFF3;
00001961 : FFEF;
00001962 : 0003;
00001963 : FFF1;
00001964 : FFD6;
00001965 : FFE9;
00001966 : FFE0;
00001967 : FFE7;
00001968 : FFF5;
00001969 : 006F;
0000196A : 0065;
0000196B : 0036;
0000196C : 004A;
0000196D : 0020;
0000196E : 0026;
0000196F : 0033;
00001970 : 001F;
00001971 : FFFC;
00001972 : 0000;
00001973 : FFEF;
00001974 : FFC3;
00001975 : FFC2;
00001976 : FFD8;
00001977 : FFDC;
00001978 : FFBE;
00001979 : FFA6;
0000197A : 0000;
0000197B : FFBD;
0000197C : FFDB;
0000197D : FFE1;
0000197E : FFE4;
0000197F : FFE9;
00001980 : FFD1;
00001981 : FFD0;
00001982 : FFC9;
00001983 : FFE6;
00001984 : FFA8;
00001985 : FFAD;
00001986 : FFA5;
00001987 : FF93;
00001988 : FF9D;
00001989 : FF94;
0000198A : FFBB;
0000198B : FFA4;
0000198C : FFB0;
0000198D : FF85;
0000198E : FF6A;
0000198F : FF72;
00001990 : FF9C;
00001991 : FFAE;
00001992 : FFC2;
00001993 : FFFB;
00001994 : FFE6;
00001995 : FFD0;
00001996 : FFFF;
00001997 : FFED;
00001998 : FFE7;
00001999 : FFEC;
0000199A : FFFC;
0000199B : FFCB;
0000199C : FFDC;
0000199D : FFF3;
0000199E : FFEC;
0000199F : FFD4;
000019A0 : FFF6;
000019A1 : FFFB;
000019A2 : FFBB;
000019A3 : FFCC;
000019A4 : FFCB;
000019A5 : FFD2;
000019A6 : FFBF;
000019A7 : FFC7;
000019A8 : FFD4;
000019A9 : FFDC;
000019AA : FFD3;
000019AB : FFAB;
000019AC : FFC3;
000019AD : FFBD;
000019AE : FFF6;
000019AF : FFFC;
000019B0 : FFE9;
000019B1 : FFD8;
000019B2 : FFF3;
000019B3 : FFE9;
000019B4 : FFE4;
000019B5 : 0028;
000019B6 : 0019;
000019B7 : 005E;
000019B8 : 003B;
000019B9 : 0000;
000019BA : 0004;
000019BB : 001C;
000019BC : FFF1;
000019BD : FFA6;
000019BE : FFA0;
000019BF : FF92;
000019C0 : 0000;
000019C1 : FF97;
000019C2 : FF8D;
000019C3 : FFA0;
000019C4 : FF4E;
000019C5 : FF6C;
000019C6 : FF98;
000019C7 : FF73;
000019C8 : FF5B;
000019C9 : FF67;
000019CA : FF80;
000019CB : FF81;
000019CC : FF6C;
000019CD : FF24;
000019CE : FF36;
000019CF : FF87;
000019D0 : FF72;
000019D1 : FF59;
000019D2 : FF64;
000019D3 : FF68;
000019D4 : FF78;
000019D5 : FF62;
000019D6 : FF80;
000019D7 : FF75;
000019D8 : FF6D;
000019D9 : FF7E;
000019DA : FF6F;
000019DB : FF84;
000019DC : FF74;
000019DD : FF5D;
000019DE : FF72;
000019DF : FF6D;
000019E0 : FF61;
000019E1 : FF76;
000019E2 : FF5F;
000019E3 : FF70;
000019E4 : FF69;
000019E5 : FF69;
000019E6 : FF94;
000019E7 : FF97;
000019E8 : FFB4;
000019E9 : FF94;
000019EA : FF8E;
000019EB : FFB4;
000019EC : FFA8;
000019ED : FF7A;
000019EE : FF8A;
000019EF : FF67;
000019F0 : FF5D;
000019F1 : FF89;
000019F2 : FF70;
000019F3 : FF5F;
000019F4 : FF82;
000019F5 : FF6B;
000019F6 : FF2E;
000019F7 : FF1D;
000019F8 : FF21;
000019F9 : FF2A;
000019FA : FF33;
000019FB : FF1C;
000019FC : FF24;
000019FD : FF0C;
000019FE : FF00;
000019FF : FEF2;
00001A00 : FEE6;
00001A01 : FEDB;
00001A02 : FED5;
00001A03 : FF1D;
00001A04 : FED8;
00001A05 : FEDD;
00001A06 : FF6E;
00001A07 : FF88;
00001A08 : FFA1;
00001A09 : FF9A;
00001A0A : FFA7;
00001A0B : FF9B;
00001A0C : FF93;
00001A0D : FF78;
00001A0E : FF85;
00001A0F : FF96;
00001A10 : FFA3;
00001A11 : FFAA;
00001A12 : FF82;
00001A13 : FF88;
00001A14 : FF8F;
00001A15 : FF75;
00001A16 : FF8E;
00001A17 : FF61;
00001A18 : FF7C;
00001A19 : FF6D;
00001A1A : FF72;
00001A1B : FF94;
00001A1C : FF82;
00001A1D : FF6C;
00001A1E : FF5D;
00001A1F : FF5C;
00001A20 : FF5E;
00001A21 : FF57;
00001A22 : FF5D;
00001A23 : FF4A;
00001A24 : FF60;
00001A25 : FF5C;
00001A26 : FF41;
00001A27 : FF38;
00001A28 : FF3E;
00001A29 : FF52;
00001A2A : FF59;
00001A2B : FF76;
00001A2C : FF6B;
00001A2D : FF58;
00001A2E : FF87;
00001A2F : FF87;
00001A30 : FF5D;
00001A31 : FF78;
00001A32 : FF8F;
00001A33 : FF8C;
00001A34 : FF8D;
00001A35 : FF92;
00001A36 : FF92;
00001A37 : FF93;
00001A38 : FF7F;
00001A39 : FF66;
00001A3A : FF8C;
00001A3B : FF83;
00001A3C : FF8A;
00001A3D : FF80;
00001A3E : FF80;
00001A3F : FF6C;
00001A40 : FF7F;
00001A41 : FF91;
00001A42 : FF8A;
00001A43 : FF8A;
00001A44 : FF94;
00001A45 : FF9A;
00001A46 : FF9A;
00001A47 : FF7D;
00001A48 : FFA1;
00001A49 : FF6B;
00001A4A : FF89;
00001A4B : FFC1;
00001A4C : FFBF;
00001A4D : FFA0;
00001A4E : FFA3;
00001A4F : FF9D;
00001A50 : FFA8;
00001A51 : FF99;
00001A52 : FFA3;
00001A53 : FFBA;
00001A54 : FF99;
00001A55 : FFA1;
00001A56 : FFA8;
00001A57 : FF9F;
00001A58 : FFA8;
00001A59 : FFBF;
00001A5A : FFD2;
00001A5B : 001A;
00001A5C : 0027;
00001A5D : FFEE;
00001A5E : FFE3;
00001A5F : FFD9;
00001A60 : FFE1;
00001A61 : FFE2;
00001A62 : FFE4;
00001A63 : FFC8;
00001A64 : FFB4;
00001A65 : FFBD;
00001A66 : FF97;
00001A67 : FF82;
00001A68 : FFB6;
00001A69 : FFA4;
00001A6A : FFA7;
00001A6B : FF98;
00001A6C : FF8C;
00001A6D : FFDB;
00001A6E : FFD3;
00001A6F : FFDD;
00001A70 : FFBD;
00001A71 : FF90;
00001A72 : FFAA;
00001A73 : FFF3;
00001A74 : FFB9;
00001A75 : FFAC;
00001A76 : FFB6;
00001A77 : FFB3;
00001A78 : FF99;
00001A79 : FF82;
00001A7A : FF88;
00001A7B : FF95;
00001A7C : FFB1;
00001A7D : FFAF;
00001A7E : FFB3;
00001A7F : FFD3;
00001A80 : FFC2;
00001A81 : FF97;
00001A82 : FF97;
00001A83 : FFBD;
00001A84 : FFC0;
00001A85 : FFB5;
00001A86 : FFBF;
00001A87 : FFB8;
00001A88 : FFC2;
00001A89 : FFAD;
00001A8A : FFBA;
00001A8B : FFD1;
00001A8C : FFCC;
00001A8D : FFC3;
00001A8E : FFC5;
00001A8F : FFCF;
00001A90 : 002D;
00001A91 : 002D;
00001A92 : 0017;
00001A93 : 0029;
00001A94 : FFD2;
00001A95 : FFD5;
00001A96 : FFC9;
00001A97 : FFBE;
00001A98 : FFDB;
00001A99 : FFDA;
00001A9A : 0013;
00001A9B : 0045;
00001A9C : 002D;
00001A9D : 0027;
00001A9E : 004F;
00001A9F : 0007;
00001AA0 : FFB0;
00001AA1 : FFDA;
00001AA2 : FFD8;
00001AA3 : FFD8;
00001AA4 : FFD2;
00001AA5 : FFFA;
00001AA6 : FFE2;
00001AA7 : FFCB;
00001AA8 : 0001;
00001AA9 : FFF6;
00001AAA : FFE4;
00001AAB : FFE5;
00001AAC : FFD0;
00001AAD : FFEA;
00001AAE : FFE9;
00001AAF : FFDA;
00001AB0 : FFCD;
00001AB1 : FFC5;
00001AB2 : FFBC;
00001AB3 : FFDE;
00001AB4 : FFDB;
00001AB5 : FFF6;
00001AB6 : 0018;
00001AB7 : 0026;
00001AB8 : 002D;
00001AB9 : 0029;
00001ABA : 0029;
00001ABB : 001E;
00001ABC : 0025;
00001ABD : 0003;
00001ABE : FFF5;
00001ABF : 0000;
00001AC0 : 0011;
00001AC1 : 0029;
00001AC2 : 0011;
00001AC3 : 000F;
00001AC4 : FFFB;
00001AC5 : 000A;
00001AC6 : FFFA;
00001AC7 : FFDA;
00001AC8 : FFE3;
00001AC9 : FFFF;
00001ACA : FFF8;
00001ACB : FFD7;
00001ACC : 0022;
00001ACD : 0019;
00001ACE : FFF3;
00001ACF : 000C;
00001AD0 : 0013;
00001AD1 : FFFD;
00001AD2 : 0006;
00001AD3 : FFF1;
00001AD4 : FFD7;
00001AD5 : FFD0;
00001AD6 : FFF3;
00001AD7 : FFFE;
00001AD8 : FFA2;
00001AD9 : FF9D;
00001ADA : FFB3;
00001ADB : FFAE;
00001ADC : FFD8;
00001ADD : FFB2;
00001ADE : FFC3;
00001ADF : 0041;
00001AE0 : 003A;
00001AE1 : 004A;
00001AE2 : 007A;
00001AE3 : 0056;
00001AE4 : 0058;
00001AE5 : FFF9;
00001AE6 : FFBD;
00001AE7 : FFBD;
00001AE8 : FFC4;
00001AE9 : FFDF;
00001AEA : FFB6;
00001AEB : FFC3;
00001AEC : FFCC;
00001AED : FFB1;
00001AEE : FFAD;
00001AEF : FFE0;
00001AF0 : FFE7;
00001AF1 : FFFB;
00001AF2 : 0007;
00001AF3 : FFED;
00001AF4 : 000F;
00001AF5 : 000B;
00001AF6 : FFFA;
00001AF7 : 0031;
00001AF8 : FFD4;
00001AF9 : 004C;
00001AFA : 003B;
00001AFB : FFC5;
00001AFC : FFDB;
00001AFD : FFE5;
00001AFE : FFF5;
00001AFF : FFF0;
00001B00 : FFD5;
00001B01 : FFFF;
00001B02 : 002B;
00001B03 : 0027;
00001B04 : 0025;
00001B05 : 004A;
00001B06 : 001E;
00001B07 : 0015;
00001B08 : FFFE;
00001B09 : 0042;
00001B0A : 0065;
00001B0B : 001F;
00001B0C : FFED;
00001B0D : FFD5;
00001B0E : FFE7;
00001B0F : FFB6;
00001B10 : FFE4;
00001B11 : FFE4;
00001B12 : FFE2;
00001B13 : FFC2;
00001B14 : FFD5;
00001B15 : FFEE;
00001B16 : FFDA;
00001B17 : FFE6;
00001B18 : FFEA;
00001B19 : FFF8;
00001B1A : FFF4;
00001B1B : 0015;
00001B1C : 0011;
00001B1D : 0010;
00001B1E : FFFC;
00001B1F : FFF9;
00001B20 : 0008;
00001B21 : 0005;
00001B22 : 0014;
00001B23 : 0008;
00001B24 : FFF1;
00001B25 : FFCF;
00001B26 : FFF1;
00001B27 : FFEC;
00001B28 : FFD5;
00001B29 : FFE2;
00001B2A : FFC3;
00001B2B : FFC9;
00001B2C : FFEB;
00001B2D : FFD9;
00001B2E : FFC4;
00001B2F : FFE4;
00001B30 : FFC4;
00001B31 : FFDD;
00001B32 : FFD2;
00001B33 : FFBF;
00001B34 : FFFC;
00001B35 : 0007;
00001B36 : 0035;
00001B37 : 0034;
00001B38 : 0032;
00001B39 : 003C;
00001B3A : 003F;
00001B3B : 002E;
00001B3C : 002E;
00001B3D : 0031;
00001B3E : 0001;
00001B3F : FFF3;
00001B40 : 0000;
00001B41 : FFD7;
00001B42 : 0010;
00001B43 : FFD5;
00001B44 : FFE1;
00001B45 : FFE7;
00001B46 : FFF6;
00001B47 : FFFF;
00001B48 : FFF3;
00001B49 : 0009;
00001B4A : FFF4;
00001B4B : FFEB;
00001B4C : FFD9;
00001B4D : FFC8;
00001B4E : FFDE;
00001B4F : FFF6;
00001B50 : 0003;
00001B51 : FFED;
00001B52 : FFCD;
00001B53 : FFED;
00001B54 : FFE0;
00001B55 : FFEA;
00001B56 : FFEB;
00001B57 : FFEC;
00001B58 : FFC8;
00001B59 : FFD7;
00001B5A : FFE1;
00001B5B : FFE8;
00001B5C : FFE9;
00001B5D : FFB5;
00001B5E : FFCC;
00001B5F : FFCC;
00001B60 : FFB0;
00001B61 : FF9C;
00001B62 : FFAF;
00001B63 : FFC2;
00001B64 : FFCB;
00001B65 : FFD0;
00001B66 : FFB0;
00001B67 : FFC2;
00001B68 : FFA2;
00001B69 : FF83;
00001B6A : FF96;
00001B6B : FFBD;
00001B6C : 0003;
00001B6D : FFE5;
00001B6E : FF93;
00001B6F : FFB1;
00001B70 : FFB6;
00001B71 : FFC3;
00001B72 : FFCA;
00001B73 : FFDC;
00001B74 : FFD8;
00001B75 : FFDD;
00001B76 : FFC2;
00001B77 : FFE5;
00001B78 : FFEF;
00001B79 : FFDD;
00001B7A : FFCF;
00001B7B : FFE7;
00001B7C : 000C;
00001B7D : FFF3;
00001B7E : 0009;
00001B7F : FFEF;
00001B80 : FFFA;
00001B81 : FFE2;
00001B82 : FFE4;
00001B83 : FFFB;
00001B84 : 0024;
00001B85 : 0006;
00001B86 : FFDB;
00001B87 : 0026;
00001B88 : 0026;
00001B89 : 0000;
00001B8A : 000D;
00001B8B : 000E;
00001B8C : 0029;
00001B8D : FFF7;
00001B8E : FFF8;
00001B8F : FFF9;
00001B90 : 0037;
00001B91 : 0036;
00001B92 : 0017;
00001B93 : 0029;
00001B94 : 001A;
00001B95 : FFE0;
00001B96 : FFEB;
00001B97 : FFEB;
00001B98 : 000F;
00001B99 : 0004;
00001B9A : FFFD;
00001B9B : 0044;
00001B9C : 002C;
00001B9D : 0017;
00001B9E : 0010;
00001B9F : 0044;
00001BA0 : 0027;
00001BA1 : FFDE;
00001BA2 : FFD7;
00001BA3 : FFF4;
00001BA4 : 0013;
00001BA5 : FFEC;
00001BA6 : FFFA;
00001BA7 : 0013;
00001BA8 : FFED;
00001BA9 : 0012;
00001BAA : FFDE;
00001BAB : FFD9;
00001BAC : 0001;
00001BAD : 0003;
00001BAE : FFF0;
00001BAF : FFF2;
00001BB0 : FFE5;
00001BB1 : FFF2;
00001BB2 : FFF4;
00001BB3 : FFF9;
00001BB4 : 000E;
00001BB5 : FFFC;
00001BB6 : 0001;
00001BB7 : FFA0;
00001BB8 : FFED;
00001BB9 : 0010;
00001BBA : FFF5;
00001BBB : FFD1;
00001BBC : FFC8;
00001BBD : FFED;
00001BBE : FFF6;
00001BBF : FFF9;
00001BC0 : FFF4;
00001BC1 : 0003;
00001BC2 : 001A;
00001BC3 : 0016;
00001BC4 : 0006;
00001BC5 : 001F;
00001BC6 : 0021;
00001BC7 : 0025;
00001BC8 : 0035;
00001BC9 : 0028;
00001BCA : 0033;
00001BCB : 0030;
00001BCC : 0021;
00001BCD : FFE2;
00001BCE : FFE6;
00001BCF : FFF3;
00001BD0 : FFDD;
00001BD1 : FFE2;
00001BD2 : 0009;
00001BD3 : 0012;
00001BD4 : FFED;
00001BD5 : FFE8;
00001BD6 : FFF5;
00001BD7 : 0011;
00001BD8 : FFF8;
00001BD9 : FFCF;
00001BDA : FFE6;
00001BDB : FFF0;
00001BDC : FFEB;
00001BDD : FFEB;
00001BDE : FFD6;
00001BDF : FFD8;
00001BE0 : FFFF;
00001BE1 : FFD7;
00001BE2 : FFFD;
00001BE3 : 000A;
00001BE4 : FFE9;
00001BE5 : FFD8;
00001BE6 : 005C;
00001BE7 : 0029;
00001BE8 : 0032;
00001BE9 : 001B;
00001BEA : 0023;
00001BEB : FF85;
00001BEC : FFB1;
00001BED : 000B;
00001BEE : 000F;
00001BEF : FFCE;
00001BF0 : FFA5;
00001BF1 : FFE7;
00001BF2 : 0012;
00001BF3 : 0018;
00001BF4 : 0012;
00001BF5 : 0029;
00001BF6 : 000B;
00001BF7 : FFFA;
00001BF8 : 001E;
00001BF9 : 001F;
00001BFA : 001B;
00001BFB : FFE3;
00001BFC : FFD1;
00001BFD : 001C;
00001BFE : 0026;
00001BFF : 0011;
00001C00 : FFB4;
00001C01 : FF8B;
00001C02 : FFD4;
00001C03 : 0001;
00001C04 : FFD3;
00001C05 : FFD3;
00001C06 : FFD4;
00001C07 : FFBD;
00001C08 : FF9E;
00001C09 : FFCD;
00001C0A : FFFD;
00001C0B : FFD5;
00001C0C : FFCB;
00001C0D : FFE2;
00001C0E : 000F;
00001C0F : 0011;
00001C10 : FFFE;
00001C11 : FFF5;
00001C12 : 0029;
00001C13 : 0014;
00001C14 : FFD5;
00001C15 : FFDE;
00001C16 : FFE1;
00001C17 : FF71;
00001C18 : FF1D;
00001C19 : FF20;
00001C1A : FF3F;
00001C1B : FF4D;
00001C1C : FF5A;
00001C1D : FF9A;
00001C1E : FFD9;
00001C1F : FFD9;
00001C20 : FF76;
00001C21 : FFCD;
00001C22 : FFB9;
00001C23 : FFCB;
00001C24 : FFEA;
00001C25 : FFC3;
00001C26 : FFA8;
00001C27 : FF8E;
00001C28 : FF79;
00001C29 : FF72;
00001C2A : FF5F;
00001C2B : FF80;
00001C2C : FFB3;
00001C2D : FF81;
00001C2E : FF62;
00001C2F : FF9E;
00001C30 : FFBC;
00001C31 : FFEE;
00001C32 : FFD6;
00001C33 : FFCB;
00001C34 : FFD8;
00001C35 : FFF1;
00001C36 : FFE3;
00001C37 : FFF5;
00001C38 : FFEF;
00001C39 : FFB5;
00001C3A : FF90;
00001C3B : FFBD;
00001C3C : FFAB;
00001C3D : FF7C;
00001C3E : FFA5;
00001C3F : FFD5;
00001C40 : FFCB;
00001C41 : FFDA;
00001C42 : FFE0;
00001C43 : FFCE;
00001C44 : FFEE;
00001C45 : FFEE;
00001C46 : FFBF;
00001C47 : FFDC;
00001C48 : FFE7;
00001C49 : FFF3;
00001C4A : 0002;
00001C4B : 0032;
00001C4C : 0020;
00001C4D : 0037;
00001C4E : 0022;
00001C4F : 0026;
00001C50 : 0016;
00001C51 : FFCE;
00001C52 : FFD0;
00001C53 : FFEF;
00001C54 : 0018;
00001C55 : 0001;
00001C56 : FFE1;
00001C57 : FFB9;
00001C58 : FF99;
00001C59 : FFE6;
00001C5A : FFDC;
00001C5B : 0004;
00001C5C : FFE9;
00001C5D : 0013;
00001C5E : FFE8;
00001C5F : 0013;
00001C60 : 0029;
00001C61 : 002C;
00001C62 : FFFA;
00001C63 : FFCD;
00001C64 : FFFA;
00001C65 : FFF2;
00001C66 : 0002;
00001C67 : FFEA;
00001C68 : 0020;
00001C69 : 0056;
00001C6A : 002B;
00001C6B : 004B;
00001C6C : 0031;
00001C6D : 001F;
00001C6E : 000C;
00001C6F : 002C;
00001C70 : FFE8;
00001C71 : FFE3;
00001C72 : FFDC;
00001C73 : 0002;
00001C74 : 0037;
00001C75 : 001A;
00001C76 : 0025;
00001C77 : 0034;
00001C78 : 0039;
00001C79 : FFF9;
00001C7A : 0003;
00001C7B : 0005;
00001C7C : 001B;
00001C7D : 0004;
00001C7E : FFF9;
00001C7F : FFF4;
00001C80 : FFB7;
00001C81 : FFE0;
00001C82 : 0014;
00001C83 : FFD9;
00001C84 : FFF9;
00001C85 : 0002;
00001C86 : 001D;
00001C87 : FFFD;
00001C88 : FFE4;
00001C89 : FFD5;
00001C8A : FFE0;
00001C8B : FFDF;
00001C8C : FFD6;
00001C8D : FFB3;
00001C8E : FF96;
00001C8F : FFC0;
00001C90 : FF91;
00001C91 : FF67;
00001C92 : FF99;
00001C93 : FFA4;
00001C94 : FFE0;
00001C95 : FFE1;
00001C96 : FFF0;
00001C97 : 0014;
00001C98 : 0017;
00001C99 : 0008;
00001C9A : 0009;
00001C9B : FFEA;
00001C9C : FFE6;
00001C9D : 000A;
00001C9E : FFEC;
00001C9F : FFF8;
00001CA0 : FFF4;
00001CA1 : 000E;
00001CA2 : FFFF;
00001CA3 : FFF5;
00001CA4 : FFE8;
00001CA5 : FFDC;
00001CA6 : 000E;
00001CA7 : FFEB;
00001CA8 : FFE2;
00001CA9 : FFD3;
00001CAA : FFB2;
00001CAB : FF62;
00001CAC : FF3E;
00001CAD : FF74;
00001CAE : FF81;
00001CAF : FF52;
00001CB0 : FF58;
00001CB1 : FF85;
00001CB2 : FFB3;
00001CB3 : FF77;
00001CB4 : FF6E;
00001CB5 : FFB6;
00001CB6 : FF96;
00001CB7 : FF6B;
00001CB8 : FF97;
00001CB9 : FFA7;
00001CBA : FFD7;
00001CBB : FF81;
00001CBC : FF57;
00001CBD : FF3E;
00001CBE : FF51;
00001CBF : FF41;
00001CC0 : FF59;
00001CC1 : FF5E;
00001CC2 : FF46;
00001CC3 : FF44;
00001CC4 : FF72;
00001CC5 : FF63;
00001CC6 : FF45;
00001CC7 : FF64;
00001CC8 : FFAB;
00001CC9 : 0001;
00001CCA : 0054;
00001CCB : 004B;
00001CCC : 006A;
00001CCD : 005F;
00001CCE : 001F;
00001CCF : 002E;
00001CD0 : 002C;
00001CD1 : 003D;
00001CD2 : 0048;
00001CD3 : 008C;
00001CD4 : 0066;
00001CD5 : 0070;
00001CD6 : 0098;
00001CD7 : 0071;
00001CD8 : 004A;
00001CD9 : 0081;
00001CDA : 005A;
00001CDB : 0049;
00001CDC : 0079;
00001CDD : 0080;
00001CDE : 0078;
00001CDF : 0084;
00001CE0 : 0072;
00001CE1 : 0076;
00001CE2 : 007E;
00001CE3 : 003B;
00001CE4 : 003D;
00001CE5 : 006C;
00001CE6 : 0077;
00001CE7 : 0058;
00001CE8 : 002D;
00001CE9 : 005F;
00001CEA : 0052;
00001CEB : 005F;
00001CEC : 0067;
00001CED : 0050;
00001CEE : 001E;
00001CEF : 0034;
00001CF0 : 005C;
00001CF1 : 004E;
00001CF2 : 0084;
00001CF3 : 0085;
00001CF4 : 0071;
00001CF5 : 00A9;
00001CF6 : 007A;
00001CF7 : 0082;
00001CF8 : 008C;
00001CF9 : 0059;
00001CFA : 0037;
00001CFB : 007D;
00001CFC : 0012;
00001CFD : FFFD;
00001CFE : 0043;
00001CFF : 000E;
00001D00 : 002F;
00001D01 : 0022;
00001D02 : 0042;
00001D03 : 001C;
00001D04 : 003F;
00001D05 : 004B;
00001D06 : 006A;
00001D07 : 0045;
00001D08 : 002F;
00001D09 : 0013;
00001D0A : 0039;
00001D0B : 006D;
00001D0C : 006E;
00001D0D : 005D;
00001D0E : 004D;
00001D0F : 005E;
00001D10 : 0063;
00001D11 : 0079;
00001D12 : 008C;
00001D13 : 0093;
00001D14 : 0073;
00001D15 : 004A;
00001D16 : 0055;
00001D17 : 004B;
00001D18 : 0055;
00001D19 : 0072;
00001D1A : 0062;
00001D1B : 0067;
00001D1C : 004E;
00001D1D : 0053;
00001D1E : 0043;
00001D1F : 0045;
00001D20 : 0058;
00001D21 : 0043;
00001D22 : 0015;
00001D23 : 000A;
00001D24 : 0024;
00001D25 : 0017;
00001D26 : 0041;
00001D27 : 0033;
00001D28 : 004C;
00001D29 : 0029;
00001D2A : 002F;
00001D2B : 001A;
00001D2C : 003E;
00001D2D : 002B;
00001D2E : 0023;
00001D2F : 0045;
00001D30 : 0018;
00001D31 : 0043;
00001D32 : FFFE;
00001D33 : FFE6;
00001D34 : 0014;
00001D35 : 0049;
00001D36 : 005A;
00001D37 : 0028;
00001D38 : 0044;
00001D39 : 002A;
00001D3A : 0036;
00001D3B : 002D;
00001D3C : 0023;
00001D3D : 002A;
00001D3E : 002C;
00001D3F : 0032;
00001D40 : 0038;
00001D41 : 004C;
00001D42 : 001B;
00001D43 : FFE2;
00001D44 : 0001;
00001D45 : FFFB;
00001D46 : FFF8;
00001D47 : 000C;
00001D48 : 0014;
00001D49 : 0006;
00001D4A : 0027;
00001D4B : 002E;
00001D4C : FFF8;
00001D4D : 002C;
00001D4E : 0029;
00001D4F : 0016;
00001D50 : 0021;
00001D51 : 0023;
00001D52 : 001A;
00001D53 : 0003;
00001D54 : 001A;
00001D55 : 0008;
00001D56 : FFF2;
00001D57 : 000D;
00001D58 : FFFC;
00001D59 : 000C;
00001D5A : 0029;
00001D5B : FFEB;
00001D5C : FFFB;
00001D5D : 001A;
00001D5E : 0017;
00001D5F : FFEF;
00001D60 : FFED;
00001D61 : 0014;
00001D62 : 0007;
00001D63 : FFE4;
00001D64 : FFD1;
00001D65 : FFEB;
00001D66 : FFFF;
00001D67 : FFF1;
00001D68 : FFBB;
00001D69 : FFCC;
00001D6A : FFD9;
00001D6B : FFEE;
00001D6C : FFF3;
00001D6D : FFE5;
00001D6E : FFDD;
00001D6F : 002D;
00001D70 : FFE6;
00001D71 : 0008;
00001D72 : FFF9;
00001D73 : 0017;
00001D74 : FFFA;
00001D75 : 0008;
00001D76 : 0024;
00001D77 : 0015;
00001D78 : 0015;
00001D79 : 0019;
00001D7A : 0013;
00001D7B : FFFD;
00001D7C : 0010;
00001D7D : 0011;
00001D7E : 0010;
00001D7F : 0023;
00001D80 : 0018;
00001D81 : FFFA;
00001D82 : FFF2;
00001D83 : FFE0;
00001D84 : FFF5;
00001D85 : 0017;
00001D86 : 0008;
00001D87 : FFEF;
00001D88 : 0002;
00001D89 : 000E;
00001D8A : 001F;
00001D8B : 000F;
00001D8C : 0028;
00001D8D : 0012;
00001D8E : 000E;
00001D8F : FFFD;
00001D90 : 0002;
00001D91 : FFFF;
00001D92 : FFF7;
00001D93 : 0001;
00001D94 : FFED;
00001D95 : FFFA;
00001D96 : 0004;
00001D97 : 000B;
00001D98 : FFFD;
00001D99 : FFFE;
00001D9A : 0017;
00001D9B : 0019;
00001D9C : 000B;
00001D9D : 002B;
00001D9E : 003C;
00001D9F : 0023;
00001DA0 : 0018;
00001DA1 : 0001;
00001DA2 : 000F;
00001DA3 : 0022;
00001DA4 : 0013;
00001DA5 : 000B;
00001DA6 : FFE8;
00001DA7 : FFED;
00001DA8 : 001C;
00001DA9 : FFEE;
00001DAA : FFFC;
00001DAB : 0022;
00001DAC : FFF4;
00001DAD : FFE0;
00001DAE : FFD8;
00001DAF : FFD9;
00001DB0 : FFF3;
00001DB1 : 000E;
00001DB2 : FFF1;
00001DB3 : FFE4;
00001DB4 : FFEE;
00001DB5 : FFDF;
00001DB6 : 0020;
00001DB7 : 0018;
00001DB8 : 0022;
00001DB9 : FFFB;
00001DBA : FFF3;
00001DBB : FFEE;
00001DBC : 0015;
00001DBD : 0009;
00001DBE : 0001;
00001DBF : 0005;
00001DC0 : 0009;
00001DC1 : 0007;
00001DC2 : FFF3;
00001DC3 : FFF7;
00001DC4 : 0003;
00001DC5 : FFEA;
00001DC6 : FFC3;
00001DC7 : FFEE;
00001DC8 : FFEB;
00001DC9 : FFFA;
00001DCA : FFFA;
00001DCB : 0008;
00001DCC : FFFD;
00001DCD : 0024;
00001DCE : FFFA;
00001DCF : 0012;
00001DD0 : 0011;
00001DD1 : FFE1;
00001DD2 : FFF5;
00001DD3 : 0002;
00001DD4 : FFD5;
00001DD5 : FFF2;
00001DD6 : FFF5;
00001DD7 : 001F;
00001DD8 : 0009;
00001DD9 : FFE4;
00001DDA : FFDE;
00001DDB : FFC2;
00001DDC : FFB5;
00001DDD : FFC9;
00001DDE : FFD6;
00001DDF : FFCA;
00001DE0 : FFB4;
00001DE1 : FF95;
00001DE2 : FFA4;
00001DE3 : FFC5;
00001DE4 : FFC0;
00001DE5 : FFBE;
00001DE6 : FFDB;
00001DE7 : FF9B;
00001DE8 : FF43;
00001DE9 : FF4F;
00001DEA : FF5F;
00001DEB : FF6A;
00001DEC : FF44;
00001DED : FF69;
00001DEE : FF5B;
00001DEF : FF64;
00001DF0 : FF6D;
00001DF1 : FF5B;
00001DF2 : FF82;
00001DF3 : FF6C;
00001DF4 : FF67;
00001DF5 : FF5B;
00001DF6 : FF85;
00001DF7 : FF82;
00001DF8 : FF1E;
00001DF9 : FEFC;
00001DFA : FF79;
00001DFB : FF67;
00001DFC : FF37;
00001DFD : FF1E;
00001DFE : FEDF;
00001DFF : FE9C;
00001E00 : FEC4;
00001E01 : FEA2;
00001E02 : FE8A;
00001E03 : FEC9;
00001E04 : FECC;
00001E05 : FE89;
00001E06 : FEBD;
00001E07 : FF0E;
00001E08 : FEED;
00001E09 : FF20;
00001E0A : FF5E;
00001E0B : FF25;
00001E0C : FF5C;
00001E0D : FF4F;
00001E0E : FF4F;
00001E0F : FF84;
00001E10 : FF3F;
00001E11 : FF7B;
00001E12 : FF62;
00001E13 : FF6C;
00001E14 : FF76;
00001E15 : FF75;
00001E16 : FF6E;
00001E17 : FF6B;
00001E18 : FF4D;
00001E19 : FF79;
00001E1A : FF96;
00001E1B : FF99;
00001E1C : FF67;
00001E1D : FF28;
00001E1E : FF1E;
00001E1F : FF26;
00001E20 : FF19;
00001E21 : FEFF;
00001E22 : FF13;
00001E23 : FF59;
00001E24 : FEE7;
00001E25 : FEB2;
00001E26 : FEFA;
00001E27 : FEE5;
00001E28 : FF73;
00001E29 : FF6F;
00001E2A : FF94;
00001E2B : FF5C;
00001E2C : FF7E;
00001E2D : FF7B;
00001E2E : FF79;
00001E2F : FF79;
00001E30 : FF74;
00001E31 : FF61;
00001E32 : FF81;
00001E33 : FF9B;
00001E34 : FFAC;
00001E35 : FF9F;
00001E36 : FF9A;
00001E37 : FF83;
00001E38 : FF73;
00001E39 : FF9A;
00001E3A : FF86;
00001E3B : FF8B;
00001E3C : FFA3;
00001E3D : FF86;
00001E3E : FFA4;
00001E3F : FF84;
00001E40 : FF72;
00001E41 : FF70;
00001E42 : FF7C;
00001E43 : FF79;
00001E44 : FF71;
00001E45 : FFAA;
00001E46 : FFAC;
00001E47 : FFB5;
00001E48 : FF89;
00001E49 : FF7C;
00001E4A : FFB6;
00001E4B : FFAF;
00001E4C : FF61;
00001E4D : FF80;
00001E4E : FF93;
00001E4F : FF81;
00001E50 : FF61;
00001E51 : FF81;
00001E52 : FF89;
00001E53 : FF95;
00001E54 : FFA8;
00001E55 : FF8B;
00001E56 : FF8A;
00001E57 : FF89;
00001E58 : FF41;
00001E59 : FF7A;
00001E5A : FF5E;
00001E5B : FF52;
00001E5C : FF28;
00001E5D : FF41;
00001E5E : FF58;
00001E5F : FF52;
00001E60 : FF47;
00001E61 : FF60;
00001E62 : FF89;
00001E63 : FFAF;
00001E64 : FF14;
00001E65 : FEC8;
00001E66 : FF03;
00001E67 : FEEB;
00001E68 : FEDA;
00001E69 : FEF6;
00001E6A : FEFA;
00001E6B : FEE6;
00001E6C : FF87;
00001E6D : FF55;
00001E6E : FEFD;
00001E6F : FEF6;
00001E70 : FEEB;
00001E71 : FEEE;
00001E72 : FED6;
00001E73 : FEF9;
00001E74 : FF11;
00001E75 : FF02;
00001E76 : FF10;
00001E77 : FF21;
00001E78 : FF28;
00001E79 : FF29;
00001E7A : FF49;
00001E7B : FF98;
00001E7C : FF15;
00001E7D : FF11;
00001E7E : FEFC;
00001E7F : FF05;
00001E80 : FF0D;
00001E81 : FEF3;
00001E82 : FF05;
00001E83 : FF10;
00001E84 : FF41;
00001E85 : FF20;
00001E86 : FF24;
00001E87 : FF2E;
00001E88 : FF33;
00001E89 : FF3D;
00001E8A : FF59;
00001E8B : FF49;
00001E8C : FF44;
00001E8D : FF4C;
00001E8E : FF38;
00001E8F : FF56;
00001E90 : FF2E;
00001E91 : FF0B;
00001E92 : FF1F;
00001E93 : FF28;
00001E94 : FF0D;
00001E95 : FF3E;
00001E96 : FF41;
00001E97 : FF50;
00001E98 : FF3C;
00001E99 : FF3F;
00001E9A : FF4D;
00001E9B : FF3F;
00001E9C : FF33;
00001E9D : FF25;
00001E9E : FF2C;
00001E9F : FF39;
00001EA0 : FF50;
00001EA1 : FF53;
00001EA2 : FF68;
00001EA3 : FF02;
00001EA4 : FEC0;
00001EA5 : FEF6;
00001EA6 : FF36;
00001EA7 : FF5D;
00001EA8 : FF39;
00001EA9 : FF4E;
00001EAA : FF6F;
00001EAB : FF50;
00001EAC : FEFA;
00001EAD : FF29;
00001EAE : FF50;
00001EAF : FF4C;
00001EB0 : FF40;
00001EB1 : FF0A;
00001EB2 : FF01;
00001EB3 : FF3C;
00001EB4 : FF5E;
00001EB5 : FF2F;
00001EB6 : FF3A;
00001EB7 : FF12;
00001EB8 : FF15;
00001EB9 : FF4D;
00001EBA : FF41;
00001EBB : FF3D;
00001EBC : FF32;
00001EBD : FEE8;
00001EBE : FEEA;
00001EBF : FF08;
00001EC0 : FF30;
00001EC1 : FF77;
00001EC2 : FF86;
00001EC3 : FF54;
00001EC4 : FF6D;
00001EC5 : FF97;
00001EC6 : FF93;
00001EC7 : FF67;
00001EC8 : FF3B;
00001EC9 : FF3A;
00001ECA : FF22;
00001ECB : FF46;
00001ECC : FF4A;
00001ECD : FF76;
00001ECE : FF5F;
00001ECF : FF64;
00001ED0 : FF71;
00001ED1 : FF57;
00001ED2 : FF60;
00001ED3 : FF79;
00001ED4 : FF5C;
00001ED5 : FF63;
00001ED6 : FF2B;
00001ED7 : FF2F;
00001ED8 : FF70;
00001ED9 : FFA4;
00001EDA : FF6B;
00001EDB : FFA4;
00001EDC : FFFA;
00001EDD : FFEC;
00001EDE : 001C;
00001EDF : 000E;
00001EE0 : FFD4;
00001EE1 : FFE2;
00001EE2 : FFD7;
00001EE3 : FFFB;
00001EE4 : 000B;
00001EE5 : FFE7;
00001EE6 : FFB9;
00001EE7 : FFEF;
00001EE8 : FFF1;
00001EE9 : 0007;
00001EEA : 0048;
00001EEB : 002C;
00001EEC : 0072;
00001EED : 0047;
00001EEE : 006C;
00001EEF : 004E;
00001EF0 : 0069;
00001EF1 : 003A;
00001EF2 : 002A;
00001EF3 : 0034;
00001EF4 : 0032;
00001EF5 : 002D;
00001EF6 : 0005;
00001EF7 : FFF7;
00001EF8 : 0040;
00001EF9 : 005C;
00001EFA : 003B;
00001EFB : 004E;
00001EFC : 006C;
00001EFD : 0047;
00001EFE : 0065;
00001EFF : 0040;
00001F00 : 0020;
00001F01 : 0038;
00001F02 : 0023;
00001F03 : 002C;
00001F04 : 0021;
00001F05 : 0013;
00001F06 : 0006;
00001F07 : 0005;
00001F08 : 0005;
00001F09 : 0021;
00001F0A : 0039;
00001F0B : 0048;
00001F0C : 0026;
00001F0D : 004C;
00001F0E : 0051;
00001F0F : 0045;
00001F10 : FFFB;
00001F11 : FFFF;
00001F12 : FFF6;
00001F13 : FFE6;
00001F14 : 0018;
00001F15 : 0016;
00001F16 : 004B;
00001F17 : 0048;
00001F18 : 000B;
00001F19 : 0005;
00001F1A : 001B;
00001F1B : 0049;
00001F1C : 0057;
00001F1D : 0041;
00001F1E : 0035;
00001F1F : 0044;
00001F20 : 003D;
00001F21 : 005A;
00001F22 : 004E;
00001F23 : 004A;
00001F24 : 0057;
00001F25 : 0045;
00001F26 : 0065;
00001F27 : 0083;
00001F28 : 0050;
00001F29 : 007D;
00001F2A : 0083;
00001F2B : 0059;
00001F2C : 0076;
00001F2D : 0074;
00001F2E : 0081;
00001F2F : 007A;
00001F30 : 0077;
00001F31 : 003D;
00001F32 : 0054;
00001F33 : 0062;
00001F34 : 005E;
00001F35 : 0031;
00001F36 : 004A;
00001F37 : 001A;
00001F38 : 0010;
00001F39 : 001B;
00001F3A : 0002;
00001F3B : 0019;
00001F3C : 0026;
00001F3D : 0036;
00001F3E : 0046;
00001F3F : 005E;
00001F40 : 0069;
00001F41 : 0060;
00001F42 : 0052;
00001F43 : 0074;
00001F44 : 002D;
00001F45 : 0007;
00001F46 : 002B;
00001F47 : 0022;
00001F48 : 0040;
00001F49 : 006B;
00001F4A : 003C;
00001F4B : 003C;
00001F4C : 0041;
00001F4D : 0053;
00001F4E : 0049;
00001F4F : 0031;
00001F50 : 0053;
00001F51 : 004D;
00001F52 : 002F;
00001F53 : 0048;
00001F54 : 0064;
00001F55 : 0076;
00001F56 : 0058;
00001F57 : 0071;
00001F58 : 0058;
00001F59 : 0026;
00001F5A : 0008;
00001F5B : 0067;
00001F5C : 0028;
00001F5D : 0014;
00001F5E : 0032;
00001F5F : 0032;
00001F60 : 0021;
00001F61 : 002A;
00001F62 : 003B;
00001F63 : 0020;
00001F64 : 002C;
00001F65 : 003D;
00001F66 : 0009;
00001F67 : 001B;
00001F68 : 006C;
00001F69 : 0031;
00001F6A : 0018;
00001F6B : 0029;
00001F6C : 005D;
00001F6D : 006F;
00001F6E : 008E;
00001F6F : 0084;
00001F70 : 00C4;
00001F71 : 007B;
00001F72 : 000B;
00001F73 : FFCA;
00001F74 : FF88;
00001F75 : FF78;
00001F76 : FFAD;
00001F77 : 002D;
00001F78 : 00A7;
00001F79 : 014C;
00001F7A : 01A0;
00001F7B : 016F;
00001F7C : 00D5;
00001F7D : 004F;
00001F7E : FFBF;
00001F7F : FF2F;
00001F80 : FEBC;
00001F81 : FE3D;
00001F82 : FE71;
00001F83 : FEEF;
00001F84 : FFE9;
00001F85 : 00EA;
00001F86 : 01B2;
00001F87 : 024A;
00001F88 : 0224;
00001F89 : 0113;
00001F8A : FFE2;
00001F8B : FF1F;
00001F8C : FE63;
00001F8D : FDDB;
00001F8E : FE13;
00001F8F : FE55;
00001F90 : FF13;
00001F91 : 002B;
00001F92 : 0184;
00001F93 : 02A4;
00001F94 : 02FF;
00001F95 : 027E;
00001F96 : 0112;
00001F97 : FF0B;
00001F98 : FDA6;
00001F99 : FD49;
00001F9A : FD55;
00001F9B : FE4D;
00001F9C : FF23;
00001F9D : FFF8;
00001F9E : 006C;
00001F9F : 00E1;
00001FA0 : 0143;
00001FA1 : 01AD;
00001FA2 : 015A;
00001FA3 : 00B7;
00001FA4 : FF94;
00001FA5 : FDEF;
00001FA6 : FCCE;
00001FA7 : FCBB;
00001FA8 : FD5C;
00001FA9 : FED7;
00001FAA : 0116;
00001FAB : 02C0;
00001FAC : 0362;
00001FAD : 02D5;
00001FAE : 0176;
00001FAF : 001F;
00001FB0 : FEDB;
00001FB1 : FE18;
00001FB2 : FDDB;
00001FB3 : FD69;
00001FB4 : FD4E;
00001FB5 : FD63;
00001FB6 : FDE5;
00001FB7 : FF6E;
00001FB8 : 0137;
00001FB9 : 0306;
00001FBA : 03C7;
00001FBB : 0303;
00001FBC : 014A;
00001FBD : FF63;
00001FBE : FDB2;
00001FBF : FD2D;
00001FC0 : FD2C;
00001FC1 : FDD5;
00001FC2 : FED2;
00001FC3 : FFAC;
00001FC4 : 00EE;
00001FC5 : 0239;
00001FC6 : 036F;
00001FC7 : 03AA;
00001FC8 : 030C;
00001FC9 : 017A;
00001FCA : FF0B;
00001FCB : FC88;
00001FCC : FAD4;
00001FCD : FA77;
00001FCE : FAD6;
00001FCF : FC3B;
00001FD0 : FE5B;
00001FD1 : 0001;
00001FD2 : 015E;
00001FD3 : 02D0;
00001FD4 : 042B;
00001FD5 : 04D6;
00001FD6 : 04A4;
00001FD7 : 034D;
00001FD8 : 0142;
00001FD9 : FF5C;
00001FDA : FDDB;
00001FDB : FCFA;
00001FDC : FCA6;
00001FDD : FCCA;
00001FDE : FD6D;
00001FDF : FE83;
00001FE0 : FFD0;
00001FE1 : 0112;
00001FE2 : 021C;
00001FE3 : 0282;
00001FE4 : 01CF;
00001FE5 : 009E;
00001FE6 : FF66;
00001FE7 : FE81;
00001FE8 : FE35;
00001FE9 : FDE4;
00001FEA : FE2E;
00001FEB : FEA1;
00001FEC : FFD4;
00001FED : 0160;
00001FEE : 0312;
00001FEF : 0450;
00001FF0 : 044F;
00001FF1 : 0307;
00001FF2 : 0042;
00001FF3 : FD95;
00001FF4 : FBFC;
00001FF5 : FB91;
00001FF6 : FBEE;
00001FF7 : FD07;
00001FF8 : FE64;
00001FF9 : FFBF;
00001FFA : 014C;
00001FFB : 02F5;
00001FFC : 0445;
00001FFD : 0486;
00001FFE : 03D2;
00001FFF : 014D;
00002000 : FDF1;
00002001 : FB83;
00002002 : FA78;
00002003 : FAB1;
00002004 : FC8C;
00002005 : FF1B;
00002006 : 0223;
00002007 : 04A8;
00002008 : 0657;
00002009 : 0714;
0000200A : 0690;
0000200B : 04E1;
0000200C : 01D7;
0000200D : FE83;
0000200E : FB81;
0000200F : F9AB;
00002010 : F9C6;
00002011 : FB30;
00002012 : FD87;
00002013 : 00A8;
00002014 : 0307;
00002015 : 0452;
00002016 : 046E;
00002017 : 036B;
00002018 : 01A4;
00002019 : FF01;
0000201A : FC77;
0000201B : FA72;
0000201C : F94B;
0000201D : FA2A;
0000201E : FC39;
0000201F : FF8B;
00002020 : 02E2;
00002021 : 05EE;
00002022 : 07B9;
00002023 : 0753;
00002024 : 0593;
00002025 : 02FF;
00002026 : FFC4;
00002027 : FC85;
00002028 : F983;
00002029 : F7AF;
0000202A : F772;
0000202B : F9EC;
0000202C : FE51;
0000202D : 03D4;
0000202E : 080D;
0000202F : 092D;
00002030 : 0767;
00002031 : 0367;
00002032 : FF26;
00002033 : FC36;
00002034 : FAEB;
00002035 : FACD;
00002036 : FB5B;
00002037 : FBDF;
00002038 : FCD1;
00002039 : FEAA;
0000203A : 0119;
0000203B : 0401;
0000203C : 056A;
0000203D : 0583;
0000203E : 0437;
0000203F : 017E;
00002040 : FE8B;
00002041 : FC78;
00002042 : FB12;
00002043 : FA13;
00002044 : FA02;
00002045 : FBA3;
00002046 : FEEA;
00002047 : 02AE;
00002048 : 05D7;
00002049 : 0718;
0000204A : 05BE;
0000204B : 02B4;
0000204C : FF4E;
0000204D : FD1E;
0000204E : FC78;
0000204F : FCDF;
00002050 : FD3D;
00002051 : FDCB;
00002052 : FE46;
00002053 : FF68;
00002054 : 0197;
00002055 : 03FC;
00002056 : 05DC;
00002057 : 054A;
00002058 : 020B;
00002059 : FD0D;
0000205A : F8AB;
0000205B : F6A1;
0000205C : F7AA;
0000205D : FACE;
0000205E : FE94;
0000205F : 01A8;
00002060 : 03C5;
00002061 : 05BE;
00002062 : 0819;
00002063 : 0A70;
00002064 : 0AF4;
00002065 : 0839;
00002066 : 027B;
00002067 : FAD3;
00002068 : F4FD;
00002069 : F2D5;
0000206A : F4D7;
0000206B : F8DA;
0000206C : FCB5;
0000206D : FFAA;
0000206E : 01B5;
0000206F : 0402;
00002070 : 0766;
00002071 : 09D1;
00002072 : 0A1C;
00002073 : 06C7;
00002074 : 00A5;
00002075 : FA3A;
00002076 : F687;
00002077 : F6AB;
00002078 : F9F6;
00002079 : FE8A;
0000207A : 024A;
0000207B : 04EE;
0000207C : 068F;
0000207D : 0812;
0000207E : 08CA;
0000207F : 074C;
00002080 : 03C9;
00002081 : FDC2;
00002082 : F6C8;
00002083 : F1F1;
00002084 : F0C4;
00002085 : F477;
00002086 : FA4F;
00002087 : 00AC;
00002088 : 05AE;
00002089 : 08B1;
0000208A : 09D8;
0000208B : 09C6;
0000208C : 0854;
0000208D : 04F5;
0000208E : FF48;
0000208F : F883;
00002090 : F32B;
00002091 : F1C4;
00002092 : F506;
00002093 : FBDC;
00002094 : 03CB;
00002095 : 0996;
00002096 : 0C34;
00002097 : 0BCA;
00002098 : 09C4;
00002099 : 0765;
0000209A : 04CC;
0000209B : 00ED;
0000209C : FBA3;
0000209D : F607;
0000209E : F20C;
0000209F : F1E5;
000020A0 : F65F;
000020A1 : FDCD;
000020A2 : 0543;
000020A3 : 0A2B;
000020A4 : 0A96;
000020A5 : 07FC;
000020A6 : 03BB;
000020A7 : FFDF;
000020A8 : FCBE;
000020A9 : FA7E;
000020AA : F8C2;
000020AB : F743;
000020AC : F732;
000020AD : F99F;
000020AE : FE40;
000020AF : 0444;
000020B0 : 09F8;
000020B1 : 0CEB;
000020B2 : 0C38;
000020B3 : 0883;
000020B4 : 02D2;
000020B5 : FD1C;
000020B6 : F917;
000020B7 : F769;
000020B8 : F837;
000020B9 : FAB4;
000020BA : FE31;
000020BB : 0166;
000020BC : 03ED;
000020BD : 052A;
000020BE : 0576;
000020BF : 04FA;
000020C0 : 0412;
000020C1 : 0283;
000020C2 : 0026;
000020C3 : FDE6;
000020C4 : FC04;
000020C5 : FB5C;
000020C6 : FD3D;
000020C7 : 012F;
000020C8 : 05BF;
000020C9 : 08A5;
000020CA : 0874;
000020CB : 0479;
000020CC : FE88;
000020CD : F970;
000020CE : F6D6;
000020CF : F6CF;
000020D0 : F823;
000020D1 : F9F5;
000020D2 : FB71;
000020D3 : FE17;
000020D4 : 0286;
000020D5 : 0830;
000020D6 : 0CFC;
000020D7 : 0E0E;
000020D8 : 0A40;
000020D9 : 0272;
000020DA : F9B5;
000020DB : F386;
000020DC : F1FB;
000020DD : F431;
000020DE : F7D0;
000020DF : FBBE;
000020E0 : FF8A;
000020E1 : 047B;
000020E2 : 0A8A;
000020E3 : 1029;
000020E4 : 12D4;
000020E5 : 1028;
000020E6 : 07EA;
000020E7 : FD1A;
000020E8 : F39F;
000020E9 : EE93;
000020EA : EF03;
000020EB : F30B;
000020EC : F865;
000020ED : FDD4;
000020EE : 0329;
000020EF : 086A;
000020F0 : 0D17;
000020F1 : 0FFC;
000020F2 : 0EB9;
000020F3 : 086C;
000020F4 : FE4A;
000020F5 : F401;
000020F6 : ECA0;
000020F7 : EB51;
000020F8 : EF52;
000020F9 : F653;
000020FA : FE1F;
000020FB : 03FD;
000020FC : 07DE;
000020FD : 0A0F;
000020FE : 0B0A;
000020FF : 0AA0;
00002100 : 0722;
00002101 : 00ED;
00002102 : F94E;
00002103 : F2D8;
00002104 : F01E;
00002105 : F298;
00002106 : F988;
00002107 : 018D;
00002108 : 0890;
00002109 : 0CC5;
0000210A : 0DF1;
0000210B : 0D3A;
0000210C : 0B45;
0000210D : 07BE;
0000210E : 026B;
0000210F : FB74;
00002110 : F4D6;
00002111 : F039;
00002112 : EFE9;
00002113 : F3FE;
00002114 : FA95;
00002115 : 0161;
00002116 : 064B;
00002117 : 0828;
00002118 : 07CE;
00002119 : 05DB;
0000211A : 0305;
0000211B : FFB5;
0000211C : FC0F;
0000211D : F88D;
0000211E : F62D;
0000211F : F5B2;
00002120 : F792;
00002121 : FB32;
00002122 : FFB7;
00002123 : 0392;
00002124 : 0609;
00002125 : 073B;
00002126 : 073E;
00002127 : 06AD;
00002128 : 0535;
00002129 : 033A;
0000212A : 009E;
0000212B : FDB7;
0000212C : FB2A;
0000212D : F9E3;
0000212E : FAAC;
0000212F : FD54;
00002130 : 006F;
00002131 : 030F;
00002132 : 04AC;
00002133 : 0540;
00002134 : 0595;
00002135 : 0670;
00002136 : 0772;
00002137 : 078F;
00002138 : 0556;
00002139 : 0057;
0000213A : F978;
0000213B : F34D;
0000213C : F08B;
0000213D : F1E3;
0000213E : F6B6;
0000213F : FC8A;
00002140 : 015D;
00002141 : 0462;
00002142 : 06C5;
00002143 : 0A30;
00002144 : 0E7C;
00002145 : 1205;
00002146 : 116E;
00002147 : 0B2D;
00002148 : FFC6;
00002149 : F3FF;
0000214A : ED0A;
0000214B : EC19;
0000214C : F0BC;
0000214D : F70D;
0000214E : FC2E;
0000214F : FFAD;
00002150 : 0274;
00002151 : 0705;
00002152 : 0D8C;
00002153 : 1321;
00002154 : 13D4;
00002155 : 0D6A;
00002156 : 0173;
00002157 : F5F4;
00002158 : EF82;
00002159 : F04D;
0000215A : F630;
0000215B : FCDC;
0000215C : 0175;
0000215D : 03A4;
0000215E : 05CC;
0000215F : 0920;
00002160 : 0D75;
00002161 : 0F4F;
00002162 : 0BCF;
00002163 : 0263;
00002164 : F671;
00002165 : EDA7;
00002166 : EB34;
00002167 : EF21;
00002168 : F660;
00002169 : FCF1;
0000216A : 012B;
0000216B : 0416;
0000216C : 0735;
0000216D : 0B30;
0000216E : 0E5C;
0000216F : 0D9E;
00002170 : 06D6;
00002171 : FC17;
00002172 : F111;
00002173 : EB53;
00002174 : ECE8;
00002175 : F329;
00002176 : FB03;
00002177 : 008E;
00002178 : 0368;
00002179 : 04A7;
0000217A : 0709;
0000217B : 0A9F;
0000217C : 0CA9;
0000217D : 0B67;
0000217E : 0546;
0000217F : FC31;
00002180 : F438;
00002181 : F0B8;
00002182 : F2E9;
00002183 : F975;
00002184 : 0024;
00002185 : 04C7;
00002186 : 074E;
00002187 : 07F8;
00002188 : 0808;
00002189 : 07B7;
0000218A : 0634;
0000218B : 02DD;
0000218C : FE86;
0000218D : FAD7;
0000218E : F92B;
0000218F : F9E1;
00002190 : FC14;
00002191 : FEBF;
00002192 : 006C;
00002193 : 00C5;
00002194 : 00A0;
00002195 : 006F;
00002196 : FFE4;
00002197 : FE72;
00002198 : FC3B;
00002199 : F982;
0000219A : F73C;
0000219B : F744;
0000219C : F99A;
0000219D : FE25;
0000219E : 03E4;
0000219F : 094A;
000021A0 : 0CEB;
000021A1 : 0E2D;
000021A2 : 0D17;
000021A3 : 0973;
000021A4 : 04D2;
000021A5 : FFD3;
000021A6 : FBA1;
000021A7 : F875;
000021A8 : F75F;
000021A9 : F847;
000021AA : FB5A;
000021AB : 0043;
000021AC : 069B;
000021AD : 0CD1;
000021AE : 114E;
000021AF : 133C;
000021B0 : 1166;
000021B1 : 0B61;
000021B2 : 0220;
000021B3 : F77E;
000021B4 : EE97;
000021B5 : E989;
000021B6 : E980;
000021B7 : EE29;
000021B8 : F579;
000021B9 : FD16;
000021BA : 0463;
000021BB : 0B9D;
000021BC : 1256;
000021BD : 1806;
000021BE : 1A13;
000021BF : 1610;
000021C0 : 0BC8;
000021C1 : FD28;
000021C2 : EF17;
000021C3 : E602;
000021C4 : E3AC;
000021C5 : E74B;
000021C6 : EE20;
000021C7 : F5D0;
000021C8 : FE95;
000021C9 : 07BC;
000021CA : 10FF;
000021CB : 18AF;
000021CC : 1C3E;
000021CD : 1966;
000021CE : 1074;
000021CF : 038E;
000021D0 : F7F3;
000021D1 : F0FF;
000021D2 : EFB7;
000021D3 : F202;
000021D4 : F5DB;
000021D5 : FA2F;
000021D6 : FEE6;
000021D7 : 044C;
000021D8 : 0A2A;
000021D9 : 0E1D;
000021DA : 0DCF;
000021DB : 07D7;
000021DC : FDB8;
000021DD : F267;
000021DE : EAD5;
000021DF : E889;
000021E0 : EBA3;
000021E1 : F1D1;
000021E2 : F807;
000021E3 : FCE6;
000021E4 : 0122;
000021E5 : 0525;
000021E6 : 0909;
000021E7 : 0B32;
000021E8 : 0958;
000021E9 : 02DE;
000021EA : F9B0;
000021EB : F266;
000021EC : EF60;
000021ED : F2AD;
000021EE : FA48;
000021EF : 0219;
000021F0 : 07B7;
000021F1 : 0AD1;
000021F2 : 0CB8;
000021F3 : 0DCC;
000021F4 : 0E3E;
000021F5 : 0C20;
000021F6 : 0654;
000021F7 : FE65;
000021F8 : F702;
000021F9 : F2FD;
000021FA : F31E;
000021FB : F6D6;
000021FC : FB3D;
000021FD : FE85;
000021FE : FF85;
000021FF : FF4E;
00002200 : FEFC;
00002201 : FEAD;
00002202 : FE14;
00002203 : FC55;
00002204 : F8FB;
00002205 : F533;
00002206 : F25C;
00002207 : F2D1;
00002208 : F721;
00002209 : FE18;
0000220A : 05BE;
0000220B : 0BBE;
0000220C : 0E8D;
0000220D : 0E38;
0000220E : 0B83;
0000220F : 07E0;
00002210 : 03F6;
00002211 : FFE7;
00002212 : FC02;
00002213 : F85B;
00002214 : F5D3;
00002215 : F65A;
00002216 : FA77;
00002217 : 0254;
00002218 : 0B43;
00002219 : 12D9;
0000221A : 169B;
0000221B : 1479;
0000221C : 0D49;
0000221D : 0320;
0000221E : F96B;
0000221F : F24E;
00002220 : EEC9;
00002221 : EEC0;
00002222 : F0DD;
00002223 : F4AF;
00002224 : FA6F;
00002225 : 02AF;
00002226 : 0C2A;
00002227 : 13E7;
00002228 : 17C5;
00002229 : 1558;
0000222A : 0CDC;
0000222B : 011B;
0000222C : F5B5;
0000222D : EE8C;
0000222E : EC74;
0000222F : EDCD;
00002230 : F1B1;
00002231 : F735;
00002232 : FE6C;
00002233 : 0799;
00002234 : 1137;
00002235 : 1881;
00002236 : 1B1E;
00002237 : 173D;
00002238 : 0E31;
00002239 : 0345;
0000223A : F9AE;
0000223B : F429;
0000223C : F29A;
0000223D : F3CC;
0000223E : F755;
0000223F : FCD7;
00002240 : 03AC;
00002241 : 0AAB;
00002242 : 0FC2;
00002243 : 10F5;
00002244 : 0D1E;
00002245 : 055D;
00002246 : FB7A;
00002247 : F27C;
00002248 : EBD9;
00002249 : E816;
0000224A : E837;
0000224B : EB7A;
0000224C : F175;
0000224D : F97F;
0000224E : 0204;
0000224F : 0963;
00002250 : 0DFB;
00002251 : 0EE9;
00002252 : 0BED;
00002253 : 057F;
00002254 : FD5A;
00002255 : F5F9;
00002256 : F255;
00002257 : F38B;
00002258 : F909;
00002259 : 0090;
0000225A : 0753;
0000225B : 0B7E;
0000225C : 0D15;
0000225D : 0CDF;
0000225E : 0B76;
0000225F : 0968;
00002260 : 0648;
00002261 : 016F;
00002262 : FAFB;
00002263 : F429;
00002264 : EEED;
00002265 : ED5A;
00002266 : EFAF;
00002267 : F5A4;
00002268 : FC77;
00002269 : 02C5;
0000226A : 0616;
0000226B : 062E;
0000226C : 02A4;
0000226D : FCE6;
0000226E : F734;
0000226F : F2F6;
00002270 : F119;
00002271 : F2BE;
00002272 : F77D;
00002273 : FDD5;
00002274 : 03AB;
00002275 : 0760;
00002276 : 0841;
00002277 : 0750;
00002278 : 0549;
00002279 : 040C;
0000227A : 03DC;
0000227B : 03CA;
0000227C : 030D;
0000227D : 00A0;
0000227E : FCC4;
0000227F : F96D;
00002280 : F8C3;
00002281 : FC33;
00002282 : 0343;
00002283 : 0B1F;
00002284 : 10C0;
00002285 : 11A8;
00002286 : 0D9D;
00002287 : 0708;
00002288 : 0040;
00002289 : FB3D;
0000228A : F8CD;
0000228B : F8FD;
0000228C : FA41;
0000228D : FB16;
0000228E : FB75;
0000228F : FAFC;
00002290 : FB4E;
00002291 : FCD4;
00002292 : FFA6;
00002293 : 02B3;
00002294 : 05DF;
00002295 : 0822;
00002296 : 08E7;
00002297 : 08FD;
00002298 : 0853;
00002299 : 0719;
0000229A : 04F5;
0000229B : 0204;
0000229C : FE6D;
0000229D : FB3F;
0000229E : F9B9;
0000229F : FACA;
000022A0 : FE4C;
000022A1 : 0253;
000022A2 : 056A;
000022A3 : 06BF;
000022A4 : 06BC;
000022A5 : 063E;
000022A6 : 0740;
000022A7 : 09DF;
000022A8 : 0C53;
000022A9 : 0D4A;
000022AA : 0B9F;
000022AB : 0766;
000022AC : 01BA;
000022AD : FC85;
000022AE : F912;
000022AF : F795;
000022B0 : F6DE;
000022B1 : F67F;
000022B2 : F5FE;
000022B3 : F623;
000022B4 : F78A;
000022B5 : FA09;
000022B6 : FD02;
000022B7 : FEE8;
000022B8 : 00AF;
000022B9 : 00E8;
000022BA : 0000;
000022BB : FEC8;
000022BC : FD64;
000022BD : FBB6;
000022BE : F97C;
000022BF : F74B;
000022C0 : F681;
000022C1 : F712;
000022C2 : F979;
000022C3 : FD2E;
000022C4 : 0091;
000022C5 : 0312;
000022C6 : 042F;
000022C7 : 0530;
000022C8 : 068B;
000022C9 : 0801;
000022CA : 0A4C;
000022CB : 0CB5;
000022CC : 0D14;
000022CD : 0B7A;
000022CE : 07CF;
000022CF : 032E;
000022D0 : FE68;
000022D1 : FABE;
000022D2 : F891;
000022D3 : F756;
000022D4 : F680;
000022D5 : F574;
000022D6 : F4A0;
000022D7 : F36D;
000022D8 : F2B8;
000022D9 : F39A;
000022DA : F58B;
000022DB : F907;
000022DC : FD1E;
000022DD : 00D2;
000022DE : 0321;
000022DF : 0331;
000022E0 : 01B0;
000022E1 : FF9F;
000022E2 : FD72;
000022E3 : FC5C;
000022E4 : FC02;
000022E5 : FC1C;
000022E6 : FC8E;
000022E7 : FD53;
000022E8 : FE8B;
000022E9 : 0139;
000022EA : 056D;
000022EB : 09DF;
000022EC : 0DA2;
000022ED : 0FFD;
000022EE : 0FAD;
000022EF : 0DEB;
000022F0 : 0B45;
000022F1 : 0800;
000022F2 : 0455;
000022F3 : FF65;
000022F4 : F979;
000022F5 : F3D6;
000022F6 : F019;
000022F7 : EEE3;
000022F8 : F048;
000022F9 : F36C;
000022FA : F739;
000022FB : FBF0;
000022FC : 0163;
000022FD : 0734;
000022FE : 0CDE;
000022FF : 11A6;
00002300 : 140F;
00002301 : 1351;
00002302 : 0FA5;
00002303 : 09B7;
00002304 : 02EF;
00002305 : FC08;
00002306 : F618;
00002307 : F144;
00002308 : EE30;
00002309 : ED54;
0000230A : F098;
0000230B : F7DB;
0000230C : 01B1;
0000230D : 0C4D;
0000230E : 1616;
0000230F : 1E02;
00002310 : 235D;
00002311 : 2531;
00002312 : 224F;
00002313 : 19F6;
00002314 : 0DA3;
00002315 : FF2A;
00002316 : F188;
00002317 : E72A;
00002318 : E06C;
00002319 : DF04;
0000231A : E2C1;
0000231B : E9DF;
0000231C : F1A5;
0000231D : F97E;
0000231E : 0042;
0000231F : 0540;
00002320 : 095F;
00002321 : 0CAD;
00002322 : 1046;
00002323 : 124B;
00002324 : 122A;
00002325 : 0E9D;
00002326 : 0730;
00002327 : FD1D;
00002328 : F2A0;
00002329 : EBCF;
0000232A : E962;
0000232B : EB2C;
0000232C : EFAD;
0000232D : F533;
0000232E : FA58;
0000232F : FE14;
00002330 : 01AB;
00002331 : 0565;
00002332 : 097A;
00002333 : 0DB3;
00002334 : 10AE;
00002335 : 11E4;
00002336 : 110B;
00002337 : 0DC3;
00002338 : 0853;
00002339 : 00BD;
0000233A : F87A;
0000233B : F1B2;
0000233C : EE07;
0000233D : EE83;
0000233E : F1C1;
0000233F : F56D;
00002340 : F70E;
00002341 : F5D8;
00002342 : F2F9;
00002343 : F146;
00002344 : F31E;
00002345 : F8E4;
00002346 : 00A2;
00002347 : 07B0;
00002348 : 0C05;
00002349 : 0D4A;
0000234A : 0C4F;
0000234B : 0AA1;
0000234C : 0940;
0000234D : 0930;
0000234E : 09DB;
0000234F : 0A45;
00002350 : 0943;
00002351 : 05D2;
00002352 : FFCE;
00002353 : F897;
00002354 : F259;
00002355 : EECB;
00002356 : EEF3;
00002357 : F298;
00002358 : F7E7;
00002359 : FCFF;
0000235A : 00E5;
0000235B : 033F;
0000235C : 0552;
0000235D : 0736;
0000235E : 097B;
0000235F : 0B47;
00002360 : 0BD0;
00002361 : 0B2F;
00002362 : 09A7;
00002363 : 083C;
00002364 : 0736;
00002365 : 06E7;
00002366 : 06F2;
00002367 : 060B;
00002368 : 03E8;
00002369 : 00C2;
0000236A : FB08;
0000236B : F3B6;
0000236C : EA43;
0000236D : E032;
0000236E : D8FC;
0000236F : D871;
00002370 : E146;
00002371 : F292;
00002372 : 08C4;
00002373 : 1F32;
00002374 : 32A1;
00002375 : 406C;
00002376 : 471F;
00002377 : 4500;
00002378 : 38C1;
00002379 : 2464;
0000237A : 0CC1;
0000237B : F58F;
0000237C : DF66;
0000237D : CB45;
0000237E : BAF9;
0000237F : B171;
00002380 : B206;
00002381 : BDEC;
00002382 : D3A9;
00002383 : EE5E;
00002384 : 0896;
00002385 : 1F4B;
00002386 : 3297;
00002387 : 41BB;
00002388 : 49F6;
00002389 : 48EE;
0000238A : 3E87;
0000238B : 2E72;
0000238C : 1F40;
0000238D : 13BA;
0000238E : 07AB;
0000238F : F646;
00002390 : E03D;
00002391 : CA77;
00002392 : BB58;
00002393 : B638;
00002394 : B88F;
00002395 : BEE7;
00002396 : C7FB;
00002397 : D582;
00002398 : E63D;
00002399 : F912;
0000239A : 0B80;
0000239B : 1A9F;
0000239C : 2638;
0000239D : 2BDF;
0000239E : 2B07;
0000239F : 24D2;
000023A0 : 1BA7;
000023A1 : 1178;
000023A2 : 0808;
000023A3 : 0063;
000023A4 : FAD8;
000023A5 : F726;
000023A6 : F4CE;
000023A7 : F433;
000023A8 : F41A;
000023A9 : F4C5;
000023AA : F5E8;
000023AB : F7BA;
000023AC : F99B;
000023AD : FA9C;
000023AE : FA8C;
000023AF : F9B4;
000023B0 : F99E;
000023B1 : FBE5;
000023B2 : 01A4;
000023B3 : 0A43;
000023B4 : 12ED;
000023B5 : 1860;
000023B6 : 17C5;
000023B7 : 10BC;
000023B8 : 054F;
000023B9 : F8A9;
000023BA : ED4A;
000023BB : E51D;
000023BC : E10C;
000023BD : E17D;
000023BE : E64A;
000023BF : EFE8;
000023C0 : FBA4;
000023C1 : 0672;
000023C2 : 0D8A;
000023C3 : 107A;
000023C4 : 1128;
000023C5 : 11A0;
000023C6 : 13BD;
000023C7 : 16FB;
000023C8 : 1A31;
000023C9 : 1AB5;
000023CA : 164C;
000023CB : 0D2A;
000023CC : 00EC;
000023CD : F384;
000023CE : E580;
000023CF : D70E;
000023D0 : C8C9;
000023D1 : BD4F;
000023D2 : B9F6;
000023D3 : C2C4;
000023D4 : D729;
000023D5 : F2B6;
000023D6 : 1002;
000023D7 : 2C21;
000023D8 : 4490;
000023D9 : 5794;
000023DA : 624A;
000023DB : 6189;
000023DC : 5173;
000023DD : 3292;
000023DE : 0DAD;
000023DF : EC21;
000023E0 : CFE6;
000023E1 : B7F6;
000023E2 : A71B;
000023E3 : A1EB;
000023E4 : AB9D;
000023E5 : C3A9;
000023E6 : E37F;
000023E7 : FF85;
000023E8 : 1191;
000023E9 : 1BC6;
000023EA : 236A;
000023EB : 2BA3;
000023EC : 33EE;
000023ED : 39D5;
000023EE : 3D04;
000023EF : 3DE3;
000023F0 : 3C91;
000023F1 : 382A;
000023F2 : 2D7A;
000023F3 : 1A55;
000023F4 : FF44;
000023F5 : E045;
000023F6 : C39A;
000023F7 : AE15;
000023F8 : A11B;
000023F9 : 9BF5;
000023FA : 9FD2;
000023FB : ACFF;
000023FC : C350;
000023FD : DDAA;
000023FE : F7C4;
000023FF : 0D3F;
00002400 : 2137;
00002401 : 34F9;
00002402 : 422D;
00002403 : 43E4;
00002404 : 370A;
00002405 : 1F92;
00002406 : 0520;
00002407 : F240;
00002408 : EB84;
00002409 : ECD5;
0000240A : F09D;
0000240B : F3B5;
0000240C : F6B3;
0000240D : FAC1;
0000240E : 0042;
0000240F : 04C8;
00002410 : 04E5;
00002411 : 0090;
00002412 : FA36;
00002413 : F512;
00002414 : F373;
00002415 : F590;
00002416 : F99B;
00002417 : FD91;
00002418 : 0066;
00002419 : 0103;
0000241A : FFCF;
0000241B : FC90;
0000241C : F77F;
0000241D : F1EA;
0000241E : EDBE;
0000241F : EC7D;
00002420 : EF68;
00002421 : F668;
00002422 : FFA0;
00002423 : 08AA;
00002424 : 0F1A;
00002425 : 11B1;
00002426 : 10E0;
00002427 : 0E23;
00002428 : 0C3D;
00002429 : 0C2B;
0000242A : 0D62;
0000242B : 0D5F;
0000242C : 09EA;
0000242D : 02DC;
0000242E : FA39;
0000242F : F255;
00002430 : EDA2;
00002431 : EB1E;
00002432 : E840;
00002433 : E3BE;
00002434 : DCE1;
00002435 : D71E;
00002436 : D676;
00002437 : DDE5;
00002438 : ED5B;
00002439 : 0319;
0000243A : 1CA5;
0000243B : 35A6;
0000243C : 4BE5;
0000243D : 5C42;
0000243E : 623E;
0000243F : 5939;
00002440 : 3E8B;
00002441 : 1899;
00002442 : F2AA;
00002443 : D27A;
00002444 : B7F9;
00002445 : A3A7;
00002446 : 994F;
00002447 : 9D33;
00002448 : B28D;
00002449 : D515;
0000244A : F8A1;
0000244B : 1519;
0000244C : 2A17;
0000244D : 3BF8;
0000244E : 4B1D;
0000244F : 543F;
00002450 : 5334;
00002451 : 46A2;
00002452 : 3350;
00002453 : 21D2;
00002454 : 16FE;
00002455 : 0EA8;
00002456 : 02A5;
00002457 : F152;
00002458 : DDBC;
00002459 : CD13;
0000245A : C1A4;
0000245B : BA5C;
0000245C : B594;
0000245D : B30C;
0000245E : B55B;
0000245F : C039;
00002460 : D457;
00002461 : ECAB;
00002462 : 03C3;
00002463 : 18C9;
00002464 : 2C09;
00002465 : 3B98;
00002466 : 4373;
00002467 : 3F96;
00002468 : 3093;
00002469 : 1B73;
0000246A : 07E9;
0000246B : FBB2;
0000246C : F5DB;
0000246D : F0B0;
0000246E : E953;
0000246F : E0F1;
00002470 : DCE1;
00002471 : E07C;
00002472 : EA81;
00002473 : F607;
00002474 : FEDF;
00002475 : 032F;
00002476 : 04B9;
00002477 : 058F;
00002478 : 0608;
00002479 : 05EB;
0000247A : 03D8;
0000247B : FFA8;
0000247C : FC3E;
0000247D : FB5C;
0000247E : FDA5;
0000247F : 008E;
00002480 : 00CD;
00002481 : FCC0;
00002482 : F566;
00002483 : EE2B;
00002484 : EA69;
00002485 : EC8F;
00002486 : F3E4;
00002487 : FD22;
00002488 : 04E6;
00002489 : 098F;
0000248A : 0AB8;
0000248B : 0A09;
0000248C : 08AE;
0000248D : 0771;
0000248E : 0718;
0000248F : 0783;
00002490 : 08D7;
00002491 : 0B0D;
00002492 : 0D1E;
00002493 : 0E98;
00002494 : 0D5C;
00002495 : 0869;
00002496 : FF3A;
00002497 : F276;
00002498 : E4AC;
00002499 : D7EB;
0000249A : CF0F;
0000249B : CBFD;
0000249C : D13C;
0000249D : DD4C;
0000249E : EF7A;
0000249F : 05D7;
000024A0 : 1EB9;
000024A1 : 37C5;
000024A2 : 4D9A;
000024A3 : 5BED;
000024A4 : 5ECE;
000024A5 : 525C;
000024A6 : 3621;
000024A7 : 1166;
000024A8 : ED44;
000024A9 : CDA7;
000024AA : B244;
000024AB : 9DFA;
000024AC : 9615;
000024AD : A041;
000024AE : BD75;
000024AF : E467;
000024B0 : 072D;
000024B1 : 1F11;
000024B2 : 2F00;
000024B3 : 3BD7;
000024B4 : 45EB;
000024B5 : 497F;
000024B6 : 4398;
000024B7 : 3568;
000024B8 : 2597;
000024B9 : 1B49;
000024BA : 18F5;
000024BB : 17B4;
000024BC : 1062;
000024BD : 01E1;
000024BE : F01B;
000024BF : E07C;
000024C0 : D4C2;
000024C1 : CB5D;
000024C2 : C22F;
000024C3 : B8CC;
000024C4 : B275;
000024C5 : B3DE;
000024C6 : C010;
000024C7 : D540;
000024C8 : ED3B;
000024C9 : 042D;
000024CA : 1A0A;
000024CB : 2F24;
000024CC : 40FB;
000024CD : 4A71;
000024CE : 46B2;
000024CF : 35DD;
000024D0 : 1B92;
000024D1 : 015D;
000024D2 : EE69;
000024D3 : E41A;
000024D4 : DF99;
000024D5 : DE45;
000024D6 : E042;
000024D7 : E77A;
000024D8 : F3C6;
000024D9 : 0179;
000024DA : 0B0A;
000024DB : 0E46;
000024DC : 0C84;
000024DD : 0898;
000024DE : 0499;
000024DF : 0095;
000024E0 : FB20;
000024E1 : F50F;
000024E2 : EF9D;
000024E3 : EBC9;
000024E4 : EC3E;
000024E5 : EF7C;
000024E6 : F3A3;
000024E7 : F74A;
000024E8 : F94E;
000024E9 : F91C;
000024EA : F882;
000024EB : F920;
000024EC : FB5B;
000024ED : FF2E;
000024EE : 041C;
000024EF : 08EB;
000024F0 : 0D1C;
000024F1 : 0F7B;
000024F2 : 0F3C;
000024F3 : 0C73;
000024F4 : 07F0;
000024F5 : 029E;
000024F6 : FEB6;
000024F7 : FD13;
000024F8 : FE76;
000024F9 : 01E8;
000024FA : 05D8;
000024FB : 080B;
000024FC : 0735;
000024FD : 01A7;
000024FE : F7BC;
000024FF : EAD4;
00002500 : DDBE;
00002501 : D522;
00002502 : D435;
00002503 : DCD4;
00002504 : ED5E;
00002505 : 0355;
00002506 : 1AED;
00002507 : 311D;
00002508 : 4309;
00002509 : 4E40;
0000250A : 4F66;
0000250B : 4370;
0000250C : 29C5;
0000250D : 07D3;
0000250E : E5F5;
0000250F : C97D;
00002510 : B41F;
00002511 : A7FF;
00002512 : A83A;
00002513 : B7CE;
00002514 : D5CF;
00002515 : F8F8;
00002516 : 17B4;
00002517 : 2EE3;
00002518 : 3F60;
00002519 : 497F;
0000251A : 4AFE;
0000251B : 4188;
0000251C : 2E72;
0000251D : 1802;
0000251E : 076C;
0000251F : 01B8;
00002520 : 033E;
00002521 : 05D8;
00002522 : 05BE;
00002523 : 02B7;
00002524 : FE15;
00002525 : F835;
00002526 : EF5B;
00002527 : E1A5;
00002528 : D0F1;
00002529 : C1EE;
0000252A : B9B1;
0000252B : BAF8;
0000252C : C64E;
0000252D : D8E1;
0000252E : EDED;
0000252F : 026C;
00002530 : 1618;
00002531 : 29DE;
00002532 : 3ABB;
00002533 : 42FD;
00002534 : 3ECD;
00002535 : 2E3B;
00002536 : 14B9;
00002537 : FACA;
00002538 : E827;
00002539 : DF81;
0000253A : DE03;
0000253B : E1EF;
0000253C : EAE4;
0000253D : F911;
0000253E : 0A9C;
0000253F : 1A9C;
00002540 : 23D7;
00002541 : 23A1;
00002542 : 1AAB;
00002543 : 0C7A;
00002544 : FE2D;
00002545 : F320;
00002546 : EBFD;
00002547 : E763;
00002548 : E4DA;
00002549 : E3B0;
0000254A : E44D;
0000254B : E770;
0000254C : EC18;
0000254D : F13A;
0000254E : F5DD;
0000254F : F96C;
00002550 : FC97;
00002551 : 00CD;
00002552 : 06F2;
00002553 : 0E12;
00002554 : 157B;
00002555 : 1ABD;
00002556 : 1C2F;
00002557 : 1925;
00002558 : 12BB;
00002559 : 0A52;
0000255A : 0210;
0000255B : FC28;
0000255C : F95B;
0000255D : F888;
0000255E : F933;
0000255F : FA5B;
00002560 : FD57;
00002561 : 019B;
00002562 : 064E;
00002563 : 0916;
00002564 : 06E7;
00002565 : FE42;
00002566 : F082;
00002567 : E1E1;
00002568 : D7A0;
00002569 : D69C;
0000256A : DFC8;
0000256B : F13A;
0000256C : 071D;
0000256D : 1DA4;
0000256E : 31ED;
0000256F : 412B;
00002570 : 4880;
00002571 : 4325;
00002572 : 2E4E;
00002573 : 0DF0;
00002574 : EA6A;
00002575 : CD4D;
00002576 : BA4A;
00002577 : B1E1;
00002578 : B3EF;
00002579 : C198;
0000257A : DA2E;
0000257B : F767;
0000257C : 14A6;
0000257D : 2ED2;
0000257E : 43F1;
0000257F : 5142;
00002580 : 5396;
00002581 : 47F8;
00002582 : 2F52;
00002583 : 1396;
00002584 : FF46;
00002585 : F5BD;
00002586 : F29F;
00002587 : F130;
00002588 : F04B;
00002589 : F159;
0000258A : F534;
0000258B : F95A;
0000258C : F91D;
0000258D : F0AB;
0000258E : E1F6;
0000258F : D2A3;
00002590 : C829;
00002591 : C7A9;
00002592 : CFE0;
00002593 : DE67;
00002594 : EEF8;
00002595 : FE72;
00002596 : 0D6E;
00002597 : 1C8D;
00002598 : 2A24;
00002599 : 31A9;
0000259A : 2F3A;
0000259B : 22EA;
0000259C : 1035;
0000259D : FD67;
0000259E : F083;
0000259F : EB3C;
000025A0 : EB4A;
000025A1 : EE00;
000025A2 : F20E;
000025A3 : F7DB;
000025A4 : 008D;
000025A5 : 0B8B;
000025A6 : 1636;
000025A7 : 1C5C;
000025A8 : 1ACF;
000025A9 : 1324;
000025AA : 0744;
000025AB : F940;
000025AC : EEC9;
000025AD : E889;
000025AE : E708;
000025AF : E6AA;
000025B0 : E71B;
000025B1 : E82A;
000025B2 : E9FB;
000025B3 : ECC6;
000025B4 : F0D0;
000025B5 : F7F8;
000025B6 : 000D;
000025B7 : 08E6;
000025B8 : 1227;
000025B9 : 1B0D;
000025BA : 2054;
000025BB : 2333;
000025BC : 2257;
000025BD : 1D4A;
000025BE : 1345;
000025BF : 06A1;
000025C0 : FA17;
000025C1 : F080;
000025C2 : EB2B;
000025C3 : EB11;
000025C4 : EF3E;
000025C5 : F65B;
000025C6 : FF54;
000025C7 : 06F9;
000025C8 : 0B8F;
000025C9 : 0AE0;
000025CA : 05E3;
000025CB : FDFB;
000025CC : F53D;
000025CD : EE20;
000025CE : ECBD;
000025CF : F143;
000025D0 : FA7D;
000025D1 : 068A;
000025D2 : 1311;
000025D3 : 1DD3;
000025D4 : 2592;
000025D5 : 28C6;
000025D6 : 258B;
000025D7 : 1C5E;
000025D8 : 0DF4;
000025D9 : FD2B;
000025DA : ED5A;
000025DB : DFFC;
000025DC : D808;
000025DD : D6A0;
000025DE : DD87;
000025DF : EC54;
000025E0 : 0016;
000025E1 : 1399;
000025E2 : 206A;
000025E3 : 248D;
000025E4 : 1F66;
000025E5 : 13C9;
000025E6 : 06AF;
000025E7 : FD75;
000025E8 : FB32;
000025E9 : FFDB;
000025EA : 0A40;
000025EB : 15A6;
000025EC : 1FE5;
000025ED : 26BE;
000025EE : 2982;
000025EF : 26D4;
000025F0 : 1DE9;
000025F1 : 0D70;
000025F2 : F483;
000025F3 : D988;
000025F4 : C425;
000025F5 : BB57;
000025F6 : C542;
000025F7 : DF94;
000025F8 : 026B;
000025F9 : 222E;
000025FA : 3414;
000025FB : 33CB;
000025FC : 2426;
000025FD : 0BD5;
000025FE : F068;
000025FF : D8F7;
00002600 : C90F;
00002601 : C194;
00002602 : C446;
00002603 : D00F;
00002604 : E2B4;
00002605 : F730;
00002606 : 0A98;
00002607 : 1D4E;
00002608 : 3087;
00002609 : 40CA;
0000260A : 4776;
0000260B : 3E70;
0000260C : 2362;
0000260D : FDBC;
0000260E : DB95;
0000260F : C8A6;
00002610 : C9CD;
00002611 : D9B6;
00002612 : F0D7;
00002613 : 04DC;
00002614 : 10F7;
00002615 : 14AD;
00002616 : 1221;
00002617 : 0F09;
00002618 : 0E3B;
00002619 : 115C;
0000261A : 16A8;
0000261B : 1AD7;
0000261C : 1B5A;
0000261D : 1641;
0000261E : 0C3C;
0000261F : FF6B;
00002620 : F32F;
00002621 : E913;
00002622 : E23A;
00002623 : DE6E;
00002624 : DC45;
00002625 : DC2F;
00002626 : DE63;
00002627 : E37F;
00002628 : EB35;
00002629 : F553;
0000262A : 0171;
0000262B : 0E8D;
0000262C : 19EC;
0000262D : 21B7;
0000262E : 2447;
0000262F : 2317;
00002630 : 1E3D;
00002631 : 17A6;
00002632 : 0F9F;
00002633 : 066B;
00002634 : FBC9;
00002635 : F03E;
00002636 : E6FE;
00002637 : E345;
00002638 : E7ED;
00002639 : F4C2;
0000263A : 053F;
0000263B : 14A9;
0000263C : 1C61;
0000263D : 1C28;
0000263E : 14BC;
0000263F : 09A1;
00002640 : FE51;
00002641 : F45D;
00002642 : ED17;
00002643 : E865;
00002644 : E747;
00002645 : EB06;
00002646 : F3C4;
00002647 : 00A2;
00002648 : 0EC7;
00002649 : 1BB2;
0000264A : 25CD;
0000264B : 2BF8;
0000264C : 2CD7;
0000264D : 2632;
0000264E : 1681;
0000264F : FF3A;
00002650 : E542;
00002651 : CF4C;
00002652 : C48A;
00002653 : C9F9;
00002654 : DF36;
00002655 : FD98;
00002656 : 19F8;
00002657 : 2B93;
00002658 : 2E8A;
00002659 : 26A3;
0000265A : 19A7;
0000265B : 0D7E;
0000265C : 0621;
0000265D : 0327;
0000265E : 02A0;
0000265F : 019B;
00002660 : FF29;
00002661 : FD25;
00002662 : FDAB;
00002663 : 0224;
00002664 : 092E;
00002665 : 0FF8;
00002666 : 1203;
00002667 : 0D71;
00002668 : 02B5;
00002669 : F3D4;
0000266A : E49F;
0000266B : D8EA;
0000266C : D303;
0000266D : D317;
0000266E : D9B4;
0000266F : E4CA;
00002670 : F1F7;
00002671 : FDFE;
00002672 : 0748;
00002673 : 0CDD;
00002674 : 0F06;
00002675 : 0CB6;
00002676 : 0506;
00002677 : F977;
00002678 : EC75;
00002679 : E40A;
0000267A : E53B;
0000267B : F22E;
0000267C : 088B;
0000267D : 21CB;
0000267E : 36A1;
0000267F : 40A1;
00002680 : 3D20;
00002681 : 2C9B;
00002682 : 13C7;
00002683 : FC34;
00002684 : EDFA;
00002685 : ECB5;
00002686 : F3FD;
00002687 : FC37;
00002688 : 0061;
00002689 : FF4F;
0000268A : FBC9;
0000268B : F9BD;
0000268C : FB26;
0000268D : FF61;
0000268E : 038E;
0000268F : 0606;
00002690 : 0238;
00002691 : F9A5;
00002692 : EE88;
00002693 : E534;
00002694 : E2D4;
00002695 : EA99;
00002696 : FBA3;
00002697 : 0F22;
00002698 : 1E2D;
00002699 : 22CC;
0000269A : 1AFC;
0000269B : 0975;
0000269C : F4D5;
0000269D : E53B;
0000269E : E12B;
0000269F : E8DF;
000026A0 : F829;
000026A1 : 0779;
000026A2 : 11AB;
000026A3 : 14DD;
000026A4 : 141A;
000026A5 : 12F7;
000026A6 : 1307;
000026A7 : 13E1;
000026A8 : 12E8;
000026A9 : 0F60;
000026AA : 072C;
000026AB : FE38;
000026AC : F2F4;
000026AD : EAF3;
000026AE : E51D;
000026AF : E159;
000026B0 : E498;
000026B1 : EBA2;
000026B2 : F5FE;
000026B3 : 00F5;
000026B4 : 0AB4;
000026B5 : 1137;
000026B6 : 1242;
000026B7 : 0D14;
000026B8 : 031E;
000026B9 : F7E5;
000026BA : EEF4;
000026BB : EC95;
000026BC : F2CD;
000026BD : FEE3;
000026BE : 0E04;
000026BF : 1B62;
000026C0 : 22DD;
000026C1 : 207C;
000026C2 : 1559;
000026C3 : 0459;
000026C4 : F3B4;
000026C5 : E8FA;
000026C6 : E631;
000026C7 : EC8C;
000026C8 : F75B;
000026C9 : FFF7;
000026CA : 06C5;
000026CB : 0935;
000026CC : 0957;
000026CD : 0B44;
000026CE : 10EF;
000026CF : 1AD8;
000026D0 : 2421;
000026D1 : 26E8;
000026D2 : 1F7E;
000026D3 : 0B4D;
000026D4 : F0CD;
000026D5 : D83B;
000026D6 : C835;
000026D7 : C591;
000026D8 : CF1D;
000026D9 : DFC9;
000026DA : EFAA;
000026DB : F944;
000026DC : F981;
000026DD : F361;
000026DE : ED27;
000026DF : EE5D;
000026E0 : F80C;
000026E1 : 06D6;
000026E2 : 1684;
000026E3 : 21C7;
000026E4 : 255A;
000026E5 : 20A5;
000026E6 : 1463;
000026E7 : 046E;
000026E8 : F5BD;
000026E9 : EC99;
000026EA : E9F3;
000026EB : EBCB;
000026EC : EF97;
000026ED : F20F;
000026EE : F2AD;
000026EF : F342;
000026F0 : F5F4;
000026F1 : FB1C;
000026F2 : 02E6;
000026F3 : 0C07;
000026F4 : 14AD;
000026F5 : 1BAE;
000026F6 : 1F83;
000026F7 : 1F8D;
000026F8 : 1B03;
000026F9 : 11C1;
000026FA : 049A;
000026FB : F56A;
000026FC : E6DD;
000026FD : DD84;
000026FE : DB2B;
000026FF : E250;
00002700 : F290;
00002701 : 07C0;
00002702 : 1AF0;
00002703 : 261D;
00002704 : 2504;
00002705 : 1A53;
00002706 : 0A07;
00002707 : FB16;
00002708 : F47D;
00002709 : F861;
0000270A : 02F3;
0000270B : 0E4A;
0000270C : 141B;
0000270D : 1147;
0000270E : 0732;
0000270F : FA38;
00002710 : EF3A;
00002711 : EA23;
00002712 : EB33;
00002713 : F073;
00002714 : F651;
00002715 : FA0A;
00002716 : F993;
00002717 : F627;
00002718 : F279;
00002719 : F43E;
0000271A : FDE0;
0000271B : 0FB9;
0000271C : 2540;
0000271D : 3578;
0000271E : 38DC;
0000271F : 29FE;
00002720 : 0B6F;
00002721 : E6A6;
00002722 : C9D9;
00002723 : BE2F;
00002724 : C683;
00002725 : DD03;
00002726 : F873;
00002727 : 0EDB;
00002728 : 196A;
00002729 : 1996;
0000272A : 1563;
0000272B : 1222;
0000272C : 12DA;
0000272D : 153B;
0000272E : 1493;
0000272F : 0E2E;
00002730 : 022D;
00002731 : F3D3;
00002732 : E8D9;
00002733 : E24B;
00002734 : E0AA;
00002735 : E228;
00002736 : E5CF;
00002737 : EBD2;
00002738 : F52F;
00002739 : 02F8;
0000273A : 12D8;
0000273B : 21FD;
0000273C : 2BA3;
0000273D : 2CA4;
0000273E : 22EC;
0000273F : 1167;
00002740 : FE2B;
00002741 : F072;
00002742 : ED68;
00002743 : F43F;
00002744 : 0192;
00002745 : 0F00;
00002746 : 1703;
00002747 : 14CB;
00002748 : 063B;
00002749 : EDA5;
0000274A : D2C3;
0000274B : BE31;
0000274C : B731;
0000274D : C331;
0000274E : DFA1;
0000274F : 0240;
00002750 : 1F8C;
00002751 : 2EA8;
00002752 : 2FF7;
00002753 : 2725;
00002754 : 1948;
00002755 : 0A55;
00002756 : FDB3;
00002757 : F4A2;
00002758 : ECDB;
00002759 : E1E4;
0000275A : D287;
0000275B : C179;
0000275C : B784;
0000275D : BE02;
0000275E : D633;
0000275F : FA48;
00002760 : 1FC7;
00002761 : 3E16;
00002762 : 4F6E;
00002763 : 517B;
00002764 : 4413;
00002765 : 2BC9;
00002766 : 100F;
00002767 : FB9C;
00002768 : F656;
00002769 : FD5A;
0000276A : 07BB;
0000276B : 0ABB;
0000276C : 02DB;
0000276D : F43B;
0000276E : E684;
0000276F : E0DA;
00002770 : E60F;
00002771 : F3E1;
00002772 : 0430;
00002773 : 11D9;
00002774 : 1858;
00002775 : 1661;
00002776 : 0DC9;
00002777 : 02C6;
00002778 : F97C;
00002779 : F3F0;
0000277A : F0C2;
0000277B : ECDC;
0000277C : E6A0;
0000277D : E006;
0000277E : DD39;
0000277F : E19D;
00002780 : EE5A;
00002781 : FEAC;
00002782 : 0BF9;
00002783 : 10D6;
00002784 : 0D4B;
00002785 : 0532;
00002786 : 00B1;
00002787 : 0588;
00002788 : 149C;
00002789 : 289F;
0000278A : 3783;
0000278B : 37E6;
0000278C : 2503;
0000278D : 023A;
0000278E : DCA7;
0000278F : C1E6;
00002790 : B9F2;
00002791 : C592;
00002792 : DDD8;
00002793 : F8D9;
00002794 : 0D1B;
00002795 : 1592;
00002796 : 13E0;
00002797 : 0DD1;
00002798 : 0ABB;
00002799 : 0E51;
0000279A : 194D;
0000279B : 272B;
0000279C : 3090;
0000279D : 2E39;
0000279E : 1C16;
0000279F : FF39;
000027A0 : E1C8;
000027A1 : CF08;
000027A2 : CD54;
000027A3 : DB68;
000027A4 : F1AE;
000027A5 : 05CB;
000027A6 : 101F;
000027A7 : 0E4B;
000027A8 : 0400;
000027A9 : FA3B;
000027AA : F87F;
000027AB : 01DA;
000027AC : 1382;
000027AD : 25D1;
000027AE : 30F5;
000027AF : 2F5F;
000027B0 : 2021;
000027B1 : 0705;
000027B2 : EB02;
000027B3 : D312;
000027B4 : C3D9;
000027B5 : BF45;
000027B6 : C485;
000027B7 : D111;
000027B8 : E137;
000027B9 : F03A;
000027BA : FB66;
000027BB : 037E;
000027BC : 0B53;
000027BD : 14FB;
000027BE : 1E33;
000027BF : 2298;
000027C0 : 1F45;
000027C1 : 1405;
000027C2 : 053E;
000027C3 : F813;
000027C4 : F1F2;
000027C5 : F468;
000027C6 : FDAA;
000027C7 : 08AA;
000027C8 : 0FFB;
000027C9 : 1094;
000027CA : 0982;
000027CB : FEE4;
000027CC : F623;
000027CD : F56F;
000027CE : FE75;
000027CF : 0CFF;
000027D0 : 18B9;
000027D1 : 1990;
000027D2 : 0BAB;
000027D3 : F237;
000027D4 : D648;
000027D5 : C38B;
000027D6 : C21B;
000027D7 : D22E;
000027D8 : ED0C;
000027D9 : 06DA;
000027DA : 161E;
000027DB : 1883;
000027DC : 11B9;
000027DD : 083A;
000027DE : 02CB;
000027DF : 050E;
000027E0 : 0E3E;
000027E1 : 1982;
000027E2 : 1FF1;
000027E3 : 1AFE;
000027E4 : 08E8;
000027E5 : ED7D;
000027E6 : D2E8;
000027E7 : C326;
000027E8 : C49C;
000027E9 : D5BF;
000027EA : EDC5;
000027EB : 0220;
000027EC : 0C84;
000027ED : 0E27;
000027EE : 0B52;
000027EF : 0869;
000027F0 : 07EC;
000027F1 : 0B27;
000027F2 : 127C;
000027F3 : 1CBC;
000027F4 : 2934;
000027F5 : 34E7;
000027F6 : 3C0E;
000027F7 : 3A0A;
000027F8 : 2D94;
000027F9 : 19FB;
000027FA : 0585;
000027FB : F4DF;
000027FC : E91A;
000027FD : E1DA;
000027FE : DDD3;
000027FF : DD89;
00002800 : DF7E;
00002801 : E2A2;
00002802 : E5EC;
00002803 : E858;
00002804 : EAE3;
00002805 : ED62;
00002806 : EFE1;
00002807 : F2E9;
00002808 : F63F;
00002809 : FB3A;
0000280A : 03C3;
0000280B : 0FFF;
0000280C : 1E2D;
0000280D : 2A90;
0000280E : 2FC6;
0000280F : 2C57;
00002810 : 1F17;
00002811 : 0CDD;
00002812 : FDA0;
00002813 : F604;
00002814 : F83D;
00002815 : 00AA;
00002816 : 09FB;
00002817 : 0F93;
00002818 : 0D72;
00002819 : 03D0;
0000281A : F584;
0000281B : E7D6;
0000281C : E0AB;
0000281D : E31C;
0000281E : EF66;
0000281F : FFCA;
00002820 : 0C2D;
00002821 : 0EED;
00002822 : 044C;
00002823 : F02E;
00002824 : DAA7;
00002825 : CC34;
00002826 : CAA7;
00002827 : D6CF;
00002828 : EB57;
00002829 : FEFE;
0000282A : 0AEA;
0000282B : 0D2F;
0000282C : 06FA;
0000282D : FDCD;
0000282E : F6CA;
0000282F : F4C9;
00002830 : F87C;
00002831 : FF2E;
00002832 : 0472;
00002833 : 057F;
00002834 : 0131;
00002835 : F9DB;
00002836 : F37A;
00002837 : F21D;
00002838 : F784;
00002839 : 0324;
0000283A : 1132;
0000283B : 1E87;
0000283C : 27FE;
0000283D : 2B73;
0000283E : 282E;
0000283F : 1D9F;
00002840 : 0E19;
00002841 : FD1B;
00002842 : EFA0;
00002843 : E883;
00002844 : E781;
00002845 : EA8A;
00002846 : EE75;
00002847 : F1F5;
00002848 : F585;
00002849 : F925;
0000284A : FD1D;
0000284B : FF44;
0000284C : 0075;
0000284D : FEC5;
0000284E : FCAA;
0000284F : FB4E;
00002850 : FEB9;
00002851 : 07E0;
00002852 : 13E3;
00002853 : 211A;
00002854 : 29BF;
00002855 : 2ACB;
00002856 : 22FA;
00002857 : 13F3;
00002858 : 0319;
00002859 : F454;
0000285A : EA46;
0000285B : E69F;
0000285C : E843;
0000285D : EE87;
0000285E : F803;
0000285F : 01B2;
00002860 : 0879;
00002861 : 0A16;
00002862 : 06E8;
00002863 : 0219;
00002864 : FFAF;
00002865 : 0211;
00002866 : 0814;
00002867 : 0E50;
00002868 : 1153;
00002869 : 0F21;
0000286A : 08B5;
0000286B : 0122;
0000286C : FBDC;
0000286D : FB4C;
0000286E : 0004;
0000286F : 087B;
00002870 : 1170;
00002871 : 16EE;
00002872 : 157B;
00002873 : 0BEB;
00002874 : FC77;
00002875 : ECA8;
00002876 : E1D7;
00002877 : DF52;
00002878 : E38F;
00002879 : EADF;
0000287A : F0EB;
0000287B : F267;
0000287C : EFEF;
0000287D : EAE1;
0000287E : E6A6;
0000287F : E67F;
00002880 : EB72;
00002881 : F5A2;
00002882 : 0361;
00002883 : 1218;
00002884 : 1F75;
00002885 : 295A;
00002886 : 2DCD;
00002887 : 2BBA;
00002888 : 2389;
00002889 : 1664;
0000288A : 06D3;
0000288B : F785;
0000288C : EA3B;
0000288D : E04B;
0000288E : DB37;
0000288F : DB73;
00002890 : E0DE;
00002891 : E783;
00002892 : ECFF;
00002893 : EF8F;
00002894 : EE67;
00002895 : EE54;
00002896 : F158;
00002897 : F9AF;
00002898 : 035A;
00002899 : 0C71;
0000289A : 1329;
0000289B : 1747;
0000289C : 1979;
0000289D : 19C5;
0000289E : 1848;
0000289F : 1496;
000028A0 : 0FE5;
000028A1 : 0D23;
000028A2 : 0CA8;
000028A3 : 0EE1;
000028A4 : 1224;
000028A5 : 1417;
000028A6 : 119A;
000028A7 : 0A52;
000028A8 : FEE9;
000028A9 : F2EE;
000028AA : E960;
000028AB : E76D;
000028AC : ED21;
000028AD : F7DA;
000028AE : 046A;
000028AF : 0E0B;
000028B0 : 108D;
000028B1 : 0B32;
000028B2 : 01AA;
000028B3 : F855;
000028B4 : F36F;
000028B5 : F346;
000028B6 : F608;
000028B7 : F840;
000028B8 : F7A7;
000028B9 : F472;
000028BA : F1EF;
000028BB : F2CE;
000028BC : F869;
000028BD : 0125;
000028BE : 0974;
000028BF : 0E70;
000028C0 : 0E3D;
000028C1 : 09FB;
000028C2 : 0494;
000028C3 : 0061;
000028C4 : FEB9;
000028C5 : FF60;
000028C6 : 0188;
000028C7 : 03EF;
000028C8 : 059B;
000028C9 : 0681;
000028CA : 06C3;
000028CB : 0602;
000028CC : 040D;
000028CD : 0120;
000028CE : FE8B;
000028CF : FD27;
000028D0 : FDAB;
000028D1 : FFC5;
000028D2 : 01BA;
000028D3 : 021C;
000028D4 : FFEE;
000028D5 : FC02;
000028D6 : F76C;
000028D7 : F306;
000028D8 : EE69;
000028D9 : E8AB;
000028DA : E06A;
000028DB : D6CE;
000028DC : CF32;
000028DD : CD3E;
000028DE : D3D8;
000028DF : E282;
000028E0 : F5F3;
000028E1 : 0AF0;
000028E2 : 1E3E;
000028E3 : 2CA5;
000028E4 : 3461;
000028E5 : 3435;
000028E6 : 2B73;
000028E7 : 1BEE;
000028E8 : 0839;
000028E9 : F629;
000028EA : EA18;
000028EB : E732;
000028EC : EC5F;
000028ED : F5AE;
000028EE : FE04;
000028EF : 0254;
000028F0 : 00C0;
000028F1 : FB29;
000028F2 : F5F6;
000028F3 : F4EE;
000028F4 : F9C5;
000028F5 : 0340;
000028F6 : 0D47;
000028F7 : 131E;
000028F8 : 130D;
000028F9 : 0EE8;
000028FA : 0A48;
000028FB : 0944;
000028FC : 0CAB;
000028FD : 1203;
000028FE : 1534;
000028FF : 129F;
00002900 : 097E;
00002901 : FCE5;
00002902 : F25E;
00002903 : EDA6;
00002904 : EFF5;
00002905 : F7C3;
00002906 : 00A2;
00002907 : 077F;
00002908 : 0800;
00002909 : 026E;
0000290A : F844;
0000290B : EC6D;
0000290C : E2C8;
0000290D : DECE;
0000290E : E251;
0000290F : ED2C;
00002910 : FD44;
00002911 : 0DE7;
00002912 : 1BAA;
00002913 : 2431;
00002914 : 271F;
00002915 : 24BA;
00002916 : 1E32;
00002917 : 1503;
00002918 : 0BC0;
00002919 : 0433;
0000291A : FEB9;
0000291B : FAE2;
0000291C : F875;
0000291D : F6D0;
0000291E : F5E0;
0000291F : F579;
00002920 : F487;
00002921 : F231;
00002922 : EDC8;
00002923 : E7DD;
00002924 : E1E9;
00002925 : DEAD;
00002926 : E05D;
00002927 : E805;
00002928 : F460;
00002929 : 0246;
0000292A : 0E2E;
0000292B : 169C;
0000292C : 1B3F;
0000292D : 1C8C;
0000292E : 1B0B;
0000292F : 16EF;
00002930 : 10DB;
00002931 : 09DE;
00002932 : 0306;
00002933 : FD3D;
00002934 : F91E;
00002935 : F627;
00002936 : F366;
00002937 : F036;
00002938 : EB90;
00002939 : E609;
0000293A : E0C6;
0000293B : DEB2;
0000293C : E24A;
0000293D : EB26;
0000293E : F875;
0000293F : 07A3;
00002940 : 152B;
00002941 : 1E3D;
00002942 : 21EB;
00002943 : 1EA9;
00002944 : 157B;
00002945 : 0812;
00002946 : F939;
00002947 : EC30;
00002948 : E3A1;
00002949 : E1D4;
0000294A : E6EE;
0000294B : F212;
0000294C : FFF6;
0000294D : 0C83;
0000294E : 14B9;
0000294F : 1670;
00002950 : 124B;
00002951 : 0A32;
00002952 : 0130;
00002953 : F990;
00002954 : F4A1;
00002955 : F2FF;
00002956 : F575;
00002957 : FCD5;
00002958 : 0969;
00002959 : 19CD;
0000295A : 2A04;
0000295B : 34E3;
0000295C : 34EF;
0000295D : 27F2;
0000295E : 11AC;
0000295F : FA3B;
00002960 : E8A1;
00002961 : DFF9;
00002962 : DF77;
00002963 : E490;
00002964 : EC67;
00002965 : F438;
00002966 : FA8B;
00002967 : FD47;
00002968 : FAFD;
00002969 : F593;
0000296A : EE14;
0000296B : E7A6;
0000296C : E420;
0000296D : E494;
0000296E : EAA6;
0000296F : F3C5;
00002970 : FE8E;
00002971 : 08E6;
00002972 : 12A4;
00002973 : 1ADD;
00002974 : 2185;
00002975 : 25B9;
00002976 : 2504;
00002977 : 1E65;
00002978 : 133C;
00002979 : 0679;
0000297A : FD39;
0000297B : FAC7;
0000297C : FD9A;
0000297D : 02F2;
0000297E : 04F3;
0000297F : 0130;
00002980 : F767;
00002981 : EB1F;
00002982 : E0EF;
00002983 : DCB7;
00002984 : DE51;
00002985 : E477;
00002986 : ECD4;
00002987 : F54D;
00002988 : FDD3;
00002989 : 03E7;
0000298A : 0A40;
0000298B : 0E38;
0000298C : 0EF6;
0000298D : 0B89;
0000298E : 057C;
0000298F : FE96;
00002990 : FAC3;
00002991 : FB6E;
00002992 : FF5E;
00002993 : 049D;
00002994 : 083F;
00002995 : 094C;
00002996 : 06CC;
00002997 : 0197;
00002998 : FA6E;
00002999 : F278;
0000299A : E969;
0000299B : E122;
0000299C : DAB6;
0000299D : D909;
0000299E : DDAC;
0000299F : E9A7;
000029A0 : FBF3;
000029A1 : 1050;
000029A2 : 22DD;
000029A3 : 2FA7;
000029A4 : 345C;
000029A5 : 306C;
000029A6 : 2694;
000029A7 : 19E8;
000029A8 : 0EB5;
000029A9 : 07B0;
000029AA : 051F;
000029AB : 0495;
000029AC : 038B;
000029AD : 014B;
000029AE : FED4;
000029AF : FE1C;
000029B0 : FF4D;
000029B1 : 00ED;
000029B2 : 010D;
000029B3 : FDBC;
000029B4 : F78D;
000029B5 : F173;
000029B6 : ECC6;
000029B7 : EC0B;
000029B8 : EEE0;
000029B9 : F4AC;
000029BA : FCAE;
000029BB : 0659;
000029BC : 0EBA;
000029BD : 14BC;
000029BE : 165B;
000029BF : 12C1;
000029C0 : 0A81;
000029C1 : 0128;
000029C2 : F978;
000029C3 : F658;
000029C4 : F863;
000029C5 : FDC0;
000029C6 : 046B;
000029C7 : 0ACB;
000029C8 : 1025;
000029C9 : 13A3;
000029CA : 1453;
000029CB : 112D;
000029CC : 09AD;
000029CD : FEE4;
000029CE : F310;
000029CF : EA04;
000029D0 : E6B8;
000029D1 : E9B8;
000029D2 : F230;
000029D3 : FC6E;
000029D4 : 0482;
000029D5 : 0797;
000029D6 : 0587;
000029D7 : 0168;
000029D8 : FDE8;
000029D9 : FD91;
000029DA : FFB6;
000029DB : 0221;
000029DC : 01CA;
000029DD : FDAD;
000029DE : F791;
000029DF : F223;
000029E0 : EF60;
000029E1 : F012;
000029E2 : F254;
000029E3 : F36C;
000029E4 : F0FB;
000029E5 : ECB6;
000029E6 : E8D8;
000029E7 : E8DD;
000029E8 : EF71;
000029E9 : FB21;
000029EA : 09C7;
000029EB : 17DF;
000029EC : 22FE;
000029ED : 2991;
000029EE : 2AB9;
000029EF : 2631;
000029F0 : 1D44;
000029F1 : 116A;
000029F2 : 0388;
000029F3 : F688;
000029F4 : EB5A;
000029F5 : E23A;
000029F6 : DDDC;
000029F7 : DF64;
000029F8 : E6E7;
000029F9 : F1D6;
000029FA : FB7A;
000029FB : 0097;
000029FC : 0059;
000029FD : FCF0;
000029FE : FA0B;
000029FF : FA0C;
00002A00 : FC1C;
00002A01 : FED3;
00002A02 : 01EE;
00002A03 : 05AA;
00002A04 : 0B96;
00002A05 : 1431;
00002A06 : 1DB1;
00002A07 : 2577;
00002A08 : 283C;
00002A09 : 23FD;
00002A0A : 19F7;
00002A0B : 0CFC;
00002A0C : 015E;
00002A0D : F9B2;
00002A0E : F51E;
00002A0F : F2DA;
00002A10 : F257;
00002A11 : F3C9;
00002A12 : F797;
00002A13 : FC71;
00002A14 : 006D;
00002A15 : 0038;
00002A16 : FAD8;
00002A17 : F1C9;
00002A18 : E954;
00002A19 : E595;
00002A1A : E91D;
00002A1B : F276;
00002A1C : FE6D;
00002A1D : 08BA;
00002A1E : 0DF5;
00002A1F : 0EEA;
00002A20 : 0DE4;
00002A21 : 0D93;
00002A22 : 0F34;
00002A23 : 11CB;
00002A24 : 1266;
00002A25 : 0F42;
00002A26 : 08C0;
00002A27 : 008E;
00002A28 : FA67;
00002A29 : F905;
00002A2A : FD06;
00002A2B : 0290;
00002A2C : 0719;
00002A2D : 0758;
00002A2E : 028D;
00002A2F : FA65;
00002A30 : F098;
00002A31 : E7BE;
00002A32 : E242;
00002A33 : E067;
00002A34 : E42B;
00002A35 : EE10;
00002A36 : FB84;
00002A37 : 0AB7;
00002A38 : 171E;
00002A39 : 1DC9;
00002A3A : 1BB3;
00002A3B : 10BD;
00002A3C : 0042;
00002A3D : EEE6;
00002A3E : E25F;
00002A3F : DCFA;
00002A40 : DE6E;
00002A41 : E3A1;
00002A42 : E88E;
00002A43 : ECAB;
00002A44 : EFFF;
00002A45 : F544;
00002A46 : FD58;
00002A47 : 06D2;
00002A48 : 0E7B;
00002A49 : 109D;
00002A4A : 0E70;
00002A4B : 0A13;
00002A4C : 0797;
00002A4D : 0917;
00002A4E : 0DCC;
00002A4F : 1397;
00002A50 : 177C;
00002A51 : 176B;
00002A52 : 14A1;
00002A53 : 1112;
00002A54 : 0DAF;
00002A55 : 0A4A;
00002A56 : 0481;
00002A57 : FA3C;
00002A58 : EBD8;
00002A59 : DDC8;
00002A5A : D6A2;
00002A5B : DBFE;
00002A5C : EE2C;
00002A5D : 064F;
00002A5E : 1AB7;
00002A5F : 237F;
00002A60 : 1E71;
00002A61 : 1024;
00002A62 : 0058;
00002A63 : F74C;
00002A64 : F8A7;
00002A65 : 01DF;
00002A66 : 0CED;
00002A67 : 13A4;
00002A68 : 13D0;
00002A69 : 0FAA;
00002A6A : 0B5D;
00002A6B : 0918;
00002A6C : 0723;
00002A6D : 0260;
00002A6E : F842;
00002A6F : EB43;
00002A70 : E083;
00002A71 : DD35;
00002A72 : E32B;
00002A73 : EF90;
00002A74 : FC5E;
00002A75 : 04B9;
00002A76 : 070A;
00002A77 : 0639;
00002A78 : 04D1;
00002A79 : 03F7;
00002A7A : 0282;
00002A7B : FEE8;
00002A7C : F8C2;
00002A7D : F396;
00002A7E : F464;
00002A7F : FE54;
00002A80 : 0F4B;
00002A81 : 226E;
00002A82 : 30B1;
00002A83 : 34C8;
00002A84 : 2C3D;
00002A85 : 199E;
00002A86 : 03F1;
00002A87 : F294;
00002A88 : E940;
00002A89 : E7E9;
00002A8A : EBF4;
00002A8B : F1C5;
00002A8C : F685;
00002A8D : F8AA;
00002A8E : F724;
00002A8F : F315;
00002A90 : EDE4;
00002A91 : E89F;
00002A92 : E435;
00002A93 : E0FF;
00002A94 : E0B7;
00002A95 : E47C;
00002A96 : ECB6;
00002A97 : F847;
00002A98 : 03C7;
00002A99 : 0C6F;
00002A9A : 10E5;
00002A9B : 1259;
00002A9C : 1287;
00002A9D : 131B;
00002A9E : 1428;
00002A9F : 1467;
00002AA0 : 11CF;
00002AA1 : 0BC5;
00002AA2 : 03A7;
00002AA3 : FC77;
00002AA4 : F881;
00002AA5 : F87D;
00002AA6 : FAD5;
00002AA7 : FD76;
00002AA8 : FEF6;
00002AA9 : FEBA;
00002AAA : FD6E;
00002AAB : FAC5;
00002AAC : F7E8;
00002AAD : F49B;
00002AAE : F2A0;
00002AAF : F48B;
00002AB0 : FB95;
00002AB1 : 075E;
00002AB2 : 14CB;
00002AB3 : 1FE2;
00002AB4 : 255F;
00002AB5 : 2373;
00002AB6 : 1A36;
00002AB7 : 0C84;
00002AB8 : FE6D;
00002AB9 : F435;
00002ABA : F004;
00002ABB : F1EE;
00002ABC : F864;
00002ABD : 00E2;
00002ABE : 080F;
00002ABF : 0B6C;
00002AC0 : 0A3D;
00002AC1 : 04B8;
00002AC2 : FCEC;
00002AC3 : F573;
00002AC4 : EFAA;
00002AC5 : ECEF;
00002AC6 : ED3F;
00002AC7 : F108;
00002AC8 : F7E7;
00002AC9 : 00A6;
00002ACA : 097C;
00002ACB : 0FE8;
00002ACC : 1255;
00002ACD : 10CF;
00002ACE : 0C1C;
00002ACF : 06AC;
00002AD0 : 0210;
00002AD1 : FF11;
00002AD2 : FDDB;
00002AD3 : FD8A;
00002AD4 : FDAD;
00002AD5 : FD93;
00002AD6 : FCC3;
00002AD7 : FBD4;
00002AD8 : FA49;
00002AD9 : F7B8;
00002ADA : F45C;
00002ADB : F011;
00002ADC : EB9E;
00002ADD : E931;
00002ADE : EA35;
00002ADF : F023;
00002AE0 : F992;
00002AE1 : 0470;
00002AE2 : 0DEA;
00002AE3 : 14B2;
00002AE4 : 18AB;
00002AE5 : 1A42;
00002AE6 : 19E9;
00002AE7 : 173F;
00002AE8 : 11DD;
00002AE9 : 09DC;
00002AEA : 001E;
00002AEB : F689;
00002AEC : EE87;
00002AED : E92A;
00002AEE : E724;
00002AEF : E7CF;
00002AF0 : E9E9;
00002AF1 : EBFE;
00002AF2 : ECC0;
00002AF3 : ED16;
00002AF4 : EF92;
00002AF5 : F6EE;
00002AF6 : 0430;
00002AF7 : 1469;
00002AF8 : 21F4;
00002AF9 : 27F4;
00002AFA : 2442;
00002AFB : 196C;
00002AFC : 0D01;
00002AFD : 03E4;
00002AFE : 00BB;
00002AFF : 00BE;
00002B00 : FFAC;
00002B01 : FBE4;
00002B02 : F6E5;
00002B03 : F5E8;
00002B04 : FC6A;
00002B05 : 08E6;
00002B06 : 157C;
00002B07 : 1A56;
00002B08 : 131B;
00002B09 : 0217;
00002B0A : EBC4;
00002B0B : D87A;
00002B0C : CD7C;
00002B0D : CD63;
00002B0E : D81F;
00002B0F : E8DA;
00002B10 : FA1D;
00002B11 : 064F;
00002B12 : 0D28;
00002B13 : 0FFE;
00002B14 : 13F5;
00002B15 : 187E;
00002B16 : 1D1B;
00002B17 : 1EFB;
00002B18 : 1CFC;
00002B19 : 18EB;
00002B1A : 153F;
00002B1B : 1324;
00002B1C : 11D9;
00002B1D : 0D30;
00002B1E : 00D2;
00002B1F : EE06;
00002B20 : DA5E;
00002B21 : CF8E;
00002B22 : D289;
00002B23 : E4E5;
00002B24 : FFB5;
00002B25 : 1626;
00002B26 : 21A3;
00002B27 : 2048;
00002B28 : 16BC;
00002B29 : 095E;
00002B2A : FE86;
00002B2B : F7E0;
00002B2C : F392;
00002B2D : EFB7;
00002B2E : EB4D;
00002B2F : E855;
00002B30 : E8B6;
00002B31 : ED8C;
00002B32 : F57D;
00002B33 : FD7B;
00002B34 : 01F3;
00002B35 : 008D;
00002B36 : FA4F;
00002B37 : F313;
00002B38 : EFA1;
00002B39 : F399;
00002B3A : FD63;
00002B3B : 08E2;
00002B3C : 10F0;
00002B3D : 127A;
00002B3E : 0EDD;
00002B3F : 094D;
00002B40 : 0514;
00002B41 : 0403;
00002B42 : 047E;
00002B43 : 0524;
00002B44 : 0591;
00002B45 : 0778;
00002B46 : 0CBA;
00002B47 : 14F9;
00002B48 : 1D5E;
00002B49 : 20F5;
00002B4A : 1C88;
00002B4B : 102C;
00002B4C : FFE4;
00002B4D : F0B9;
00002B4E : E5EA;
00002B4F : DF87;
00002B50 : DB3A;
00002B51 : D849;
00002B52 : D6DC;
00002B53 : D975;
00002B54 : E2AD;
00002B55 : F2DE;
00002B56 : 07D9;
00002B57 : 1CC2;
00002B58 : 2C5F;
00002B59 : 3206;
00002B5A : 2C2B;
00002B5B : 1C10;
00002B5C : 074F;
00002B5D : F584;
00002B5E : EBBB;
00002B5F : EA02;
00002B60 : EAD8;
00002B61 : E919;
00002B62 : E4E2;
00002B63 : E196;
00002B64 : E424;
00002B65 : ED93;
00002B66 : FA3A;
00002B67 : 048F;
00002B68 : 0928;
00002B69 : 0856;
00002B6A : 05A2;
00002B6B : 051F;
00002B6C : 0852;
00002B6D : 0DEB;
00002B6E : 12FB;
00002B6F : 1597;
00002B70 : 1444;
00002B71 : 102A;
00002B72 : 0B2D;
00002B73 : 0714;
00002B74 : 0574;
00002B75 : 05DE;
00002B76 : 079E;
00002B77 : 08D0;
00002B78 : 09EC;
00002B79 : 0B34;
00002B7A : 0DD5;
00002B7B : 1239;
00002B7C : 16CD;
00002B7D : 1836;
00002B7E : 1331;
00002B7F : 06BB;
00002B80 : F5A6;
00002B81 : E549;
00002B82 : DA77;
00002B83 : D83B;
00002B84 : DE00;
00002B85 : E84A;
00002B86 : F322;
00002B87 : FB1B;
00002B88 : FF44;
00002B89 : 0024;
00002B8A : FF45;
00002B8B : FDA9;
00002B8C : FB96;
00002B8D : F999;
00002B8E : F93E;
00002B8F : FC2A;
00002B90 : 0310;
00002B91 : 0CD0;
00002B92 : 15D6;
00002B93 : 1AA3;
00002B94 : 189C;
00002B95 : 103D;
00002B96 : 0478;
00002B97 : F91C;
00002B98 : F1B3;
00002B99 : EF65;
00002B9A : F22E;
00002B9B : F898;
00002B9C : 0118;
00002B9D : 0990;
00002B9E : 0F96;
00002B9F : 10A9;
00002BA0 : 0B0B;
00002BA1 : FFD6;
00002BA2 : F281;
00002BA3 : E759;
00002BA4 : E14B;
00002BA5 : E162;
00002BA6 : E56E;
00002BA7 : EA2A;
00002BA8 : ED25;
00002BA9 : EC9A;
00002BAA : EB25;
00002BAB : EC67;
00002BAC : F3A1;
00002BAD : 0174;
00002BAE : 128D;
00002BAF : 2287;
00002BB0 : 2CCB;
00002BB1 : 2E5B;
00002BB2 : 277E;
00002BB3 : 1AAA;
00002BB4 : 0B60;
00002BB5 : FE01;
00002BB6 : F4C4;
00002BB7 : EFA4;
00002BB8 : ECCB;
00002BB9 : EB88;
00002BBA : ECC9;
00002BBB : F2E4;
00002BBC : FE5A;
00002BBD : 0CFA;
00002BBE : 1AC6;
00002BBF : 228A;
00002BC0 : 216B;
00002BC1 : 172C;
00002BC2 : 0699;
00002BC3 : F352;
00002BC4 : E2C9;
00002BC5 : D885;
00002BC6 : D59C;
00002BC7 : D928;
00002BC8 : E063;
00002BC9 : E9B1;
00002BCA : F3B1;
00002BCB : FD96;
00002BCC : 0838;
00002BCD : 1397;
00002BCE : 1DD2;
00002BCF : 249E;
00002BD0 : 25D1;
00002BD1 : 21FD;
00002BD2 : 1BC9;
00002BD3 : 16D8;
00002BD4 : 14F6;
00002BD5 : 14AB;
00002BD6 : 124B;
00002BD7 : 0A4A;
00002BD8 : FC71;
00002BD9 : ECD2;
00002BDA : E1FA;
00002BDB : DFDA;
00002BDC : E5EC;
00002BDD : EF67;
00002BDE : F612;
00002BDF : F60D;
00002BE0 : EFA8;
00002BE1 : E788;
00002BE2 : E402;
00002BE3 : E873;
00002BE4 : F418;
00002BE5 : 02D7;
00002BE6 : 0EE9;
00002BE7 : 14EE;
00002BE8 : 1520;
00002BE9 : 1127;
00002BEA : 0C1E;
00002BEB : 0877;
00002BEC : 07EC;
00002BED : 09C7;
00002BEE : 0C02;
00002BEF : 0C1B;
00002BF0 : 090A;
00002BF1 : 033F;
00002BF2 : FCAD;
00002BF3 : F7E2;
00002BF4 : F5A4;
00002BF5 : F63A;
00002BF6 : F864;
00002BF7 : FB3D;
00002BF8 : FEF0;
00002BF9 : 037B;
00002BFA : 07DE;
00002BFB : 0A9E;
00002BFC : 0A53;
00002BFD : 0684;
00002BFE : 0043;
00002BFF : F956;
00002C00 : F3B9;
00002C01 : F06E;
00002C02 : EF3F;
00002C03 : F084;
00002C04 : F3FF;
00002C05 : F910;
00002C06 : FE7F;
00002C07 : 0341;
00002C08 : 06CE;
00002C09 : 095F;
00002C0A : 0B6D;
00002C0B : 0CA6;
00002C0C : 0C23;
00002C0D : 0864;
00002C0E : 01D6;
00002C0F : FA87;
00002C10 : F660;
00002C11 : F7E8;
00002C12 : FEDD;
00002C13 : 0820;
00002C14 : 0EA3;
00002C15 : 0EB8;
00002C16 : 076B;
00002C17 : FB96;
00002C18 : EF90;
00002C19 : E78F;
00002C1A : E618;
00002C1B : EA35;
00002C1C : F19F;
00002C1D : FA0B;
00002C1E : 00DC;
00002C1F : 056E;
00002C20 : 081F;
00002C21 : 096E;
00002C22 : 087F;
00002C23 : 04A4;
00002C24 : FDE9;
00002C25 : F689;
00002C26 : F23B;
00002C27 : F517;
00002C28 : 00A5;
00002C29 : 1191;
00002C2A : 21A8;
00002C2B : 2B32;
00002C2C : 2ADA;
00002C2D : 21A3;
00002C2E : 133D;
00002C2F : 054C;
00002C30 : FB6F;
00002C31 : F65D;
00002C32 : F3B5;
00002C33 : F0F7;
00002C34 : EDBD;
00002C35 : EB8B;
00002C36 : EBFF;
00002C37 : F044;
00002C38 : F6F1;
00002C39 : FE61;
00002C3A : 042B;
00002C3B : 06F1;
00002C3C : 06F4;
00002C3D : 054C;
00002C3E : 02BD;
00002C3F : 010F;
00002C40 : 0061;
00002C41 : 001D;
00002C42 : 00A2;
00002C43 : 0243;
00002C44 : 0524;
00002C45 : 0906;
00002C46 : 0BD3;
00002C47 : 0B3E;
00002C48 : 0670;
00002C49 : FE9A;
00002C4A : F620;
00002C4B : F05C;
00002C4C : EF1A;
00002C4D : F24E;
00002C4E : F85E;
00002C4F : FFEF;
00002C50 : 06BF;
00002C51 : 0A58;
00002C52 : 08BA;
00002C53 : 016E;
00002C54 : F6F2;
00002C55 : EDB7;
00002C56 : E9C1;
00002C57 : EB8A;
00002C58 : EFDF;
00002C59 : F286;
00002C5A : F0D4;
00002C5B : ED1C;
00002C5C : ECC6;
00002C5D : F362;
00002C5E : FFFD;
00002C5F : 0CD9;
00002C60 : 152F;
00002C61 : 1759;
00002C62 : 161F;
00002C63 : 15BE;
00002C64 : 1862;
00002C65 : 1CB1;
00002C66 : 1F60;
00002C67 : 1CE4;
00002C68 : 14FB;
00002C69 : 09FB;
00002C6A : FF55;
00002C6B : F7AA;
00002C6C : F2F8;
00002C6D : EF9C;
00002C6E : ECE8;
00002C6F : EB91;
00002C70 : ECCA;
00002C71 : F199;
00002C72 : F95A;
00002C73 : 01B8;
00002C74 : 08BF;
00002C75 : 0BC5;
00002C76 : 0A86;
00002C77 : 0585;
00002C78 : FEC8;
00002C79 : F8B1;
00002C7A : F38C;
00002C7B : EFC1;
00002C7C : ECE6;
00002C7D : EADD;
00002C7E : EA07;
00002C7F : ECD1;
00002C80 : F354;
00002C81 : FDCF;
00002C82 : 0993;
00002C83 : 12D5;
00002C84 : 16B9;
00002C85 : 1478;
00002C86 : 0E10;
00002C87 : 06EB;
00002C88 : 02E3;
00002C89 : 0265;
00002C8A : 045D;
00002C8B : 05ED;
00002C8C : 04FA;
00002C8D : 0157;
00002C8E : FE45;
00002C8F : FE62;
00002C90 : 028F;
00002C91 : 0818;
00002C92 : 0A86;
00002C93 : 06FD;
00002C94 : FE08;
00002C95 : F4E5;
00002C96 : F119;
00002C97 : F54D;
00002C98 : FFEE;
00002C99 : 0BE2;
00002C9A : 1382;
00002C9B : 143A;
00002C9C : 0F29;
00002C9D : 075A;
00002C9E : 00A9;
00002C9F : FCEF;
00002CA0 : FCB2;
00002CA1 : FE14;
00002CA2 : 0093;
00002CA3 : 02EB;
00002CA4 : 03C9;
00002CA5 : 0268;
00002CA6 : FE81;
00002CA7 : F9E5;
00002CA8 : F5A0;
00002CA9 : F2D3;
00002CAA : F1AC;
00002CAB : F225;
00002CAC : F3C7;
00002CAD : F601;
00002CAE : F8D3;
00002CAF : FBB8;
00002CB0 : FE0D;
00002CB1 : FF19;
00002CB2 : FE5C;
00002CB3 : FCE9;
00002CB4 : FC5E;
00002CB5 : FDA5;
00002CB6 : 01AF;
00002CB7 : 077C;
00002CB8 : 0CE2;
00002CB9 : 100A;
00002CBA : 0FC0;
00002CBB : 0BD4;
00002CBC : 0578;
00002CBD : 004D;
00002CBE : FE06;
00002CBF : FFE1;
00002CC0 : 03D8;
00002CC1 : 05EA;
00002CC2 : 02F1;
00002CC3 : FB43;
00002CC4 : F210;
00002CC5 : EB64;
00002CC6 : E9C1;
00002CC7 : ED6C;
00002CC8 : F2D0;
00002CC9 : F7B5;
00002CCA : FB86;
00002CCB : FEC8;
00002CCC : 024D;
00002CCD : 0611;
00002CCE : 07E2;
00002CCF : 0586;
00002CD0 : FEE9;
00002CD1 : F70F;
00002CD2 : F22C;
00002CD3 : F2CF;
00002CD4 : F9E4;
00002CD5 : 0469;
00002CD6 : 0EE0;
00002CD7 : 16F9;
00002CD8 : 1AAF;
00002CD9 : 19D9;
00002CDA : 1581;
00002CDB : 0E35;
00002CDC : 058B;
00002CDD : FD04;
00002CDE : F704;
00002CDF : F48C;
00002CE0 : F5B4;
00002CE1 : F935;
00002CE2 : FD4F;
00002CE3 : FFF9;
00002CE4 : FE82;
00002CE5 : F903;
00002CE6 : F0C5;
00002CE7 : E94B;
00002CE8 : E6D4;
00002CE9 : EBA7;
00002CEA : F693;
00002CEB : 02F1;
00002CEC : 0CB4;
00002CED : 1168;
00002CEE : 1122;
00002CEF : 0DAF;
00002CF0 : 09C3;
00002CF1 : 056E;
00002CF2 : 01CA;
00002CF3 : FE4D;
00002CF4 : FAD9;
00002CF5 : F734;
00002CF6 : F448;
00002CF7 : F346;
00002CF8 : F5EB;
00002CF9 : FD19;
00002CFA : 07C4;
00002CFB : 13F3;
00002CFC : 1E38;
00002CFD : 22D5;
00002CFE : 207D;
00002CFF : 19BE;
00002D00 : 12B6;
00002D01 : 0FF6;
00002D02 : 1274;
00002D03 : 16DC;
00002D04 : 1728;
00002D05 : 0FF9;
00002D06 : 01AB;
00002D07 : F0B5;
00002D08 : E1DB;
00002D09 : D7F4;
00002D0A : D33E;
00002D0B : D39D;
00002D0C : D96E;
00002D0D : E3E6;
00002D0E : F1F0;
00002D0F : FF28;
00002D10 : 07C0;
00002D11 : 0A36;
00002D12 : 08FC;
00002D13 : 07A8;
00002D14 : 077E;
00002D15 : 0882;
00002D16 : 07A3;
00002D17 : 03F6;
00002D18 : FE8B;
00002D19 : FAA4;
00002D1A : FB5C;
00002D1B : 0068;
00002D1C : 0755;
00002D1D : 0C99;
00002D1E : 0DED;
00002D1F : 0BBF;
00002D20 : 079D;
00002D21 : 035D;
00002D22 : 004A;
00002D23 : FDD6;
00002D24 : FBCC;
00002D25 : FA39;
00002D26 : F9B1;
00002D27 : F9C1;
00002D28 : F9D8;
00002D29 : FA3A;
00002D2A : F990;
00002D2B : F7F8;
00002D2C : F58D;
00002D2D : F30A;
00002D2E : F102;
00002D2F : F045;
00002D30 : F1B7;
00002D31 : F543;
00002D32 : F9CB;
00002D33 : FD87;
00002D34 : FFED;
00002D35 : 012A;
00002D36 : 0242;
00002D37 : 0463;
00002D38 : 0833;
00002D39 : 0D31;
00002D3A : 1212;
00002D3B : 15B6;
00002D3C : 1695;
00002D3D : 14B2;
00002D3E : 1020;
00002D3F : 09B0;
00002D40 : 02ED;
00002D41 : FD0D;
00002D42 : F864;
00002D43 : F469;
00002D44 : F0A7;
00002D45 : EE52;
00002D46 : EE15;
00002D47 : F031;
00002D48 : F3F5;
00002D49 : F6B3;
00002D4A : F5FF;
00002D4B : F0E6;
00002D4C : E9C2;
00002D4D : E584;
00002D4E : E859;
00002D4F : F352;
00002D50 : 0385;
00002D51 : 1407;
00002D52 : 1F17;
00002D53 : 219A;
00002D54 : 1BB2;
00002D55 : 10BE;
00002D56 : 0645;
00002D57 : 021D;
00002D58 : 0730;
00002D59 : 12CD;
00002D5A : 1E56;
00002D5B : 2286;
00002D5C : 1B6D;
00002D5D : 0BB0;
00002D5E : FADF;
00002D5F : F071;
00002D60 : EEBF;
00002D61 : F326;
00002D62 : F97F;
00002D63 : FE5B;
00002D64 : 01EA;
00002D65 : 05EC;
00002D66 : 0A72;
00002D67 : 0D27;
00002D68 : 0A6C;
00002D69 : 012B;
00002D6A : F3E1;
00002D6B : E824;
00002D6C : E2A2;
00002D6D : E530;
00002D6E : ED13;
00002D6F : F537;
00002D70 : F9E0;
00002D71 : F9C7;
00002D72 : F718;
00002D73 : F56E;
00002D74 : F6E9;
00002D75 : FBE8;
00002D76 : 028B;
00002D77 : 07FD;
00002D78 : 0AC8;
00002D79 : 0A79;
00002D7A : 088C;
00002D7B : 0666;
00002D7C : 053E;
00002D7D : 074C;
00002D7E : 0D18;
00002D7F : 1631;
00002D80 : 20CC;
00002D81 : 28F0;
00002D82 : 2AC5;
00002D83 : 23F8;
00002D84 : 1529;
00002D85 : 01C1;
00002D86 : EF24;
00002D87 : E038;
00002D88 : D833;
00002D89 : D761;
00002D8A : DCC0;
00002D8B : E614;
00002D8C : EE44;
00002D8D : F25D;
00002D8E : EFF8;
00002D8F : E8D0;
00002D90 : E119;
00002D91 : DE26;
00002D92 : E441;
00002D93 : F2A2;
00002D94 : 042C;
00002D95 : 122A;
00002D96 : 18CE;
00002D97 : 176F;
00002D98 : 0FDF;
00002D99 : 06ED;
00002D9A : FF8D;
00002D9B : FBB7;
00002D9C : FACA;
00002D9D : FB0C;
00002D9E : FAC9;
00002D9F : FB25;
00002DA0 : FC60;
00002DA1 : 00D3;
00002DA2 : 072E;
00002DA3 : 0DED;
00002DA4 : 12E8;
00002DA5 : 13C0;
00002DA6 : 1159;
00002DA7 : 0C82;
00002DA8 : 0863;
00002DA9 : 07BC;
00002DAA : 0B53;
00002DAB : 1186;
00002DAC : 16F8;
00002DAD : 17F7;
00002DAE : 1187;
00002DAF : 0574;
00002DB0 : F882;
00002DB1 : F043;
00002DB2 : EF62;
00002DB3 : F49F;
00002DB4 : FADE;
00002DB5 : FCC8;
00002DB6 : F7B6;
00002DB7 : EDE3;
00002DB8 : E503;
00002DB9 : E29C;
00002DBA : E990;
00002DBB : F766;
00002DBC : 0665;
00002DBD : 10A9;
00002DBE : 1348;
00002DBF : 0FB4;
00002DC0 : 094E;
00002DC1 : 0368;
00002DC2 : FFAA;
00002DC3 : FE3D;
00002DC4 : FD62;
00002DC5 : FCB9;
00002DC6 : FC0F;
00002DC7 : FBDF;
00002DC8 : FDD5;
00002DC9 : 029C;
00002DCA : 094C;
00002DCB : 1072;
00002DCC : 158A;
00002DCD : 1738;
00002DCE : 14A9;
00002DCF : 0F08;
00002DD0 : 0931;
00002DD1 : 0471;
00002DD2 : 028F;
00002DD3 : 0291;
00002DD4 : 0336;
00002DD5 : 039C;
00002DD6 : 02D4;
00002DD7 : FF15;
00002DD8 : F9F7;
00002DD9 : F489;
00002DDA : F11D;
00002DDB : F0E7;
00002DDC : F38B;
00002DDD : F6B5;
00002DDE : F8A8;
00002DDF : F898;
00002DE0 : F7C1;
00002DE1 : F7A4;
00002DE2 : F980;
00002DE3 : FCEC;
00002DE4 : FEA0;
00002DE5 : FE5B;
00002DE6 : FCC0;
00002DE7 : FBFD;
00002DE8 : FCF0;
00002DE9 : 014C;
00002DEA : 066D;
00002DEB : 092C;
00002DEC : 08E8;
00002DED : 0644;
00002DEE : 040A;
00002DEF : 039E;
00002DF0 : 04E8;
00002DF1 : 05DE;
00002DF2 : 0442;
00002DF3 : FEEF;
00002DF4 : F7DF;
00002DF5 : F2D2;
00002DF6 : F1DC;
00002DF7 : F530;
00002DF8 : FAFE;
00002DF9 : 00B3;
00002DFA : 0412;
00002DFB : 0470;
00002DFC : 01D2;
00002DFD : FCCB;
00002DFE : F683;
00002DFF : F0EC;
00002E00 : EECD;
00002E01 : F18E;
00002E02 : F914;
00002E03 : 0281;
00002E04 : 09B6;
00002E05 : 0BDF;
00002E06 : 0827;
00002E07 : 00C5;
00002E08 : F926;
00002E09 : F4CF;
00002E0A : F54C;
00002E0B : F9D4;
00002E0C : 0046;
00002E0D : 067F;
00002E0E : 0B6A;
00002E0F : 0F32;
00002E10 : 11A8;
00002E11 : 12C2;
00002E12 : 1257;
00002E13 : 0FC1;
00002E14 : 0C31;
00002E15 : 08F9;
00002E16 : 080F;
00002E17 : 09AD;
00002E18 : 0D7A;
00002E19 : 10F0;
00002E1A : 1118;
00002E1B : 0D4C;
00002E1C : 06BD;
00002E1D : FFFF;
00002E1E : FBBC;
00002E1F : FB54;
00002E20 : FDEA;
00002E21 : 012D;
00002E22 : 02D8;
00002E23 : 0198;
00002E24 : FDE4;
00002E25 : F936;
00002E26 : F5A8;
00002E27 : F420;
00002E28 : F457;
00002E29 : F53E;
00002E2A : F5B5;
00002E2B : F4DC;
00002E2C : F2EB;
00002E2D : F01B;
00002E2E : ED3F;
00002E2F : EB43;
00002E30 : EB4A;
00002E31 : EDCA;
00002E32 : F33D;
00002E33 : FA99;
00002E34 : 0292;
00002E35 : 0961;
00002E36 : 0D52;
00002E37 : 0E0C;
00002E38 : 0B56;
00002E39 : 06D9;
00002E3A : 0304;
00002E3B : 0227;
00002E3C : 05FF;
00002E3D : 0D28;
00002E3E : 15C7;
00002E3F : 1CCB;
00002E40 : 1FB0;
00002E41 : 1DAE;
00002E42 : 17DF;
00002E43 : 10AD;
00002E44 : 0B27;
00002E45 : 0933;
00002E46 : 09E8;
00002E47 : 0AE9;
00002E48 : 098B;
00002E49 : 0487;
00002E4A : FC8E;
00002E4B : F24A;
00002E4C : E7FD;
00002E4D : DF1D;
00002E4E : D955;
00002E4F : D807;
00002E50 : DC3D;
00002E51 : E504;
00002E52 : EFFB;
00002E53 : F9D4;
00002E54 : FFB8;
00002E55 : 00D9;
00002E56 : FEC5;
00002E57 : FC73;
00002E58 : FC31;
00002E59 : FE70;
00002E5A : 02A6;
00002E5B : 07B3;
00002E5C : 0C6B;
00002E5D : 0FAA;
00002E5E : 1130;
00002E5F : 101A;
00002E60 : 0C48;
00002E61 : 06F1;
00002E62 : 0221;
00002E63 : FFCD;
00002E64 : 00D6;
00002E65 : 049E;
00002E66 : 08D3;
00002E67 : 0A5A;
00002E68 : 0766;
00002E69 : 00F2;
00002E6A : F930;
00002E6B : F322;
00002E6C : F090;
00002E6D : F176;
00002E6E : F4BF;
00002E6F : F8B0;
00002E70 : FBA3;
00002E71 : FC80;
00002E72 : FB55;
00002E73 : F7BF;
00002E74 : F340;
00002E75 : EF04;
00002E76 : ECB2;
00002E77 : EE0C;
00002E78 : F316;
00002E79 : FA9F;
00002E7A : 02C2;
00002E7B : 0A1F;
00002E7C : 0FE7;
00002E7D : 1406;
00002E7E : 171D;
00002E7F : 1939;
00002E80 : 1A4E;
00002E81 : 1AC6;
00002E82 : 1A71;
00002E83 : 19AA;
00002E84 : 187B;
00002E85 : 1668;
00002E86 : 136D;
00002E87 : 0F78;
00002E88 : 09AD;
00002E89 : 029C;
00002E8A : FA77;
00002E8B : F274;
00002E8C : EBF2;
00002E8D : E760;
00002E8E : E4C7;
00002E8F : E43F;
00002E90 : E481;
00002E91 : E5C1;
00002E92 : E8E4;
00002E93 : EE68;
00002E94 : F6C2;
00002E95 : FFFD;
00002E96 : 077E;
00002E97 : 0B6A;
00002E98 : 0B88;
00002E99 : 0886;
00002E9A : 041A;
00002E9B : 0012;
00002E9C : FD98;
00002E9D : FD5E;
00002E9E : FF32;
00002E9F : 0230;
00002EA0 : 0550;
00002EA1 : 0646;
00002EA2 : 0333;
00002EA3 : FC44;
00002EA4 : F3E4;
00002EA5 : EE00;
00002EA6 : EF16;
00002EA7 : F786;
00002EA8 : 0474;
00002EA9 : 1155;
00002EAA : 1992;
00002EAB : 1C22;
00002EAC : 1A61;
00002EAD : 169A;
00002EAE : 132E;
00002EAF : 10DC;
00002EB0 : 0FCA;
00002EB1 : 0EA6;
00002EB2 : 0C7D;
00002EB3 : 0926;
00002EB4 : 049F;
00002EB5 : FEE8;
00002EB6 : F9AE;
00002EB7 : F543;
00002EB8 : F12C;
00002EB9 : EDC8;
00002EBA : E943;
00002EBB : E476;
00002EBC : DFF9;
00002EBD : DD81;
00002EBE : DE85;
00002EBF : E320;
00002EC0 : E94D;
00002EC1 : EFE6;
00002EC2 : F613;
00002EC3 : FCDB;
00002EC4 : 060A;
00002EC5 : 1108;
00002EC6 : 1B50;
00002EC7 : 21FB;
00002EC8 : 23CE;
00002EC9 : 2123;
00002ECA : 1BFF;
00002ECB : 167D;
00002ECC : 1188;
00002ECD : 0D6C;
00002ECE : 08C5;
00002ECF : 0337;
00002ED0 : FCF6;
00002ED1 : F6C8;
00002ED2 : F14E;
00002ED3 : ED69;
00002ED4 : EB50;
00002ED5 : EB62;
00002ED6 : ED6F;
00002ED7 : F11F;
00002ED8 : F554;
00002ED9 : F9DA;
00002EDA : FEFC;
00002EDB : 04F6;
00002EDC : 0BE2;
00002EDD : 1280;
00002EDE : 1721;
00002EDF : 16B1;
00002EE0 : 0FF7;
00002EE1 : 053F;
00002EE2 : F911;
00002EE3 : EED3;
00002EE4 : E888;
00002EE5 : E650;
00002EE6 : E7BC;
00002EE7 : EC55;
00002EE8 : F37E;
00002EE9 : FC36;
00002EEA : 04E5;
00002EEB : 0B81;
00002EEC : 0F88;
00002EED : 112D;
00002EEE : 1119;
00002EEF : 0FF8;
00002EF0 : 0E71;
00002EF1 : 0C8F;
00002EF2 : 0A60;
00002EF3 : 0825;
00002EF4 : 0582;
00002EF5 : 0241;
00002EF6 : FDF4;
00002EF7 : F80D;
00002EF8 : F0F9;
00002EF9 : EA0D;
00002EFA : E5BF;
00002EFB : E59F;
00002EFC : EB3B;
00002EFD : F567;
00002EFE : 00BB;
00002EFF : 0A29;
00002F00 : 0F33;
00002F01 : 0EDE;
00002F02 : 0AEE;
00002F03 : 0622;
00002F04 : 0338;
00002F05 : 03F1;
00002F06 : 06C9;
00002F07 : 098A;
00002F08 : 0936;
00002F09 : 04EB;
00002F0A : FE97;
00002F0B : FA49;
00002F0C : FA69;
00002F0D : FF88;
00002F0E : 0713;
00002F0F : 0DC4;
00002F10 : 10D9;
00002F11 : 0FE4;
00002F12 : 0CB6;
00002F13 : 091E;
00002F14 : 0644;
00002F15 : 039F;
00002F16 : 008F;
00002F17 : FCA5;
00002F18 : F73E;
00002F19 : F02B;
00002F1A : E7DF;
00002F1B : DFB2;
00002F1C : D8E4;
00002F1D : D6DE;
00002F1E : DB83;
00002F1F : E710;
00002F20 : F77B;
00002F21 : 0901;
00002F22 : 18F7;
00002F23 : 25E9;
00002F24 : 2D81;
00002F25 : 2E5F;
00002F26 : 282A;
00002F27 : 1CBE;
00002F28 : 1009;
00002F29 : 06C8;
00002F2A : 03CD;
00002F2B : 0442;
00002F2C : 0392;
00002F2D : FD71;
00002F2E : F1AD;
00002F2F : E44C;
00002F30 : DAB1;
00002F31 : D96C;
00002F32 : E0B8;
00002F33 : ED0C;
00002F34 : F981;
00002F35 : 0226;
00002F36 : 0508;
00002F37 : 0498;
00002F38 : 0465;
00002F39 : 0778;
00002F3A : 0E2B;
00002F3B : 1645;
00002F3C : 1BFD;
00002F3D : 1C1E;
00002F3E : 154B;
00002F3F : 097A;
00002F40 : FC5B;
00002F41 : F228;
00002F42 : ED31;
00002F43 : EC54;
00002F44 : EDF6;
00002F45 : F077;
00002F46 : F23B;
00002F47 : F3C2;
00002F48 : F4B4;
00002F49 : F5B0;
00002F4A : F710;
00002F4B : F8E7;
00002F4C : FC37;
00002F4D : 0105;
00002F4E : 07FB;
00002F4F : 0EFD;
00002F50 : 14C4;
00002F51 : 17AF;
00002F52 : 16CA;
00002F53 : 129A;
00002F54 : 0C82;
00002F55 : 0696;
00002F56 : 036C;
00002F57 : 026C;
00002F58 : 01CB;
00002F59 : FFB4;
00002F5A : FBE2;
00002F5B : F73E;
00002F5C : F358;
00002F5D : F24E;
00002F5E : F3E8;
00002F5F : F6C2;
00002F60 : F8DC;
00002F61 : F950;
00002F62 : F96A;
00002F63 : F9B4;
00002F64 : FB44;
00002F65 : FDD7;
00002F66 : 0048;
00002F67 : 020F;
00002F68 : 02F3;
00002F69 : 031B;
00002F6A : 03C7;
00002F6B : 04AF;
00002F6C : 05B7;
00002F6D : 0643;
00002F6E : 068E;
00002F6F : 0786;
00002F70 : 08D1;
00002F71 : 0A56;
00002F72 : 0B8F;
00002F73 : 0B85;
00002F74 : 09E4;
00002F75 : 06D0;
00002F76 : 0384;
00002F77 : 0099;
00002F78 : FF51;
00002F79 : FFDF;
00002F7A : 01BC;
00002F7B : 0342;
00002F7C : 02B0;
00002F7D : FF66;
00002F7E : F982;
00002F7F : F247;
00002F80 : EB3B;
00002F81 : E598;
00002F82 : E279;
00002F83 : E23D;
00002F84 : E563;
00002F85 : EC7D;
00002F86 : F6B1;
00002F87 : 017D;
00002F88 : 0A60;
00002F89 : 0F2F;
00002F8A : 1042;
00002F8B : 0E8E;
00002F8C : 0C0C;
00002F8D : 0A68;
00002F8E : 08E2;
00002F8F : 06EF;
00002F90 : 04EF;
00002F91 : 0445;
00002F92 : 06FF;
00002F93 : 0E3A;
00002F94 : 17EA;
00002F95 : 1FCE;
00002F96 : 2090;
00002F97 : 1887;
00002F98 : 0A1D;
00002F99 : FC03;
00002F9A : F482;
00002F9B : F5F3;
00002F9C : FD83;
00002F9D : 0520;
00002F9E : 0743;
00002F9F : 010F;
00002FA0 : F4F8;
00002FA1 : E7F9;
00002FA2 : DF7B;
00002FA3 : DE6E;
00002FA4 : E348;
00002FA5 : EAA5;
00002FA6 : F1AD;
00002FA7 : F6AD;
00002FA8 : FA42;
00002FA9 : FE48;
00002FAA : 03D0;
00002FAB : 09D6;
00002FAC : 0E9B;
00002FAD : 1049;
00002FAE : 0F19;
00002FAF : 0BDC;
00002FB0 : 079B;
00002FB1 : 03D3;
00002FB2 : 00F7;
00002FB3 : FF35;
00002FB4 : FF24;
00002FB5 : FFEC;
00002FB6 : 00F9;
00002FB7 : 00D5;
00002FB8 : FDD1;
00002FB9 : F913;
00002FBA : F4EB;
00002FBB : F49E;
00002FBC : F910;
00002FBD : 00F9;
00002FBE : 0962;
00002FBF : 0DE1;
00002FC0 : 0C91;
00002FC1 : 067C;
00002FC2 : FDEC;
00002FC3 : F60F;
00002FC4 : EF3B;
00002FC5 : E943;
00002FC6 : E42C;
00002FC7 : E042;
00002FC8 : DEE6;
00002FC9 : E1F0;
00002FCA : E919;
00002FCB : F351;
00002FCC : FF53;
00002FCD : 0A5C;
00002FCE : 138F;
00002FCF : 198B;
00002FD0 : 1DC9;
00002FD1 : 20BA;
00002FD2 : 23C8;
00002FD3 : 2806;
00002FD4 : 2D1B;
00002FD5 : 30D8;
00002FD6 : 2F8C;
00002FD7 : 276F;
00002FD8 : 1934;
00002FD9 : 0886;
00002FDA : F8A6;
00002FDB : EB71;
00002FDC : E2C4;
00002FDD : DE31;
00002FDE : DCF4;
00002FDF : DDAE;
00002FE0 : DF6F;
00002FE1 : E259;
00002FE2 : E732;
00002FE3 : EE29;
00002FE4 : F70B;
00002FE5 : 0044;
00002FE6 : 0741;
00002FE7 : 0A6B;
00002FE8 : 0A28;
00002FE9 : 091D;
00002FEA : 07F0;
00002FEB : 085C;
00002FEC : 0999;
00002FED : 096C;
00002FEE : 0613;
00002FEF : FE8D;
00002FF0 : F508;
00002FF1 : ECCA;
00002FF2 : E8BD;
00002FF3 : E9CD;
00002FF4 : EE1B;
00002FF5 : F23F;
00002FF6 : F534;
00002FF7 : F828;
00002FF8 : FF07;
00002FF9 : 0B67;
00002FFA : 1B24;
00002FFB : 27F6;
00002FFC : 2BBD;
00002FFD : 23D9;
00002FFE : 13DF;
00002FFF : 0512;
00003000 : 004D;
00003001 : 08D1;
00003002 : 1865;
00003003 : 23AF;
00003004 : 2279;
00003005 : 130A;
00003006 : FBAA;
00003007 : E5C7;
00003008 : D794;
00003009 : D258;
0000300A : D41D;
0000300B : D9AF;
0000300C : E1B9;
0000300D : EB61;
0000300E : F593;
0000300F : FE79;
00003010 : 04D8;
00003011 : 0978;
00003012 : 0D7F;
00003013 : 1163;
00003014 : 13D2;
00003015 : 1329;
00003016 : 0F09;
00003017 : 0903;
00003018 : 0486;
00003019 : 03A5;
0000301A : 0713;
0000301B : 0BB7;
0000301C : 0DB6;
0000301D : 0AA8;
0000301E : 0227;
0000301F : F6E3;
00003020 : EBF5;
00003021 : E3CF;
00003022 : E043;
00003023 : E0A9;
00003024 : E4ED;
00003025 : EC39;
00003026 : F4C9;
00003027 : FC5E;
00003028 : 0021;
00003029 : FFC7;
0000302A : FCA2;
0000302B : F9DF;
0000302C : F95B;
0000302D : FCBF;
0000302E : 02EB;
0000302F : 08A5;
00003030 : 0BBC;
00003031 : 0B45;
00003032 : 08DD;
00003033 : 078D;
00003034 : 09C4;
00003035 : 0F58;
00003036 : 15A1;
00003037 : 18A7;
00003038 : 1630;
00003039 : 0DDB;
0000303A : 03B2;
0000303B : FD00;
0000303C : FD9F;
0000303D : 0510;
0000303E : 0F52;
0000303F : 1639;
00003040 : 15A4;
00003041 : 0DE4;
00003042 : 01DB;
00003043 : F61A;
00003044 : EDD3;
00003045 : EA59;
00003046 : EA12;
00003047 : EC90;
00003048 : F013;
00003049 : F423;
0000304A : F785;
0000304B : F8F3;
0000304C : F877;
0000304D : F5F7;
0000304E : F36A;
0000304F : F28F;
00003050 : F562;
00003051 : FB0D;
00003052 : 01D2;
00003053 : 06BE;
00003054 : 076E;
00003055 : 0369;
00003056 : FCDF;
00003057 : F5D9;
00003058 : F241;
00003059 : F417;
0000305A : FB11;
0000305B : 03DE;
0000305C : 0B29;
0000305D : 0F59;
0000305E : 10EC;
0000305F : 124E;
00003060 : 1618;
00003061 : 1D6A;
00003062 : 255C;
00003063 : 29A4;
00003064 : 25F9;
00003065 : 19EB;
00003066 : 08D7;
00003067 : F892;
00003068 : ED94;
00003069 : E933;
0000306A : EA81;
0000306B : ED94;
0000306C : F010;
0000306D : F029;
0000306E : EDB1;
0000306F : EA9A;
00003070 : EA55;
00003071 : EED4;
00003072 : F84A;
00003073 : 0419;
00003074 : 0E7D;
00003075 : 1341;
00003076 : 106B;
00003077 : 07F3;
00003078 : FD13;
00003079 : F453;
0000307A : F0E1;
0000307B : F382;
0000307C : FA4A;
0000307D : 018D;
0000307E : 061F;
0000307F : 075B;
00003080 : 0558;
00003081 : 0307;
00003082 : 01ED;
00003083 : 027F;
00003084 : 0438;
00003085 : 0586;
00003086 : 0592;
00003087 : 049A;
00003088 : 0392;
00003089 : 03B7;
0000308A : 0577;
0000308B : 0870;
0000308C : 0AD1;
0000308D : 0B36;
0000308E : 084C;
0000308F : 01B8;
00003090 : F8A5;
00003091 : EE60;
00003092 : E5A4;
00003093 : DFD1;
00003094 : DDE7;
00003095 : DE18;
00003096 : DF48;
00003097 : E0C7;
00003098 : E22B;
00003099 : E45B;
0000309A : E8F9;
0000309B : F074;
0000309C : FA87;
0000309D : 0546;
0000309E : 0EB8;
0000309F : 162B;
000030A0 : 1B3F;
000030A1 : 1E49;
000030A2 : 1F4E;
000030A3 : 1E2A;
000030A4 : 1B49;
000030A5 : 1748;
000030A6 : 133D;
000030A7 : 0FC9;
000030A8 : 0D6D;
000030A9 : 0C27;
000030AA : 0AA5;
000030AB : 07F0;
000030AC : 0429;
000030AD : 002F;
000030AE : FDD5;
000030AF : FDEA;
000030B0 : 0064;
000030B1 : 02D3;
000030B2 : 0367;
000030B3 : 011F;
000030B4 : FC87;
000030B5 : F7AB;
000030B6 : F4A0;
000030B7 : F3AB;
000030B8 : F3A2;
000030B9 : F330;
000030BA : F12A;
000030BB : EDEC;
000030BC : EA56;
000030BD : E7ED;
000030BE : E725;
000030BF : E85B;
000030C0 : EB86;
000030C1 : F0BF;
000030C2 : F707;
000030C3 : FCF6;
000030C4 : 0169;
000030C5 : 03B2;
000030C6 : 0525;
000030C7 : 074C;
000030C8 : 0C35;
000030C9 : 13C7;
000030CA : 1B8D;
000030CB : 20A4;
000030CC : 208C;
000030CD : 1B3B;
000030CE : 1396;
000030CF : 0D96;
000030D0 : 0BBE;
000030D1 : 0DE2;
000030D2 : 1113;
000030D3 : 110D;
000030D4 : 0BDE;
000030D5 : 0224;
000030D6 : F6CC;
000030D7 : EDC6;
000030D8 : E9DB;
000030D9 : EB68;
000030DA : F082;
000030DB : F599;
000030DC : F7EB;
000030DD : F6C8;
000030DE : F3F9;
000030DF : F295;
000030E0 : F594;
000030E1 : FCAE;
000030E2 : 04F8;
000030E3 : 09C5;
000030E4 : 0891;
000030E5 : 01E8;
000030E6 : F8AC;
000030E7 : F19B;
000030E8 : EFB4;
000030E9 : F366;
000030EA : FB9E;
000030EB : 056B;
000030EC : 0E85;
000030ED : 1584;
000030EE : 1961;
000030EF : 19FB;
000030F0 : 1745;
000030F1 : 11F3;
000030F2 : 0AB0;
000030F3 : 01C3;
000030F4 : F7CE;
000030F5 : ED04;
000030F6 : E2C1;
000030F7 : DAFB;
000030F8 : D7C2;
000030F9 : D985;
000030FA : DF56;
000030FB : E6F9;
000030FC : EF66;
000030FD : F8E8;
000030FE : 042F;
000030FF : 119B;
00003100 : 1E5A;
00003101 : 25E2;
00003102 : 2467;
00003103 : 1891;
00003104 : 05DD;
00003105 : F295;
00003106 : E50C;
00003107 : E014;
00003108 : E1F6;
00003109 : E729;
0000310A : EBCB;
0000310B : EF7D;
0000310C : F4C0;
0000310D : FE34;
0000310E : 0D0A;
0000310F : 1EA8;
00003110 : 2E42;
00003111 : 37AF;
00003112 : 3899;
00003113 : 30EB;
00003114 : 22BC;
00003115 : 122C;
00003116 : 037D;
00003117 : F7A9;
00003118 : EC19;
00003119 : DF37;
0000311A : D251;
0000311B : C9EA;
0000311C : CA33;
0000311D : D4E1;
0000311E : E79C;
0000311F : FBC6;
00003120 : 0C28;
00003121 : 167E;
00003122 : 1C56;
00003123 : 1EF5;
00003124 : 1E7B;
00003125 : 1B67;
00003126 : 1693;
00003127 : 1217;
00003128 : 0F74;
00003129 : 0D4C;
0000312A : 095F;
0000312B : 012F;
0000312C : F528;
0000312D : E8ED;
0000312E : E1A1;
0000312F : E1FA;
00003130 : E8D6;
00003131 : F2DB;
00003132 : FC5C;
00003133 : 02E5;
00003134 : 066F;
00003135 : 08AE;
00003136 : 09FB;
00003137 : 09DE;
00003138 : 070F;
00003139 : 0102;
0000313A : F941;
0000313B : F255;
0000313C : EF36;
0000313D : F10C;
0000313E : F6B0;
0000313F : FD28;
00003140 : 01C2;
00003141 : 037D;
00003142 : 02D0;
00003143 : 026D;
00003144 : 04A0;
00003145 : 09F2;
00003146 : 10BE;
00003147 : 15E2;
00003148 : 16A1;
00003149 : 1264;
0000314A : 0AA8;
0000314B : 037F;
0000314C : 0006;
0000314D : 0133;
0000314E : 0443;
0000314F : 05B3;
00003150 : 024E;
00003151 : FA1B;
00003152 : EF25;
00003153 : E53B;
00003154 : DFAF;
00003155 : DF70;
00003156 : E41A;
00003157 : EB8B;
00003158 : F38C;
00003159 : FA95;
0000315A : 00EA;
0000315B : 076F;
0000315C : 0E88;
0000315D : 1584;
0000315E : 1AAC;
0000315F : 1C09;
00003160 : 192C;
00003161 : 12D1;
00003162 : 0B8B;
00003163 : 04B5;
00003164 : FE59;
00003165 : F79B;
00003166 : EF88;
00003167 : E5F8;
00003168 : DD01;
00003169 : D719;
0000316A : D682;
0000316B : DBD0;
0000316C : E59E;
0000316D : F11D;
0000316E : FBD2;
0000316F : 04F2;
00003170 : 0C93;
00003171 : 126B;
00003172 : 16DB;
00003173 : 1A91;
00003174 : 1DBA;
00003175 : 20BC;
00003176 : 22B0;
00003177 : 225D;
00003178 : 1EA5;
00003179 : 168B;
0000317A : 0B90;
0000317B : FFC1;
0000317C : F435;
0000317D : E9EC;
0000317E : E0EB;
0000317F : DA2E;
00003180 : D6D3;
00003181 : D81D;
00003182 : DDA9;
00003183 : E694;
00003184 : F02D;
00003185 : F986;
00003186 : 02DD;
00003187 : 0D6F;
00003188 : 19EF;
00003189 : 2677;
0000318A : 3091;
0000318B : 35E7;
0000318C : 357E;
0000318D : 2E43;
0000318E : 218E;
0000318F : 1297;
00003190 : 04B8;
00003191 : F8D9;
00003192 : EE0D;
00003193 : E49C;
00003194 : DD4A;
00003195 : D8F7;
00003196 : D880;
00003197 : DBEF;
00003198 : E297;
00003199 : EBDA;
0000319A : F690;
0000319B : 00DD;
0000319C : 0840;
0000319D : 0AED;
0000319E : 082C;
0000319F : 01E2;
000031A0 : FBFC;
000031A1 : FA45;
000031A2 : FE7E;
000031A3 : 06C2;
000031A4 : 0E7D;
000031A5 : 10B7;
000031A6 : 0B77;
000031A7 : 00DA;
000031A8 : F65E;
000031A9 : F182;
000031AA : F442;
000031AB : FC6B;
000031AC : 0488;
000031AD : 0796;
000031AE : 0401;
000031AF : FC24;
000031B0 : F555;
000031B1 : F437;
000031B2 : FA02;
000031B3 : 04F0;
000031B4 : 0FF8;
000031B5 : 16FE;
000031B6 : 179B;
000031B7 : 13C6;
000031B8 : 0F0A;
000031B9 : 0CE0;
000031BA : 0F0E;
000031BB : 138E;
000031BC : 16A2;
000031BD : 150C;
000031BE : 0E26;
000031BF : 0423;
000031C0 : FADE;
000031C1 : F504;
000031C2 : F322;
000031C3 : F3AC;
000031C4 : F430;
000031C5 : F315;
000031C6 : EF51;
000031C7 : E974;
000031C8 : E2F1;
000031C9 : DD96;
000031CA : DB1A;
000031CB : DD07;
000031CC : E38B;
000031CD : ECF6;
000031CE : F71E;
000031CF : FFBA;
000031D0 : 0665;
000031D1 : 0BB1;
000031D2 : 1052;
000031D3 : 14A8;
000031D4 : 18C3;
000031D5 : 1C5A;
000031D6 : 1E47;
000031D7 : 1E00;
000031D8 : 1A6B;
000031D9 : 13A3;
000031DA : 0AAB;
000031DB : 0112;
000031DC : F85B;
000031DD : F154;
000031DE : EBB6;
000031DF : E774;
000031E0 : E47E;
000031E1 : E3C9;
000031E2 : E691;
000031E3 : ECA4;
000031E4 : F5CE;
000031E5 : FF97;
000031E6 : 0872;
000031E7 : 0E89;
000031E8 : 10EC;
000031E9 : 10C9;
000031EA : 0EA8;
000031EB : 0C1B;
000031EC : 0B1A;
000031ED : 0CCA;
000031EE : 10BC;
000031EF : 13C6;
000031F0 : 1314;
000031F1 : 0C83;
000031F2 : 000F;
000031F3 : F033;
000031F4 : E1D7;
000031F5 : D8D2;
000031F6 : D7D0;
000031F7 : DE31;
000031F8 : EB20;
000031F9 : FA32;
000031FA : 07E3;
000031FB : 12AC;
000031FC : 1975;
000031FD : 1CB3;
000031FE : 1C53;
000031FF : 18FA;
00003200 : 133D;
00003201 : 0C76;
00003202 : 0653;
00003203 : 02A4;
00003204 : 0153;
00003205 : 0110;
00003206 : 01CB;
00003207 : 02AB;
00003208 : 031F;
00003209 : 0297;
0000320A : 0178;
0000320B : FE99;
0000320C : FA43;
0000320D : F4CF;
0000320E : EF56;
0000320F : EB09;
00003210 : E82C;
00003211 : E698;
00003212 : E5BA;
00003213 : E4DF;
00003214 : E4F1;
00003215 : E6CB;
00003216 : EB52;
00003217 : F3F5;
00003218 : 00AC;
00003219 : 0FA1;
0000321A : 1DB1;
0000321B : 289A;
0000321C : 2CD0;
0000321D : 29EA;
0000321E : 2115;
0000321F : 1561;
00003220 : 0B61;
00003221 : 0637;
00003222 : 055C;
00003223 : 05CC;
00003224 : 0409;
00003225 : FE72;
00003226 : F5E2;
00003227 : EE7A;
00003228 : EB5C;
00003229 : ED2A;
0000322A : F3A9;
0000322B : FC45;
0000322C : 04E5;
0000322D : 0B75;
0000322E : 0E9E;
0000322F : 0DB7;
00003230 : 099C;
00003231 : 032F;
00003232 : FC0D;
00003233 : F5CB;
00003234 : F0E7;
00003235 : EE1C;
00003236 : ECFB;
00003237 : ED9B;
00003238 : EF37;
00003239 : F1DB;
0000323A : F45B;
0000323B : F608;
0000323C : F616;
0000323D : F537;
0000323E : F498;
0000323F : F5C3;
00003240 : F9D5;
00003241 : 008E;
00003242 : 0866;
00003243 : 0F71;
00003244 : 14A4;
00003245 : 17F0;
00003246 : 196C;
00003247 : 19A8;
00003248 : 18C7;
00003249 : 1657;
0000324A : 1218;
0000324B : 0BEB;
0000324C : 0470;
0000324D : FC10;
0000324E : F336;
0000324F : EAF0;
00003250 : E489;
00003251 : E200;
00003252 : E483;
00003253 : EC0B;
00003254 : F646;
00003255 : FFE3;
00003256 : 04FF;
00003257 : 043A;
00003258 : FECF;
00003259 : F766;
0000325A : F154;
0000325B : EF57;
0000325C : F20C;
0000325D : F867;
0000325E : 0031;
0000325F : 07AC;
00003260 : 0D91;
00003261 : 1196;
00003262 : 146F;
00003263 : 16DC;
00003264 : 1909;
00003265 : 1B20;
00003266 : 1D43;
00003267 : 1EA6;
00003268 : 1E36;
00003269 : 1B28;
0000326A : 1524;
0000326B : 0BC6;
0000326C : FFAD;
0000326D : F1DB;
0000326E : E482;
0000326F : DA5E;
00003270 : D5BE;
00003271 : D76A;
00003272 : DEA6;
00003273 : E938;
00003274 : F4DC;
00003275 : FEE0;
00003276 : 05A9;
00003277 : 08DD;
00003278 : 08B0;
00003279 : 0623;
0000327A : 01FE;
0000327B : FEC4;
0000327C : FEF7;
0000327D : 0471;
0000327E : 0E40;
0000327F : 18BF;
00003280 : 1EE3;
00003281 : 1C91;
00003282 : 1000;
00003283 : FC1D;
00003284 : E6C9;
00003285 : D5B8;
00003286 : CC23;
00003287 : CA87;
00003288 : D0F5;
00003289 : DE42;
0000328A : F095;
0000328B : 05E8;
0000328C : 1C41;
0000328D : 30E5;
0000328E : 3F87;
0000328F : 442C;
00003290 : 3DB8;
00003291 : 2DEF;
00003292 : 1B6E;
00003293 : 0E1F;
00003294 : 0913;
00003295 : 07BB;
00003296 : 01C2;
00003297 : F323;
00003298 : DDF1;
00003299 : CA63;
0000329A : C078;
0000329B : C33F;
0000329C : D0C5;
0000329D : E3C0;
0000329E : F715;
0000329F : 06B4;
000032A0 : 1244;
000032A1 : 1A9C;
000032A2 : 20A8;
000032A3 : 22EF;
000032A4 : 1ED3;
000032A5 : 1491;
000032A6 : 06F7;
000032A7 : FAFA;
000032A8 : F4B0;
000032A9 : F3A1;
000032AA : F41B;
000032AB : F45D;
000032AC : F314;
000032AD : F1D6;
000032AE : F30C;
000032AF : F864;
000032B0 : 003F;
000032B1 : 0912;
000032B2 : 0FC8;
000032B3 : 125D;
000032B4 : 10AD;
000032B5 : 0BB3;
000032B6 : 0433;
000032B7 : FCB2;
000032B8 : F73D;
000032B9 : F43F;
000032BA : F326;
000032BB : F138;
000032BC : ED27;
000032BD : E6C8;
000032BE : E192;
000032BF : E273;
000032C0 : EC7B;
000032C1 : FE22;
000032C2 : 11EB;
000032C3 : 2053;
000032C4 : 23DA;
000032C5 : 1B09;
000032C6 : 094F;
000032C7 : F4E8;
000032C8 : E5E9;
000032C9 : E10D;
000032CA : E5E7;
000032CB : F04A;
000032CC : FA9B;
000032CD : 01E5;
000032CE : 06B2;
000032CF : 0B05;
000032D0 : 1108;
000032D1 : 1873;
000032D2 : 2071;
000032D3 : 27AA;
000032D4 : 2DCE;
000032D5 : 311B;
000032D6 : 3037;
000032D7 : 29DA;
000032D8 : 1E47;
000032D9 : 0F12;
000032DA : FEFA;
000032DB : F066;
000032DC : E577;
000032DD : DF29;
000032DE : DD11;
000032DF : DD69;
000032E0 : DE36;
000032E1 : DECE;
000032E2 : DFA7;
000032E3 : E273;
000032E4 : E8E7;
000032E5 : F33C;
000032E6 : FFB5;
000032E7 : 0ADF;
000032E8 : 116E;
000032E9 : 116C;
000032EA : 0A4D;
000032EB : FDB0;
000032EC : EF3F;
000032ED : E3EE;
000032EE : DEFC;
000032EF : E20D;
000032F0 : EBCF;
000032F1 : F884;
000032F2 : 0490;
000032F3 : 0DAB;
000032F4 : 1330;
000032F5 : 15B9;
000032F6 : 1636;
000032F7 : 167B;
000032F8 : 1719;
000032F9 : 18EE;
000032FA : 1AFB;
000032FB : 1B30;
000032FC : 18FB;
000032FD : 1484;
000032FE : 0F89;
000032FF : 0C12;
00003300 : 0A67;
00003301 : 0844;
00003302 : 033B;
00003303 : FAC2;
00003304 : F0CC;
00003305 : E98E;
00003306 : E812;
00003307 : EC2B;
00003308 : F2D2;
00003309 : F855;
0000330A : FA15;
0000330B : F89C;
0000330C : F61C;
0000330D : F50D;
0000330E : F664;
0000330F : F99A;
00003310 : FEB9;
00003311 : 0593;
00003312 : 0E24;
00003313 : 1779;
00003314 : 1E91;
00003315 : 1F7B;
00003316 : 17C2;
00003317 : 08AC;
00003318 : F638;
00003319 : E513;
0000331A : D84C;
0000331B : D010;
0000331C : CC11;
0000331D : CC49;
0000331E : D1F2;
0000331F : DCD2;
00003320 : EB74;
00003321 : FB2D;
00003322 : 0A08;
00003323 : 163C;
00003324 : 1F52;
00003325 : 249B;
00003326 : 2616;
00003327 : 2471;
00003328 : 2087;
00003329 : 1BED;
0000332A : 168A;
0000332B : 1000;
0000332C : 07E1;
0000332D : FDD3;
0000332E : F2B4;
0000332F : E814;
00003330 : E032;
00003331 : DC99;
00003332 : DE32;
00003333 : E3D7;
00003334 : EBCA;
00003335 : F4DD;
00003336 : FE15;
00003337 : 075A;
00003338 : 0FC4;
00003339 : 159C;
0000333A : 16C4;
0000333B : 1378;
0000333C : 0DEA;
0000333D : 09C2;
0000333E : 0958;
0000333F : 0C01;
00003340 : 0E75;
00003341 : 0DB0;
00003342 : 08D3;
00003343 : 02C6;
00003344 : FFC3;
00003345 : 027C;
00003346 : 09F5;
00003347 : 1149;
00003348 : 13BF;
00003349 : 0F46;
0000334A : 0594;
0000334B : FAE1;
0000334C : F33B;
0000334D : F0C6;
0000334E : F312;
0000334F : F7F1;
00003350 : FD60;
00003351 : 00F2;
00003352 : 012D;
00003353 : FD9B;
00003354 : F7C0;
00003355 : F230;
00003356 : EFAE;
00003357 : F1CF;
00003358 : F7AE;
00003359 : FE9F;
0000335A : 03B1;
0000335B : 0487;
0000335C : 0008;
0000335D : F7AF;
0000335E : ED9E;
0000335F : E5EB;
00003360 : E43C;
00003361 : EA6C;
00003362 : F7B3;
00003363 : 083A;
00003364 : 168A;
00003365 : 1E6B;
00003366 : 1E5D;
00003367 : 17C3;
00003368 : 0D88;
00003369 : 031D;
0000336A : FB92;
0000336B : F7C2;
0000336C : F77A;
0000336D : FA85;
0000336E : 00AB;
0000336F : 09C2;
00003370 : 1481;
00003371 : 1EF1;
00003372 : 26C8;
00003373 : 2A77;
00003374 : 29E3;
00003375 : 2657;
00003376 : 2107;
00003377 : 1A32;
00003378 : 107B;
00003379 : 02B4;
0000337A : F190;
0000337B : DFCA;
0000337C : D005;
0000337D : C412;
0000337E : BCB9;
0000337F : B99E;
00003380 : BB6F;
00003381 : C3E5;
00003382 : D3E9;
00003383 : E901;
00003384 : FF40;
00003385 : 13C7;
00003386 : 251D;
00003387 : 314C;
00003388 : 353C;
00003389 : 2FD4;
0000338A : 22C1;
0000338B : 1283;
0000338C : 04C8;
0000338D : FC69;
0000338E : F862;
0000338F : F561;
00003390 : F116;
00003391 : ECB8;
00003392 : EB47;
00003393 : EF4B;
00003394 : F832;
00003395 : 02D4;
00003396 : 0B26;
00003397 : 0EFE;
00003398 : 0EA3;
00003399 : 0B1A;
0000339A : 05BB;
0000339B : FFBD;
0000339C : FA91;
0000339D : F799;
0000339E : F70D;
0000339F : F7EB;
000033A0 : F8A0;
000033A1 : F7AC;
000033A2 : F500;
000033A3 : F28A;
000033A4 : F2A6;
000033A5 : F5EE;
000033A6 : FB0A;
000033A7 : FF3A;
000033A8 : 00A9;
000033A9 : FF6F;
000033AA : FCE8;
000033AB : FAB8;
000033AC : FA99;
000033AD : FDC5;
000033AE : 0411;
000033AF : 0CBD;
000033B0 : 1652;
000033B1 : 1EF4;
000033B2 : 25AD;
000033B3 : 2A0D;
000033B4 : 2C20;
000033B5 : 2C71;
000033B6 : 2A91;
000033B7 : 2626;
000033B8 : 1E14;
000033B9 : 11D7;
000033BA : 01D6;
000033BB : F038;
000033BC : DF68;
000033BD : D237;
000033BE : C99F;
000033BF : C584;
000033C0 : C544;
000033C1 : C873;
000033C2 : CE70;
000033C3 : D774;
000033C4 : E24F;
000033C5 : ED2D;
000033C6 : F873;
000033C7 : 053E;
000033C8 : 12F1;
000033C9 : 1F68;
000033CA : 27F4;
000033CB : 2A88;
000033CC : 26E5;
000033CD : 1E6A;
000033CE : 1278;
000033CF : 0580;
000033D0 : F986;
000033D1 : F0DC;
000033D2 : ED0A;
000033D3 : EDF0;
000033D4 : F1FD;
000033D5 : F833;
000033D6 : FF43;
000033D7 : 06A3;
000033D8 : 0DC2;
000033D9 : 145F;
000033DA : 194B;
000033DB : 1ABA;
000033DC : 174A;
000033DD : 0FA7;
000033DE : 0629;
000033DF : FE83;
000033E0 : FAD2;
000033E1 : FC40;
000033E2 : 0207;
000033E3 : 09F7;
000033E4 : 11C6;
000033E5 : 1708;
000033E6 : 1798;
000033E7 : 1231;
000033E8 : 0767;
000033E9 : F904;
000033EA : EA31;
000033EB : DE0A;
000033EC : D609;
000033ED : D293;
000033EE : D27E;
000033EF : D4FA;
000033F0 : D931;
000033F1 : DF0C;
000033F2 : E634;
000033F3 : EE1D;
000033F4 : F715;
000033F5 : 00B5;
000033F6 : 09A4;
000033F7 : 1048;
000033F8 : 1458;
000033F9 : 16B3;
000033FA : 1941;
000033FB : 1D0A;
000033FC : 2229;
000033FD : 26D5;
000033FE : 28FD;
000033FF : 26D5;
00003400 : 1FA2;
00003401 : 1576;
00003402 : 0B5D;
00003403 : 0285;
00003404 : FB37;
00003405 : F462;
00003406 : ED22;
00003407 : E6B9;
00003408 : E237;
00003409 : DF99;
0000340A : DE42;
0000340B : DC92;
0000340C : DA84;
0000340D : DA80;
0000340E : DF27;
0000340F : E9BC;
00003410 : F8F1;
00003411 : 092E;
00003412 : 175A;
00003413 : 2086;
00003414 : 22F7;
00003415 : 1EF4;
00003416 : 1631;
00003417 : 0C85;
00003418 : 0544;
00003419 : 0231;
0000341A : 02DF;
0000341B : 0396;
0000341C : 017B;
0000341D : FC29;
0000341E : F4E7;
0000341F : F014;
00003420 : F067;
00003421 : F6DD;
00003422 : FFEE;
00003423 : 0828;
00003424 : 0CD5;
00003425 : 0E1A;
00003426 : 0E15;
00003427 : 0EEE;
00003428 : 1140;
00003429 : 1385;
0000342A : 1399;
0000342B : 0F9D;
0000342C : 0748;
0000342D : FC47;
0000342E : F1FD;
0000342F : EB7A;
00003430 : EB0A;
00003431 : F03C;
00003432 : F98D;
00003433 : 0346;
00003434 : 0A7E;
00003435 : 0D47;
00003436 : 0AFA;
00003437 : 04B6;
00003438 : FC74;
00003439 : F39D;
0000343A : EBEE;
0000343B : E64F;
0000343C : E39D;
0000343D : E45E;
0000343E : E838;
0000343F : EDD4;
00003440 : F45E;
00003441 : FB01;
00003442 : 0121;
00003443 : 06FF;
00003444 : 0BC8;
00003445 : 0F2C;
00003446 : 11B8;
00003447 : 14D6;
00003448 : 1A8C;
00003449 : 230D;
0000344A : 2C2F;
0000344B : 31A4;
0000344C : 2F3E;
0000344D : 2416;
0000344E : 13C6;
0000344F : 04BF;
00003450 : FAA1;
00003451 : F4DB;
00003452 : F057;
00003453 : EA11;
00003454 : E11E;
00003455 : D7BA;
00003456 : D1FF;
00003457 : D2CE;
00003458 : DAA1;
00003459 : E7C4;
0000345A : F654;
0000345B : 0237;
0000345C : 0A31;
0000345D : 0FC3;
0000345E : 14D2;
0000345F : 19C0;
00003460 : 1D02;
00003461 : 1B97;
00003462 : 1468;
00003463 : 0811;
00003464 : FAD6;
00003465 : F0E0;
00003466 : ECBA;
00003467 : EEE1;
00003468 : F452;
00003469 : FB80;
0000346A : 0284;
0000346B : 0878;
0000346C : 0CA6;
0000346D : 0DCA;
0000346E : 0AB8;
0000346F : 0331;
00003470 : F876;
00003471 : EDEC;
00003472 : E78F;
00003473 : E658;
00003474 : EA51;
00003475 : F15A;
00003476 : F97E;
00003477 : 01F2;
00003478 : 0A87;
00003479 : 12F3;
0000347A : 19F5;
0000347B : 1CC8;
0000347C : 1992;
0000347D : 1008;
0000347E : 01D2;
0000347F : F29C;
00003480 : E5CD;
00003481 : DE25;
00003482 : DC23;
00003483 : DF59;
00003484 : E652;
00003485 : EE93;
00003486 : F55A;
00003487 : FA3C;
00003488 : FF22;
00003489 : 05C6;
0000348A : 0FE6;
0000348B : 1CD9;
0000348C : 2940;
0000348D : 3186;
0000348E : 319D;
0000348F : 27EC;
00003490 : 15E8;
00003491 : 0016;
00003492 : ED81;
00003493 : E31F;
00003494 : E251;
00003495 : E81E;
00003496 : F0F6;
00003497 : F965;
00003498 : FF6E;
00003499 : 0382;
0000349A : 0673;
0000349B : 0A0B;
0000349C : 0E46;
0000349D : 1143;
0000349E : 1023;
0000349F : 0960;
000034A0 : FD7E;
000034A1 : F0BB;
000034A2 : E7B2;
000034A3 : E5DF;
000034A4 : EBC1;
000034A5 : F6EA;
000034A6 : 0380;
000034A7 : 0D40;
000034A8 : 1240;
000034A9 : 1309;
000034AA : 10B3;
000034AB : 0DC8;
000034AC : 0B69;
000034AD : 0A19;
000034AE : 099F;
000034AF : 0951;
000034B0 : 0847;
000034B1 : 0623;
000034B2 : 0190;
000034B3 : F9E9;
000034B4 : EF56;
000034B5 : E32D;
000034B6 : D866;
000034B7 : D355;
000034B8 : D742;
000034B9 : E580;
000034BA : FA1D;
000034BB : 0E40;
000034BC : 1AD4;
000034BD : 1D4F;
000034BE : 16A6;
000034BF : 0BAE;
000034C0 : 0190;
000034C1 : FE33;
000034C2 : 02D9;
000034C3 : 0CB0;
000034C4 : 1640;
000034C5 : 189A;
000034C6 : 132A;
000034C7 : 0805;
000034C8 : FC95;
000034C9 : F560;
000034CA : F3AA;
000034CB : F4A7;
000034CC : F5E7;
000034CD : F76A;
000034CE : F9DD;
000034CF : FF2F;
000034D0 : 0618;
000034D1 : 0A3A;
000034D2 : 0841;
000034D3 : FF58;
000034D4 : F3A3;
000034D5 : EBF0;
000034D6 : EDF4;
000034D7 : FA92;
000034D8 : 0B7D;
000034D9 : 1B5B;
000034DA : 23B9;
000034DB : 21C5;
000034DC : 1846;
000034DD : 0D9B;
000034DE : 058D;
000034DF : 0258;
000034E0 : 03AB;
000034E1 : 0549;
000034E2 : 056F;
000034E3 : 0214;
000034E4 : FA8F;
000034E5 : EEE9;
000034E6 : E00E;
000034E7 : D36C;
000034E8 : C9C3;
000034E9 : C744;
000034EA : CDE4;
000034EB : DE33;
000034EC : F437;
000034ED : 0A0B;
000034EE : 1B39;
000034EF : 2503;
000034F0 : 25AC;
000034F1 : 1D2B;
000034F2 : 0F5B;
000034F3 : 026C;
000034F4 : FC99;
000034F5 : FFBC;
000034F6 : 07EE;
000034F7 : 0FFE;
000034F8 : 0FD4;
000034F9 : 0695;
000034FA : F852;
000034FB : EBA6;
000034FC : E5EF;
000034FD : E69E;
000034FE : EB6C;
000034FF : F0CB;
00003500 : F326;
00003501 : F498;
00003502 : F609;
00003503 : F846;
00003504 : FC51;
00003505 : 0129;
00003506 : 05C5;
00003507 : 09BB;
00003508 : 0DAE;
00003509 : 1081;
0000350A : 12E9;
0000350B : 157D;
0000350C : 194A;
0000350D : 1F16;
0000350E : 265B;
0000350F : 2C81;
00003510 : 2DCD;
00003511 : 26D2;
00003512 : 176A;
00003513 : 036A;
00003514 : EFFC;
00003515 : E1F9;
00003516 : DBDD;
00003517 : DBA6;
00003518 : DE47;
00003519 : DFBC;
0000351A : DE4E;
0000351B : DADF;
0000351C : D878;
0000351D : DAF6;
0000351E : E4F2;
0000351F : F510;
00003520 : 07A8;
00003521 : 18C0;
00003522 : 235C;
00003523 : 23FC;
00003524 : 1A03;
00003525 : 075E;
00003526 : F521;
00003527 : EC59;
00003528 : F31C;
00003529 : 0857;
0000352A : 21BB;
0000352B : 32F7;
0000352C : 3493;
0000352D : 252A;
0000352E : 0ACD;
0000352F : F011;
00003530 : DD4E;
00003531 : D5C7;
00003532 : D6AC;
00003533 : DD9E;
00003534 : E89A;
00003535 : F566;
00003536 : 0274;
00003537 : 0D3B;
00003538 : 13E1;
00003539 : 1669;
0000353A : 154A;
0000353B : 115E;
0000353C : 0C5C;
0000353D : 0945;
0000353E : 0AE6;
0000353F : 121D;
00003540 : 1B03;
00003541 : 2000;
00003542 : 1B03;
00003543 : 0ACB;
00003544 : F434;
00003545 : E014;
00003546 : D537;
00003547 : D5A7;
00003548 : DE46;
00003549 : EA0F;
0000354A : F526;
0000354B : FE6B;
0000354C : 0678;
0000354D : 0D9F;
0000354E : 11EE;
0000354F : 1152;
00003550 : 0AB1;
00003551 : FFD4;
00003552 : F544;
00003553 : EFB9;
00003554 : F139;
00003555 : F880;
00003556 : 00EA;
00003557 : 05CA;
00003558 : 056F;
00003559 : 0134;
0000355A : FCA7;
0000355B : FACD;
0000355C : FC5A;
0000355D : FF89;
0000355E : 00B4;
0000355F : FD13;
00003560 : F56F;
00003561 : ED13;
00003562 : E933;
00003563 : EC2B;
00003564 : F487;
00003565 : FD66;
00003566 : 0287;
00003567 : 0210;
00003568 : FDD3;
00003569 : F9AA;
0000356A : F88B;
0000356B : FB1D;
0000356C : 00ED;
0000356D : 07DC;
0000356E : 0E14;
0000356F : 123D;
00003570 : 12F2;
00003571 : 0F85;
00003572 : 09F0;
00003573 : 0610;
00003574 : 0651;
00003575 : 0C7F;
00003576 : 165E;
00003577 : 1FD6;
00003578 : 234B;
00003579 : 1F03;
0000357A : 148C;
0000357B : 0864;
0000357C : FF44;
0000357D : FA9C;
0000357E : F9B0;
0000357F : FA1E;
00003580 : FA96;
00003581 : FA51;
00003582 : F8EA;
00003583 : F64A;
00003584 : F1A2;
00003585 : ECED;
00003586 : E99C;
00003587 : E9FB;
00003588 : ED8C;
00003589 : F178;
0000358A : F401;
0000358B : F41C;
0000358C : F322;
0000358D : F30D;
0000358E : F6B1;
0000358F : FD1D;
00003590 : 04DD;
00003591 : 0C58;
00003592 : 124C;
00003593 : 1627;
00003594 : 16CF;
00003595 : 12C9;
00003596 : 098B;
00003597 : FCFD;
00003598 : F129;
00003599 : EA22;
0000359A : E92C;
0000359B : ECF3;
0000359C : F277;
0000359D : F7F0;
0000359E : FE11;
0000359F : 060A;
000035A0 : 1087;
000035A1 : 1C00;
000035A2 : 2484;
000035A3 : 26A9;
000035A4 : 215C;
000035A5 : 159B;
000035A6 : 06D1;
000035A7 : F81B;
000035A8 : ECA3;
000035A9 : E606;
000035AA : E55F;
000035AB : EAEA;
000035AC : F55D;
000035AD : 01AA;
000035AE : 0C02;
000035AF : 1292;
000035B0 : 166E;
000035B1 : 1906;
000035B2 : 1AEC;
000035B3 : 1A8E;
000035B4 : 152F;
000035B5 : 0A37;
000035B6 : FC21;
000035B7 : EFDA;
000035B8 : E989;
000035B9 : E9AA;
000035BA : ED4F;
000035BB : F1DB;
000035BC : F46B;
000035BD : F482;
000035BE : F35E;
000035BF : F1C4;
000035C0 : F043;
000035C1 : EEC0;
000035C2 : ED0B;
000035C3 : EB31;
000035C4 : E9C9;
000035C5 : E9C7;
000035C6 : EBC1;
000035C7 : F16F;
000035C8 : FA76;
000035C9 : 051D;
000035CA : 0E85;
000035CB : 1400;
000035CC : 156C;
000035CD : 1470;
000035CE : 138E;
000035CF : 14E7;
000035D0 : 1737;
000035D1 : 172B;
000035D2 : 1295;
000035D3 : 0881;
000035D4 : FCB0;
000035D5 : F2D8;
000035D6 : EDD8;
000035D7 : EDAB;
000035D8 : EF83;
000035D9 : F18A;
000035DA : F24F;
000035DB : F274;
000035DC : F2C9;
000035DD : F363;
000035DE : F42B;
000035DF : F53B;
000035E0 : F806;
000035E1 : FC3F;
000035E2 : 01C3;
000035E3 : 08CE;
000035E4 : 0F88;
000035E5 : 163F;
000035E6 : 1D92;
000035E7 : 2457;
000035E8 : 2952;
000035E9 : 29B8;
000035EA : 23FD;
000035EB : 181B;
000035EC : 092F;
000035ED : FC90;
000035EE : F3D4;
000035EF : EFFB;
000035F0 : EF54;
000035F1 : F006;
000035F2 : F15C;
000035F3 : F334;
000035F4 : F3F0;
000035F5 : F37E;
000035F6 : F115;
000035F7 : ED96;
000035F8 : EB2F;
000035F9 : EB9B;
000035FA : F00D;
000035FB : F796;
000035FC : 000D;
000035FD : 07B1;
000035FE : 0E34;
000035FF : 1365;
00003600 : 180F;
00003601 : 1B45;
00003602 : 1B61;
00003603 : 1783;
00003604 : 0F87;
00003605 : 0539;
00003606 : FBF0;
00003607 : F5E0;
00003608 : F2E1;
00003609 : F14A;
0000360A : EEBC;
0000360B : EA90;
0000360C : E522;
0000360D : E08D;
0000360E : DF1C;
0000360F : E273;
00003610 : E92E;
00003611 : F2AB;
00003612 : FCFA;
00003613 : 079B;
00003614 : 126A;
00003615 : 1C61;
00003616 : 238B;
00003617 : 25B9;
00003618 : 2291;
00003619 : 1BC3;
0000361A : 1472;
0000361B : 0FF3;
0000361C : 1112;
0000361D : 160D;
0000361E : 1B1E;
0000361F : 1BEE;
00003620 : 14FE;
00003621 : 06E8;
00003622 : F5AB;
00003623 : E6AC;
00003624 : DE75;
00003625 : DE8A;
00003626 : E492;
00003627 : EB32;
00003628 : EE88;
00003629 : EDFE;
0000362A : EADD;
0000362B : E906;
0000362C : EB23;
0000362D : F215;
0000362E : FBC6;
0000362F : 050D;
00003630 : 0B90;
00003631 : 0F56;
00003632 : 1046;
00003633 : 0E83;
00003634 : 0982;
00003635 : 0143;
00003636 : F7ED;
00003637 : F0CB;
00003638 : EEFA;
00003639 : F213;
0000363A : F863;
0000363B : FDE0;
0000363C : FFBD;
0000363D : FD0B;
0000363E : F88F;
0000363F : F5BA;
00003640 : F795;
00003641 : FE59;
00003642 : 0816;
00003643 : 114B;
00003644 : 15F7;
00003645 : 1446;
00003646 : 0D12;
00003647 : 03F2;
00003648 : FCDE;
00003649 : FB9C;
0000364A : FF1D;
0000364B : 0617;
0000364C : 0CEF;
0000364D : 113D;
0000364E : 1141;
0000364F : 0DEF;
00003650 : 07AF;
00003651 : 011B;
00003652 : FAE0;
00003653 : F77E;
00003654 : F74F;
00003655 : F805;
00003656 : F683;
00003657 : F0C2;
00003658 : E52E;
00003659 : D6BB;
0000365A : CC21;
0000365B : CBFF;
0000365C : D961;
0000365D : F19F;
0000365E : 0D56;
0000365F : 26AF;
00003660 : 3976;
00003661 : 4244;
00003662 : 4072;
00003663 : 358F;
00003664 : 23E5;
00003665 : 1140;
00003666 : 03EE;
00003667 : FCBE;
00003668 : F691;
00003669 : ECF9;
0000366A : E17E;
0000366B : D826;
0000366C : D531;
0000366D : D9B3;
0000366E : E1F8;
0000366F : E839;
00003670 : EA23;
00003671 : E8EE;
00003672 : E948;
00003673 : ED51;
00003674 : F4D0;
00003675 : FE00;
00003676 : 0677;
00003677 : 0DB2;
00003678 : 13E8;
00003679 : 196D;
0000367A : 1D32;
0000367B : 1D5F;
0000367C : 1928;
0000367D : 1212;
0000367E : 0A54;
0000367F : 046F;
00003680 : 01FC;
00003681 : 0250;
00003682 : 03C4;
00003683 : 04DE;
00003684 : 054A;
00003685 : 0440;
00003686 : 0291;
00003687 : 00CA;
00003688 : FFC2;
00003689 : 00B2;
0000368A : 0409;
0000368B : 08B0;
0000368C : 0CF8;
0000368D : 0DE7;
0000368E : 0A6B;
0000368F : 0353;
00003690 : FBEC;
00003691 : F749;
00003692 : F620;
00003693 : F7AA;
00003694 : F8E6;
00003695 : F6EF;
00003696 : F025;
00003697 : E59E;
00003698 : DA15;
00003699 : D1CC;
0000369A : D106;
0000369B : DAC9;
0000369C : ED2E;
0000369D : 0343;
0000369E : 1773;
0000369F : 255D;
000036A0 : 2B22;
000036A1 : 2841;
000036A2 : 1CF7;
000036A3 : 0CAA;
000036A4 : FC11;
000036A5 : F0CE;
000036A6 : ED70;
000036A7 : F092;
000036A8 : F5A2;
000036A9 : F93F;
000036AA : FA10;
000036AB : F9BF;
000036AC : FB66;
000036AD : 00B8;
000036AE : 09A4;
000036AF : 120D;
000036B0 : 1633;
000036B1 : 1341;
000036B2 : 09D6;
000036B3 : FD22;
000036B4 : F1CC;
000036B5 : E9F1;
000036B6 : E5AB;
000036B7 : E565;
000036B8 : E6ED;
000036B9 : EA0E;
000036BA : ECD2;
000036BB : EE24;
000036BC : EFD4;
000036BD : F175;
000036BE : F5D5;
000036BF : FCE5;
000036C0 : 05EA;
000036C1 : 0F1B;
000036C2 : 153C;
000036C3 : 1884;
000036C4 : 1920;
000036C5 : 17F9;
000036C6 : 15ED;
000036C7 : 13A0;
000036C8 : 0FF8;
000036C9 : 0ABC;
000036CA : 04C3;
000036CB : FEA6;
000036CC : F92D;
000036CD : F45F;
000036CE : F05C;
000036CF : EE24;
000036D0 : EE59;
000036D1 : F1B6;
000036D2 : F7BC;
000036D3 : FED6;
000036D4 : 04B3;
000036D5 : 07A5;
000036D6 : 0736;
000036D7 : 046E;
000036D8 : 0140;
000036D9 : FF57;
000036DA : FFE3;
000036DB : 0364;
000036DC : 091B;
000036DD : 0D69;
000036DE : 0D35;
000036DF : 06D1;
000036E0 : FCD5;
000036E1 : F4A4;
000036E2 : F311;
000036E3 : F965;
000036E4 : 0466;
000036E5 : 0CE9;
000036E6 : 0D5A;
000036E7 : 0448;
000036E8 : F5C6;
000036E9 : E75C;
000036EA : DE12;
000036EB : DACB;
000036EC : DCFE;
000036ED : E363;
000036EE : ECA9;
000036EF : F80B;
000036F0 : 0407;
000036F1 : 0DFB;
000036F2 : 13F8;
000036F3 : 150D;
000036F4 : 120C;
000036F5 : 0DCC;
000036F6 : 0B15;
000036F7 : 0B8E;
000036F8 : 0EFE;
000036F9 : 13BD;
000036FA : 17FB;
000036FB : 1AD7;
000036FC : 1CA0;
000036FD : 1DDC;
000036FE : 1E2B;
000036FF : 1D57;
00003700 : 19C4;
00003701 : 12AD;
00003702 : 0833;
00003703 : FB33;
00003704 : ED3A;
00003705 : DF52;
00003706 : D359;
00003707 : CA2D;
00003708 : C4CD;
00003709 : C3D8;
0000370A : C770;
0000370B : CEC2;
0000370C : D883;
0000370D : E3D6;
0000370E : F02C;
0000370F : FD5F;
00003710 : 0BC5;
00003711 : 1917;
00003712 : 220F;
00003713 : 23FB;
00003714 : 1F7E;
00003715 : 1819;
00003716 : 1195;
00003717 : 0DF1;
00003718 : 0C9C;
00003719 : 0B70;
0000371A : 07E4;
0000371B : 02C4;
0000371C : FDA1;
0000371D : FA4E;
0000371E : F8C5;
0000371F : F7A2;
00003720 : F5D3;
00003721 : F2C7;
00003722 : EFFE;
00003723 : EEBF;
00003724 : EF63;
00003725 : F155;
00003726 : F33E;
00003727 : F5A6;
00003728 : F9AC;
00003729 : 009F;
0000372A : 0826;
0000372B : 0D30;
0000372C : 0D25;
0000372D : 0825;
0000372E : 011D;
0000372F : FD24;
00003730 : FF47;
00003731 : 075E;
00003732 : 120F;
00003733 : 19F7;
00003734 : 1D3A;
00003735 : 1B4F;
00003736 : 157C;
00003737 : 0D71;
00003738 : 0416;
00003739 : F9A6;
0000373A : EE88;
0000373B : E486;
0000373C : DD9D;
0000373D : DB3B;
0000373E : DD45;
0000373F : E358;
00003740 : EBE7;
00003741 : F54E;
00003742 : FE9A;
00003743 : 06A3;
00003744 : 0CDA;
00003745 : 105F;
00003746 : 1111;
00003747 : 1033;
00003748 : 0FB7;
00003749 : 10C7;
0000374A : 134F;
0000374B : 15CE;
0000374C : 1765;
0000374D : 1738;
0000374E : 15C0;
0000374F : 1381;
00003750 : 0FD4;
00003751 : 0967;
00003752 : FEBA;
00003753 : F0EA;
00003754 : E3AA;
00003755 : DA2E;
00003756 : D6FA;
00003757 : DB0F;
00003758 : E396;
00003759 : EDCB;
0000375A : F755;
0000375B : FEFC;
0000375C : 0500;
0000375D : 097B;
0000375E : 0D7C;
0000375F : 105D;
00003760 : 11BD;
00003761 : 10DF;
00003762 : 0D33;
00003763 : 065D;
00003764 : FCFC;
00003765 : F31C;
00003766 : EB40;
00003767 : E7EF;
00003768 : EA88;
00003769 : F294;
0000376A : FDBB;
0000376B : 08EB;
0000376C : 1179;
0000376D : 1664;
0000376E : 16BF;
0000376F : 11F5;
00003770 : 08B0;
00003771 : FC1A;
00003772 : EFE0;
00003773 : E87D;
00003774 : E8DD;
00003775 : F261;
00003776 : 02FB;
00003777 : 1688;
00003778 : 27D8;
00003779 : 3285;
0000377A : 349E;
0000377B : 2CEE;
0000377C : 1DF6;
0000377D : 0BCA;
0000377E : FA88;
0000377F : EBAA;
00003780 : E097;
00003781 : DADA;
00003782 : DA24;
00003783 : DE2B;
00003784 : E495;
00003785 : EAA7;
00003786 : EEDF;
00003787 : F069;
00003788 : F13C;
00003789 : F39B;
0000378A : F89E;
0000378B : FDF4;
0000378C : 03E0;
0000378D : 0942;
0000378E : 0C5D;
0000378F : 0B46;
00003790 : 04FD;
00003791 : FA7A;
00003792 : EE5A;
00003793 : E610;
00003794 : E5AE;
00003795 : EF2C;
00003796 : FF92;
00003797 : 10F5;
00003798 : 1D41;
00003799 : 21F9;
0000379A : 1FBA;
0000379B : 1912;
0000379C : 1196;
0000379D : 0B2A;
0000379E : 0650;
0000379F : 01C9;
000037A0 : FBFF;
000037A1 : F4F4;
000037A2 : ED91;
000037A3 : E84E;
000037A4 : E6D5;
000037A5 : E9AF;
000037A6 : F00A;
000037A7 : F7AA;
000037A8 : FD34;
000037A9 : FD7B;
000037AA : FA47;
000037AB : F496;
000037AC : EF74;
000037AD : ED86;
000037AE : EF94;
000037AF : F56F;
000037B0 : FE6D;
000037B1 : 078A;
000037B2 : 0FA7;
000037B3 : 1442;
000037B4 : 13BF;
000037B5 : 0ED3;
000037B6 : 06F3;
000037B7 : 004D;
000037B8 : FD69;
000037B9 : FFE5;
000037BA : 0634;
000037BB : 0E28;
000037BC : 1598;
000037BD : 1AD5;
000037BE : 1D37;
000037BF : 1C51;
000037C0 : 182A;
000037C1 : 1164;
000037C2 : 0A56;
000037C3 : 04D0;
000037C4 : 00A6;
000037C5 : FC7E;
000037C6 : F608;
000037C7 : EC3A;
000037C8 : E1AC;
000037C9 : D8FF;
000037CA : D59E;
000037CB : D79A;
000037CC : DD8D;
000037CD : E611;
000037CE : EFDC;
000037CF : FA3F;
000037D0 : 0470;
000037D1 : 0CC6;
000037D2 : 109E;
000037D3 : 0EC6;
000037D4 : 08F4;
000037D5 : 0399;
000037D6 : 034C;
000037D7 : 095C;
000037D8 : 1478;
000037D9 : 1F56;
000037DA : 2569;
000037DB : 24DE;
000037DC : 1CF3;
000037DD : 0F98;
000037DE : FFD9;
000037DF : F0D6;
000037E0 : E5A0;
000037E1 : E046;
000037E2 : E180;
000037E3 : E69B;
000037E4 : EC2C;
000037E5 : EF1F;
000037E6 : EF4A;
000037E7 : EEF4;
000037E8 : F17D;
000037E9 : F93E;
000037EA : 054C;
000037EB : 10C0;
000037EC : 199E;
000037ED : 1EB4;
000037EE : 20B0;
000037EF : 2230;
000037F0 : 2325;
000037F1 : 22B0;
000037F2 : 1F3A;
000037F3 : 1613;
000037F4 : 05A2;
000037F5 : EF19;
000037F6 : D748;
000037F7 : C6A4;
000037F8 : C173;
000037F9 : C7E7;
000037FA : D412;
000037FB : DDCD;
000037FC : E06A;
000037FD : DC7F;
000037FE : D935;
000037FF : DDD0;
00003800 : ED42;
00003801 : 03DF;
00003802 : 1BB4;
00003803 : 327B;
00003804 : 4606;
00003805 : 55AD;
00003806 : 5D8D;
00003807 : 599A;
00003808 : 454F;
00003809 : 242F;
0000380A : 02DC;
0000380B : EAA4;
0000380C : DBF8;
0000380D : D373;
0000380E : D153;
0000380F : D7AA;
00003810 : E57E;
00003811 : F5E0;
00003812 : 006F;
00003813 : 0019;
00003814 : F76A;
00003815 : EE0E;
00003816 : EBA0;
00003817 : F002;
00003818 : F4AE;
00003819 : F1B5;
0000381A : E490;
0000381B : D32F;
0000381C : C7C0;
0000381D : CA69;
0000381E : DB45;
0000381F : F4A1;
00003820 : 1029;
00003821 : 281E;
00003822 : 389C;
00003823 : 3E67;
00003824 : 3735;
00003825 : 24B4;
00003826 : 0DE1;
00003827 : FC93;
00003828 : F862;
00003829 : 01E6;
0000382A : 116B;
0000382B : 1E30;
0000382C : 22AB;
0000382D : 1F44;
0000382E : 17BF;
0000382F : 0FA5;
00003830 : 07D2;
00003831 : FF32;
00003832 : F53B;
00003833 : EC6B;
00003834 : E731;
00003835 : E7ED;
00003836 : ED8E;
00003837 : F55E;
00003838 : FC5B;
00003839 : 0198;
0000383A : 05FC;
0000383B : 0AFD;
0000383C : 0FE2;
0000383D : 12A2;
0000383E : 10BC;
0000383F : 0969;
00003840 : FDB6;
00003841 : F1DC;
00003842 : EA6A;
00003843 : E954;
00003844 : EE65;
00003845 : F6F2;
00003846 : FE53;
00003847 : 013E;
00003848 : FE3C;
00003849 : F7B6;
0000384A : F03F;
0000384B : EAE9;
0000384C : E92D;
0000384D : EAB9;
0000384E : EF52;
0000384F : F6CC;
00003850 : 00D4;
00003851 : 0B77;
00003852 : 13CC;
00003853 : 176A;
00003854 : 157E;
00003855 : 10D6;
00003856 : 0D52;
00003857 : 0E13;
00003858 : 12E4;
00003859 : 1845;
0000385A : 1946;
0000385B : 1306;
0000385C : 05F5;
0000385D : F5FD;
0000385E : E84A;
0000385F : E075;
00003860 : DEFB;
00003861 : E3C9;
00003862 : ED0D;
00003863 : F98F;
00003864 : 06E8;
00003865 : 120F;
00003866 : 19FB;
00003867 : 1E31;
00003868 : 1E15;
00003869 : 19B9;
0000386A : 1107;
0000386B : 05ED;
0000386C : FBFD;
0000386D : F72C;
0000386E : F799;
0000386F : FCB5;
00003870 : 02AB;
00003871 : 041D;
00003872 : FDE9;
00003873 : F057;
00003874 : DFA4;
00003875 : D21F;
00003876 : CD15;
00003877 : D104;
00003878 : DDB7;
00003879 : EF41;
0000387A : 01FD;
0000387B : 14B9;
0000387C : 2737;
0000387D : 359C;
0000387E : 3ABA;
0000387F : 31C2;
00003880 : 1819;
00003881 : F439;
00003882 : D3BC;
00003883 : C25E;
00003884 : C567;
00003885 : D7EB;
00003886 : F0CF;
00003887 : 050F;
00003888 : 0E02;
00003889 : 0CEF;
0000388A : 07CD;
0000388B : 039F;
0000388C : 02A3;
0000388D : 02F8;
0000388E : 024F;
0000388F : FF8C;
00003890 : FB64;
00003891 : F84C;
00003892 : F78B;
00003893 : F944;
00003894 : FC0A;
00003895 : FE8A;
00003896 : 00E5;
00003897 : 04A0;
00003898 : 0AD8;
00003899 : 12EB;
0000389A : 1B2B;
0000389B : 20ED;
0000389C : 2219;
0000389D : 1EF7;
0000389E : 186E;
0000389F : 1031;
000038A0 : 081B;
000038A1 : 0162;
000038A2 : FCDE;
000038A3 : FB0C;
000038A4 : FBA5;
000038A5 : FDEB;
000038A6 : 0101;
000038A7 : 031D;
000038A8 : 037D;
000038A9 : 041F;
000038AA : 041C;
000038AB : 0427;
000038AC : 0412;
000038AD : 037F;
000038AE : 02B4;
000038AF : 03DD;
000038B0 : 0717;
000038B1 : 0C85;
000038B2 : 1126;
000038B3 : 1155;
000038B4 : 0B90;
000038B5 : FF32;
000038B6 : EF86;
000038B7 : DFA8;
000038B8 : D316;
000038B9 : CC62;
000038BA : CCC2;
000038BB : D463;
000038BC : E171;
000038BD : F0D5;
000038BE : FF14;
000038BF : 0914;
000038C0 : 0F3F;
000038C1 : 12D5;
000038C2 : 1472;
000038C3 : 13D5;
000038C4 : 0FA1;
000038C5 : 08D3;
000038C6 : 00AE;
000038C7 : F90C;
000038C8 : F260;
000038C9 : ED83;
000038CA : EA08;
000038CB : EA21;
000038CC : EEFB;
000038CD : FA19;
000038CE : 0A1E;
000038CF : 1B70;
000038D0 : 292F;
000038D1 : 2F8F;
000038D2 : 2C73;
000038D3 : 1FFC;
000038D4 : 0EFA;
000038D5 : FEE7;
000038D6 : F410;
000038D7 : F01D;
000038D8 : F16B;
000038D9 : F46F;
000038DA : F79F;
000038DB : F9B8;
000038DC : FB7D;
000038DD : FDF5;
000038DE : 019E;
000038DF : 068B;
000038E0 : 0BE3;
000038E1 : 10F6;
000038E2 : 130A;
000038E3 : 104B;
000038E4 : 08F8;
000038E5 : FEF3;
000038E6 : F564;
000038E7 : EF2C;
000038E8 : EED6;
000038E9 : F27B;
000038EA : F7B5;
000038EB : FBA3;
000038EC : FBA9;
000038ED : F821;
000038EE : F41E;
000038EF : F260;
000038F0 : F4C2;
000038F1 : FA85;
000038F2 : 01A7;
000038F3 : 0802;
000038F4 : 0B1D;
000038F5 : 0A3A;
000038F6 : 04F6;
000038F7 : FB67;
000038F8 : EF45;
000038F9 : E369;
000038FA : DBCD;
000038FB : DB77;
000038FC : E231;
000038FD : EE71;
000038FE : FBF9;
000038FF : 0830;
00003900 : 1294;
00003901 : 1B36;
00003902 : 2224;
00003903 : 265D;
00003904 : 2758;
00003905 : 2507;
00003906 : 1FCF;
00003907 : 17AA;
00003908 : 0C88;
00003909 : FF59;
0000390A : F127;
0000390B : E551;
0000390C : DF2A;
0000390D : E096;
0000390E : E917;
0000390F : F3D9;
00003910 : FC46;
00003911 : FF49;
00003912 : FDA4;
00003913 : FA92;
00003914 : F9B0;
00003915 : FBE7;
00003916 : FF1A;
00003917 : 00EE;
00003918 : 0067;
00003919 : FED0;
0000391A : FD77;
0000391B : FDC7;
0000391C : FFA3;
0000391D : 0322;
0000391E : 0870;
0000391F : 0FF5;
00003920 : 1A75;
00003921 : 2575;
00003922 : 2D7E;
00003923 : 2E98;
00003924 : 278D;
00003925 : 198A;
00003926 : 0991;
00003927 : FC4B;
00003928 : F3DE;
00003929 : EFA9;
0000392A : EE49;
0000392B : EE4E;
0000392C : EF2F;
0000392D : F0FA;
0000392E : F274;
0000392F : F2CF;
00003930 : F205;
00003931 : F0AE;
00003932 : F076;
00003933 : F292;
00003934 : F6B8;
00003935 : FB8D;
00003936 : 005D;
00003937 : 04D1;
00003938 : 082C;
00003939 : 09A4;
0000393A : 08F4;
0000393B : 067B;
0000393C : 034B;
0000393D : 0032;
0000393E : FD2F;
0000393F : F978;
00003940 : F453;
00003941 : EFDC;
00003942 : EE8D;
00003943 : F3C5;
00003944 : FFC2;
00003945 : 1037;
00003946 : 1F55;
00003947 : 2976;
00003948 : 2C6C;
00003949 : 27DB;
0000394A : 1DB1;
0000394B : 10B8;
0000394C : 04EE;
0000394D : FBE5;
0000394E : F650;
0000394F : F3A6;
00003950 : F263;
00003951 : F0F3;
00003952 : EDDE;
00003953 : EAB5;
00003954 : EA0F;
00003955 : EE48;
00003956 : F798;
00003957 : 022D;
00003958 : 0941;
00003959 : 09C3;
0000395A : 049F;
0000395B : FD47;
0000395C : F6B3;
0000395D : F313;
0000395E : F113;
0000395F : EF84;
00003960 : EEF2;
00003961 : F12A;
00003962 : F75C;
00003963 : 006C;
00003964 : 0900;
00003965 : 0DC8;
00003966 : 0DC5;
00003967 : 0AC4;
00003968 : 07D6;
00003969 : 070E;
0000396A : 0819;
0000396B : 0866;
0000396C : 05BD;
0000396D : FF23;
0000396E : F57E;
0000396F : EBB8;
00003970 : E429;
00003971 : E0C4;
00003972 : E171;
00003973 : E4B2;
00003974 : E983;
00003975 : EEDE;
00003976 : F683;
00003977 : 0201;
00003978 : 11AB;
00003979 : 230D;
0000397A : 32B3;
0000397B : 3C5D;
0000397C : 3CEA;
0000397D : 33D4;
0000397E : 2462;
0000397F : 13B0;
00003980 : 0762;
00003981 : 010A;
00003982 : FD33;
00003983 : F58B;
00003984 : E832;
00003985 : D7F2;
00003986 : CA22;
00003987 : C3AF;
00003988 : C6BC;
00003989 : D184;
0000398A : E115;
0000398B : F0DF;
0000398C : 003D;
0000398D : 0F05;
0000398E : 1E6A;
0000398F : 2BCB;
00003990 : 31ED;
00003991 : 2E0C;
00003992 : 209E;
00003993 : 0E7C;
00003994 : FF2D;
00003995 : F859;
00003996 : FA6E;
00003997 : 00B0;
00003998 : 056F;
00003999 : 0576;
0000399A : 01D2;
0000399B : FE70;
0000399C : FE59;
0000399D : 0232;
0000399E : 0824;
0000399F : 0E4C;
000039A0 : 13DA;
000039A1 : 17FF;
000039A2 : 19C3;
000039A3 : 1673;
000039A4 : 0BA4;
000039A5 : F8FA;
000039A6 : E189;
000039A7 : CD68;
000039A8 : C258;
000039A9 : C3BB;
000039AA : D028;
000039AB : E2C9;
000039AC : F627;
000039AD : 05BA;
000039AE : 11A1;
000039AF : 1BE6;
000039B0 : 24D0;
000039B1 : 2930;
000039B2 : 2571;
000039B3 : 18F8;
000039B4 : 07BE;
000039B5 : F8B3;
000039B6 : F11F;
000039B7 : F128;
000039B8 : F4B1;
000039B9 : F6D8;
000039BA : F5A6;
000039BB : F32A;
000039BC : F28B;
000039BD : F64B;
000039BE : FDF7;
000039BF : 06AB;
000039C0 : 0C82;
000039C1 : 0CA9;
000039C2 : 06DA;
000039C3 : FD3B;
000039C4 : F446;
000039C5 : F100;
000039C6 : F745;
000039C7 : 071C;
000039C8 : 1C57;
000039C9 : 30FF;
000039CA : 3DA7;
000039CB : 3DCF;
000039CC : 3101;
000039CD : 1B83;
000039CE : 0371;
000039CF : EB4F;
000039D0 : D49C;
000039D1 : BFDF;
000039D2 : B0A5;
000039D3 : ACFE;
000039D4 : B808;
000039D5 : D139;
000039D6 : F211;
000039D7 : 0E5C;
000039D8 : 1F7C;
000039D9 : 2492;
000039DA : 209C;
000039DB : 162C;
000039DC : 0671;
000039DD : F544;
000039DE : E8B5;
000039DF : E480;
000039E0 : E9DD;
000039E1 : F35E;
000039E2 : FB96;
000039E3 : 004E;
000039E4 : 0342;
000039E5 : 0846;
000039E6 : 10EF;
000039E7 : 1A5A;
000039E8 : 2117;
000039E9 : 2267;
000039EA : 1E7F;
000039EB : 1857;
000039EC : 113D;
000039ED : 09BC;
000039EE : FFAE;
000039EF : F1BD;
000039F0 : E1E9;
000039F1 : D5AE;
000039F2 : D2FB;
000039F3 : DCCA;
000039F4 : EFD8;
000039F5 : 045C;
000039F6 : 11E8;
000039F7 : 14E5;
000039F8 : 1032;
000039F9 : 0A3F;
000039FA : 06FB;
000039FB : 071D;
000039FC : 07E9;
000039FD : 05DA;
000039FE : 0033;
000039FF : F7A6;
00003A00 : F038;
00003A01 : ED48;
00003A02 : EFE8;
00003A03 : F717;
00003A04 : 0010;
00003A05 : 0800;
00003A06 : 0C48;
00003A07 : 0BB7;
00003A08 : 05AC;
00003A09 : FC1B;
00003A0A : F172;
00003A0B : E992;
00003A0C : E902;
00003A0D : F1AA;
00003A0E : 02DC;
00003A0F : 16D7;
00003A10 : 2854;
00003A11 : 32C4;
00003A12 : 3384;
00003A13 : 2A6B;
00003A14 : 19A9;
00003A15 : 063D;
00003A16 : F5DF;
00003A17 : EC16;
00003A18 : E7CD;
00003A19 : E8C6;
00003A1A : EDAA;
00003A1B : F56B;
00003A1C : FE2F;
00003A1D : 04AF;
00003A1E : 05F6;
00003A1F : 017F;
00003A20 : F94A;
00003A21 : F14C;
00003A22 : ED08;
00003A23 : EE33;
00003A24 : F37B;
00003A25 : FA5B;
00003A26 : 01C3;
00003A27 : 090B;
00003A28 : 0FD2;
00003A29 : 1530;
00003A2A : 1821;
00003A2B : 16E4;
00003A2C : 1158;
00003A2D : 0985;
00003A2E : 01E4;
00003A2F : FCCF;
00003A30 : F9D4;
00003A31 : F7A0;
00003A32 : F609;
00003A33 : F54A;
00003A34 : F61C;
00003A35 : F873;
00003A36 : FAE5;
00003A37 : FB55;
00003A38 : F859;
00003A39 : F292;
00003A3A : EC2C;
00003A3B : E76A;
00003A3C : E5B4;
00003A3D : E680;
00003A3E : E9E4;
00003A3F : EFA2;
00003A40 : F833;
00003A41 : 0320;
00003A42 : 100A;
00003A43 : 1CBA;
00003A44 : 2714;
00003A45 : 2D86;
00003A46 : 2E68;
00003A47 : 2928;
00003A48 : 1D3C;
00003A49 : 0C4E;
00003A4A : FAC6;
00003A4B : EC0F;
00003A4C : E245;
00003A4D : DDDF;
00003A4E : DDEC;
00003A4F : E12D;
00003A50 : E6E2;
00003A51 : EE91;
00003A52 : F7D1;
00003A53 : 01D1;
00003A54 : 0BAF;
00003A55 : 14E9;
00003A56 : 1C34;
00003A57 : 20BE;
00003A58 : 2145;
00003A59 : 1DD7;
00003A5A : 16CE;
00003A5B : 0DF7;
00003A5C : 061C;
00003A5D : 00D6;
00003A5E : FE7F;
00003A5F : FE8C;
00003A60 : FEFB;
00003A61 : FEF7;
00003A62 : FEF4;
00003A63 : FCFD;
00003A64 : F92D;
00003A65 : F2AB;
00003A66 : E99F;
00003A67 : DEBA;
00003A68 : D3E7;
00003A69 : CCB3;
00003A6A : CBFF;
00003A6B : D38B;
00003A6C : E24F;
00003A6D : F4B3;
00003A6E : 07AE;
00003A6F : 1876;
00003A70 : 24E3;
00003A71 : 2AB4;
00003A72 : 2900;
00003A73 : 20A8;
00003A74 : 147F;
00003A75 : 0930;
00003A76 : 0203;
00003A77 : 0014;
00003A78 : 0226;
00003A79 : 05CA;
00003A7A : 08DE;
00003A7B : 0973;
00003A7C : 0667;
00003A7D : 009D;
00003A7E : F89B;
00003A7F : F0EF;
00003A80 : EC88;
00003A81 : EDAC;
00003A82 : F45F;
00003A83 : FE29;
00003A84 : 068C;
00003A85 : 09CF;
00003A86 : 06C1;
00003A87 : FEBE;
00003A88 : F481;
00003A89 : EB7B;
00003A8A : E66D;
00003A8B : E6B8;
00003A8C : EC36;
00003A8D : F613;
00003A8E : 019C;
00003A8F : 0CFB;
00003A90 : 15C5;
00003A91 : 1A84;
00003A92 : 1B1C;
00003A93 : 1778;
00003A94 : 1101;
00003A95 : 092D;
00003A96 : 0265;
00003A97 : FDFE;
00003A98 : FC98;
00003A99 : FE9E;
00003A9A : 034B;
00003A9B : 0999;
00003A9C : 0FA8;
00003A9D : 1441;
00003A9E : 16D9;
00003A9F : 1789;
00003AA0 : 164F;
00003AA1 : 12A9;
00003AA2 : 0BD1;
00003AA3 : 0012;
00003AA4 : F1FF;
00003AA5 : E508;
00003AA6 : DD54;
00003AA7 : DE69;
00003AA8 : E6A2;
00003AA9 : F1F2;
00003AAA : FB58;
00003AAB : FF72;
00003AAC : FEB2;
00003AAD : FD04;
00003AAE : FDEA;
00003AAF : 036D;
00003AB0 : 0AF2;
00003AB1 : 1155;
00003AB2 : 149B;
00003AB3 : 148A;
00003AB4 : 132B;
00003AB5 : 12C5;
00003AB6 : 12FB;
00003AB7 : 1292;
00003AB8 : 0FA7;
00003AB9 : 0800;
00003ABA : FB92;
00003ABB : ECCB;
00003ABC : DEB0;
00003ABD : D3EF;
00003ABE : CFB7;
00003ABF : D349;
00003AC0 : DE43;
00003AC1 : EED0;
00003AC2 : 004D;
00003AC3 : 0E96;
00003AC4 : 189A;
00003AC5 : 1DF8;
00003AC6 : 1E6F;
00003AC7 : 196A;
00003AC8 : 0FB3;
00003AC9 : 047F;
00003ACA : FC51;
00003ACB : FAFE;
00003ACC : 0124;
00003ACD : 0AD9;
00003ACE : 11C0;
00003ACF : 11DB;
00003AD0 : 0A09;
00003AD1 : FC8B;
00003AD2 : EE05;
00003AD3 : E280;
00003AD4 : DC74;
00003AD5 : DBCC;
00003AD6 : DFDB;
00003AD7 : E698;
00003AD8 : EE83;
00003AD9 : F5FC;
00003ADA : FCEC;
00003ADB : 044F;
00003ADC : 0C98;
00003ADD : 14AA;
00003ADE : 1B1F;
00003ADF : 1D77;
00003AE0 : 1901;
00003AE1 : 0EBD;
00003AE2 : 011A;
00003AE3 : F454;
00003AE4 : EC70;
00003AE5 : EAE9;
00003AE6 : EF4A;
00003AE7 : F6AD;
00003AE8 : FE3B;
00003AE9 : 0479;
00003AEA : 08C2;
00003AEB : 0BB4;
00003AEC : 0DED;
00003AED : 0DC5;
00003AEE : 0B0D;
00003AEF : 05BC;
00003AF0 : FF01;
00003AF1 : F903;
00003AF2 : F5A8;
00003AF3 : F6CD;
00003AF4 : FC2D;
00003AF5 : 053B;
00003AF6 : 10FF;
00003AF7 : 1E28;
00003AF8 : 2B48;
00003AF9 : 3549;
00003AFA : 38BF;
00003AFB : 32A4;
00003AFC : 228B;
00003AFD : 0CBD;
00003AFE : F5EC;
00003AFF : E15E;
00003B00 : D0FE;
00003B01 : C618;
00003B02 : C114;
00003B03 : C25F;
00003B04 : C8E4;
00003B05 : D408;
00003B06 : E0F1;
00003B07 : EC59;
00003B08 : F54D;
00003B09 : FD66;
00003B0A : 07E1;
00003B0B : 14A6;
00003B0C : 2100;
00003B0D : 29C9;
00003B0E : 2C1F;
00003B0F : 286A;
00003B10 : 20C6;
00003B11 : 183D;
00003B12 : 11FA;
00003B13 : 0E40;
00003B14 : 0C79;
00003B15 : 0A67;
00003B16 : 059D;
00003B17 : FEA2;
00003B18 : F6BF;
00003B19 : F07F;
00003B1A : ECEC;
00003B1B : EB9B;
00003B1C : EADA;
00003B1D : E935;
00003B1E : E6F1;
00003B1F : E66B;
00003B20 : E962;
00003B21 : F006;
00003B22 : FA89;
00003B23 : 05D1;
00003B24 : 0FD3;
00003B25 : 18C1;
00003B26 : 20E2;
00003B27 : 280B;
00003B28 : 2C5D;
00003B29 : 2B99;
00003B2A : 23E9;
00003B2B : 16CC;
00003B2C : 07F7;
00003B2D : FA60;
00003B2E : F015;
00003B2F : E82A;
00003B30 : E083;
00003B31 : D8BA;
00003B32 : D12E;
00003B33 : CCC6;
00003B34 : CCA7;
00003B35 : D2D7;
00003B36 : DE8F;
00003B37 : EE84;
00003B38 : 01A3;
00003B39 : 1653;
00003B3A : 2B8A;
00003B3B : 3C26;
00003B3C : 4223;
00003B3D : 39AA;
00003B3E : 2294;
00003B3F : 02A9;
00003B40 : E48A;
00003B41 : D0F8;
00003B42 : C99E;
00003B43 : CB8C;
00003B44 : D50B;
00003B45 : E541;
00003B46 : FAC8;
00003B47 : 116C;
00003B48 : 236A;
00003B49 : 2CFE;
00003B4A : 2D0F;
00003B4B : 2589;
00003B4C : 1A3B;
00003B4D : 0E23;
00003B4E : 024B;
00003B4F : F672;
00003B50 : E8DC;
00003B51 : DB09;
00003B52 : D117;
00003B53 : D1DC;
00003B54 : E050;
00003B55 : F88D;
00003B56 : 0F74;
00003B57 : 1B73;
00003B58 : 18FC;
00003B59 : 0BDC;
00003B5A : FCD6;
00003B5B : F450;
00003B5C : F6C0;
00003B5D : 025E;
00003B5E : 0FC5;
00003B5F : 182D;
00003B60 : 17DA;
00003B61 : 0F3B;
00003B62 : 02D2;
00003B63 : F739;
00003B64 : EFE1;
00003B65 : EEAD;
00003B66 : F2F0;
00003B67 : FA5A;
00003B68 : 03C9;
00003B69 : 0C23;
00003B6A : 10AD;
00003B6B : 1075;
00003B6C : 0B98;
00003B6D : 063E;
00003B6E : 037E;
00003B6F : 064F;
00003B70 : 0C6E;
00003B71 : 125D;
00003B72 : 144B;
00003B73 : 1189;
00003B74 : 0A1A;
00003B75 : 00A0;
00003B76 : F656;
00003B77 : EBBC;
00003B78 : E289;
00003B79 : DD4E;
00003B7A : E177;
00003B7B : EF78;
00003B7C : 03E9;
00003B7D : 15A9;
00003B7E : 1C2D;
00003B7F : 14EF;
00003B80 : 03F5;
00003B81 : F1AB;
00003B82 : E504;
00003B83 : E0FE;
00003B84 : E10B;
00003B85 : E11E;
00003B86 : DFFB;
00003B87 : E03E;
00003B88 : E65B;
00003B89 : F304;
00003B8A : 05EF;
00003B8B : 1B24;
00003B8C : 2F13;
00003B8D : 3DCE;
00003B8E : 44E1;
00003B8F : 4065;
00003B90 : 2CF7;
00003B91 : 0BBE;
00003B92 : E60E;
00003B93 : C907;
00003B94 : BF3F;
00003B95 : CB49;
00003B96 : E81A;
00003B97 : 0A60;
00003B98 : 2494;
00003B99 : 2D63;
00003B9A : 2508;
00003B9B : 1238;
00003B9C : FE04;
00003B9D : EE7E;
00003B9E : E412;
00003B9F : DB6C;
00003BA0 : D3C4;
00003BA1 : D177;
00003BA2 : DB56;
00003BA3 : F1F1;
00003BA4 : 0F1B;
00003BA5 : 29D5;
00003BA6 : 3AA8;
00003BA7 : 3F93;
00003BA8 : 3A4F;
00003BA9 : 2DA2;
00003BAA : 1D6F;
00003BAB : 0CE7;
00003BAC : FDC9;
00003BAD : EFC5;
00003BAE : E3AB;
00003BAF : DBA7;
00003BB0 : DAA5;
00003BB1 : E03B;
00003BB2 : E912;
00003BB3 : F000;
00003BB4 : F1F1;
00003BB5 : F0DF;
00003BB6 : F1C9;
00003BB7 : F904;
00003BB8 : 0671;
00003BB9 : 15CE;
00003BBA : 2142;
00003BBB : 2559;
00003BBC : 219F;
00003BBD : 176A;
00003BBE : 090C;
00003BBF : F868;
00003BC0 : E802;
00003BC1 : DA8C;
00003BC2 : D3E9;
00003BC3 : D713;
00003BC4 : E33C;
00003BC5 : F2D1;
00003BC6 : FDFB;
00003BC7 : 00D5;
00003BC8 : FD6F;
00003BC9 : FAD5;
00003BCA : FE68;
00003BCB : 08C9;
00003BCC : 1413;
00003BCD : 1912;
00003BCE : 1483;
00003BCF : 08BE;
00003BD0 : FB67;
00003BD1 : F1F6;
00003BD2 : ED9D;
00003BD3 : EC65;
00003BD4 : EBE6;
00003BD5 : ED24;
00003BD6 : F29E;
00003BD7 : FE2C;
00003BD8 : 0DF8;
00003BD9 : 1BE7;
00003BDA : 231D;
00003BDB : 231A;
00003BDC : 2035;
00003BDD : 21D9;
00003BDE : 2A0D;
00003BDF : 33BF;
00003BE0 : 3559;
00003BE1 : 26DC;
00003BE2 : 09D3;
00003BE3 : E825;
00003BE4 : CDEE;
00003BE5 : C1C5;
00003BE6 : C299;
00003BE7 : CA28;
00003BE8 : D3F9;
00003BE9 : DFAA;
00003BEA : F06B;
00003BEB : 05C8;
00003BEC : 1B93;
00003BED : 2A97;
00003BEE : 2C9D;
00003BEF : 20DA;
00003BF0 : 0CF3;
00003BF1 : FB0D;
00003BF2 : F359;
00003BF3 : F806;
00003BF4 : 0302;
00003BF5 : 0C24;
00003BF6 : 0EF7;
00003BF7 : 0D5A;
00003BF8 : 0B25;
00003BF9 : 0BD3;
00003BFA : 0E2D;
00003BFB : 0D2F;
00003BFC : 07B3;
00003BFD : FE0D;
00003BFE : F549;
00003BFF : F0CF;
00003C00 : F0D0;
00003C01 : F288;
00003C02 : F300;
00003C03 : F17B;
00003C04 : EF78;
00003C05 : EF75;
00003C06 : F0D5;
00003C07 : F142;
00003C08 : EE57;
00003C09 : E83A;
00003C0A : E313;
00003C0B : E400;
00003C0C : EE1C;
00003C0D : FE9E;
00003C0E : 0F62;
00003C0F : 1A29;
00003C10 : 1D17;
00003C11 : 1978;
00003C12 : 13A3;
00003C13 : 0F2C;
00003C14 : 0D1C;
00003C15 : 0BAC;
00003C16 : 07DD;
00003C17 : 00E0;
00003C18 : F90D;
00003C19 : F4B3;
00003C1A : F775;
00003C1B : 0080;
00003C1C : 0AA3;
00003C1D : 10BB;
00003C1E : 105B;
00003C1F : 0C31;
00003C20 : 08C4;
00003C21 : 0A79;
00003C22 : 0FFE;
00003C23 : 14C0;
00003C24 : 1330;
00003C25 : 0969;
00003C26 : F9B3;
00003C27 : EA74;
00003C28 : E0B2;
00003C29 : DE9B;
00003C2A : E495;
00003C2B : F0AB;
00003C2C : FFF5;
00003C2D : 0F31;
00003C2E : 19FC;
00003C2F : 1D1D;
00003C30 : 17B5;
00003C31 : 0B9F;
00003C32 : FD0A;
00003C33 : EFCF;
00003C34 : E5C2;
00003C35 : DD81;
00003C36 : D563;
00003C37 : CE8D;
00003C38 : CC68;
00003C39 : D302;
00003C3A : E21A;
00003C3B : F64E;
00003C3C : 099A;
00003C3D : 1891;
00003C3E : 21DE;
00003C3F : 2723;
00003C40 : 2AEC;
00003C41 : 2DE1;
00003C42 : 2F60;
00003C43 : 2CC1;
00003C44 : 248B;
00003C45 : 161B;
00003C46 : 045C;
00003C47 : F4B1;
00003C48 : EB7E;
00003C49 : E8C5;
00003C4A : EAF1;
00003C4B : EF42;
00003C4C : F3F0;
00003C4D : F8BB;
00003C4E : FE19;
00003C4F : 03FC;
00003C50 : 092D;
00003C51 : 0A6A;
00003C52 : 0512;
00003C53 : F91E;
00003C54 : E92B;
00003C55 : DA7C;
00003C56 : D344;
00003C57 : D730;
00003C58 : E5E2;
00003C59 : FB32;
00003C5A : 1045;
00003C5B : 2076;
00003C5C : 28D1;
00003C5D : 283F;
00003C5E : 1EC4;
00003C5F : 0E2C;
00003C60 : FA9C;
00003C61 : E9FD;
00003C62 : E1D3;
00003C63 : E42D;
00003C64 : EE99;
00003C65 : FBF9;
00003C66 : 0815;
00003C67 : 0FD8;
00003C68 : 128E;
00003C69 : 1264;
00003C6A : 10A5;
00003C6B : 0E6A;
00003C6C : 0D29;
00003C6D : 0DBA;
00003C6E : 10E4;
00003C6F : 16A3;
00003C70 : 1CC4;
00003C71 : 20E9;
00003C72 : 21A3;
00003C73 : 1DD9;
00003C74 : 16AF;
00003C75 : 0D6C;
00003C76 : 0428;
00003C77 : FB78;
00003C78 : F38D;
00003C79 : EC5D;
00003C7A : E651;
00003C7B : E116;
00003C7C : DCEE;
00003C7D : D981;
00003C7E : D747;
00003C7F : D6C9;
00003C80 : D82B;
00003C81 : DB3C;
00003C82 : DFA0;
00003C83 : E40A;
00003C84 : E8C3;
00003C85 : EE80;
00003C86 : F6A2;
00003C87 : 017C;
00003C88 : 0DFF;
00003C89 : 19AC;
00003C8A : 21FB;
00003C8B : 26AB;
00003C8C : 2701;
00003C8D : 25B9;
00003C8E : 2112;
00003C8F : 1C0A;
00003C90 : 1738;
00003C91 : 11B1;
00003C92 : 0C6E;
00003C93 : 06F2;
00003C94 : 0137;
00003C95 : FB52;
00003C96 : F4FB;
00003C97 : EFA2;
00003C98 : EBE4;
00003C99 : E989;
00003C9A : E93E;
00003C9B : EA83;
00003C9C : ED6B;
00003C9D : F093;
00003C9E : F3AE;
00003C9F : F65D;
00003CA0 : F91B;
00003CA1 : FC61;
00003CA2 : 0098;
00003CA3 : 072A;
00003CA4 : 0E71;
00003CA5 : 1499;
00003CA6 : 1750;
00003CA7 : 14D9;
00003CA8 : 0D77;
00003CA9 : 03D1;
00003CAA : FB2E;
00003CAB : F5B1;
00003CAC : F408;
00003CAD : F4AF;
00003CAE : F68C;
00003CAF : F94D;
00003CB0 : FDE9;
00003CB1 : 03EB;
00003CB2 : 0A31;
00003CB3 : 0EAE;
00003CB4 : 0F5A;
00003CB5 : 0B33;
00003CB6 : 02B8;
00003CB7 : F7F4;
00003CB8 : ED82;
00003CB9 : E528;
00003CBA : E0E9;
00003CBB : E294;
00003CBC : E9D0;
00003CBD : F629;
00003CBE : 0458;
00003CBF : 11B4;
00003CC0 : 1C87;
00003CC1 : 23BE;
00003CC2 : 25C6;
00003CC3 : 2348;
00003CC4 : 1C34;
00003CC5 : 11FE;
00003CC6 : 06F3;
00003CC7 : FDBE;
00003CC8 : F7A9;
00003CC9 : F4D0;
00003CCA : F4FD;
00003CCB : F7FC;
00003CCC : FD44;
00003CCD : 0344;
00003CCE : 0708;
00003CCF : 0563;
00003CD0 : FD51;
00003CD1 : F17F;
00003CD2 : E6CB;
00003CD3 : E209;
00003CD4 : E4C5;
00003CD5 : EC74;
00003CD6 : F49F;
00003CD7 : FAE2;
00003CD8 : FF85;
00003CD9 : 054B;
00003CDA : 0DA7;
00003CDB : 1760;
00003CDC : 1E2E;
00003CDD : 1F37;
00003CDE : 1A05;
00003CDF : 10FE;
00003CE0 : 0934;
00003CE1 : 057D;
00003CE2 : 0610;
00003CE3 : 08EF;
00003CE4 : 0AF9;
00003CE5 : 0AC9;
00003CE6 : 08F2;
00003CE7 : 04E3;
00003CE8 : FEDE;
00003CE9 : F6F5;
00003CEA : EE9D;
00003CEB : E99E;
00003CEC : EAE4;
00003CED : F2EE;
00003CEE : FE29;
00003CEF : 07E5;
00003CF0 : 0C43;
00003CF1 : 0B6E;
00003CF2 : 08B8;
00003CF3 : 0739;
00003CF4 : 0787;
00003CF5 : 0688;
00003CF6 : FF6E;
00003CF7 : F301;
00003CF8 : E524;
00003CF9 : DBF0;
00003CFA : DBB3;
00003CFB : E393;
00003CFC : EEC7;
00003CFD : F7BB;
00003CFE : FB7F;
00003CFF : FB39;
00003D00 : FB35;
00003D01 : FE18;
00003D02 : 043A;
00003D03 : 0B11;
00003D04 : 1007;
00003D05 : 10BB;
00003D06 : 0D95;
00003D07 : 07B2;
00003D08 : 00F9;
00003D09 : FDF1;
00003D0A : FF2C;
00003D0B : 050E;
00003D0C : 0D70;
00003D0D : 13B4;
00003D0E : 144C;
00003D0F : 0DD6;
00003D10 : 033F;
00003D11 : FACF;
00003D12 : F8AE;
00003D13 : FEA9;
00003D14 : 0856;
00003D15 : 0FC5;
00003D16 : 0FF5;
00003D17 : 08A7;
00003D18 : FF42;
00003D19 : F8E9;
00003D1A : F7E9;
00003D1B : FB5A;
00003D1C : FDE6;
00003D1D : FCCD;
00003D1E : F81B;
00003D1F : F260;
00003D20 : EFB3;
00003D21 : F0F0;
00003D22 : F40E;
00003D23 : F6D8;
00003D24 : F649;
00003D25 : F382;
00003D26 : F13A;
00003D27 : F2D1;
00003D28 : F934;
00003D29 : 0260;
00003D2A : 0C7A;
00003D2B : 148C;
00003D2C : 1904;
00003D2D : 18DB;
00003D2E : 131B;
00003D2F : 0939;
00003D30 : FDA4;
00003D31 : F501;
00003D32 : F300;
00003D33 : F773;
00003D34 : FFB4;
00003D35 : 06D7;
00003D36 : 08F7;
00003D37 : 0592;
00003D38 : FDFA;
00003D39 : F5CD;
00003D3A : EF49;
00003D3B : EAEA;
00003D3C : E85A;
00003D3D : E717;
00003D3E : E7BC;
00003D3F : EB5C;
00003D40 : F2FE;
00003D41 : FD17;
00003D42 : 07D7;
00003D43 : 100E;
00003D44 : 13AC;
00003D45 : 128C;
00003D46 : 0D9B;
00003D47 : 0883;
00003D48 : 05CE;
00003D49 : 0712;
00003D4A : 0B7C;
00003D4B : 10C5;
00003D4C : 1468;
00003D4D : 1555;
00003D4E : 132E;
00003D4F : 0ECC;
00003D50 : 0845;
00003D51 : FF7C;
00003D52 : F565;
00003D53 : EBE3;
00003D54 : E579;
00003D55 : E502;
00003D56 : EAFB;
00003D57 : F60E;
00003D58 : 0329;
00003D59 : 0E96;
00003D5A : 1590;
00003D5B : 1785;
00003D5C : 148A;
00003D5D : 0DDF;
00003D5E : 0659;
00003D5F : 01B0;
00003D60 : 0350;
00003D61 : 0A82;
00003D62 : 1348;
00003D63 : 186A;
00003D64 : 157E;
00003D65 : 0B39;
00003D66 : FE4A;
00003D67 : F36C;
00003D68 : ED8C;
00003D69 : EB0A;
00003D6A : E989;
00003D6B : E903;
00003D6C : EB6A;
00003D6D : F382;
00003D6E : 0047;
00003D6F : 0D1C;
00003D70 : 13D3;
00003D71 : 10AF;
00003D72 : 06A4;
00003D73 : FC4F;
00003D74 : F817;
00003D75 : FCC2;
00003D76 : 063D;
00003D77 : 0EF0;
00003D78 : 129C;
00003D79 : 11BC;
00003D7A : 0ED7;
00003D7B : 0CE4;
00003D7C : 0C03;
00003D7D : 095D;
00003D7E : 02F3;
00003D7F : F876;
00003D80 : ED89;
00003D81 : E6C0;
00003D82 : E630;
00003D83 : EA3B;
00003D84 : EF59;
00003D85 : F111;
00003D86 : EF92;
00003D87 : ECEA;
00003D88 : ECE9;
00003D89 : F233;
00003D8A : FB61;
00003D8B : 0425;
00003D8C : 07BC;
00003D8D : 0614;
00003D8E : 0295;
00003D8F : 034F;
00003D90 : 0A9C;
00003D91 : 175C;
00003D92 : 223D;
00003D93 : 23B3;
00003D94 : 17FB;
00003D95 : 00D4;
00003D96 : E6BC;
00003D97 : D3E7;
00003D98 : CE7A;
00003D99 : D6A5;
00003D9A : E7CD;
00003D9B : FC09;
00003D9C : 0DB9;
00003D9D : 19C6;
00003D9E : 1FC9;
00003D9F : 1FD3;
00003DA0 : 1A00;
00003DA1 : 0F04;
00003DA2 : 01A3;
00003DA3 : F572;
00003DA4 : ED5F;
00003DA5 : EB17;
00003DA6 : EE91;
00003DA7 : F705;
00003DA8 : 0358;
00003DA9 : 12F5;
00003DAA : 2457;
00003DAB : 348B;
00003DAC : 3EEA;
00003DAD : 3E37;
00003DAE : 2EC9;
00003DAF : 12BD;
00003DB0 : EFF7;
00003DB1 : CE63;
00003DB2 : B679;
00003DB3 : AD02;
00003DB4 : B2AF;
00003DB5 : C2F0;
00003DB6 : D5CA;
00003DB7 : E4B7;
00003DB8 : ED97;
00003DB9 : F53F;
00003DBA : 0246;
00003DBB : 14FC;
00003DBC : 25CC;
00003DBD : 2C17;
00003DBE : 258B;
00003DBF : 18A0;
00003DC0 : 0FF3;
00003DC1 : 10CE;
00003DC2 : 174D;
00003DC3 : 187E;
00003DC4 : 0CE6;
00003DC5 : F5F1;
00003DC6 : DFF2;
00003DC7 : D82A;
00003DC8 : E30C;
00003DC9 : F9E6;
00003DCA : 0FBA;
00003DCB : 1A8D;
00003DCC : 19E7;
00003DCD : 14AC;
00003DCE : 12D3;
00003DCF : 159F;
00003DD0 : 181B;
00003DD1 : 1344;
00003DD2 : 046F;
00003DD3 : EF64;
00003DD4 : DB1C;
00003DD5 : CE5C;
00003DD6 : CB32;
00003DD7 : D015;
00003DD8 : DAA6;
00003DD9 : E8A6;
00003DDA : F753;
00003DDB : 0508;
00003DDC : 1103;
00003DDD : 18D7;
00003DDE : 1A7F;
00003DDF : 1571;
00003DE0 : 0B75;
00003DE1 : 01BE;
00003DE2 : FD11;
00003DE3 : 0079;
00003DE4 : 090D;
00003DE5 : 120B;
00003DE6 : 16EB;
00003DE7 : 15FA;
00003DE8 : 10F9;
00003DE9 : 0B4B;
00003DEA : 0706;
00003DEB : 050B;
00003DEC : 0556;
00003DED : 06F1;
00003DEE : 0958;
00003DEF : 0C96;
00003DF0 : 0F4C;
00003DF1 : 0F9D;
00003DF2 : 0BD9;
00003DF3 : 04CE;
00003DF4 : FCDC;
00003DF5 : F7EB;
00003DF6 : F763;
00003DF7 : FA73;
00003DF8 : FF85;
00003DF9 : 03E3;
00003DFA : 0644;
00003DFB : 055A;
00003DFC : 00FD;
00003DFD : FA14;
00003DFE : F11F;
00003DFF : E90D;
00003E00 : E2EE;
00003E01 : DEB8;
00003E02 : DBF2;
00003E03 : D8D2;
00003E04 : D6F2;
00003E05 : D941;
00003E06 : E186;
00003E07 : EDEE;
00003E08 : F9D8;
00003E09 : 00CD;
00003E0A : 015F;
00003E0B : FFEF;
00003E0C : 0295;
00003E0D : 0DE0;
00003E0E : 20A0;
00003E0F : 3414;
00003E10 : 4144;
00003E11 : 4428;
00003E12 : 3CED;
00003E13 : 2EB9;
00003E14 : 1DD9;
00003E15 : 0EDA;
00003E16 : 02BB;
00003E17 : F77E;
00003E18 : EADF;
00003E19 : DE76;
00003E1A : D6A0;
00003E1B : D6F1;
00003E1C : DFED;
00003E1D : EF09;
00003E1E : 0085;
00003E1F : 101A;
00003E20 : 1A41;
00003E21 : 1C49;
00003E22 : 159B;
00003E23 : 06AF;
00003E24 : F48E;
00003E25 : E57C;
00003E26 : DDA6;
00003E27 : DD4E;
00003E28 : E128;
00003E29 : E550;
00003E2A : E6F1;
00003E2B : E792;
00003E2C : EA97;
00003E2D : F2E2;
00003E2E : 0078;
00003E2F : 0FDD;
00003E30 : 1DF2;
00003E31 : 27C4;
00003E32 : 2D61;
00003E33 : 2F27;
00003E34 : 2C3C;
00003E35 : 22A1;
00003E36 : 100F;
00003E37 : F6CC;
00003E38 : DBB5;
00003E39 : C5FB;
00003E3A : BBEE;
00003E3B : C071;
00003E3C : D4AF;
00003E3D : F308;
00003E3E : 115B;
00003E3F : 2782;
00003E40 : 3327;
00003E41 : 351D;
00003E42 : 2FBE;
00003E43 : 26B4;
00003E44 : 1C84;
00003E45 : 14C6;
00003E46 : 10AF;
00003E47 : 0E77;
00003E48 : 08F8;
00003E49 : FC43;
00003E4A : E993;
00003E4B : D58F;
00003E4C : C617;
00003E4D : BE8D;
00003E4E : BE92;
00003E4F : C430;
00003E50 : CDD1;
00003E51 : D998;
00003E52 : E71E;
00003E53 : F75B;
00003E54 : 0AF6;
00003E55 : 1FD5;
00003E56 : 328A;
00003E57 : 3F62;
00003E58 : 4470;
00003E59 : 4213;
00003E5A : 39CD;
00003E5B : 2CDE;
00003E5C : 1D57;
00003E5D : 0E50;
00003E5E : 01E9;
00003E5F : F822;
00003E60 : EEBE;
00003E61 : E67F;
00003E62 : E10B;
00003E63 : E02C;
00003E64 : E4E8;
00003E65 : ED3F;
00003E66 : F635;
00003E67 : FCDD;
00003E68 : 004F;
00003E69 : 0060;
00003E6A : FEB6;
00003E6B : FBF7;
00003E6C : F85B;
00003E6D : F421;
00003E6E : F092;
00003E6F : EF6A;
00003E70 : F327;
00003E71 : FBD5;
00003E72 : 07B6;
00003E73 : 14AC;
00003E74 : 1F4E;
00003E75 : 25A4;
00003E76 : 268D;
00003E77 : 2187;
00003E78 : 1701;
00003E79 : 090F;
00003E7A : F9E6;
00003E7B : EC65;
00003E7C : E287;
00003E7D : DDBF;
00003E7E : DDB1;
00003E7F : E125;
00003E80 : E6FA;
00003E81 : EE0D;
00003E82 : F525;
00003E83 : FB83;
00003E84 : 016A;
00003E85 : 06D0;
00003E86 : 0B75;
00003E87 : 0F19;
00003E88 : 10E0;
00003E89 : 1116;
00003E8A : 101D;
00003E8B : 0E60;
00003E8C : 0C18;
00003E8D : 09C5;
00003E8E : 0645;
00003E8F : 00F4;
00003E90 : F9DC;
00003E91 : F20E;
00003E92 : EC43;
00003E93 : EB2F;
00003E94 : F023;
00003E95 : F924;
00003E96 : 0268;
00003E97 : 0754;
00003E98 : 0699;
00003E99 : 0121;
00003E9A : FA70;
00003E9B : F4FF;
00003E9C : F1FD;
00003E9D : F0BF;
00003E9E : F062;
00003E9F : F12B;
00003EA0 : F4F8;
00003EA1 : FCA8;
00003EA2 : 0729;
00003EA3 : 11F7;
00003EA4 : 18BE;
00003EA5 : 1976;
00003EA6 : 14E7;
00003EA7 : 0ECE;
00003EA8 : 0BCC;
00003EA9 : 0ED3;
00003EAA : 1691;
00003EAB : 1EDC;
00003EAC : 21AE;
00003EAD : 1BF8;
00003EAE : 0E1C;
00003EAF : FD9C;
00003EB0 : F007;
00003EB1 : E85F;
00003EB2 : E631;
00003EB3 : E640;
00003EB4 : E5C8;
00003EB5 : E48A;
00003EB6 : E48E;
00003EB7 : E842;
00003EB8 : F037;
00003EB9 : FAAD;
00003EBA : 0393;
00003EBB : 07E3;
00003EBC : 085B;
00003EBD : 068B;
00003EBE : 04D0;
00003EBF : 03B7;
00003EC0 : 0243;
00003EC1 : FF4B;
00003EC2 : FB3A;
00003EC3 : F870;
00003EC4 : F8BE;
00003EC5 : FBF8;
00003EC6 : FEB2;
00003EC7 : FE31;
00003EC8 : FA46;
00003EC9 : F596;
00003ECA : F5BD;
00003ECB : FD1A;
00003ECC : 0AA5;
00003ECD : 18A9;
00003ECE : 218D;
00003ECF : 2246;
00003ED0 : 1C90;
00003ED1 : 13B1;
00003ED2 : 0A93;
00003ED3 : 029C;
00003ED4 : F9CA;
00003ED5 : EF0C;
00003ED6 : E2D9;
00003ED7 : D91F;
00003ED8 : D65B;
00003ED9 : DE40;
00003EDA : EFB9;
00003EDB : 055B;
00003EDC : 1910;
00003EDD : 26DF;
00003EDE : 2E5A;
00003EDF : 2FC3;
00003EE0 : 2BDD;
00003EE1 : 22B6;
00003EE2 : 156F;
00003EE3 : 0635;
00003EE4 : F637;
00003EE5 : E6D9;
00003EE6 : D878;
00003EE7 : CDF3;
00003EE8 : CBF7;
00003EE9 : D59A;
00003EEA : EA9A;
00003EEB : 039D;
00003EEC : 1785;
00003EED : 1FFA;
00003EEE : 1C12;
00003EEF : 1131;
00003EF0 : 062C;
00003EF1 : FFC0;
00003EF2 : FF0C;
00003EF3 : 01F0;
00003EF4 : 05E3;
00003EF5 : 08D1;
00003EF6 : 0BCE;
00003EF7 : 10BA;
00003EF8 : 17E8;
00003EF9 : 1EA7;
00003EFA : 21F0;
00003EFB : 1E08;
00003EFC : 12EA;
00003EFD : 037C;
00003EFE : F328;
00003EFF : E507;
00003F00 : DA2A;
00003F01 : D354;
00003F02 : D120;
00003F03 : D42E;
00003F04 : DCC9;
00003F05 : EAEF;
00003F06 : FA18;
00003F07 : 0569;
00003F08 : 0AC5;
00003F09 : 0AD6;
00003F0A : 077E;
00003F0B : 0400;
00003F0C : 024A;
00003F0D : 01A1;
00003F0E : 01E2;
00003F0F : 02A6;
00003F10 : 0381;
00003F11 : 052C;
00003F12 : 07F8;
00003F13 : 0C5A;
00003F14 : 1217;
00003F15 : 16A6;
00003F16 : 16C0;
00003F17 : 1137;
00003F18 : 06C7;
00003F19 : F87B;
00003F1A : EAF6;
00003F1B : DF4D;
00003F1C : D6F5;
00003F1D : D1F4;
00003F1E : D13F;
00003F1F : D66B;
00003F20 : E1E6;
00003F21 : F379;
00003F22 : 07B8;
00003F23 : 1A85;
00003F24 : 288D;
00003F25 : 2ECB;
00003F26 : 2B3A;
00003F27 : 1F8A;
00003F28 : 0EB2;
00003F29 : FCB0;
00003F2A : F122;
00003F2B : EFA9;
00003F2C : F8FC;
00003F2D : 090F;
00003F2E : 198B;
00003F2F : 2410;
00003F30 : 247A;
00003F31 : 1BA2;
00003F32 : 0F16;
00003F33 : 0565;
00003F34 : 02AD;
00003F35 : 04A1;
00003F36 : 049E;
00003F37 : FCD5;
00003F38 : EC2E;
00003F39 : D7A6;
00003F3A : C67A;
00003F3B : BFD8;
00003F3C : C4ED;
00003F3D : D1CE;
00003F3E : E122;
00003F3F : EDFE;
00003F40 : F85F;
00003F41 : 03B0;
00003F42 : 126E;
00003F43 : 223E;
00003F44 : 2D45;
00003F45 : 2EB8;
00003F46 : 263A;
00003F47 : 1867;
00003F48 : 0CEA;
00003F49 : 09C6;
00003F4A : 0ECF;
00003F4B : 16EF;
00003F4C : 1907;
00003F4D : 10C9;
00003F4E : FFBE;
00003F4F : ECDF;
00003F50 : E087;
00003F51 : DCE0;
00003F52 : DE98;
00003F53 : E135;
00003F54 : E23B;
00003F55 : E464;
00003F56 : EC04;
00003F57 : FA86;
00003F58 : 0CB5;
00003F59 : 1CE0;
00003F5A : 2635;
00003F5B : 2898;
00003F5C : 27AA;
00003F5D : 26BC;
00003F5E : 258F;
00003F5F : 2029;
00003F60 : 1317;
00003F61 : FE64;
00003F62 : E79D;
00003F63 : D6AE;
00003F64 : D08E;
00003F65 : D526;
00003F66 : DEB2;
00003F67 : E7E9;
00003F68 : EE8C;
00003F69 : F485;
00003F6A : FD6A;
00003F6B : 099B;
00003F6C : 1689;
00003F6D : 1FE8;
00003F6E : 2370;
00003F6F : 2269;
00003F70 : 203A;
00003F71 : 1EA8;
00003F72 : 1BDB;
00003F73 : 1472;
00003F74 : 05EF;
00003F75 : F25E;
00003F76 : DF15;
00003F77 : D30B;
00003F78 : D2C0;
00003F79 : DD00;
00003F7A : EC7C;
00003F7B : F9CF;
00003F7C : FF0C;
00003F7D : FB32;
00003F7E : F1A5;
00003F7F : E8AC;
00003F80 : E744;
00003F81 : F10A;
00003F82 : 03DF;
00003F83 : 1992;
00003F84 : 2B59;
00003F85 : 3346;
00003F86 : 2FC1;
00003F87 : 2342;
00003F88 : 1292;
00003F89 : 041D;
00003F8A : FC37;
00003F8B : F989;
00003F8C : F895;
00003F8D : F7BF;
00003F8E : F8FB;
00003F8F : FE53;
00003F90 : 082A;
00003F91 : 121F;
00003F92 : 145C;
00003F93 : 09D8;
00003F94 : F4B5;
00003F95 : DCCC;
00003F96 : CC4D;
00003F97 : C9A1;
00003F98 : D388;
00003F99 : E32A;
00003F9A : F0B2;
00003F9B : F7B6;
00003F9C : F97F;
00003F9D : FB0B;
00003F9E : 00F9;
00003F9F : 0B38;
00003FA0 : 154D;
00003FA1 : 1B44;
00003FA2 : 1B4C;
00003FA3 : 16CB;
00003FA4 : 10E5;
00003FA5 : 0B8E;
00003FA6 : 07C3;
00003FA7 : 038B;
00003FA8 : FE38;
00003FA9 : F8B4;
00003FAA : F520;
00003FAB : F5E3;
00003FAC : FA52;
00003FAD : 00A6;
00003FAE : 059A;
00003FAF : 06A1;
00003FB0 : 042E;
00003FB1 : 010E;
00003FB2 : 000E;
00003FB3 : 01B1;
00003FB4 : 0477;
00003FB5 : 0612;
00003FB6 : 0596;
00003FB7 : 043B;
00003FB8 : 02D7;
00003FB9 : 0234;
00003FBA : 0187;
00003FBB : FFC1;
00003FBC : FC25;
00003FBD : F83E;
00003FBE : F605;
00003FBF : F651;
00003FC0 : F865;
00003FC1 : FA78;
00003FC2 : FC3F;
00003FC3 : FEFC;
00003FC4 : 0472;
00003FC5 : 0D0A;
00003FC6 : 162E;
00003FC7 : 1B78;
00003FC8 : 18A3;
00003FC9 : 0CA3;
00003FCA : FC6E;
00003FCB : EEBD;
00003FCC : E933;
00003FCD : ED9C;
00003FCE : F892;
00003FCF : 0443;
00003FD0 : 0B35;
00003FD1 : 0A86;
00003FD2 : 0336;
00003FD3 : F8EA;
00003FD4 : F0FD;
00003FD5 : EF1D;
00003FD6 : F38E;
00003FD7 : FB20;
00003FD8 : 0233;
00003FD9 : 062F;
00003FDA : 07DB;
00003FDB : 0A4B;
00003FDC : 0F5A;
00003FDD : 14CB;
00003FDE : 1592;
00003FDF : 0BDF;
00003FE0 : F6B1;
00003FE1 : DC7E;
00003FE2 : C830;
00003FE3 : C31F;
00003FE4 : CF7D;
00003FE5 : E613;
00003FE6 : FBA2;
00003FE7 : 0964;
00003FE8 : 112C;
00003FE9 : 1963;
00003FEA : 26A9;
00003FEB : 3664;
00003FEC : 4224;
00003FED : 43E1;
00003FEE : 3942;
00003FEF : 25BC;
00003FF0 : 1114;
00003FF1 : 01DC;
00003FF2 : F7E5;
00003FF3 : EF2B;
00003FF4 : E534;
00003FF5 : DC55;
00003FF6 : D781;
00003FF7 : D7AE;
00003FF8 : DA15;
00003FF9 : DA05;
00003FFA : D6C2;
00003FFB : D49A;
00003FFC : D988;
00003FFD : E8B7;
00003FFE : FE99;
00003FFF : 1476;
00004000 : 249C;
00004001 : 2D7E;
00004002 : 30B8;
00004003 : 3092;
00004004 : 2D73;
00004005 : 2629;
00004006 : 1A05;
00004007 : 0B74;
00004008 : FF00;
00004009 : F7AE;
0000400A : F587;
0000400B : F62E;
0000400C : F6BE;
0000400D : F4ED;
0000400E : F15B;
0000400F : ED88;
00004010 : EB83;
00004011 : EB9B;
00004012 : ED8F;
00004013 : F098;
00004014 : F59E;
00004015 : FCD8;
00004016 : 0655;
00004017 : 0F9B;
00004018 : 1472;
00004019 : 1356;
0000401A : 0D28;
0000401B : 05C0;
0000401C : 010A;
0000401D : 00F1;
0000401E : 0358;
0000401F : 049E;
00004020 : 0166;
00004021 : F92A;
00004022 : EE99;
00004023 : E3EF;
00004024 : DA8E;
00004025 : D371;
00004026 : D053;
00004027 : D1DD;
00004028 : DA20;
00004029 : E85D;
0000402A : FA21;
0000402B : 0CAE;
0000402C : 1D0C;
0000402D : 29CD;
0000402E : 31A2;
0000402F : 33B8;
00004030 : 30BE;
00004031 : 2882;
00004032 : 1DE1;
00004033 : 14DB;
00004034 : 10C3;
00004035 : 12F5;
00004036 : 1874;
00004037 : 1C04;
00004038 : 1971;
00004039 : 0F85;
0000403A : FFCA;
0000403B : ED13;
0000403C : D9FF;
0000403D : C85E;
0000403E : B9C3;
0000403F : B0BE;
00004040 : B084;
00004041 : BBFA;
00004042 : D1A9;
00004043 : EAE1;
00004044 : 0145;
00004045 : 1401;
00004046 : 2494;
00004047 : 31B7;
00004048 : 38AA;
00004049 : 361A;
0000404A : 2A5F;
0000404B : 196A;
0000404C : 086A;
0000404D : FBDB;
0000404E : F470;
0000404F : EF4D;
00004050 : E9E3;
00004051 : E449;
00004052 : E0DB;
00004053 : E2F6;
00004054 : EAC0;
00004055 : F5B7;
00004056 : 0129;
00004057 : 0BE9;
00004058 : 1698;
00004059 : 225B;
0000405A : 2DB7;
0000405B : 3581;
0000405C : 3595;
0000405D : 2BAB;
0000405E : 18E3;
0000405F : 034C;
00004060 : EFD7;
00004061 : E0C2;
00004062 : D6A5;
00004063 : D0AB;
00004064 : CF54;
00004065 : D31C;
00004066 : DBB9;
00004067 : E6B3;
00004068 : F230;
00004069 : FCA4;
0000406A : 077B;
0000406B : 15D1;
0000406C : 26D7;
0000406D : 371F;
0000406E : 4126;
0000406F : 3FE6;
00004070 : 30CE;
00004071 : 16CE;
00004072 : F9DD;
00004073 : E169;
00004074 : CFE1;
00004075 : C5AD;
00004076 : C1EE;
00004077 : C490;
00004078 : CD53;
00004079 : DB91;
0000407A : EC42;
0000407B : FB29;
0000407C : 0813;
0000407D : 142C;
0000407E : 1F7F;
0000407F : 28BB;
00004080 : 2D61;
00004081 : 2D39;
00004082 : 2931;
00004083 : 23DB;
00004084 : 1E4C;
00004085 : 192E;
00004086 : 13FE;
00004087 : 0E77;
00004088 : 0807;
00004089 : 0202;
0000408A : FE4E;
0000408B : FCAC;
0000408C : FBE2;
0000408D : F925;
0000408E : F2C5;
0000408F : E80C;
00004090 : DB2D;
00004091 : CFB7;
00004092 : C8C3;
00004093 : C88E;
00004094 : CF78;
00004095 : DC25;
00004096 : EA71;
00004097 : F7A6;
00004098 : 0244;
00004099 : 0AD6;
0000409A : 124E;
0000409B : 18ED;
0000409C : 1D1B;
0000409D : 1E79;
0000409E : 1DE7;
0000409F : 1BD7;
000040A0 : 1824;
000040A1 : 130B;
000040A2 : 0C70;
000040A3 : 0542;
000040A4 : FF18;
000040A5 : FA6A;
000040A6 : F67A;
000040A7 : F1F0;
000040A8 : ED32;
000040A9 : E8A3;
000040AA : E6B3;
000040AB : E91B;
000040AC : EFDA;
000040AD : F981;
000040AE : 03C9;
000040AF : 0C62;
000040B0 : 1361;
000040B1 : 190B;
000040B2 : 1CDC;
000040B3 : 1DF3;
000040B4 : 1BB8;
000040B5 : 15F3;
000040B6 : 0E9A;
000040B7 : 07C5;
000040B8 : 016E;
000040B9 : FAED;
000040BA : F3CB;
000040BB : EC80;
000040BC : E6F0;
000040BD : E437;
000040BE : E460;
000040BF : E689;
000040C0 : E94F;
000040C1 : EB9B;
000040C2 : F05E;
000040C3 : F76D;
000040C4 : 00A6;
000040C5 : 098E;
000040C6 : 0F83;
000040C7 : 118A;
000040C8 : 0F9F;
000040C9 : 0AFB;
000040CA : 06E5;
000040CB : 042A;
000040CC : 02F8;
000040CD : 0472;
000040CE : 073B;
000040CF : 09FF;
000040D0 : 0C31;
000040D1 : 0D80;
000040D2 : 0DD3;
000040D3 : 0D8F;
000040D4 : 0CE7;
000040D5 : 0ADC;
000040D6 : 067F;
000040D7 : FF5C;
000040D8 : F690;
000040D9 : EE31;
000040DA : E782;
000040DB : E3F7;
000040DC : E3C3;
000040DD : E53E;
000040DE : E72F;
000040DF : E947;
000040E0 : EC88;
000040E1 : F152;
000040E2 : F754;
000040E3 : FDAC;
000040E4 : 0369;
000040E5 : 07B6;
000040E6 : 0B04;
000040E7 : 0DE5;
000040E8 : 10DE;
000040E9 : 141B;
000040EA : 16A2;
000040EB : 1839;
000040EC : 187D;
000040ED : 179D;
000040EE : 157C;
000040EF : 1214;
000040F0 : 0D9D;
000040F1 : 07F8;
000040F2 : 01F6;
000040F3 : FC58;
000040F4 : F826;
000040F5 : F588;
000040F6 : F49D;
000040F7 : F4AD;
000040F8 : F576;
000040F9 : F6AF;
000040FA : F8AC;
000040FB : FB8A;
000040FC : FE81;
000040FD : 009D;
000040FE : 0139;
000040FF : 0039;
00004100 : FE95;
00004101 : FE6B;
00004102 : FFE7;
00004103 : 0413;
00004104 : 09D7;
00004105 : 0EE5;
00004106 : 1127;
00004107 : 0F36;
00004108 : 0817;
00004109 : FD8C;
0000410A : F403;
0000410B : EFEB;
0000410C : F380;
0000410D : FD4A;
0000410E : 0730;
0000410F : 0B3D;
00004110 : 05CB;
00004111 : F802;
00004112 : E8A6;
00004113 : DF6B;
00004114 : E0FA;
00004115 : EC04;
00004116 : FA95;
00004117 : 053F;
00004118 : 090E;
00004119 : 06FE;
0000411A : 03A6;
0000411B : 02CD;
0000411C : 0550;
0000411D : 0870;
0000411E : 0941;
0000411F : 06CB;
00004120 : 033F;
00004121 : 026F;
00004122 : 0707;
00004123 : 107E;
00004124 : 1AFD;
00004125 : 2120;
00004126 : 1E38;
00004127 : 1275;
00004128 : 0209;
00004129 : F382;
0000412A : EBE0;
0000412B : EC17;
0000412C : F144;
0000412D : F76E;
0000412E : FB09;
0000412F : FB0F;
00004130 : F873;
00004131 : F572;
00004132 : F3DF;
00004133 : F4B3;
00004134 : F738;
00004135 : FB0E;
00004136 : FDF9;
00004137 : FEC1;
00004138 : FCBD;
00004139 : F836;
0000413A : F347;
0000413B : F12D;
0000413C : F40A;
0000413D : FC06;
0000413E : 063B;
0000413F : 0ED4;
00004140 : 1274;
00004141 : 10D4;
00004142 : 0B88;
00004143 : 061A;
00004144 : 022E;
00004145 : 000C;
00004146 : FDEC;
00004147 : FA20;
00004148 : F4FF;
00004149 : F079;
0000414A : EEC1;
0000414B : F18E;
0000414C : F741;
0000414D : FE1B;
0000414E : 04B1;
0000414F : 0A43;
00004150 : 0F5A;
00004151 : 1327;
00004152 : 14BD;
00004153 : 1316;
00004154 : 0E63;
00004155 : 08BE;
00004156 : 0447;
00004157 : 02DA;
00004158 : 029A;
00004159 : 003E;
0000415A : F957;
0000415B : EED7;
0000415C : E608;
0000415D : E48A;
0000415E : ED52;
0000415F : FD53;
00004160 : 0CE5;
00004161 : 1396;
00004162 : 0D3C;
00004163 : FC9C;
00004164 : E8B1;
00004165 : DAA7;
00004166 : D83D;
00004167 : E1A1;
00004168 : F285;
00004169 : 047F;
0000416A : 13C5;
0000416B : 1F6B;
0000416C : 28D3;
0000416D : 3054;
0000416E : 3574;
0000416F : 3615;
00004170 : 2FAA;
00004171 : 21E7;
00004172 : 0F03;
00004173 : FAFF;
00004174 : E9AF;
00004175 : DDE3;
00004176 : D8D6;
00004177 : D910;
00004178 : DAA4;
00004179 : D993;
0000417A : D4C3;
0000417B : CF53;
0000417C : D027;
0000417D : DC7E;
0000417E : F2F5;
0000417F : 0D30;
00004180 : 242B;
00004181 : 3267;
00004182 : 3683;
00004183 : 3132;
00004184 : 256C;
00004185 : 168E;
00004186 : 086A;
00004187 : FEB7;
00004188 : FAC8;
00004189 : FB7A;
0000418A : FD21;
0000418B : FC31;
0000418C : F892;
0000418D : F433;
0000418E : F26B;
0000418F : F608;
00004190 : FD68;
00004191 : 0612;
00004192 : 0B31;
00004193 : 0A47;
00004194 : 0495;
00004195 : FE1A;
00004196 : FAF1;
00004197 : FB84;
00004198 : FDC1;
00004199 : FD6D;
0000419A : F957;
0000419B : F2DE;
0000419C : EEBC;
0000419D : EF2C;
0000419E : F448;
0000419F : FB4D;
000041A0 : 01D7;
000041A1 : 080C;
000041A2 : 0F15;
000041A3 : 1840;
000041A4 : 216D;
000041A5 : 25B5;
000041A6 : 20B4;
000041A7 : 11D2;
000041A8 : FDBE;
000041A9 : EC89;
000041AA : E4D6;
000041AB : E7FC;
000041AC : F286;
000041AD : FFAB;
000041AE : 0A50;
000041AF : 0E99;
000041B0 : 0A44;
000041B1 : FE07;
000041B2 : ED48;
000041B3 : DDA9;
000041B4 : D40E;
000041B5 : D2FC;
000041B6 : D9E1;
000041B7 : E480;
000041B8 : EE45;
000041B9 : F553;
000041BA : FB6E;
000041BB : 0365;
000041BC : 0D4D;
000041BD : 160D;
000041BE : 1996;
000041BF : 1747;
000041C0 : 123B;
000041C1 : 0FD6;
000041C2 : 1315;
000041C3 : 1A4F;
000041C4 : 20AD;
000041C5 : 2017;
000041C6 : 1642;
000041C7 : 06A6;
000041C8 : F8D3;
000041C9 : F2A4;
000041CA : F5E9;
000041CB : FFFE;
000041CC : 0A4E;
000041CD : 1087;
000041CE : 0FE0;
000041CF : 083F;
000041D0 : FAD0;
000041D1 : EA73;
000041D2 : DA68;
000041D3 : CF24;
000041D4 : CC44;
000041D5 : D36D;
000041D6 : E27D;
000041D7 : F3F8;
000041D8 : 0238;
000041D9 : 0B61;
000041DA : 120C;
000041DB : 19D6;
000041DC : 233B;
000041DD : 2ADA;
000041DE : 2AFD;
000041DF : 2002;
000041E0 : 0B1A;
000041E1 : F236;
000041E2 : DD91;
000041E3 : D29F;
000041E4 : D15C;
000041E5 : D63B;
000041E6 : DDC6;
000041E7 : E5BB;
000041E8 : EE86;
000041E9 : F997;
000041EA : 079D;
000041EB : 179A;
000041EC : 2710;
000041ED : 3382;
000041EE : 3B57;
000041EF : 3E77;
000041F0 : 3B59;
000041F1 : 3185;
000041F2 : 214E;
000041F3 : 0CF6;
000041F4 : F703;
000041F5 : E08B;
000041F6 : CC74;
000041F7 : BD82;
000041F8 : B583;
000041F9 : B705;
000041FA : C2EB;
000041FB : D95E;
000041FC : F71E;
000041FD : 14D6;
000041FE : 2D13;
000041FF : 3BE9;
00004200 : 3F04;
00004201 : 359E;
00004202 : 2012;
00004203 : 047B;
00004204 : EBB7;
00004205 : DBAD;
00004206 : D432;
00004207 : D1CD;
00004208 : D1F4;
00004209 : D549;
0000420A : DDF0;
0000420B : EBDA;
0000420C : FB57;
0000420D : 0858;
0000420E : 10D3;
0000420F : 14DF;
00004210 : 1683;
00004211 : 1815;
00004212 : 1C5A;
00004213 : 2313;
00004214 : 2A80;
00004215 : 2F2B;
00004216 : 2C9A;
00004217 : 2124;
00004218 : 0F95;
00004219 : FD4B;
0000421A : EFF6;
0000421B : E8FD;
0000421C : E709;
0000421D : E8C3;
0000421E : EC37;
0000421F : F080;
00004220 : F506;
00004221 : F894;
00004222 : F902;
00004223 : F58B;
00004224 : EEBF;
00004225 : E758;
00004226 : E2A5;
00004227 : E2DB;
00004228 : E850;
00004229 : F1BF;
0000422A : FCD0;
0000422B : 07A4;
0000422C : 111F;
0000422D : 18C4;
0000422E : 1CF5;
0000422F : 1BB8;
00004230 : 14AD;
00004231 : 097B;
00004232 : FD47;
00004233 : F3A5;
00004234 : EF87;
00004235 : F001;
00004236 : F2DF;
00004237 : F5F2;
00004238 : F7EB;
00004239 : FA1E;
0000423A : FD82;
0000423B : 0262;
0000423C : 07B8;
0000423D : 0BD9;
0000423E : 0D0E;
0000423F : 0BFC;
00004240 : 0A7C;
00004241 : 0A00;
00004242 : 0C05;
00004243 : 1036;
00004244 : 1526;
00004245 : 18F2;
00004246 : 19E7;
00004247 : 1599;
00004248 : 0C56;
00004249 : FF4C;
0000424A : F1CF;
0000424B : E8CD;
0000424C : E724;
0000424D : ED27;
0000424E : F78C;
0000424F : 00D0;
00004250 : 03B1;
00004251 : FF03;
00004252 : F4DA;
00004253 : EA29;
00004254 : E266;
00004255 : DF9C;
00004256 : E0AC;
00004257 : E503;
00004258 : ECB0;
00004259 : F7FB;
0000425A : 067B;
0000425B : 1577;
0000425C : 2055;
0000425D : 243B;
0000425E : 1F22;
0000425F : 1436;
00004260 : 0868;
00004261 : 0043;
00004262 : FEAF;
00004263 : 02DF;
00004264 : 09E4;
00004265 : 10B5;
00004266 : 154B;
00004267 : 16E8;
00004268 : 14E4;
00004269 : 0F0F;
0000426A : 05C4;
0000426B : FAD1;
0000426C : F117;
0000426D : EAC4;
0000426E : E826;
0000426F : E7E7;
00004270 : E7AA;
00004271 : E5FF;
00004272 : E3B6;
00004273 : E28E;
00004274 : E3B7;
00004275 : E776;
00004276 : EC36;
00004277 : F0FF;
00004278 : F666;
00004279 : FDD9;
0000427A : 0775;
0000427B : 1231;
0000427C : 1C49;
0000427D : 2404;
0000427E : 277D;
0000427F : 267A;
00004280 : 2112;
00004281 : 17CB;
00004282 : 0B5D;
00004283 : FE19;
00004284 : F3BD;
00004285 : EEAA;
00004286 : EFC5;
00004287 : F50A;
00004288 : FB74;
00004289 : 00FC;
0000428A : 0495;
0000428B : 06C5;
0000428C : 08AD;
0000428D : 0A46;
0000428E : 09E4;
0000428F : 0614;
00004290 : FF20;
00004291 : F7BB;
00004292 : F3B7;
00004293 : F4BA;
00004294 : FADE;
00004295 : 01E6;
00004296 : 077B;
00004297 : 09DD;
00004298 : 096A;
00004299 : 071C;
0000429A : 038E;
0000429B : FE7B;
0000429C : F8AC;
0000429D : F3D4;
0000429E : F389;
0000429F : F7AA;
000042A0 : FD3E;
000042A1 : 0262;
000042A2 : 022E;
000042A3 : FC06;
000042A4 : F294;
000042A5 : EA59;
000042A6 : E63F;
000042A7 : E6E2;
000042A8 : E9A0;
000042A9 : ECF4;
000042AA : F17D;
000042AB : F93D;
000042AC : 0588;
000042AD : 157D;
000042AE : 259B;
000042AF : 3175;
000042B0 : 352F;
000042B1 : 2FBB;
000042B2 : 22DA;
000042B3 : 1256;
000042B4 : 03AF;
000042B5 : FB86;
000042B6 : FA78;
000042B7 : FDA1;
000042B8 : 01F2;
000042B9 : 04C8;
000042BA : 0506;
000042BB : 02E9;
000042BC : FEBF;
000042BD : F7FA;
000042BE : EECA;
000042BF : E452;
000042C0 : DA36;
000042C1 : D340;
000042C2 : D248;
000042C3 : D8A4;
000042C4 : E5DD;
000042C5 : F5DD;
000042C6 : 04D7;
000042C7 : 0F3D;
000042C8 : 144B;
000042C9 : 1433;
000042CA : 0F0F;
000042CB : 06D3;
000042CC : FD95;
000042CD : F804;
000042CE : F882;
000042CF : 000C;
000042D0 : 0C95;
000042D1 : 193F;
000042D2 : 21EA;
000042D3 : 2438;
000042D4 : 2023;
000042D5 : 16DD;
000042D6 : 0AA5;
000042D7 : FDD8;
000042D8 : F1CC;
000042D9 : E6F8;
000042DA : DE5A;
000042DB : D970;
000042DC : DA3A;
000042DD : E20A;
000042DE : EF29;
000042DF : FE3A;
000042E0 : 0BD0;
000042E1 : 15DC;
000042E2 : 1C61;
000042E3 : 201A;
000042E4 : 217A;
000042E5 : 1F70;
000042E6 : 1A13;
000042E7 : 11B1;
000042E8 : 07CD;
000042E9 : FD88;
000042EA : F2FF;
000042EB : E8F2;
000042EC : DFF6;
000042ED : DA6F;
000042EE : DAB3;
000042EF : E104;
000042F0 : EB8C;
000042F1 : F68E;
000042F2 : FF0F;
000042F3 : 0463;
000042F4 : 0826;
000042F5 : 0BCB;
000042F6 : 0F3E;
000042F7 : 1122;
000042F8 : 0FEF;
000042F9 : 0BF5;
000042FA : 0713;
000042FB : 040E;
000042FC : 049B;
000042FD : 0907;
000042FE : 0FA8;
000042FF : 166B;
00004300 : 1B70;
00004301 : 1D14;
00004302 : 1AC8;
00004303 : 14B4;
00004304 : 0B08;
00004305 : FEEA;
00004306 : F1F0;
00004307 : E58B;
00004308 : DC08;
00004309 : D6D8;
0000430A : D693;
0000430B : DAD2;
0000430C : E26A;
0000430D : EB7C;
0000430E : F503;
0000430F : FD81;
00004310 : 0454;
00004311 : 0972;
00004312 : 0BDD;
00004313 : 0B1E;
00004314 : 0830;
00004315 : 04C3;
00004316 : 032F;
00004317 : 04C3;
00004318 : 0852;
00004319 : 0B99;
0000431A : 0CD6;
0000431B : 0C7E;
0000431C : 0C22;
0000431D : 0E2D;
0000431E : 1313;
0000431F : 1886;
00004320 : 1C28;
00004321 : 1BCE;
00004322 : 184A;
00004323 : 13A8;
00004324 : 0F1D;
00004325 : 0AA2;
00004326 : 04B4;
00004327 : FC73;
00004328 : F1EB;
00004329 : E681;
0000432A : DB30;
0000432B : D0D9;
0000432C : C87F;
0000432D : C3B7;
0000432E : C438;
0000432F : CAFE;
00004330 : D692;
00004331 : E34B;
00004332 : EE4D;
00004333 : F94A;
00004334 : 0529;
00004335 : 123F;
00004336 : 1E66;
00004337 : 2757;
00004338 : 2CAD;
00004339 : 302E;
0000433A : 341E;
0000433B : 395A;
0000433C : 3D44;
0000433D : 3B20;
0000433E : 2E90;
0000433F : 1913;
00004340 : 00D7;
00004341 : ECCF;
00004342 : E1DC;
00004343 : E222;
00004344 : EBB2;
00004345 : F9C3;
00004346 : 0487;
00004347 : 0477;
00004348 : F6E3;
00004349 : DEE3;
0000434A : C61B;
0000434B : B71C;
0000434C : B823;
0000434D : C927;
0000434E : E268;
0000434F : F988;
00004350 : 0951;
00004351 : 130A;
00004352 : 1AD7;
00004353 : 21B2;
00004354 : 24DB;
00004355 : 216F;
00004356 : 17E8;
00004357 : 0BC8;
00004358 : 0236;
00004359 : FEC8;
0000435A : 013A;
0000435B : 05B5;
0000435C : 07D7;
0000435D : 0653;
0000435E : 011C;
0000435F : F9DD;
00004360 : F330;
00004361 : F02B;
00004362 : F1C0;
00004363 : F7C1;
00004364 : FF64;
00004365 : 0511;
00004366 : 05AC;
00004367 : 005A;
00004368 : F790;
00004369 : EF2B;
0000436A : EB62;
0000436B : EE23;
0000436C : F6EC;
0000436D : 03D9;
0000436E : 1246;
0000436F : 1F9E;
00004370 : 292D;
00004371 : 2C8D;
00004372 : 2950;
00004373 : 213C;
00004374 : 178E;
00004375 : 0FBE;
00004376 : 0A3A;
00004377 : 03A5;
00004378 : F8B2;
00004379 : EA56;
0000437A : DCDC;
0000437B : D684;
0000437C : D8AB;
0000437D : E007;
0000437E : E760;
0000437F : EA7C;
00004380 : E9D6;
00004381 : E992;
00004382 : ED54;
00004383 : F64A;
00004384 : 00F4;
00004385 : 0967;
00004386 : 0EC3;
00004387 : 1222;
00004388 : 15AA;
00004389 : 191C;
0000438A : 1A4A;
0000438B : 1681;
0000438C : 0E1D;
0000438D : 03B9;
0000438E : FC73;
0000438F : FC66;
00004390 : 039D;
00004391 : 0E38;
00004392 : 1759;
00004393 : 1AB3;
00004394 : 17BF;
00004395 : 11A9;
00004396 : 0B54;
00004397 : 082D;
00004398 : 084B;
00004399 : 09F9;
0000439A : 0B25;
0000439B : 090E;
0000439C : 01C8;
0000439D : F4FC;
0000439E : E499;
0000439F : D428;
000043A0 : C84C;
000043A1 : C407;
000043A2 : C809;
000043A3 : D2AE;
000043A4 : E065;
000043A5 : ED1E;
000043A6 : F7D0;
000043A7 : 0215;
000043A8 : 0DF5;
000043A9 : 1A19;
000043AA : 22C9;
000043AB : 24E9;
000043AC : 204F;
000043AD : 17E3;
000043AE : 1070;
000043AF : 0D10;
000043B0 : 0D31;
000043B1 : 0D78;
000043B2 : 0ACB;
000043B3 : 03BA;
000043B4 : FB04;
000043B5 : F545;
000043B6 : F610;
000043B7 : FD9E;
000043B8 : 08B2;
000043B9 : 1233;
000043BA : 15A4;
000043BB : 1176;
000043BC : 0743;
000043BD : FB4E;
000043BE : F19C;
000043BF : EC99;
000043C0 : EBA8;
000043C1 : EC4E;
000043C2 : EC24;
000043C3 : EA70;
000043C4 : E8EA;
000043C5 : E9A3;
000043C6 : EE47;
000043C7 : F631;
000043C8 : FF70;
000043C9 : 0704;
000043CA : 0C33;
000043CB : 0EA8;
000043CC : 0DB7;
000043CD : 0A9C;
000043CE : 05C4;
000043CF : 0129;
000043D0 : FED5;
000043D1 : FFD5;
000043D2 : 0374;
000043D3 : 07B2;
000043D4 : 0A03;
000043D5 : 0A05;
000043D6 : 0981;
000043D7 : 0A71;
000043D8 : 0EA0;
000043D9 : 1323;
000043DA : 1573;
000043DB : 1349;
000043DC : 0C22;
000043DD : 01D6;
000043DE : F5E5;
000043DF : EA51;
000043E0 : E214;
000043E1 : DECF;
000043E2 : E43F;
000043E3 : F4AB;
000043E4 : 0CFA;
000043E5 : 259B;
000043E6 : 3497;
000043E7 : 3357;
000043E8 : 2160;
000043E9 : 05B1;
000043EA : EA45;
000043EB : D58D;
000043EC : C841;
000043ED : C030;
000043EE : BC10;
000043EF : BEBF;
000043F0 : CB24;
000043F1 : DFD1;
000043F2 : F692;
000043F3 : 096D;
000043F4 : 14C6;
000043F5 : 17E3;
000043F6 : 153B;
000043F7 : 11B0;
000043F8 : 12F3;
000043F9 : 1CF5;
000043FA : 2ED5;
000043FB : 420B;
000043FC : 4DE2;
000043FD : 4A19;
000043FE : 349E;
000043FF : 14C5;
00004400 : F7F4;
00004401 : E55E;
00004402 : DBFB;
00004403 : D890;
00004404 : D7A1;
00004405 : D881;
00004406 : DAE8;
00004407 : DE0B;
00004408 : E0A8;
00004409 : E2BF;
0000440A : E5B8;
0000440B : EBD9;
0000440C : F504;
0000440D : FE63;
0000440E : 054D;
0000440F : 07F4;
00004410 : 0712;
00004411 : 05E9;
00004412 : 06A3;
00004413 : 090B;
00004414 : 0CA1;
00004415 : 0F42;
00004416 : 0FFE;
00004417 : 0F54;
00004418 : 0D9C;
00004419 : 0BBC;
0000441A : 09AA;
0000441B : 0757;
0000441C : 046F;
0000441D : 0089;
0000441E : FAAA;
0000441F : F304;
00004420 : EB5A;
00004421 : E664;
00004422 : E683;
00004423 : EC82;
00004424 : F69C;
00004425 : 012C;
00004426 : 09D5;
00004427 : 1065;
00004428 : 1648;
00004429 : 1CE1;
0000442A : 2314;
0000442B : 265D;
0000442C : 241A;
0000442D : 1AE0;
0000442E : 0CE5;
0000442F : FE2D;
00004430 : F239;
00004431 : EA93;
00004432 : E871;
00004433 : EBDB;
00004434 : F3C9;
00004435 : FDA4;
00004436 : 0474;
00004437 : 039C;
00004438 : FAAE;
00004439 : ECDE;
0000443A : E0D4;
0000443B : DCDE;
0000443C : E288;
0000443D : EE7E;
0000443E : FA47;
0000443F : 007B;
00004440 : FFF8;
00004441 : FB7A;
00004442 : F709;
00004443 : F61E;
00004444 : FA1B;
00004445 : 01DA;
00004446 : 0B3A;
00004447 : 139F;
00004448 : 1996;
00004449 : 1C71;
0000444A : 1CF5;
0000444B : 1C21;
0000444C : 1AC0;
0000444D : 189B;
0000444E : 1449;
0000444F : 0D7A;
00004450 : 049C;
00004451 : FB3B;
00004452 : F41A;
00004453 : F1B1;
00004454 : F35C;
00004455 : F7CF;
00004456 : FB1A;
00004457 : FB24;
00004458 : F70D;
00004459 : F097;
0000445A : EABE;
0000445B : E879;
0000445C : EBC1;
0000445D : F3C8;
0000445E : FD2D;
0000445F : 0497;
00004460 : 074C;
00004461 : 05C6;
00004462 : 01AB;
00004463 : FDD6;
00004464 : FC23;
00004465 : FC84;
00004466 : FEEA;
00004467 : 0306;
00004468 : 08C7;
00004469 : 0FE0;
0000446A : 1745;
0000446B : 1D5A;
0000446C : 1FB8;
0000446D : 1D8F;
0000446E : 16E3;
0000446F : 0CD8;
00004470 : 00DE;
00004471 : F3CB;
00004472 : E635;
00004473 : DA92;
00004474 : D401;
00004475 : D4F3;
00004476 : DD3B;
00004477 : E984;
00004478 : F4D8;
00004479 : FBBD;
0000447A : FEE2;
0000447B : 0199;
0000447C : 06B7;
0000447D : 0ED7;
0000447E : 16DB;
0000447F : 1AED;
00004480 : 1917;
00004481 : 1305;
00004482 : 0C1D;
00004483 : 07CA;
00004484 : 079B;
00004485 : 0A55;
00004486 : 0D57;
00004487 : 0DB3;
00004488 : 0A23;
00004489 : 03AB;
0000448A : FD12;
0000448B : F843;
0000448C : F627;
0000448D : F61F;
0000448E : F6B9;
0000448F : F628;
00004490 : F307;
00004491 : ED24;
00004492 : E44F;
00004493 : DAD5;
00004494 : D39A;
00004495 : D2C0;
00004496 : DB7F;
00004497 : EDF0;
00004498 : 062A;
00004499 : 1F2C;
0000449A : 3314;
0000449B : 3DEA;
0000449C : 3DC2;
0000449D : 33F9;
0000449E : 23B8;
0000449F : 1181;
000044A0 : 01B5;
000044A1 : F518;
000044A2 : EBAE;
000044A3 : E462;
000044A4 : E1A2;
000044A5 : E614;
000044A6 : F1E6;
000044A7 : 005F;
000044A8 : 0AD6;
000044A9 : 0D17;
000044AA : 07B6;
000044AB : 0108;
000044AC : FF60;
000044AD : 0499;
000044AE : 0D19;
000044AF : 129E;
000044B0 : 10BB;
000044B1 : 074C;
000044B2 : F9A4;
000044B3 : EC1B;
000044B4 : E212;
000044B5 : DD07;
000044B6 : DCD3;
000044B7 : E1BF;
000044B8 : EABE;
000044B9 : F4FF;
000044BA : FDCB;
000044BB : 02F2;
000044BC : 04E3;
000044BD : 0622;
000044BE : 087E;
000044BF : 0CDE;
000044C0 : 1253;
000044C1 : 1678;
000044C2 : 1822;
000044C3 : 1722;
000044C4 : 1456;
000044C5 : 10B9;
000044C6 : 0D56;
000044C7 : 0B84;
000044C8 : 0B35;
000044C9 : 0B8B;
000044CA : 0AC0;
000044CB : 076B;
000044CC : 00A6;
000044CD : F775;
000044CE : ED65;
000044CF : E4AA;
000044D0 : DEA8;
000044D1 : DB8F;
000044D2 : DB8A;
000044D3 : DFF7;
000044D4 : E933;
000044D5 : F717;
000044D6 : 073F;
000044D7 : 1617;
000044D8 : 2090;
000044D9 : 2545;
000044DA : 24D3;
000044DB : 20C9;
000044DC : 1B4A;
000044DD : 149D;
000044DE : 0CC6;
000044DF : 03A8;
000044E0 : F96C;
000044E1 : EFCC;
000044E2 : EA14;
000044E3 : E9A4;
000044E4 : ECD9;
000044E5 : F086;
000044E6 : F19C;
000044E7 : EFC7;
000044E8 : ECF9;
000044E9 : EBF0;
000044EA : EE2B;
000044EB : F1E4;
000044EC : F4DC;
000044ED : F57B;
000044EE : F445;
000044EF : F3EE;
000044F0 : F681;
000044F1 : FC0E;
000044F2 : 03DE;
000044F3 : 0C6F;
000044F4 : 1487;
000044F5 : 1BAE;
000044F6 : 20D5;
000044F7 : 2376;
000044F8 : 2329;
000044F9 : 203D;
000044FA : 1B6A;
000044FB : 1542;
000044FC : 0E2A;
000044FD : 05AA;
000044FE : FB86;
000044FF : F0BE;
00004500 : E777;
00004501 : E232;
00004502 : E11B;
00004503 : E3E8;
00004504 : E842;
00004505 : EC61;
00004506 : F06E;
00004507 : F5E1;
00004508 : FDFF;
00004509 : 0876;
0000450A : 1416;
0000450B : 1DDC;
0000450C : 23C1;
0000450D : 242C;
0000450E : 1EE6;
0000450F : 149B;
00004510 : 06EB;
00004511 : F903;
00004512 : ED7C;
00004513 : E6F7;
00004514 : E701;
00004515 : EDA1;
00004516 : F886;
00004517 : 03E9;
00004518 : 0BDE;
00004519 : 0DC4;
0000451A : 0907;
0000451B : 003D;
0000451C : F692;
0000451D : EEAC;
0000451E : E9EE;
0000451F : E8E2;
00004520 : EB05;
00004521 : F00C;
00004522 : F751;
00004523 : FEEB;
00004524 : 06AF;
00004525 : 0DE5;
00004526 : 1484;
00004527 : 1A59;
00004528 : 1E17;
00004529 : 1EFB;
0000452A : 1CCA;
0000452B : 1854;
0000452C : 132D;
0000452D : 0E3A;
0000452E : 08CA;
0000452F : 00C3;
00004530 : F4CA;
00004531 : E638;
00004532 : DA2D;
00004533 : D62F;
00004534 : DD42;
00004535 : EDC9;
00004536 : 0172;
00004537 : 10F0;
00004538 : 17EC;
00004539 : 15CB;
0000453A : 0D79;
0000453B : 027B;
0000453C : F73C;
0000453D : ED28;
0000453E : E560;
0000453F : E201;
00004540 : E513;
00004541 : EEBE;
00004542 : FC30;
00004543 : 0903;
00004544 : 127C;
00004545 : 16DC;
00004546 : 16C5;
00004547 : 1448;
00004548 : 0FF9;
00004549 : 0ADE;
0000454A : 05F1;
0000454B : 029F;
0000454C : 01B8;
0000454D : 0347;
0000454E : 0549;
0000454F : 052F;
00004550 : 01A5;
00004551 : FAFE;
00004552 : F497;
00004553 : F18A;
00004554 : F422;
00004555 : FBCD;
00004556 : 0504;
00004557 : 0BB5;
00004558 : 0C76;
00004559 : 0774;
0000455A : FE0D;
0000455B : F337;
0000455C : E99D;
0000455D : E2DA;
0000455E : DF32;
0000455F : DF42;
00004560 : E31D;
00004561 : EAA3;
00004562 : F525;
00004563 : 00FB;
00004564 : 0CA1;
00004565 : 1716;
00004566 : 1F5F;
00004567 : 250D;
00004568 : 2846;
00004569 : 2916;
0000456A : 27C5;
0000456B : 23EC;
0000456C : 1D7F;
0000456D : 1560;
0000456E : 0C91;
0000456F : 03F8;
00004570 : FB94;
00004571 : F396;
00004572 : ECA5;
00004573 : E617;
00004574 : E00C;
00004575 : D99B;
00004576 : D387;
00004577 : D01B;
00004578 : D1D7;
00004579 : DB32;
0000457A : EB5E;
0000457B : FDB5;
0000457C : 0D03;
0000457D : 1693;
0000457E : 1A5C;
0000457F : 1A27;
00004580 : 17B9;
00004581 : 14D9;
00004582 : 1233;
00004583 : 0FFA;
00004584 : 0DB5;
00004585 : 0B35;
00004586 : 08AF;
00004587 : 05B3;
00004588 : 017B;
00004589 : FB5C;
0000458A : F3FC;
0000458B : ED80;
0000458C : EBB0;
0000458D : F108;
0000458E : FD8C;
0000458F : 0D93;
00004590 : 1B66;
00004591 : 2187;
00004592 : 1E57;
00004593 : 134D;
00004594 : 04D9;
00004595 : F77F;
00004596 : EEA7;
00004597 : EB35;
00004598 : EC62;
00004599 : F0AC;
0000459A : F5EA;
0000459B : F9D1;
0000459C : F9FA;
0000459D : F730;
0000459E : F304;
0000459F : F0AE;
000045A0 : F182;
000045A1 : F472;
000045A2 : F6F9;
000045A3 : F7D7;
000045A4 : F876;
000045A5 : FC30;
000045A6 : 0547;
000045A7 : 120D;
000045A8 : 1DC5;
000045A9 : 2279;
000045AA : 1DAB;
000045AB : 111B;
000045AC : 0235;
000045AD : F7D0;
000045AE : F50A;
000045AF : F876;
000045B0 : FDC3;
000045B1 : 00C4;
000045B2 : 000B;
000045B3 : FD79;
000045B4 : FBF3;
000045B5 : FCB5;
000045B6 : FF4A;
000045B7 : 02A8;
000045B8 : 0458;
000045B9 : 03C7;
000045BA : 014F;
000045BB : FD75;
000045BC : F94F;
000045BD : F677;
000045BE : F667;
000045BF : FA33;
000045C0 : 0141;
000045C1 : 083D;
000045C2 : 0BDA;
000045C3 : 09EF;
000045C4 : 0305;
000045C5 : FB37;
000045C6 : F800;
000045C7 : FC7F;
000045C8 : 0702;
000045C9 : 11F8;
000045CA : 1781;
000045CB : 1463;
000045CC : 0910;
000045CD : FA76;
000045CE : EECC;
000045CF : E9EE;
000045D0 : ECC1;
000045D1 : F5C0;
000045D2 : 0254;
000045D3 : 0E94;
000045D4 : 16A9;
000045D5 : 17F9;
000045D6 : 1208;
000045D7 : 0798;
000045D8 : FE6A;
000045D9 : FB90;
000045DA : 0084;
000045DB : 09AA;
000045DC : 106A;
000045DD : 0EE4;
000045DE : 0381;
000045DF : F17E;
000045E0 : DF63;
000045E1 : D274;
000045E2 : CD83;
000045E3 : CFCF;
000045E4 : D82D;
000045E5 : E4DB;
000045E6 : F48D;
000045E7 : 05B7;
000045E8 : 174B;
000045E9 : 2841;
000045EA : 3390;
000045EB : 354F;
000045EC : 2AB7;
000045ED : 14E7;
000045EE : FB12;
000045EF : E5D7;
000045F0 : DCC7;
000045F1 : E113;
000045F2 : ED25;
000045F3 : FA2A;
000045F4 : 01FC;
000045F5 : 017D;
000045F6 : FAE7;
000045F7 : F32A;
000045F8 : EF6B;
000045F9 : F2E9;
000045FA : FC7C;
000045FB : 07DE;
000045FC : 1094;
000045FD : 138F;
000045FE : 123F;
000045FF : 0F9A;
00004600 : 0E22;
00004601 : 0ED7;
00004602 : 103B;
00004603 : 100D;
00004604 : 0C68;
00004605 : 05E3;
00004606 : FEF9;
00004607 : FA99;
00004608 : F9B1;
00004609 : FC19;
0000460A : 0057;
0000460B : 04C6;
0000460C : 0845;
0000460D : 096E;
0000460E : 081C;
0000460F : 036C;
00004610 : FCD6;
00004611 : F69F;
00004612 : F363;
00004613 : F335;
00004614 : F484;
00004615 : F470;
00004616 : F143;
00004617 : EC12;
00004618 : E85E;
00004619 : E94E;
0000461A : ED82;
0000461B : F339;
0000461C : F633;
0000461D : F5F1;
0000461E : F4A2;
0000461F : F587;
00004620 : FAC2;
00004621 : 02F5;
00004622 : 0B7F;
00004623 : 11B7;
00004624 : 14D2;
00004625 : 164F;
00004626 : 16A6;
00004627 : 15BE;
00004628 : 13B5;
00004629 : 0FF6;
0000462A : 0C85;
0000462B : 0C00;
0000462C : 0F2E;
0000462D : 1455;
0000462E : 171E;
0000462F : 13A1;
00004630 : 08AE;
00004631 : F8EC;
00004632 : E996;
00004633 : DFB1;
00004634 : DD16;
00004635 : DFD6;
00004636 : E585;
00004637 : EB53;
00004638 : EFB1;
00004639 : F36D;
0000463A : F778;
0000463B : FB73;
0000463C : FF5E;
0000463D : 01B1;
0000463E : 0229;
0000463F : 0173;
00004640 : 0117;
00004641 : 02A9;
00004642 : 06AD;
00004643 : 0C59;
00004644 : 12B5;
00004645 : 17E9;
00004646 : 1A70;
00004647 : 195D;
00004648 : 13A2;
00004649 : 0928;
0000464A : FC35;
0000464B : F020;
0000464C : E940;
0000464D : EA23;
0000464E : F14F;
0000464F : FAC0;
00004650 : 01DF;
00004651 : 02FE;
00004652 : FE48;
00004653 : F7CE;
00004654 : F408;
00004655 : F58A;
00004656 : FB4F;
00004657 : 01FB;
00004658 : 06C9;
00004659 : 08E9;
0000465A : 0930;
0000465B : 09A0;
0000465C : 0AB1;
0000465D : 0B59;
0000465E : 0AD7;
0000465F : 0898;
00004660 : 0575;
00004661 : 02A6;
00004662 : 0103;
00004663 : 0015;
00004664 : FF81;
00004665 : FF12;
00004666 : 0008;
00004667 : 02D8;
00004668 : 0758;
00004669 : 0BBC;
0000466A : 0CBA;
0000466B : 08BC;
0000466C : 00A6;
0000466D : F731;
0000466E : F00B;
0000466F : ECFB;
00004670 : ED5F;
00004671 : EE86;
00004672 : EFB1;
00004673 : F0AE;
00004674 : F3A7;
00004675 : F9DD;
00004676 : 0259;
00004677 : 0B3C;
00004678 : 123C;
00004679 : 15A0;
0000467A : 162A;
0000467B : 1550;
0000467C : 13EA;
0000467D : 12A5;
0000467E : 1092;
0000467F : 0D57;
00004680 : 091C;
00004681 : 047D;
00004682 : 0089;
00004683 : FD56;
00004684 : FBB7;
00004685 : FB99;
00004686 : FD67;
00004687 : 000C;
00004688 : 020A;
00004689 : 011B;
0000468A : FC1C;
0000468B : F350;
0000468C : E925;
0000468D : E020;
0000468E : DB22;
0000468F : DAC7;
00004690 : DE66;
00004691 : E514;
00004692 : ED56;
00004693 : F627;
00004694 : FECF;
00004695 : 068B;
00004696 : 0C32;
00004697 : 0F19;
00004698 : 1021;
00004699 : 1174;
0000469A : 1501;
0000469B : 1C19;
0000469C : 255E;
0000469D : 2D68;
0000469E : 30A0;
0000469F : 2C44;
000046A0 : 2075;
000046A1 : 1120;
000046A2 : 027C;
000046A3 : F717;
000046A4 : EEE8;
000046A5 : E958;
000046A6 : E674;
000046A7 : E6F6;
000046A8 : EB88;
000046A9 : F28C;
000046AA : F8CF;
000046AB : FAE9;
000046AC : F843;
000046AD : F224;
000046AE : EC87;
000046AF : EA75;
000046B0 : EC1C;
000046B1 : F061;
000046B2 : F468;
000046B3 : F771;
000046B4 : FAA3;
000046B5 : FFBA;
000046B6 : 068B;
000046B7 : 0CA2;
000046B8 : 0FA5;
000046B9 : 0E8F;
000046BA : 0B2C;
000046BB : 0966;
000046BC : 0C39;
000046BD : 136D;
000046BE : 1BAD;
000046BF : 204D;
000046C0 : 1E7A;
000046C1 : 1695;
000046C2 : 0BA8;
000046C3 : 01D7;
000046C4 : FA33;
000046C5 : F425;
000046C6 : EEFE;
000046C7 : EB02;
000046C8 : E941;
000046C9 : EB47;
000046CA : F08E;
000046CB : F6C3;
000046CC : FBA4;
000046CD : FE2C;
000046CE : FEFA;
000046CF : 0009;
000046D0 : 0135;
000046D1 : 01EA;
000046D2 : 0151;
000046D3 : FF29;
000046D4 : FC2F;
000046D5 : F993;
000046D6 : F821;
000046D7 : F70E;
000046D8 : F50B;
000046D9 : F1F7;
000046DA : EE9E;
000046DB : EE1F;
000046DC : F29A;
000046DD : FCBE;
000046DE : 09C0;
000046DF : 15BA;
000046E0 : 1D3A;
000046E1 : 1E9A;
000046E2 : 1A35;
000046E3 : 1294;
000046E4 : 0A69;
000046E5 : 04CA;
000046E6 : 02F1;
000046E7 : 03C3;
000046E8 : 054E;
000046E9 : 0605;
000046EA : 05C6;
000046EB : 054D;
000046EC : 05E7;
000046ED : 064B;
000046EE : 0603;
000046EF : 04B5;
000046F0 : 0248;
000046F1 : FFA3;
000046F2 : FDFB;
000046F3 : FD5A;
000046F4 : FD7A;
000046F5 : FD33;
000046F6 : FAB1;
000046F7 : F4EF;
000046F8 : EC77;
000046F9 : E345;
000046FA : DC86;
000046FB : DB24;
000046FC : DFD4;
000046FD : E8E7;
000046FE : F2EC;
000046FF : FACB;
00004700 : FFB7;
00004701 : 02F0;
00004702 : 067D;
00004703 : 0BF0;
00004704 : 134C;
00004705 : 1BB3;
00004706 : 2347;
00004707 : 28EA;
00004708 : 2B63;
00004709 : 2A01;
0000470A : 24F2;
0000470B : 1C41;
0000470C : 11B7;
0000470D : 0720;
0000470E : FD7F;
0000470F : F4C5;
00004710 : ECCA;
00004711 : E5B4;
00004712 : E16D;
00004713 : E10E;
00004714 : E544;
00004715 : ED2B;
00004716 : F669;
00004717 : FF1C;
00004718 : 0500;
00004719 : 074E;
0000471A : 074F;
0000471B : 0591;
0000471C : 02E1;
0000471D : FFB5;
0000471E : FCC0;
0000471F : FA5C;
00004720 : F88B;
00004721 : F7FE;
00004722 : F834;
00004723 : FA48;
00004724 : FD5C;
00004725 : 01A9;
00004726 : 08D4;
00004727 : 114D;
00004728 : 19D2;
00004729 : 2031;
0000472A : 235B;
0000472B : 2160;
0000472C : 1A89;
0000472D : 10D8;
0000472E : 066C;
0000472F : FC54;
00004730 : F3B6;
00004731 : EB66;
00004732 : E463;
00004733 : DEF2;
00004734 : DBEA;
00004735 : DB4A;
00004736 : DCF5;
00004737 : E0F8;
00004738 : E724;
00004739 : EF32;
0000473A : F93E;
0000473B : 03DE;
0000473C : 0DE0;
0000473D : 1634;
0000473E : 1AFD;
0000473F : 1C12;
00004740 : 1A74;
00004741 : 16D1;
00004742 : 12D8;
00004743 : 0E76;
00004744 : 0952;
00004745 : 03C5;
00004746 : FEFA;
00004747 : FB94;
00004748 : FB3F;
00004749 : FD51;
0000474A : 001F;
0000474B : 018B;
0000474C : FFE4;
0000474D : FB13;
0000474E : F51A;
0000474F : EFE4;
00004750 : ED3C;
00004751 : ED69;
00004752 : EF8B;
00004753 : F1AF;
00004754 : F3EA;
00004755 : F621;
00004756 : F926;
00004757 : FCAC;
00004758 : FFB6;
00004759 : 0121;
0000475A : 00F4;
0000475B : 003B;
0000475C : FFCC;
0000475D : 01E4;
0000475E : 069D;
0000475F : 0CA7;
00004760 : 12C1;
00004761 : 17D9;
00004762 : 1BAE;
00004763 : 1EA1;
00004764 : 206A;
00004765 : 2018;
00004766 : 1C3F;
00004767 : 143A;
00004768 : 08EC;
00004769 : FC32;
0000476A : EFC9;
0000476B : E574;
0000476C : DDE6;
0000476D : D977;
0000476E : D7E7;
0000476F : D8A4;
00004770 : DC18;
00004771 : E250;
00004772 : EB00;
00004773 : F513;
00004774 : FF53;
00004775 : 08D0;
00004776 : 11A9;
00004777 : 18F9;
00004778 : 1E4D;
00004779 : 21AF;
0000477A : 2350;
0000477B : 2342;
0000477C : 2167;
0000477D : 1D8B;
0000477E : 1794;
0000477F : 0F9E;
00004780 : 05DC;
00004781 : FB5C;
00004782 : F151;
00004783 : E7EB;
00004784 : E000;
00004785 : D947;
00004786 : D37D;
00004787 : CFAE;
00004788 : CF5B;
00004789 : D4E7;
0000478A : E07F;
0000478B : F0AD;
0000478C : 0172;
0000478D : 0F4C;
0000478E : 18EF;
0000478F : 1D18;
00004790 : 1C78;
00004791 : 1929;
00004792 : 158E;
00004793 : 1415;
00004794 : 15A4;
00004795 : 1992;
00004796 : 1CDC;
00004797 : 1CF1;
00004798 : 182A;
00004799 : 0F70;
0000479A : 05C1;
0000479B : FD42;
0000479C : F734;
0000479D : F315;
0000479E : EFB9;
0000479F : EC18;
000047A0 : E89B;
000047A1 : E747;
000047A2 : E950;
000047A3 : EF5E;
000047A4 : F735;
000047A5 : FE8F;
000047A6 : 02C6;
000047A7 : 0318;
000047A8 : 005A;
000047A9 : FDDF;
000047AA : FE06;
000047AB : 00D7;
000047AC : 0468;
000047AD : 05CB;
000047AE : 0334;
000047AF : FD6E;
000047B0 : F77C;
000047B1 : F4D1;
000047B2 : F6C4;
000047B3 : FBAD;
000047B4 : 009E;
000047B5 : 0320;
000047B6 : 02CB;
000047B7 : 015D;
000047B8 : 011D;
000047B9 : 02F2;
000047BA : 06D4;
000047BB : 0ABD;
000047BC : 0C9C;
000047BD : 0CCF;
000047BE : 0B7C;
000047BF : 0901;
000047C0 : 0522;
000047C1 : FF37;
000047C2 : F7FB;
000047C3 : F0B0;
000047C4 : EB82;
000047C5 : EA74;
000047C6 : EE1A;
000047C7 : F4DE;
000047C8 : FC45;
000047C9 : 0238;
000047CA : 0650;
000047CB : 09BD;
000047CC : 0DAF;
000047CD : 118C;
000047CE : 1467;
000047CF : 155C;
000047D0 : 1461;
000047D1 : 128F;
000047D2 : 10F5;
000047D3 : 0F30;
000047D4 : 0BFC;
000047D5 : 065B;
000047D6 : FE4D;
000047D7 : F537;
000047D8 : EE3D;
000047D9 : EAAF;
000047DA : EAF7;
000047DB : EDBF;
000047DC : F0AD;
000047DD : F281;
000047DE : F2C8;
000047DF : F223;
000047E0 : F0E1;
000047E1 : F0CE;
000047E2 : F24C;
000047E3 : F693;
000047E4 : FCF4;
000047E5 : 0483;
000047E6 : 0C2F;
000047E7 : 1266;
000047E8 : 16F7;
000047E9 : 19A4;
000047EA : 19DC;
000047EB : 1774;
000047EC : 11CE;
000047ED : 090E;
000047EE : FF41;
000047EF : F668;
000047F0 : F0CE;
000047F1 : EF36;
000047F2 : F15C;
000047F3 : F5EB;
000047F4 : FBB9;
000047F5 : 00CB;
000047F6 : 04C8;
000047F7 : 06FA;
000047F8 : 0701;
000047F9 : 0554;
000047FA : 025B;
000047FB : FE26;
000047FC : F98E;
000047FD : F4E6;
000047FE : F115;
000047FF : EE96;
00004800 : EDF7;
00004801 : EF5C;
00004802 : F2D1;
00004803 : F78D;
00004804 : FC84;
00004805 : 01AA;
00004806 : 0613;
00004807 : 0A4C;
00004808 : 0DF1;
00004809 : 10FE;
0000480A : 13E7;
0000480B : 15F8;
0000480C : 1777;
0000480D : 17F6;
0000480E : 1620;
0000480F : 1139;
00004810 : 09C2;
00004811 : 0180;
00004812 : FA48;
00004813 : F526;
00004814 : F256;
00004815 : F0DD;
00004816 : EF8C;
00004817 : EED8;
00004818 : EF25;
00004819 : F052;
0000481A : F1E2;
0000481B : F346;
0000481C : F3B5;
0000481D : F4CD;
0000481E : F793;
0000481F : FC7F;
00004820 : 0297;
00004821 : 0723;
00004822 : 0888;
00004823 : 06D2;
00004824 : 03C8;
00004825 : 01B7;
00004826 : 0255;
00004827 : 04E2;
00004828 : 06AE;
00004829 : 062F;
0000482A : 0382;
0000482B : 0152;
0000482C : 023D;
0000482D : 077F;
0000482E : 105C;
0000482F : 1933;
00004830 : 1E54;
00004831 : 1D64;
00004832 : 1764;
00004833 : 0E59;
00004834 : 0594;
00004835 : FF1B;
00004836 : FADC;
00004837 : F823;
00004838 : F627;
00004839 : F493;
0000483A : F232;
0000483B : EDA7;
0000483C : E603;
0000483D : DB50;
0000483E : D095;
0000483F : CA0E;
00004840 : CBF5;
00004841 : D6D3;
00004842 : E70A;
00004843 : F7A7;
00004844 : 05CB;
00004845 : 11EB;
00004846 : 1CED;
00004847 : 26E5;
00004848 : 2E17;
00004849 : 2F73;
0000484A : 297F;
0000484B : 1D25;
0000484C : 0E89;
0000484D : 02B6;
0000484E : FDB7;
0000484F : 0085;
00004850 : 0767;
00004851 : 0DE4;
00004852 : 0F94;
00004853 : 0C31;
00004854 : 05DC;
00004855 : FF9E;
00004856 : FB6A;
00004857 : F86E;
00004858 : F5D2;
00004859 : F1F6;
0000485A : ED84;
0000485B : E97C;
0000485C : E745;
0000485D : E72B;
0000485E : E871;
0000485F : EB4C;
00004860 : EFF2;
00004861 : F76F;
00004862 : 0129;
00004863 : 0B74;
00004864 : 136D;
00004865 : 170D;
00004866 : 15AA;
00004867 : 1173;
00004868 : 0D33;
00004869 : 0A90;
0000486A : 0942;
0000486B : 0745;
0000486C : 0201;
0000486D : F943;
0000486E : EF04;
0000486F : E726;
00004870 : E40B;
00004871 : E613;
00004872 : EBC2;
00004873 : F272;
00004874 : F89F;
00004875 : FDA7;
00004876 : 022D;
00004877 : 0656;
00004878 : 0A68;
00004879 : 0DCB;
0000487A : 104D;
0000487B : 123D;
0000487C : 13D6;
0000487D : 1598;
0000487E : 16F3;
0000487F : 16FA;
00004880 : 1540;
00004881 : 11B9;
00004882 : 0D21;
00004883 : 08A1;
00004884 : 04E2;
00004885 : 0265;
00004886 : 011E;
00004887 : 0096;
00004888 : 0068;
00004889 : FF6B;
0000488A : FC87;
0000488B : F697;
0000488C : EDC9;
0000488D : E3EF;
0000488E : DB1D;
0000488F : D65E;
00004890 : D715;
00004891 : DDBC;
00004892 : E9D0;
00004893 : F8B8;
00004894 : 0750;
00004895 : 12ED;
00004896 : 19FC;
00004897 : 1BA0;
00004898 : 176E;
00004899 : 0ED3;
0000489A : 04A3;
0000489B : FC72;
0000489C : F91E;
0000489D : FB37;
0000489E : 013E;
0000489F : 07F1;
000048A0 : 0CDC;
000048A1 : 0ECB;
000048A2 : 0E7C;
000048A3 : 0C8A;
000048A4 : 097A;
000048A5 : 05E5;
000048A6 : 01FE;
000048A7 : FE26;
000048A8 : FB07;
000048A9 : F937;
000048AA : F7F9;
000048AB : F6C3;
000048AC : F54D;
000048AD : F37D;
000048AE : F255;
000048AF : F350;
000048B0 : F7C5;
000048B1 : FE96;
000048B2 : 05EA;
000048B3 : 0B9A;
000048B4 : 0E2B;
000048B5 : 0CF5;
000048B6 : 08F9;
000048B7 : 034C;
000048B8 : FD3C;
000048B9 : F7C2;
000048BA : F367;
000048BB : F136;
000048BC : F15E;
000048BD : F427;
000048BE : F8EC;
000048BF : FECA;
000048C0 : 0490;
000048C1 : 09B7;
000048C2 : 0DA9;
000048C3 : 1055;
000048C4 : 1185;
000048C5 : 109F;
000048C6 : 0D47;
000048C7 : 07B5;
000048C8 : 008F;
000048C9 : F9AA;
000048CA : F4C8;
000048CB : F308;
000048CC : F468;
000048CD : F800;
000048CE : FC73;
000048CF : 00E5;
000048D0 : 0493;
000048D1 : 06EE;
000048D2 : 084A;
000048D3 : 096F;
000048D4 : 0B18;
000048D5 : 0CFE;
000048D6 : 0E4B;
000048D7 : 0D52;
000048D8 : 0810;
000048D9 : FE07;
000048DA : F138;
000048DB : E527;
000048DC : DE76;
000048DD : E039;
000048DE : EAC2;
000048DF : FA96;
000048E0 : 09F5;
000048E1 : 1384;
000048E2 : 14EA;
000048E3 : 0EAD;
000048E4 : 031C;
000048E5 : F620;
000048E6 : EAF9;
000048E7 : E446;
000048E8 : E31B;
000048E9 : E773;
000048EA : F05C;
000048EB : FC12;
000048EC : 085E;
000048ED : 1432;
000048EE : 1EA4;
000048EF : 25FF;
000048F0 : 293E;
000048F1 : 26AC;
000048F2 : 1DDD;
000048F3 : 1008;
000048F4 : 0154;
000048F5 : F5EC;
000048F6 : F0AC;
000048F7 : F1A9;
000048F8 : F627;
000048F9 : FAB3;
000048FA : FC84;
000048FB : FAAC;
000048FC : F5E7;
000048FD : F161;
000048FE : EFCA;
000048FF : F12F;
00004900 : F53F;
00004901 : F988;
00004902 : FC04;
00004903 : FC33;
00004904 : FA85;
00004905 : F89F;
00004906 : F858;
00004907 : FA18;
00004908 : FE23;
00004909 : 0497;
0000490A : 0C2E;
0000490B : 1322;
0000490C : 17C9;
0000490D : 18F6;
0000490E : 16B6;
0000490F : 11F6;
00004910 : 0CA7;
00004911 : 0863;
00004912 : 04EB;
00004913 : 0107;
00004914 : FB5B;
00004915 : F3B4;
00004916 : EC14;
00004917 : E75B;
00004918 : E6E8;
00004919 : EB3A;
0000491A : F1F9;
0000491B : F8D2;
0000491C : FDF8;
0000491D : 0091;
0000491E : 0158;
0000491F : 0159;
00004920 : 01B2;
00004921 : 02CF;
00004922 : 051D;
00004923 : 090B;
00004924 : 0DDD;
00004925 : 1287;
00004926 : 1527;
00004927 : 1436;
00004928 : 1015;
00004929 : 0A94;
0000492A : 05D1;
0000492B : 0376;
0000492C : 02B1;
0000492D : 0176;
0000492E : FDD2;
0000492F : F6FD;
00004930 : EF2B;
00004931 : E928;
00004932 : E6E3;
00004933 : E828;
00004934 : EB8A;
00004935 : EF80;
00004936 : F35D;
00004937 : F75F;
00004938 : FB09;
00004939 : FDE1;
0000493A : FF4E;
0000493B : FF1F;
0000493C : FE15;
0000493D : FD9F;
0000493E : FF33;
0000493F : 037A;
00004940 : 0979;
00004941 : 1024;
00004942 : 1620;
00004943 : 1A9F;
00004944 : 1D9E;
00004945 : 1EAC;
00004946 : 1D4C;
00004947 : 19DC;
00004948 : 149B;
00004949 : 0E72;
0000494A : 07E9;
0000494B : 0151;
0000494C : FA6F;
0000494D : F32E;
0000494E : ECDC;
0000494F : E88D;
00004950 : E6D3;
00004951 : E6C6;
00004952 : E762;
00004953 : E7CE;
00004954 : E85F;
00004955 : EAAC;
00004956 : EF66;
00004957 : F692;
00004958 : FE2A;
00004959 : 033F;
0000495A : 0463;
0000495B : 0239;
0000495C : FFBA;
0000495D : FFA5;
0000495E : 02F3;
0000495F : 08FF;
00004960 : 0F3A;
00004961 : 1391;
00004962 : 1526;
00004963 : 14CE;
00004964 : 13C9;
00004965 : 12AF;
00004966 : 10C4;
00004967 : 0CE1;
00004968 : 0691;
00004969 : FE7E;
0000496A : F6EE;
0000496B : F113;
0000496C : EDEC;
0000496D : ED2F;
0000496E : EDC8;
0000496F : EF52;
00004970 : F1C6;
00004971 : F602;
00004972 : FBE2;
00004973 : 02A8;
00004974 : 086B;
00004975 : 0C52;
00004976 : 0E9E;
00004977 : 0FA9;
00004978 : 1026;
00004979 : 1015;
0000497A : 0E8A;
0000497B : 0AA2;
0000497C : 04FA;
0000497D : FE5B;
0000497E : F882;
0000497F : F4D9;
00004980 : F32A;
00004981 : F292;
00004982 : F1DB;
00004983 : F1B7;
00004984 : F242;
00004985 : F469;
00004986 : F893;
00004987 : FC3A;
00004988 : FD9F;
00004989 : FB8C;
0000498A : F715;
0000498B : F393;
0000498C : F534;
0000498D : FCAE;
0000498E : 087C;
0000498F : 1441;
00004990 : 1B6C;
00004991 : 1BA5;
00004992 : 14A3;
00004993 : 0947;
00004994 : FD5D;
00004995 : F454;
00004996 : EFEF;
00004997 : F029;
00004998 : F457;
00004999 : FB2D;
0000499A : 0301;
0000499B : 0B11;
0000499C : 1106;
0000499D : 12D8;
0000499E : 0F45;
0000499F : 0675;
000049A0 : FB1A;
000049A1 : F06B;
000049A2 : E93F;
000049A3 : E6FE;
000049A4 : E8B9;
000049A5 : ED74;
000049A6 : F3E2;
000049A7 : FB0C;
000049A8 : 01B1;
000049A9 : 06AE;
000049AA : 0921;
000049AB : 0851;
000049AC : 0531;
000049AD : 01DD;
000049AE : 0043;
000049AF : 015A;
000049B0 : 042A;
000049B1 : 070B;
000049B2 : 084E;
000049B3 : 083B;
000049B4 : 07B5;
000049B5 : 0807;
000049B6 : 09B5;
000049B7 : 0BD3;
000049B8 : 0DF1;
000049B9 : 0DDF;
000049BA : 0B92;
000049BB : 078F;
000049BC : 0273;
000049BD : FDAA;
000049BE : F98D;
000049BF : F676;
000049C0 : F43C;
000049C1 : F19F;
000049C2 : EF1A;
000049C3 : EC86;
000049C4 : E9DF;
000049C5 : E88E;
000049C6 : E9D4;
000049C7 : EDC2;
000049C8 : F446;
000049C9 : FC36;
000049CA : 0438;
000049CB : 0C57;
000049CC : 1395;
000049CD : 195B;
000049CE : 1D43;
000049CF : 1E7A;
000049D0 : 1D28;
000049D1 : 196D;
000049D2 : 13DF;
000049D3 : 0D5B;
000049D4 : 0662;
000049D5 : FFDF;
000049D6 : FA5F;
000049D7 : F61D;
000049D8 : F3FE;
000049D9 : F3AF;
000049DA : F40F;
000049DB : F3C8;
000049DC : F18F;
000049DD : EE1C;
000049DE : EA56;
000049DF : E815;
000049E0 : E88F;
000049E1 : EBBA;
000049E2 : F135;
000049E3 : F7AF;
000049E4 : FE0C;
000049E5 : 040D;
000049E6 : 0918;
000049E7 : 0CC7;
000049E8 : 0E90;
000049E9 : 0E70;
000049EA : 0C8D;
000049EB : 0A57;
000049EC : 0995;
000049ED : 0B44;
000049EE : 0F95;
000049EF : 1543;
000049F0 : 1A9B;
000049F1 : 1D07;
000049F2 : 1AD5;
000049F3 : 1330;
000049F4 : 079B;
000049F5 : FAD5;
000049F6 : EF1F;
000049F7 : E6CF;
000049F8 : E269;
000049F9 : E190;
000049FA : E313;
000049FB : E63B;
000049FC : EB03;
000049FD : F1AB;
000049FE : F989;
000049FF : 01D0;
00004A00 : 07F9;
00004A01 : 09BA;
00004A02 : 0682;
00004A03 : 000A;
00004A04 : F927;
00004A05 : F53D;
00004A06 : F5FE;
00004A07 : FAA4;
00004A08 : 006E;
00004A09 : 04F8;
00004A0A : 07DC;
00004A0B : 09DA;
00004A0C : 0BD3;
00004A0D : 0DBC;
00004A0E : 0E26;
00004A0F : 0C5A;
00004A10 : 095B;
00004A11 : 0768;
00004A12 : 08B3;
00004A13 : 0CB8;
00004A14 : 10CD;
00004A15 : 103F;
00004A16 : 08CC;
00004A17 : FC09;
00004A18 : EF04;
00004A19 : E741;
00004A1A : E7A3;
00004A1B : EE26;
00004A1C : F630;
00004A1D : FC41;
00004A1E : FF6B;
00004A1F : 00D7;
00004A20 : 0306;
00004A21 : 0610;
00004A22 : 0845;
00004A23 : 06D4;
00004A24 : 001A;
00004A25 : F601;
00004A26 : EC8C;
00004A27 : E7B6;
00004A28 : E946;
00004A29 : F020;
00004A2A : F954;
00004A2B : 01DB;
00004A2C : 0863;
00004A2D : 0DC1;
00004A2E : 12DF;
00004A2F : 1792;
00004A30 : 1AE5;
00004A31 : 1B29;
00004A32 : 1847;
00004A33 : 1377;
00004A34 : 0EB1;
00004A35 : 0B00;
00004A36 : 0892;
00004A37 : 05D0;
00004A38 : 0123;
00004A39 : FA70;
00004A3A : F340;
00004A3B : ED93;
00004A3C : EB9D;
00004A3D : ED55;
00004A3E : F0F0;
00004A3F : F3C1;
00004A40 : F41E;
00004A41 : F27D;
00004A42 : F0BF;
00004A43 : F20B;
00004A44 : F727;
00004A45 : FFE8;
00004A46 : 0A0F;
00004A47 : 1253;
00004A48 : 1663;
00004A49 : 14C5;
00004A4A : 0DF0;
00004A4B : 0440;
00004A4C : FB38;
00004A4D : F6C5;
00004A4E : F8F0;
00004A4F : 00CD;
00004A50 : 0A51;
00004A51 : 110C;
00004A52 : 11AB;
00004A53 : 0BAA;
00004A54 : 019E;
00004A55 : F757;
00004A56 : F055;
00004A57 : ECAA;
00004A58 : EBA7;
00004A59 : EB7A;
00004A5A : EBC7;
00004A5B : EC38;
00004A5C : ED22;
00004A5D : EF95;
00004A5E : F380;
00004A5F : F83F;
00004A60 : FD12;
00004A61 : 0181;
00004A62 : 04F8;
00004A63 : 07E5;
00004A64 : 0A21;
00004A65 : 0BC5;
00004A66 : 0DC3;
00004A67 : 1095;
00004A68 : 146C;
00004A69 : 1896;
00004A6A : 1BA0;
00004A6B : 1BE6;
00004A6C : 1866;
00004A6D : 1144;
00004A6E : 0895;
00004A6F : 007E;
00004A70 : FB27;
00004A71 : F8FE;
00004A72 : F831;
00004A73 : F768;
00004A74 : F50D;
00004A75 : F108;
00004A76 : ECDF;
00004A77 : EA9B;
00004A78 : EB6B;
00004A79 : EF71;
00004A7A : F593;
00004A7B : FBCE;
00004A7C : 005F;
00004A7D : 0267;
00004A7E : 02E9;
00004A7F : 02DD;
00004A80 : 03A5;
00004A81 : 05C7;
00004A82 : 0889;
00004A83 : 0AB0;
00004A84 : 0B24;
00004A85 : 0937;
00004A86 : 0534;
00004A87 : 00A0;
00004A88 : FCD3;
00004A89 : FB1A;
00004A8A : FBCA;
00004A8B : FDD2;
00004A8C : FFE3;
00004A8D : 00ED;
00004A8E : FFF7;
00004A8F : FDA4;
00004A90 : FA88;
00004A91 : F7F0;
00004A92 : F6CC;
00004A93 : F73A;
00004A94 : F8A4;
00004A95 : FAFD;
00004A96 : FDD2;
00004A97 : 0072;
00004A98 : 024D;
00004A99 : 0325;
00004A9A : 02AF;
00004A9B : 014C;
00004A9C : FF8C;
00004A9D : FE15;
00004A9E : FDC4;
00004A9F : FF59;
00004AA0 : 029B;
00004AA1 : 0798;
00004AA2 : 0D98;
00004AA3 : 137E;
00004AA4 : 1891;
00004AA5 : 1BB9;
00004AA6 : 1C1C;
00004AA7 : 1925;
00004AA8 : 126C;
00004AA9 : 093B;
00004AAA : FEB5;
00004AAB : F4A9;
00004AAC : EC5E;
00004AAD : E6E2;
00004AAE : E47C;
00004AAF : E504;
00004AB0 : E7D5;
00004AB1 : EC14;
00004AB2 : F16D;
00004AB3 : F6EA;
00004AB4 : FADC;
00004AB5 : FD2A;
00004AB6 : FD25;
00004AB7 : FA83;
00004AB8 : F5F6;
00004AB9 : F120;
00004ABA : EE52;
00004ABB : EF71;
00004ABC : F524;
00004ABD : FF10;
00004ABE : 0B88;
00004ABF : 1774;
00004AC0 : 202F;
00004AC1 : 237C;
00004AC2 : 20CA;
00004AC3 : 1864;
00004AC4 : 0D57;
00004AC5 : 02FD;
00004AC6 : FC6F;
00004AC7 : FAE2;
00004AC8 : FD16;
00004AC9 : 0063;
00004ACA : 025F;
00004ACB : 02AF;
00004ACC : 01D4;
00004ACD : 00E7;
00004ACE : 0113;
00004ACF : 029D;
00004AD0 : 04D0;
00004AD1 : 0669;
00004AD2 : 066C;
00004AD3 : 03E9;
00004AD4 : FE9A;
00004AD5 : F791;
00004AD6 : F06A;
00004AD7 : EBC4;
00004AD8 : EB07;
00004AD9 : EE53;
00004ADA : F485;
00004ADB : FB98;
00004ADC : 016A;
00004ADD : 0529;
00004ADE : 0711;
00004ADF : 0831;
00004AE0 : 0A9E;
00004AE1 : 0E09;
00004AE2 : 115C;
00004AE3 : 1296;
00004AE4 : 0FA1;
00004AE5 : 0867;
00004AE6 : FDCD;
00004AE7 : F30D;
00004AE8 : EB51;
00004AE9 : E823;
00004AEA : E9EC;
00004AEB : EECD;
00004AEC : F4DB;
00004AED : FA9E;
00004AEE : FE47;
00004AEF : 0089;
00004AF0 : 020B;
00004AF1 : 038F;
00004AF2 : 0575;
00004AF3 : 0742;
00004AF4 : 08F5;
00004AF5 : 0A8F;
00004AF6 : 0BEC;
00004AF7 : 0DA6;
00004AF8 : 0F12;
00004AF9 : 0F30;
00004AFA : 0C98;
00004AFB : 06E1;
00004AFC : FF31;
00004AFD : F747;
00004AFE : F185;
00004AFF : EF98;
00004B00 : F233;
00004B01 : F7E0;
00004B02 : FEE4;
00004B03 : 05D3;
00004B04 : 0B99;
00004B05 : 100D;
00004B06 : 1232;
00004B07 : 1142;
00004B08 : 0C43;
00004B09 : 036A;
00004B0A : F825;
00004B0B : ED3C;
00004B0C : E570;
00004B0D : E269;
00004B0E : E49F;
00004B0F : EA1C;
00004B10 : F0A4;
00004B11 : F6B0;
00004B12 : FB40;
00004B13 : FEEE;
00004B14 : 0248;
00004B15 : 058F;
00004B16 : 08E8;
00004B17 : 0BCA;
00004B18 : 0DD5;
00004B19 : 0F32;
00004B1A : 1025;
00004B1B : 1043;
00004B1C : 0FBD;
00004B1D : 0E59;
00004B1E : 0C02;
00004B1F : 099F;
00004B20 : 0754;
00004B21 : 0575;
00004B22 : 0415;
00004B23 : 02E6;
00004B24 : 0208;
00004B25 : 0093;
00004B26 : FE9F;
00004B27 : FCB8;
00004B28 : FA6A;
00004B29 : F7DA;
00004B2A : F46D;
00004B2B : F0EF;
00004B2C : ED2C;
00004B2D : EA13;
00004B2E : E810;
00004B2F : E86C;
00004B30 : EB90;
00004B31 : F16F;
00004B32 : F895;
00004B33 : FFC5;
00004B34 : 05BD;
00004B35 : 09C8;
00004B36 : 0BFF;
00004B37 : 0CFA;
00004B38 : 0D77;
00004B39 : 0E64;
00004B3A : 0FAB;
00004B3B : 10FF;
00004B3C : 11A5;
00004B3D : 1045;
00004B3E : 0C9C;
00004B3F : 06F4;
00004B40 : 00C6;
00004B41 : FC7E;
00004B42 : FB4F;
00004B43 : FDF2;
00004B44 : 02E5;
00004B45 : 0848;
00004B46 : 0B49;
00004B47 : 09C6;
00004B48 : 0410;
00004B49 : FAB2;
00004B4A : F069;
00004B4B : E758;
00004B4C : E14F;
00004B4D : DF8D;
00004B4E : E1DE;
00004B4F : E735;
00004B50 : EE93;
00004B51 : F5FC;
00004B52 : FCBE;
00004B53 : 029A;
00004B54 : 07E2;
00004B55 : 0C69;
00004B56 : 103B;
00004B57 : 1336;
00004B58 : 151F;
00004B59 : 15DA;
00004B5A : 14A5;
00004B5B : 111B;
00004B5C : 0B87;
00004B5D : 0436;
00004B5E : FCF3;
00004B5F : F79A;
00004B60 : F500;
00004B61 : F4C7;
00004B62 : F618;
00004B63 : F828;
00004B64 : FAD0;
00004B65 : FE14;
00004B66 : 01C9;
00004B67 : 0615;
00004B68 : 0A52;
00004B69 : 0D8B;
00004B6A : 0EC7;
00004B6B : 0D25;
00004B6C : 08DC;
00004B6D : 0268;
00004B6E : FAD8;
00004B6F : F3E8;
00004B70 : EEDD;
00004B71 : ED45;
00004B72 : EE8B;
00004B73 : F20E;
00004B74 : F657;
00004B75 : F9F1;
00004B76 : FCDE;
00004B77 : FF4D;
00004B78 : 01CB;
00004B79 : 0445;
00004B7A : 05F8;
00004B7B : 067D;
00004B7C : 04C1;
00004B7D : 0169;
00004B7E : FD04;
00004B7F : F933;
00004B80 : F780;
00004B81 : F851;
00004B82 : FBAD;
00004B83 : 0068;
00004B84 : 053C;
00004B85 : 09E1;
00004B86 : 0E34;
00004B87 : 1237;
00004B88 : 1578;
00004B89 : 1691;
00004B8A : 14DF;
00004B8B : 0FDF;
00004B8C : 0908;
00004B8D : 022A;
00004B8E : FCCD;
00004B8F : F92B;
00004B90 : F5D5;
00004B91 : F1E9;
00004B92 : ED36;
00004B93 : E96A;
00004B94 : E934;
00004B95 : ED6D;
00004B96 : F579;
00004B97 : FE6C;
00004B98 : 04F5;
00004B99 : 0724;
00004B9A : 06A0;
00004B9B : 05A0;
00004B9C : 05C7;
00004B9D : 06CD;
00004B9E : 06BC;
00004B9F : 049E;
00004BA0 : 0064;
00004BA1 : FC73;
00004BA2 : FBBA;
00004BA3 : FF7F;
00004BA4 : 064D;
00004BA5 : 0CB4;
00004BA6 : 0F08;
00004BA7 : 0C2F;
00004BA8 : 055A;
00004BA9 : FD50;
00004BAA : F66E;
00004BAB : F150;
00004BAC : ED66;
00004BAD : EA73;
00004BAE : E91F;
00004BAF : EB4A;
00004BB0 : F1D8;
00004BB1 : FBF9;
00004BB2 : 071C;
00004BB3 : 10A5;
00004BB4 : 16F0;
00004BB5 : 1A9A;
00004BB6 : 1B74;
00004BB7 : 18B4;
00004BB8 : 118B;
00004BB9 : 059E;
00004BBA : F6E6;
00004BBB : E997;
00004BBC : E170;
00004BBD : E135;
00004BBE : E7E7;
00004BBF : F28B;
00004BC0 : FDFF;
00004BC1 : 07B1;
00004BC2 : 0FA4;
00004BC3 : 15E9;
00004BC4 : 1AB5;
00004BC5 : 1D30;
00004BC6 : 1AEE;
00004BC7 : 138E;
00004BC8 : 08A2;
00004BC9 : FDA5;
00004BCA : F505;
00004BCB : F03A;
00004BCC : EE8F;
00004BCD : EDCD;
00004BCE : ECE5;
00004BCF : EBC7;
00004BD0 : EB27;
00004BD1 : EB93;
00004BD2 : ECDA;
00004BD3 : EEE7;
00004BD4 : F0D8;
00004BD5 : F35B;
00004BD6 : F6CA;
00004BD7 : FB11;
00004BD8 : 0019;
00004BD9 : 0532;
00004BDA : 090F;
00004BDB : 0AC9;
00004BDC : 0A6F;
00004BDD : 08D5;
00004BDE : 07CD;
00004BDF : 08A2;
00004BE0 : 0CE2;
00004BE1 : 13D9;
00004BE2 : 1BC7;
00004BE3 : 225C;
00004BE4 : 254A;
00004BE5 : 235F;
00004BE6 : 1D91;
00004BE7 : 1635;
00004BE8 : 0FD5;
00004BE9 : 0AE9;
00004BEA : 060F;
00004BEB : FF49;
00004BEC : F5CD;
00004BED : EB1D;
00004BEE : E204;
00004BEF : DD32;
00004BF0 : DE1C;
00004BF1 : E318;
00004BF2 : E9A3;
00004BF3 : EEE3;
00004BF4 : F0CB;
00004BF5 : EFC7;
00004BF6 : ED3E;
00004BF7 : EB19;
00004BF8 : EA14;
00004BF9 : EA6B;
00004BFA : EBAA;
00004BFB : EE2E;
00004BFC : F311;
00004BFD : FB13;
00004BFE : 058C;
00004BFF : 108E;
00004C00 : 191A;
00004C01 : 1CF1;
00004C02 : 1B72;
00004C03 : 1633;
00004C04 : 0F78;
00004C05 : 0928;
00004C06 : 0435;
00004C07 : 0075;
00004C08 : FDA1;
00004C09 : FBA9;
00004C0A : FB80;
00004C0B : FDA6;
00004C0C : 0243;
00004C0D : 07B6;
00004C0E : 0C84;
00004C0F : 0FF3;
00004C10 : 11DC;
00004C11 : 1319;
00004C12 : 1460;
00004C13 : 158E;
00004C14 : 1579;
00004C15 : 1376;
00004C16 : 0F58;
00004C17 : 099C;
00004C18 : 0301;
00004C19 : FC35;
00004C1A : F565;
00004C1B : EE53;
00004C1C : E749;
00004C1D : E0EE;
00004C1E : DBC8;
00004C1F : D864;
00004C20 : D731;
00004C21 : D87B;
00004C22 : DC44;
00004C23 : E1DA;
00004C24 : E883;
00004C25 : F009;
00004C26 : F815;
00004C27 : 005B;
00004C28 : 08F3;
00004C29 : 10D9;
00004C2A : 17B3;
00004C2B : 1D9F;
00004C2C : 2244;
00004C2D : 25FF;
00004C2E : 282C;
00004C2F : 2875;
00004C30 : 2718;
00004C31 : 23D3;
00004C32 : 1EFD;
00004C33 : 18CE;
00004C34 : 1131;
00004C35 : 077D;
00004C36 : FC02;
00004C37 : EFD4;
00004C38 : E53D;
00004C39 : DE07;
00004C3A : DB0D;
00004C3B : DB5A;
00004C3C : DD81;
00004C3D : DFEC;
00004C3E : E2F9;
00004C3F : E683;
00004C40 : EB34;
00004C41 : F0B6;
00004C42 : F6AB;
00004C43 : FCBF;
00004C44 : 033D;
00004C45 : 0993;
00004C46 : 0FD6;
00004C47 : 1548;
00004C48 : 1969;
00004C49 : 1BA1;
00004C4A : 1BB7;
00004C4B : 19CD;
00004C4C : 1629;
00004C4D : 10D8;
00004C4E : 0A42;
00004C4F : 03BF;
00004C50 : FE3D;
00004C51 : F9BB;
00004C52 : F6C9;
00004C53 : F4DC;
00004C54 : F30A;
00004C55 : F0DE;
00004C56 : EE9D;
00004C57 : ECEF;
00004C58 : ECAC;
00004C59 : EEFC;
00004C5A : F370;
00004C5B : F89B;
00004C5C : FC75;
00004C5D : FD90;
00004C5E : FC0F;
00004C5F : F9B8;
00004C60 : F8F0;
00004C61 : FAF0;
00004C62 : FFEB;
00004C63 : 0641;
00004C64 : 0C25;
00004C65 : 0FAE;
00004C66 : 10C4;
00004C67 : 101F;
00004C68 : 0E11;
00004C69 : 0C2F;
00004C6A : 0A7C;
00004C6B : 093B;
00004C6C : 0897;
00004C6D : 07FC;
00004C6E : 0700;
00004C6F : 0532;
00004C70 : 0297;
00004C71 : FF65;
00004C72 : FCB3;
00004C73 : FB4E;
00004C74 : FB1C;
00004C75 : FB5C;
00004C76 : FB0C;
00004C77 : F968;
00004C78 : F6A6;
00004C79 : F44A;
00004C7A : F3B3;
00004C7B : F5A4;
00004C7C : F9CD;
00004C7D : FF55;
00004C7E : 046C;
00004C7F : 0788;
00004C80 : 085E;
00004C81 : 072A;
00004C82 : 04A9;
00004C83 : 0118;
00004C84 : FD28;
00004C85 : F8EA;
00004C86 : F549;
00004C87 : F2DC;
00004C88 : F2C3;
00004C89 : F5EB;
00004C8A : FC4A;
00004C8B : 045B;
00004C8C : 0B37;
00004C8D : 0E53;
00004C8E : 0C4E;
00004C8F : 0673;
00004C90 : FF6A;
00004C91 : F9EE;
00004C92 : F7CA;
00004C93 : F9C8;
00004C94 : FE51;
00004C95 : 0397;
00004C96 : 07D6;
00004C97 : 0A73;
00004C98 : 0BC8;
00004C99 : 0C23;
00004C9A : 0B8B;
00004C9B : 0ABF;
00004C9C : 09C2;
00004C9D : 08C1;
00004C9E : 0746;
00004C9F : 04E9;
00004CA0 : 0100;
00004CA1 : FBE3;
00004CA2 : F68D;
00004CA3 : F2A1;
00004CA4 : F1A6;
00004CA5 : F3B3;
00004CA6 : F70D;
00004CA7 : F9AD;
00004CA8 : F9C7;
00004CA9 : F7A7;
00004CAA : F5FC;
00004CAB : F704;
00004CAC : FBF1;
00004CAD : 0421;
00004CAE : 0C56;
00004CAF : 11B8;
00004CB0 : 122C;
00004CB1 : 0DB4;
00004CB2 : 069A;
00004CB3 : FF78;
00004CB4 : FAEB;
00004CB5 : F947;
00004CB6 : F99B;
00004CB7 : F9F7;
00004CB8 : F903;
00004CB9 : F6F2;
00004CBA : F4B9;
00004CBB : F3EF;
00004CBC : F54A;
00004CBD : F865;
00004CBE : FC58;
00004CBF : 0063;
00004CC0 : 03EE;
00004CC1 : 06FA;
00004CC2 : 09FF;
00004CC3 : 0CDB;
00004CC4 : 0F64;
00004CC5 : 109C;
00004CC6 : 10BC;
00004CC7 : 0F4E;
00004CC8 : 0CB4;
00004CC9 : 08E3;
00004CCA : 048D;
00004CCB : 0139;
00004CCC : FF04;
00004CCD : FEE0;
00004CCE : 0086;
00004CCF : 0261;
00004CD0 : 02A5;
00004CD1 : 000A;
00004CD2 : FB17;
00004CD3 : F5CA;
00004CD4 : F1F4;
00004CD5 : F0E0;
00004CD6 : F261;
00004CD7 : F4E6;
00004CD8 : F75E;
00004CD9 : F89C;
00004CDA : F8C0;
00004CDB : F83B;
00004CDC : F7EF;
00004CDD : F8D5;
00004CDE : FA92;
00004CDF : FCBA;
00004CE0 : FEEA;
00004CE1 : 009B;
00004CE2 : 01C3;
00004CE3 : 02BC;
00004CE4 : 0443;
00004CE5 : 0761;
00004CE6 : 0C34;
00004CE7 : 1218;
00004CE8 : 179B;
00004CE9 : 1A65;
00004CEA : 1950;
00004CEB : 140B;
00004CEC : 0B96;
00004CED : 02B0;
00004CEE : FBC3;
00004CEF : F776;
00004CF0 : F543;
00004CF1 : F44F;
00004CF2 : F3AC;
00004CF3 : F31E;
00004CF4 : F2FE;
00004CF5 : F395;
00004CF6 : F4B7;
00004CF7 : F5F8;
00004CF8 : F683;
00004CF9 : F6E1;
00004CFA : F69F;
00004CFB : F65B;
00004CFC : F6B0;
00004CFD : F740;
00004CFE : F88B;
00004CFF : FAAE;
00004D00 : FD91;
00004D01 : 01B9;
00004D02 : 06C0;
00004D03 : 0BB3;
00004D04 : 0FC8;
00004D05 : 1235;
00004D06 : 1337;
00004D07 : 12E2;
00004D08 : 11B8;
00004D09 : 101C;
00004D0A : 0DCA;
00004D0B : 0A52;
00004D0C : 062D;
00004D0D : 01D2;
00004D0E : FD95;
00004D0F : FA28;
00004D10 : F797;
00004D11 : F55E;
00004D12 : F300;
00004D13 : F07E;
00004D14 : EE2A;
00004D15 : ECC4;
00004D16 : EC32;
00004D17 : ECDE;
00004D18 : EEC1;
00004D19 : F1E3;
00004D1A : F66E;
00004D1B : FC04;
00004D1C : 0231;
00004D1D : 07C3;
00004D1E : 0C1A;
00004D1F : 0E4C;
00004D20 : 0E9E;
00004D21 : 0E3C;
00004D22 : 0E07;
00004D23 : 0E5F;
00004D24 : 0EFF;
00004D25 : 0EA3;
00004D26 : 0D6E;
00004D27 : 0B28;
00004D28 : 08B4;
00004D29 : 06A5;
00004D2A : 0518;
00004D2B : 0397;
00004D2C : 0122;
00004D2D : FDB0;
00004D2E : FA4C;
00004D2F : F7BD;
00004D30 : F692;
00004D31 : F651;
00004D32 : F66B;
00004D33 : F654;
00004D34 : F64D;
00004D35 : F6DB;
00004D36 : F867;
00004D37 : FAF7;
00004D38 : FE07;
00004D39 : 0056;
00004D3A : 01A3;
00004D3B : 0212;
00004D3C : 020F;
00004D3D : 01D5;
00004D3E : 0200;
00004D3F : 01E5;
00004D40 : 01CE;
00004D41 : 0128;
00004D42 : FFBE;
00004D43 : FDDB;
00004D44 : FBDE;
00004D45 : FA92;
00004D46 : FA82;
00004D47 : FC25;
00004D48 : FF87;
00004D49 : 03C5;
00004D4A : 078C;
00004D4B : 0A3F;
00004D4C : 0AEE;
00004D4D : 095F;
00004D4E : 0657;
00004D4F : 0234;
00004D50 : FDD6;
00004D51 : FA17;
00004D52 : F82A;
00004D53 : F869;
00004D54 : FAEF;
00004D55 : FEEC;
00004D56 : 033E;
00004D57 : 066D;
00004D58 : 0737;
00004D59 : 052D;
00004D5A : 010D;
00004D5B : FC1F;
00004D5C : F7ED;
00004D5D : F592;
00004D5E : F520;
00004D5F : F688;
00004D60 : F94F;
00004D61 : FD2B;
00004D62 : 025B;
00004D63 : 0837;
00004D64 : 0D67;
00004D65 : 0FFF;
00004D66 : 0F14;
00004D67 : 0AC6;
00004D68 : 0425;
00004D69 : FDE2;
00004D6A : F9E1;
00004D6B : F82B;
00004D6C : F758;
00004D6D : F666;
00004D6E : F48B;
00004D6F : F2B1;
00004D70 : F240;
00004D71 : F45A;
00004D72 : F86D;
00004D73 : FE1B;
00004D74 : 036F;
00004D75 : 07C7;
00004D76 : 0BE9;
00004D77 : 0FD2;
00004D78 : 133A;
00004D79 : 1481;
00004D7A : 1317;
00004D7B : 0ECD;
00004D7C : 089B;
00004D7D : 0246;
00004D7E : FD5B;
00004D7F : F96A;
00004D80 : F585;
00004D81 : F0B8;
00004D82 : EC13;
00004D83 : E952;
00004D84 : EA08;
00004D85 : EEE4;
00004D86 : F659;
00004D87 : FDF6;
00004D88 : 034E;
00004D89 : 053F;
00004D8A : 0404;
00004D8B : 001B;
00004D8C : FB89;
00004D8D : F7EC;
00004D8E : F6E7;
00004D8F : F8E9;
00004D90 : FE7A;
00004D91 : 070B;
00004D92 : 1140;
00004D93 : 1B4C;
00004D94 : 2355;
00004D95 : 27CE;
00004D96 : 27F5;
00004D97 : 230A;
00004D98 : 19A1;
00004D99 : 0D53;
00004D9A : FFC2;
00004D9B : F245;
00004D9C : E626;
00004D9D : DCD8;
00004D9E : D81A;
00004D9F : D877;
00004DA0 : DC8D;
00004DA1 : E302;
00004DA2 : E90A;
00004DA3 : EE23;
00004DA4 : F239;
00004DA5 : F643;
00004DA6 : FB4E;
00004DA7 : 00DE;
00004DA8 : 05C1;
00004DA9 : 0924;
00004DAA : 0B84;
00004DAB : 0DB6;
00004DAC : 110B;
00004DAD : 15D1;
00004DAE : 1A99;
00004DAF : 1D48;
00004DB0 : 1D42;
00004DB1 : 19E6;
00004DB2 : 13B8;
00004DB3 : 0C37;
00004DB4 : 04C7;
00004DB5 : FD44;
00004DB6 : F664;
00004DB7 : F0E2;
00004DB8 : EDC7;
00004DB9 : EDDF;
00004DBA : F0E9;
00004DBB : F512;
00004DBC : F87B;
00004DBD : FA13;
00004DBE : F91A;
00004DBF : F685;
00004DC0 : F32D;
00004DC1 : EFE4;
00004DC2 : EC9A;
00004DC3 : EA02;
00004DC4 : E8D5;
00004DC5 : EB38;
00004DC6 : F211;
00004DC7 : FC9E;
00004DC8 : 0919;
00004DC9 : 1519;
00004DCA : 1F00;
00004DCB : 2525;
00004DCC : 2704;
00004DCD : 24A0;
00004DCE : 1E69;
00004DCF : 1556;
00004DD0 : 0B56;
00004DD1 : 0209;
00004DD2 : FA98;
00004DD3 : F59C;
00004DD4 : F319;
00004DD5 : F2A3;
00004DD6 : F405;
00004DD7 : F6A1;
00004DD8 : F92F;
00004DD9 : FA91;
00004DDA : FA1D;
00004DDB : F829;
00004DDC : F619;
00004DDD : F53C;
00004DDE : F656;
00004DDF : F8BE;
00004DE0 : FBA8;
00004DE1 : FE30;
00004DE2 : 001D;
00004DE3 : 0194;
00004DE4 : 02F8;
00004DE5 : 0445;
00004DE6 : 05BC;
00004DE7 : 0741;
00004DE8 : 0895;
00004DE9 : 098A;
00004DEA : 091D;
00004DEB : 0717;
00004DEC : 0320;
00004DED : FE4B;
00004DEE : FA62;
00004DEF : F888;
00004DF0 : F9B1;
00004DF1 : FCD6;
00004DF2 : 00DC;
00004DF3 : 04B7;
00004DF4 : 06E5;
00004DF5 : 06BE;
00004DF6 : 042D;
00004DF7 : FF75;
00004DF8 : F99C;
00004DF9 : F443;
00004DFA : F10A;
00004DFB : F114;
00004DFC : F40E;
00004DFD : F89D;
00004DFE : FD8D;
00004DFF : 01F0;
00004E00 : 052C;
00004E01 : 07A4;
00004E02 : 09FE;
00004E03 : 0BE2;
00004E04 : 0D23;
00004E05 : 0D5E;
00004E06 : 0C3F;
00004E07 : 09C1;
00004E08 : 05F7;
00004E09 : 00EE;
00004E0A : FB91;
00004E0B : F65A;
00004E0C : F2B5;
00004E0D : F1B5;
00004E0E : F35D;
00004E0F : F6F4;
00004E10 : FB48;
00004E11 : FF35;
00004E12 : 0237;
00004E13 : 0476;
00004E14 : 06A8;
00004E15 : 08EC;
00004E16 : 0B48;
00004E17 : 0CED;
00004E18 : 0CF9;
00004E19 : 0AD9;
00004E1A : 0724;
00004E1B : 01AC;
00004E1C : FAD0;
00004E1D : F3F6;
00004E1E : EE39;
00004E1F : EAF4;
00004E20 : EA36;
00004E21 : EC85;
00004E22 : F070;
00004E23 : F555;
00004E24 : F9B2;
00004E25 : FD47;
00004E26 : 0011;
00004E27 : 0249;
00004E28 : 0470;
00004E29 : 0673;
00004E2A : 07B8;
00004E2B : 084C;
00004E2C : 0884;
00004E2D : 0853;
00004E2E : 0811;
00004E2F : 087D;
00004E30 : 0968;
00004E31 : 0B25;
00004E32 : 0D10;
00004E33 : 0EDC;
00004E34 : 0FE3;
00004E35 : 0EFB;
00004E36 : 0C00;
00004E37 : 0770;
00004E38 : 01DC;
00004E39 : FC11;
00004E3A : F5E1;
00004E3B : F060;
00004E3C : EAFC;
00004E3D : E60A;
00004E3E : E290;
00004E3F : E05F;
00004E40 : E083;
00004E41 : E397;
00004E42 : E995;
00004E43 : F159;
00004E44 : F9D1;
00004E45 : 0293;
00004E46 : 0A7C;
00004E47 : 110E;
00004E48 : 15EC;
00004E49 : 18E3;
00004E4A : 19E5;
00004E4B : 19D6;
00004E4C : 1957;
00004E4D : 18B8;
00004E4E : 182A;
00004E4F : 16F2;
00004E50 : 1436;
00004E51 : 0FAE;
00004E52 : 0964;
00004E53 : 01FE;
00004E54 : FA74;
00004E55 : F3DA;
00004E56 : EECE;
00004E57 : EC16;
00004E58 : EB04;
00004E59 : EAF5;
00004E5A : EB1D;
00004E5B : EA81;
00004E5C : E8ED;
00004E5D : E705;
00004E5E : E613;
00004E5F : E70F;
00004E60 : EAAC;
00004E61 : F0A7;
00004E62 : F853;
00004E63 : 00BD;
00004E64 : 09C7;
00004E65 : 1286;
00004E66 : 1A3A;
00004E67 : 2064;
00004E68 : 240D;
00004E69 : 24EA;
00004E6A : 22D0;
00004E6B : 1DC1;
00004E6C : 1585;
00004E6D : 0B44;
00004E6E : 004A;
00004E6F : F666;
00004E70 : EF41;
00004E71 : EB38;
00004E72 : EA56;
00004E73 : EC1C;
00004E74 : EFD9;
00004E75 : F467;
00004E76 : F91F;
00004E77 : FDF2;
00004E78 : 0277;
00004E79 : 0642;
00004E7A : 08EA;
00004E7B : 094C;
00004E7C : 071E;
00004E7D : 027F;
00004E7E : FCC8;
00004E7F : F732;
00004E80 : F386;
00004E81 : F28B;
00004E82 : F447;
00004E83 : F76C;
00004E84 : FB49;
00004E85 : FF69;
00004E86 : 0300;
00004E87 : 059B;
00004E88 : 05E7;
00004E89 : 03EF;
00004E8A : 0057;
00004E8B : FC5B;
00004E8C : F9A3;
00004E8D : F9E6;
00004E8E : FCD3;
00004E8F : 0270;
00004E90 : 0982;
00004E91 : 1093;
00004E92 : 1644;
00004E93 : 19B8;
00004E94 : 1A17;
00004E95 : 16BF;
00004E96 : 1013;
00004E97 : 0756;
00004E98 : FE08;
00004E99 : F587;
00004E9A : EE1E;
00004E9B : E7E1;
00004E9C : E2DE;
00004E9D : DFD1;
00004E9E : DFFE;
00004E9F : E2CF;
00004EA0 : E820;
00004EA1 : EE8D;
00004EA2 : F542;
00004EA3 : FD04;
00004EA4 : 06B7;
00004EA5 : 1284;
00004EA6 : 1F7D;
00004EA7 : 2925;
00004EA8 : 2BCA;
00004EA9 : 24C1;
00004EAA : 15AE;
00004EAB : 03D0;
00004EAC : F762;
00004EAD : F641;
00004EAE : 001A;
00004EAF : 0D61;
00004EB0 : 14D2;
00004EB1 : 0F8C;
00004EB2 : FCCC;
00004EB3 : E424;
00004EB4 : D0B4;
00004EB5 : CB90;
00004EB6 : D69D;
00004EB7 : EC1F;
00004EB8 : 00A3;
00004EB9 : 0A8F;
00004EBA : 071C;
00004EBB : FBA5;
00004EBC : F2A3;
00004EBD : F3C9;
00004EBE : 0011;
00004EBF : 1286;
00004EC0 : 2289;
00004EC1 : 2A1B;
00004EC2 : 27A5;
00004EC3 : 1D34;
00004EC4 : 0E4D;
00004EC5 : FF38;
00004EC6 : F443;
00004EC7 : EF66;
00004EC8 : F07C;
00004EC9 : F60E;
00004ECA : FDE8;
00004ECB : 0412;
00004ECC : 05B7;
00004ECD : 01CB;
00004ECE : FA21;
00004ECF : F3C3;
00004ED0 : F297;
00004ED1 : F7DE;
00004ED2 : 009A;
00004ED3 : 06F2;
00004ED4 : 05F3;
00004ED5 : FCF6;
00004ED6 : F0EC;
00004ED7 : E960;
00004ED8 : EC20;
00004ED9 : F91D;
00004EDA : 0B80;
00004EDB : 1A2D;
00004EDC : 1F04;
00004EDD : 180A;
00004EDE : 08FE;
00004EDF : F8EE;
00004EE0 : EF14;
00004EE1 : EE90;
00004EE2 : F521;
00004EE3 : FCF1;
00004EE4 : FFDD;
00004EE5 : FBE1;
00004EE6 : F360;
00004EE7 : ECA8;
00004EE8 : ED4F;
00004EE9 : F6BE;
00004EEA : 0636;
00004EEB : 150C;
00004EEC : 1D5C;
00004EED : 1CB8;
00004EEE : 1565;
00004EEF : 0C1D;
00004EF0 : 06B4;
00004EF1 : 07D8;
00004EF2 : 0E70;
00004EF3 : 1512;
00004EF4 : 15E1;
00004EF5 : 0D1C;
00004EF6 : FB90;
00004EF7 : E5ED;
00004EF8 : D333;
00004EF9 : C8AE;
00004EFA : C923;
00004EFB : D302;
00004EFC : E257;
00004EFD : F1C9;
00004EFE : FC85;
00004EFF : 01EB;
00004F00 : 04D2;
00004F01 : 08A0;
00004F02 : 0F14;
00004F03 : 179A;
00004F04 : 205E;
00004F05 : 273A;
00004F06 : 29B2;
00004F07 : 261A;
00004F08 : 1B6D;
00004F09 : 0ACE;
00004F0A : F790;
00004F0B : E65F;
00004F0C : DAF6;
00004F0D : D710;
00004F0E : DB37;
00004F0F : E5A4;
00004F10 : F231;
00004F11 : FCD6;
00004F12 : 0268;
00004F13 : 0304;
00004F14 : 0281;
00004F15 : 0546;
00004F16 : 0E09;
00004F17 : 1BC7;
00004F18 : 29D0;
00004F19 : 3215;
00004F1A : 2FC7;
00004F1B : 21C3;
00004F1C : 0C8E;
00004F1D : F830;
00004F1E : EAF7;
00004F1F : E6B4;
00004F20 : E82B;
00004F21 : EAEA;
00004F22 : EBEB;
00004F23 : EA68;
00004F24 : E7BA;
00004F25 : E643;
00004F26 : E822;
00004F27 : EDAF;
00004F28 : F619;
00004F29 : FF75;
00004F2A : 086F;
00004F2B : 0F72;
00004F2C : 136D;
00004F2D : 1486;
00004F2E : 11A1;
00004F2F : 0ADD;
00004F30 : 0264;
00004F31 : FAC5;
00004F32 : F652;
00004F33 : F580;
00004F34 : F71C;
00004F35 : F93C;
00004F36 : FB40;
00004F37 : FD72;
00004F38 : 00E8;
00004F39 : 05F5;
00004F3A : 0B53;
00004F3B : 0E00;
00004F3C : 0C6B;
00004F3D : 078D;
00004F3E : 023B;
00004F3F : FF57;
00004F40 : FFF2;
00004F41 : 01F1;
00004F42 : 01F4;
00004F43 : FD66;
00004F44 : F531;
00004F45 : EBFB;
00004F46 : E6E9;
00004F47 : E848;
00004F48 : EEFF;
00004F49 : F853;
00004F4A : 0087;
00004F4B : 0645;
00004F4C : 09AB;
00004F4D : 0BA2;
00004F4E : 0C95;
00004F4F : 0C6D;
00004F50 : 0B61;
00004F51 : 0A71;
00004F52 : 0B6E;
00004F53 : 0F4D;
00004F54 : 1556;
00004F55 : 1A9F;
00004F56 : 1C04;
00004F57 : 16EA;
00004F58 : 0C3E;
00004F59 : FF37;
00004F5A : F390;
00004F5B : EAD7;
00004F5C : E573;
00004F5D : E33A;
00004F5E : E2A7;
00004F5F : E3DF;
00004F60 : E7EF;
00004F61 : EEEB;
00004F62 : F874;
00004F63 : 037A;
00004F64 : 0D0B;
00004F65 : 12F7;
00004F66 : 14C8;
00004F67 : 1253;
00004F68 : 0C53;
00004F69 : 03D3;
00004F6A : FA29;
00004F6B : F139;
00004F6C : EA92;
00004F6D : E7DA;
00004F6E : E9D8;
00004F6F : F057;
00004F70 : F99E;
00004F71 : 036D;
00004F72 : 0AD5;
00004F73 : 0EEB;
00004F74 : 0F80;
00004F75 : 0D13;
00004F76 : 08B9;
00004F77 : 039B;
00004F78 : FEDB;
00004F79 : FB94;
00004F7A : FA9E;
00004F7B : FBEB;
00004F7C : FF25;
00004F7D : 0358;
00004F7E : 0756;
00004F7F : 0A8B;
00004F80 : 0CB1;
00004F81 : 0E6F;
00004F82 : 0FC0;
00004F83 : 1083;
00004F84 : 0FC0;
00004F85 : 0BFE;
00004F86 : 0539;
00004F87 : FBE0;
00004F88 : F241;
00004F89 : EA93;
00004F8A : E6E5;
00004F8B : E7F6;
00004F8C : ED1A;
00004F8D : F53C;
00004F8E : FE16;
00004F8F : 051E;
00004F90 : 07C2;
00004F91 : 0508;
00004F92 : FE2D;
00004F93 : F627;
00004F94 : F1B0;
00004F95 : F47D;
00004F96 : FED5;
00004F97 : 0C8C;
00004F98 : 16E3;
00004F99 : 1726;
00004F9A : 0BBB;
00004F9B : F94A;
00004F9C : E9B0;
00004F9D : E69B;
00004F9E : F3EB;
00004F9F : 0C00;
00004FA0 : 23EC;
00004FA1 : 3085;
00004FA2 : 2C3F;
00004FA3 : 1914;
00004FA4 : FE51;
00004FA5 : E5A0;
00004FA6 : D598;
00004FA7 : CF60;
00004FA8 : D16C;
00004FA9 : DAB2;
00004FAA : E9CC;
00004FAB : FBF5;
00004FAC : 0C79;
00004FAD : 1799;
00004FAE : 1C9D;
00004FAF : 1EB6;
00004FB0 : 218F;
00004FB1 : 2657;
00004FB2 : 2A13;
00004FB3 : 260C;
00004FB4 : 14E5;
00004FB5 : F64B;
00004FB6 : D183;
00004FB7 : B1DE;
00004FB8 : A1B1;
00004FB9 : A5C1;
00004FBA : BE15;
00004FBB : E105;
00004FBC : 0258;
00004FBD : 1BE2;
00004FBE : 2FA4;
00004FBF : 3FC8;
00004FC0 : 4A1D;
00004FC1 : 4985;
00004FC2 : 3A20;
00004FC3 : 1D66;
00004FC4 : FC62;
00004FC5 : E1EB;
00004FC6 : D2F8;
00004FC7 : CCC9;
00004FC8 : CBA5;
00004FC9 : CF0A;
00004FCA : D8F1;
00004FCB : EAA6;
00004FCC : 0014;
00004FCD : 1276;
00004FCE : 1D39;
00004FCF : 2054;
00004FD0 : 1E66;
00004FD1 : 1AFB;
00004FD2 : 1888;
00004FD3 : 1790;
00004FD4 : 175B;
00004FD5 : 170C;
00004FD6 : 166B;
00004FD7 : 1630;
00004FD8 : 166A;
00004FD9 : 16D9;
00004FDA : 15D5;
00004FDB : 11C3;
00004FDC : 09D9;
00004FDD : FE4F;
00004FDE : F068;
00004FDF : E1ED;
00004FE0 : D4C8;
00004FE1 : CAD7;
00004FE2 : C599;
00004FE3 : C5D2;
00004FE4 : CBDF;
00004FE5 : D6F9;
00004FE6 : E54A;
00004FE7 : F317;
00004FE8 : FD9C;
00004FE9 : 047A;
00004FEA : 0838;
00004FEB : 0971;
00004FEC : 086F;
00004FED : 05C8;
00004FEE : 0244;
00004FEF : FFE0;
00004FF0 : FF83;
00004FF1 : 00F1;
00004FF2 : 03F3;
00004FF3 : 07C0;
00004FF4 : 0C5B;
00004FF5 : 112F;
00004FF6 : 1687;
00004FF7 : 1B35;
00004FF8 : 1DEF;
00004FF9 : 1D9A;
00004FFA : 1A20;
00004FFB : 1412;
00004FFC : 0D55;
00004FFD : 0727;
00004FFE : 0229;
00004FFF : FE4B;
00005000 : FB25;
00005001 : F85D;
00005002 : F654;
00005003 : F563;
00005004 : F5D3;
00005005 : F79F;
00005006 : F9F6;
00005007 : FBCE;
00005008 : FC37;
00005009 : FB02;
0000500A : F85E;
0000500B : F530;
0000500C : F2F6;
0000500D : F2AC;
0000500E : F4CD;
0000500F : F8A8;
00005010 : FD55;
00005011 : 0211;
00005012 : 06D1;
00005013 : 0B86;
00005014 : 1043;
00005015 : 14A7;
00005016 : 1697;
00005017 : 14E4;
00005018 : 0F2F;
00005019 : 05F8;
0000501A : FB4E;
0000501B : F0E7;
0000501C : E821;
0000501D : E14B;
0000501E : DC73;
0000501F : DA36;
00005020 : DB11;
00005021 : DFC5;
00005022 : E8DB;
00005023 : F582;
00005024 : 03F2;
00005025 : 1282;
00005026 : 1EA0;
00005027 : 2650;
00005028 : 2849;
00005029 : 2462;
0000502A : 1B7F;
0000502B : 0F8C;
0000502C : 0250;
0000502D : F586;
0000502E : EA2B;
0000502F : E12E;
00005030 : DB82;
00005031 : DA88;
00005032 : DF1E;
00005033 : E883;
00005034 : F563;
00005035 : 03AD;
00005036 : 126B;
00005037 : 2100;
00005038 : 2E72;
00005039 : 387E;
0000503A : 3D01;
0000503B : 39FE;
0000503C : 2F26;
0000503D : 1EF9;
0000503E : 0DCB;
0000503F : FD85;
00005040 : EE26;
00005041 : DF69;
00005042 : D273;
00005043 : C9E2;
00005044 : C693;
00005045 : C7DB;
00005046 : CB0D;
00005047 : CE8B;
00005048 : D29F;
00005049 : D911;
0000504A : E3A2;
0000504B : F2F1;
0000504C : 056D;
0000504D : 1810;
0000504E : 2735;
0000504F : 30D5;
00005050 : 3529;
00005051 : 35A9;
00005052 : 3368;
00005053 : 2F62;
00005054 : 29C8;
00005055 : 224A;
00005056 : 18A2;
00005057 : 0DB7;
00005058 : 01EC;
00005059 : F637;
0000505A : EC11;
0000505B : E4F2;
0000505C : E199;
0000505D : E192;
0000505E : E414;
0000505F : E881;
00005060 : EE9E;
00005061 : F66E;
00005062 : FEE9;
00005063 : 064E;
00005064 : 0B52;
00005065 : 0DB0;
00005066 : 0EB7;
00005067 : 0F83;
00005068 : 103E;
00005069 : 10FB;
0000506A : 0F6B;
0000506B : 097A;
0000506C : FFF1;
0000506D : F536;
0000506E : EAA4;
0000506F : E255;
00005070 : DC53;
00005071 : D7F0;
00005072 : D532;
00005073 : D560;
00005074 : D894;
00005075 : DEE8;
00005076 : E72F;
00005077 : EF7D;
00005078 : F6F7;
00005079 : FDE3;
0000507A : 04AF;
0000507B : 0B46;
0000507C : 10EF;
0000507D : 15D6;
0000507E : 1939;
0000507F : 1BFC;
00005080 : 1E3D;
00005081 : 20AF;
00005082 : 237A;
00005083 : 25A6;
00005084 : 2613;
00005085 : 239D;
00005086 : 1E77;
00005087 : 173D;
00005088 : 0E0E;
00005089 : 023A;
0000508A : F5A0;
0000508B : E9A2;
0000508C : E0C3;
0000508D : DCC6;
0000508E : DD34;
0000508F : DFDB;
00005090 : E209;
00005091 : E3EC;
00005092 : E6E0;
00005093 : ECEB;
00005094 : F723;
00005095 : 0355;
00005096 : 0E15;
00005097 : 1439;
00005098 : 14B1;
00005099 : 1087;
0000509A : 0A67;
0000509B : 0451;
0000509C : FFB7;
0000509D : FC94;
0000509E : FA6A;
0000509F : F97D;
000050A0 : F9DE;
000050A1 : FB10;
000050A2 : FCB3;
000050A3 : FE63;
000050A4 : 000A;
000050A5 : 0106;
000050A6 : 02A8;
000050A7 : 0472;
000050A8 : 0618;
000050A9 : 07F1;
000050AA : 08A9;
000050AB : 075C;
000050AC : 04F0;
000050AD : 0278;
000050AE : 0103;
000050AF : 00C3;
000050B0 : 0110;
000050B1 : 0078;
000050B2 : FDF7;
000050B3 : F873;
000050B4 : F289;
000050B5 : EE03;
000050B6 : EAEF;
000050B7 : EBA8;
000050B8 : EF34;
000050B9 : F3A0;
000050BA : F7FF;
000050BB : FA75;
000050BC : FB7D;
000050BD : FC70;
000050BE : FDBC;
000050BF : 005F;
000050C0 : 0463;
000050C1 : 08D0;
000050C2 : 0C6F;
000050C3 : 0F44;
000050C4 : 0FCB;
000050C5 : 0E8C;
000050C6 : 0C1A;
000050C7 : 0988;
000050C8 : 0861;
000050C9 : 077C;
000050CA : 0766;
000050CB : 0710;
000050CC : 05E3;
000050CD : 03BA;
000050CE : 018B;
000050CF : 0049;
000050D0 : 001B;
000050D1 : 00C5;
000050D2 : 01A0;
000050D3 : 0259;
000050D4 : 0353;
000050D5 : 04D5;
000050D6 : 0691;
000050D7 : 0762;
000050D8 : 064E;
000050D9 : 0260;
000050DA : FCAF;
000050DB : F736;
000050DC : F41E;
000050DD : F418;
000050DE : F5B3;
000050DF : F6DC;
000050E0 : F60B;
000050E1 : F2D2;
000050E2 : EF1A;
000050E3 : ED1D;
000050E4 : EE08;
000050E5 : F1AD;
000050E6 : F6BA;
000050E7 : FB52;
000050E8 : FF51;
000050E9 : 0403;
000050EA : 09C5;
000050EB : 0FB1;
000050EC : 145E;
000050ED : 168D;
000050EE : 15BC;
000050EF : 12E7;
000050F0 : 0F7C;
000050F1 : 0B34;
000050F2 : 05CC;
000050F3 : FDF4;
000050F4 : F371;
000050F5 : E82A;
000050F6 : DE88;
000050F7 : D9A4;
000050F8 : DAA5;
000050F9 : E158;
000050FA : EB20;
000050FB : F5FC;
000050FC : 0190;
000050FD : 0D84;
000050FE : 1A8A;
000050FF : 2768;
00005100 : 324D;
00005101 : 39A3;
00005102 : 3B10;
00005103 : 35CC;
00005104 : 2A28;
00005105 : 1B50;
00005106 : 0994;
00005107 : F628;
00005108 : E2AF;
00005109 : D0BD;
0000510A : C412;
0000510B : BDDB;
0000510C : BD5F;
0000510D : C076;
0000510E : C59B;
0000510F : CC87;
00005110 : D4AF;
00005111 : DE03;
00005112 : E8C4;
00005113 : F5C1;
00005114 : 0393;
00005115 : 10A7;
00005116 : 1B29;
00005117 : 2337;
00005118 : 2941;
00005119 : 2DC4;
0000511A : 3059;
0000511B : 3094;
0000511C : 2EA5;
0000511D : 2AB3;
0000511E : 248D;
0000511F : 1D00;
00005120 : 1431;
00005121 : 0AF9;
00005122 : 0183;
00005123 : F794;
00005124 : EE79;
00005125 : E807;
00005126 : E595;
00005127 : E76F;
00005128 : EB9D;
00005129 : F0D6;
0000512A : F602;
0000512B : F9FF;
0000512C : FE15;
0000512D : 01F9;
0000512E : 05A9;
0000512F : 076E;
00005130 : 05DC;
00005131 : 012B;
00005132 : FA00;
00005133 : F354;
00005134 : EF3E;
00005135 : EDEF;
00005136 : EE38;
00005137 : EDD8;
00005138 : EBA0;
00005139 : E85E;
0000513A : E647;
0000513B : E76B;
0000513C : ECD3;
0000513D : F52A;
0000513E : FE85;
0000513F : 0728;
00005140 : 0E52;
00005141 : 13CC;
00005142 : 179C;
00005143 : 19CA;
00005144 : 1B05;
00005145 : 1BC0;
00005146 : 1C28;
00005147 : 1C26;
00005148 : 1BB1;
00005149 : 19A7;
0000514A : 155B;
0000514B : 0EFC;
0000514C : 07D6;
0000514D : 0122;
0000514E : FBC1;
0000514F : F845;
00005150 : F666;
00005151 : F5E0;
00005152 : F62D;
00005153 : F702;
00005154 : F771;
00005155 : F72B;
00005156 : F63D;
00005157 : F5A9;
00005158 : F6E5;
00005159 : FB40;
0000515A : 0238;
0000515B : 09BE;
0000515C : 0FB9;
0000515D : 1289;
0000515E : 11AA;
0000515F : 0DE9;
00005160 : 08D9;
00005161 : 0415;
00005162 : FFF9;
00005163 : FC0F;
00005164 : F78B;
00005165 : F218;
00005166 : EB3D;
00005167 : E3D4;
00005168 : DDA7;
00005169 : DA4A;
0000516A : DAE0;
0000516B : DF53;
0000516C : E699;
0000516D : EE9D;
0000516E : F5D1;
0000516F : FC06;
00005170 : 01BF;
00005171 : 06CB;
00005172 : 0A90;
00005173 : 0D06;
00005174 : 0E39;
00005175 : 0F23;
00005176 : 114A;
00005177 : 155D;
00005178 : 1A8D;
00005179 : 1F04;
0000517A : 2126;
0000517B : 20EB;
0000517C : 1EE9;
0000517D : 1BB2;
0000517E : 1856;
0000517F : 1462;
00005180 : 0EAF;
00005181 : 0623;
00005182 : FB9C;
00005183 : F0E8;
00005184 : E820;
00005185 : E36D;
00005186 : E1D8;
00005187 : E2A8;
00005188 : E474;
00005189 : E666;
0000518A : E8F6;
0000518B : EC80;
0000518C : F0A6;
0000518D : F566;
0000518E : FA31;
0000518F : FE87;
00005190 : 0271;
00005191 : 0678;
00005192 : 0A09;
00005193 : 0C23;
00005194 : 0BF5;
00005195 : 0A11;
00005196 : 073A;
00005197 : 04F1;
00005198 : 0456;
00005199 : 04E0;
0000519A : 0532;
0000519B : 041D;
0000519C : 018F;
0000519D : FE51;
0000519E : FBE0;
0000519F : FB41;
000051A0 : FD23;
000051A1 : 0100;
000051A2 : 063A;
000051A3 : 0BF6;
000051A4 : 109E;
000051A5 : 1208;
000051A6 : 0ECF;
000051A7 : 0750;
000051A8 : FE76;
000051A9 : F821;
000051AA : F689;
000051AB : F8A4;
000051AC : FAE1;
000051AD : FA06;
000051AE : F558;
000051AF : EF45;
000051B0 : ECA5;
000051B1 : F0F5;
000051B2 : FB9F;
000051B3 : 0848;
000051B4 : 11A1;
000051B5 : 14EA;
000051B6 : 122D;
000051B7 : 0BB7;
000051B8 : 0486;
000051B9 : FE61;
000051BA : F9D6;
000051BB : F6A2;
000051BC : F49D;
000051BD : F423;
000051BE : F535;
000051BF : F724;
000051C0 : F9C7;
000051C1 : FC75;
000051C2 : FFA8;
000051C3 : 03F5;
000051C4 : 098F;
000051C5 : 0EA1;
000051C6 : 10D7;
000051C7 : 0DC9;
000051C8 : 0567;
000051C9 : FB53;
000051CA : F2A7;
000051CB : EE8F;
000051CC : EF64;
000051CD : F370;
000051CE : F84A;
000051CF : FB93;
000051D0 : FCEE;
000051D1 : FD71;
000051D2 : FE16;
000051D3 : 0010;
000051D4 : 03FC;
000051D5 : 0968;
000051D6 : 0F59;
000051D7 : 1473;
000051D8 : 1708;
000051D9 : 1556;
000051DA : 0F8C;
000051DB : 06A2;
000051DC : FDEC;
000051DD : F832;
000051DE : F659;
000051DF : F6C4;
000051E0 : F654;
000051E1 : F2F2;
000051E2 : EC4C;
000051E3 : E49E;
000051E4 : DFA8;
000051E5 : E03B;
000051E6 : E6D2;
000051E7 : F1B3;
000051E8 : FD88;
000051E9 : 06E2;
000051EA : 0E26;
000051EB : 1354;
000051EC : 1705;
000051ED : 1945;
000051EE : 19BC;
000051EF : 1830;
000051F0 : 1517;
000051F1 : 103A;
000051F2 : 0A26;
000051F3 : 02BD;
000051F4 : FA71;
000051F5 : F1B2;
000051F6 : E9E6;
000051F7 : E43E;
000051F8 : E22D;
000051F9 : E4EF;
000051FA : EC03;
000051FB : F631;
000051FC : 012B;
000051FD : 0B04;
000051FE : 1335;
000051FF : 194C;
00005200 : 1CFA;
00005201 : 1DB8;
00005202 : 1BAD;
00005203 : 1734;
00005204 : 10EA;
00005205 : 09FC;
00005206 : 034A;
00005207 : FCA7;
00005208 : F50A;
00005209 : ECAA;
0000520A : E51A;
0000520B : E005;
0000520C : DEE7;
0000520D : E1B5;
0000520E : E7E1;
0000520F : EF16;
00005210 : F5BC;
00005211 : FB60;
00005212 : 001F;
00005213 : 04D7;
00005214 : 09F2;
00005215 : 0E82;
00005216 : 1225;
00005217 : 1498;
00005218 : 15B1;
00005219 : 1542;
0000521A : 1285;
0000521B : 0D43;
0000521C : 063A;
0000521D : FFA0;
0000521E : FB43;
0000521F : FA84;
00005220 : FD23;
00005221 : 0155;
00005222 : 04F1;
00005223 : 05CD;
00005224 : 03DD;
00005225 : 0127;
00005226 : FF5A;
00005227 : FF5E;
00005228 : 008C;
00005229 : 00D8;
0000522A : FE82;
0000522B : F925;
0000522C : F29F;
0000522D : ED56;
0000522E : EC0B;
0000522F : EF4C;
00005230 : F5F8;
00005231 : FDF4;
00005232 : 055C;
00005233 : 0B2A;
00005234 : 0F21;
00005235 : 1223;
00005236 : 142B;
00005237 : 14CE;
00005238 : 1353;
00005239 : 0FEE;
0000523A : 0AC9;
0000523B : 05DB;
0000523C : 025A;
0000523D : FF6E;
0000523E : FC9F;
0000523F : F87E;
00005240 : F2F9;
00005241 : ED7E;
00005242 : E9A2;
00005243 : E8EF;
00005244 : EB96;
00005245 : F05F;
00005246 : F4F8;
00005247 : F7DA;
00005248 : F8F6;
00005249 : F89B;
0000524A : F9C5;
0000524B : FCAF;
0000524C : 00FD;
0000524D : 0555;
0000524E : 07B4;
0000524F : 0734;
00005250 : 043C;
00005251 : FFCF;
00005252 : FB53;
00005253 : F876;
00005254 : F89B;
00005255 : FCAA;
00005256 : 0415;
00005257 : 0D88;
00005258 : 162B;
00005259 : 1B0C;
0000525A : 1A73;
0000525B : 1476;
0000525C : 0B24;
0000525D : 01F2;
0000525E : FB89;
0000525F : F8C5;
00005260 : F73F;
00005261 : F59F;
00005262 : F265;
00005263 : EF71;
00005264 : EEF4;
00005265 : F31D;
00005266 : FB7A;
00005267 : 068D;
00005268 : 104B;
00005269 : 157B;
0000526A : 1497;
0000526B : 0CF5;
0000526C : 00EE;
0000526D : F3E0;
0000526E : E92E;
0000526F : E3E2;
00005270 : E470;
00005271 : E9F1;
00005272 : F1FC;
00005273 : FA55;
00005274 : 00E6;
00005275 : 05E3;
00005276 : 0A7D;
00005277 : 0EDE;
00005278 : 134E;
00005279 : 1761;
0000527A : 198F;
0000527B : 1819;
0000527C : 116D;
0000527D : 0693;
0000527E : F9CB;
0000527F : EEAA;
00005280 : E968;
00005281 : EB1E;
00005282 : F2A9;
00005283 : FD1D;
00005284 : 060C;
00005285 : 0B26;
00005286 : 0C08;
00005287 : 0B1A;
00005288 : 0A72;
00005289 : 0B22;
0000528A : 0C81;
0000528B : 0C35;
0000528C : 0890;
0000528D : 014F;
0000528E : F70F;
0000528F : EC1A;
00005290 : E2B9;
00005291 : DCB8;
00005292 : DA70;
00005293 : DC6B;
00005294 : E166;
00005295 : E6F2;
00005296 : EB7F;
00005297 : EEC3;
00005298 : F249;
00005299 : F8A3;
0000529A : 035B;
0000529B : 11CC;
0000529C : 21B4;
0000529D : 2F80;
0000529E : 3817;
0000529F : 3A40;
000052A0 : 3643;
000052A1 : 2D99;
000052A2 : 2302;
000052A3 : 185C;
000052A4 : 0F29;
000052A5 : 060B;
000052A6 : FB7A;
000052A7 : F062;
000052A8 : E7CD;
000052A9 : E506;
000052AA : E865;
000052AB : EFE9;
000052AC : F7AF;
000052AD : FD4B;
000052AE : 00D4;
000052AF : 04BE;
000052B0 : 0972;
000052B1 : 0D59;
000052B2 : 0D77;
000052B3 : 07B8;
000052B4 : FD1F;
000052B5 : F0F2;
000052B6 : E6C2;
000052B7 : E02E;
000052B8 : DC86;
000052B9 : DA6C;
000052BA : D95A;
000052BB : DA07;
000052BC : DDC4;
000052BD : E448;
000052BE : EC18;
000052BF : F3F0;
000052C0 : FB9A;
000052C1 : 039D;
000052C2 : 0C34;
000052C3 : 14B0;
000052C4 : 1B45;
000052C5 : 1EA7;
000052C6 : 1DB3;
000052C7 : 19BA;
000052C8 : 14DA;
000052C9 : 1177;
000052CA : 0FE0;
000052CB : 0EF5;
000052CC : 0D8C;
000052CD : 09E8;
000052CE : 04D4;
000052CF : 00F5;
000052D0 : 008C;
000052D1 : 040A;
000052D2 : 09B0;
000052D3 : 0EB7;
000052D4 : 111C;
000052D5 : 100B;
000052D6 : 0CDE;
000052D7 : 0946;
000052D8 : 05C1;
000052D9 : 01FC;
000052DA : FCEE;
000052DB : F6C6;
000052DC : F085;
000052DD : EB1A;
000052DE : E70C;
000052DF : E419;
000052E0 : E234;
000052E1 : E1CC;
000052E2 : E4EC;
000052E3 : ED2D;
000052E4 : F9E2;
000052E5 : 0870;
000052E6 : 14E7;
000052E7 : 1D45;
000052E8 : 2171;
000052E9 : 21FC;
000052EA : 2057;
000052EB : 1CDD;
000052EC : 176D;
000052ED : 0FDD;
000052EE : 0626;
000052EF : FB29;
000052F0 : EFC0;
000052F1 : E5DB;
000052F2 : DEA0;
000052F3 : DA3C;
000052F4 : D8D6;
000052F5 : D9F2;
000052F6 : DD6D;
000052F7 : E309;
000052F8 : EA07;
000052F9 : F1D5;
000052FA : F9EB;
000052FB : 01F3;
000052FC : 0A7F;
000052FD : 132F;
000052FE : 1AD1;
000052FF : 2037;
00005300 : 227F;
00005301 : 20F8;
00005302 : 1C40;
00005303 : 157E;
00005304 : 0E11;
00005305 : 0729;
00005306 : 0111;
00005307 : FB03;
00005308 : F4D5;
00005309 : EEED;
0000530A : EAB8;
0000530B : EA80;
0000530C : EF1F;
0000530D : F791;
0000530E : 009F;
0000530F : 07BB;
00005310 : 0B0A;
00005311 : 0B05;
00005312 : 08DD;
00005313 : 05CD;
00005314 : 0242;
00005315 : FDF5;
00005316 : F8C9;
00005317 : F3BA;
00005318 : F029;
00005319 : EFB7;
0000531A : F340;
0000531B : F9FC;
0000531C : 026C;
0000531D : 0B2F;
0000531E : 131B;
0000531F : 1966;
00005320 : 1D0A;
00005321 : 1CF6;
00005322 : 181A;
00005323 : 0E30;
00005324 : 00FF;
00005325 : F2B6;
00005326 : E65A;
00005327 : DD8D;
00005328 : D915;
00005329 : D968;
0000532A : DE1E;
0000532B : E6B7;
0000532C : F1F9;
0000532D : FEE7;
0000532E : 0C32;
0000532F : 18B4;
00005330 : 23A5;
00005331 : 2B44;
00005332 : 2E38;
00005333 : 2B9B;
00005334 : 2467;
00005335 : 19B0;
00005336 : 0DFF;
00005337 : 03C4;
00005338 : FA5C;
00005339 : F12E;
0000533A : E7C7;
0000533B : DEF6;
0000533C : D857;
0000533D : D5D0;
0000533E : D7E9;
0000533F : DDDF;
00005340 : E714;
00005341 : F17D;
00005342 : FB02;
00005343 : 0321;
00005344 : 09BF;
00005345 : 0F63;
00005346 : 1438;
00005347 : 17B9;
00005348 : 1986;
00005349 : 18CB;
0000534A : 1538;
0000534B : 0ED0;
0000534C : 0660;
0000534D : FDFC;
0000534E : F777;
0000534F : F464;
00005350 : F49A;
00005351 : F75A;
00005352 : FAFC;
00005353 : FF10;
00005354 : 030C;
00005355 : 0757;
00005356 : 0C3E;
00005357 : 116C;
00005358 : 152D;
00005359 : 162B;
0000535A : 1328;
0000535B : 0D1C;
0000535C : 05C5;
0000535D : FF88;
0000535E : FAC9;
0000535F : F72A;
00005360 : F3C8;
00005361 : EFFE;
00005362 : EBFD;
00005363 : E851;
00005364 : E5C0;
00005365 : E3F1;
00005366 : E2CF;
00005367 : E251;
00005368 : E3CA;
00005369 : E80A;
0000536A : EFAD;
0000536B : F9B2;
0000536C : 04E3;
0000536D : 0F5E;
0000536E : 1791;
0000536F : 1D0C;
00005370 : 1FBD;
00005371 : 1F8A;
00005372 : 1CC4;
00005373 : 17C8;
00005374 : 1194;
00005375 : 0A38;
00005376 : 024F;
00005377 : FB50;
00005378 : F591;
00005379 : F177;
0000537A : EF6B;
0000537B : EFD6;
0000537C : F2E3;
0000537D : F7C4;
0000537E : FD7E;
0000537F : 024A;
00005380 : 0583;
00005381 : 074F;
00005382 : 0843;
00005383 : 0937;
00005384 : 09CE;
00005385 : 09E5;
00005386 : 088A;
00005387 : 063B;
00005388 : 0350;
00005389 : 00B2;
0000538A : FF29;
0000538B : FE72;
0000538C : FD13;
0000538D : FA5A;
0000538E : F70E;
0000538F : F410;
00005390 : F4D5;
00005391 : FA7C;
00005392 : 0493;
00005393 : 10EA;
00005394 : 1BBE;
00005395 : 208D;
00005396 : 1C67;
00005397 : 0F32;
00005398 : FC41;
00005399 : E97B;
0000539A : DD6F;
0000539B : DC97;
0000539C : E6E0;
0000539D : F846;
0000539E : 09AA;
0000539F : 13A7;
000053A0 : 127B;
000053A1 : 0824;
000053A2 : FB3C;
000053A3 : F26F;
000053A4 : F0EA;
000053A5 : F4CC;
000053A6 : F8CD;
000053A7 : F822;
000053A8 : F25B;
000053A9 : EAC8;
000053AA : E77D;
000053AB : ED76;
000053AC : FDB9;
000053AD : 14D0;
000053AE : 2CD4;
000053AF : 3FF1;
000053B0 : 48A7;
000053B1 : 4160;
000053B2 : 2909;
000053B3 : 050D;
000053B4 : DF88;
000053B5 : C24D;
000053B6 : B3CA;
000053B7 : B5B3;
000053B8 : C50C;
000053B9 : DB11;
000053BA : EF52;
000053BB : FAAD;
000053BC : FD0B;
000053BD : FD2C;
000053BE : 02D1;
000053BF : 1069;
000053C0 : 218E;
000053C1 : 2F52;
000053C2 : 349A;
000053C3 : 3074;
000053C4 : 256D;
000053C5 : 172C;
000053C6 : 0A0C;
000053C7 : 0055;
000053C8 : FA4C;
000053C9 : F5D1;
000053CA : F13D;
000053CB : EC80;
000053CC : E753;
000053CD : E217;
000053CE : DDD5;
000053CF : DB51;
000053D0 : DBDC;
000053D1 : E164;
000053D2 : EBBD;
000053D3 : F80C;
000053D4 : 036F;
000053D5 : 0BC1;
000053D6 : 112C;
000053D7 : 1497;
000053D8 : 16FF;
000053D9 : 18AD;
000053DA : 187F;
000053DB : 1535;
000053DC : 0E14;
000053DD : 0412;
000053DE : FA31;
000053DF : F3DA;
000053E0 : F2C5;
000053E1 : F640;
000053E2 : FC23;
000053E3 : 0129;
000053E4 : 03BA;
000053E5 : 03E5;
000053E6 : 036A;
000053E7 : 0457;
000053E8 : 074E;
000053E9 : 0C22;
000053EA : 1145;
000053EB : 151E;
000053EC : 1689;
000053ED : 13D6;
000053EE : 0D62;
000053EF : 03F3;
000053F0 : F982;
000053F1 : F127;
000053F2 : ED7C;
000053F3 : EE79;
000053F4 : F298;
000053F5 : F67C;
000053F6 : F74D;
000053F7 : F45C;
000053F8 : EFB2;
000053F9 : EC71;
000053FA : ED80;
000053FB : F331;
000053FC : FB7E;
000053FD : 0344;
000053FE : 081D;
000053FF : 08D8;
00005400 : 06FE;
00005401 : 039E;
00005402 : FF8E;
00005403 : FBC1;
00005404 : F885;
00005405 : F6A7;
00005406 : F67C;
00005407 : F827;
00005408 : FB4D;
00005409 : FEE0;
0000540A : 0239;
0000540B : 04F9;
0000540C : 077E;
0000540D : 0A65;
0000540E : 0DCA;
0000540F : 10C3;
00005410 : 12F8;
00005411 : 13BF;
00005412 : 1293;
00005413 : 0FA7;
00005414 : 0B5C;
00005415 : 05D3;
00005416 : FEF7;
00005417 : F79E;
00005418 : F081;
00005419 : EB92;
0000541A : EA37;
0000541B : EC64;
0000541C : F0E3;
0000541D : F566;
0000541E : F88B;
0000541F : FA36;
00005420 : FC3D;
00005421 : 0085;
00005422 : 080F;
00005423 : 10EE;
00005424 : 1865;
00005425 : 1B54;
00005426 : 1854;
00005427 : 107D;
00005428 : 06F1;
00005429 : FF3C;
0000542A : FB61;
0000542B : FBA3;
0000542C : FD8C;
0000542D : FEE8;
0000542E : FE29;
0000542F : FAEF;
00005430 : F5DB;
00005431 : F043;
00005432 : EBA8;
00005433 : EA48;
00005434 : EEEE;
00005435 : FBB1;
00005436 : 0EAB;
00005437 : 22B3;
00005438 : 3005;
00005439 : 2F84;
0000543A : 1D1A;
0000543B : FCF0;
0000543C : DA0B;
0000543D : C213;
0000543E : BBF9;
0000543F : C6C0;
00005440 : DB93;
00005441 : EFD6;
00005442 : FC73;
00005443 : 0125;
00005444 : 0510;
00005445 : 0E1B;
00005446 : 1D74;
00005447 : 2DD6;
00005448 : 3784;
00005449 : 36FF;
0000544A : 2BEA;
0000544B : 1AD0;
0000544C : 0AA4;
0000544D : FF24;
0000544E : F7D9;
0000544F : F082;
00005450 : E5EF;
00005451 : D905;
00005452 : CD77;
00005453 : C85E;
00005454 : CC01;
00005455 : D784;
00005456 : E821;
00005457 : FAD2;
00005458 : 0D68;
00005459 : 203D;
0000545A : 31F0;
0000545B : 4005;
0000545C : 4764;
0000545D : 46F4;
0000545E : 3EDB;
0000545F : 32C1;
00005460 : 267B;
00005461 : 1A21;
00005462 : 09B9;
00005463 : F23F;
00005464 : D7D1;
00005465 : BFB0;
00005466 : B032;
00005467 : AAB0;
00005468 : AD55;
00005469 : B479;
0000546A : BEEC;
0000546B : CC47;
0000546C : DBDE;
0000546D : EB1C;
0000546E : F9F4;
0000546F : 0983;
00005470 : 19A8;
00005471 : 277A;
00005472 : 3016;
00005473 : 3291;
00005474 : 2F73;
00005475 : 286C;
00005476 : 1F21;
00005477 : 1610;
00005478 : 0D5E;
00005479 : 0549;
0000547A : FE51;
0000547B : F902;
0000547C : F603;
0000547D : F553;
0000547E : F6A5;
0000547F : F950;
00005480 : FC9E;
00005481 : 0046;
00005482 : 04B2;
00005483 : 0A27;
00005484 : 100B;
00005485 : 14BE;
00005486 : 1698;
00005487 : 14B0;
00005488 : 0F53;
00005489 : 08F4;
0000548A : 02FF;
0000548B : FDBF;
0000548C : F8B5;
0000548D : F2B4;
0000548E : EBEC;
0000548F : E48B;
00005490 : DF45;
00005491 : DCA6;
00005492 : DD4C;
00005493 : E045;
00005494 : E474;
00005495 : E927;
00005496 : EE14;
00005497 : F3F2;
00005498 : FAB9;
00005499 : 01ED;
0000549A : 08AF;
0000549B : 0DA4;
0000549C : 10CA;
0000549D : 138A;
0000549E : 171A;
0000549F : 1B33;
000054A0 : 1E48;
000054A1 : 1E7D;
000054A2 : 1A7D;
000054A3 : 12AC;
000054A4 : 098D;
000054A5 : 0257;
000054A6 : FE4D;
000054A7 : FBD1;
000054A8 : F8BA;
000054A9 : F380;
000054AA : ED33;
000054AB : E8AF;
000054AC : E87E;
000054AD : ECD5;
000054AE : F44E;
000054AF : FC86;
000054B0 : 02FA;
000054B1 : 07BA;
000054B2 : 0BC9;
000054B3 : 0FE4;
000054B4 : 13BC;
000054B5 : 1532;
000054B6 : 1322;
000054B7 : 0EBA;
000054B8 : 09CA;
000054B9 : 0655;
000054BA : 04C7;
000054BB : 0405;
000054BC : 026C;
000054BD : FF9F;
000054BE : FC18;
000054BF : F90B;
000054C0 : F771;
000054C1 : F7C6;
000054C2 : F804;
000054C3 : F73A;
000054C4 : F566;
000054C5 : F395;
000054C6 : F3A6;
000054C7 : F5D1;
000054C8 : F95F;
000054C9 : FCBE;
000054CA : FE9B;
000054CB : FEC1;
000054CC : FED2;
000054CD : FFAD;
000054CE : 01E5;
000054CF : 04AD;
000054D0 : 064B;
000054D1 : 05BA;
000054D2 : 031C;
000054D3 : FFCE;
000054D4 : FCFA;
000054D5 : FB5D;
000054D6 : FA95;
000054D7 : FA27;
000054D8 : F9ED;
000054D9 : FA72;
000054DA : FC77;
000054DB : FFD6;
000054DC : 0369;
000054DD : 05D5;
000054DE : 06D2;
000054DF : 0729;
000054E0 : 0865;
000054E1 : 0B7A;
000054E2 : 0F7D;
000054E3 : 1277;
000054E4 : 129E;
000054E5 : 0FCF;
000054E6 : 0BA3;
000054E7 : 0802;
000054E8 : 0579;
000054E9 : 03B8;
000054EA : 0019;
000054EB : F9B9;
000054EC : F1FC;
000054ED : EB63;
000054EE : E8BC;
000054EF : EAAC;
000054F0 : EF90;
000054F1 : F4DE;
000054F2 : F8B7;
000054F3 : FB65;
000054F4 : FED4;
000054F5 : 041C;
000054F6 : 0AC8;
000054F7 : 10FC;
000054F8 : 140D;
000054F9 : 1295;
000054FA : 0DBF;
000054FB : 06DA;
000054FC : FFA5;
000054FD : F872;
000054FE : F0F1;
000054FF : E967;
00005500 : E395;
00005501 : E294;
00005502 : E887;
00005503 : F4B9;
00005504 : 0442;
00005505 : 132D;
00005506 : 1EF1;
00005507 : 2701;
00005508 : 2C44;
00005509 : 2F1D;
0000550A : 2EB6;
0000550B : 29A3;
0000550C : 1F4F;
0000550D : 1159;
0000550E : 011C;
0000550F : F081;
00005510 : E1B6;
00005511 : D63D;
00005512 : CE9D;
00005513 : CAC7;
00005514 : CA3C;
00005515 : CCE5;
00005516 : D31F;
00005517 : DDA7;
00005518 : EAD6;
00005519 : F908;
0000551A : 06E3;
0000551B : 13A8;
0000551C : 1EF1;
0000551D : 2795;
0000551E : 2CBB;
0000551F : 2EC2;
00005520 : 2D77;
00005521 : 296E;
00005522 : 2226;
00005523 : 179B;
00005524 : 0A86;
00005525 : FC29;
00005526 : EE2F;
00005527 : E293;
00005528 : DA67;
00005529 : D6F1;
0000552A : D879;
0000552B : DDE3;
0000552C : E5E0;
0000552D : EEF1;
0000552E : F877;
0000552F : 01EC;
00005530 : 0B65;
00005531 : 14D3;
00005532 : 1D92;
00005533 : 2420;
00005534 : 2721;
00005535 : 25AC;
00005536 : 1FAA;
00005537 : 162B;
00005538 : 0B88;
00005539 : 0110;
0000553A : F737;
0000553B : EDA1;
0000553C : E41E;
0000553D : DBB5;
0000553E : D4E2;
0000553F : D031;
00005540 : CDD5;
00005541 : CE30;
00005542 : D183;
00005543 : D766;
00005544 : E00B;
00005545 : EBEE;
00005546 : FB0D;
00005547 : 0B70;
00005548 : 1A4C;
00005549 : 25C7;
0000554A : 2C10;
0000554B : 2DF6;
0000554C : 2BD7;
0000554D : 2785;
0000554E : 21D1;
0000554F : 1B4D;
00005550 : 13A1;
00005551 : 0BA0;
00005552 : 039D;
00005553 : FCCB;
00005554 : F796;
00005555 : F2D0;
00005556 : EE7D;
00005557 : EA30;
00005558 : E7B6;
00005559 : E8F1;
0000555A : ED56;
0000555B : F3CA;
0000555C : FB7D;
0000555D : 0265;
0000555E : 072E;
0000555F : 0A5F;
00005560 : 0C4E;
00005561 : 0E4B;
00005562 : 0F94;
00005563 : 0FEC;
00005564 : 0E59;
00005565 : 0B99;
00005566 : 07D7;
00005567 : 0499;
00005568 : 0240;
00005569 : FF44;
0000556A : FC63;
0000556B : F92B;
0000556C : F65C;
0000556D : F3E1;
0000556E : F2FC;
0000556F : F338;
00005570 : F3D8;
00005571 : F489;
00005572 : F59F;
00005573 : F6F7;
00005574 : F9BC;
00005575 : FD2B;
00005576 : 00BE;
00005577 : 038C;
00005578 : 04A8;
00005579 : 04B5;
0000557A : 04B5;
0000557B : 05DC;
0000557C : 06AB;
0000557D : 071C;
0000557E : 05BF;
0000557F : 0189;
00005580 : FC62;
00005581 : F747;
00005582 : F414;
00005583 : F2DF;
00005584 : F335;
00005585 : F417;
00005586 : F5D6;
00005587 : F889;
00005588 : FBE2;
00005589 : 0058;
0000558A : 0483;
0000558B : 0786;
0000558C : 08C0;
0000558D : 0804;
0000558E : 0629;
0000558F : 0517;
00005590 : 062B;
00005591 : 09E1;
00005592 : 0FCD;
00005593 : 15A3;
00005594 : 1860;
00005595 : 1519;
00005596 : 0AB6;
00005597 : FA96;
00005598 : EA83;
00005599 : E11D;
0000559A : E22D;
0000559B : EF71;
0000559C : 0319;
0000559D : 1630;
0000559E : 20E7;
0000559F : 1F92;
000055A0 : 13E9;
000055A1 : 040B;
000055A2 : F6C5;
000055A3 : EFFC;
000055A4 : EE37;
000055A5 : ECDC;
000055A6 : E8A4;
000055A7 : E21F;
000055A8 : DCD5;
000055A9 : DDDB;
000055AA : E75A;
000055AB : F78B;
000055AC : 08FB;
000055AD : 1765;
000055AE : 208E;
000055AF : 2439;
000055B0 : 21FF;
000055B1 : 1998;
000055B2 : 0B45;
000055B3 : F8C2;
000055B4 : E6B1;
000055B5 : DA4B;
000055B6 : D712;
000055B7 : DCB5;
000055B8 : E7AF;
000055B9 : F298;
000055BA : F938;
000055BB : FB32;
000055BC : FBE8;
000055BD : 0055;
000055BE : 0A0F;
000055BF : 16CA;
000055C0 : 221C;
000055C1 : 28BD;
000055C2 : 2A06;
000055C3 : 2821;
000055C4 : 25DA;
000055C5 : 2480;
000055C6 : 22BF;
000055C7 : 1D85;
000055C8 : 1246;
000055C9 : 0118;
000055CA : ECC0;
000055CB : DA27;
000055CC : CD20;
000055CD : C72A;
000055CE : C6EF;
000055CF : CAE0;
000055D0 : D1D8;
000055D1 : DBD0;
000055D2 : E7D3;
000055D3 : F2B4;
000055D4 : FA9B;
000055D5 : FFF1;
000055D6 : 04F6;
000055D7 : 0B82;
000055D8 : 13E2;
000055D9 : 1D48;
000055DA : 24CD;
000055DB : 26CA;
000055DC : 2232;
000055DD : 1867;
000055DE : 0D0B;
000055DF : 0478;
000055E0 : FFF8;
000055E1 : FE95;
000055E2 : FDB1;
000055E3 : FAF4;
000055E4 : F747;
000055E5 : F614;
000055E6 : F9A5;
000055E7 : 0166;
000055E8 : 09F5;
000055E9 : 1069;
000055EA : 12C2;
000055EB : 1285;
000055EC : 11CB;
000055ED : 10FC;
000055EE : 0F21;
000055EF : 0A3E;
000055F0 : 01C4;
000055F1 : F75D;
000055F2 : EDF2;
000055F3 : E7AA;
000055F4 : E498;
000055F5 : E240;
000055F6 : E00C;
000055F7 : DE40;
000055F8 : DE8D;
000055F9 : E359;
000055FA : EC0A;
000055FB : F5EA;
000055FC : FDBA;
000055FD : 0226;
000055FE : 03B2;
000055FF : 03DD;
00005600 : 0338;
00005601 : 0305;
00005602 : 0365;
00005603 : 03E8;
00005604 : 052C;
00005605 : 0740;
00005606 : 0955;
00005607 : 0A58;
00005608 : 0997;
00005609 : 0704;
0000560A : 041A;
0000560B : 028D;
0000560C : 0434;
0000560D : 0967;
0000560E : 108C;
0000560F : 172E;
00005610 : 1AA2;
00005611 : 194F;
00005612 : 13F6;
00005613 : 0BFD;
00005614 : 0413;
00005615 : FD9B;
00005616 : F91E;
00005617 : F5BE;
00005618 : F283;
00005619 : EFA1;
0000561A : EE40;
0000561B : EEA4;
0000561C : F09E;
0000561D : F40F;
0000561E : F7CD;
0000561F : FADC;
00005620 : FD80;
00005621 : 0019;
00005622 : 02E6;
00005623 : 068A;
00005624 : 0A0C;
00005625 : 0C49;
00005626 : 0CE9;
00005627 : 0BA1;
00005628 : 08E7;
00005629 : 05F2;
0000562A : 0375;
0000562B : 0155;
0000562C : FF20;
0000562D : FC36;
0000562E : F88C;
0000562F : F561;
00005630 : F3D3;
00005631 : F536;
00005632 : F957;
00005633 : FDC5;
00005634 : 000A;
00005635 : FEC9;
00005636 : F9B8;
00005637 : F360;
00005638 : EEC8;
00005639 : ED64;
0000563A : EE4E;
0000563B : F02B;
0000563C : F11E;
0000563D : F163;
0000563E : F2DC;
0000563F : F778;
00005640 : 000A;
00005641 : 0A51;
00005642 : 13C8;
00005643 : 1A7A;
00005644 : 1E15;
00005645 : 1FB9;
00005646 : 200B;
00005647 : 1FB9;
00005648 : 1E0D;
00005649 : 1988;
0000564A : 11E0;
0000564B : 081D;
0000564C : FE3A;
0000564D : F618;
0000564E : F068;
0000564F : ED34;
00005650 : EC07;
00005651 : EBDE;
00005652 : ECF8;
00005653 : F007;
00005654 : F4B4;
00005655 : FA28;
00005656 : FF6A;
00005657 : 03A7;
00005658 : 06B4;
00005659 : 08BE;
0000565A : 0A04;
0000565B : 0A51;
0000565C : 0895;
0000565D : 046D;
0000565E : FED4;
0000565F : F902;
00005660 : F4B1;
00005661 : F272;
00005662 : F2AE;
00005663 : F3D2;
00005664 : F538;
00005665 : F6AE;
00005666 : F83F;
00005667 : FA20;
00005668 : FCFB;
00005669 : FFF3;
0000566A : 0247;
0000566B : 03BF;
0000566C : 0480;
0000566D : 0572;
0000566E : 06BD;
0000566F : 07F2;
00005670 : 084F;
00005671 : 074E;
00005672 : 054C;
00005673 : 02D4;
00005674 : 00C8;
00005675 : FFA2;
00005676 : FEC8;
00005677 : FD8B;
00005678 : FBBC;
00005679 : F9A5;
0000567A : F82E;
0000567B : F821;
0000567C : F9D0;
0000567D : FD02;
0000567E : 017A;
0000567F : 0680;
00005680 : 0B55;
00005681 : 0FC8;
00005682 : 12B4;
00005683 : 1319;
00005684 : 10E3;
00005685 : 0C7B;
00005686 : 078D;
00005687 : 02D9;
00005688 : FE7D;
00005689 : FA91;
0000568A : F602;
0000568B : F0E9;
0000568C : EBE4;
0000568D : E7CF;
0000568E : E6A4;
0000568F : E880;
00005690 : ED20;
00005691 : F3FA;
00005692 : FBEB;
00005693 : 0377;
00005694 : 08F6;
00005695 : 0C01;
00005696 : 0CA3;
00005697 : 0BB1;
00005698 : 0A4C;
00005699 : 098D;
0000569A : 093F;
0000569B : 08C6;
0000569C : 0715;
0000569D : 0344;
0000569E : FDBE;
0000569F : F825;
000056A0 : F411;
000056A1 : F34B;
000056A2 : F5D1;
000056A3 : FA1E;
000056A4 : FDF9;
000056A5 : FFEC;
000056A6 : 0013;
000056A7 : FF8D;
000056A8 : FF84;
000056A9 : 00B5;
000056AA : 02DF;
000056AB : 04C1;
000056AC : 04F6;
000056AD : 0445;
000056AE : 0387;
000056AF : 0432;
000056B0 : 065D;
000056B1 : 0962;
000056B2 : 0B20;
000056B3 : 0B02;
000056B4 : 095B;
000056B5 : 06F2;
000056B6 : 0546;
000056B7 : 037C;
000056B8 : 012D;
000056B9 : FDD2;
000056BA : F956;
000056BB : F5B8;
000056BC : F44C;
000056BD : F4FA;
000056BE : F754;
000056BF : F9CB;
000056C0 : FC62;
000056C1 : FFA0;
000056C2 : 049E;
000056C3 : 0B71;
000056C4 : 12CF;
000056C5 : 18C6;
000056C6 : 1B14;
000056C7 : 18F9;
000056C8 : 133C;
000056C9 : 0B37;
000056CA : 02F8;
000056CB : FB07;
000056CC : F31E;
000056CD : EB13;
000056CE : E311;
000056CF : DC60;
000056D0 : D798;
000056D1 : D53E;
000056D2 : D5FA;
000056D3 : DAD1;
000056D4 : E307;
000056D5 : EDBE;
000056D6 : FA88;
000056D7 : 08A2;
000056D8 : 1635;
000056D9 : 216C;
000056DA : 2813;
000056DB : 299B;
000056DC : 2689;
000056DD : 2043;
000056DE : 18FF;
000056DF : 125D;
000056E0 : 0B8B;
000056E1 : 044E;
000056E2 : FC9C;
000056E3 : F5E1;
000056E4 : F0FA;
000056E5 : EF26;
000056E6 : F080;
000056E7 : F33A;
000056E8 : F69C;
000056E9 : FA19;
000056EA : FE1A;
000056EB : 0305;
000056EC : 0863;
000056ED : 0CBC;
000056EE : 0EB3;
000056EF : 0E91;
000056F0 : 0D1A;
000056F1 : 0C80;
000056F2 : 0D8B;
000056F3 : 0F38;
000056F4 : 0F5C;
000056F5 : 0B9F;
000056F6 : 048A;
000056F7 : FAC0;
000056F8 : F07D;
000056F9 : E83B;
000056FA : E1F1;
000056FB : DDC4;
000056FC : DAFB;
000056FD : DA20;
000056FE : DC1A;
000056FF : E188;
00005700 : E9C6;
00005701 : F290;
00005702 : FB8A;
00005703 : 044C;
00005704 : 0CAE;
00005705 : 14D1;
00005706 : 1CAA;
00005707 : 2327;
00005708 : 275D;
00005709 : 2925;
0000570A : 285C;
0000570B : 2527;
0000570C : 1FE4;
0000570D : 18F9;
0000570E : 0FEC;
0000570F : 0544;
00005710 : F987;
00005711 : EE59;
00005712 : E5B5;
00005713 : E153;
00005714 : E0B0;
00005715 : E150;
00005716 : E0AD;
00005717 : DE8F;
00005718 : DC3D;
00005719 : DD43;
0000571A : E2E7;
0000571B : ECA4;
0000571C : F7A1;
0000571D : 020A;
0000571E : 0A9D;
0000571F : 1199;
00005720 : 176B;
00005721 : 1BF4;
00005722 : 1F87;
00005723 : 21D1;
00005724 : 2323;
00005725 : 23F5;
00005726 : 23F4;
00005727 : 21BA;
00005728 : 1D52;
00005729 : 1605;
0000572A : 0D03;
0000572B : 030A;
0000572C : F907;
0000572D : EF90;
0000572E : E7BC;
0000572F : E140;
00005730 : DC43;
00005731 : D96A;
00005732 : D8AA;
00005733 : DA1D;
00005734 : DE29;
00005735 : E4E7;
00005736 : EDA9;
00005737 : F739;
00005738 : FF86;
00005739 : 06D6;
0000573A : 0BFA;
0000573B : 0E80;
0000573C : 0EFF;
0000573D : 0DB4;
0000573E : 0B6F;
0000573F : 0909;
00005740 : 06B7;
00005741 : 0458;
00005742 : 01A8;
00005743 : FEAE;
00005744 : FC6A;
00005745 : FA9A;
00005746 : FA8A;
00005747 : FBEB;
00005748 : FD9B;
00005749 : FFA7;
0000574A : 0184;
0000574B : 03AC;
0000574C : 0673;
0000574D : 09E3;
0000574E : 0CFD;
0000574F : 0EEB;
00005750 : 0EDF;
00005751 : 0CFD;
00005752 : 09C5;
00005753 : 0644;
00005754 : 0330;
00005755 : 0016;
00005756 : FD80;
00005757 : FB13;
00005758 : F8F4;
00005759 : F72F;
0000575A : F67A;
0000575B : F660;
0000575C : F72C;
0000575D : F957;
0000575E : FD21;
0000575F : 0268;
00005760 : 0864;
00005761 : 0D71;
00005762 : 101B;
00005763 : 0EC3;
00005764 : 0985;
00005765 : 01F5;
00005766 : FADE;
00005767 : F63A;
00005768 : F588;
00005769 : F847;
0000576A : FD09;
0000576B : 0249;
0000576C : 05E3;
0000576D : 07C0;
0000576E : 0739;
0000576F : 0467;
00005770 : FFEE;
00005771 : F98C;
00005772 : F10D;
00005773 : E7EA;
00005774 : DF53;
00005775 : D9CB;
00005776 : DAFF;
00005777 : E467;
00005778 : F58C;
00005779 : 0B54;
0000577A : 212A;
0000577B : 3200;
0000577C : 3A08;
0000577D : 36B3;
0000577E : 283C;
0000577F : 1214;
00005780 : FA77;
00005781 : E778;
00005782 : DB97;
00005783 : D595;
00005784 : D3F5;
00005785 : D671;
00005786 : DDD7;
00005787 : E9AF;
00005788 : F848;
00005789 : 0723;
0000578A : 13BA;
0000578B : 1D35;
0000578C : 22C8;
0000578D : 23BB;
0000578E : 1F8F;
0000578F : 17B8;
00005790 : 0F31;
00005791 : 097C;
00005792 : 08D1;
00005793 : 0B6C;
00005794 : 0D72;
00005795 : 0A91;
00005796 : 00E0;
00005797 : F2AC;
00005798 : E2F0;
00005799 : D561;
0000579A : CD03;
0000579B : CB06;
0000579C : CFAB;
0000579D : DBBA;
0000579E : EC0D;
0000579F : FDB8;
000057A0 : 0DB0;
000057A1 : 1924;
000057A2 : 2038;
000057A3 : 2288;
000057A4 : 20AC;
000057A5 : 1B8C;
000057A6 : 1473;
000057A7 : 0CD4;
000057A8 : 04C1;
000057A9 : FC10;
000057AA : F33A;
000057AB : EB20;
000057AC : E61E;
000057AD : E59D;
000057AE : EAC1;
000057AF : F4AB;
000057B0 : 0016;
000057B1 : 0A4B;
000057B2 : 1161;
000057B3 : 1506;
000057B4 : 14EE;
000057B5 : 12FC;
000057B6 : 1029;
000057B7 : 0E5E;
000057B8 : 0E90;
000057B9 : 106D;
000057BA : 1205;
000057BB : 102F;
000057BC : 0912;
000057BD : FCE3;
000057BE : EE75;
000057BF : E2F7;
000057C0 : DCE5;
000057C1 : DE32;
000057C2 : E51B;
000057C3 : EE33;
000057C4 : F686;
000057C5 : FB69;
000057C6 : FCBE;
000057C7 : FB78;
000057C8 : FB0D;
000057C9 : FD93;
000057CA : 02F5;
000057CB : 0A0E;
000057CC : 1011;
000057CD : 1228;
000057CE : 0F33;
000057CF : 07BE;
000057D0 : FF06;
000057D1 : F846;
000057D2 : F5EA;
000057D3 : F747;
000057D4 : FA14;
000057D5 : FC06;
000057D6 : FBF9;
000057D7 : FAF7;
000057D8 : FC37;
000057D9 : 021A;
000057DA : 0C05;
000057DB : 1692;
000057DC : 1D44;
000057DD : 1E3E;
000057DE : 1882;
000057DF : 0E8B;
000057E0 : 03B2;
000057E1 : FB8B;
000057E2 : F76F;
000057E3 : F5C0;
000057E4 : F3F5;
000057E5 : F0D9;
000057E6 : EDAA;
000057E7 : EADB;
000057E8 : EA9E;
000057E9 : ED97;
000057EA : F386;
000057EB : FB77;
000057EC : 0454;
000057ED : 0D0D;
000057EE : 1486;
000057EF : 1914;
000057F0 : 19F2;
000057F1 : 1727;
000057F2 : 11C3;
000057F3 : 0B92;
000057F4 : 06C7;
000057F5 : 03AD;
000057F6 : 0158;
000057F7 : FEDD;
000057F8 : FBE2;
000057F9 : F95F;
000057FA : F8B7;
000057FB : FA63;
000057FC : FD59;
000057FD : FFEF;
000057FE : 00B9;
000057FF : FF25;
00005800 : FC44;
00005801 : F9FE;
00005802 : F93C;
00005803 : F98C;
00005804 : FA4D;
00005805 : F93B;
00005806 : F63E;
00005807 : F1E5;
00005808 : ED3C;
00005809 : E897;
0000580A : E527;
0000580B : E39D;
0000580C : E513;
0000580D : E9F7;
0000580E : F0C4;
0000580F : F97D;
00005810 : 034D;
00005811 : 0C70;
00005812 : 13C6;
00005813 : 19FF;
00005814 : 1F3F;
00005815 : 23EC;
00005816 : 2770;
00005817 : 299E;
00005818 : 2927;
00005819 : 251C;
0000581A : 1E17;
0000581B : 156F;
0000581C : 0CEB;
0000581D : 065A;
0000581E : 00D1;
0000581F : FBDB;
00005820 : F711;
00005821 : F291;
00005822 : EFD1;
00005823 : EEF3;
00005824 : EFD4;
00005825 : F14D;
00005826 : F1A5;
00005827 : F15F;
00005828 : F0DC;
00005829 : F154;
0000582A : F2E6;
0000582B : F4FE;
0000582C : F6F6;
0000582D : F7C3;
0000582E : F714;
0000582F : F5EC;
00005830 : F4A6;
00005831 : F3EE;
00005832 : F404;
00005833 : F53C;
00005834 : F7FB;
00005835 : FC6C;
00005836 : 01D2;
00005837 : 071E;
00005838 : 0B86;
00005839 : 0DE0;
0000583A : 0EEE;
0000583B : 0FE1;
0000583C : 116D;
0000583D : 136E;
0000583E : 14B7;
0000583F : 13E8;
00005840 : 0FFF;
00005841 : 0963;
00005842 : 01FD;
00005843 : FBDA;
00005844 : F7F4;
00005845 : F658;
00005846 : F643;
00005847 : F689;
00005848 : F6D8;
00005849 : F765;
0000584A : F8A2;
0000584B : FA47;
0000584C : FC62;
0000584D : FEB7;
0000584E : 003B;
0000584F : 0172;
00005850 : 01B2;
00005851 : 00FB;
00005852 : FF85;
00005853 : FDC6;
00005854 : FD0E;
00005855 : FD55;
00005856 : FF24;
00005857 : 023F;
00005858 : 0597;
00005859 : 0953;
0000585A : 0D08;
0000585B : 1074;
0000585C : 12FC;
0000585D : 1401;
0000585E : 135B;
0000585F : 0FF6;
00005860 : 0AA2;
00005861 : 038D;
00005862 : FBB2;
00005863 : F43A;
00005864 : ECE1;
00005865 : E6A4;
00005866 : E216;
00005867 : DFB8;
00005868 : E0E1;
00005869 : E525;
0000586A : EC26;
0000586B : F52A;
0000586C : FEC1;
0000586D : 0833;
0000586E : 104F;
0000586F : 16DD;
00005870 : 1B93;
00005871 : 1D61;
00005872 : 1C2A;
00005873 : 17C1;
00005874 : 10D9;
00005875 : 07FF;
00005876 : FDB8;
00005877 : F336;
00005878 : E888;
00005879 : DF7D;
0000587A : D8FB;
0000587B : D573;
0000587C : D63D;
0000587D : DA42;
0000587E : E0AB;
0000587F : E71F;
00005880 : EEE5;
00005881 : F835;
00005882 : 03AC;
00005883 : 108E;
00005884 : 1CC5;
00005885 : 26A1;
00005886 : 2D34;
00005887 : 3089;
00005888 : 3138;
00005889 : 2F9F;
0000588A : 2B93;
0000588B : 2499;
0000588C : 1AB8;
0000588D : 0F8F;
0000588E : 049D;
0000588F : FA41;
00005890 : F0F7;
00005891 : E91D;
00005892 : E3B2;
00005893 : E168;
00005894 : E2B8;
00005895 : E6D0;
00005896 : ECA6;
00005897 : F273;
00005898 : F85F;
00005899 : FDB9;
0000589A : 02A5;
0000589B : 0712;
0000589C : 0AA1;
0000589D : 0C1E;
0000589E : 0B18;
0000589F : 073F;
000058A0 : 01D9;
000058A1 : FC05;
000058A2 : F73B;
000058A3 : F405;
000058A4 : F1E4;
000058A5 : F0B4;
000058A6 : F054;
000058A7 : F185;
000058A8 : F449;
000058A9 : F871;
000058AA : FC3B;
000058AB : FF26;
000058AC : 015E;
000058AD : 0254;
000058AE : 0333;
000058AF : 04D9;
000058B0 : 0729;
000058B1 : 09B0;
000058B2 : 0B4E;
000058B3 : 0BF7;
000058B4 : 0B7C;
000058B5 : 0A8A;
000058B6 : 095E;
000058B7 : 082D;
000058B8 : 0663;
000058B9 : 03C7;
000058BA : 0148;
000058BB : FEE8;
000058BC : FDDB;
000058BD : FE09;
000058BE : FEE8;
000058BF : FF88;
000058C0 : FF8A;
000058C1 : FEFD;
000058C2 : FE6A;
000058C3 : FE0D;
000058C4 : FDFF;
000058C5 : FE12;
000058C6 : FDFA;
000058C7 : FD99;
000058C8 : FD2F;
000058C9 : FCFA;
000058CA : FD53;
000058CB : FEC3;
000058CC : 00DD;
000058CD : 042E;
000058CE : 07D1;
000058CF : 0BC6;
000058D0 : 0ED3;
000058D1 : 1090;
000058D2 : 105F;
000058D3 : 0DF4;
000058D4 : 0A12;
000058D5 : 054D;
000058D6 : 000D;
000058D7 : FAC1;
000058D8 : F5E4;
000058D9 : F1B0;
000058DA : EE26;
000058DB : EBC5;
000058DC : EAA5;
000058DD : EABD;
000058DE : EB65;
000058DF : ED7D;
000058E0 : F0E7;
000058E1 : F613;
000058E2 : FBF2;
000058E3 : 0215;
000058E4 : 07A3;
000058E5 : 0C1D;
000058E6 : 0EFE;
000058E7 : 1087;
000058E8 : 10FA;
000058E9 : 0FF8;
000058EA : 0D63;
000058EB : 096C;
000058EC : 044D;
000058ED : FE6B;
000058EE : F8F6;
000058EF : F4C6;
000058F0 : F2A8;
000058F1 : F20F;
000058F2 : F2A6;
000058F3 : F3BF;
000058F4 : F4C0;
000058F5 : F645;
000058F6 : F8C4;
000058F7 : FC5D;
000058F8 : 00DE;
000058F9 : 054F;
000058FA : 0907;
000058FB : 0B62;
000058FC : 0B7D;
000058FD : 0A54;
000058FE : 0850;
000058FF : 065D;
00005900 : 048F;
00005901 : 034E;
00005902 : 0254;
00005903 : 0161;
00005904 : 0075;
00005905 : FF68;
00005906 : FE5A;
00005907 : FD91;
00005908 : FDC9;
00005909 : FF60;
0000590A : 0279;
0000590B : 05F7;
0000590C : 089C;
0000590D : 0949;
0000590E : 07A2;
0000590F : 0409;
00005910 : 001A;
00005911 : FD08;
00005912 : FC4A;
00005913 : FD6C;
00005914 : FF33;
00005915 : 0106;
00005916 : 0165;
00005917 : 0069;
00005918 : FF15;
00005919 : FDF0;
0000591A : FE05;
0000591B : FF19;
0000591C : 0066;
0000591D : 00A2;
0000591E : FFA0;
0000591F : FD45;
00005920 : F974;
00005921 : F61F;
00005922 : F4ED;
00005923 : F6C8;
00005924 : FC6D;
00005925 : 0426;
00005926 : 0C3F;
00005927 : 11EB;
00005928 : 13BC;
00005929 : 118C;
0000592A : 0C93;
0000592B : 068A;
0000592C : 012F;
0000592D : FCDD;
0000592E : F9A2;
0000592F : F68D;
00005930 : F3C2;
00005931 : F256;
00005932 : F28D;
00005933 : F522;
00005934 : F9DF;
00005935 : FFE9;
00005936 : 05A2;
00005937 : 0981;
00005938 : 0AA8;
00005939 : 08B6;
0000593A : 0404;
0000593B : FE59;
0000593C : F9AF;
0000593D : F7CD;
0000593E : F93A;
0000593F : FD84;
00005940 : 031F;
00005941 : 07D3;
00005942 : 0AC6;
00005943 : 0B62;
00005944 : 0A33;
00005945 : 07A8;
00005946 : 0497;
00005947 : 0138;
00005948 : FDB1;
00005949 : FA4E;
0000594A : F79A;
0000594B : F64D;
0000594C : F6B4;
0000594D : F980;
0000594E : FE42;
0000594F : 0375;
00005950 : 0860;
00005951 : 0B7D;
00005952 : 0CA7;
00005953 : 0B88;
00005954 : 0878;
00005955 : 041D;
00005956 : FEEB;
00005957 : F929;
00005958 : F471;
00005959 : F0BD;
0000595A : EEAE;
0000595B : EE9C;
0000595C : F086;
0000595D : F37F;
0000595E : F709;
0000595F : FB20;
00005960 : 002F;
00005961 : 05CA;
00005962 : 0BED;
00005963 : 10C1;
00005964 : 13A0;
00005965 : 1405;
00005966 : 1233;
00005967 : 0FB3;
00005968 : 0E0F;
00005969 : 0CAC;
0000596A : 0B4F;
0000596B : 0999;
0000596C : 06BE;
0000596D : 02BD;
0000596E : FDF9;
0000596F : F8D2;
00005970 : F323;
00005971 : ED7B;
00005972 : E8F3;
00005973 : E78E;
00005974 : EA30;
00005975 : F08E;
00005976 : F872;
00005977 : FF6D;
00005978 : 0307;
00005979 : 03E2;
0000597A : 030A;
0000597B : 02A5;
0000597C : 039C;
0000597D : 05FF;
0000597E : 0960;
0000597F : 0C9D;
00005980 : 0E8F;
00005981 : 0E08;
00005982 : 0AEB;
00005983 : 04C4;
00005984 : FCC2;
00005985 : F55C;
00005986 : F093;
00005987 : EFB7;
00005988 : F2A4;
00005989 : F75B;
0000598A : FB5D;
0000598B : FD18;
0000598C : FC65;
0000598D : FAF7;
0000598E : F9FF;
0000598F : FB04;
00005990 : FEC4;
00005991 : 0466;
00005992 : 0AEA;
00005993 : 1101;
00005994 : 1536;
00005995 : 16AB;
00005996 : 1563;
00005997 : 112B;
00005998 : 0A59;
00005999 : 024F;
0000599A : FA50;
0000599B : F43E;
0000599C : F1B0;
0000599D : F354;
0000599E : F928;
0000599F : 0144;
000059A0 : 097E;
000059A1 : 0EF0;
000059A2 : 0FA4;
000059A3 : 0BB7;
000059A4 : 0449;
000059A5 : FC27;
000059A6 : F5E1;
000059A7 : F30A;
000059A8 : F3F9;
000059A9 : F7CD;
000059AA : FCAA;
000059AB : 009D;
000059AC : 026D;
000059AD : 019A;
000059AE : FEFC;
000059AF : FBE8;
000059B0 : FA26;
000059B1 : FAAA;
000059B2 : FDD0;
000059B3 : 0229;
000059B4 : 059E;
000059B5 : 0628;
000059B6 : 02A2;
000059B7 : FB9D;
000059B8 : F388;
000059B9 : EDA5;
000059BA : EC6B;
000059BB : F022;
000059BC : F73A;
000059BD : FF24;
000059BE : 062C;
000059BF : 09AE;
000059C0 : 0A3D;
000059C1 : 08BF;
000059C2 : 068D;
000059C3 : 04D9;
000059C4 : 0477;
000059C5 : 062B;
000059C6 : 0964;
000059C7 : 0C9E;
000059C8 : 0EFD;
000059C9 : 0E71;
000059CA : 0ADC;
000059CB : 05A4;
000059CC : 007C;
000059CD : FD20;
000059CE : FC72;
000059CF : FDBB;
000059D0 : FFEE;
000059D1 : 01A0;
000059D2 : 0236;
000059D3 : 0238;
000059D4 : 01CC;
000059D5 : 0168;
000059D6 : 0114;
000059D7 : 0088;
000059D8 : FFD6;
000059D9 : FFB1;
000059DA : 0005;
000059DB : 0088;
000059DC : 0177;
000059DD : 010C;
000059DE : FF41;
000059DF : FCC4;
000059E0 : F957;
000059E1 : F73F;
000059E2 : F758;
000059E3 : F934;
000059E4 : FBCB;
000059E5 : FDD4;
000059E6 : FF7F;
000059E7 : 0035;
000059E8 : 00E5;
000059E9 : 021A;
000059EA : 02B1;
000059EB : 02DA;
000059EC : 01DA;
000059ED : 0058;
000059EE : FEB5;
000059EF : FE0F;
000059F0 : FED5;
000059F1 : 0059;
000059F2 : 0235;
000059F3 : 02F8;
000059F4 : 0320;
000059F5 : 0255;
000059F6 : 0133;
000059F7 : 0023;
000059F8 : FF87;
000059F9 : FFD0;
000059FA : 00CD;
000059FB : 026D;
000059FC : 03E1;
000059FD : 04D2;
000059FE : 03A6;
000059FF : 0139;
00005A00 : FDF5;
00005A01 : FB27;
00005A02 : F9C7;
00005A03 : F9A0;
00005A04 : FB1C;
00005A05 : FCD2;
00005A06 : FE0A;
00005A07 : FDCB;
00005A08 : FC5B;
00005A09 : FA2A;
00005A0A : F883;
00005A0B : F804;
00005A0C : F967;
00005A0D : FBE7;
00005A0E : FEBC;
00005A0F : 0158;
00005A10 : 02A6;
00005A11 : 02F9;
00005A12 : 035C;
00005A13 : 0450;
00005A14 : 060D;
00005A15 : 0860;
00005A16 : 0AB0;
00005A17 : 0C3D;
00005A18 : 0CB9;
00005A19 : 0C01;
00005A1A : 0940;
00005A1B : 0561;
00005A1C : 0093;
00005A1D : FBE7;
00005A1E : F84C;
00005A1F : F5B8;
00005A20 : F3F6;
00005A21 : F323;
00005A22 : F215;
00005A23 : F186;
00005A24 : F1D4;
00005A25 : F3D9;
00005A26 : F791;
00005A27 : FBCB;
00005A28 : FF89;
00005A29 : 0097;
00005A2A : FF04;
00005A2B : FC11;
00005A2C : F9AA;
00005A2D : FA49;
00005A2E : FF37;
00005A2F : 0741;
00005A30 : 1044;
00005A31 : 175C;
00005A32 : 1AF3;
00005A33 : 1AB4;
00005A34 : 1828;
00005A35 : 15F5;
00005A36 : 14EC;
00005A37 : 14A7;
00005A38 : 12B4;
00005A39 : 0C79;
00005A3A : 0167;
00005A3B : F37C;
00005A3C : E61C;
00005A3D : DC70;
00005A3E : D872;
00005A3F : D9DE;
00005A40 : DF4C;
00005A41 : E746;
00005A42 : F18F;
00005A43 : FD54;
00005A44 : 08CE;
00005A45 : 12AE;
00005A46 : 1984;
00005A47 : 1C38;
00005A48 : 1AA4;
00005A49 : 156A;
00005A4A : 0D2F;
00005A4B : 0202;
00005A4C : F4C2;
00005A4D : E6DB;
00005A4E : D9E4;
00005A4F : D194;
00005A50 : D18C;
00005A51 : DA9A;
00005A52 : EA10;
00005A53 : FB48;
00005A54 : 0AEC;
00005A55 : 18D5;
00005A56 : 2678;
00005A57 : 34A4;
00005A58 : 413B;
00005A59 : 484C;
00005A5A : 454C;
00005A5B : 35F7;
00005A5C : 1EEF;
00005A5D : 06E8;
00005A5E : F223;
00005A5F : E14C;
00005A60 : D256;
00005A61 : C576;
00005A62 : BCAF;
00005A63 : B9F6;
00005A64 : BE77;
00005A65 : C8F6;
00005A66 : D677;
00005A67 : E343;
00005A68 : EDF0;
00005A69 : F835;
00005A6A : 0463;
00005A6B : 11C6;
00005A6C : 1DFB;
00005A6D : 25B8;
00005A6E : 2821;
00005A6F : 2797;
00005A70 : 2686;
00005A71 : 267E;
00005A72 : 27B5;
00005A73 : 274B;
00005A74 : 233B;
00005A75 : 1A95;
00005A76 : 0ED6;
00005A77 : 0298;
00005A78 : F763;
00005A79 : ED91;
00005A7A : E473;
00005A7B : DCE7;
00005A7C : D7E8;
00005A7D : D758;
00005A7E : DA4E;
00005A7F : E281;
00005A80 : EEB6;
00005A81 : FD11;
00005A82 : 0BB6;
00005A83 : 18F6;
00005A84 : 23CF;
00005A85 : 2A90;
00005A86 : 2B7E;
00005A87 : 24DB;
00005A88 : 17B1;
00005A89 : 0752;
00005A8A : F7D8;
00005A8B : EAFD;
00005A8C : E113;
00005A8D : DAA1;
00005A8E : D658;
00005A8F : D5BF;
00005A90 : D943;
00005A91 : E138;
00005A92 : EBD3;
00005A93 : F63E;
00005A94 : FEDE;
00005A95 : 052C;
00005A96 : 09C1;
00005A97 : 0C9E;
00005A98 : 0D85;
00005A99 : 0CBB;
00005A9A : 0A92;
00005A9B : 083E;
00005A9C : 0678;
00005A9D : 0606;
00005A9E : 0650;
00005A9F : 06E1;
00005AA0 : 06CA;
00005AA1 : 05DC;
00005AA2 : 043A;
00005AA3 : 025B;
00005AA4 : 0003;
00005AA5 : FD40;
00005AA6 : FAA8;
00005AA7 : F844;
00005AA8 : F76F;
00005AA9 : F839;
00005AAA : FB1F;
00005AAB : FF64;
00005AAC : 044B;
00005AAD : 0904;
00005AAE : 0CAC;
00005AAF : 0F48;
00005AB0 : 110E;
00005AB1 : 11B0;
00005AB2 : 1147;
00005AB3 : 0FC6;
00005AB4 : 0D3F;
00005AB5 : 0A9D;
00005AB6 : 0847;
00005AB7 : 06F0;
00005AB8 : 0606;
00005AB9 : 0539;
00005ABA : 039D;
00005ABB : 0155;
00005ABC : FECD;
00005ABD : FC39;
00005ABE : F9CE;
00005ABF : F74E;
00005AC0 : F4DF;
00005AC1 : F2F2;
00005AC2 : F1B6;
00005AC3 : F1B6;
00005AC4 : F2DB;
00005AC5 : F477;
00005AC6 : F510;
00005AC7 : F4DE;
00005AC8 : F3A6;
00005AC9 : F2AB;
00005ACA : F2BB;
00005ACB : F406;
00005ACC : F682;
00005ACD : F8CE;
00005ACE : F9D0;
00005ACF : F9D6;
00005AD0 : F9A2;
00005AD1 : FA59;
00005AD2 : FC73;
00005AD3 : 0003;
00005AD4 : 0448;
00005AD5 : 080E;
00005AD6 : 0AEE;
00005AD7 : 0C5B;
00005AD8 : 0C9E;
00005AD9 : 0BD9;
00005ADA : 0A99;
00005ADB : 08FE;
00005ADC : 0733;
00005ADD : 05A6;
00005ADE : 04AA;
00005ADF : 0462;
00005AE0 : 03A4;
00005AE1 : 02D0;
00005AE2 : 0341;
00005AE3 : 0391;
00005AE4 : 047A;
00005AE5 : 057B;
00005AE6 : 06CA;
00005AE7 : 0754;
00005AE8 : 069D;
00005AE9 : 053F;
00005AEA : 0332;
00005AEB : 012F;
00005AEC : 003B;
00005AED : FFA1;
00005AEE : 006E;
00005AEF : 018D;
00005AF0 : 02E4;
00005AF1 : 047A;
00005AF2 : 04FF;
00005AF3 : 03D5;
00005AF4 : 0227;
00005AF5 : FFD8;
00005AF6 : FE63;
00005AF7 : FE08;
00005AF8 : FDDD;
00005AF9 : FD6F;
00005AFA : FD25;
00005AFB : FC61;
00005AFC : FAE3;
00005AFD : F944;
00005AFE : F8A5;
00005AFF : F85B;
00005B00 : F839;
00005B01 : F903;
00005B02 : F9C3;
00005B03 : FB7D;
00005B04 : FC9A;
00005B05 : FDF9;
00005B06 : FEF4;
00005B07 : FEEE;
00005B08 : FEE7;
00005B09 : FF58;
00005B0A : FFDD;
00005B0B : FFD9;
00005B0C : FEE4;
00005B0D : FDBF;
00005B0E : FCF4;
00005B0F : FC7F;
00005B10 : FD07;
00005B11 : FEEE;
00005B12 : 0281;
00005B13 : 07C1;
00005B14 : 0C18;
00005B15 : 100B;
00005B16 : 11B8;
00005B17 : 10A2;
00005B18 : 0CC1;
00005B19 : 07A6;
00005B1A : 025E;
00005B1B : FE62;
00005B1C : FBE5;
00005B1D : F981;
00005B1E : F829;
00005B1F : F5E6;
00005B20 : F497;
00005B21 : F44C;
00005B22 : F5C6;
00005B23 : FB06;
00005B24 : 024E;
00005B25 : 0B27;
00005B26 : 132D;
00005B27 : 18BF;
00005B28 : 1A9E;
00005B29 : 18E4;
00005B2A : 1325;
00005B2B : 0C06;
00005B2C : 04D2;
00005B2D : FDA4;
00005B2E : F741;
00005B2F : F174;
00005B30 : EBE5;
00005B31 : E6FB;
00005B32 : E399;
00005B33 : E15C;
00005B34 : E12F;
00005B35 : E363;
00005B36 : E70D;
00005B37 : EBA4;
00005B38 : F163;
00005B39 : F7AE;
00005B3A : FE26;
00005B3B : 054D;
00005B3C : 0C61;
00005B3D : 12F2;
00005B3E : 18DE;
00005B3F : 1DAF;
00005B40 : 212C;
00005B41 : 227A;
00005B42 : 201A;
00005B43 : 1A29;
00005B44 : 1066;
00005B45 : 0475;
00005B46 : F7EB;
00005B47 : EC7A;
00005B48 : E34D;
00005B49 : DC0E;
00005B4A : D88F;
00005B4B : D9AC;
00005B4C : DF45;
00005B4D : E93B;
00005B4E : F4D7;
00005B4F : 00B9;
00005B50 : 0BE5;
00005B51 : 15E7;
00005B52 : 1EAB;
00005B53 : 251D;
00005B54 : 2833;
00005B55 : 2750;
00005B56 : 2336;
00005B57 : 1D28;
00005B58 : 15D6;
00005B59 : 0E2D;
00005B5A : 05B7;
00005B5B : FCC2;
00005B5C : F361;
00005B5D : EB15;
00005B5E : E4FC;
00005B5F : E253;
00005B60 : E2C6;
00005B61 : E450;
00005B62 : E5DE;
00005B63 : E794;
00005B64 : E9A5;
00005B65 : ED10;
00005B66 : F23A;
00005B67 : F7DA;
00005B68 : FD67;
00005B69 : 02B0;
00005B6A : 084E;
00005B6B : 0D98;
00005B6C : 1253;
00005B6D : 1505;
00005B6E : 1484;
00005B6F : 10D4;
00005B70 : 0A81;
00005B71 : 03B5;
00005B72 : FD8A;
00005B73 : F961;
00005B74 : F798;
00005B75 : F797;
00005B76 : F8F5;
00005B77 : FABF;
00005B78 : FCE4;
00005B79 : 002C;
00005B7A : 046C;
00005B7B : 0936;
00005B7C : 0DF8;
00005B7D : 11E8;
00005B7E : 1456;
00005B7F : 1535;
00005B80 : 1446;
00005B81 : 124C;
00005B82 : 107B;
00005B83 : 0DA1;
00005B84 : 0A42;
00005B85 : 0710;
00005B86 : 03E5;
00005B87 : 011D;
00005B88 : FE7B;
00005B89 : FC46;
00005B8A : FA0E;
00005B8B : F826;
00005B8C : F50A;
00005B8D : F1BF;
00005B8E : EE58;
00005B8F : EB39;
00005B90 : E928;
00005B91 : E84A;
00005B92 : E8D5;
00005B93 : EAFB;
00005B94 : EEBC;
00005B95 : F398;
00005B96 : F968;
00005B97 : 0082;
00005B98 : 0739;
00005B99 : 0D8A;
00005B9A : 122B;
00005B9B : 14A7;
00005B9C : 148C;
00005B9D : 121C;
00005B9E : 0DDE;
00005B9F : 0925;
00005BA0 : 0470;
00005BA1 : 0012;
00005BA2 : FC61;
00005BA3 : F9D6;
00005BA4 : F8B9;
00005BA5 : F977;
00005BA6 : FB98;
00005BA7 : FE3B;
00005BA8 : 0025;
00005BA9 : 00D9;
00005BAA : 0022;
00005BAB : FE7E;
00005BAC : FD9A;
00005BAD : FE13;
00005BAE : FF4F;
00005BAF : 0159;
00005BB0 : 0367;
00005BB1 : 052C;
00005BB2 : 067D;
00005BB3 : 07FA;
00005BB4 : 0931;
00005BB5 : 0A29;
00005BB6 : 0AEB;
00005BB7 : 0B72;
00005BB8 : 0AF2;
00005BB9 : 08C8;
00005BBA : 04FD;
00005BBB : 003A;
00005BBC : FB8D;
00005BBD : F778;
00005BBE : F4CB;
00005BBF : F3AF;
00005BC0 : F435;
00005BC1 : F639;
00005BC2 : F93A;
00005BC3 : FD32;
00005BC4 : 01E4;
00005BC5 : 065D;
00005BC6 : 099F;
00005BC7 : 0AD7;
00005BC8 : 09C6;
00005BC9 : 06DC;
00005BCA : 030C;
00005BCB : FF2D;
00005BCC : FC49;
00005BCD : F9F8;
00005BCE : F852;
00005BCF : F77D;
00005BD0 : F754;
00005BD1 : F859;
00005BD2 : F9FA;
00005BD3 : FBEB;
00005BD4 : FDC6;
00005BD5 : FEDF;
00005BD6 : FF5B;
00005BD7 : FF57;
00005BD8 : FF7A;
00005BD9 : FF61;
00005BDA : FF6A;
00005BDB : FF79;
00005BDC : FFD3;
00005BDD : 0062;
00005BDE : 0139;
00005BDF : 0239;
00005BE0 : 0332;
00005BE1 : 0419;
00005BE2 : 0526;
00005BE3 : 0683;
00005BE4 : 078E;
00005BE5 : 082B;
00005BE6 : 0841;
00005BE7 : 0818;
00005BE8 : 07DA;
00005BE9 : 074B;
00005BEA : 06A2;
00005BEB : 0570;
00005BEC : 0373;
00005BED : 0110;
00005BEE : FEE0;
00005BEF : FDD3;
00005BF0 : FE35;
00005BF1 : FF5B;
00005BF2 : FFFA;
00005BF3 : FFD8;
00005BF4 : FECF;
00005BF5 : FD19;
00005BF6 : FBD4;
00005BF7 : FB81;
00005BF8 : FBBC;
00005BF9 : FC70;
00005BFA : FCCD;
00005BFB : FD07;
00005BFC : FD65;
00005BFD : FD68;
00005BFE : FDB2;
00005BFF : FE48;
00005C00 : FFDF;
00005C01 : 0280;
00005C02 : 058D;
00005C03 : 07B0;
00005C04 : 0843;
00005C05 : 06EE;
00005C06 : 04A8;
00005C07 : 028C;
00005C08 : 0174;
00005C09 : 0128;
00005C0A : 00F0;
00005C0B : FFAE;
00005C0C : FCE3;
00005C0D : F982;
00005C0E : F693;
00005C0F : F547;
00005C10 : F5AD;
00005C11 : F728;
00005C12 : F905;
00005C13 : FAAB;
00005C14 : FC75;
00005C15 : FEB8;
00005C16 : 01CE;
00005C17 : 0586;
00005C18 : 0907;
00005C19 : 0BA5;
00005C1A : 0D38;
00005C1B : 0DE2;
00005C1C : 0DCA;
00005C1D : 0CF4;
00005C1E : 0B0B;
00005C1F : 08A0;
00005C20 : 0601;
00005C21 : 0337;
00005C22 : 00D0;
00005C23 : FEF7;
00005C24 : FDB7;
00005C25 : FCE6;
00005C26 : FC85;
00005C27 : FCA1;
00005C28 : FD03;
00005C29 : FE29;
00005C2A : FFB8;
00005C2B : 01CF;
00005C2C : 0396;
00005C2D : 046E;
00005C2E : 0404;
00005C2F : 01B6;
00005C30 : FE63;
00005C31 : FB44;
00005C32 : F9C4;
00005C33 : FA51;
00005C34 : FCB0;
00005C35 : FF34;
00005C36 : 0108;
00005C37 : 017D;
00005C38 : 008D;
00005C39 : FF2F;
00005C3A : FDEA;
00005C3B : FD3F;
00005C3C : FCE9;
00005C3D : FC8E;
00005C3E : FC4D;
00005C3F : FC1E;
00005C40 : FCBC;
00005C41 : FE8C;
00005C42 : 0159;
00005C43 : 0513;
00005C44 : 0934;
00005C45 : 0C61;
00005C46 : 0E09;
00005C47 : 0E14;
00005C48 : 0C0C;
00005C49 : 080E;
00005C4A : 0301;
00005C4B : FDC1;
00005C4C : F8ED;
00005C4D : F54C;
00005C4E : F329;
00005C4F : F225;
00005C50 : F243;
00005C51 : F389;
00005C52 : F631;
00005C53 : FA38;
00005C54 : FF11;
00005C55 : 0443;
00005C56 : 0883;
00005C57 : 0B91;
00005C58 : 0D54;
00005C59 : 0DCF;
00005C5A : 0D4E;
00005C5B : 0C6B;
00005C5C : 0B13;
00005C5D : 0903;
00005C5E : 06A5;
00005C5F : 0416;
00005C60 : 01B2;
00005C61 : FFD2;
00005C62 : FE6D;
00005C63 : FD07;
00005C64 : FBE0;
00005C65 : FB06;
00005C66 : FADD;
00005C67 : FB6F;
00005C68 : FC55;
00005C69 : FCE2;
00005C6A : FD16;
00005C6B : FC85;
00005C6C : FBAB;
00005C6D : FB44;
00005C6E : FB9D;
00005C6F : FCB9;
00005C70 : FE69;
00005C71 : 0034;
00005C72 : 01AB;
00005C73 : 025E;
00005C74 : 019A;
00005C75 : FFF0;
00005C76 : FD70;
00005C77 : FAEE;
00005C78 : F94D;
00005C79 : F82F;
00005C7A : F76B;
00005C7B : F75D;
00005C7C : F7E1;
00005C7D : F901;
00005C7E : FB0B;
00005C7F : FDFE;
00005C80 : 0147;
00005C81 : 045E;
00005C82 : 06FF;
00005C83 : 090A;
00005C84 : 0AF1;
00005C85 : 0C32;
00005C86 : 0CB9;
00005C87 : 0C49;
00005C88 : 0AED;
00005C89 : 0919;
00005C8A : 0748;
00005C8B : 058B;
00005C8C : 03E1;
00005C8D : 0230;
00005C8E : FFE0;
00005C8F : FD6C;
00005C90 : FB37;
00005C91 : FA21;
00005C92 : FA63;
00005C93 : FB99;
00005C94 : FD43;
00005C95 : FF0B;
00005C96 : 00E4;
00005C97 : 0237;
00005C98 : 0282;
00005C99 : 01ED;
00005C9A : 0071;
00005C9B : FE25;
00005C9C : FC40;
00005C9D : FB0C;
00005C9E : FAE0;
00005C9F : FB66;
00005CA0 : FC9F;
00005CA1 : FDB8;
00005CA2 : FE20;
00005CA3 : FE18;
00005CA4 : FD65;
00005CA5 : FC4E;
00005CA6 : FA7D;
00005CA7 : F844;
00005CA8 : F5FB;
00005CA9 : F4A1;
00005CAA : F4B7;
00005CAB : F666;
00005CAC : FA10;
00005CAD : FEEF;
00005CAE : 03C5;
00005CAF : 0806;
00005CB0 : 0AEF;
00005CB1 : 0CDE;
00005CB2 : 0E65;
00005CB3 : 0F93;
00005CB4 : 102B;
00005CB5 : 0FD1;
00005CB6 : 0DFF;
00005CB7 : 0A95;
00005CB8 : 0620;
00005CB9 : 0162;
00005CBA : FD3B;
00005CBB : F9D5;
00005CBC : F6D3;
00005CBD : F4B8;
00005CBE : F39E;
00005CBF : F3C7;
00005CC0 : F5A0;
00005CC1 : F97A;
00005CC2 : FE22;
00005CC3 : 0300;
00005CC4 : 0756;
00005CC5 : 0A67;
00005CC6 : 0BE3;
00005CC7 : 0C4A;
00005CC8 : 0BD4;
00005CC9 : 0A86;
00005CCA : 0858;
00005CCB : 056D;
00005CCC : 0153;
00005CCD : FD20;
00005CCE : F952;
00005CCF : F636;
00005CD0 : F4B4;
00005CD1 : F46A;
00005CD2 : F536;
00005CD3 : F6FB;
00005CD4 : F938;
00005CD5 : FBE7;
00005CD6 : FF33;
00005CD7 : 0308;
00005CD8 : 06E3;
00005CD9 : 0A92;
00005CDA : 0D24;
00005CDB : 0E26;
00005CDC : 0D52;
00005CDD : 0A93;
00005CDE : 067D;
00005CDF : 0155;
00005CE0 : FC55;
00005CE1 : F822;
00005CE2 : F510;
00005CE3 : F32C;
00005CE4 : F226;
00005CE5 : F232;
00005CE6 : F30C;
00005CE7 : F464;
00005CE8 : F858;
00005CE9 : FD1A;
00005CEA : 0275;
00005CEB : 07A0;
00005CEC : 0B7F;
00005CED : 0D84;
00005CEE : 0D69;
00005CEF : 0BEE;
00005CF0 : 09DC;
00005CF1 : 0777;
00005CF2 : 04E2;
00005CF3 : 0232;
00005CF4 : FEF3;
00005CF5 : FC19;
00005CF6 : FA54;
00005CF7 : FA69;
00005CF8 : FB7C;
00005CF9 : FD30;
00005CFA : FE82;
00005CFB : FECE;
00005CFC : FE11;
00005CFD : FCD5;
00005CFE : FC22;
00005CFF : FBFC;
00005D00 : FBF2;
00005D01 : FBDD;
00005D02 : FB4A;
00005D03 : FA71;
00005D04 : F9C3;
00005D05 : F9BA;
00005D06 : FAE9;
00005D07 : FD7C;
00005D08 : 00E2;
00005D09 : 04B6;
00005D0A : 084C;
00005D0B : 0AD3;
00005D0C : 0BF5;
00005D0D : 0B2D;
00005D0E : 08A3;
00005D0F : 0520;
00005D10 : 01EA;
00005D11 : FF6D;
00005D12 : FE3E;
00005D13 : FE16;
00005D14 : FEAD;
00005D15 : FF60;
00005D16 : FF1A;
00005D17 : FD87;
00005D18 : FB1E;
00005D19 : F90C;
00005D1A : F8AD;
00005D1B : FB06;
00005D1C : 000F;
00005D1D : 063C;
00005D1E : 0A58;
00005D1F : 09D7;
00005D20 : 033A;
00005D21 : F82C;
00005D22 : EC9A;
00005D23 : E565;
00005D24 : E6FE;
00005D25 : F14B;
00005D26 : 016A;
00005D27 : 1138;
00005D28 : 1AFF;
00005D29 : 1B98;
00005D2A : 141B;
00005D2B : 08CC;
00005D2C : FF32;
00005D2D : FADF;
00005D2E : FBFD;
00005D2F : FE9E;
00005D30 : FDA8;
00005D31 : F699;
00005D32 : EB86;
00005D33 : E27E;
00005D34 : E1BB;
00005D35 : EC50;
00005D36 : FFC0;
00005D37 : 1590;
00005D38 : 26A2;
00005D39 : 2E36;
00005D3A : 2B84;
00005D3B : 203A;
00005D3C : 0F40;
00005D3D : FCB4;
00005D3E : EB89;
00005D3F : DD05;
00005D40 : D19E;
00005D41 : CA7D;
00005D42 : CA89;
00005D43 : D1E0;
00005D44 : E0AC;
00005D45 : F316;
00005D46 : 044C;
00005D47 : 12C2;
00005D48 : 1DA8;
00005D49 : 25E7;
00005D4A : 2AE3;
00005D4B : 2DA1;
00005D4C : 2D6F;
00005D4D : 29E0;
00005D4E : 21CA;
00005D4F : 1566;
00005D50 : 0783;
00005D51 : FB46;
00005D52 : F3A5;
00005D53 : F14F;
00005D54 : F308;
00005D55 : F575;
00005D56 : F55B;
00005D57 : F15C;
00005D58 : EA53;
00005D59 : E301;
00005D5A : DDC3;
00005D5B : DB67;
00005D5C : DBC7;
00005D5D : DD9A;
00005D5E : E176;
00005D5F : E8DD;
00005D60 : F465;
00005D61 : 038F;
00005D62 : 13EF;
00005D63 : 218C;
00005D64 : 29AE;
00005D65 : 2AF6;
00005D66 : 266A;
00005D67 : 1E8A;
00005D68 : 15B9;
00005D69 : 0D02;
00005D6A : 0406;
00005D6B : FA23;
00005D6C : EF27;
00005D6D : E48E;
00005D6E : DD46;
00005D6F : DC66;
00005D70 : E296;
00005D71 : EEDD;
00005D72 : FE66;
00005D73 : 0D53;
00005D74 : 1A7A;
00005D75 : 256C;
00005D76 : 2D8F;
00005D77 : 315B;
00005D78 : 2EA6;
00005D79 : 2498;
00005D7A : 14C7;
00005D7B : 0352;
00005D7C : F435;
00005D7D : E926;
00005D7E : E254;
00005D7F : DFB7;
00005D80 : DFEF;
00005D81 : E222;
00005D82 : E572;
00005D83 : E8B2;
00005D84 : EB08;
00005D85 : ECFB;
00005D86 : EE49;
00005D87 : EFB4;
00005D88 : F123;
00005D89 : F272;
00005D8A : F475;
00005D8B : F818;
00005D8C : FD6B;
00005D8D : 048D;
00005D8E : 0CCC;
00005D8F : 1362;
00005D90 : 1716;
00005D91 : 1714;
00005D92 : 1461;
00005D93 : 100D;
00005D94 : 0B2A;
00005D95 : 06C2;
00005D96 : 0320;
00005D97 : FF5E;
00005D98 : FC22;
00005D99 : F9D0;
00005D9A : F84C;
00005D9B : F777;
00005D9C : F894;
00005D9D : FACC;
00005D9E : FD3D;
00005D9F : FF82;
00005DA0 : 00DD;
00005DA1 : 0142;
00005DA2 : 0104;
00005DA3 : 010F;
00005DA4 : 0265;
00005DA5 : 053D;
00005DA6 : 0947;
00005DA7 : 0DDC;
00005DA8 : 117C;
00005DA9 : 1319;
00005DAA : 121A;
00005DAB : 0F54;
00005DAC : 0BD5;
00005DAD : 0934;
00005DAE : 076D;
00005DAF : 0613;
00005DB0 : 0417;
00005DB1 : 00D1;
00005DB2 : FC91;
00005DB3 : F883;
00005DB4 : F5BC;
00005DB5 : F496;
00005DB6 : F51C;
00005DB7 : F5F5;
00005DB8 : F70B;
00005DB9 : F7B8;
00005DBA : F862;
00005DBB : F98B;
00005DBC : FADD;
00005DBD : FBEA;
00005DBE : FBEA;
00005DBF : FB14;
00005DC0 : F91D;
00005DC1 : F615;
00005DC2 : F2A0;
00005DC3 : EF63;
00005DC4 : ECEF;
00005DC5 : EC29;
00005DC6 : ED3D;
00005DC7 : F084;
00005DC8 : F4CB;
00005DC9 : F9BF;
00005DCA : FEB1;
00005DCB : 037A;
00005DCC : 07CD;
00005DCD : 0B68;
00005DCE : 0DA7;
00005DCF : 0ED2;
00005DD0 : 0EFA;
00005DD1 : 0EB6;
00005DD2 : 0E6C;
00005DD3 : 0DD4;
00005DD4 : 0CA2;
00005DD5 : 0A6A;
00005DD6 : 0749;
00005DD7 : 042F;
00005DD8 : 0279;
00005DD9 : 028B;
00005DDA : 03D4;
00005DDB : 0527;
00005DDC : 0564;
00005DDD : 0419;
00005DDE : 0248;
00005DDF : 013E;
00005DE0 : 0173;
00005DE1 : 0281;
00005DE2 : 02BE;
00005DE3 : 00CD;
00005DE4 : FCEB;
00005DE5 : F7FD;
00005DE6 : F3D7;
00005DE7 : F24D;
00005DE8 : F348;
00005DE9 : F5F0;
00005DEA : F94E;
00005DEB : FC73;
00005DEC : FEEF;
00005DED : 00D3;
00005DEE : 02AB;
00005DEF : 04DD;
00005DF0 : 0793;
00005DF1 : 0A87;
00005DF2 : 0CEB;
00005DF3 : 0D8F;
00005DF4 : 0BC9;
00005DF5 : 082B;
00005DF6 : 03FD;
00005DF7 : 00B4;
00005DF8 : FF2F;
00005DF9 : FF56;
00005DFA : 0043;
00005DFB : 001F;
00005DFC : FE7E;
00005DFD : FB94;
00005DFE : F882;
00005DFF : F5ED;
00005E00 : F4A2;
00005E01 : F45B;
00005E02 : F424;
00005E03 : F357;
00005E04 : F1F0;
00005E05 : F055;
00005E06 : EF6E;
00005E07 : EFE6;
00005E08 : F21E;
00005E09 : F60C;
00005E0A : FAB6;
00005E0B : FFA6;
00005E0C : 0407;
00005E0D : 0799;
00005E0E : 0A3C;
00005E0F : 0C5B;
00005E10 : 0E66;
00005E11 : 1053;
00005E12 : 11B3;
00005E13 : 11D6;
00005E14 : 1054;
00005E15 : 0D19;
00005E16 : 08BD;
00005E17 : 0412;
00005E18 : 0056;
00005E19 : FE09;
00005E1A : FCDE;
00005E1B : FC4D;
00005E1C : FB9F;
00005E1D : FABF;
00005E1E : F9DD;
00005E1F : F9D3;
00005E20 : FB25;
00005E21 : FDAE;
00005E22 : 00FF;
00005E23 : 03A3;
00005E24 : 053B;
00005E25 : 0563;
00005E26 : 0480;
00005E27 : 0332;
00005E28 : 0176;
00005E29 : FFA7;
00005E2A : FDBA;
00005E2B : FBFB;
00005E2C : FAE5;
00005E2D : FAB5;
00005E2E : FB5D;
00005E2F : FD64;
00005E30 : 0029;
00005E31 : 0329;
00005E32 : 05B2;
00005E33 : 0788;
00005E34 : 082F;
00005E35 : 075F;
00005E36 : 05BD;
00005E37 : 0361;
00005E38 : 00E1;
00005E39 : FE22;
00005E3A : FB3E;
00005E3B : F87F;
00005E3C : F6A3;
00005E3D : F615;
00005E3E : F6AF;
00005E3F : F81A;
00005E40 : F9A6;
00005E41 : FAC0;
00005E42 : FB69;
00005E43 : FC26;
00005E44 : FCCE;
00005E45 : FDAA;
00005E46 : FE44;
00005E47 : FDBF;
00005E48 : FC2C;
00005E49 : FAA3;
00005E4A : F975;
00005E4B : F982;
00005E4C : FB0B;
00005E4D : FE23;
00005E4E : 018F;
00005E4F : 04CC;
00005E50 : 077D;
00005E51 : 0940;
00005E52 : 0ABD;
00005E53 : 0B8F;
00005E54 : 0C04;
00005E55 : 0BEF;
00005E56 : 0B1B;
00005E57 : 0942;
00005E58 : 06E2;
00005E59 : 042E;
00005E5A : 01CC;
00005E5B : FFB7;
00005E5C : FDCB;
00005E5D : FCB7;
00005E5E : FC12;
00005E5F : FC29;
00005E60 : FD56;
00005E61 : FEC8;
00005E62 : 0091;
00005E63 : 01D0;
00005E64 : 01FD;
00005E65 : 00F0;
00005E66 : FEAE;
00005E67 : FBFB;
00005E68 : F956;
00005E69 : F7F5;
00005E6A : F82E;
00005E6B : FA54;
00005E6C : FD3F;
00005E6D : 005E;
00005E6E : 0286;
00005E6F : 02BC;
00005E70 : 0175;
00005E71 : FF1B;
00005E72 : FC41;
00005E73 : F99B;
00005E74 : F80E;
00005E75 : F833;
00005E76 : F96B;
00005E77 : FB1E;
00005E78 : FCE9;
00005E79 : FE42;
00005E7A : FF2F;
00005E7B : 005B;
00005E7C : 022D;
00005E7D : 0505;
00005E7E : 0873;
00005E7F : 0B20;
00005E80 : 0C29;
00005E81 : 0AEF;
00005E82 : 07A3;
00005E83 : 0308;
00005E84 : FE9D;
00005E85 : FB53;
00005E86 : F9BB;
00005E87 : F9D3;
00005E88 : FAF1;
00005E89 : FCC7;
00005E8A : FF40;
00005E8B : 02A6;
00005E8C : 0724;
00005E8D : 0C62;
00005E8E : 1150;
00005E8F : 14BD;
00005E90 : 1595;
00005E91 : 1323;
00005E92 : 0E3C;
00005E93 : 0805;
00005E94 : 013A;
00005E95 : FACD;
00005E96 : F4EF;
00005E97 : EFA5;
00005E98 : EB5E;
00005E99 : E8A2;
00005E9A : E89D;
00005E9B : EAAE;
00005E9C : EE5A;
00005E9D : F298;
00005E9E : F67B;
00005E9F : F9D9;
00005EA0 : FC04;
00005EA1 : FD53;
00005EA2 : FD9C;
00005EA3 : FD3A;
00005EA4 : FC65;
00005EA5 : FBF1;
00005EA6 : FCB7;
00005EA7 : FF77;
00005EA8 : 03B0;
00005EA9 : 0882;
00005EAA : 0CDB;
00005EAB : 100A;
00005EAC : 1141;
00005EAD : 10E2;
00005EAE : 0E9C;
00005EAF : 0B66;
00005EB0 : 0792;
00005EB1 : 0305;
00005EB2 : FEAD;
00005EB3 : FAAF;
00005EB4 : F78B;
00005EB5 : F55E;
00005EB6 : F487;
00005EB7 : F501;
00005EB8 : F70E;
00005EB9 : FA27;
00005EBA : FDA5;
00005EBB : 00E0;
00005EBC : 02DD;
00005EBD : 0399;
00005EBE : 02EB;
00005EBF : 01BD;
00005EC0 : 00A4;
00005EC1 : 00B1;
00005EC2 : 02BC;
00005EC3 : 06A3;
00005EC4 : 0B79;
00005EC5 : 0F76;
00005EC6 : 1108;
00005EC7 : 0E44;
00005EC8 : 070E;
00005EC9 : FCCA;
00005ECA : F2AD;
00005ECB : EBF0;
00005ECC : EBA2;
00005ECD : F1D1;
00005ECE : FC44;
00005ECF : 06FD;
00005ED0 : 0D93;
00005ED1 : 0E03;
00005ED2 : 089D;
00005ED3 : 0031;
00005ED4 : F81E;
00005ED5 : F2ED;
00005ED6 : F065;
00005ED7 : EE6C;
00005ED8 : EAFB;
00005ED9 : E583;
00005EDA : DFE3;
00005EDB : DE32;
00005EDC : E36E;
00005EDD : F09C;
00005EDE : 0435;
00005EDF : 19A5;
00005EE0 : 2B88;
00005EE1 : 3611;
00005EE2 : 372B;
00005EE3 : 2E7E;
00005EE4 : 1E31;
00005EE5 : 0A17;
00005EE6 : F71B;
00005EE7 : E7D5;
00005EE8 : DC5F;
00005EE9 : D3C7;
00005EEA : CEEF;
00005EEB : D0BD;
00005EEC : DBFC;
00005EED : EF94;
00005EEE : 0646;
00005EEF : 1AC1;
00005EF0 : 29BF;
00005EF1 : 32D6;
00005EF2 : 36A7;
00005EF3 : 3617;
00005EF4 : 3159;
00005EF5 : 2832;
00005EF6 : 1BA1;
00005EF7 : 0D47;
00005EF8 : FDBA;
00005EF9 : EDC1;
00005EFA : DF27;
00005EFB : D47A;
00005EFC : CFA5;
00005EFD : D121;
00005EFE : D717;
00005EFF : DE97;
00005F00 : E5AA;
00005F01 : EBAE;
00005F02 : F0C2;
00005F03 : F491;
00005F04 : F749;
00005F05 : F898;
00005F06 : F8B8;
00005F07 : F8F3;
00005F08 : FB94;
00005F09 : 0201;
00005F0A : 0BEF;
00005F0B : 177A;
00005F0C : 21BC;
00005F0D : 2822;
00005F0E : 2A10;
00005F0F : 2750;
00005F10 : 207D;
00005F11 : 1699;
00005F12 : 0A13;
00005F13 : FBFC;
00005F14 : ECEA;
00005F15 : DE33;
00005F16 : D24E;
00005F17 : CC61;
00005F18 : CF2B;
00005F19 : DB19;
00005F1A : ED36;
00005F1B : 00F9;
00005F1C : 12D7;
00005F1D : 21DD;
00005F1E : 2E9D;
00005F1F : 38F2;
00005F20 : 3E98;
00005F21 : 3CFD;
00005F22 : 32BE;
00005F23 : 21D1;
00005F24 : 0EA0;
00005F25 : FC7E;
00005F26 : EC5B;
00005F27 : DED8;
00005F28 : D515;
00005F29 : D0AA;
00005F2A : D1FF;
00005F2B : D752;
00005F2C : DDE2;
00005F2D : E323;
00005F2E : E65E;
00005F2F : E89B;
00005F30 : EB4C;
00005F31 : EF60;
00005F32 : F442;
00005F33 : F9A0;
00005F34 : FE9A;
00005F35 : 02E8;
00005F36 : 0695;
00005F37 : 09C5;
00005F38 : 0C10;
00005F39 : 0CE7;
00005F3A : 0C64;
00005F3B : 0B85;
00005F3C : 0B99;
00005F3D : 0D53;
00005F3E : 0FAC;
00005F3F : 110E;
00005F40 : 0F44;
00005F41 : 0A03;
00005F42 : 0257;
00005F43 : FABA;
00005F44 : F5B3;
00005F45 : F509;
00005F46 : F807;
00005F47 : FCFE;
00005F48 : 0254;
00005F49 : 070B;
00005F4A : 0AF0;
00005F4B : 0E45;
00005F4C : 107D;
00005F4D : 10AB;
00005F4E : 0ECB;
00005F4F : 0B82;
00005F50 : 084D;
00005F51 : 059B;
00005F52 : 03FB;
00005F53 : 0200;
00005F54 : FE39;
00005F55 : F8F1;
00005F56 : F417;
00005F57 : F2CD;
00005F58 : F64B;
00005F59 : FDA6;
00005F5A : 0515;
00005F5B : 0928;
00005F5C : 079E;
00005F5D : 01BC;
00005F5E : FAB1;
00005F5F : F60C;
00005F60 : F4C2;
00005F61 : F5F6;
00005F62 : F778;
00005F63 : F7DD;
00005F64 : F72F;
00005F65 : F657;
00005F66 : F6BC;
00005F67 : F8D0;
00005F68 : FD22;
00005F69 : 0228;
00005F6A : 0641;
00005F6B : 081C;
00005F6C : 0699;
00005F6D : 01A0;
00005F6E : FA75;
00005F6F : F2EC;
00005F70 : ED06;
00005F71 : EA74;
00005F72 : EB35;
00005F73 : EEA6;
00005F74 : F32C;
00005F75 : F7E0;
00005F76 : FC4A;
00005F77 : 0065;
00005F78 : 0418;
00005F79 : 0781;
00005F7A : 0A13;
00005F7B : 0C18;
00005F7C : 0EBF;
00005F7D : 11A8;
00005F7E : 150F;
00005F7F : 172B;
00005F80 : 16C7;
00005F81 : 124D;
00005F82 : 0A0E;
00005F83 : FFEA;
00005F84 : F72A;
00005F85 : F2A4;
00005F86 : F30F;
00005F87 : F7F2;
00005F88 : FEDC;
00005F89 : 04AB;
00005F8A : 078A;
00005F8B : 0688;
00005F8C : 024D;
00005F8D : FD8D;
00005F8E : FABF;
00005F8F : FB5A;
00005F90 : FE09;
00005F91 : 0181;
00005F92 : 02B5;
00005F93 : 0047;
00005F94 : FA9D;
00005F95 : F3DF;
00005F96 : EF69;
00005F97 : EF59;
00005F98 : F475;
00005F99 : FCEF;
00005F9A : 05E4;
00005F9B : 0C1A;
00005F9C : 0E4F;
00005F9D : 0CE0;
00005F9E : 0970;
00005F9F : 05C1;
00005FA0 : 03C5;
00005FA1 : 03EE;
00005FA2 : 04EC;
00005FA3 : 055E;
00005FA4 : 037E;
00005FA5 : FEFE;
00005FA6 : F835;
00005FA7 : F15F;
00005FA8 : EC51;
00005FA9 : EA4A;
00005FAA : EB64;
00005FAB : EEC2;
00005FAC : F2D2;
00005FAD : F688;
00005FAE : F975;
00005FAF : FCB3;
00005FB0 : 0122;
00005FB1 : 06F2;
00005FB2 : 0DDA;
00005FB3 : 146A;
00005FB4 : 1984;
00005FB5 : 1C2A;
00005FB6 : 1CDF;
00005FB7 : 1C5A;
00005FB8 : 1B6A;
00005FB9 : 1AC3;
00005FBA : 19B9;
00005FBB : 1830;
00005FBC : 1467;
00005FBD : 0DD0;
00005FBE : 04C7;
00005FBF : FAF8;
00005FC0 : F21F;
00005FC1 : EBF8;
00005FC2 : E949;
00005FC3 : E951;
00005FC4 : EB19;
00005FC5 : ED5F;
00005FC6 : EEEE;
00005FC7 : F01D;
00005FC8 : F101;
00005FC9 : F2FA;
00005FCA : F605;
00005FCB : F98D;
00005FCC : FC89;
00005FCD : FDC4;
00005FCE : FCC9;
00005FCF : FA5B;
00005FD0 : F80B;
00005FD1 : F6CA;
00005FD2 : F709;
00005FD3 : F797;
00005FD4 : F85A;
00005FD5 : F858;
00005FD6 : F8D9;
00005FD7 : FBA2;
00005FD8 : 0176;
00005FD9 : 0A37;
00005FDA : 13B3;
00005FDB : 1A90;
00005FDC : 1C6F;
00005FDD : 1910;
00005FDE : 11DA;
00005FDF : 094F;
00005FE0 : 0207;
00005FE1 : FD4E;
00005FE2 : F964;
00005FE3 : F421;
00005FE4 : EBFF;
00005FE5 : E20A;
00005FE6 : DA32;
00005FE7 : D9DD;
00005FE8 : E43D;
00005FE9 : F72E;
00005FEA : 0C88;
00005FEB : 1DCE;
00005FEC : 25FF;
00005FED : 23CC;
00005FEE : 19AA;
00005FEF : 0B3D;
00005FF0 : FE31;
00005FF1 : F6A8;
00005FF2 : F5A0;
00005FF3 : F86E;
00005FF4 : FB47;
00005FF5 : FBDF;
00005FF6 : FB86;
00005FF7 : FDAC;
00005FF8 : 057E;
00005FF9 : 120A;
00005FFA : 1FA9;
00005FFB : 2804;
00005FFC : 268C;
00005FFD : 1BCD;
00005FFE : 0C10;
00005FFF : FDD1;
00006000 : F4FD;
00006001 : F281;
00006002 : F2E7;
00006003 : F3F2;
00006004 : F3E2;
00006005 : F34C;
00006006 : F293;
00006007 : F1EE;
00006008 : F176;
00006009 : F04A;
0000600A : EEC4;
0000600B : EE40;
0000600C : EFD8;
0000600D : F39B;
0000600E : F81A;
0000600F : FB51;
00006010 : FBEF;
00006011 : F918;
00006012 : F3B7;
00006013 : EEB8;
00006014 : ED59;
00006015 : F186;
00006016 : FBD9;
00006017 : 0A4B;
00006018 : 192A;
00006019 : 24C0;
0000601A : 2A14;
0000601B : 28BD;
0000601C : 21E1;
0000601D : 174C;
0000601E : 0BE9;
0000601F : 01DB;
00006020 : F9B7;
00006021 : F306;
00006022 : ED05;
00006023 : E9A3;
00006024 : EA55;
00006025 : EFC8;
00006026 : F80E;
00006027 : FFEA;
00006028 : 0527;
00006029 : 0760;
0000602A : 0848;
0000602B : 0A7F;
0000602C : 0E8A;
0000602D : 1208;
0000602E : 120B;
0000602F : 0C9F;
00006030 : 0392;
00006031 : FA9A;
00006032 : F56E;
00006033 : F5B3;
00006034 : FA08;
00006035 : FFB7;
00006036 : 03DE;
00006037 : 055C;
00006038 : 0443;
00006039 : 01C2;
0000603A : FE48;
0000603B : FA2F;
0000603C : F5B2;
0000603D : F1BB;
0000603E : EEB7;
0000603F : EDD6;
00006040 : EEAF;
00006041 : F09F;
00006042 : F2BE;
00006043 : F4BF;
00006044 : F5F4;
00006045 : F686;
00006046 : F6DB;
00006047 : F74C;
00006048 : F8AB;
00006049 : FB4E;
0000604A : FFE4;
0000604B : 0564;
0000604C : 0A59;
0000604D : 0CB9;
0000604E : 0B27;
0000604F : 0680;
00006050 : 00B6;
00006051 : FD77;
00006052 : FDE4;
00006053 : 021A;
00006054 : 081A;
00006055 : 0D6D;
00006056 : 1060;
00006057 : 1197;
00006058 : 117B;
00006059 : 10B9;
0000605A : 0F7D;
0000605B : 0D39;
0000605C : 090D;
0000605D : 030E;
0000605E : FCB0;
0000605F : F874;
00006060 : F7F3;
00006061 : FA88;
00006062 : FEE0;
00006063 : 035F;
00006064 : 060C;
00006065 : 06DE;
00006066 : 069A;
00006067 : 05F3;
00006068 : 05B1;
00006069 : 0528;
0000606A : 0339;
0000606B : FFD1;
0000606C : FB3E;
0000606D : F6CB;
0000606E : F3D8;
0000606F : F299;
00006070 : F24A;
00006071 : F264;
00006072 : F269;
00006073 : F2A7;
00006074 : F35E;
00006075 : F4B5;
00006076 : F6A7;
00006077 : F916;
00006078 : FBB8;
00006079 : FE29;
0000607A : 00E3;
0000607B : 0392;
0000607C : 05EE;
0000607D : 07E0;
0000607E : 08D1;
0000607F : 07E4;
00006080 : 0529;
00006081 : 0104;
00006082 : FC36;
00006083 : F870;
00006084 : F671;
00006085 : F724;
00006086 : FA24;
00006087 : FDB9;
00006088 : 00ED;
00006089 : 0312;
0000608A : 0483;
0000608B : 0560;
0000608C : 05D9;
0000608D : 05FD;
0000608E : 061B;
0000608F : 058D;
00006090 : 050C;
00006091 : 0537;
00006092 : 0690;
00006093 : 08BC;
00006094 : 0AB1;
00006095 : 0B61;
00006096 : 0A6E;
00006097 : 0787;
00006098 : 03CC;
00006099 : 0102;
0000609A : FF52;
0000609B : 000A;
0000609C : 01D0;
0000609D : 0355;
0000609E : 0455;
0000609F : 03B4;
000060A0 : 0153;
000060A1 : FD8E;
000060A2 : F93E;
000060A3 : F661;
000060A4 : F609;
000060A5 : F8AE;
000060A6 : FDAA;
000060A7 : 0264;
000060A8 : 04DC;
000060A9 : 03A0;
000060AA : 003E;
000060AB : FC70;
000060AC : FAFF;
000060AD : FC9C;
000060AE : 00DC;
000060AF : 054B;
000060B0 : 07D4;
000060B1 : 07D8;
000060B2 : 053A;
000060B3 : 010C;
000060B4 : FD32;
000060B5 : FB5F;
000060B6 : FBEE;
000060B7 : FE31;
000060B8 : 00EC;
000060B9 : 02AE;
000060BA : 0276;
000060BB : 0013;
000060BC : FD1C;
000060BD : FB66;
000060BE : FC61;
000060BF : 003C;
000060C0 : 050D;
000060C1 : 0956;
000060C2 : 0BEE;
000060C3 : 0CBA;
000060C4 : 0C04;
000060C5 : 0A4C;
000060C6 : 07AD;
000060C7 : 03A4;
000060C8 : FEF4;
000060C9 : F9A5;
000060CA : F526;
000060CB : F29D;
000060CC : F258;
000060CD : F3B0;
000060CE : F5CC;
000060CF : F818;
000060D0 : F9A4;
000060D1 : FA89;
000060D2 : FAEB;
000060D3 : FB4F;
000060D4 : FBD1;
000060D5 : FCF4;
000060D6 : FF68;
000060D7 : 0313;
000060D8 : 06BD;
000060D9 : 0916;
000060DA : 099F;
000060DB : 0805;
000060DC : 0551;
000060DD : 03D9;
000060DE : 0456;
000060DF : 0615;
000060E0 : 07A0;
000060E1 : 07A7;
000060E2 : 0551;
000060E3 : 0116;
000060E4 : FCF4;
000060E5 : FA36;
000060E6 : F948;
000060E7 : FA48;
000060E8 : FBBC;
000060E9 : FD05;
000060EA : FDF8;
000060EB : FE12;
000060EC : FE17;
000060ED : FDDC;
000060EE : FE3F;
000060EF : FFAE;
000060F0 : 024F;
000060F1 : 0504;
000060F2 : 06FF;
000060F3 : 076F;
000060F4 : 0522;
000060F5 : 015E;
000060F6 : FCEA;
000060F7 : F976;
000060F8 : F7F0;
000060F9 : F7F5;
000060FA : F8D1;
000060FB : F95C;
000060FC : F9BD;
000060FD : FA67;
000060FE : FBA9;
000060FF : FD43;
00006100 : FF91;
00006101 : 01A6;
00006102 : 0436;
00006103 : 0641;
00006104 : 08A0;
00006105 : 0AC6;
00006106 : 0BE3;
00006107 : 0BAC;
00006108 : 0946;
00006109 : 0560;
0000610A : 00D5;
0000610B : FC59;
0000610C : F9D1;
0000610D : F8E0;
0000610E : F97D;
0000610F : FA51;
00006110 : FB0C;
00006111 : FAD4;
00006112 : FA2E;
00006113 : F988;
00006114 : F9C8;
00006115 : FBA7;
00006116 : FF1F;
00006117 : 03F1;
00006118 : 08D9;
00006119 : 0CB6;
0000611A : 0EDE;
0000611B : 0F7C;
0000611C : 0E97;
0000611D : 0D35;
0000611E : 0BC8;
0000611F : 0A4B;
00006120 : 0902;
00006121 : 06B3;
00006122 : 042E;
00006123 : 019B;
00006124 : FEF7;
00006125 : FBDF;
00006126 : F8AF;
00006127 : F649;
00006128 : F3B2;
00006129 : F28B;
0000612A : F284;
0000612B : F416;
0000612C : F707;
0000612D : FA7D;
0000612E : FDD9;
0000612F : 0166;
00006130 : 0435;
00006131 : 065B;
00006132 : 086E;
00006133 : 09FA;
00006134 : 09B1;
00006135 : 071D;
00006136 : 040B;
00006137 : 009C;
00006138 : FE30;
00006139 : FCFF;
0000613A : FD2F;
0000613B : FE35;
0000613C : FF41;
0000613D : 008C;
0000613E : 01FA;
0000613F : 0395;
00006140 : 04E9;
00006141 : 05C8;
00006142 : 05C4;
00006143 : 0440;
00006144 : 0157;
00006145 : FDEB;
00006146 : FB01;
00006147 : F8D1;
00006148 : F739;
00006149 : F64B;
0000614A : F613;
0000614B : F5F7;
0000614C : F72D;
0000614D : F9B0;
0000614E : FE69;
0000614F : 04C0;
00006150 : 0BCD;
00006151 : 110B;
00006152 : 1202;
00006153 : 0EA6;
00006154 : 079A;
00006155 : FE7B;
00006156 : F63D;
00006157 : F0B9;
00006158 : EE83;
00006159 : EF7D;
0000615A : F1E3;
0000615B : F501;
0000615C : F7D8;
0000615D : FA70;
0000615E : FE08;
0000615F : 02F4;
00006160 : 0978;
00006161 : 114D;
00006162 : 18D4;
00006163 : 1E3B;
00006164 : 208C;
00006165 : 1EC9;
00006166 : 18BC;
00006167 : 1054;
00006168 : 0665;
00006169 : FD60;
0000616A : F662;
0000616B : F102;
0000616C : ED82;
0000616D : EB99;
0000616E : EABF;
0000616F : EAE2;
00006170 : EBC0;
00006171 : EC8F;
00006172 : ED88;
00006173 : EF0C;
00006174 : F24F;
00006175 : F70A;
00006176 : FD0F;
00006177 : 037B;
00006178 : 095C;
00006179 : 0DB8;
0000617A : 0FED;
0000617B : 1053;
0000617C : 0EDE;
0000617D : 0C41;
0000617E : 09CC;
0000617F : 086F;
00006180 : 0763;
00006181 : 0765;
00006182 : 078D;
00006183 : 06EF;
00006184 : 04ED;
00006185 : 0190;
00006186 : FD21;
00006187 : F873;
00006188 : F598;
00006189 : F4DA;
0000618A : F70E;
0000618B : FAB7;
0000618C : FF04;
0000618D : 02DA;
0000618E : 04AA;
0000618F : 04D7;
00006190 : 036F;
00006191 : 0102;
00006192 : FE72;
00006193 : FC0F;
00006194 : FA6E;
00006195 : FA51;
00006196 : FBAB;
00006197 : FD8A;
00006198 : FF1F;
00006199 : FF0E;
0000619A : FD5F;
0000619B : FA2F;
0000619C : F698;
0000619D : F426;
0000619E : F3A9;
0000619F : F5A6;
000061A0 : F8C5;
000061A1 : FC0F;
000061A2 : FE95;
000061A3 : FFD1;
000061A4 : 0005;
000061A5 : 0006;
000061A6 : 00D7;
000061A7 : 02FC;
000061A8 : 059F;
000061A9 : 0855;
000061AA : 0A33;
000061AB : 0A3E;
000061AC : 0855;
000061AD : 053A;
000061AE : 0190;
000061AF : FE45;
000061B0 : FBA4;
000061B1 : FA5E;
000061B2 : FA55;
000061B3 : FB45;
000061B4 : FD03;
000061B5 : FFBA;
000061B6 : 02EB;
000061B7 : 05CA;
000061B8 : 07D8;
000061B9 : 0909;
000061BA : 0984;
000061BB : 0999;
000061BC : 09FB;
000061BD : 0A99;
000061BE : 0B48;
000061BF : 0AE7;
000061C0 : 0910;
000061C1 : 05DE;
000061C2 : 0210;
000061C3 : FEAD;
000061C4 : FC02;
000061C5 : FA40;
000061C6 : F8E1;
000061C7 : F770;
000061C8 : F525;
000061C9 : F286;
000061CA : F054;
000061CB : EF9F;
000061CC : F0F9;
000061CD : F3BE;
000061CE : F767;
000061CF : FB14;
000061D0 : FDF9;
000061D1 : 002E;
000061D2 : 0279;
000061D3 : 05CA;
000061D4 : 0A89;
000061D5 : 105A;
000061D6 : 15A3;
000061D7 : 18D7;
000061D8 : 1863;
000061D9 : 1353;
000061DA : 0AA0;
000061DB : 00A5;
000061DC : F72C;
000061DD : F04A;
000061DE : EBB3;
000061DF : E969;
000061E0 : E860;
000061E1 : E86B;
000061E2 : E93E;
000061E3 : EA30;
000061E4 : EBCD;
000061E5 : EE41;
000061E6 : F1BB;
000061E7 : F5C3;
000061E8 : FA44;
000061E9 : FEDD;
000061EA : 0343;
000061EB : 07A4;
000061EC : 0BBB;
000061ED : 0FCC;
000061EE : 1280;
000061EF : 1334;
000061F0 : 1171;
000061F1 : 0D88;
000061F2 : 08D1;
000061F3 : 0521;
000061F4 : 0345;
000061F5 : 0382;
000061F6 : 0567;
000061F7 : 0722;
000061F8 : 07F0;
000061F9 : 071A;
000061FA : 041B;
000061FB : FF95;
000061FC : F9D6;
000061FD : F3F6;
000061FE : EF13;
000061FF : EC75;
00006200 : EDAB;
00006201 : F21C;
00006202 : F7D4;
00006203 : FCA0;
00006204 : FF29;
00006205 : 0074;
00006206 : 02E7;
00006207 : 0816;
00006208 : 0F25;
00006209 : 14D6;
0000620A : 1526;
0000620B : 0EFD;
0000620C : 0405;
0000620D : F93E;
0000620E : F311;
0000620F : F2BA;
00006210 : F566;
00006211 : F6EA;
00006212 : F556;
00006213 : F122;
00006214 : EDC9;
00006215 : EF0C;
00006216 : F536;
00006217 : FE2A;
00006218 : 071B;
00006219 : 0DEF;
0000621A : 1266;
0000621B : 1635;
0000621C : 193F;
0000621D : 1A51;
0000621E : 1812;
0000621F : 124A;
00006220 : 0A8F;
00006221 : 03DD;
00006222 : 0047;
00006223 : FF4C;
00006224 : FE38;
00006225 : FAF2;
00006226 : F40D;
00006227 : EAB5;
00006228 : E183;
00006229 : DA68;
0000622A : D6DF;
0000622B : D77D;
0000622C : DBA3;
0000622D : E263;
0000622E : EAA4;
0000622F : F36B;
00006230 : FC4A;
00006231 : 05BC;
00006232 : 0FAC;
00006233 : 1A70;
00006234 : 252B;
00006235 : 2EC7;
00006236 : 35A6;
00006237 : 386C;
00006238 : 35C7;
00006239 : 2D72;
0000623A : 20C5;
0000623B : 1236;
0000623C : 0455;
0000623D : F7CF;
0000623E : EC45;
0000623F : E1AA;
00006240 : DA4E;
00006241 : D791;
00006242 : D97C;
00006243 : DFF4;
00006244 : E802;
00006245 : F05D;
00006246 : F79A;
00006247 : FE07;
00006248 : 03D4;
00006249 : 0832;
0000624A : 0AD1;
0000624B : 0B10;
0000624C : 0927;
0000624D : 05E6;
0000624E : 02C5;
0000624F : FFB6;
00006250 : FD09;
00006251 : FB29;
00006252 : FA10;
00006253 : FA03;
00006254 : FBE6;
00006255 : FEED;
00006256 : 01E4;
00006257 : 04A4;
00006258 : 0635;
00006259 : 06B0;
0000625A : 05F9;
0000625B : 04C2;
0000625C : 0339;
0000625D : 02A1;
0000625E : 034A;
0000625F : 058E;
00006260 : 0945;
00006261 : 0D71;
00006262 : 122E;
00006263 : 15B1;
00006264 : 173A;
00006265 : 1689;
00006266 : 12F1;
00006267 : 0D15;
00006268 : 0523;
00006269 : FB23;
0000626A : F071;
0000626B : E5BB;
0000626C : DCF5;
0000626D : DA2D;
0000626E : DD41;
0000626F : E5CD;
00006270 : F132;
00006271 : FBA8;
00006272 : 0232;
00006273 : 0441;
00006274 : 031A;
00006275 : 0143;
00006276 : 00DD;
00006277 : 0280;
00006278 : 04FF;
00006279 : 06F3;
0000627A : 0760;
0000627B : 05C7;
0000627C : 030F;
0000627D : 0012;
0000627E : FE52;
0000627F : FEC4;
00006280 : 01A6;
00006281 : 0603;
00006282 : 0B00;
00006283 : 0EBC;
00006284 : 1051;
00006285 : 0F80;
00006286 : 0C1E;
00006287 : 05E0;
00006288 : FDED;
00006289 : F597;
0000628A : EEBC;
0000628B : EBB0;
0000628C : ED4F;
0000628D : F366;
0000628E : FBE1;
0000628F : 0429;
00006290 : 0AAE;
00006291 : 0E96;
00006292 : 108D;
00006293 : 11C5;
00006294 : 1314;
00006295 : 14CC;
00006296 : 16AC;
00006297 : 17EA;
00006298 : 16D0;
00006299 : 123A;
0000629A : 09EF;
0000629B : FEF9;
0000629C : F390;
0000629D : E9EE;
0000629E : E463;
0000629F : E423;
000062A0 : E7EA;
000062A1 : EDC5;
000062A2 : F363;
000062A3 : F722;
000062A4 : F795;
000062A5 : F5B1;
000062A6 : F2AC;
000062A7 : F068;
000062A8 : F089;
000062A9 : F3CC;
000062AA : F96E;
000062AB : 001B;
000062AC : 05D8;
000062AD : 096E;
000062AE : 0AB6;
000062AF : 0A32;
000062B0 : 086E;
000062B1 : 06BA;
000062B2 : 0509;
000062B3 : 0347;
000062B4 : 00B4;
000062B5 : FD5C;
000062B6 : F8CF;
000062B7 : F401;
000062B8 : EFAD;
000062B9 : EDB2;
000062BA : EE9F;
000062BB : F1E2;
000062BC : F716;
000062BD : FC46;
000062BE : FF9D;
000062BF : 007C;
000062C0 : FF60;
000062C1 : FD92;
000062C2 : FCD8;
000062C3 : FEC3;
000062C4 : 04A8;
000062C5 : 0DC1;
000062C6 : 17E1;
000062C7 : 1EF6;
000062C8 : 1F76;
000062C9 : 17CE;
000062CA : 0997;
000062CB : F9BD;
000062CC : EE1F;
000062CD : EC64;
000062CE : F4B8;
000062CF : 02E9;
000062D0 : 10A2;
000062D1 : 179A;
000062D2 : 165F;
000062D3 : 0F0D;
000062D4 : 0678;
000062D5 : 01B2;
000062D6 : 0309;
000062D7 : 0851;
000062D8 : 0D88;
000062D9 : 0E15;
000062DA : 08B1;
000062DB : FF20;
000062DC : F5C2;
000062DD : F078;
000062DE : F01A;
000062DF : F3AC;
000062E0 : F7D5;
000062E1 : FA1E;
000062E2 : FA1E;
000062E3 : F865;
000062E4 : F73B;
000062E5 : F7C7;
000062E6 : FAFC;
000062E7 : 0083;
000062E8 : 081A;
000062E9 : 10D5;
000062EA : 18AC;
000062EB : 1DCB;
000062EC : 1DEF;
000062ED : 18C4;
000062EE : 105E;
000062EF : 0742;
000062F0 : FF9B;
000062F1 : FA20;
000062F2 : F590;
000062F3 : F041;
000062F4 : E9F3;
000062F5 : E3CB;
000062F6 : DFC9;
000062F7 : DF44;
000062F8 : E11D;
000062F9 : E4B9;
000062FA : E8E9;
000062FB : ED45;
000062FC : F157;
000062FD : F5FD;
000062FE : FB3D;
000062FF : 0126;
00006300 : 06F2;
00006301 : 0C74;
00006302 : 1172;
00006303 : 1510;
00006304 : 1785;
00006305 : 187F;
00006306 : 1806;
00006307 : 16C3;
00006308 : 1551;
00006309 : 132E;
0000630A : 0FFD;
0000630B : 0B23;
0000630C : 04D3;
0000630D : FE52;
0000630E : F88E;
0000630F : F4CE;
00006310 : F3AF;
00006311 : F490;
00006312 : F6E0;
00006313 : F9EB;
00006314 : FD12;
00006315 : 0041;
00006316 : 02CA;
00006317 : 0468;
00006318 : 04B1;
00006319 : 0349;
0000631A : 0033;
0000631B : FBD6;
0000631C : F6E5;
0000631D : F1C0;
0000631E : EDDE;
0000631F : EBDB;
00006320 : EC07;
00006321 : EE99;
00006322 : F2F2;
00006323 : F82A;
00006324 : FD88;
00006325 : 021B;
00006326 : 0665;
00006327 : 093B;
00006328 : 0BB7;
00006329 : 0D29;
0000632A : 0D3F;
0000632B : 0B94;
0000632C : 07F0;
0000632D : 02A5;
0000632E : FC1B;
0000632F : F62D;
00006330 : F1F5;
00006331 : F172;
00006332 : F41F;
00006333 : F88C;
00006334 : FD04;
00006335 : 000A;
00006336 : 0166;
00006337 : 01A5;
00006338 : 022D;
00006339 : 034C;
0000633A : 04EF;
0000633B : 0692;
0000633C : 085F;
0000633D : 09D5;
0000633E : 0AE8;
0000633F : 0B2E;
00006340 : 0A8D;
00006341 : 088D;
00006342 : 058C;
00006343 : 0285;
00006344 : FFEC;
00006345 : FE06;
00006346 : FD40;
00006347 : FD80;
00006348 : FE70;
00006349 : FFD3;
0000634A : 0143;
0000634B : 02CB;
0000634C : 0449;
0000634D : 061A;
0000634E : 07C8;
0000634F : 0A2F;
00006350 : 0CB3;
00006351 : 0EB5;
00006352 : 0F9B;
00006353 : 0F73;
00006354 : 0D45;
00006355 : 08B0;
00006356 : 0264;
00006357 : FB1D;
00006358 : F47C;
00006359 : EFAA;
0000635A : EDC7;
0000635B : EF15;
0000635C : F2B3;
0000635D : F6BA;
0000635E : F931;
0000635F : F9AF;
00006360 : F76A;
00006361 : F434;
00006362 : F18A;
00006363 : F0BB;
00006364 : F31A;
00006365 : F87D;
00006366 : FF54;
00006367 : 0599;
00006368 : 09E7;
00006369 : 0B31;
0000636A : 0972;
0000636B : 05F0;
0000636C : 01FC;
0000636D : FEB0;
0000636E : FC98;
0000636F : FB45;
00006370 : F9CB;
00006371 : F7F7;
00006372 : F58C;
00006373 : F390;
00006374 : F27C;
00006375 : F3EB;
00006376 : F862;
00006377 : FF3A;
00006378 : 06EE;
00006379 : 0D78;
0000637A : 10FD;
0000637B : 1092;
0000637C : 0D16;
0000637D : 08CB;
0000637E : 0524;
0000637F : 031A;
00006380 : 0277;
00006381 : 0147;
00006382 : FDF8;
00006383 : F7CD;
00006384 : F042;
00006385 : EA9B;
00006386 : E9BC;
00006387 : EFCE;
00006388 : FC28;
00006389 : 0BA4;
0000638A : 1B1C;
0000638B : 25FE;
0000638C : 2A80;
0000638D : 27C8;
0000638E : 1F96;
0000638F : 14D8;
00006390 : 0B79;
00006391 : 05D8;
00006392 : 036C;
00006393 : 00F6;
00006394 : FB33;
00006395 : F109;
00006396 : E462;
00006397 : D8B7;
00006398 : D250;
00006399 : D30B;
0000639A : D9BF;
0000639B : E3E6;
0000639C : EDAF;
0000639D : F427;
0000639E : F780;
0000639F : FAC4;
000063A0 : FFF5;
000063A1 : 07DB;
000063A2 : 1108;
000063A3 : 1872;
000063A4 : 1CCA;
000063A5 : 1F2F;
000063A6 : 2094;
000063A7 : 21B6;
000063A8 : 2264;
000063A9 : 20CF;
000063AA : 1B46;
000063AB : 110D;
000063AC : 04CB;
000063AD : F8ED;
000063AE : F040;
000063AF : EBA9;
000063B0 : EAFE;
000063B1 : ED7B;
000063B2 : F0C8;
000063B3 : F430;
000063B4 : F725;
000063B5 : F995;
000063B6 : FBC6;
000063B7 : FE16;
000063B8 : 009D;
000063B9 : 0319;
000063BA : 050F;
000063BB : 0642;
000063BC : 0533;
000063BD : 01DC;
000063BE : FD5C;
000063BF : F95C;
000063C0 : F68A;
000063C1 : F515;
000063C2 : F48A;
000063C3 : F3E2;
000063C4 : F2AF;
000063C5 : F12E;
000063C6 : F120;
000063C7 : F327;
000063C8 : F6E0;
000063C9 : FC15;
000063CA : 0179;
000063CB : 0579;
000063CC : 0814;
000063CD : 09D9;
000063CE : 0ABD;
000063CF : 0AEB;
000063D0 : 0AC4;
000063D1 : 09AA;
000063D2 : 07CE;
000063D3 : 066F;
000063D4 : 054B;
000063D5 : 043F;
000063D6 : 0328;
000063D7 : 01F3;
000063D8 : 0073;
000063D9 : FF50;
000063DA : FF5B;
000063DB : 0077;
000063DC : 026A;
000063DD : 0458;
000063DE : 04B5;
000063DF : 0341;
000063E0 : FFDD;
000063E1 : FBF2;
000063E2 : F937;
000063E3 : F915;
000063E4 : FB06;
000063E5 : FF37;
000063E6 : 03BB;
000063E7 : 07A0;
000063E8 : 0A90;
000063E9 : 0BA9;
000063EA : 0ACE;
000063EB : 082B;
000063EC : 0451;
000063ED : FFCE;
000063EE : FBE8;
000063EF : FA0B;
000063F0 : FA18;
000063F1 : FC09;
000063F2 : FEB8;
000063F3 : 0182;
000063F4 : 039E;
000063F5 : 057D;
000063F6 : 077C;
000063F7 : 094E;
000063F8 : 0AEF;
000063F9 : 0C2E;
000063FA : 0C5E;
000063FB : 0AFA;
000063FC : 0810;
000063FD : 032E;
000063FE : FB99;
000063FF : F1BE;
00006400 : E7C0;
00006401 : E02A;
00006402 : DC29;
00006403 : DD0B;
00006404 : E350;
00006405 : EC78;
00006406 : F5D8;
00006407 : FD8F;
00006408 : 02FF;
00006409 : 077C;
0000640A : 0C47;
0000640B : 1140;
0000640C : 1656;
0000640D : 19E4;
0000640E : 1C2F;
0000640F : 1BD4;
00006410 : 18C4;
00006411 : 1305;
00006412 : 0AE3;
00006413 : 0194;
00006414 : F86B;
00006415 : F0FC;
00006416 : EBF1;
00006417 : E96C;
00006418 : E950;
00006419 : EAA9;
0000641A : EC5C;
0000641B : EE2D;
0000641C : EF92;
0000641D : F0A6;
0000641E : F1F3;
0000641F : F43A;
00006420 : F7EE;
00006421 : FDB7;
00006422 : 0525;
00006423 : 0C52;
00006424 : 1210;
00006425 : 1544;
00006426 : 159E;
00006427 : 139A;
00006428 : 1006;
00006429 : 0BEC;
0000642A : 07DB;
0000642B : 0428;
0000642C : 0092;
0000642D : FD21;
0000642E : FA71;
0000642F : F890;
00006430 : F809;
00006431 : F846;
00006432 : F8DE;
00006433 : F907;
00006434 : F81C;
00006435 : F66C;
00006436 : F4E8;
00006437 : F412;
00006438 : F4D2;
00006439 : F7E8;
0000643A : FBBD;
0000643B : 0030;
0000643C : 04FB;
0000643D : 092D;
0000643E : 0C13;
0000643F : 0D2B;
00006440 : 0C9D;
00006441 : 0AB8;
00006442 : 08D4;
00006443 : 081F;
00006444 : 08C1;
00006445 : 0912;
00006446 : 0780;
00006447 : 0263;
00006448 : FAB8;
00006449 : F259;
0000644A : ECDD;
0000644B : EDB5;
0000644C : F3EA;
0000644D : FD98;
0000644E : 06A5;
0000644F : 0C5E;
00006450 : 0D34;
00006451 : 0AAA;
00006452 : 067A;
00006453 : 0239;
00006454 : FED4;
00006455 : FC08;
00006456 : F8EE;
00006457 : F5CD;
00006458 : F321;
00006459 : F1D1;
0000645A : F288;
0000645B : F540;
0000645C : FA73;
0000645D : 0127;
0000645E : 08FD;
0000645F : 1051;
00006460 : 160C;
00006461 : 18E1;
00006462 : 188B;
00006463 : 158C;
00006464 : 111B;
00006465 : 0C24;
00006466 : 0676;
00006467 : FFF1;
00006468 : F7D4;
00006469 : EF3E;
0000646A : E785;
0000646B : E315;
0000646C : E336;
0000646D : E70D;
0000646E : EC62;
0000646F : F234;
00006470 : F77A;
00006471 : FC35;
00006472 : FFEA;
00006473 : 0311;
00006474 : 0620;
00006475 : 0894;
00006476 : 0A9E;
00006477 : 0C48;
00006478 : 0E3F;
00006479 : 0FBA;
0000647A : 101F;
0000647B : 0F44;
0000647C : 0D1B;
0000647D : 0A30;
0000647E : 0806;
0000647F : 05F0;
00006480 : 0421;
00006481 : 01EB;
00006482 : FE8F;
00006483 : FA52;
00006484 : F58B;
00006485 : F1DC;
00006486 : EFE7;
00006487 : EFF1;
00006488 : F1EE;
00006489 : F642;
0000648A : FB72;
0000648B : 0159;
0000648C : 0661;
0000648D : 0A05;
0000648E : 0B72;
0000648F : 0B48;
00006490 : 0906;
00006491 : 045E;
00006492 : FF6E;
00006493 : FA29;
00006494 : F524;
00006495 : F0E2;
00006496 : EE95;
00006497 : EE93;
00006498 : F151;
00006499 : F581;
0000649A : FAC1;
0000649B : 0026;
0000649C : 043E;
0000649D : 05B2;
0000649E : 04F6;
0000649F : 0489;
000064A0 : 03F8;
000064A1 : 03E5;
000064A2 : 04CC;
000064A3 : 05D6;
000064A4 : 05D0;
000064A5 : 0442;
000064A6 : 0054;
000064A7 : FB82;
000064A8 : F6D3;
000064A9 : F306;
000064AA : F204;
000064AB : F4D4;
000064AC : FA78;
000064AD : 00F7;
000064AE : 0677;
000064AF : 0983;
000064B0 : 098A;
000064B1 : 063E;
000064B2 : 0181;
000064B3 : FCCE;
000064B4 : FA03;
000064B5 : F9D3;
000064B6 : FB6B;
000064B7 : FD9C;
000064B8 : FFD3;
000064B9 : 0177;
000064BA : 03E0;
000064BB : 0828;
000064BC : 0EA8;
000064BD : 1730;
000064BE : 1FC9;
000064BF : 26A5;
000064C0 : 2A04;
000064C1 : 28FF;
000064C2 : 23D5;
000064C3 : 1B76;
000064C4 : 116A;
000064C5 : 05FE;
000064C6 : F995;
000064C7 : ED1E;
000064C8 : E1CD;
000064C9 : DA10;
000064CA : D607;
000064CB : D582;
000064CC : D7E3;
000064CD : DC17;
000064CE : E1C5;
000064CF : E8A9;
000064D0 : F050;
000064D1 : F881;
000064D2 : 003B;
000064D3 : 0730;
000064D4 : 0CDF;
000064D5 : 1128;
000064D6 : 13DF;
000064D7 : 1568;
000064D8 : 15FE;
000064D9 : 14E9;
000064DA : 12D4;
000064DB : 103C;
000064DC : 0CF8;
000064DD : 0906;
000064DE : 064C;
000064DF : 046C;
000064E0 : 02AA;
000064E1 : 0105;
000064E2 : FF3F;
000064E3 : FCB4;
000064E4 : F89B;
000064E5 : F38F;
000064E6 : EEB4;
000064E7 : EB48;
000064E8 : E98C;
000064E9 : E9F1;
000064EA : EBD0;
000064EB : EE04;
000064EC : F04F;
000064ED : F227;
000064EE : F38B;
000064EF : F517;
000064F0 : F6F8;
000064F1 : F925;
000064F2 : FB36;
000064F3 : FD82;
000064F4 : 0012;
000064F5 : 046F;
000064F6 : 0ACB;
000064F7 : 1184;
000064F8 : 17D6;
000064F9 : 1B68;
000064FA : 1A6A;
000064FB : 1459;
000064FC : 0B74;
000064FD : 0267;
000064FE : FC9F;
000064FF : FC5B;
00006500 : 0123;
00006501 : 0795;
00006502 : 0C63;
00006503 : 0D4E;
00006504 : 0AB6;
00006505 : 0681;
00006506 : 0369;
00006507 : 02BF;
00006508 : 02F3;
00006509 : 0276;
0000650A : FEB5;
0000650B : F7D5;
0000650C : EFB9;
0000650D : E85A;
0000650E : E404;
0000650F : E305;
00006510 : E57C;
00006511 : EA1C;
00006512 : F0B0;
00006513 : F839;
00006514 : FFD7;
00006515 : 06BF;
00006516 : 0CC9;
00006517 : 10DA;
00006518 : 1311;
00006519 : 1500;
0000651A : 1717;
0000651B : 19B0;
0000651C : 1C14;
0000651D : 1D4C;
0000651E : 1B0C;
0000651F : 15E6;
00006520 : 0E8E;
00006521 : 06C1;
00006522 : FF76;
00006523 : F916;
00006524 : F3E6;
00006525 : EF75;
00006526 : EC20;
00006527 : EA45;
00006528 : EA6B;
00006529 : EC64;
0000652A : EF99;
0000652B : F33A;
0000652C : F5AD;
0000652D : F61D;
0000652E : F4C1;
0000652F : F236;
00006530 : F032;
00006531 : F016;
00006532 : F296;
00006533 : F77D;
00006534 : FD83;
00006535 : 0388;
00006536 : 095E;
00006537 : 0ED3;
00006538 : 13EB;
00006539 : 18C2;
0000653A : 1C95;
0000653B : 1EFA;
0000653C : 1E92;
0000653D : 1B45;
0000653E : 1505;
0000653F : 0D60;
00006540 : 055B;
00006541 : FDE6;
00006542 : F792;
00006543 : F289;
00006544 : EF06;
00006545 : EDB8;
00006546 : EE7D;
00006547 : F157;
00006548 : F566;
00006549 : F964;
0000654A : FC8C;
0000654B : FEB7;
0000654C : FF5F;
0000654D : FE3F;
0000654E : FC2B;
0000654F : F957;
00006550 : F6C2;
00006551 : F507;
00006552 : F3ED;
00006553 : F3EB;
00006554 : F487;
00006555 : F59C;
00006556 : F6F1;
00006557 : F8E0;
00006558 : FB2B;
00006559 : FE20;
0000655A : 0145;
0000655B : 03EF;
0000655C : 060B;
0000655D : 06F8;
0000655E : 071D;
0000655F : 0641;
00006560 : 0476;
00006561 : 01D2;
00006562 : FF38;
00006563 : FD9A;
00006564 : FDC1;
00006565 : 0096;
00006566 : 0536;
00006567 : 0AB4;
00006568 : 0F17;
00006569 : 10B8;
0000656A : 0FC7;
0000656B : 0BE4;
0000656C : 0738;
0000656D : 0268;
0000656E : FEB4;
0000656F : FC4A;
00006570 : FA97;
00006571 : F8F6;
00006572 : F7AC;
00006573 : F747;
00006574 : F85A;
00006575 : FAFF;
00006576 : FEF4;
00006577 : 028F;
00006578 : 0499;
00006579 : 0526;
0000657A : 0428;
0000657B : 021B;
0000657C : 00D1;
0000657D : 0100;
0000657E : 0297;
0000657F : 0497;
00006580 : 0706;
00006581 : 0988;
00006582 : 0B62;
00006583 : 0C98;
00006584 : 0C8F;
00006585 : 0AD3;
00006586 : 06DF;
00006587 : 01F4;
00006588 : FD96;
00006589 : FA8C;
0000658A : F93D;
0000658B : F8A6;
0000658C : F7E7;
0000658D : F5F0;
0000658E : F386;
0000658F : F1AD;
00006590 : F180;
00006591 : F34A;
00006592 : F609;
00006593 : F90E;
00006594 : FAC1;
00006595 : FB58;
00006596 : FB2D;
00006597 : FAFF;
00006598 : FB6A;
00006599 : FC70;
0000659A : FD91;
0000659B : FEAF;
0000659C : FFA3;
0000659D : FFCB;
0000659E : FF78;
0000659F : FE6F;
000065A0 : FCD1;
000065A1 : FB1D;
000065A2 : FA8A;
000065A3 : FBCB;
000065A4 : FE2D;
000065A5 : 0184;
000065A6 : 049F;
000065A7 : 066D;
000065A8 : 0703;
000065A9 : 0680;
000065AA : 056C;
000065AB : 046E;
000065AC : 0346;
000065AD : 01CD;
000065AE : FFF2;
000065AF : FD79;
000065B0 : FA4E;
000065B1 : F6E5;
000065B2 : F3D9;
000065B3 : F284;
000065B4 : F359;
000065B5 : F67C;
000065B6 : FBA2;
000065B7 : 020B;
000065B8 : 08A4;
000065B9 : 0EC6;
000065BA : 1429;
000065BB : 18CF;
000065BC : 1CB6;
000065BD : 1FC0;
000065BE : 210F;
000065BF : 1FB0;
000065C0 : 1A6D;
000065C1 : 11DD;
000065C2 : 06EE;
000065C3 : FAF0;
000065C4 : EF51;
000065C5 : E56B;
000065C6 : DE8F;
000065C7 : DA0B;
000065C8 : D834;
000065C9 : D882;
000065CA : DB18;
000065CB : E07A;
000065CC : E86B;
000065CD : F261;
000065CE : FDA7;
000065CF : 090B;
000065D0 : 13CF;
000065D1 : 1D04;
000065D2 : 2480;
000065D3 : 2916;
000065D4 : 2AE5;
000065D5 : 2926;
000065D6 : 2440;
000065D7 : 1CFD;
000065D8 : 13FF;
000065D9 : 0B01;
000065DA : 025D;
000065DB : FA44;
000065DC : F1DB;
000065DD : E93F;
000065DE : E197;
000065DF : DBE3;
000065E0 : D911;
000065E1 : D93E;
000065E2 : DBE2;
000065E3 : E052;
000065E4 : E625;
000065E5 : ED50;
000065E6 : F5B2;
000065E7 : FFAE;
000065E8 : 0A8E;
000065E9 : 153B;
000065EA : 1D75;
000065EB : 21A3;
000065EC : 21E9;
000065ED : 1E99;
000065EE : 18FA;
000065EF : 12A7;
000065F0 : 0BE1;
000065F1 : 0544;
000065F2 : FF30;
000065F3 : F8F4;
000065F4 : F300;
000065F5 : EF31;
000065F6 : EC8A;
000065F7 : EBEF;
000065F8 : ED4E;
000065F9 : F01E;
000065FA : F42A;
000065FB : F942;
000065FC : FE39;
000065FD : 02C9;
000065FE : 0686;
000065FF : 090A;
00006600 : 0A26;
00006601 : 09C9;
00006602 : 07CB;
00006603 : 0446;
00006604 : FFFF;
00006605 : FBF5;
00006606 : F8E2;
00006607 : F77D;
00006608 : F796;
00006609 : F872;
0000660A : F976;
0000660B : FADE;
0000660C : FC80;
0000660D : FEEE;
0000660E : 0294;
0000660F : 06A7;
00006610 : 0ACF;
00006611 : 0DA6;
00006612 : 0DFF;
00006613 : 0C03;
00006614 : 08B4;
00006615 : 058E;
00006616 : 0402;
00006617 : 04B6;
00006618 : 0750;
00006619 : 0ADA;
0000661A : 0D21;
0000661B : 0CB8;
0000661C : 08AA;
0000661D : 0163;
0000661E : F91C;
0000661F : F175;
00006620 : EC48;
00006621 : E9E5;
00006622 : E94A;
00006623 : E979;
00006624 : E9B0;
00006625 : EA3E;
00006626 : ECCD;
00006627 : F240;
00006628 : FB12;
00006629 : 0608;
0000662A : 10DB;
0000662B : 1906;
0000662C : 1CDA;
0000662D : 1C26;
0000662E : 1851;
0000662F : 1232;
00006630 : 0AFB;
00006631 : 03BC;
00006632 : FCD3;
00006633 : F660;
00006634 : F009;
00006635 : EA25;
00006636 : E5CB;
00006637 : E466;
00006638 : E6CE;
00006639 : EDC1;
0000663A : F880;
0000663B : 051C;
0000663C : 1179;
0000663D : 1C1E;
0000663E : 2438;
0000663F : 2857;
00006640 : 284D;
00006641 : 23F7;
00006642 : 1B6A;
00006643 : 1012;
00006644 : 0360;
00006645 : F635;
00006646 : E9F4;
00006647 : DECC;
00006648 : D570;
00006649 : CE8C;
0000664A : CA67;
0000664B : CA23;
0000664C : CE41;
0000664D : D78A;
0000664E : E45D;
0000664F : F20E;
00006650 : FF42;
00006651 : 0ADC;
00006652 : 1395;
00006653 : 1951;
00006654 : 1C9A;
00006655 : 1E87;
00006656 : 201C;
00006657 : 21B5;
00006658 : 22EF;
00006659 : 2288;
0000665A : 1FC8;
0000665B : 1A93;
0000665C : 13E3;
0000665D : 0D1C;
0000665E : 070A;
0000665F : 0110;
00006660 : FA4A;
00006661 : F2AC;
00006662 : EB6C;
00006663 : E672;
00006664 : E4E8;
00006665 : E69F;
00006666 : EA26;
00006667 : EE51;
00006668 : F255;
00006669 : F636;
0000666A : FA9D;
0000666B : FF9A;
0000666C : 0474;
0000666D : 0859;
0000666E : 0AA9;
0000666F : 0BB3;
00006670 : 0B9D;
00006671 : 0ACA;
00006672 : 0946;
00006673 : 0708;
00006674 : 03DC;
00006675 : FFDB;
00006676 : FC6D;
00006677 : FAE8;
00006678 : FB5D;
00006679 : FDF8;
0000667A : 01E3;
0000667B : 05AA;
0000667C : 0874;
0000667D : 0A1B;
0000667E : 0AEA;
0000667F : 0B63;
00006680 : 0C56;
00006681 : 0D22;
00006682 : 0D1C;
00006683 : 0BAF;
00006684 : 07E7;
00006685 : 02E8;
00006686 : FCE0;
00006687 : F6B2;
00006688 : F0C0;
00006689 : EB54;
0000668A : E6B4;
0000668B : E2A9;
0000668C : E046;
0000668D : DF90;
0000668E : E11C;
0000668F : E454;
00006690 : E95E;
00006691 : EF36;
00006692 : F633;
00006693 : FE82;
00006694 : 073A;
00006695 : 0F0C;
00006696 : 14AF;
00006697 : 17EA;
00006698 : 1871;
00006699 : 16F8;
0000669A : 14A4;
0000669B : 1150;
0000669C : 0D2A;
0000669D : 0830;
0000669E : 02B1;
0000669F : FD88;
000066A0 : F999;
000066A1 : F834;
000066A2 : F921;
000066A3 : FBDD;
000066A4 : FF07;
000066A5 : 0199;
000066A6 : 0308;
000066A7 : 03B3;
000066A8 : 03A8;
000066A9 : 0376;
000066AA : 03C6;
000066AB : 046C;
000066AC : 0504;
000066AD : 04FC;
000066AE : 042D;
000066AF : 01ED;
000066B0 : FF39;
000066B1 : FC1B;
000066B2 : F992;
000066B3 : F844;
000066B4 : F7A8;
000066B5 : F7C5;
000066B6 : F834;
000066B7 : F907;
000066B8 : FAC7;
000066B9 : FD9B;
000066BA : 013A;
000066BB : 049E;
000066BC : 06FE;
000066BD : 0857;
000066BE : 07E8;
000066BF : 069C;
000066C0 : 04A4;
000066C1 : 0243;
000066C2 : FF71;
000066C3 : FC66;
000066C4 : F9D6;
000066C5 : F8CB;
000066C6 : F9B2;
000066C7 : FCBD;
000066C8 : 00EC;
000066C9 : 0484;
000066CA : 0685;
000066CB : 062F;
000066CC : 0479;
000066CD : 01AF;
000066CE : FEF6;
000066CF : FCB6;
000066D0 : FAE0;
000066D1 : F9CC;
000066D2 : F99A;
000066D3 : FA3F;
000066D4 : FB2E;
000066D5 : FC3A;
000066D6 : FD1A;
000066D7 : FE0D;
000066D8 : FEE9;
000066D9 : FFD7;
000066DA : 0131;
000066DB : 024A;
000066DC : 033F;
000066DD : 03E8;
000066DE : 04D8;
000066DF : 05A3;
000066E0 : 061C;
000066E1 : 0660;
000066E2 : 05FD;
000066E3 : 04FE;
000066E4 : 0431;
000066E5 : 037E;
000066E6 : 03AB;
000066E7 : 0412;
000066E8 : 048D;
000066E9 : 0486;
000066EA : 0397;
000066EB : 020E;
000066EC : 0053;
000066ED : FE7C;
000066EE : FCC5;
000066EF : FB12;
000066F0 : F904;
000066F1 : F6B6;
000066F2 : F443;
000066F3 : F2BE;
000066F4 : F2A3;
000066F5 : F4C0;
000066F6 : F96D;
000066F7 : FF83;
000066F8 : 05B2;
000066F9 : 0A2A;
000066FA : 0C30;
000066FB : 0C0C;
000066FC : 0A7E;
000066FD : 08E0;
000066FE : 07E3;
000066FF : 077E;
00006700 : 0718;
00006701 : 05F2;
00006702 : 039E;
00006703 : 0060;
00006704 : FCF4;
00006705 : F9FC;
00006706 : F78A;
00006707 : F57B;
00006708 : F420;
00006709 : F375;
0000670A : F414;
0000670B : F616;
0000670C : F954;
0000670D : FD53;
0000670E : 010F;
0000670F : 041D;
00006710 : 0672;
00006711 : 084F;
00006712 : 092D;
00006713 : 08A8;
00006714 : 066E;
00006715 : 025B;
00006716 : FDED;
00006717 : F9AE;
00006718 : F675;
00006719 : F504;
0000671A : F4A5;
0000671B : F4D8;
0000671C : F56D;
0000671D : F6B9;
0000671E : F8E5;
0000671F : FC4B;
00006720 : 00A7;
00006721 : 0539;
00006722 : 099B;
00006723 : 0D6F;
00006724 : 1048;
00006725 : 1148;
00006726 : 1014;
00006727 : 0C61;
00006728 : 06C0;
00006729 : 0097;
0000672A : FB9D;
0000672B : F8B4;
0000672C : F7D8;
0000672D : F8CD;
0000672E : FA3C;
0000672F : FC30;
00006730 : FE49;
00006731 : 0031;
00006732 : 0204;
00006733 : 02C1;
00006734 : 020C;
00006735 : 002A;
00006736 : FDC8;
00006737 : FBDA;
00006738 : FB20;
00006739 : FB5A;
0000673A : FC44;
0000673B : FD40;
0000673C : FDDE;
0000673D : FE4D;
0000673E : FEDF;
0000673F : FF95;
00006740 : FFE2;
00006741 : FFCE;
00006742 : FF5C;
00006743 : FF74;
00006744 : FFE0;
00006745 : 00DD;
00006746 : 0113;
00006747 : FFB8;
00006748 : FD41;
00006749 : FADE;
0000674A : FAC9;
0000674B : FF19;
0000674C : 0777;
0000674D : 11A5;
0000674E : 1A3A;
0000674F : 1D4E;
00006750 : 1951;
00006751 : 0F4E;
00006752 : 02B0;
00006753 : F806;
00006754 : F285;
00006755 : F23E;
00006756 : F4D4;
00006757 : F721;
00006758 : F699;
00006759 : F349;
0000675A : EF4A;
0000675B : ED9B;
0000675C : F0B5;
0000675D : F8EF;
0000675E : 042D;
0000675F : 0FD8;
00006760 : 190C;
00006761 : 1E22;
00006762 : 1EB9;
00006763 : 1C6E;
00006764 : 17FA;
00006765 : 1272;
00006766 : 0C08;
00006767 : 04EE;
00006768 : FC62;
00006769 : F305;
0000676A : E95D;
0000676B : E0E9;
0000676C : DB45;
0000676D : D92D;
0000676E : DB13;
0000676F : E0E1;
00006770 : EA43;
00006771 : F5D1;
00006772 : 01EB;
00006773 : 0D45;
00006774 : 16E2;
00006775 : 1E16;
00006776 : 2219;
00006777 : 2319;
00006778 : 2207;
00006779 : 2010;
0000677A : 1DC5;
0000677B : 1AC3;
0000677C : 159B;
0000677D : 0D02;
0000677E : 00CD;
0000677F : F2FA;
00006780 : E66E;
00006781 : DEA6;
00006782 : DCBD;
00006783 : DEFA;
00006784 : E224;
00006785 : E41B;
00006786 : E3E9;
00006787 : E330;
00006788 : E4D1;
00006789 : EA36;
0000678A : F31D;
0000678B : FD57;
0000678C : 06A5;
0000678D : 0DE5;
0000678E : 1250;
0000678F : 14E7;
00006790 : 164B;
00006791 : 15F7;
00006792 : 1445;
00006793 : 109D;
00006794 : 0BD2;
00006795 : 0751;
00006796 : 0420;
00006797 : 0287;
00006798 : 0255;
00006799 : 01C4;
0000679A : 0043;
0000679B : FE34;
0000679C : FCDC;
0000679D : FD22;
0000679E : 0014;
0000679F : 0568;
000067A0 : 0A99;
000067A1 : 0DB6;
000067A2 : 0DA4;
000067A3 : 0A60;
000067A4 : 04C6;
000067A5 : FE84;
000067A6 : F898;
000067A7 : F399;
000067A8 : EF24;
000067A9 : EAF8;
000067AA : E70F;
000067AB : E421;
000067AC : E2B2;
000067AD : E38A;
000067AE : E70B;
000067AF : ED50;
000067B0 : F507;
000067B1 : FC3C;
000067B2 : 01B4;
000067B3 : 0536;
000067B4 : 06ED;
000067B5 : 0805;
000067B6 : 0A00;
000067B7 : 0D7B;
000067B8 : 12F7;
000067B9 : 1988;
000067BA : 1FE9;
000067BB : 2439;
000067BC : 254D;
000067BD : 229C;
000067BE : 1C07;
000067BF : 1291;
000067C0 : 080C;
000067C1 : FDB2;
000067C2 : F3CC;
000067C3 : EB69;
000067C4 : E5DD;
000067C5 : E4AA;
000067C6 : E80F;
000067C7 : EEAD;
000067C8 : F632;
000067C9 : FBEA;
000067CA : FF16;
000067CB : 004C;
000067CC : 01B4;
000067CD : 03B8;
000067CE : 0547;
000067CF : 0557;
000067D0 : 0299;
000067D1 : FDED;
000067D2 : F987;
000067D3 : F7B5;
000067D4 : F8C9;
000067D5 : FB7E;
000067D6 : FDA3;
000067D7 : FE48;
000067D8 : FE46;
000067D9 : FFAE;
000067DA : 042E;
000067DB : 0B36;
000067DC : 12B2;
000067DD : 17E8;
000067DE : 1890;
000067DF : 14FC;
000067E0 : 0EF4;
000067E1 : 0965;
000067E2 : 0559;
000067E3 : 02E7;
000067E4 : 0065;
000067E5 : FD49;
000067E6 : F97E;
000067E7 : F59A;
000067E8 : F241;
000067E9 : F02F;
000067EA : EE9A;
000067EB : ED75;
000067EC : ECF9;
000067ED : ECE8;
000067EE : EE4D;
000067EF : F036;
000067F0 : F29C;
000067F1 : F4C0;
000067F2 : F624;
000067F3 : F783;
000067F4 : F9DE;
000067F5 : FEB2;
000067F6 : 0608;
000067F7 : 0EB3;
000067F8 : 16C5;
000067F9 : 1BAA;
000067FA : 1BEB;
000067FB : 17F1;
000067FC : 10C7;
000067FD : 08E9;
000067FE : 0249;
000067FF : FDF0;
00006800 : FC2F;
00006801 : FBC5;
00006802 : FC2D;
00006803 : FD51;
00006804 : FF8C;
00006805 : 01DF;
00006806 : 0380;
00006807 : 0332;
00006808 : 0087;
00006809 : FCC7;
0000680A : F992;
0000680B : F767;
0000680C : F6DB;
0000680D : F6D3;
0000680E : F655;
0000680F : F624;
00006810 : F6FD;
00006811 : FA99;
00006812 : 00B0;
00006813 : 0778;
00006814 : 0C45;
00006815 : 0D42;
00006816 : 0B01;
00006817 : 068D;
00006818 : 01E2;
00006819 : FDFA;
0000681A : FA95;
0000681B : F70B;
0000681C : F3D1;
0000681D : F1FF;
0000681E : F2D6;
0000681F : F6A0;
00006820 : FBDA;
00006821 : 0048;
00006822 : 035F;
00006823 : 0553;
00006824 : 075E;
00006825 : 0A90;
00006826 : 0E8E;
00006827 : 1212;
00006828 : 1345;
00006829 : 1186;
0000682A : 0D88;
0000682B : 08C0;
0000682C : 045A;
0000682D : 010D;
0000682E : FEDF;
0000682F : FE0E;
00006830 : FE64;
00006831 : FFA0;
00006832 : 00BF;
00006833 : 0095;
00006834 : FDE4;
00006835 : F950;
00006836 : F403;
00006837 : F02A;
00006838 : EF93;
00006839 : F181;
0000683A : F443;
0000683B : F594;
0000683C : F51F;
0000683D : F2E0;
0000683E : F0AA;
0000683F : F0AA;
00006840 : F3D3;
00006841 : FA0D;
00006842 : 01F6;
00006843 : 0A4F;
00006844 : 1166;
00006845 : 1572;
00006846 : 164C;
00006847 : 13B6;
00006848 : 0E8B;
00006849 : 0922;
0000684A : 0512;
0000684B : 039B;
0000684C : 04BE;
0000684D : 06B5;
0000684E : 0859;
0000684F : 0874;
00006850 : 06AD;
00006851 : 03AF;
00006852 : 0059;
00006853 : FD53;
00006854 : FB12;
00006855 : F9B7;
00006856 : F8A6;
00006857 : F7D0;
00006858 : F6ED;
00006859 : F5D0;
0000685A : F4EC;
0000685B : F49B;
0000685C : F4C5;
0000685D : F553;
0000685E : F56A;
0000685F : F530;
00006860 : F493;
00006861 : F3DC;
00006862 : F34D;
00006863 : F3EE;
00006864 : F632;
00006865 : F9D0;
00006866 : FFDA;
00006867 : 0795;
00006868 : 105D;
00006869 : 1800;
0000686A : 1D85;
0000686B : 1EEC;
0000686C : 1B96;
0000686D : 1434;
0000686E : 0A0A;
0000686F : FFFF;
00006870 : F852;
00006871 : F3D1;
00006872 : F249;
00006873 : F31B;
00006874 : F585;
00006875 : F8B3;
00006876 : FC48;
00006877 : FF6F;
00006878 : 01BF;
00006879 : 0347;
0000687A : 0426;
0000687B : 0495;
0000687C : 057B;
0000687D : 0624;
0000687E : 0643;
0000687F : 0539;
00006880 : 02F5;
00006881 : FFF8;
00006882 : FD85;
00006883 : FC79;
00006884 : FD87;
00006885 : 004A;
00006886 : 03F5;
00006887 : 07A2;
00006888 : 0A53;
00006889 : 0BD0;
0000688A : 0BD0;
0000688B : 0AC7;
0000688C : 0886;
0000688D : 0549;
0000688E : 017F;
0000688F : FD05;
00006890 : F815;
00006891 : F33A;
00006892 : EF41;
00006893 : ED2A;
00006894 : ED5D;
00006895 : F082;
00006896 : F63C;
00006897 : FD13;
00006898 : 0364;
00006899 : 07A6;
0000689A : 095F;
0000689B : 08CC;
0000689C : 0692;
0000689D : 03C2;
0000689E : 0136;
0000689F : FF46;
000068A0 : FDD7;
000068A1 : FCB7;
000068A2 : FBB6;
000068A3 : FAD1;
000068A4 : FA54;
000068A5 : FA59;
000068A6 : FB4A;
000068A7 : FCC3;
000068A8 : FE5F;
000068A9 : FF81;
000068AA : FFC7;
000068AB : FF92;
000068AC : FEF9;
000068AD : FE39;
000068AE : FDA7;
000068AF : FCD1;
000068B0 : FBF9;
000068B1 : FB55;
000068B2 : FB13;
000068B3 : FB6F;
000068B4 : FC85;
000068B5 : FDB6;
000068B6 : FEB2;
000068B7 : FF33;
000068B8 : FED2;
000068B9 : FDB0;
000068BA : FD09;
000068BB : FC72;
000068BC : FCF6;
000068BD : FEDF;
000068BE : 0151;
000068BF : 0457;
000068C0 : 0720;
000068C1 : 08C1;
000068C2 : 095B;
000068C3 : 0878;
000068C4 : 06E2;
000068C5 : 04D5;
000068C6 : 024F;
000068C7 : FFD0;
000068C8 : FD17;
000068C9 : FABD;
000068CA : F90E;
000068CB : F857;
000068CC : F89F;
000068CD : FA49;
000068CE : FD29;
000068CF : 0038;
000068D0 : 03C6;
000068D1 : 0724;
000068D2 : 0A50;
000068D3 : 0CBA;
000068D4 : 0DD0;
000068D5 : 0D81;
000068D6 : 0BF5;
000068D7 : 09CE;
000068D8 : 078B;
000068D9 : 05EB;
000068DA : 0507;
000068DB : 0486;
000068DC : 0303;
000068DD : 00D1;
000068DE : FDB5;
000068DF : FA77;
000068E0 : F7A3;
000068E1 : F5F8;
000068E2 : F566;
000068E3 : F607;
000068E4 : F7B6;
000068E5 : F9F5;
000068E6 : FCBA;
000068E7 : FF84;
000068E8 : 0212;
000068E9 : 037E;
000068EA : 03DB;
000068EB : 039A;
000068EC : 02A4;
000068ED : 018F;
000068EE : 00AC;
000068EF : 00AE;
000068F0 : 0162;
000068F1 : 0291;
000068F2 : 03B2;
000068F3 : 0386;
000068F4 : 024D;
000068F5 : FFC7;
000068F6 : FCA4;
000068F7 : FA1E;
000068F8 : F91B;
000068F9 : FA80;
000068FA : FDD8;
000068FB : 018E;
000068FC : 044F;
000068FD : 058A;
000068FE : 04D5;
000068FF : 030F;
00006900 : 00B9;
00006901 : FEA3;
00006902 : FD0E;
00006903 : FC0B;
00006904 : FBC0;
00006905 : FC0F;
00006906 : FCF2;
00006907 : FDF8;
00006908 : FE83;
00006909 : FF00;
0000690A : FFA8;
0000690B : 0062;
0000690C : 01D9;
0000690D : 03AF;
0000690E : 045C;
0000690F : 0370;
00006910 : 00A5;
00006911 : FCCB;
00006912 : F93F;
00006913 : F7AE;
00006914 : F7FA;
00006915 : F9C4;
00006916 : FBEA;
00006917 : FDF5;
00006918 : FFEC;
00006919 : 0179;
0000691A : 0357;
0000691B : 04B4;
0000691C : 0587;
0000691D : 05C8;
0000691E : 05AA;
0000691F : 05E2;
00006920 : 0660;
00006921 : 06EE;
00006922 : 06BA;
00006923 : 0598;
00006924 : 036B;
00006925 : 00E3;
00006926 : FEEC;
00006927 : FE2C;
00006928 : FDF1;
00006929 : FD55;
0000692A : FB56;
0000692B : F7CD;
0000692C : F338;
0000692D : EEF3;
0000692E : EC4E;
0000692F : EC14;
00006930 : EE28;
00006931 : F210;
00006932 : F6DD;
00006933 : FBD9;
00006934 : 008D;
00006935 : 051F;
00006936 : 093B;
00006937 : 0D05;
00006938 : 106D;
00006939 : 1389;
0000693A : 1659;
0000693B : 18A9;
0000693C : 1991;
0000693D : 17FA;
0000693E : 12F7;
0000693F : 0AC0;
00006940 : 0138;
00006941 : F805;
00006942 : F0C3;
00006943 : ECC0;
00006944 : EB9C;
00006945 : ECCF;
00006946 : EF20;
00006947 : F14C;
00006948 : F2D8;
00006949 : F43C;
0000694A : F5BA;
0000694B : F82C;
0000694C : FC0D;
0000694D : 005D;
0000694E : 048F;
0000694F : 0734;
00006950 : 07B0;
00006951 : 0677;
00006952 : 0466;
00006953 : 0263;
00006954 : 020B;
00006955 : 036D;
00006956 : 0703;
00006957 : 0BF8;
00006958 : 1159;
00006959 : 1541;
0000695A : 164F;
0000695B : 1362;
0000695C : 0C50;
0000695D : 031A;
0000695E : FA92;
0000695F : F533;
00006960 : F46B;
00006961 : F6CB;
00006962 : F9E0;
00006963 : FA99;
00006964 : F6B1;
00006965 : EEE2;
00006966 : E629;
00006967 : E0DE;
00006968 : E318;
00006969 : ECEE;
0000696A : FC5F;
0000696B : 0D39;
0000696C : 1AB2;
0000696D : 2219;
0000696E : 2290;
0000696F : 1CCC;
00006970 : 11E7;
00006971 : 03A0;
00006972 : F3E7;
00006973 : E4C4;
00006974 : D75E;
00006975 : CCDE;
00006976 : C72B;
00006977 : C91A;
00006978 : D3BF;
00006979 : E681;
0000697A : FEB7;
0000697B : 19FC;
0000697C : 3563;
0000697D : 4D69;
0000697E : 5DA4;
0000697F : 616D;
00006980 : 5528;
00006981 : 393F;
00006982 : 1699;
00006983 : F842;
00006984 : E2B7;
00006985 : D413;
00006986 : C9C5;
00006987 : C341;
00006988 : C0C7;
00006989 : C135;
0000698A : C2A5;
0000698B : C458;
0000698C : C869;
0000698D : D1AA;
0000698E : E1A8;
0000698F : F6D2;
00006990 : 0D4E;
00006991 : 1F7B;
00006992 : 2AE1;
00006993 : 2EC7;
00006994 : 2D60;
00006995 : 29E0;
00006996 : 26D0;
00006997 : 249B;
00006998 : 2248;
00006999 : 1D81;
0000699A : 14DD;
0000699B : 0957;
0000699C : FD42;
0000699D : F3C6;
0000699E : EF34;
0000699F : EF9A;
000069A0 : F387;
000069A1 : F89F;
000069A2 : FD00;
000069A3 : FFC8;
000069A4 : 00F3;
000069A5 : 00B4;
000069A6 : FF70;
000069A7 : FD35;
000069A8 : FA8E;
000069A9 : F815;
000069AA : F5D2;
000069AB : F451;
000069AC : F373;
000069AD : F312;
000069AE : F2AD;
000069AF : F205;
000069B0 : F19F;
000069B1 : F297;
000069B2 : F57E;
000069B3 : FA32;
000069B4 : 0050;
000069B5 : 060A;
000069B6 : 0A02;
000069B7 : 0C1D;
000069B8 : 0CCA;
000069B9 : 0DD0;
000069BA : 109D;
000069BB : 15BC;
000069BC : 1BF4;
000069BD : 214A;
000069BE : 22F7;
000069BF : 1FCD;
000069C0 : 17FD;
000069C1 : 0E21;
000069C2 : 0465;
000069C3 : FBFA;
000069C4 : F4D5;
000069C5 : EE2F;
000069C6 : E815;
000069C7 : E2FD;
000069C8 : DF80;
000069C9 : DCB4;
000069CA : DB0D;
000069CB : D9D0;
000069CC : D86A;
000069CD : D7F3;
000069CE : D8CA;
000069CF : DC0A;
000069D0 : E1E2;
000069D1 : EB1C;
000069D2 : F758;
000069D3 : 05C1;
000069D4 : 14B8;
000069D5 : 226F;
000069D6 : 2D9D;
000069D7 : 34CB;
000069D8 : 373D;
000069D9 : 34A2;
000069DA : 2DA2;
000069DB : 2336;
000069DC : 16B7;
000069DD : 0A47;
000069DE : FFAC;
000069DF : F810;
000069E0 : F35A;
000069E1 : F161;
000069E2 : F268;
000069E3 : F5F6;
000069E4 : FA9A;
000069E5 : FDF7;
000069E6 : FE99;
000069E7 : FCDD;
000069E8 : F9FF;
000069E9 : F7B3;
000069EA : F6AE;
000069EB : F687;
000069EC : F567;
000069ED : F28F;
000069EE : EE77;
000069EF : EB69;
000069F0 : EB5E;
000069F1 : EEF4;
000069F2 : F4B2;
000069F3 : FAFA;
000069F4 : FFFE;
000069F5 : 02C2;
000069F6 : 0454;
000069F7 : 066F;
000069F8 : 0AA9;
000069F9 : 114D;
000069FA : 193D;
000069FB : 2096;
000069FC : 2510;
000069FD : 2538;
000069FE : 2036;
000069FF : 16F0;
00006A00 : 0C79;
00006A01 : 030A;
00006A02 : FBC4;
00006A03 : F6AA;
00006A04 : F370;
00006A05 : F16A;
00006A06 : F023;
00006A07 : EF07;
00006A08 : ED0E;
00006A09 : EA89;
00006A0A : E76D;
00006A0B : E526;
00006A0C : E590;
00006A0D : E950;
00006A0E : EFCE;
00006A0F : F7AB;
00006A10 : FF26;
00006A11 : 051C;
00006A12 : 09AB;
00006A13 : 0CE3;
00006A14 : 0ED7;
00006A15 : 0F20;
00006A16 : 0D57;
00006A17 : 0A00;
00006A18 : 0581;
00006A19 : 00F3;
00006A1A : FCD4;
00006A1B : F99D;
00006A1C : F75C;
00006A1D : F60C;
00006A1E : F5E9;
00006A1F : F6E7;
00006A20 : F942;
00006A21 : FCA1;
00006A22 : 0059;
00006A23 : 0395;
00006A24 : 05B6;
00006A25 : 061B;
00006A26 : 0527;
00006A27 : 03B0;
00006A28 : 0246;
00006A29 : 013E;
00006A2A : 00E6;
00006A2B : 0114;
00006A2C : 011E;
00006A2D : 00D1;
00006A2E : 0012;
00006A2F : FEA6;
00006A30 : FD5D;
00006A31 : FBF5;
00006A32 : FA62;
00006A33 : F94B;
00006A34 : F934;
00006A35 : FA2C;
00006A36 : FCA6;
00006A37 : 0001;
00006A38 : 0345;
00006A39 : 0587;
00006A3A : 0664;
00006A3B : 0649;
00006A3C : 0566;
00006A3D : 042E;
00006A3E : 0254;
00006A3F : 004C;
00006A40 : FDFC;
00006A41 : FB92;
00006A42 : F9EF;
00006A43 : F9A5;
00006A44 : FB1A;
00006A45 : FDBA;
00006A46 : 0129;
00006A47 : 04CD;
00006A48 : 0838;
00006A49 : 0B2B;
00006A4A : 0D50;
00006A4B : 0E31;
00006A4C : 0D91;
00006A4D : 0AD9;
00006A4E : 0716;
00006A4F : 0356;
00006A50 : 00A3;
00006A51 : FFD3;
00006A52 : 007A;
00006A53 : 02CD;
00006A54 : 0622;
00006A55 : 0A5F;
00006A56 : 0DF3;
00006A57 : 108C;
00006A58 : 1104;
00006A59 : 0DBD;
00006A5A : 074D;
00006A5B : FE84;
00006A5C : F57E;
00006A5D : EDEC;
00006A5E : E8A9;
00006A5F : E5C6;
00006A60 : E509;
00006A61 : E568;
00006A62 : E72E;
00006A63 : EA99;
00006A64 : EF8E;
00006A65 : F62C;
00006A66 : FDBC;
00006A67 : 055B;
00006A68 : 0C8A;
00006A69 : 1260;
00006A6A : 16B4;
00006A6B : 1914;
00006A6C : 18A5;
00006A6D : 1579;
00006A6E : 107A;
00006A6F : 0A72;
00006A70 : 0414;
00006A71 : FE79;
00006A72 : F8FC;
00006A73 : F451;
00006A74 : F014;
00006A75 : EDD4;
00006A76 : ED70;
00006A77 : EF83;
00006A78 : F316;
00006A79 : F6F3;
00006A7A : FA7A;
00006A7B : FC5D;
00006A7C : FCD5;
00006A7D : FB9E;
00006A7E : F929;
00006A7F : F5FB;
00006A80 : F298;
00006A81 : F09D;
00006A82 : F0AF;
00006A83 : F2AB;
00006A84 : F6A2;
00006A85 : FBB4;
00006A86 : 0113;
00006A87 : 05E2;
00006A88 : 09DF;
00006A89 : 0D01;
00006A8A : 0EDC;
00006A8B : 0F82;
00006A8C : 0EED;
00006A8D : 0DD7;
00006A8E : 0C62;
00006A8F : 0AB1;
00006A90 : 08F1;
00006A91 : 06FF;
00006A92 : 048C;
00006A93 : 022D;
00006A94 : 001E;
00006A95 : FED6;
00006A96 : FE4D;
00006A97 : FEA5;
00006A98 : FF4A;
00006A99 : FFFC;
00006A9A : 0035;
00006A9B : FFED;
00006A9C : FF71;
00006A9D : FE81;
00006A9E : FDC2;
00006A9F : FD59;
00006AA0 : FD35;
00006AA1 : FD68;
00006AA2 : FD8A;
00006AA3 : FD91;
00006AA4 : FCD8;
00006AA5 : FB7D;
00006AA6 : FA48;
00006AA7 : F95D;
00006AA8 : F92D;
00006AA9 : FA4A;
00006AAA : FCCB;
00006AAB : 0038;
00006AAC : 046A;
00006AAD : 0838;
00006AAE : 0B13;
00006AAF : 0CCF;
00006AB0 : 0D2D;
00006AB1 : 0CDE;
00006AB2 : 0CA6;
00006AB3 : 0C86;
00006AB4 : 0D03;
00006AB5 : 0DA2;
00006AB6 : 0DC6;
00006AB7 : 0CDD;
00006AB8 : 0B58;
00006AB9 : 08DA;
00006ABA : 05EF;
00006ABB : 02EA;
00006ABC : FFC5;
00006ABD : FCB8;
00006ABE : F974;
00006ABF : F650;
00006AC0 : F3CE;
00006AC1 : F25B;
00006AC2 : F209;
00006AC3 : F2D1;
00006AC4 : F3E6;
00006AC5 : F541;
00006AC6 : F6C1;
00006AC7 : F854;
00006AC8 : FA08;
00006AC9 : FB48;
00006ACA : FC18;
00006ACB : FB55;
00006ACC : F924;
00006ACD : F675;
00006ACE : F4A8;
00006ACF : F4A7;
00006AD0 : F764;
00006AD1 : FCA4;
00006AD2 : 0331;
00006AD3 : 094B;
00006AD4 : 0D2C;
00006AD5 : 0DA3;
00006AD6 : 0ACE;
00006AD7 : 0585;
00006AD8 : FFF4;
00006AD9 : FCB9;
00006ADA : FC84;
00006ADB : FEBF;
00006ADC : 0177;
00006ADD : 0205;
00006ADE : FF95;
00006ADF : FAF2;
00006AE0 : F6DE;
00006AE1 : F640;
00006AE2 : FA8E;
00006AE3 : 02F2;
00006AE4 : 0C40;
00006AE5 : 12E7;
00006AE6 : 1446;
00006AE7 : 1031;
00006AE8 : 0779;
00006AE9 : FCCC;
00006AEA : F274;
00006AEB : E9B1;
00006AEC : E357;
00006AED : DF81;
00006AEE : DE81;
00006AEF : E0B4;
00006AF0 : E5CB;
00006AF1 : ED00;
00006AF2 : F591;
00006AF3 : FFAC;
00006AF4 : 0B49;
00006AF5 : 1850;
00006AF6 : 25F7;
00006AF7 : 3243;
00006AF8 : 3A20;
00006AF9 : 3B26;
00006AFA : 337A;
00006AFB : 2375;
00006AFC : 0E5C;
00006AFD : F9FC;
00006AFE : EB01;
00006AFF : E1E5;
00006B00 : DE08;
00006B01 : DD0D;
00006B02 : DD76;
00006B03 : DD95;
00006B04 : DCF5;
00006B05 : DBBF;
00006B06 : DCF7;
00006B07 : E2D4;
00006B08 : EE73;
00006B09 : FE3D;
00006B0A : 0ED9;
00006B0B : 1C70;
00006B0C : 24E7;
00006B0D : 2804;
00006B0E : 279A;
00006B0F : 25AE;
00006B10 : 239B;
00006B11 : 2120;
00006B12 : 1D30;
00006B13 : 1663;
00006B14 : 0C67;
00006B15 : 0087;
00006B16 : F585;
00006B17 : EDFD;
00006B18 : EBFA;
00006B19 : EEAD;
00006B1A : F397;
00006B1B : F815;
00006B1C : FA3A;
00006B1D : F9F5;
00006B1E : F89B;
00006B1F : F72D;
00006B20 : F5EF;
00006B21 : F4D2;
00006B22 : F331;
00006B23 : F18D;
00006B24 : EFD9;
00006B25 : F000;
00006B26 : F2B5;
00006B27 : F70C;
00006B28 : FBD6;
00006B29 : FFAC;
00006B2A : 0283;
00006B2B : 0499;
00006B2C : 0697;
00006B2D : 09E2;
00006B2E : 0D80;
00006B2F : 103A;
00006B30 : 106A;
00006B31 : 0D7C;
00006B32 : 0854;
00006B33 : 02F1;
00006B34 : FF71;
00006B35 : FF16;
00006B36 : 018F;
00006B37 : 05C3;
00006B38 : 0966;
00006B39 : 0AED;
00006B3A : 09E8;
00006B3B : 071B;
00006B3C : 0375;
00006B3D : 0064;
00006B3E : FE2E;
00006B3F : FC68;
00006B40 : FA1A;
00006B41 : F686;
00006B42 : F1B3;
00006B43 : EBE9;
00006B44 : E659;
00006B45 : E1D8;
00006B46 : E001;
00006B47 : E183;
00006B48 : E5E1;
00006B49 : EC24;
00006B4A : F29B;
00006B4B : F8DD;
00006B4C : FEC8;
00006B4D : 04BC;
00006B4E : 0AC4;
00006B4F : 10DA;
00006B50 : 16E9;
00006B51 : 1C52;
00006B52 : 2085;
00006B53 : 22C5;
00006B54 : 221D;
00006B55 : 1D7B;
00006B56 : 14A3;
00006B57 : 084C;
00006B58 : FA5F;
00006B59 : EE19;
00006B5A : E5DA;
00006B5B : E3D6;
00006B5C : E846;
00006B5D : F1B8;
00006B5E : FDA4;
00006B5F : 0801;
00006B60 : 0DED;
00006B61 : 0ED1;
00006B62 : 0BDE;
00006B63 : 0724;
00006B64 : 025C;
00006B65 : FDD2;
00006B66 : F9B9;
00006B67 : F56B;
00006B68 : F16F;
00006B69 : EEF9;
00006B6A : EE90;
00006B6B : F03B;
00006B6C : F368;
00006B6D : F6FA;
00006B6E : FA7C;
00006B6F : FE3F;
00006B70 : 02E1;
00006B71 : 08B2;
00006B72 : 0F37;
00006B73 : 14FB;
00006B74 : 189E;
00006B75 : 19E9;
00006B76 : 1926;
00006B77 : 16A7;
00006B78 : 1293;
00006B79 : 0CFF;
00006B7A : 056E;
00006B7B : FC50;
00006B7C : F2FA;
00006B7D : EAF3;
00006B7E : E628;
00006B7F : E60F;
00006B80 : E9C7;
00006B81 : F076;
00006B82 : F80B;
00006B83 : FE9C;
00006B84 : 02D2;
00006B85 : 0427;
00006B86 : 028D;
00006B87 : FE8F;
00006B88 : F9D5;
00006B89 : F689;
00006B8A : F5C5;
00006B8B : F820;
00006B8C : FD21;
00006B8D : 02AD;
00006B8E : 0730;
00006B8F : 0A3E;
00006B90 : 0BAE;
00006B91 : 0CAC;
00006B92 : 0DDA;
00006B93 : 0E75;
00006B94 : 0E6B;
00006B95 : 0D3A;
00006B96 : 0B14;
00006B97 : 0792;
00006B98 : 0458;
00006B99 : 0212;
00006B9A : 0044;
00006B9B : FF06;
00006B9C : FD06;
00006B9D : FA73;
00006B9E : F7A7;
00006B9F : F4FE;
00006BA0 : F2FD;
00006BA1 : F2A4;
00006BA2 : F38D;
00006BA3 : F5C4;
00006BA4 : F8B4;
00006BA5 : FC35;
00006BA6 : FFBB;
00006BA7 : 026A;
00006BA8 : 0489;
00006BA9 : 05C2;
00006BAA : 058F;
00006BAB : 0412;
00006BAC : 01A4;
00006BAD : FEA8;
00006BAE : FBD1;
00006BAF : F9E7;
00006BB0 : F8E9;
00006BB1 : F832;
00006BB2 : F8A3;
00006BB3 : FA13;
00006BB4 : FC72;
00006BB5 : 000F;
00006BB6 : 0493;
00006BB7 : 0918;
00006BB8 : 0CC6;
00006BB9 : 0F38;
00006BBA : 0FF5;
00006BBB : 0F02;
00006BBC : 0CB0;
00006BBD : 0A15;
00006BBE : 07D2;
00006BBF : 059C;
00006BC0 : 0403;
00006BC1 : 0272;
00006BC2 : 00F5;
00006BC3 : FEBD;
00006BC4 : FB7A;
00006BC5 : F77E;
00006BC6 : F3BD;
00006BC7 : F19F;
00006BC8 : F120;
00006BC9 : F332;
00006BCA : F739;
00006BCB : FC50;
00006BCC : 00F1;
00006BCD : 04C2;
00006BCE : 06EA;
00006BCF : 07BB;
00006BD0 : 0720;
00006BD1 : 052E;
00006BD2 : 0212;
00006BD3 : FF47;
00006BD4 : FC51;
00006BD5 : FA30;
00006BD6 : F8EA;
00006BD7 : F8A1;
00006BD8 : F943;
00006BD9 : FA9E;
00006BDA : FC2E;
00006BDB : FE46;
00006BDC : 0095;
00006BDD : 0204;
00006BDE : 02FB;
00006BDF : 0346;
00006BE0 : 02CB;
00006BE1 : 0231;
00006BE2 : 0244;
00006BE3 : 0288;
00006BE4 : 03B6;
00006BE5 : 04FB;
00006BE6 : 05DB;
00006BE7 : 068C;
00006BE8 : 06BE;
00006BE9 : 06AC;
00006BEA : 0688;
00006BEB : 069A;
00006BEC : 06FA;
00006BED : 0737;
00006BEE : 06C7;
00006BEF : 0511;
00006BF0 : 0210;
00006BF1 : FE34;
00006BF2 : FAFE;
00006BF3 : F950;
00006BF4 : F93E;
00006BF5 : FA17;
00006BF6 : FA87;
00006BF7 : FA33;
00006BF8 : F915;
00006BF9 : F776;
00006BFA : F6A4;
00006BFB : F6FE;
00006BFC : F8D5;
00006BFD : FB90;
00006BFE : FF29;
00006BFF : 0282;
00006C00 : 0558;
00006C01 : 0708;
00006C02 : 0760;
00006C03 : 05F2;
00006C04 : 0364;
00006C05 : 00E6;
00006C06 : FF86;
00006C07 : FFD0;
00006C08 : 0167;
00006C09 : 034B;
00006C0A : 047C;
00006C0B : 0457;
00006C0C : 02EF;
00006C0D : 0020;
00006C0E : FDB1;
00006C0F : FBDB;
00006C10 : FB9C;
00006C11 : FCD4;
00006C12 : FF11;
00006C13 : 015F;
00006C14 : 02F1;
00006C15 : 02B7;
00006C16 : 0126;
00006C17 : FF29;
00006C18 : FD95;
00006C19 : FD62;
00006C1A : FEB6;
00006C1B : 003A;
00006C1C : 00E5;
00006C1D : 0023;
00006C1E : FDE8;
00006C1F : FB43;
00006C20 : F940;
00006C21 : F899;
00006C22 : F96E;
00006C23 : FBD8;
00006C24 : FF11;
00006C25 : 022A;
00006C26 : 04F6;
00006C27 : 0742;
00006C28 : 0886;
00006C29 : 0909;
00006C2A : 0835;
00006C2B : 06C9;
00006C2C : 04C9;
00006C2D : 028A;
00006C2E : 0056;
00006C2F : FE72;
00006C30 : FDF9;
00006C31 : FEA6;
00006C32 : 00A2;
00006C33 : 02F9;
00006C34 : 04AC;
00006C35 : 04CA;
00006C36 : 02FF;
00006C37 : FFF0;
00006C38 : FD23;
00006C39 : FBC5;
00006C3A : FC5A;
00006C3B : FEA1;
00006C3C : 0155;
00006C3D : 03C1;
00006C3E : 0555;
00006C3F : 0571;
00006C40 : 0459;
00006C41 : 01D8;
00006C42 : FDBD;
00006C43 : F8D3;
00006C44 : F3C1;
00006C45 : F084;
00006C46 : F0BE;
00006C47 : F4D3;
00006C48 : FC0F;
00006C49 : 047D;
00006C4A : 0C27;
00006C4B : 11CE;
00006C4C : 1421;
00006C4D : 12C6;
00006C4E : 0DA7;
00006C4F : 055C;
00006C50 : FB2A;
00006C51 : F1EF;
00006C52 : EC7B;
00006C53 : EC8F;
00006C54 : F22B;
00006C55 : FA75;
00006C56 : 0205;
00006C57 : 05F6;
00006C58 : 0566;
00006C59 : 012C;
00006C5A : FC4D;
00006C5B : F9AE;
00006C5C : FA84;
00006C5D : FE1B;
00006C5E : 0230;
00006C5F : 03B8;
00006C60 : 0143;
00006C61 : FAD3;
00006C62 : F2F4;
00006C63 : ED2F;
00006C64 : ED8D;
00006C65 : F5EA;
00006C66 : 0486;
00006C67 : 14B6;
00006C68 : 2187;
00006C69 : 26F5;
00006C6A : 234C;
00006C6B : 17B4;
00006C6C : 0782;
00006C6D : F640;
00006C6E : E7D0;
00006C6F : DD85;
00006C70 : D6FC;
00006C71 : D439;
00006C72 : D598;
00006C73 : DB75;
00006C74 : E4AD;
00006C75 : EFB3;
00006C76 : FB56;
00006C77 : 0796;
00006C78 : 15AD;
00006C79 : 2527;
00006C7A : 3475;
00006C7B : 4064;
00006C7C : 45F6;
00006C7D : 42AC;
00006C7E : 3525;
00006C7F : 204B;
00006C80 : 0A14;
00006C81 : F80E;
00006C82 : EAA8;
00006C83 : E02A;
00006C84 : D76A;
00006C85 : D07B;
00006C86 : CB47;
00006C87 : C82A;
00006C88 : C7B9;
00006C89 : CB38;
00006C8A : D482;
00006C8B : E395;
00006C8C : F69A;
00006C8D : 0A5F;
00006C8E : 1BBB;
00006C8F : 27A4;
00006C90 : 2CDD;
00006C91 : 2C0E;
00006C92 : 2786;
00006C93 : 225C;
00006C94 : 1E5F;
00006C95 : 1B79;
00006C96 : 17D6;
00006C97 : 114D;
00006C98 : 0756;
00006C99 : FB2E;
00006C9A : F022;
00006C9B : E91A;
00006C9C : E724;
00006C9D : E9EB;
00006C9E : EF55;
00006C9F : F55D;
00006CA0 : FA5E;
00006CA1 : FCD4;
00006CA2 : FD1A;
00006CA3 : FBFE;
00006CA4 : FA51;
00006CA5 : F931;
00006CA6 : F94E;
00006CA7 : FB67;
00006CA8 : FEC6;
00006CA9 : 024D;
00006CAA : 0578;
00006CAB : 0707;
00006CAC : 06FA;
00006CAD : 062E;
00006CAE : 04E6;
00006CAF : 0440;
00006CB0 : 040A;
00006CB1 : 0471;
00006CB2 : 0546;
00006CB3 : 0579;
00006CB4 : 0506;
00006CB5 : 032D;
00006CB6 : FFB4;
00006CB7 : FB9E;
00006CB8 : F779;
00006CB9 : F49E;
00006CBA : F3F5;
00006CBB : F554;
00006CBC : F897;
00006CBD : FC7E;
00006CBE : FFFE;
00006CBF : 0306;
00006CC0 : 04EB;
00006CC1 : 0566;
00006CC2 : 04BE;
00006CC3 : 02E0;
00006CC4 : FF9D;
00006CC5 : FB29;
00006CC6 : F66B;
00006CC7 : F272;
00006CC8 : F09D;
00006CC9 : F0D1;
00006CCA : F318;
00006CCB : F7B1;
00006CCC : FD3B;
00006CCD : 034C;
00006CCE : 0960;
00006CCF : 0E4B;
00006CD0 : 11E0;
00006CD1 : 139B;
00006CD2 : 13A3;
00006CD3 : 12C2;
00006CD4 : 1100;
00006CD5 : 0F73;
00006CD6 : 0DF9;
00006CD7 : 0B98;
00006CD8 : 077E;
00006CD9 : 012E;
00006CDA : F974;
00006CDB : F254;
00006CDC : ED6B;
00006CDD : EC10;
00006CDE : ED9A;
00006CDF : F013;
00006CE0 : F200;
00006CE1 : F1FA;
00006CE2 : F0D7;
00006CE3 : F092;
00006CE4 : F272;
00006CE5 : F6E4;
00006CE6 : FCFE;
00006CE7 : 02EC;
00006CE8 : 0679;
00006CE9 : 07D6;
00006CEA : 0781;
00006CEB : 075C;
00006CEC : 07BD;
00006CED : 093A;
00006CEE : 0B0C;
00006CEF : 0C21;
00006CF0 : 0C28;
00006CF1 : 0AA7;
00006CF2 : 088A;
00006CF3 : 067E;
00006CF4 : 0574;
00006CF5 : 05A1;
00006CF6 : 05FF;
00006CF7 : 05BF;
00006CF8 : 03D8;
00006CF9 : 00BD;
00006CFA : FDAB;
00006CFB : FB7E;
00006CFC : FAC1;
00006CFD : FB39;
00006CFE : FBF9;
00006CFF : FC37;
00006D00 : FBA4;
00006D01 : FACB;
00006D02 : F9B8;
00006D03 : F96A;
00006D04 : F900;
00006D05 : F89F;
00006D06 : F7E4;
00006D07 : F6DB;
00006D08 : F6FF;
00006D09 : F8A3;
00006D0A : FBF7;
00006D0B : FF8B;
00006D0C : 028E;
00006D0D : 0466;
00006D0E : 04AA;
00006D0F : 0412;
00006D10 : 033E;
00006D11 : 02A9;
00006D12 : 025A;
00006D13 : 024C;
00006D14 : 0275;
00006D15 : 02F6;
00006D16 : 0395;
00006D17 : 045A;
00006D18 : 04E6;
00006D19 : 04C9;
00006D1A : 03CB;
00006D1B : 02AA;
00006D1C : 01FD;
00006D1D : 0226;
00006D1E : 0289;
00006D1F : 023E;
00006D20 : 007E;
00006D21 : FCED;
00006D22 : F897;
00006D23 : F545;
00006D24 : F55B;
00006D25 : F9DA;
00006D26 : 016C;
00006D27 : 09BA;
00006D28 : 0F8F;
00006D29 : 106E;
00006D2A : 0BDE;
00006D2B : 0382;
00006D2C : FAA6;
00006D2D : F4F0;
00006D2E : F428;
00006D2F : F7C9;
00006D30 : FD2E;
00006D31 : 015B;
00006D32 : 01FD;
00006D33 : FF36;
00006D34 : FB3D;
00006D35 : F93B;
00006D36 : FABB;
00006D37 : FFF0;
00006D38 : 0736;
00006D39 : 0D75;
00006D3A : 1042;
00006D3B : 0E95;
00006D3C : 091D;
00006D3D : 0196;
00006D3E : FA18;
00006D3F : F455;
00006D40 : F0AD;
00006D41 : EF32;
00006D42 : EFC7;
00006D43 : F1DD;
00006D44 : F51E;
00006D45 : F936;
00006D46 : FCFB;
00006D47 : 002D;
00006D48 : 038D;
00006D49 : 06D5;
00006D4A : 0BC1;
00006D4B : 11F5;
00006D4C : 196F;
00006D4D : 20C8;
00006D4E : 25FE;
00006D4F : 2632;
00006D50 : 1FE3;
00006D51 : 1396;
00006D52 : 0369;
00006D53 : F2C4;
00006D54 : E515;
00006D55 : DB99;
00006D56 : D70E;
00006D57 : D639;
00006D58 : D615;
00006D59 : D57E;
00006D5A : D4DF;
00006D5B : D64D;
00006D5C : DCDC;
00006D5D : E8EB;
00006D5E : FA28;
00006D5F : 0D0C;
00006D60 : 1D86;
00006D61 : 28AA;
00006D62 : 2D27;
00006D63 : 2C1D;
00006D64 : 283C;
00006D65 : 2334;
00006D66 : 1F32;
00006D67 : 1C37;
00006D68 : 18BC;
00006D69 : 12DB;
00006D6A : 0A0A;
00006D6B : FEFB;
00006D6C : F394;
00006D6D : EAE0;
00006D6E : E69D;
00006D6F : E7A2;
00006D70 : ED68;
00006D71 : F4E8;
00006D72 : FB6F;
00006D73 : FF42;
00006D74 : FF51;
00006D75 : FC6E;
00006D76 : F853;
00006D77 : F533;
00006D78 : F3C1;
00006D79 : F45B;
00006D7A : F710;
00006D7B : FAC3;
00006D7C : FF18;
00006D7D : 02FF;
00006D7E : 058D;
00006D7F : 05B7;
00006D80 : 048B;
00006D81 : 02E1;
00006D82 : 0198;
00006D83 : 01E6;
00006D84 : 0393;
00006D85 : 05F0;
00006D86 : 0701;
00006D87 : 063A;
00006D88 : 0312;
00006D89 : FE3C;
00006D8A : FA29;
00006D8B : F80E;
00006D8C : F8A7;
00006D8D : FC41;
00006D8E : 0216;
00006D8F : 080C;
00006D90 : 0C47;
00006D91 : 0DBC;
00006D92 : 0C28;
00006D93 : 07B1;
00006D94 : 0211;
00006D95 : FC6E;
00006D96 : F838;
00006D97 : F610;
00006D98 : F622;
00006D99 : F7AA;
00006D9A : F9F4;
00006D9B : FC1D;
00006D9C : FDC6;
00006D9D : FEC6;
00006D9E : FF8B;
00006D9F : 008A;
00006DA0 : 01D0;
00006DA1 : 0337;
00006DA2 : 04EC;
00006DA3 : 06BB;
00006DA4 : 0873;
00006DA5 : 09F5;
00006DA6 : 0AFC;
00006DA7 : 0ABB;
00006DA8 : 08BC;
00006DA9 : 059C;
00006DAA : 0154;
00006DAB : FCA5;
00006DAC : F887;
00006DAD : F4E8;
00006DAE : F25A;
00006DAF : F13F;
00006DB0 : F194;
00006DB1 : F33E;
00006DB2 : F5B7;
00006DB3 : F8A0;
00006DB4 : FB6B;
00006DB5 : FDFE;
00006DB6 : 00B7;
00006DB7 : 03C9;
00006DB8 : 067A;
00006DB9 : 0914;
00006DBA : 0ADE;
00006DBB : 0BB5;
00006DBC : 0C18;
00006DBD : 0C5D;
00006DBE : 0C19;
00006DBF : 0AE0;
00006DC0 : 084D;
00006DC1 : 0479;
00006DC2 : 0021;
00006DC3 : FC2D;
00006DC4 : F99D;
00006DC5 : F8F9;
00006DC6 : FA2C;
00006DC7 : FC40;
00006DC8 : FE28;
00006DC9 : FEB1;
00006DCA : FD78;
00006DCB : FB29;
00006DCC : F8BA;
00006DCD : F7B7;
00006DCE : F8D0;
00006DCF : FC44;
00006DD0 : 00C9;
00006DD1 : 04A2;
00006DD2 : 06DA;
00006DD3 : 065D;
00006DD4 : 0392;
00006DD5 : FFA0;
00006DD6 : FB83;
00006DD7 : F850;
00006DD8 : F705;
00006DD9 : F7E2;
00006DDA : FA0F;
00006DDB : FD2F;
00006DDC : FFD4;
00006DDD : 0118;
00006DDE : 00DD;
00006DDF : FF60;
00006DE0 : FE07;
00006DE1 : FDBD;
00006DE2 : FF49;
00006DE3 : 02BA;
00006DE4 : 0632;
00006DE5 : 083E;
00006DE6 : 0867;
00006DE7 : 05F9;
00006DE8 : 023C;
00006DE9 : FF5D;
00006DEA : FE76;
00006DEB : FED8;
00006DEC : FF1D;
00006DED : FF53;
00006DEE : FEAC;
00006DEF : FE16;
00006DF0 : FE87;
00006DF1 : 005D;
00006DF2 : 023C;
00006DF3 : 0337;
00006DF4 : 02AB;
00006DF5 : 0086;
00006DF6 : FD92;
00006DF7 : FAE5;
00006DF8 : F983;
00006DF9 : F9AC;
00006DFA : FAE9;
00006DFB : FCF1;
00006DFC : FF4E;
00006DFD : 018D;
00006DFE : 03AC;
00006DFF : 0563;
00006E00 : 065D;
00006E01 : 0718;
00006E02 : 070D;
00006E03 : 06D5;
00006E04 : 063B;
00006E05 : 0428;
00006E06 : 010E;
00006E07 : FD1E;
00006E08 : F8E6;
00006E09 : F5C2;
00006E0A : F428;
00006E0B : F41E;
00006E0C : F5C2;
00006E0D : F8E9;
00006E0E : FDD6;
00006E0F : 0455;
00006E10 : 0BA7;
00006E11 : 1265;
00006E12 : 172D;
00006E13 : 17C5;
00006E14 : 13D7;
00006E15 : 0C7C;
00006E16 : 0444;
00006E17 : FD0E;
00006E18 : F8ED;
00006E19 : F7F9;
00006E1A : F941;
00006E1B : FB95;
00006E1C : FD81;
00006E1D : FEED;
00006E1E : FF98;
00006E1F : FF64;
00006E20 : FEE9;
00006E21 : FDAE;
00006E22 : FBB6;
00006E23 : F9AF;
00006E24 : F86A;
00006E25 : F8B2;
00006E26 : FA7E;
00006E27 : FDBC;
00006E28 : 00D0;
00006E29 : 01B5;
00006E2A : 0140;
00006E2B : 0022;
00006E2C : FFB3;
00006E2D : 005E;
00006E2E : 015C;
00006E2F : 0197;
00006E30 : 0096;
00006E31 : FE7C;
00006E32 : FC7B;
00006E33 : FC29;
00006E34 : FD33;
00006E35 : FE1F;
00006E36 : FDFE;
00006E37 : FC5F;
00006E38 : FA72;
00006E39 : F9FA;
00006E3A : FBFF;
00006E3B : 0052;
00006E3C : 0587;
00006E3D : 0A08;
00006E3E : 0CA3;
00006E3F : 0DEC;
00006E40 : 0DB4;
00006E41 : 0C1D;
00006E42 : 0928;
00006E43 : 0507;
00006E44 : 00DC;
00006E45 : FD3E;
00006E46 : FB4A;
00006E47 : FA2F;
00006E48 : F91D;
00006E49 : F7A3;
00006E4A : F5CB;
00006E4B : F4B0;
00006E4C : F4FE;
00006E4D : F6ED;
00006E4E : F999;
00006E4F : FB65;
00006E50 : FBCE;
00006E51 : FABF;
00006E52 : F932;
00006E53 : F852;
00006E54 : F849;
00006E55 : F969;
00006E56 : FB51;
00006E57 : FD85;
00006E58 : FFDC;
00006E59 : 0283;
00006E5A : 0587;
00006E5B : 0813;
00006E5C : 0B37;
00006E5D : 0E92;
00006E5E : 1267;
00006E5F : 15BE;
00006E60 : 17C1;
00006E61 : 17A2;
00006E62 : 14B8;
00006E63 : 0F19;
00006E64 : 07EE;
00006E65 : 00DC;
00006E66 : FB91;
00006E67 : F8F5;
00006E68 : F898;
00006E69 : FA07;
00006E6A : FC47;
00006E6B : FDE3;
00006E6C : FE3E;
00006E6D : FCDF;
00006E6E : FA8F;
00006E6F : F835;
00006E70 : F707;
00006E71 : F7A1;
00006E72 : F9B6;
00006E73 : FD1E;
00006E74 : 0045;
00006E75 : 01EA;
00006E76 : 0134;
00006E77 : FE80;
00006E78 : FAEA;
00006E79 : F857;
00006E7A : F7CF;
00006E7B : F9E5;
00006E7C : FDDD;
00006E7D : 01A8;
00006E7E : 03DA;
00006E7F : 0431;
00006E80 : 030F;
00006E81 : 01BC;
00006E82 : 0174;
00006E83 : 02CE;
00006E84 : 05A9;
00006E85 : 0848;
00006E86 : 0AA6;
00006E87 : 0B9D;
00006E88 : 0AEF;
00006E89 : 08FF;
00006E8A : 0615;
00006E8B : 0358;
00006E8C : 0162;
00006E8D : 00BE;
00006E8E : 0132;
00006E8F : 024A;
00006E90 : 0327;
00006E91 : 02FA;
00006E92 : 01CC;
00006E93 : FF19;
00006E94 : FBF4;
00006E95 : F946;
00006E96 : F7CB;
00006E97 : F7BF;
00006E98 : F83E;
00006E99 : F8D7;
00006E9A : F890;
00006E9B : F7B9;
00006E9C : F68A;
00006E9D : F566;
00006E9E : F4FE;
00006E9F : F5C7;
00006EA0 : F797;
00006EA1 : FA5C;
00006EA2 : FE09;
00006EA3 : 01B2;
00006EA4 : 05B2;
00006EA5 : 087F;
00006EA6 : 0962;
00006EA7 : 08B1;
00006EA8 : 06F3;
00006EA9 : 0523;
00006EAA : 0406;
00006EAB : 042E;
00006EAC : 04F7;
00006EAD : 04F3;
00006EAE : 0397;
00006EAF : 00C5;
00006EB0 : FD7C;
00006EB1 : FB48;
00006EB2 : FADC;
00006EB3 : FC71;
00006EB4 : FECE;
00006EB5 : 00B5;
00006EB6 : 0179;
00006EB7 : 0182;
00006EB8 : 0117;
00006EB9 : 0123;
00006EBA : 0191;
00006EBB : 01AB;
00006EBC : 00DA;
00006EBD : FEE5;
00006EBE : FC21;
00006EBF : F9C1;
00006EC0 : F879;
00006EC1 : F8E4;
00006EC2 : FAF6;
00006EC3 : FD74;
00006EC4 : FFBD;
00006EC5 : 015C;
00006EC6 : 0241;
00006EC7 : 0253;
00006EC8 : 01DA;
00006EC9 : 0133;
00006ECA : 002C;
00006ECB : FF0F;
00006ECC : FDB3;
00006ECD : FC53;
00006ECE : FB5C;
00006ECF : FB39;
00006ED0 : FBCB;
00006ED1 : FD14;
00006ED2 : FE6A;
00006ED3 : FF96;
00006ED4 : 0029;
00006ED5 : 0066;
00006ED6 : 00E0;
00006ED7 : 020D;
00006ED8 : 04D9;
00006ED9 : 0957;
00006EDA : 0E9A;
00006EDB : 13C1;
00006EDC : 16EB;
00006EDD : 1667;
00006EDE : 1170;
00006EDF : 08F5;
00006EE0 : FF26;
00006EE1 : F7A5;
00006EE2 : F53A;
00006EE3 : F927;
00006EE4 : 0216;
00006EE5 : 0CC2;
00006EE6 : 14CA;
00006EE7 : 1785;
00006EE8 : 1346;
00006EE9 : 08FA;
00006EEA : FB41;
00006EEB : ED9E;
00006EEC : E367;
00006EED : DEAF;
00006EEE : E02E;
00006EEF : E757;
00006EF0 : F190;
00006EF1 : FB98;
00006EF2 : 029F;
00006EF3 : 0514;
00006EF4 : 0476;
00006EF5 : 03D9;
00006EF6 : 0617;
00006EF7 : 0CA0;
00006EF8 : 1617;
00006EF9 : 1F47;
00006EFA : 2478;
00006EFB : 224C;
00006EFC : 17DB;
00006EFD : 0724;
00006EFE : F492;
00006EFF : E542;
00006F00 : DD1D;
00006F01 : DDCC;
00006F02 : E697;
00006F03 : F518;
00006F04 : 053D;
00006F05 : 1296;
00006F06 : 1A01;
00006F07 : 1B4F;
00006F08 : 1793;
00006F09 : 1175;
00006F0A : 0BED;
00006F0B : 08DB;
00006F0C : 08A5;
00006F0D : 0A59;
00006F0E : 0C38;
00006F0F : 0C49;
00006F10 : 085C;
00006F11 : FF28;
00006F12 : F0D6;
00006F13 : DFC5;
00006F14 : CFD0;
00006F15 : C41B;
00006F16 : BEBB;
00006F17 : BF9C;
00006F18 : C652;
00006F19 : D1A7;
00006F1A : DE71;
00006F1B : EB88;
00006F1C : F960;
00006F1D : 08E9;
00006F1E : 18EC;
00006F1F : 266C;
00006F20 : 2F64;
00006F21 : 3387;
00006F22 : 33FA;
00006F23 : 3239;
00006F24 : 2F21;
00006F25 : 2A7F;
00006F26 : 2398;
00006F27 : 1A89;
00006F28 : 0F9D;
00006F29 : 046C;
00006F2A : F8B4;
00006F2B : ECBF;
00006F2C : E223;
00006F2D : DAFF;
00006F2E : D8B0;
00006F2F : DBE2;
00006F30 : E2A4;
00006F31 : EA43;
00006F32 : F016;
00006F33 : F234;
00006F34 : F038;
00006F35 : EC42;
00006F36 : E8EB;
00006F37 : E87A;
00006F38 : EC16;
00006F39 : F34E;
00006F3A : FCAC;
00006F3B : 057C;
00006F3C : 0C37;
00006F3D : 0F20;
00006F3E : 0E2E;
00006F3F : 0ABC;
00006F40 : 06D1;
00006F41 : 053A;
00006F42 : 074C;
00006F43 : 0C42;
00006F44 : 12DA;
00006F45 : 1824;
00006F46 : 1A42;
00006F47 : 185D;
00006F48 : 12F8;
00006F49 : 0BBA;
00006F4A : 0405;
00006F4B : FDEF;
00006F4C : FA00;
00006F4D : F815;
00006F4E : F83E;
00006F4F : F9E1;
00006F50 : FC91;
00006F51 : FFAB;
00006F52 : 0191;
00006F53 : 018D;
00006F54 : FECF;
00006F55 : F9D7;
00006F56 : F403;
00006F57 : EF0C;
00006F58 : EC10;
00006F59 : EB72;
00006F5A : EDDA;
00006F5B : F266;
00006F5C : F817;
00006F5D : FE3B;
00006F5E : 03C5;
00006F5F : 08AA;
00006F60 : 0D04;
00006F61 : 10BA;
00006F62 : 147A;
00006F63 : 1867;
00006F64 : 1C0E;
00006F65 : 1E8D;
00006F66 : 1F3E;
00006F67 : 1D90;
00006F68 : 194B;
00006F69 : 133E;
00006F6A : 0C3D;
00006F6B : 04C5;
00006F6C : FD5F;
00006F6D : F64B;
00006F6E : EFC9;
00006F6F : EABA;
00006F70 : E7E8;
00006F71 : E7D0;
00006F72 : E9C5;
00006F73 : EDBC;
00006F74 : F23B;
00006F75 : F6D3;
00006F76 : FB2B;
00006F77 : FE7E;
00006F78 : 016C;
00006F79 : 03C2;
00006F7A : 05A2;
00006F7B : 0799;
00006F7C : 09B6;
00006F7D : 0B9E;
00006F7E : 0CEB;
00006F7F : 0C8C;
00006F80 : 0A2F;
00006F81 : 0672;
00006F82 : 023A;
00006F83 : FEFB;
00006F84 : FD04;
00006F85 : FCE3;
00006F86 : FE3C;
00006F87 : FF9E;
00006F88 : FFF5;
00006F89 : FF0A;
00006F8A : FD00;
00006F8B : FA74;
00006F8C : F884;
00006F8D : F788;
00006F8E : F77C;
00006F8F : F893;
00006F90 : FA23;
00006F91 : FBAD;
00006F92 : FCA5;
00006F93 : FCFA;
00006F94 : FC3D;
00006F95 : FA53;
00006F96 : F773;
00006F97 : F4BF;
00006F98 : F23B;
00006F99 : F112;
00006F9A : F19D;
00006F9B : F3FC;
00006F9C : F865;
00006F9D : FD9C;
00006F9E : 02B3;
00006F9F : 068B;
00006FA0 : 0879;
00006FA1 : 085E;
00006FA2 : 06FC;
00006FA3 : 052F;
00006FA4 : 043F;
00006FA5 : 0543;
00006FA6 : 07E5;
00006FA7 : 0B73;
00006FA8 : 0E34;
00006FA9 : 0EAC;
00006FAA : 0C77;
00006FAB : 07F3;
00006FAC : 02AD;
00006FAD : FE21;
00006FAE : FB7B;
00006FAF : FA88;
00006FB0 : FAB8;
00006FB1 : FAE6;
00006FB2 : FA8D;
00006FB3 : F98A;
00006FB4 : F871;
00006FB5 : F7C7;
00006FB6 : F81F;
00006FB7 : F9A1;
00006FB8 : FC2F;
00006FB9 : FF72;
00006FBA : 0287;
00006FBB : 04BD;
00006FBC : 05A7;
00006FBD : 0514;
00006FBE : 03AA;
00006FBF : 0250;
00006FC0 : 01F7;
00006FC1 : 02DB;
00006FC2 : 0477;
00006FC3 : 064D;
00006FC4 : 079A;
00006FC5 : 07D5;
00006FC6 : 0795;
00006FC7 : 0729;
00006FC8 : 06E8;
00006FC9 : 064E;
00006FCA : 0518;
00006FCB : 030A;
00006FCC : 007A;
00006FCD : FE06;
00006FCE : FCD6;
00006FCF : FD81;
00006FD0 : 0000;
00006FD1 : 038D;
00006FD2 : 06C2;
00006FD3 : 08E8;
00006FD4 : 0998;
00006FD5 : 083F;
00006FD6 : 05DE;
00006FD7 : 02D1;
00006FD8 : 00B1;
00006FD9 : FF96;
00006FDA : FFD4;
00006FDB : 00EB;
00006FDC : 021D;
00006FDD : 020E;
00006FDE : 00C1;
00006FDF : FD95;
00006FE0 : F9EC;
00006FE1 : F66E;
00006FE2 : F3F3;
00006FE3 : F2E9;
00006FE4 : F307;
00006FE5 : F405;
00006FE6 : F5DE;
00006FE7 : F80F;
00006FE8 : FA8C;
00006FE9 : FD27;
00006FEA : FF44;
00006FEB : 0177;
00006FEC : 03A5;
00006FED : 0583;
00006FEE : 06D9;
00006FEF : 077A;
00006FF0 : 071D;
00006FF1 : 061D;
00006FF2 : 04A5;
00006FF3 : 02DA;
00006FF4 : 00D8;
00006FF5 : FF14;
00006FF6 : FDDD;
00006FF7 : FD38;
00006FF8 : FCF2;
00006FF9 : FD55;
00006FFA : FE16;
00006FFB : FEF2;
00006FFC : FF3A;
00006FFD : FE8E;
00006FFE : FD3E;
00006FFF : FB96;
00007000 : F9A6;
00007001 : F8F4;
00007002 : F93C;
00007003 : FA9B;
00007004 : FC26;
00007005 : FD92;
00007006 : FE21;
00007007 : FDEE;
00007008 : FC5F;
00007009 : F9C6;
0000700A : F791;
0000700B : F622;
0000700C : F657;
0000700D : F894;
0000700E : FBFD;
0000700F : 00A9;
00007010 : 04F8;
00007011 : 0877;
00007012 : 0B27;
00007013 : 0CD2;
00007014 : 0D3F;
00007015 : 0CA8;
00007016 : 0B13;
00007017 : 07FD;
00007018 : 0483;
00007019 : 0148;
0000701A : FF84;
0000701B : FFCE;
0000701C : 01DA;
0000701D : 0468;
0000701E : 063D;
0000701F : 0688;
00007020 : 05C0;
00007021 : 0418;
00007022 : 0232;
00007023 : 006A;
00007024 : FDF6;
00007025 : FAB3;
00007026 : F6E6;
00007027 : F3C7;
00007028 : F2BF;
00007029 : F4A5;
0000702A : F892;
0000702B : FD22;
0000702C : 0089;
0000702D : 0225;
0000702E : 01F6;
0000702F : 0162;
00007030 : 01CE;
00007031 : 0472;
00007032 : 0936;
00007033 : 0F4C;
00007034 : 154B;
00007035 : 18A5;
00007036 : 185B;
00007037 : 13D8;
00007038 : 0C23;
00007039 : 037F;
0000703A : FC62;
0000703B : F864;
0000703C : F78B;
0000703D : F908;
0000703E : FB40;
0000703F : FD4B;
00007040 : FE99;
00007041 : FEF1;
00007042 : FE71;
00007043 : FD71;
00007044 : FC68;
00007045 : FB7E;
00007046 : FAC7;
00007047 : FA44;
00007048 : F9B7;
00007049 : F833;
0000704A : F6CC;
0000704B : F646;
0000704C : F688;
0000704D : F748;
0000704E : F8C6;
0000704F : FAFF;
00007050 : FD3F;
00007051 : 0013;
00007052 : 031D;
00007053 : 0669;
00007054 : 0965;
00007055 : 0B4F;
00007056 : 0BEF;
00007057 : 0B21;
00007058 : 0974;
00007059 : 06F9;
0000705A : 03EB;
0000705B : 00E8;
0000705C : FDDB;
0000705D : FB9A;
0000705E : FA1B;
0000705F : FA09;
00007060 : FACA;
00007061 : FBA7;
00007062 : FC05;
00007063 : FB6C;
00007064 : FA3B;
00007065 : F8A9;
00007066 : F7D5;
00007067 : F74A;
00007068 : F74E;
00007069 : F7D2;
0000706A : F828;
0000706B : F844;
0000706C : F86C;
0000706D : F839;
0000706E : F830;
0000706F : F8C9;
00007070 : F974;
00007071 : FB00;
00007072 : FCCE;
00007073 : FF18;
00007074 : 01AF;
00007075 : 0431;
00007076 : 0618;
00007077 : 075F;
00007078 : 07BB;
00007079 : 0732;
0000707A : 0686;
0000707B : 05B4;
0000707C : 04F9;
0000707D : 0455;
0000707E : 03B7;
0000707F : 032C;
00007080 : 029D;
00007081 : 02AA;
00007082 : 02E9;
00007083 : 0380;
00007084 : 03C2;
00007085 : 03E5;
00007086 : 03DE;
00007087 : 03A3;
00007088 : 02A2;
00007089 : 0237;
0000708A : 023D;
0000708B : 0236;
0000708C : 01DB;
0000708D : 00A3;
0000708E : FEA2;
0000708F : FC00;
00007090 : F960;
00007091 : F796;
00007092 : F760;
00007093 : F8E0;
00007094 : FB44;
00007095 : FDFD;
00007096 : 0051;
00007097 : 01A9;
00007098 : 0228;
00007099 : 01E8;
0000709A : 0147;
0000709B : 002B;
0000709C : FF8E;
0000709D : 0012;
0000709E : 01E2;
0000709F : 04F6;
000070A0 : 089F;
000070A1 : 0B7F;
000070A2 : 0CC0;
000070A3 : 0C31;
000070A4 : 0A89;
000070A5 : 0852;
000070A6 : 0674;
000070A7 : 050E;
000070A8 : 04F1;
000070A9 : 0519;
000070AA : 0558;
000070AB : 052C;
000070AC : 0421;
000070AD : 0269;
000070AE : 0031;
000070AF : FDD9;
000070B0 : FB80;
000070B1 : F95D;
000070B2 : F783;
000070B3 : F5B9;
000070B4 : F4F0;
000070B5 : F535;
000070B6 : F65B;
000070B7 : F876;
000070B8 : FB09;
000070B9 : FD68;
000070BA : FF92;
000070BB : 015E;
000070BC : 0313;
000070BD : 040F;
000070BE : 04A0;
000070BF : 051C;
000070C0 : 04ED;
000070C1 : 04A5;
000070C2 : 0428;
000070C3 : 0399;
000070C4 : 02F3;
000070C5 : 0146;
000070C6 : FF10;
000070C7 : FC76;
000070C8 : F9E6;
000070C9 : F810;
000070CA : F6D2;
000070CB : F655;
000070CC : F661;
000070CD : F6F2;
000070CE : F787;
000070CF : F913;
000070D0 : FB15;
000070D1 : FD46;
000070D2 : FF95;
000070D3 : 0137;
000070D4 : 0244;
000070D5 : 01E6;
000070D6 : 009E;
000070D7 : FF80;
000070D8 : FE6E;
000070D9 : FE20;
000070DA : FE48;
000070DB : FE6C;
000070DC : FE0E;
000070DD : FCFF;
000070DE : FB7D;
000070DF : FA48;
000070E0 : FA55;
000070E1 : FBD8;
000070E2 : FE33;
000070E3 : 004C;
000070E4 : 0150;
000070E5 : 00AC;
000070E6 : FEE9;
000070E7 : FC4D;
000070E8 : FA9F;
000070E9 : F9D5;
000070EA : F97A;
000070EB : F9B0;
000070EC : FA95;
000070ED : FB44;
000070EE : FC00;
000070EF : FCE2;
000070F0 : FDE5;
000070F1 : FEB0;
000070F2 : FFE1;
000070F3 : 019E;
000070F4 : 03A4;
000070F5 : 061E;
000070F6 : 0818;
000070F7 : 0906;
000070F8 : 0911;
000070F9 : 0844;
000070FA : 07AE;
000070FB : 0826;
000070FC : 0A2D;
000070FD : 0CA4;
000070FE : 0E7C;
000070FF : 0DF4;
00007100 : 0A36;
00007101 : 045F;
00007102 : FD9C;
00007103 : F7B0;
00007104 : F3D3;
00007105 : F29B;
00007106 : F395;
00007107 : F5AE;
00007108 : F824;
00007109 : FA3B;
0000710A : FBC9;
0000710B : FC76;
0000710C : FD32;
0000710D : FEC4;
0000710E : 01B0;
0000710F : 0627;
00007110 : 0ABF;
00007111 : 0DF4;
00007112 : 0E04;
00007113 : 0BC2;
00007114 : 07AC;
00007115 : 030D;
00007116 : FF1F;
00007117 : FC7D;
00007118 : FAC5;
00007119 : F98C;
0000711A : F90E;
0000711B : FA1C;
0000711C : FD0A;
0000711D : 01D5;
0000711E : 0764;
0000711F : 0CB2;
00007120 : 1022;
00007121 : 10C0;
00007122 : 0F60;
00007123 : 0C9B;
00007124 : 0946;
00007125 : 066C;
00007126 : 041E;
00007127 : 025C;
00007128 : 0084;
00007129 : FE6B;
0000712A : FBA3;
0000712B : F7A7;
0000712C : F2A1;
0000712D : ED2C;
0000712E : E8AE;
0000712F : E6DF;
00007130 : E8A9;
00007131 : ED9B;
00007132 : F420;
00007133 : FA4E;
00007134 : FF1C;
00007135 : 0245;
00007136 : 047C;
00007137 : 065C;
00007138 : 07D6;
00007139 : 08A2;
0000713A : 08B9;
0000713B : 085E;
0000713C : 07FD;
0000713D : 07AD;
0000713E : 0724;
0000713F : 0630;
00007140 : 047E;
00007141 : 0244;
00007142 : FFE0;
00007143 : FD69;
00007144 : FB05;
00007145 : F947;
00007146 : F82B;
00007147 : F84E;
00007148 : FA50;
00007149 : FDE1;
0000714A : 0195;
0000714B : 0385;
0000714C : 0293;
0000714D : FE52;
0000714E : F851;
0000714F : F2A2;
00007150 : EF21;
00007151 : EEE3;
00007152 : F1E8;
00007153 : F717;
00007154 : FC69;
00007155 : 00B8;
00007156 : 0355;
00007157 : 03D9;
00007158 : 02ED;
00007159 : 020F;
0000715A : 01F3;
0000715B : 0398;
0000715C : 0716;
0000715D : 0BE1;
0000715E : 0F54;
0000715F : 1071;
00007160 : 0E8B;
00007161 : 09ED;
00007162 : 0435;
00007163 : FF4E;
00007164 : FC4A;
00007165 : FB66;
00007166 : FC9B;
00007167 : FDF4;
00007168 : FF86;
00007169 : 005F;
0000716A : FFD6;
0000716B : FE5F;
0000716C : FC46;
0000716D : FA54;
0000716E : F8F8;
0000716F : F887;
00007170 : F8F9;
00007171 : FA7A;
00007172 : FCB6;
00007173 : FF2E;
00007174 : 0154;
00007175 : 02FF;
00007176 : 03D1;
00007177 : 0442;
00007178 : 0470;
00007179 : 0466;
0000717A : 04F9;
0000717B : 05EE;
0000717C : 0749;
0000717D : 08E8;
0000717E : 0A07;
0000717F : 0A6F;
00007180 : 09A5;
00007181 : 082B;
00007182 : 05BF;
00007183 : 02CE;
00007184 : FFDE;
00007185 : FD26;
00007186 : FA9E;
00007187 : F8CB;
00007188 : F7EB;
00007189 : F897;
0000718A : FA17;
0000718B : FC07;
0000718C : FDDF;
0000718D : FF0E;
0000718E : FF96;
0000718F : FF13;
00007190 : FE05;
00007191 : FCB3;
00007192 : FBF9;
00007193 : FBB8;
00007194 : FC0D;
00007195 : FCA7;
00007196 : FD62;
00007197 : FE80;
00007198 : FEC3;
00007199 : FEA2;
0000719A : FE52;
0000719B : FE00;
0000719C : FEA9;
0000719D : 005A;
0000719E : 02E0;
0000719F : 063C;
000071A0 : 08FD;
000071A1 : 09D5;
000071A2 : 090E;
000071A3 : 06BD;
000071A4 : 0354;
000071A5 : FFEC;
000071A6 : FD53;
000071A7 : FBF7;
000071A8 : FC08;
000071A9 : FCC7;
000071AA : FD1F;
000071AB : FC79;
000071AC : FAA0;
000071AD : F820;
000071AE : F58A;
000071AF : F48E;
000071B0 : F61A;
000071B1 : F9C9;
000071B2 : FE9E;
000071B3 : 031C;
000071B4 : 05A8;
000071B5 : 0542;
000071B6 : 01EA;
000071B7 : FC30;
000071B8 : F61E;
000071B9 : F20B;
000071BA : F22A;
000071BB : F71A;
000071BC : 00DD;
000071BD : 0D39;
000071BE : 181E;
000071BF : 1E35;
000071C0 : 1CBF;
000071C1 : 12DC;
000071C2 : 02A9;
000071C3 : F16F;
000071C4 : E494;
000071C5 : E076;
000071C6 : E60C;
000071C7 : F2B7;
000071C8 : 004C;
000071C9 : 0A10;
000071CA : 0C85;
000071CB : 0914;
000071CC : 0270;
000071CD : FDCD;
000071CE : FE75;
000071CF : 0546;
000071D0 : 0F87;
000071D1 : 18A6;
000071D2 : 1BFC;
000071D3 : 1707;
000071D4 : 0A15;
000071D5 : F779;
000071D6 : E47D;
000071D7 : D5BF;
000071D8 : CE60;
000071D9 : D00F;
000071DA : DA6F;
000071DB : EAE7;
000071DC : FCE2;
000071DD : 0C2F;
000071DE : 1682;
000071DF : 1C58;
000071E0 : 1F08;
000071E1 : 20FF;
000071E2 : 23C3;
000071E3 : 27B9;
000071E4 : 2C0D;
000071E5 : 2E33;
000071E6 : 2AEE;
000071E7 : 2116;
000071E8 : 11A9;
000071E9 : FEFA;
000071EA : EB28;
000071EB : D88F;
000071EC : C8E2;
000071ED : BDB2;
000071EE : B7B6;
000071EF : B781;
000071F0 : BD17;
000071F1 : C86C;
000071F2 : D6F9;
000071F3 : E5F3;
000071F4 : F560;
000071F5 : 05CC;
000071F6 : 16A3;
000071F7 : 2580;
000071F8 : 303E;
000071F9 : 36DF;
000071FA : 3A76;
000071FB : 3CEA;
000071FC : 3E4D;
000071FD : 3DA0;
000071FE : 37BC;
000071FF : 2B96;
00007200 : 1B17;
00007201 : 08C8;
00007202 : F62D;
00007203 : E4A7;
00007204 : D6A3;
00007205 : CE81;
00007206 : CD4D;
00007207 : D186;
00007208 : D83C;
00007209 : DE5E;
0000720A : E2E1;
0000720B : E5D1;
0000720C : E8E9;
0000720D : ED52;
0000720E : F331;
0000720F : F9CF;
00007210 : 0035;
00007211 : 061D;
00007212 : 0B50;
00007213 : 103F;
00007214 : 147E;
00007215 : 1738;
00007216 : 17DA;
00007217 : 16D7;
00007218 : 1351;
00007219 : 0F71;
0000721A : 0BEC;
0000721B : 08F1;
0000721C : 0721;
0000721D : 0657;
0000721E : 06A2;
0000721F : 0805;
00007220 : 094F;
00007221 : 09B6;
00007222 : 0863;
00007223 : 0524;
00007224 : 00D3;
00007225 : FC4B;
00007226 : F823;
00007227 : F539;
00007228 : F3E3;
00007229 : F34A;
0000722A : F30D;
0000722B : F276;
0000722C : F107;
0000722D : EE1D;
0000722E : EA9F;
0000722F : E7E5;
00007230 : E5EB;
00007231 : E6B5;
00007232 : EB10;
00007233 : F1EB;
00007234 : FA4B;
00007235 : 033C;
00007236 : 0AA3;
00007237 : 0FB5;
00007238 : 1354;
00007239 : 1522;
0000723A : 15F9;
0000723B : 1698;
0000723C : 17A5;
0000723D : 19C4;
0000723E : 1C07;
0000723F : 1CDE;
00007240 : 1B71;
00007241 : 16B2;
00007242 : 0FB9;
00007243 : 083B;
00007244 : 00DE;
00007245 : FAEA;
00007246 : F65D;
00007247 : F243;
00007248 : EEA8;
00007249 : EBE9;
0000724A : E90C;
0000724B : E707;
0000724C : E693;
0000724D : E823;
0000724E : EBAE;
0000724F : EFCE;
00007250 : F50D;
00007251 : FA11;
00007252 : FDE2;
00007253 : 0122;
00007254 : 045C;
00007255 : 06DC;
00007256 : 0906;
00007257 : 0B32;
00007258 : 0C8A;
00007259 : 0D51;
0000725A : 0C6E;
0000725B : 09CE;
0000725C : 05C9;
0000725D : 0179;
0000725E : FE7B;
0000725F : FEA3;
00007260 : 0154;
00007261 : 057F;
00007262 : 0894;
00007263 : 089B;
00007264 : 05CC;
00007265 : 0213;
00007266 : FF8B;
00007267 : FF78;
00007268 : 0180;
00007269 : 03DD;
0000726A : 0411;
0000726B : 00E7;
0000726C : FAD5;
0000726D : F467;
0000726E : EF22;
0000726F : EC61;
00007270 : ECE8;
00007271 : EE2D;
00007272 : EFD5;
00007273 : F1CC;
00007274 : F2C8;
00007275 : F39B;
00007276 : F43D;
00007277 : F44E;
00007278 : F4E4;
00007279 : F686;
0000727A : FA04;
0000727B : FF5D;
0000727C : 063D;
0000727D : 0E27;
0000727E : 14D7;
0000727F : 18D9;
00007280 : 192F;
00007281 : 15C4;
00007282 : 0FC1;
00007283 : 0875;
00007284 : 0125;
00007285 : FBAF;
00007286 : F804;
00007287 : F6D3;
00007288 : F863;
00007289 : FC69;
0000728A : 0233;
0000728B : 07E3;
0000728C : 0AF4;
0000728D : 0970;
0000728E : 03B2;
0000728F : FAAA;
00007290 : F1E1;
00007291 : ECEF;
00007292 : EE67;
00007293 : F5FA;
00007294 : 005A;
00007295 : 09C7;
00007296 : 0F8E;
00007297 : 10CF;
00007298 : 0E13;
00007299 : 08C7;
0000729A : 0289;
0000729B : FDBD;
0000729C : FBA1;
0000729D : FD35;
0000729E : 0113;
0000729F : 05D5;
000072A0 : 08EB;
000072A1 : 08CB;
000072A2 : 041B;
000072A3 : FC86;
000072A4 : F4D8;
000072A5 : EFC6;
000072A6 : EFE9;
000072A7 : F418;
000072A8 : FA66;
000072A9 : 0159;
000072AA : 06A1;
000072AB : 0A70;
000072AC : 0C86;
000072AD : 0DFC;
000072AE : 0FF6;
000072AF : 11A0;
000072B0 : 130E;
000072B1 : 1381;
000072B2 : 1302;
000072B3 : 118F;
000072B4 : 0EAD;
000072B5 : 0A61;
000072B6 : 0540;
000072B7 : FEE5;
000072B8 : F7D6;
000072B9 : F0EC;
000072BA : EA34;
000072BB : E3F2;
000072BC : DF7A;
000072BD : DD8D;
000072BE : DF7F;
000072BF : E486;
000072C0 : EC22;
000072C1 : F4FF;
000072C2 : FC97;
000072C3 : 0301;
000072C4 : 07AE;
000072C5 : 0ACC;
000072C6 : 0DC8;
000072C7 : 10F1;
000072C8 : 139A;
000072C9 : 15F5;
000072CA : 16DD;
000072CB : 15F1;
000072CC : 1292;
000072CD : 0CEE;
000072CE : 064D;
000072CF : 002C;
000072D0 : FBC7;
000072D1 : F929;
000072D2 : F878;
000072D3 : F852;
000072D4 : F799;
000072D5 : F661;
000072D6 : F4B5;
000072D7 : F386;
000072D8 : F40E;
000072D9 : F53F;
000072DA : F6D9;
000072DB : F7C5;
000072DC : F7C4;
000072DD : F707;
000072DE : F616;
000072DF : F5EB;
000072E0 : F6F9;
000072E1 : F9B7;
000072E2 : FD02;
000072E3 : 00D2;
000072E4 : 03F9;
000072E5 : 0573;
000072E6 : 05A1;
000072E7 : 049A;
000072E8 : 02E0;
000072E9 : 00E2;
000072EA : 0048;
000072EB : 00F9;
000072EC : 02FD;
000072ED : 05F7;
000072EE : 08FD;
000072EF : 0B25;
000072F0 : 0BE5;
000072F1 : 0AED;
000072F2 : 08B0;
000072F3 : 05B8;
000072F4 : 028E;
000072F5 : FF2B;
000072F6 : FBE0;
000072F7 : F87D;
000072F8 : F549;
000072F9 : F289;
000072FA : F130;
000072FB : F193;
000072FC : F3F1;
000072FD : F7A4;
000072FE : FC1D;
000072FF : FFA5;
00007300 : 01DD;
00007301 : 02BE;
00007302 : 01D3;
00007303 : 00C6;
00007304 : 0026;
00007305 : 0134;
00007306 : 04C9;
00007307 : 093C;
00007308 : 0D34;
00007309 : 0FB2;
0000730A : 100A;
0000730B : 0DF4;
0000730C : 0AB6;
0000730D : 0825;
0000730E : 0731;
0000730F : 07D8;
00007310 : 0900;
00007311 : 09FF;
00007312 : 0969;
00007313 : 065F;
00007314 : 022B;
00007315 : FDB8;
00007316 : FB1A;
00007317 : FAEA;
00007318 : FC3A;
00007319 : FE75;
0000731A : FFDC;
0000731B : FFD8;
0000731C : FE64;
0000731D : FBCA;
0000731E : F8DC;
0000731F : F659;
00007320 : F468;
00007321 : F41E;
00007322 : F57C;
00007323 : F86B;
00007324 : FC3E;
00007325 : FF7A;
00007326 : 013B;
00007327 : 00EE;
00007328 : 0037;
00007329 : FFE6;
0000732A : 016C;
0000732B : 052B;
0000732C : 097B;
0000732D : 0DC6;
0000732E : 108F;
0000732F : 11C2;
00007330 : 11FA;
00007331 : 1101;
00007332 : 0FC9;
00007333 : 0D8A;
00007334 : 09EB;
00007335 : 0482;
00007336 : FE8D;
00007337 : F8E0;
00007338 : F416;
00007339 : F061;
0000733A : ED80;
0000733B : EC83;
0000733C : EC7A;
0000733D : EDCA;
0000733E : F003;
0000733F : F287;
00007340 : F4F4;
00007341 : F653;
00007342 : F739;
00007343 : F811;
00007344 : F95C;
00007345 : FAF3;
00007346 : FD77;
00007347 : FFF5;
00007348 : 0208;
00007349 : 041B;
0000734A : 04FF;
0000734B : 0524;
0000734C : 0419;
0000734D : 02B3;
0000734E : 0148;
0000734F : 008E;
00007350 : 0127;
00007351 : 0246;
00007352 : 040E;
00007353 : 059B;
00007354 : 0675;
00007355 : 0658;
00007356 : 0591;
00007357 : 0423;
00007358 : 02D0;
00007359 : 0165;
0000735A : 0004;
0000735B : FE50;
0000735C : FC4E;
0000735D : FAD9;
0000735E : FA2F;
0000735F : FAE1;
00007360 : FC59;
00007361 : FD75;
00007362 : FD80;
00007363 : FA93;
00007364 : F55A;
00007365 : EF5C;
00007366 : EB19;
00007367 : EA95;
00007368 : EF99;
00007369 : F8FE;
0000736A : 0474;
0000736B : 0E02;
0000736C : 12CE;
0000736D : 1131;
0000736E : 09B8;
0000736F : FEF9;
00007370 : F542;
00007371 : F056;
00007372 : F2D3;
00007373 : FB9E;
00007374 : 0754;
00007375 : 10F2;
00007376 : 1510;
00007377 : 1320;
00007378 : 0C6D;
00007379 : 0423;
0000737A : FDF7;
0000737B : FCC0;
0000737C : 00E2;
0000737D : 085A;
0000737E : 0F76;
0000737F : 1374;
00007380 : 1271;
00007381 : 0C75;
00007382 : 0360;
00007383 : F9C5;
00007384 : F278;
00007385 : EF33;
00007386 : EFFF;
00007387 : F4FE;
00007388 : FC15;
00007389 : 0359;
0000738A : 096A;
0000738B : 0BDD;
0000738C : 0B8A;
0000738D : 08DB;
0000738E : 05C6;
0000738F : 042D;
00007390 : 0497;
00007391 : 06D2;
00007392 : 0898;
00007393 : 08C2;
00007394 : 0677;
00007395 : 02D5;
00007396 : FF0D;
00007397 : FC20;
00007398 : FA61;
00007399 : F975;
0000739A : F888;
0000739B : F780;
0000739C : F661;
0000739D : F612;
0000739E : F765;
0000739F : FA90;
000073A0 : FF4E;
000073A1 : 04B1;
000073A2 : 0927;
000073A3 : 0C10;
000073A4 : 0D60;
000073A5 : 0D49;
000073A6 : 0CD5;
000073A7 : 0CAD;
000073A8 : 0CCA;
000073A9 : 0C7A;
000073AA : 0BD5;
000073AB : 0AAE;
000073AC : 0960;
000073AD : 07A7;
000073AE : 0515;
000073AF : 00ED;
000073B0 : FB16;
000073B1 : F468;
000073B2 : EF17;
000073B3 : ECD5;
000073B4 : EF11;
000073B5 : F391;
000073B6 : F7EC;
000073B7 : FA0B;
000073B8 : F91A;
000073B9 : F5B2;
000073BA : F250;
000073BB : F084;
000073BC : F196;
000073BD : F3D9;
000073BE : F74A;
000073BF : FA7B;
000073C0 : FDD6;
000073C1 : 0211;
000073C2 : 0690;
000073C3 : 0ACE;
000073C4 : 0D35;
000073C5 : 0CA1;
000073C6 : 0A10;
000073C7 : 0691;
000073C8 : 0345;
000073C9 : 017F;
000073CA : 0190;
000073CB : 023D;
000073CC : 02DF;
000073CD : 02C7;
000073CE : 0219;
000073CF : 0122;
000073D0 : FFDE;
000073D1 : FE2F;
000073D2 : FC1B;
000073D3 : F9D0;
000073D4 : F752;
000073D5 : F66E;
000073D6 : F635;
000073D7 : F73B;
000073D8 : F853;
000073D9 : F91A;
000073DA : F923;
000073DB : F872;
000073DC : F768;
000073DD : F678;
000073DE : F5BC;
000073DF : F5C0;
000073E0 : F760;
000073E1 : FAB6;
000073E2 : FFA1;
000073E3 : 053E;
000073E4 : 0AF2;
000073E5 : 0F52;
000073E6 : 1116;
000073E7 : 10E6;
000073E8 : 0F15;
000073E9 : 0C83;
000073EA : 09DB;
000073EB : 0799;
000073EC : 056E;
000073ED : 0380;
000073EE : 01DD;
000073EF : 00BC;
000073F0 : 001A;
000073F1 : FF9D;
000073F2 : FEAC;
000073F3 : FD20;
000073F4 : FB6C;
000073F5 : FACD;
000073F6 : FB72;
000073F7 : FD61;
000073F8 : 004C;
000073F9 : 02B5;
000073FA : 0415;
000073FB : 03B1;
000073FC : 01F7;
000073FD : FF91;
000073FE : FD13;
000073FF : FAF0;
00007400 : F9FC;
00007401 : FA24;
00007402 : FB57;
00007403 : FD61;
00007404 : FFDC;
00007405 : 030F;
00007406 : 0656;
00007407 : 0984;
00007408 : 0BA3;
00007409 : 0C51;
0000740A : 0B52;
0000740B : 0945;
0000740C : 0702;
0000740D : 0538;
0000740E : 042E;
0000740F : 0367;
00007410 : 0272;
00007411 : 0117;
00007412 : FF23;
00007413 : FD80;
00007414 : FC59;
00007415 : FC08;
00007416 : FBCB;
00007417 : FB06;
00007418 : FA13;
00007419 : F951;
0000741A : F99D;
0000741B : FB21;
0000741C : FD86;
0000741D : FF88;
0000741E : 0037;
0000741F : FF40;
00007420 : FDB4;
00007421 : FC32;
00007422 : FBFE;
00007423 : FD63;
00007424 : FF6F;
00007425 : 0113;
00007426 : 0169;
00007427 : 011B;
00007428 : 00A4;
00007429 : 016C;
0000742A : 0360;
0000742B : 061E;
0000742C : 0803;
0000742D : 07D1;
0000742E : 053D;
0000742F : 0186;
00007430 : FEA3;
00007431 : FDDF;
00007432 : FF01;
00007433 : 00DC;
00007434 : 0202;
00007435 : 017D;
00007436 : FF8A;
00007437 : FD63;
00007438 : FC19;
00007439 : FC2A;
0000743A : FD45;
0000743B : FE09;
0000743C : FE92;
0000743D : FEFE;
0000743E : 0023;
0000743F : 02FA;
00007440 : 0555;
00007441 : 068C;
00007442 : 05AD;
00007443 : 023B;
00007444 : FCD9;
00007445 : F8A5;
00007446 : F754;
00007447 : F924;
00007448 : FD2B;
00007449 : 011A;
0000744A : 029C;
0000744B : 016F;
0000744C : FE8D;
0000744D : FBF2;
0000744E : FA27;
0000744F : FA84;
00007450 : FD08;
00007451 : FF99;
00007452 : 02EB;
00007453 : 05B3;
00007454 : 07A9;
00007455 : 08EF;
00007456 : 08C1;
00007457 : 069C;
00007458 : 0324;
00007459 : FEEA;
0000745A : FA98;
0000745B : F80A;
0000745C : F7DA;
0000745D : F9C0;
0000745E : FCD6;
0000745F : 0033;
00007460 : 02E7;
00007461 : 04AD;
00007462 : 0500;
00007463 : 04D5;
00007464 : 0438;
00007465 : 0346;
00007466 : 02AE;
00007467 : 029D;
00007468 : 0334;
00007469 : 044F;
0000746A : 0555;
0000746B : 0539;
0000746C : 0421;
0000746D : 0273;
0000746E : FFC2;
0000746F : FD13;
00007470 : FB97;
00007471 : FAC6;
00007472 : FABA;
00007473 : FB0B;
00007474 : FB4C;
00007475 : FBED;
00007476 : FCA7;
00007477 : FDD7;
00007478 : FEF9;
00007479 : FF68;
0000747A : 000E;
0000747B : 0147;
0000747C : 0291;
0000747D : 03D2;
0000747E : 04BB;
0000747F : 04A8;
00007480 : 03C1;
00007481 : 029E;
00007482 : 01A9;
00007483 : 018B;
00007484 : 020A;
00007485 : 01FA;
00007486 : 0188;
00007487 : 003E;
00007488 : FEEE;
00007489 : FE2D;
0000748A : FE57;
0000748B : FE92;
0000748C : FEAA;
0000748D : FDE3;
0000748E : FC51;
0000748F : FAB0;
00007490 : F94B;
00007491 : F974;
00007492 : FB57;
00007493 : FE49;
00007494 : 00F5;
00007495 : 0319;
00007496 : 043C;
00007497 : 04BD;
00007498 : 0562;
00007499 : 05E7;
0000749A : 05AF;
0000749B : 047A;
0000749C : 01E4;
0000749D : FE60;
0000749E : FAEC;
0000749F : F938;
000074A0 : F9C6;
000074A1 : FC9E;
000074A2 : FFEE;
000074A3 : 0295;
000074A4 : 0370;
000074A5 : 030D;
000074A6 : 0274;
000074A7 : 0244;
000074A8 : 0253;
000074A9 : 01D1;
000074AA : FFC3;
000074AB : FC1B;
000074AC : F886;
000074AD : F73B;
000074AE : F868;
000074AF : FC1B;
000074B0 : 000B;
000074B1 : 0275;
000074B2 : 02B6;
000074B3 : 0125;
000074B4 : FFA3;
000074B5 : FF7D;
000074B6 : 0161;
000074B7 : 0392;
000074B8 : 050B;
000074B9 : 04FC;
000074BA : 0412;
000074BB : 02BA;
000074BC : 0212;
000074BD : 0212;
000074BE : 01FC;
000074BF : 006D;
000074C0 : FDAC;
000074C1 : FA9C;
000074C2 : F818;
000074C3 : F77B;
000074C4 : F91D;
000074C5 : FD35;
000074C6 : 01BE;
000074C7 : 0583;
000074C8 : 0771;
000074C9 : 072E;
000074CA : 050D;
000074CB : 0252;
000074CC : FFB8;
000074CD : FDDB;
000074CE : FD96;
000074CF : FDDE;
000074D0 : FDD6;
000074D1 : FD9B;
000074D2 : FCDA;
000074D3 : FCCB;
000074D4 : FD40;
000074D5 : FE09;
000074D6 : FED3;
000074D7 : FF31;
000074D8 : FF06;
000074D9 : FEB2;
000074DA : FF05;
000074DB : 005B;
000074DC : 0263;
000074DD : 044B;
000074DE : 0596;
000074DF : 05CD;
000074E0 : 0529;
000074E1 : 04A7;
000074E2 : 04AC;
000074E3 : 04C3;
000074E4 : 04D9;
000074E5 : 0422;
000074E6 : 02BF;
000074E7 : 0109;
000074E8 : FF72;
000074E9 : FE9E;
000074EA : FEAE;
000074EB : FFD4;
000074EC : 0199;
000074ED : 02AC;
000074EE : 03A6;
000074EF : 0311;
000074F0 : 00C5;
000074F1 : FD21;
000074F2 : F858;
000074F3 : F43C;
000074F4 : F1E8;
000074F5 : F253;
000074F6 : F593;
000074F7 : FAD0;
000074F8 : 00A9;
000074F9 : 0548;
000074FA : 0774;
000074FB : 06B9;
000074FC : 0354;
000074FD : FEE7;
000074FE : FA72;
000074FF : F823;
00007500 : F8F0;
00007501 : FC5D;
00007502 : 01B1;
00007503 : 06CD;
00007504 : 0A5E;
00007505 : 0AC1;
00007506 : 0896;
00007507 : 0584;
00007508 : 034F;
00007509 : 0390;
0000750A : 06A9;
0000750B : 0B61;
0000750C : 0FBE;
0000750D : 1121;
0000750E : 0DE3;
0000750F : 0661;
00007510 : FB68;
00007511 : F076;
00007512 : E85B;
00007513 : E4C3;
00007514 : E6D3;
00007515 : EC9D;
00007516 : F3CA;
00007517 : FB1A;
00007518 : 024A;
00007519 : 089E;
0000751A : 0E62;
0000751B : 1333;
0000751C : 1627;
0000751D : 1612;
0000751E : 12F5;
0000751F : 0E2A;
00007520 : 08E5;
00007521 : 0586;
00007522 : 034C;
00007523 : 00C9;
00007524 : FC4F;
00007525 : F50E;
00007526 : EC32;
00007527 : E42E;
00007528 : DF1F;
00007529 : DD59;
0000752A : DD99;
0000752B : DECD;
0000752C : E1B0;
0000752D : E62D;
0000752E : EE80;
0000752F : FAA9;
00007530 : 0974;
00007531 : 17E3;
00007532 : 22DC;
00007533 : 28F1;
00007534 : 2A2B;
00007535 : 2868;
00007536 : 258C;
00007537 : 22AB;
00007538 : 1EE0;
00007539 : 19F9;
0000753A : 132B;
0000753B : 0ADC;
0000753C : 0182;
0000753D : F82C;
0000753E : EF70;
0000753F : E77E;
00007540 : E0E2;
00007541 : DBCC;
00007542 : D9B6;
00007543 : DB68;
00007544 : E07E;
00007545 : E906;
00007546 : F258;
00007547 : F9B9;
00007548 : FE71;
00007549 : 0040;
0000754A : 00A1;
0000754B : 002C;
0000754C : FF0F;
0000754D : FDD4;
0000754E : FD22;
0000754F : FE80;
00007550 : 01B6;
00007551 : 05F7;
00007552 : 09F0;
00007553 : 0C2F;
00007554 : 0C73;
00007555 : 0BCD;
00007556 : 0AEA;
00007557 : 0B08;
00007558 : 0CDD;
00007559 : 0FD7;
0000755A : 12F0;
0000755B : 1559;
0000755C : 160F;
0000755D : 14AB;
0000755E : 10BA;
0000755F : 0B88;
00007560 : 054D;
00007561 : FF56;
00007562 : F9E6;
00007563 : F4C7;
00007564 : F173;
00007565 : EE5D;
00007566 : EB69;
00007567 : E894;
00007568 : E656;
00007569 : E4EA;
0000756A : E53A;
0000756B : E7BF;
0000756C : EC52;
0000756D : F23B;
0000756E : F843;
0000756F : FCDA;
00007570 : 0062;
00007571 : 024B;
00007572 : 0328;
00007573 : 0470;
00007574 : 06B2;
00007575 : 0A3D;
00007576 : 0E13;
00007577 : 1144;
00007578 : 12AA;
00007579 : 121F;
0000757A : 1082;
0000757B : 0EB5;
0000757C : 0EAA;
0000757D : 1018;
0000757E : 11F0;
0000757F : 11DA;
00007580 : 103C;
00007581 : 0BE1;
00007582 : 05CB;
00007583 : FF73;
00007584 : F98F;
00007585 : F537;
00007586 : F225;
00007587 : F0EB;
00007588 : F0F9;
00007589 : F2EA;
0000758A : F4FA;
0000758B : F61D;
0000758C : F4B1;
0000758D : F16F;
0000758E : EECC;
0000758F : EDE2;
00007590 : F0F7;
00007591 : F742;
00007592 : FF3E;
00007593 : 071D;
00007594 : 0D09;
00007595 : 1001;
00007596 : 1080;
00007597 : 0E5B;
00007598 : 0AE1;
00007599 : 0707;
0000759A : 039E;
0000759B : 0194;
0000759C : 0080;
0000759D : 0084;
0000759E : 014E;
0000759F : 02B0;
000075A0 : 0430;
000075A1 : 0620;
000075A2 : 07C8;
000075A3 : 08BB;
000075A4 : 0944;
000075A5 : 08EE;
000075A6 : 07EC;
000075A7 : 05B2;
000075A8 : 013A;
000075A9 : FAEE;
000075AA : F3E3;
000075AB : ECF1;
000075AC : E830;
000075AD : E68B;
000075AE : E816;
000075AF : EB8B;
000075B0 : EEEF;
000075B1 : F258;
000075B2 : F561;
000075B3 : F8CD;
000075B4 : FD1A;
000075B5 : 01E9;
000075B6 : 06CB;
000075B7 : 0AEB;
000075B8 : 0E39;
000075B9 : 108F;
000075BA : 1233;
000075BB : 1263;
000075BC : 110E;
000075BD : 0DBC;
000075BE : 090B;
000075BF : 03C2;
000075C0 : FE5F;
000075C1 : FA69;
000075C2 : F778;
000075C3 : F553;
000075C4 : F467;
000075C5 : F49E;
000075C6 : F5FB;
000075C7 : F867;
000075C8 : FB1D;
000075C9 : FD75;
000075CA : FEF6;
000075CB : FEFF;
000075CC : FE21;
000075CD : FD3C;
000075CE : FD27;
000075CF : FEC6;
000075D0 : 0142;
000075D1 : 0402;
000075D2 : 05C7;
000075D3 : 05C1;
000075D4 : 045A;
000075D5 : 01D9;
000075D6 : FF4A;
000075D7 : FD6E;
000075D8 : FCA0;
000075D9 : FCFC;
000075DA : FE2C;
000075DB : FF80;
000075DC : 017A;
000075DD : 0340;
000075DE : 04C0;
000075DF : 05EB;
000075E0 : 062C;
000075E1 : 05AF;
000075E2 : 04D6;
000075E3 : 042F;
000075E4 : 0466;
000075E5 : 0496;
000075E6 : 0533;
000075E7 : 057C;
000075E8 : 04F4;
000075E9 : 02EE;
000075EA : 008A;
000075EB : FDE0;
000075EC : FC00;
000075ED : FB3B;
000075EE : FB5F;
000075EF : FC49;
000075F0 : FC5D;
000075F1 : FBB5;
000075F2 : FAE7;
000075F3 : FAD9;
000075F4 : FB02;
000075F5 : FBD2;
000075F6 : FD52;
000075F7 : FF0D;
000075F8 : 010F;
000075F9 : 02F8;
000075FA : 049B;
000075FB : 05C5;
000075FC : 066C;
000075FD : 0649;
000075FE : 055A;
000075FF : 03F5;
00007600 : 0255;
00007601 : 005F;
00007602 : FF12;
00007603 : FF0D;
00007604 : FF97;
00007605 : 0071;
00007606 : 004F;
00007607 : FF9D;
00007608 : FED2;
00007609 : FE8C;
0000760A : FF42;
0000760B : 00E9;
0000760C : 02C0;
0000760D : 0419;
0000760E : 0459;
0000760F : 0375;
00007610 : 0276;
00007611 : 0238;
00007612 : 0235;
00007613 : 01EF;
00007614 : 01ED;
00007615 : 00C7;
00007616 : FF67;
00007617 : FD38;
00007618 : FBBF;
00007619 : FAD9;
0000761A : FA4F;
0000761B : F997;
0000761C : F8A7;
0000761D : F7D7;
0000761E : F6F1;
0000761F : F631;
00007620 : F636;
00007621 : F6A8;
00007622 : F807;
00007623 : FA40;
00007624 : FCFF;
00007625 : FFC4;
00007626 : 01CE;
00007627 : 027F;
00007628 : 025A;
00007629 : 0214;
0000762A : 02AC;
0000762B : 0374;
0000762C : 03D0;
0000762D : 02F7;
0000762E : 005D;
0000762F : FCB0;
00007630 : F9D0;
00007631 : F926;
00007632 : FB50;
00007633 : FED6;
00007634 : 0349;
00007635 : 0720;
00007636 : 0920;
00007637 : 09F7;
00007638 : 09E1;
00007639 : 0869;
0000763A : 04FF;
0000763B : FF72;
0000763C : F92F;
0000763D : F39D;
0000763E : F000;
0000763F : EFBF;
00007640 : F1BE;
00007641 : F4ED;
00007642 : F7EC;
00007643 : FA3E;
00007644 : FCB0;
00007645 : FF9C;
00007646 : 0392;
00007647 : 0757;
00007648 : 0A09;
00007649 : 0B6D;
0000764A : 0BE7;
0000764B : 0C93;
0000764C : 0DAB;
0000764D : 0E24;
0000764E : 0D4A;
0000764F : 0A63;
00007650 : 0573;
00007651 : FFF7;
00007652 : FAE9;
00007653 : F710;
00007654 : F4CA;
00007655 : F40B;
00007656 : F46D;
00007657 : F5C2;
00007658 : F83E;
00007659 : FB70;
0000765A : FE8E;
0000765B : 015C;
0000765C : 03A4;
0000765D : 04BB;
0000765E : 0498;
0000765F : 0363;
00007660 : 0128;
00007661 : FEC7;
00007662 : FD94;
00007663 : FD8A;
00007664 : FFA1;
00007665 : 0252;
00007666 : 04FC;
00007667 : 0692;
00007668 : 06DB;
00007669 : 06BD;
0000766A : 072D;
0000766B : 088E;
0000766C : 0A50;
0000766D : 0B24;
0000766E : 0B18;
0000766F : 09CF;
00007670 : 07F3;
00007671 : 0589;
00007672 : 03D7;
00007673 : 0237;
00007674 : 00C4;
00007675 : FEC1;
00007676 : FC20;
00007677 : F9CD;
00007678 : F7D5;
00007679 : F7BE;
0000767A : F8B2;
0000767B : FB17;
0000767C : FDA2;
0000767D : FF8D;
0000767E : 005C;
0000767F : 005B;
00007680 : FFE9;
00007681 : FF41;
00007682 : FE8F;
00007683 : FDB4;
00007684 : FCE5;
00007685 : FBD7;
00007686 : FA6C;
00007687 : F8E9;
00007688 : F757;
00007689 : F5BA;
0000768A : F4B1;
0000768B : F531;
0000768C : F766;
0000768D : FAE0;
0000768E : FEE5;
0000768F : 0262;
00007690 : 04F9;
00007691 : 0672;
00007692 : 0785;
00007693 : 085C;
00007694 : 08C7;
00007695 : 0936;
00007696 : 094A;
00007697 : 0934;
00007698 : 0916;
00007699 : 08F6;
0000769A : 08B6;
0000769B : 0736;
0000769C : 04BE;
0000769D : 019D;
0000769E : FDE5;
0000769F : FA62;
000076A0 : F78D;
000076A1 : F5C4;
000076A2 : F519;
000076A3 : F5E1;
000076A4 : F7A7;
000076A5 : F907;
000076A6 : F937;
000076A7 : F7B1;
000076A8 : F5F7;
000076A9 : F48E;
000076AA : F4DE;
000076AB : F714;
000076AC : FAA5;
000076AD : FF00;
000076AE : 030D;
000076AF : 0662;
000076B0 : 08FC;
000076B1 : 0B10;
000076B2 : 0C7F;
000076B3 : 0BF2;
000076B4 : 0929;
000076B5 : 0422;
000076B6 : FE4E;
000076B7 : F915;
000076B8 : F59D;
000076B9 : F5E4;
000076BA : FA22;
000076BB : 0098;
000076BC : 078C;
000076BD : 0CA5;
000076BE : 0F1F;
000076BF : 0E78;
000076C0 : 0B39;
000076C1 : 0709;
000076C2 : 0264;
000076C3 : FDBF;
000076C4 : F936;
000076C5 : F51B;
000076C6 : F21E;
000076C7 : F117;
000076C8 : F2EB;
000076C9 : F7AA;
000076CA : FD70;
000076CB : 038A;
000076CC : 08EC;
000076CD : 0D03;
000076CE : 0FE4;
000076CF : 11B8;
000076D0 : 1244;
000076D1 : 1167;
000076D2 : 0EC1;
000076D3 : 0AE0;
000076D4 : 0663;
000076D5 : 025C;
000076D6 : FF73;
000076D7 : FD9A;
000076D8 : FC4C;
000076D9 : FAC3;
000076DA : F948;
000076DB : F831;
000076DC : F7F0;
000076DD : F877;
000076DE : F9BD;
000076DF : FB4F;
000076E0 : FC90;
000076E1 : FD78;
000076E2 : FE12;
000076E3 : FE16;
000076E4 : FDDE;
000076E5 : FC83;
000076E6 : FA69;
000076E7 : F824;
000076E8 : F64C;
000076E9 : F614;
000076EA : F768;
000076EB : F9FD;
000076EC : FDCE;
000076ED : 01C5;
000076EE : 05AB;
000076EF : 0917;
000076F0 : 0BC1;
000076F1 : 0DF8;
000076F2 : 0F69;
000076F3 : 0FBE;
000076F4 : 0F09;
000076F5 : 0CC6;
000076F6 : 097E;
000076F7 : 05E7;
000076F8 : 02DC;
000076F9 : 0070;
000076FA : FEAE;
000076FB : FDE8;
000076FC : FCFF;
000076FD : FCE1;
000076FE : FC4D;
000076FF : FBE4;
00007700 : FB75;
00007701 : FAA2;
00007702 : F9D8;
00007703 : F976;
00007704 : F97A;
00007705 : F998;
00007706 : FA13;
00007707 : FAB9;
00007708 : FB67;
00007709 : FBB4;
0000770A : FB4B;
0000770B : FA32;
0000770C : F8E7;
0000770D : F808;
0000770E : F763;
0000770F : F785;
00007710 : F84D;
00007711 : F8C8;
00007712 : F96E;
00007713 : F9BA;
00007714 : FA8C;
00007715 : FBFA;
00007716 : FE7B;
00007717 : 013C;
00007718 : 03C9;
00007719 : 0535;
0000771A : 050D;
0000771B : 038C;
0000771C : 0119;
0000771D : FEF4;
0000771E : FE10;
0000771F : FF6B;
00007720 : 026B;
00007721 : 064C;
00007722 : 0A5D;
00007723 : 0CF0;
00007724 : 0D87;
00007725 : 0ABD;
00007726 : 05F2;
00007727 : FF7F;
00007728 : F92B;
00007729 : F4B6;
0000772A : F2F8;
0000772B : F47A;
0000772C : F7ED;
0000772D : FB62;
0000772E : FED8;
0000772F : 0127;
00007730 : 029D;
00007731 : 0367;
00007732 : 03ED;
00007733 : 0426;
00007734 : 03BC;
00007735 : 02E6;
00007736 : 0205;
00007737 : 0184;
00007738 : 0148;
00007739 : 00CE;
0000773A : FF7C;
0000773B : FCB4;
0000773C : F7FE;
0000773D : F246;
0000773E : ED16;
0000773F : EA76;
00007740 : EB74;
00007741 : F027;
00007742 : F6EE;
00007743 : FE23;
00007744 : 04D6;
00007745 : 0A61;
00007746 : 0F93;
00007747 : 1540;
00007748 : 1BF2;
00007749 : 22F0;
0000774A : 28B5;
0000774B : 2AAE;
0000774C : 278D;
0000774D : 1EE2;
0000774E : 11C5;
0000774F : 0271;
00007750 : F22C;
00007751 : E16A;
00007752 : D185;
00007753 : C4A8;
00007754 : BDBF;
00007755 : BE02;
00007756 : C5AB;
00007757 : D341;
00007758 : E216;
00007759 : EFB0;
0000775A : FCEF;
0000775B : 0BDB;
0000775C : 1C86;
0000775D : 2CA2;
0000775E : 3901;
0000775F : 3FD8;
00007760 : 4186;
00007761 : 3F41;
00007762 : 3A5C;
00007763 : 32BA;
00007764 : 2839;
00007765 : 1CC6;
00007766 : 0F7C;
00007767 : FFA6;
00007768 : EE23;
00007769 : DD7F;
0000776A : D0E1;
0000776B : CA54;
0000776C : C9D4;
0000776D : CE1C;
0000776E : D693;
0000776F : E0D1;
00007770 : EB33;
00007771 : F474;
00007772 : FA82;
00007773 : FD47;
00007774 : FE1D;
00007775 : FE73;
00007776 : FF7C;
00007777 : 01F1;
00007778 : 05B4;
00007779 : 09CB;
0000777A : 0DD8;
0000777B : 10F7;
0000777C : 12A2;
0000777D : 1222;
0000777E : 0FC9;
0000777F : 0C92;
00007780 : 099A;
00007781 : 0832;
00007782 : 084C;
00007783 : 09AC;
00007784 : 0C38;
00007785 : 0E18;
00007786 : 0EAB;
00007787 : 0D6A;
00007788 : 0AE4;
00007789 : 0710;
0000778A : 02EF;
0000778B : FED2;
0000778C : FBAA;
0000778D : F8F5;
0000778E : F6D1;
0000778F : F5B2;
00007790 : F454;
00007791 : F317;
00007792 : F1A5;
00007793 : F03D;
00007794 : EF3D;
00007795 : EE98;
00007796 : EE66;
00007797 : EEC5;
00007798 : EF37;
00007799 : EF98;
0000779A : EFA7;
0000779B : EFFF;
0000779C : F1D2;
0000779D : F5D8;
0000779E : FACE;
0000779F : FFFF;
000077A0 : 055E;
000077A1 : 0A05;
000077A2 : 0DD8;
000077A3 : 1003;
000077A4 : 10E4;
000077A5 : 109C;
000077A6 : 0FC1;
000077A7 : 0E9E;
000077A8 : 0D6E;
000077A9 : 0D27;
000077AA : 0C7F;
000077AB : 0B14;
000077AC : 0885;
000077AD : 04BA;
000077AE : 005C;
000077AF : FCC3;
000077B0 : FA37;
000077B1 : F851;
000077B2 : F6CC;
000077B3 : F4E2;
000077B4 : F24B;
000077B5 : F040;
000077B6 : EED4;
000077B7 : EF41;
000077B8 : F177;
000077B9 : F4F4;
000077BA : F8D0;
000077BB : FC3A;
000077BC : FF66;
000077BD : 0279;
000077BE : 0511;
000077BF : 07AC;
000077C0 : 08CF;
000077C1 : 0749;
000077C2 : 0355;
000077C3 : FE5D;
000077C4 : F9D2;
000077C5 : F7C4;
000077C6 : F974;
000077C7 : FD41;
000077C8 : 01FE;
000077C9 : 0574;
000077CA : 06C3;
000077CB : 0676;
000077CC : 05A9;
000077CD : 057C;
000077CE : 0594;
000077CF : 054F;
000077D0 : 0368;
000077D1 : FF44;
000077D2 : FA0E;
000077D3 : F53C;
000077D4 : F2E3;
000077D5 : F35F;
000077D6 : F584;
000077D7 : F7EF;
000077D8 : F9CD;
000077D9 : FB0D;
000077DA : FCC7;
000077DB : FFAC;
000077DC : 0383;
000077DD : 07B2;
000077DE : 0A81;
000077DF : 0B6F;
000077E0 : 0A92;
000077E1 : 090D;
000077E2 : 074B;
000077E3 : 05D3;
000077E4 : 043D;
000077E5 : 0218;
000077E6 : FF75;
000077E7 : FC85;
000077E8 : FA5D;
000077E9 : F933;
000077EA : F92E;
000077EB : FA06;
000077EC : FB21;
000077ED : FC74;
000077EE : FE9B;
000077EF : 0119;
000077F0 : 03A9;
000077F1 : 0593;
000077F2 : 05AF;
000077F3 : 03FF;
000077F4 : 01CA;
000077F5 : FF19;
000077F6 : FD11;
000077F7 : FCB6;
000077F8 : FDDD;
000077F9 : FFDB;
000077FA : 0216;
000077FB : 0546;
000077FC : 081B;
000077FD : 0A3F;
000077FE : 0AE1;
000077FF : 09E7;
00007800 : 07C2;
00007801 : 0531;
00007802 : 0398;
00007803 : 0375;
00007804 : 043D;
00007805 : 04EC;
00007806 : 0425;
00007807 : 019B;
00007808 : FE59;
00007809 : FBBE;
0000780A : FAC7;
0000780B : FBAC;
0000780C : FE09;
0000780D : 003B;
0000780E : 0225;
0000780F : 0270;
00007810 : 01F8;
00007811 : 013C;
00007812 : 0187;
00007813 : 0282;
00007814 : 0475;
00007815 : 0664;
00007816 : 0747;
00007817 : 06DD;
00007818 : 049C;
00007819 : 0214;
0000781A : FE89;
0000781B : FAB8;
0000781C : F7B3;
0000781D : F5C6;
0000781E : F54B;
0000781F : F676;
00007820 : F88C;
00007821 : FABF;
00007822 : FCDB;
00007823 : FE1E;
00007824 : FE7D;
00007825 : FE08;
00007826 : FD4B;
00007827 : FCF2;
00007828 : FD62;
00007829 : FEE4;
0000782A : 013A;
0000782B : 037A;
0000782C : 04D8;
0000782D : 0547;
0000782E : 0479;
0000782F : 0347;
00007830 : 024E;
00007831 : 0252;
00007832 : 036D;
00007833 : 04B1;
00007834 : 051D;
00007835 : 0422;
00007836 : 018F;
00007837 : FE46;
00007838 : FB6A;
00007839 : FA40;
0000783A : FAEA;
0000783B : FCD8;
0000783C : FF26;
0000783D : 0065;
0000783E : 000A;
0000783F : FE88;
00007840 : FBF6;
00007841 : F95C;
00007842 : F785;
00007843 : F6A5;
00007844 : F6D3;
00007845 : F7D0;
00007846 : F9C4;
00007847 : FBF6;
00007848 : FCE2;
00007849 : FC67;
0000784A : FA8A;
0000784B : F7FC;
0000784C : F68F;
0000784D : F7C0;
0000784E : FC4F;
0000784F : 0348;
00007850 : 0AA8;
00007851 : 100C;
00007852 : 1162;
00007853 : 0F06;
00007854 : 0A17;
00007855 : 0512;
00007856 : 011B;
00007857 : FE6E;
00007858 : FC28;
00007859 : F984;
0000785A : F601;
0000785B : F223;
0000785C : EFBD;
0000785D : EFE0;
0000785E : F2F9;
0000785F : F8C3;
00007860 : FF72;
00007861 : 052C;
00007862 : 0932;
00007863 : 0B01;
00007864 : 0A09;
00007865 : 0711;
00007866 : 02E9;
00007867 : FF0D;
00007868 : FCD4;
00007869 : FCF9;
0000786A : FEEF;
0000786B : 00F9;
0000786C : 0221;
0000786D : 01EC;
0000786E : 0154;
0000786F : 0189;
00007870 : 0375;
00007871 : 0690;
00007872 : 0998;
00007873 : 0C36;
00007874 : 0E32;
00007875 : 0FE1;
00007876 : 10EF;
00007877 : 112A;
00007878 : 0F2B;
00007879 : 0A58;
0000787A : 02EA;
0000787B : FB47;
0000787C : F4F2;
0000787D : F0B9;
0000787E : EE2C;
0000787F : EC80;
00007880 : EBBF;
00007881 : EC9D;
00007882 : F055;
00007883 : F64B;
00007884 : FCE9;
00007885 : 02BB;
00007886 : 057A;
00007887 : 04F9;
00007888 : 01EC;
00007889 : FF81;
0000788A : FE78;
0000788B : FFC8;
0000788C : 0247;
0000788D : 05B1;
0000788E : 0981;
0000788F : 0C6F;
00007890 : 0E58;
00007891 : 0E53;
00007892 : 0C96;
00007893 : 0963;
00007894 : 0601;
00007895 : 0349;
00007896 : 030E;
00007897 : 04C0;
00007898 : 070A;
00007899 : 08FE;
0000789A : 09FF;
0000789B : 083F;
0000789C : 04D7;
0000789D : FF45;
0000789E : F93C;
0000789F : F3E5;
000078A0 : F096;
000078A1 : F09B;
000078A2 : F470;
000078A3 : FA4F;
000078A4 : 009F;
000078A5 : 04C8;
000078A6 : 05DA;
000078A7 : 03B7;
000078A8 : FFDC;
000078A9 : FC02;
000078AA : F9BC;
000078AB : F8E1;
000078AC : F9EA;
000078AD : FBB3;
000078AE : FD1A;
000078AF : FE1B;
000078B0 : FE03;
000078B1 : FD40;
000078B2 : FB5D;
000078B3 : F959;
000078B4 : F82E;
000078B5 : F8EF;
000078B6 : FB6F;
000078B7 : FFF6;
000078B8 : 04FC;
000078B9 : 089B;
000078BA : 0A0B;
000078BB : 09DD;
000078BC : 0857;
000078BD : 06DE;
000078BE : 06B1;
000078BF : 080C;
000078C0 : 0A66;
000078C1 : 0B94;
000078C2 : 0BAF;
000078C3 : 0990;
000078C4 : 05AD;
000078C5 : 01DE;
000078C6 : FEA5;
000078C7 : FC38;
000078C8 : FB38;
000078C9 : FB75;
000078CA : FB4D;
000078CB : FAF6;
000078CC : FA48;
000078CD : F90C;
000078CE : F810;
000078CF : F755;
000078D0 : F79C;
000078D1 : F8E0;
000078D2 : FAE0;
000078D3 : FE0A;
000078D4 : 0203;
000078D5 : 0586;
000078D6 : 07D6;
000078D7 : 0833;
000078D8 : 069F;
000078D9 : 046C;
000078DA : 0285;
000078DB : 0221;
000078DC : 03BB;
000078DD : 05D2;
000078DE : 06DF;
000078DF : 05E3;
000078E0 : 0271;
000078E1 : FE42;
000078E2 : FA34;
000078E3 : F8D8;
000078E4 : FA68;
000078E5 : FE08;
000078E6 : 030B;
000078E7 : 08D5;
000078E8 : 0E7F;
000078E9 : 130E;
000078EA : 14FF;
000078EB : 12C3;
000078EC : 0AB1;
000078ED : FF4A;
000078EE : F2FD;
000078EF : E842;
000078F0 : E354;
000078F1 : E40E;
000078F2 : E9CB;
000078F3 : F1F3;
000078F4 : F9A6;
000078F5 : FF61;
000078F6 : 03FE;
000078F7 : 07A7;
000078F8 : 0BDA;
000078F9 : 1055;
000078FA : 1498;
000078FB : 1820;
000078FC : 1AC3;
000078FD : 1C4D;
000078FE : 1BFE;
000078FF : 18CA;
00007900 : 11FE;
00007901 : 0855;
00007902 : FE2E;
00007903 : F552;
00007904 : EEE4;
00007905 : EC4A;
00007906 : EC14;
00007907 : ED20;
00007908 : EE6B;
00007909 : EF4E;
0000790A : F124;
0000790B : F4DD;
0000790C : FA63;
0000790D : 00E1;
0000790E : 07F1;
0000790F : 0E16;
00007910 : 11CD;
00007911 : 132A;
00007912 : 1249;
00007913 : 0F8B;
00007914 : 0A30;
00007915 : 03A2;
00007916 : FD18;
00007917 : F877;
00007918 : F6F4;
00007919 : F7D1;
0000791A : FAD4;
0000791B : FDA9;
0000791C : FEDA;
0000791D : FEB3;
0000791E : FDD1;
0000791F : FDB3;
00007920 : FF81;
00007921 : 02B9;
00007922 : 0653;
00007923 : 09F6;
00007924 : 0C00;
00007925 : 0C70;
00007926 : 0C63;
00007927 : 0BB3;
00007928 : 0AA5;
00007929 : 09B1;
0000792A : 08A4;
0000792B : 06C5;
0000792C : 040A;
0000792D : 00BF;
0000792E : FD6C;
0000792F : F9B3;
00007930 : F6C0;
00007931 : F552;
00007932 : F43C;
00007933 : F3DB;
00007934 : F4A5;
00007935 : F5CF;
00007936 : F6AD;
00007937 : F6F4;
00007938 : F6AB;
00007939 : F605;
0000793A : F56C;
0000793B : F579;
0000793C : F5DB;
0000793D : F7DE;
0000793E : FAAA;
0000793F : FDAD;
00007940 : FFB5;
00007941 : 0181;
00007942 : 0250;
00007943 : 022C;
00007944 : 0184;
00007945 : 0168;
00007946 : 01AE;
00007947 : 0324;
00007948 : 05AF;
00007949 : 0995;
0000794A : 0D70;
0000794B : 1079;
0000794C : 1130;
0000794D : 0F59;
0000794E : 0B42;
0000794F : 0513;
00007950 : FFC8;
00007951 : FCB8;
00007952 : FB3D;
00007953 : FB2D;
00007954 : FC01;
00007955 : FC79;
00007956 : FC64;
00007957 : FBD6;
00007958 : FBA7;
00007959 : FAD2;
0000795A : FA28;
0000795B : F9BA;
0000795C : F981;
0000795D : FA19;
0000795E : FBD4;
0000795F : FDF9;
00007960 : 0035;
00007961 : 01A0;
00007962 : 0061;
00007963 : FD95;
00007964 : F9FB;
00007965 : F733;
00007966 : F6B6;
00007967 : F932;
00007968 : FE05;
00007969 : 03A9;
0000796A : 082E;
0000796B : 0A9A;
0000796C : 0B47;
0000796D : 0AB5;
0000796E : 09DD;
0000796F : 08FF;
00007970 : 079F;
00007971 : 05B2;
00007972 : 0224;
00007973 : FE96;
00007974 : F9F5;
00007975 : F7A7;
00007976 : F83D;
00007977 : FB35;
00007978 : FEFB;
00007979 : 01E7;
0000797A : 03D6;
0000797B : 0428;
0000797C : 03F0;
0000797D : 048F;
0000797E : 054F;
0000797F : 0508;
00007980 : 0371;
00007981 : FFFD;
00007982 : FB7B;
00007983 : F78C;
00007984 : F5D1;
00007985 : F5D3;
00007986 : F760;
00007987 : F963;
00007988 : FB35;
00007989 : FD58;
0000798A : 0115;
0000798B : 059C;
0000798C : 0B4F;
0000798D : 1060;
0000798E : 13A4;
0000798F : 14F1;
00007990 : 1438;
00007991 : 122B;
00007992 : 0F70;
00007993 : 0C57;
00007994 : 07D1;
00007995 : 0256;
00007996 : FC4B;
00007997 : F68F;
00007998 : F221;
00007999 : EF14;
0000799A : ED0A;
0000799B : EC65;
0000799C : EC91;
0000799D : ED50;
0000799E : EF58;
0000799F : F25C;
000079A0 : F654;
000079A1 : F988;
000079A2 : FBF2;
000079A3 : FE49;
000079A4 : 0032;
000079A5 : 025B;
000079A6 : 049B;
000079A7 : 07C1;
000079A8 : 0A88;
000079A9 : 0CDB;
000079AA : 0E89;
000079AB : 0F31;
000079AC : 0F3B;
000079AD : 0E67;
000079AE : 0C93;
000079AF : 0A8A;
000079B0 : 0839;
000079B1 : 05E8;
000079B2 : 03DC;
000079B3 : 01E2;
000079B4 : FF57;
000079B5 : FC95;
000079B6 : FA58;
000079B7 : F92B;
000079B8 : F945;
000079B9 : FA2A;
000079BA : FBD2;
000079BB : FCC8;
000079BC : FCF3;
000079BD : FC7B;
000079BE : FBF0;
000079BF : FC27;
000079C0 : FDF7;
000079C1 : 004B;
000079C2 : 021F;
000079C3 : 02E0;
000079C4 : 011E;
000079C5 : FE30;
000079C6 : FAD9;
000079C7 : F8A1;
000079C8 : F7BB;
000079C9 : F7AC;
000079CA : F7C8;
000079CB : F788;
000079CC : F693;
000079CD : F5A7;
000079CE : F4CF;
000079CF : F4C5;
000079D0 : F5A8;
000079D1 : F80A;
000079D2 : FB9F;
000079D3 : 0036;
000079D4 : 051E;
000079D5 : 08E0;
000079D6 : 0ACE;
000079D7 : 09CB;
000079D8 : 06C8;
000079D9 : 02CE;
000079DA : FFE6;
000079DB : FF83;
000079DC : 01D6;
000079DD : 060A;
000079DE : 0A05;
000079DF : 0C5E;
000079E0 : 0C16;
000079E1 : 0945;
000079E2 : 0566;
000079E3 : 015E;
000079E4 : FE98;
000079E5 : FCC1;
000079E6 : FBEC;
000079E7 : FC98;
000079E8 : FDB6;
000079E9 : FFC7;
000079EA : 0175;
000079EB : 01C8;
000079EC : FF87;
000079ED : FA6F;
000079EE : F2ED;
000079EF : EB04;
000079F0 : E4DE;
000079F1 : E31D;
000079F2 : E6AE;
000079F3 : EEF4;
000079F4 : FA28;
000079F5 : 0624;
000079F6 : 116B;
000079F7 : 1B3E;
000079F8 : 2267;
000079F9 : 26A9;
000079FA : 27C7;
000079FB : 253F;
000079FC : 1F42;
000079FD : 1688;
000079FE : 0C89;
000079FF : 00FD;
00007A00 : F43C;
00007A01 : E6E6;
00007A02 : DA68;
00007A03 : D09D;
00007A04 : CB0B;
00007A05 : CAB0;
00007A06 : D06B;
00007A07 : DAF5;
00007A08 : E74A;
00007A09 : F33C;
00007A0A : FED7;
00007A0B : 0A0D;
00007A0C : 148F;
00007A0D : 1E53;
00007A0E : 2645;
00007A0F : 2BFE;
00007A10 : 2F4F;
00007A11 : 2FF1;
00007A12 : 2D08;
00007A13 : 252A;
00007A14 : 194A;
00007A15 : 0BB9;
00007A16 : FF5E;
00007A17 : F608;
00007A18 : EF90;
00007A19 : EB3A;
00007A1A : E871;
00007A1B : E5CB;
00007A1C : E411;
00007A1D : E2F4;
00007A1E : E3D4;
00007A1F : E66E;
00007A20 : EAEC;
00007A21 : F1D8;
00007A22 : F9E5;
00007A23 : 01B3;
00007A24 : 0796;
00007A25 : 0B9E;
00007A26 : 0CFE;
00007A27 : 0C09;
00007A28 : 0A3A;
00007A29 : 08E3;
00007A2A : 08C8;
00007A2B : 0A06;
00007A2C : 0BB3;
00007A2D : 0C7A;
00007A2E : 0B8F;
00007A2F : 091D;
00007A30 : 04B1;
00007A31 : FFD1;
00007A32 : FBA3;
00007A33 : F842;
00007A34 : F6CF;
00007A35 : F7DA;
00007A36 : FB53;
00007A37 : 0066;
00007A38 : 059E;
00007A39 : 0976;
00007A3A : 0A98;
00007A3B : 0872;
00007A3C : 03A3;
00007A3D : FDB9;
00007A3E : F884;
00007A3F : F5B0;
00007A40 : F57B;
00007A41 : F6B3;
00007A42 : F88B;
00007A43 : F97B;
00007A44 : F8A3;
00007A45 : F6DF;
00007A46 : F405;
00007A47 : F227;
00007A48 : F106;
00007A49 : F1E7;
00007A4A : F4C2;
00007A4B : F899;
00007A4C : FC67;
00007A4D : FF8B;
00007A4E : 0260;
00007A4F : 046F;
00007A50 : 05AA;
00007A51 : 06C9;
00007A52 : 069A;
00007A53 : 0674;
00007A54 : 059A;
00007A55 : 04E3;
00007A56 : 0480;
00007A57 : 04D3;
00007A58 : 0584;
00007A59 : 06AC;
00007A5A : 07CE;
00007A5B : 07F7;
00007A5C : 081C;
00007A5D : 06F9;
00007A5E : 0630;
00007A5F : 04CE;
00007A60 : 02CF;
00007A61 : 004F;
00007A62 : FCFC;
00007A63 : F9ED;
00007A64 : F771;
00007A65 : F6D6;
00007A66 : F72C;
00007A67 : F759;
00007A68 : F796;
00007A69 : F71E;
00007A6A : F67C;
00007A6B : F6C3;
00007A6C : F7ED;
00007A6D : FB3B;
00007A6E : FEBE;
00007A6F : 02C7;
00007A70 : 066F;
00007A71 : 08E8;
00007A72 : 0A9A;
00007A73 : 0AC1;
00007A74 : 0865;
00007A75 : 034C;
00007A76 : FC18;
00007A77 : F4DE;
00007A78 : EFE3;
00007A79 : EF2C;
00007A7A : F344;
00007A7B : FA25;
00007A7C : 0155;
00007A7D : 0711;
00007A7E : 0A44;
00007A7F : 0BB3;
00007A80 : 0C96;
00007A81 : 0C79;
00007A82 : 0B03;
00007A83 : 07BA;
00007A84 : 0203;
00007A85 : FB9E;
00007A86 : F5EF;
00007A87 : F27A;
00007A88 : F10F;
00007A89 : F194;
00007A8A : F333;
00007A8B : F448;
00007A8C : F67B;
00007A8D : FA09;
00007A8E : FF6E;
00007A8F : 0600;
00007A90 : 0C41;
00007A91 : 10EE;
00007A92 : 13C2;
00007A93 : 156D;
00007A94 : 15E3;
00007A95 : 15B8;
00007A96 : 13EE;
00007A97 : 0FD5;
00007A98 : 0948;
00007A99 : 00EE;
00007A9A : F909;
00007A9B : F2EF;
00007A9C : EEB5;
00007A9D : ECEF;
00007A9E : ECB7;
00007A9F : ED08;
00007AA0 : EEB0;
00007AA1 : F13D;
00007AA2 : F530;
00007AA3 : FA4A;
00007AA4 : FEFA;
00007AA5 : 02FA;
00007AA6 : 05A6;
00007AA7 : 06CC;
00007AA8 : 07E0;
00007AA9 : 0861;
00007AAA : 08F7;
00007AAB : 0965;
00007AAC : 0939;
00007AAD : 08F6;
00007AAE : 08C9;
00007AAF : 08F9;
00007AB0 : 0964;
00007AB1 : 0A0A;
00007AB2 : 09DF;
00007AB3 : 08A0;
00007AB4 : 05D6;
00007AB5 : 0259;
00007AB6 : FEAB;
00007AB7 : FADC;
00007AB8 : F79A;
00007AB9 : F550;
00007ABA : F3FF;
00007ABB : F3B4;
00007ABC : F4A2;
00007ABD : F67A;
00007ABE : F907;
00007ABF : FC51;
00007AC0 : 008A;
00007AC1 : 04C3;
00007AC2 : 08FD;
00007AC3 : 0D1E;
00007AC4 : 101D;
00007AC5 : 111C;
00007AC6 : 0F65;
00007AC7 : 0BDF;
00007AC8 : 06F5;
00007AC9 : 01CA;
00007ACA : FD77;
00007ACB : FA2E;
00007ACC : F820;
00007ACD : F6C9;
00007ACE : F651;
00007ACF : F5B2;
00007AD0 : F529;
00007AD1 : F3C9;
00007AD2 : F2F5;
00007AD3 : F25A;
00007AD4 : F250;
00007AD5 : F420;
00007AD6 : F76B;
00007AD7 : FBE4;
00007AD8 : 001A;
00007AD9 : 0387;
00007ADA : 05C1;
00007ADB : 05FA;
00007ADC : 04CD;
00007ADD : 03A6;
00007ADE : 0264;
00007ADF : 02B7;
00007AE0 : 0405;
00007AE1 : 0632;
00007AE2 : 081E;
00007AE3 : 08FD;
00007AE4 : 0848;
00007AE5 : 0643;
00007AE6 : 0303;
00007AE7 : FF3A;
00007AE8 : FB64;
00007AE9 : F900;
00007AEA : F7F0;
00007AEB : F7F6;
00007AEC : F8C9;
00007AED : FA3A;
00007AEE : FBF8;
00007AEF : FDB6;
00007AF0 : FF6E;
00007AF1 : 011B;
00007AF2 : 02B3;
00007AF3 : 04B2;
00007AF4 : 0723;
00007AF5 : 09DA;
00007AF6 : 0C2F;
00007AF7 : 0DC1;
00007AF8 : 0DCE;
00007AF9 : 0C12;
00007AFA : 07C2;
00007AFB : 0074;
00007AFC : F7C3;
00007AFD : EE2A;
00007AFE : E4D6;
00007AFF : DE81;
00007B00 : DAFB;
00007B01 : DBAB;
00007B02 : DFBE;
00007B03 : E752;
00007B04 : F109;
00007B05 : FC28;
00007B06 : 080D;
00007B07 : 1335;
00007B08 : 1CD3;
00007B09 : 2311;
00007B0A : 2539;
00007B0B : 230B;
00007B0C : 1D09;
00007B0D : 1447;
00007B0E : 0AB9;
00007B0F : 01FE;
00007B10 : FBBE;
00007B11 : F8A2;
00007B12 : F84B;
00007B13 : F9EA;
00007B14 : FBE7;
00007B15 : FDAC;
00007B16 : FE43;
00007B17 : FCF3;
00007B18 : FB66;
00007B19 : FA90;
00007B1A : FBD8;
00007B1B : FF13;
00007B1C : 02A5;
00007B1D : 0540;
00007B1E : 05CD;
00007B1F : 0420;
00007B20 : 0036;
00007B21 : FB98;
00007B22 : F6C8;
00007B23 : F2E1;
00007B24 : F0EA;
00007B25 : F17A;
00007B26 : F4EA;
00007B27 : FA09;
00007B28 : FF9F;
00007B29 : 0418;
00007B2A : 0604;
00007B2B : 0580;
00007B2C : 032D;
00007B2D : 00CA;
00007B2E : FF95;
00007B2F : 0041;
00007B30 : 02A0;
00007B31 : 0605;
00007B32 : 09CB;
00007B33 : 0C67;
00007B34 : 0D9C;
00007B35 : 0D43;
00007B36 : 0B6B;
00007B37 : 0941;
00007B38 : 06BE;
00007B39 : 04DA;
00007B3A : 03BC;
00007B3B : 0374;
00007B3C : 0381;
00007B3D : 0344;
00007B3E : 027B;
00007B3F : 0048;
00007B40 : FD7B;
00007B41 : F9C7;
00007B42 : F620;
00007B43 : F3DE;
00007B44 : F2D1;
00007B45 : F40F;
00007B46 : F609;
00007B47 : F81E;
00007B48 : FA0D;
00007B49 : FBE2;
00007B4A : FDC4;
00007B4B : FFAA;
00007B4C : 020D;
00007B4D : 04F3;
00007B4E : 07BE;
00007B4F : 0A50;
00007B50 : 0C35;
00007B51 : 0CF2;
00007B52 : 0BDF;
00007B53 : 096D;
00007B54 : 0679;
00007B55 : 047D;
00007B56 : 0317;
00007B57 : 0207;
00007B58 : 0124;
00007B59 : FEED;
00007B5A : FB5A;
00007B5B : F677;
00007B5C : F18B;
00007B5D : EDF5;
00007B5E : EB14;
00007B5F : EA4E;
00007B60 : EC91;
00007B61 : F08E;
00007B62 : F5B7;
00007B63 : FAF5;
00007B64 : FF69;
00007B65 : 02CD;
00007B66 : 051C;
00007B67 : 0682;
00007B68 : 0752;
00007B69 : 089E;
00007B6A : 0A9D;
00007B6B : 0CF5;
00007B6C : 0F8B;
00007B6D : 1068;
00007B6E : 0EFD;
00007B6F : 0A71;
00007B70 : 0485;
00007B71 : FE49;
00007B72 : F91F;
00007B73 : F614;
00007B74 : F501;
00007B75 : F5AB;
00007B76 : F65C;
00007B77 : F772;
00007B78 : F90F;
00007B79 : FAA5;
00007B7A : FC4E;
00007B7B : FE61;
00007B7C : 005B;
00007B7D : 0263;
00007B7E : 034E;
00007B7F : 032A;
00007B80 : 01DE;
00007B81 : FF6F;
00007B82 : FC1A;
00007B83 : F93E;
00007B84 : F86D;
00007B85 : F962;
00007B86 : FCA9;
00007B87 : 0102;
00007B88 : 0401;
00007B89 : 05D5;
00007B8A : 0552;
00007B8B : 026A;
00007B8C : FF4E;
00007B8D : FC92;
00007B8E : FB93;
00007B8F : FB64;
00007B90 : FB1B;
00007B91 : FB13;
00007B92 : FBB9;
00007B93 : FCB5;
00007B94 : FED4;
00007B95 : 012C;
00007B96 : 033E;
00007B97 : 04C0;
00007B98 : 0547;
00007B99 : 0591;
00007B9A : 0626;
00007B9B : 06BE;
00007B9C : 070F;
00007B9D : 062A;
00007B9E : 03C2;
00007B9F : FFED;
00007BA0 : FBC6;
00007BA1 : F8F6;
00007BA2 : F7B0;
00007BA3 : F7DD;
00007BA4 : F980;
00007BA5 : FBCF;
00007BA6 : FE9C;
00007BA7 : 026F;
00007BA8 : 071D;
00007BA9 : 0CD9;
00007BAA : 11DD;
00007BAB : 14D2;
00007BAC : 15BA;
00007BAD : 1445;
00007BAE : 1168;
00007BAF : 0DFB;
00007BB0 : 09A7;
00007BB1 : 0491;
00007BB2 : FEBA;
00007BB3 : F8A0;
00007BB4 : F296;
00007BB5 : EE1C;
00007BB6 : EBB7;
00007BB7 : EB6C;
00007BB8 : ECFE;
00007BB9 : EF77;
00007BBA : F29A;
00007BBB : F693;
00007BBC : FA8B;
00007BBD : FE93;
00007BBE : 0354;
00007BBF : 07AE;
00007BC0 : 0B02;
00007BC1 : 0D28;
00007BC2 : 0DE6;
00007BC3 : 0DF6;
00007BC4 : 0DC4;
00007BC5 : 0D57;
00007BC6 : 0CD6;
00007BC7 : 0BC5;
00007BC8 : 09D1;
00007BC9 : 0757;
00007BCA : 0473;
00007BCB : 016C;
00007BCC : FE9E;
00007BCD : FCB2;
00007BCE : FB2F;
00007BCF : FA6E;
00007BD0 : FA6F;
00007BD1 : FB05;
00007BD2 : FC22;
00007BD3 : FD2A;
00007BD4 : FD9A;
00007BD5 : FDAC;
00007BD6 : FD9D;
00007BD7 : FDBE;
00007BD8 : FE6A;
00007BD9 : FF2E;
00007BDA : FFDA;
00007BDB : FFF3;
00007BDC : 0034;
00007BDD : 0030;
00007BDE : FFC9;
00007BDF : FEF4;
00007BE0 : FE05;
00007BE1 : FC66;
00007BE2 : FAB7;
00007BE3 : F980;
00007BE4 : F929;
00007BE5 : F952;
00007BE6 : F9D6;
00007BE7 : F9E3;
00007BE8 : F931;
00007BE9 : F82F;
00007BEA : F7EB;
00007BEB : F8A7;
00007BEC : FA9E;
00007BED : FC60;
00007BEE : FCFB;
00007BEF : FCE4;
00007BF0 : FB0F;
00007BF1 : F863;
00007BF2 : F64D;
00007BF3 : F6AC;
00007BF4 : F8EE;
00007BF5 : FC99;
00007BF6 : 005B;
00007BF7 : 0389;
00007BF8 : 04CF;
00007BF9 : 0503;
00007BFA : 0498;
00007BFB : 044C;
00007BFC : 04A0;
00007BFD : 0492;
00007BFE : 04AE;
00007BFF : 0451;
00007C00 : 0447;
00007C01 : 0420;
00007C02 : 047C;
00007C03 : 04B4;
00007C04 : 040E;
00007C05 : 014C;
00007C06 : FD5C;
00007C07 : F850;
00007C08 : F3F3;
00007C09 : F1F2;
00007C0A : F2D5;
00007C0B : F612;
00007C0C : F9F5;
00007C0D : FD71;
00007C0E : 0035;
00007C0F : 02D7;
00007C10 : 0532;
00007C11 : 07F3;
00007C12 : 0A36;
00007C13 : 0ABF;
00007C14 : 08C0;
00007C15 : 04B0;
00007C16 : FF91;
00007C17 : F96A;
00007C18 : F489;
00007C19 : F1E5;
00007C1A : F148;
00007C1B : F330;
00007C1C : F69F;
00007C1D : FA7D;
00007C1E : FDB7;
00007C1F : 01C2;
00007C20 : 056F;
00007C21 : 0962;
00007C22 : 0C78;
00007C23 : 0EF0;
00007C24 : 1054;
00007C25 : 10DE;
00007C26 : 10E6;
00007C27 : 1018;
00007C28 : 0D71;
00007C29 : 0923;
00007C2A : 0344;
00007C2B : FC79;
00007C2C : F5E9;
00007C2D : F0FB;
00007C2E : EE3B;
00007C2F : ED26;
00007C30 : EDD4;
00007C31 : EFFD;
00007C32 : F31B;
00007C33 : F6AB;
00007C34 : FB3C;
00007C35 : FF91;
00007C36 : 0463;
00007C37 : 07A1;
00007C38 : 0A51;
00007C39 : 0C18;
00007C3A : 0D10;
00007C3B : 0CF5;
00007C3C : 0C64;
00007C3D : 0B4B;
00007C3E : 09CD;
00007C3F : 0882;
00007C40 : 07DD;
00007C41 : 07BC;
00007C42 : 0830;
00007C43 : 07D1;
00007C44 : 066D;
00007C45 : 0454;
00007C46 : 01F1;
00007C47 : FEA1;
00007C48 : FB00;
00007C49 : F809;
00007C4A : F5A3;
00007C4B : F489;
00007C4C : F4AF;
00007C4D : F689;
00007C4E : F91B;
00007C4F : FC81;
00007C50 : FFD3;
00007C51 : 02A2;
00007C52 : 0485;
00007C53 : 0563;
00007C54 : 0602;
00007C55 : 0665;
00007C56 : 06DB;
00007C57 : 0741;
00007C58 : 0731;
00007C59 : 05C1;
00007C5A : 038C;
00007C5B : 0085;
00007C5C : FC8E;
00007C5D : F946;
00007C5E : F65D;
00007C5F : F479;
00007C60 : F211;
00007C61 : F0B0;
00007C62 : F0FC;
00007C63 : F195;
00007C64 : F3DE;
00007C65 : F625;
00007C66 : F949;
00007C67 : FC23;
00007C68 : FEA2;
00007C69 : 00B0;
00007C6A : 0218;
00007C6B : 0373;
00007C6C : 045B;
00007C6D : 05B3;
00007C6E : 077A;
00007C6F : 096C;
00007C70 : 0B3B;
00007C71 : 0B5A;
00007C72 : 0AF1;
00007C73 : 0885;
00007C74 : 042A;
00007C75 : FFBF;
00007C76 : FAE8;
00007C77 : F6B0;
00007C78 : F4C1;
00007C79 : F511;
00007C7A : F787;
00007C7B : FAAE;
00007C7C : FD6F;
00007C7D : FE5E;
00007C7E : FCCB;
00007C7F : F970;
00007C80 : F603;
00007C81 : F397;
00007C82 : F36A;
00007C83 : F5FF;
00007C84 : FA77;
00007C85 : 007D;
00007C86 : 070D;
00007C87 : 0BBA;
00007C88 : 0DDD;
00007C89 : 0C33;
00007C8A : 0702;
00007C8B : 0021;
00007C8C : F9F9;
00007C8D : F5DD;
00007C8E : F520;
00007C8F : F751;
00007C90 : FB97;
00007C91 : FFB7;
00007C92 : 023D;
00007C93 : 0411;
00007C94 : 04F0;
00007C95 : 0446;
00007C96 : 027F;
00007C97 : FFB7;
00007C98 : FBCA;
00007C99 : F761;
00007C9A : F3E7;
00007C9B : F233;
00007C9C : F334;
00007C9D : F61C;
00007C9E : FA96;
00007C9F : FE4D;
00007CA0 : 01A6;
00007CA1 : 04C1;
00007CA2 : 08DB;
00007CA3 : 0D8B;
00007CA4 : 12C1;
00007CA5 : 1802;
00007CA6 : 1A0C;
00007CA7 : 18B2;
00007CA8 : 13EB;
00007CA9 : 0C0A;
00007CAA : 02A2;
00007CAB : F92F;
00007CAC : F115;
00007CAD : EB0E;
00007CAE : E6FF;
00007CAF : E422;
00007CB0 : E309;
00007CB1 : E33E;
00007CB2 : E50B;
00007CB3 : E8FA;
00007CB4 : EFA0;
00007CB5 : F805;
00007CB6 : 02C9;
00007CB7 : 0E5B;
00007CB8 : 191D;
00007CB9 : 213E;
00007CBA : 25E8;
00007CBB : 26B4;
00007CBC : 241E;
00007CBD : 1FD0;
00007CBE : 19DA;
00007CBF : 1492;
00007CC0 : 0F63;
00007CC1 : 0A0F;
00007CC2 : 0378;
00007CC3 : FBA7;
00007CC4 : F3A2;
00007CC5 : ECFA;
00007CC6 : E96F;
00007CC7 : E856;
00007CC8 : E99E;
00007CC9 : EBF8;
00007CCA : EE9C;
00007CCB : F093;
00007CCC : F1B7;
00007CCD : F1B3;
00007CCE : F174;
00007CCF : F179;
00007CD0 : F31C;
00007CD1 : F797;
00007CD2 : FEBB;
00007CD3 : 0720;
00007CD4 : 0EB6;
00007CD5 : 1458;
00007CD6 : 163B;
00007CD7 : 14A8;
00007CD8 : 1116;
00007CD9 : 0D23;
00007CDA : 0AB6;
00007CDB : 09B8;
00007CDC : 09C8;
00007CDD : 09FE;
00007CDE : 087D;
00007CDF : 05D9;
00007CE0 : 01A4;
00007CE1 : FCC5;
00007CE2 : F82A;
00007CE3 : F410;
00007CE4 : F056;
00007CE5 : ECF6;
00007CE6 : EB35;
00007CE7 : EB87;
00007CE8 : EE82;
00007CE9 : F37F;
00007CEA : F8BE;
00007CEB : FCB1;
00007CEC : FE48;
00007CED : FD91;
00007CEE : FBCC;
00007CEF : FA32;
00007CF0 : F9EF;
00007CF1 : FB96;
00007CF2 : FE97;
00007CF3 : 0208;
00007CF4 : 047C;
00007CF5 : 04F5;
00007CF6 : 03EE;
00007CF7 : 0225;
00007CF8 : 00A4;
00007CF9 : 00BE;
00007CFA : 0272;
00007CFB : 04A7;
00007CFC : 0614;
00007CFD : 05B7;
00007CFE : 0433;
00007CFF : 02BD;
00007D00 : 0283;
00007D01 : 0349;
00007D02 : 04A9;
00007D03 : 0562;
00007D04 : 0447;
00007D05 : 0188;
00007D06 : FDE1;
00007D07 : FA91;
00007D08 : F8BD;
00007D09 : F8CC;
00007D0A : FA04;
00007D0B : FB97;
00007D0C : FC33;
00007D0D : FB14;
00007D0E : F8CB;
00007D0F : F623;
00007D10 : F4A8;
00007D11 : F4EC;
00007D12 : F732;
00007D13 : FAEA;
00007D14 : 000A;
00007D15 : 0485;
00007D16 : 08BC;
00007D17 : 0CA6;
00007D18 : 0F18;
00007D19 : 0FA0;
00007D1A : 0DF6;
00007D1B : 09DE;
00007D1C : 0374;
00007D1D : FC22;
00007D1E : F5B7;
00007D1F : F171;
00007D20 : F061;
00007D21 : F2AA;
00007D22 : F74B;
00007D23 : FD5D;
00007D24 : 02E0;
00007D25 : 079B;
00007D26 : 0A3A;
00007D27 : 0B1D;
00007D28 : 0B0F;
00007D29 : 09E5;
00007D2A : 083D;
00007D2B : 05B3;
00007D2C : 0253;
00007D2D : FECD;
00007D2E : FB6D;
00007D2F : F945;
00007D30 : F83A;
00007D31 : F8E3;
00007D32 : FAEF;
00007D33 : FDD6;
00007D34 : 00FB;
00007D35 : 03DC;
00007D36 : 06AC;
00007D37 : 089C;
00007D38 : 09DF;
00007D39 : 0A99;
00007D3A : 0A88;
00007D3B : 0942;
00007D3C : 0697;
00007D3D : 0348;
00007D3E : FF87;
00007D3F : FBEA;
00007D40 : F8AC;
00007D41 : F649;
00007D42 : F47D;
00007D43 : F331;
00007D44 : F24F;
00007D45 : F2EF;
00007D46 : F562;
00007D47 : F926;
00007D48 : FDA9;
00007D49 : 0227;
00007D4A : 0581;
00007D4B : 079E;
00007D4C : 08A8;
00007D4D : 0887;
00007D4E : 07AC;
00007D4F : 066B;
00007D50 : 04D5;
00007D51 : 03A7;
00007D52 : 0356;
00007D53 : 03B2;
00007D54 : 04BF;
00007D55 : 05E8;
00007D56 : 069A;
00007D57 : 06B8;
00007D58 : 056B;
00007D59 : 0337;
00007D5A : 0052;
00007D5B : FD26;
00007D5C : FA86;
00007D5D : F8C3;
00007D5E : F7F4;
00007D5F : F81C;
00007D60 : F8F2;
00007D61 : FA56;
00007D62 : FBEF;
00007D63 : FDA3;
00007D64 : FF48;
00007D65 : 00B0;
00007D66 : 01AA;
00007D67 : 0271;
00007D68 : 029C;
00007D69 : 02F3;
00007D6A : 039B;
00007D6B : 04F0;
00007D6C : 0716;
00007D6D : 0939;
00007D6E : 0ABC;
00007D6F : 0A52;
00007D70 : 076E;
00007D71 : 0258;
00007D72 : FC55;
00007D73 : F725;
00007D74 : F3B8;
00007D75 : F28E;
00007D76 : F345;
00007D77 : F4AB;
00007D78 : F5AA;
00007D79 : F551;
00007D7A : F394;
00007D7B : F190;
00007D7C : F052;
00007D7D : F0A3;
00007D7E : F300;
00007D7F : F770;
00007D80 : FC87;
00007D81 : 0162;
00007D82 : 04FE;
00007D83 : 078C;
00007D84 : 098C;
00007D85 : 0A72;
00007D86 : 0AD7;
00007D87 : 0AA4;
00007D88 : 09C3;
00007D89 : 0846;
00007D8A : 065F;
00007D8B : 04A4;
00007D8C : 0374;
00007D8D : 02F4;
00007D8E : 030C;
00007D8F : 0362;
00007D90 : 0371;
00007D91 : 030F;
00007D92 : 01F6;
00007D93 : 004D;
00007D94 : FED3;
00007D95 : FE31;
00007D96 : FE98;
00007D97 : FF3B;
00007D98 : FF21;
00007D99 : FDA4;
00007D9A : FA23;
00007D9B : F4A2;
00007D9C : EE4A;
00007D9D : E89E;
00007D9E : E4C7;
00007D9F : E420;
00007DA0 : E6C5;
00007DA1 : EC08;
00007DA2 : F2D6;
00007DA3 : FA74;
00007DA4 : 0155;
00007DA5 : 083E;
00007DA6 : 0E98;
00007DA7 : 145E;
00007DA8 : 1944;
00007DA9 : 1C83;
00007DAA : 1D9E;
00007DAB : 1C6A;
00007DAC : 1918;
00007DAD : 1485;
00007DAE : 0F7E;
00007DAF : 0AD3;
00007DB0 : 06B5;
00007DB1 : 015A;
00007DB2 : FC2A;
00007DB3 : F6EA;
00007DB4 : F229;
00007DB5 : EEE0;
00007DB6 : ED2C;
00007DB7 : ED58;
00007DB8 : EE1C;
00007DB9 : EF4B;
00007DBA : F051;
00007DBB : F1A9;
00007DBC : F412;
00007DBD : F7A4;
00007DBE : FB87;
00007DBF : FF68;
00007DC0 : 022E;
00007DC1 : 02F8;
00007DC2 : 0335;
00007DC3 : 0401;
00007DC4 : 0564;
00007DC5 : 08C1;
00007DC6 : 0D05;
00007DC7 : 109F;
00007DC8 : 1266;
00007DC9 : 11F8;
00007DCA : 0FA8;
00007DCB : 0C71;
00007DCC : 0929;
00007DCD : 06AD;
00007DCE : 0464;
00007DCF : 02BF;
00007DD0 : 0128;
00007DD1 : FF8B;
00007DD2 : FE77;
00007DD3 : FDB8;
00007DD4 : FD1E;
00007DD5 : FC7B;
00007DD6 : FB17;
00007DD7 : F985;
00007DD8 : F888;
00007DD9 : F87B;
00007DDA : F9B1;
00007DDB : FC07;
00007DDC : FE18;
00007DDD : 000A;
00007DDE : 0162;
00007DDF : 010D;
00007DE0 : 0071;
00007DE1 : 001B;
00007DE2 : 004E;
00007DE3 : 00A8;
00007DE4 : 00FC;
00007DE5 : 016F;
00007DE6 : 013F;
00007DE7 : 0081;
00007DE8 : FFC5;
00007DE9 : FFF1;
00007DEA : 010B;
00007DEB : 026E;
00007DEC : 03EB;
00007DED : 045D;
00007DEE : 0465;
00007DEF : 03F6;
00007DF0 : 0373;
00007DF1 : 0375;
00007DF2 : 0422;
00007DF3 : 048A;
00007DF4 : 04B4;
00007DF5 : 0494;
00007DF6 : 03C7;
00007DF7 : 0301;
00007DF8 : 0245;
00007DF9 : 0169;
00007DFA : 003E;
00007DFB : FF08;
00007DFC : FD5F;
00007DFD : FB4E;
00007DFE : F8CA;
00007DFF : F69A;
00007E00 : F4E9;
00007E01 : F430;
00007E02 : F4AB;
00007E03 : F5FF;
00007E04 : F7C6;
00007E05 : F9A0;
00007E06 : FABA;
00007E07 : FB0E;
00007E08 : FB49;
00007E09 : FB61;
00007E0A : FC1A;
00007E0B : FD64;
00007E0C : FECE;
00007E0D : 0018;
00007E0E : 00DA;
00007E0F : 016B;
00007E10 : 019A;
00007E11 : 01C4;
00007E12 : 01A4;
00007E13 : 011F;
00007E14 : 008C;
00007E15 : 0044;
00007E16 : 0011;
00007E17 : 0020;
00007E18 : 0052;
00007E19 : 004B;
00007E1A : FFB8;
00007E1B : FEB2;
00007E1C : FD73;
00007E1D : FCDE;
00007E1E : FC8F;
00007E1F : FCF6;
00007E20 : FDAE;
00007E21 : FEB5;
00007E22 : FF62;
00007E23 : FFB9;
00007E24 : FF39;
00007E25 : FE38;
00007E26 : FD51;
00007E27 : FC7C;
00007E28 : FC46;
00007E29 : FCEF;
00007E2A : FE47;
00007E2B : FFFB;
00007E2C : 0184;
00007E2D : 02BF;
00007E2E : 03AC;
00007E2F : 03F2;
00007E30 : 0353;
00007E31 : 01B4;
00007E32 : FF3A;
00007E33 : FC81;
00007E34 : F9AE;
00007E35 : F76B;
00007E36 : F6A6;
00007E37 : F73C;
00007E38 : F9FD;
00007E39 : FE06;
00007E3A : 028E;
00007E3B : 0737;
00007E3C : 0AF1;
00007E3D : 0CF5;
00007E3E : 0D9C;
00007E3F : 0C3E;
00007E40 : 08F3;
00007E41 : 0499;
00007E42 : FF7B;
00007E43 : FAE6;
00007E44 : F7A0;
00007E45 : F5EA;
00007E46 : F5CA;
00007E47 : F6AE;
00007E48 : F7DF;
00007E49 : F9E0;
00007E4A : FC5D;
00007E4B : 0007;
00007E4C : 0458;
00007E4D : 0911;
00007E4E : 0D76;
00007E4F : 10DB;
00007E50 : 12F7;
00007E51 : 13AA;
00007E52 : 1326;
00007E53 : 11A4;
00007E54 : 0E91;
00007E55 : 0A52;
00007E56 : 0555;
00007E57 : FFFB;
00007E58 : FB1A;
00007E59 : F6E0;
00007E5A : F391;
00007E5B : F122;
00007E5C : F01C;
00007E5D : F03E;
00007E5E : F1DB;
00007E5F : F4FF;
00007E60 : F916;
00007E61 : FD96;
00007E62 : 01B1;
00007E63 : 0503;
00007E64 : 0759;
00007E65 : 0932;
00007E66 : 0AA0;
00007E67 : 0BBB;
00007E68 : 0BD8;
00007E69 : 0A9F;
00007E6A : 083C;
00007E6B : 055E;
00007E6C : 02C2;
00007E6D : 01A1;
00007E6E : 027B;
00007E6F : 041E;
00007E70 : 0534;
00007E71 : 0450;
00007E72 : 0126;
00007E73 : FC87;
00007E74 : F7C8;
00007E75 : F4F8;
00007E76 : F404;
00007E77 : F565;
00007E78 : F7DC;
00007E79 : FA23;
00007E7A : FBCB;
00007E7B : FCFA;
00007E7C : FE72;
00007E7D : 0003;
00007E7E : 01B5;
00007E7F : 0325;
00007E80 : 033A;
00007E81 : 0243;
00007E82 : 00F1;
00007E83 : FFFC;
00007E84 : 0077;
00007E85 : 0251;
00007E86 : 04B8;
00007E87 : 0684;
00007E88 : 06E9;
00007E89 : 05F4;
00007E8A : 0423;
00007E8B : 0223;
00007E8C : 00CF;
00007E8D : 0057;
00007E8E : FFA9;
00007E8F : FE29;
00007E90 : FB6A;
00007E91 : F7CB;
00007E92 : F37B;
00007E93 : EEFD;
00007E94 : EA8D;
00007E95 : E6C9;
00007E96 : E447;
00007E97 : E3C8;
00007E98 : E614;
00007E99 : EACA;
00007E9A : F1B0;
00007E9B : F8D5;
00007E9C : FF51;
00007E9D : 04FD;
00007E9E : 0A09;
00007E9F : 0F16;
00007EA0 : 14B9;
00007EA1 : 1AD2;
00007EA2 : 2053;
00007EA3 : 23D8;
00007EA4 : 2427;
00007EA5 : 20CB;
00007EA6 : 1A33;
00007EA7 : 1221;
00007EA8 : 0A1E;
00007EA9 : 0321;
00007EAA : FD2A;
00007EAB : F703;
00007EAC : F00E;
00007EAD : E96F;
00007EAE : E4D2;
00007EAF : E34E;
00007EB0 : E4D4;
00007EB1 : E815;
00007EB2 : EC45;
00007EB3 : EFF4;
00007EB4 : F326;
00007EB5 : F6A7;
00007EB6 : FAA9;
00007EB7 : FFDF;
00007EB8 : 051F;
00007EB9 : 096A;
00007EBA : 0BCA;
00007EBB : 0CD9;
00007EBC : 0C69;
00007EBD : 0B18;
00007EBE : 0A03;
00007EBF : 09E3;
00007EC0 : 0A8B;
00007EC1 : 0C07;
00007EC2 : 0D5B;
00007EC3 : 0D5A;
00007EC4 : 0BEE;
00007EC5 : 0881;
00007EC6 : 0366;
00007EC7 : FE52;
00007EC8 : FA83;
00007EC9 : F8F8;
00007ECA : F942;
00007ECB : FA05;
00007ECC : FB56;
00007ECD : FCB4;
00007ECE : FE2F;
00007ECF : FFA5;
00007ED0 : 01D5;
00007ED1 : 044C;
00007ED2 : 0651;
00007ED3 : 0698;
00007ED4 : 0469;
00007ED5 : 0014;
00007ED6 : FAF5;
00007ED7 : F63F;
00007ED8 : F34D;
00007ED9 : F24D;
00007EDA : F326;
00007EDB : F4BD;
00007EDC : F660;
00007EDD : F859;
00007EDE : FB3B;
00007EDF : FF1D;
00007EE0 : 03CF;
00007EE1 : 0939;
00007EE2 : 0E83;
00007EE3 : 12D6;
00007EE4 : 15FB;
00007EE5 : 17BA;
00007EE6 : 1868;
00007EE7 : 17B3;
00007EE8 : 15A5;
00007EE9 : 1245;
00007EEA : 0D6D;
00007EEB : 076E;
00007EEC : 008B;
00007EED : F9CB;
00007EEE : F3CA;
00007EEF : EF3A;
00007EF0 : EC14;
00007EF1 : EAAF;
00007EF2 : EAF7;
00007EF3 : EC71;
00007EF4 : EE9F;
00007EF5 : F0EA;
00007EF6 : F2EE;
00007EF7 : F48D;
00007EF8 : F66A;
00007EF9 : F875;
00007EFA : FB60;
00007EFB : FFA5;
00007EFC : 042F;
00007EFD : 089A;
00007EFE : 0BEC;
00007EFF : 0E1E;
00007F00 : 0F3E;
00007F01 : 0FAC;
00007F02 : 0FC0;
00007F03 : 0F4F;
00007F04 : 0D78;
00007F05 : 0ABC;
00007F06 : 071E;
00007F07 : 02BB;
00007F08 : FEA1;
00007F09 : FA5D;
00007F0A : F6F7;
00007F0B : F4BC;
00007F0C : F3CE;
00007F0D : F442;
00007F0E : F5FF;
00007F0F : F862;
00007F10 : FAE5;
00007F11 : FCEC;
00007F12 : FE9C;
00007F13 : 0014;
00007F14 : 01AB;
00007F15 : 031B;
00007F16 : 04EE;
00007F17 : 0652;
00007F18 : 070F;
00007F19 : 06CF;
00007F1A : 0534;
00007F1B : 024A;
00007F1C : FEEA;
00007F1D : FBB4;
00007F1E : F8CD;
00007F1F : F76B;
00007F20 : F71D;
00007F21 : F7E2;
00007F22 : F96E;
00007F23 : FB6E;
00007F24 : FD31;
00007F25 : FEE1;
00007F26 : 0013;
00007F27 : 004B;
00007F28 : FF9E;
00007F29 : FEA2;
00007F2A : FE12;
00007F2B : FEB6;
00007F2C : FF4D;
00007F2D : 00CB;
00007F2E : 0263;
00007F2F : 0455;
00007F30 : 05E9;
00007F31 : 067A;
00007F32 : 0646;
00007F33 : 0586;
00007F34 : 047E;
00007F35 : 0368;
00007F36 : 02A4;
00007F37 : 027C;
00007F38 : 0255;
00007F39 : 01D3;
00007F3A : 00B0;
00007F3B : FEFD;
00007F3C : FDB6;
00007F3D : FC9B;
00007F3E : FC4E;
00007F3F : FC76;
00007F40 : FD43;
00007F41 : FE28;
00007F42 : FEF7;
00007F43 : 0054;
00007F44 : 0167;
00007F45 : 022F;
00007F46 : 01A8;
00007F47 : 00A1;
00007F48 : FF13;
00007F49 : FCED;
00007F4A : FB43;
00007F4B : FAAA;
00007F4C : FAAA;
00007F4D : FBF4;
00007F4E : FE52;
00007F4F : 019D;
00007F50 : 0507;
00007F51 : 080A;
00007F52 : 0994;
00007F53 : 096F;
00007F54 : 0811;
00007F55 : 067E;
00007F56 : 0552;
00007F57 : 0573;
00007F58 : 06DD;
00007F59 : 082A;
00007F5A : 088A;
00007F5B : 074E;
00007F5C : 0480;
00007F5D : 018D;
00007F5E : FF6D;
00007F5F : FE2B;
00007F60 : FD95;
00007F61 : FCC0;
00007F62 : FB1C;
00007F63 : F838;
00007F64 : F595;
00007F65 : F4B0;
00007F66 : F671;
00007F67 : F93C;
00007F68 : FCA3;
00007F69 : FEE6;
00007F6A : FF2F;
00007F6B : FE45;
00007F6C : FD62;
00007F6D : FDE6;
00007F6E : FFAE;
00007F6F : 019A;
00007F70 : 02CD;
00007F71 : 0282;
00007F72 : 016F;
00007F73 : 008E;
00007F74 : 0058;
00007F75 : 00C0;
00007F76 : 01C7;
00007F77 : 02AA;
00007F78 : 02C2;
00007F79 : 0207;
00007F7A : 0135;
00007F7B : 00FF;
00007F7C : 01B2;
00007F7D : 0337;
00007F7E : 0505;
00007F7F : 059E;
00007F80 : 04FE;
00007F81 : 0333;
00007F82 : 00D3;
00007F83 : FE70;
00007F84 : FC88;
00007F85 : FA93;
00007F86 : F808;
00007F87 : F5A9;
00007F88 : F34B;
00007F89 : F1B2;
00007F8A : F1B4;
00007F8B : F333;
00007F8C : F505;
00007F8D : F6FF;
00007F8E : F8B3;
00007F8F : FA35;
00007F90 : FC09;
00007F91 : FDDA;
00007F92 : FF91;
00007F93 : 0120;
00007F94 : 0224;
00007F95 : 0284;
00007F96 : 035A;
00007F97 : 04A2;
00007F98 : 0654;
00007F99 : 0819;
00007F9A : 0947;
00007F9B : 0996;
00007F9C : 097F;
00007F9D : 08E7;
00007F9E : 0868;
00007F9F : 07D0;
00007FA0 : 074E;
00007FA1 : 05C5;
00007FA2 : 03A2;
00007FA3 : 016C;
00007FA4 : FF4D;
00007FA5 : FE55;
00007FA6 : FEE0;
00007FA7 : 0007;
00007FA8 : 004C;
00007FA9 : FEF3;
00007FAA : FBD8;
00007FAB : F803;
00007FAC : F4F0;
00007FAD : F45E;
00007FAE : F64C;
00007FAF : FA19;
00007FB0 : FE01;
00007FB1 : 00D8;
00007FB2 : 0281;
00007FB3 : 027B;
00007FB4 : 025C;
00007FB5 : 01D8;
00007FB6 : 01C7;
00007FB7 : 0121;
00007FB8 : 007D;
00007FB9 : 0033;
00007FBA : 011D;
00007FBB : 037E;
00007FBC : 06BD;
00007FBD : 09A6;
00007FBE : 0B38;
00007FBF : 0AA1;
00007FC0 : 0850;
00007FC1 : 04DD;
00007FC2 : 0134;
00007FC3 : FE39;
00007FC4 : FC1F;
00007FC5 : FB54;
00007FC6 : FB51;
00007FC7 : FBEE;
00007FC8 : FCA8;
00007FC9 : FD39;
00007FCA : FD14;
00007FCB : FC69;
00007FCC : FC29;
00007FCD : FD23;
00007FCE : FF89;
00007FCF : 02C3;
00007FD0 : 060F;
00007FD1 : 0852;
00007FD2 : 08F9;
00007FD3 : 080A;
00007FD4 : 05E2;
00007FD5 : 0325;
00007FD6 : FFCB;
00007FD7 : FCC6;
00007FD8 : F9F1;
00007FD9 : F860;
00007FDA : F854;
00007FDB : F9C2;
00007FDC : FC95;
00007FDD : FFBF;
00007FDE : 025F;
00007FDF : 043A;
00007FE0 : 050E;
00007FE1 : 04DA;
00007FE2 : 0428;
00007FE3 : 0354;
00007FE4 : 02CE;
00007FE5 : 036E;
00007FE6 : 04BF;
00007FE7 : 06B8;
00007FE8 : 088E;
00007FE9 : 097C;
00007FEA : 0960;
00007FEB : 0805;
00007FEC : 05B0;
00007FED : 0283;
00007FEE : FEB6;
00007FEF : FA1A;
00007FF0 : F533;
00007FF1 : F0F2;
00007FF2 : EE6D;
00007FF3 : EE7E;
00007FF4 : F0FF;
00007FF5 : F4EA;
00007FF6 : F8E0;
00007FF7 : FBAF;
00007FF8 : FD05;
00007FF9 : FD82;
00007FFA : FE89;
00007FFB : 0012;
00007FFC : 0212;
00007FFD : 042E;
00007FFE : 05AF;
00007FFF : 0615;
00008000 : 066B;
00008001 : 0649;
00008002 : 064C;
00008003 : 059E;
00008004 : 0423;
00008005 : 01BE;
00008006 : FF4A;
00008007 : FDA3;
00008008 : FD33;
00008009 : FEB4;
0000800A : 01A7;
0000800B : 049B;
0000800C : 0654;
0000800D : 066C;
0000800E : 0504;
0000800F : 0248;
00008010 : FED1;
00008011 : FB79;
00008012 : F8B5;
00008013 : F68E;
00008014 : F4F4;
00008015 : F4EC;
00008016 : F57A;
00008017 : F682;
00008018 : F767;
00008019 : F855;
0000801A : F907;
0000801B : F9E8;
0000801C : FAFA;
0000801D : FCA4;
0000801E : FED0;
0000801F : 0130;
00008020 : 0356;
00008021 : 03D1;
00008022 : 0364;
00008023 : 023D;
00008024 : 000F;
00008025 : FF8A;
00008026 : 0055;
00008027 : 0262;
00008028 : 0507;
00008029 : 06C7;
0000802A : 07C4;
0000802B : 076E;
0000802C : 0662;
0000802D : 04E2;
0000802E : 0348;
0000802F : 0195;
00008030 : FF3B;
00008031 : FC69;
00008032 : F9D6;
00008033 : F782;
00008034 : F690;
00008035 : F7D1;
00008036 : F9EE;
00008037 : FCF5;
00008038 : FFA8;
00008039 : 01BB;
0000803A : 0454;
0000803B : 0689;
0000803C : 0938;
0000803D : 0B18;
0000803E : 0B05;
0000803F : 0904;
00008040 : 05D5;
00008041 : 01D0;
00008042 : FE86;
00008043 : FCD8;
00008044 : FB4F;
00008045 : FA46;
00008046 : F999;
00008047 : F820;
00008048 : F725;
00008049 : F73E;
0000804A : F929;
0000804B : FC5F;
0000804C : 0007;
0000804D : 0420;
0000804E : 07D0;
0000804F : 0A90;
00008050 : 0C3B;
00008051 : 0CB8;
00008052 : 0BF6;
00008053 : 0A19;
00008054 : 0829;
00008055 : 0604;
00008056 : 03EE;
00008057 : 02A8;
00008058 : 01C3;
00008059 : 00D2;
0000805A : FF8D;
0000805B : FE6A;
0000805C : FCAC;
0000805D : FB7B;
0000805E : FAC7;
0000805F : FAAC;
00008060 : FB1F;
00008061 : FB9B;
00008062 : FD9D;
00008063 : FF9E;
00008064 : 021B;
00008065 : 0461;
00008066 : 064F;
00008067 : 074E;
00008068 : 06FD;
00008069 : 0657;
0000806A : 0585;
0000806B : 04E4;
0000806C : 0485;
0000806D : 03F9;
0000806E : 02F6;
0000806F : 0148;
00008070 : FEA1;
00008071 : FBF5;
00008072 : FA57;
00008073 : F998;
00008074 : FA05;
00008075 : FB4D;
00008076 : FC2D;
00008077 : FC56;
00008078 : FB02;
00008079 : F9EB;
0000807A : F963;
0000807B : FA18;
0000807C : FD8C;
0000807D : 0123;
0000807E : 043C;
0000807F : 06B1;
00008080 : 0784;
00008081 : 0778;
00008082 : 073D;
00008083 : 06C2;
00008084 : 0602;
00008085 : 047B;
00008086 : 0197;
00008087 : FE5E;
00008088 : FBBA;
00008089 : FA5D;
0000808A : FA89;
0000808B : FC48;
0000808C : FDF1;
0000808D : FE6E;
0000808E : FE36;
0000808F : FD53;
00008090 : FCE1;
00008091 : FDB4;
00008092 : FF60;
00008093 : 015C;
00008094 : 0247;
00008095 : 021F;
00008096 : 00C1;
00008097 : FF2F;
00008098 : FD4F;
00008099 : FBF2;
0000809A : FB66;
0000809B : FB0A;
0000809C : FB74;
0000809D : FB73;
0000809E : FB25;
0000809F : FB47;
000080A0 : FBB2;
000080A1 : FCDD;
000080A2 : FE6B;
000080A3 : 009B;
000080A4 : 020F;
000080A5 : 03DB;
000080A6 : 0555;
000080A7 : 0697;
000080A8 : 06B4;
000080A9 : 06BB;
000080AA : 0624;
000080AB : 0467;
000080AC : 02A5;
000080AD : 00F5;
000080AE : FFE0;
000080AF : FE2D;
000080B0 : FCEE;
000080B1 : FD18;
000080B2 : FCA4;
000080B3 : FC82;
000080B4 : FC65;
000080B5 : FC7F;
000080B6 : FCA7;
000080B7 : FC42;
000080B8 : FACF;
000080B9 : F958;
000080BA : F948;
000080BB : FA1C;
000080BC : FB97;
000080BD : FDBD;
000080BE : FF5C;
000080BF : 007A;
000080C0 : 0165;
000080C1 : 0275;
000080C2 : 038D;
000080C3 : 0550;
000080C4 : 06EB;
000080C5 : 0870;
000080C6 : 092E;
000080C7 : 08B0;
000080C8 : 06CC;
000080C9 : 0499;
000080CA : 022F;
000080CB : 0052;
000080CC : FFA3;
000080CD : FF2C;
000080CE : FF31;
000080CF : FF4D;
000080D0 : FF59;
000080D1 : FEDE;
000080D2 : FDD3;
000080D3 : FCD2;
000080D4 : FB4D;
000080D5 : FA14;
000080D6 : F968;
000080D7 : F973;
000080D8 : F9D7;
000080D9 : FADC;
000080DA : FC35;
000080DB : FD0E;
000080DC : FE68;
000080DD : FFFC;
000080DE : 01E9;
000080DF : 0391;
000080E0 : 0525;
000080E1 : 05EB;
000080E2 : 065B;
000080E3 : 065E;
000080E4 : 0609;
000080E5 : 05CA;
000080E6 : 0508;
000080E7 : 044D;
000080E8 : 0315;
000080E9 : 01C8;
000080EA : 00CB;
000080EB : FF8B;
000080EC : 0025;
000080ED : 003E;
000080EE : 006C;
000080EF : 00EE;
000080F0 : 00E6;
000080F1 : 0161;
000080F2 : 00A3;
000080F3 : FEDD;
000080F4 : FD9E;
000080F5 : FD01;
000080F6 : FCFA;
000080F7 : FDD5;
000080F8 : FE8B;
000080F9 : FEE6;
000080FA : FE58;
000080FB : FCE4;
000080FC : FA0D;
000080FD : F921;
000080FE : F8FF;
000080FF : FAC7;
00008100 : FD8F;
00008101 : 005E;
00008102 : 029F;
00008103 : 0338;
00008104 : 01EE;
00008105 : 0131;
00008106 : 0065;
00008107 : 0012;
00008108 : FFD5;
00008109 : FF45;
0000810A : FDC5;
0000810B : FB9D;
0000810C : FA78;
0000810D : FAA8;
0000810E : FBD3;
0000810F : FDBA;
00008110 : FF63;
00008111 : 0055;
00008112 : 00DE;
00008113 : 00DC;
00008114 : 0146;
00008115 : 0139;
00008116 : 0143;
00008117 : FF8B;
00008118 : FBD9;
00008119 : F722;
0000811A : F2BA;
0000811B : F0F0;
0000811C : F152;
0000811D : F444;
0000811E : F885;
0000811F : FD9D;
00008120 : 01CD;
00008121 : 0433;
00008122 : 05A2;
00008123 : 0643;
00008124 : 06B0;
00008125 : 0715;
00008126 : 06BC;
00008127 : 0647;
00008128 : 0647;
00008129 : 0524;
0000812A : 03E7;
0000812B : 0225;
0000812C : FED5;
0000812D : FB0F;
0000812E : F6C8;
0000812F : F349;
00008130 : F1AA;
00008131 : F1E5;
00008132 : F456;
00008133 : F81A;
00008134 : FBC3;
00008135 : FEAF;
00008136 : 00BD;
00008137 : 01A9;
00008138 : 020F;
00008139 : 01B6;
0000813A : 0115;
0000813B : FFF0;
0000813C : FE69;
0000813D : FD51;
0000813E : FD1D;
0000813F : FEB3;
00008140 : 01BD;
00008141 : 05D2;
00008142 : 09AA;
00008143 : 0C83;
00008144 : 0DE5;
00008145 : 0D2D;
00008146 : 0B09;
00008147 : 0862;
00008148 : 05EA;
00008149 : 047F;
0000814A : 037E;
0000814B : 0201;
0000814C : FFDC;
0000814D : FC5B;
0000814E : F7F1;
0000814F : F3A9;
00008150 : F074;
00008151 : EF2D;
00008152 : EFDB;
00008153 : F17C;
00008154 : F361;
00008155 : F51D;
00008156 : F70A;
00008157 : F9B4;
00008158 : FD07;
00008159 : 01AD;
0000815A : 0715;
0000815B : 0C75;
0000815C : 110C;
0000815D : 14C1;
0000815E : 1771;
0000815F : 191B;
00008160 : 1955;
00008161 : 1846;
00008162 : 15B6;
00008163 : 11E3;
00008164 : 0DD2;
00008165 : 0978;
00008166 : 048D;
00008167 : FEFF;
00008168 : F878;
00008169 : F1A8;
0000816A : EBBE;
0000816B : E78B;
0000816C : E662;
0000816D : E767;
0000816E : EA14;
0000816F : EDFD;
00008170 : F223;
00008171 : F72D;
00008172 : FC65;
00008173 : 0222;
00008174 : 0718;
00008175 : 0AD4;
00008176 : 0C95;
00008177 : 0CB1;
00008178 : 0B78;
00008179 : 09DE;
0000817A : 087F;
0000817B : 075C;
0000817C : 06AF;
0000817D : 0631;
0000817E : 0639;
0000817F : 0657;
00008180 : 06B3;
00008181 : 06A3;
00008182 : 0651;
00008183 : 0561;
00008184 : 0365;
00008185 : 019A;
00008186 : FF24;
00008187 : FCDA;
00008188 : FAAB;
00008189 : F8B9;
0000818A : F7C5;
0000818B : F854;
0000818C : FA31;
0000818D : FCCC;
0000818E : FFFE;
0000818F : 01EA;
00008190 : 0283;
00008191 : 018C;
00008192 : FF57;
00008193 : FD08;
00008194 : FA72;
00008195 : F843;
00008196 : F640;
00008197 : F48D;
00008198 : F392;
00008199 : F33F;
0000819A : F442;
0000819B : F630;
0000819C : F96B;
0000819D : FD6B;
0000819E : 01DE;
0000819F : 0725;
000081A0 : 0C10;
000081A1 : 10A1;
000081A2 : 1430;
000081A3 : 166A;
000081A4 : 16B9;
000081A5 : 14AC;
000081A6 : 103C;
000081A7 : 0A53;
000081A8 : 0356;
000081A9 : FCFA;
000081AA : F7B8;
000081AB : F3EC;
000081AC : F1FB;
000081AD : F12D;
000081AE : F12F;
000081AF : F19B;
000081B0 : F1B5;
000081B1 : F23D;
000081B2 : F33A;
000081B3 : F507;
000081B4 : F740;
000081B5 : F9A2;
000081B6 : FB84;
000081B7 : FDA2;
000081B8 : FF1D;
000081B9 : 00D8;
000081BA : 02C6;
000081BB : 04FB;
000081BC : 072A;
000081BD : 0924;
000081BE : 0A86;
000081BF : 0AE2;
000081C0 : 0A44;
000081C1 : 08CA;
000081C2 : 0751;
000081C3 : 051A;
000081C4 : 02BB;
000081C5 : 0112;
000081C6 : 0021;
000081C7 : FFA6;
000081C8 : FF23;
000081C9 : FEAB;
000081CA : FE51;
000081CB : FE1D;
000081CC : FE49;
000081CD : FF01;
000081CE : 001A;
000081CF : 00F1;
000081D0 : 01C6;
000081D1 : 0227;
000081D2 : 0232;
000081D3 : 01D5;
000081D4 : 0107;
000081D5 : FFB5;
000081D6 : FDCF;
000081D7 : FB97;
000081D8 : F99D;
000081D9 : F824;
000081DA : F78E;
000081DB : F7D0;
000081DC : F8FF;
000081DD : FA8A;
000081DE : FC1A;
000081DF : FDCF;
000081E0 : FFBC;
000081E1 : 01C9;
000081E2 : 03DE;
000081E3 : 05E4;
000081E4 : 0718;
000081E5 : 06F5;
000081E6 : 0609;
000081E7 : 04A8;
000081E8 : 0318;
000081E9 : 0294;
000081EA : 02D0;
000081EB : 0325;
000081EC : 0374;
000081ED : 0358;
000081EE : 0278;
000081EF : 016C;
000081F0 : 00A9;
000081F1 : FF68;
000081F2 : FD3C;
000081F3 : FB89;
000081F4 : FA42;
000081F5 : F993;
000081F6 : FA73;
000081F7 : FC24;
000081F8 : FE0E;
000081F9 : FF6C;
000081FA : FF8E;
000081FB : FEBC;
000081FC : FD32;
000081FD : FC9D;
000081FE : FCF0;
000081FF : FF2F;
00008200 : 02D6;
00008201 : 0696;
00008202 : 0991;
00008203 : 0A5C;
00008204 : 0809;
00008205 : 03C2;
00008206 : FF0C;
00008207 : FA7F;
00008208 : F7E2;
00008209 : F779;
0000820A : F869;
0000820B : F8F6;
0000820C : F9A0;
0000820D : FAC4;
0000820E : FD3F;
0000820F : 0158;
00008210 : 0653;
00008211 : 0B70;
00008212 : 0F15;
00008213 : 0FFC;
00008214 : 0E95;
00008215 : 0BB6;
00008216 : 0857;
00008217 : 059A;
00008218 : 0394;
00008219 : 00DF;
0000821A : FD70;
0000821B : F82A;
0000821C : F1F6;
0000821D : EC04;
0000821E : E73E;
0000821F : E4F8;
00008220 : E68E;
00008221 : EBBB;
00008222 : F30C;
00008223 : FA88;
00008224 : 0061;
00008225 : 041F;
00008226 : 058C;
00008227 : 06A3;
00008228 : 0868;
00008229 : 09A9;
0000822A : 0B54;
0000822B : 0C37;
0000822C : 0B9E;
0000822D : 0A20;
0000822E : 0800;
0000822F : 0641;
00008230 : 04D7;
00008231 : 03C4;
00008232 : 030C;
00008233 : 01CF;
00008234 : FFE8;
00008235 : FCFC;
00008236 : F9EC;
00008237 : F7A5;
00008238 : F62D;
00008239 : F53F;
0000823A : F4FD;
0000823B : F507;
0000823C : F50D;
0000823D : F4A2;
0000823E : F413;
0000823F : F448;
00008240 : F5C0;
00008241 : F914;
00008242 : FD99;
00008243 : 022F;
00008244 : 060F;
00008245 : 0843;
00008246 : 091C;
00008247 : 097F;
00008248 : 0994;
00008249 : 090D;
0000824A : 0876;
0000824B : 06A8;
0000824C : 03FD;
0000824D : 014C;
0000824E : FEBC;
0000824F : FD68;
00008250 : FDE3;
00008251 : FF84;
00008252 : 01C3;
00008253 : 03D6;
00008254 : 053C;
00008255 : 0523;
00008256 : 03BF;
00008257 : 0257;
00008258 : 0174;
00008259 : 016A;
0000825A : 0206;
0000825B : 0230;
0000825C : 0107;
0000825D : FE7F;
0000825E : FAB8;
0000825F : F688;
00008260 : F30B;
00008261 : F080;
00008262 : EFB7;
00008263 : EFC6;
00008264 : F07F;
00008265 : F1EC;
00008266 : F41A;
00008267 : F6D1;
00008268 : FA86;
00008269 : FEB1;
0000826A : 0394;
0000826B : 08A4;
0000826C : 0D32;
0000826D : 10E8;
0000826E : 1363;
0000826F : 14A5;
00008270 : 1577;
00008271 : 15D5;
00008272 : 15BD;
00008273 : 1543;
00008274 : 1302;
00008275 : 0F2D;
00008276 : 0A31;
00008277 : 035F;
00008278 : FD13;
00008279 : F708;
0000827A : F222;
0000827B : EEE0;
0000827C : ECCA;
0000827D : EBAE;
0000827E : EADF;
0000827F : EB8B;
00008280 : ED51;
00008281 : F062;
00008282 : F4A2;
00008283 : F8C7;
00008284 : FC94;
00008285 : FEC7;
00008286 : 00DC;
00008287 : 0245;
00008288 : 047F;
00008289 : 07A1;
0000828A : 0B3C;
0000828B : 0ED4;
0000828C : 1127;
0000828D : 1176;
0000828E : 0FC2;
0000828F : 0CEC;
00008290 : 0961;
00008291 : 0628;
00008292 : 03CF;
00008293 : 01EF;
00008294 : 0074;
00008295 : FF05;
00008296 : FDDC;
00008297 : FCCC;
00008298 : FBBA;
00008299 : FAE3;
0000829A : F9FC;
0000829B : F944;
0000829C : F8FD;
0000829D : F91E;
0000829E : F9EC;
0000829F : FB47;
000082A0 : FC77;
000082A1 : FCB6;
000082A2 : FC19;
000082A3 : FB73;
000082A4 : FA23;
000082A5 : F927;
000082A6 : F898;
000082A7 : F866;
000082A8 : F844;
000082A9 : F864;
000082AA : F970;
000082AB : FBB3;
000082AC : FF3A;
000082AD : 02FD;
000082AE : 06CF;
000082AF : 099E;
000082B0 : 0B51;
000082B1 : 0BC3;
000082B2 : 0BBF;
000082B3 : 0BC6;
000082B4 : 0B42;
000082B5 : 0A3F;
000082B6 : 0857;
000082B7 : 0596;
000082B8 : 0247;
000082B9 : FE89;
000082BA : FAFA;
000082BB : F829;
000082BC : F61A;
000082BD : F4AB;
000082BE : F362;
000082BF : F232;
000082C0 : F145;
000082C1 : F123;
000082C2 : F264;
000082C3 : F546;
000082C4 : F918;
000082C5 : FD23;
000082C6 : 009A;
000082C7 : 0269;
000082C8 : 02CC;
000082C9 : 0295;
000082CA : 022C;
000082CB : 02A7;
000082CC : 0351;
000082CD : 0430;
000082CE : 05AF;
000082CF : 0569;
000082D0 : 04D3;
000082D1 : 037B;
000082D2 : 0249;
000082D3 : 014C;
000082D4 : 0096;
000082D5 : 009B;
000082D6 : 00AF;
000082D7 : 0078;
000082D8 : 0033;
000082D9 : FF7C;
000082DA : FEF8;
000082DB : FF6B;
000082DC : 002F;
000082DD : 0140;
000082DE : 02B9;
000082DF : 031E;
000082E0 : 02D8;
000082E1 : 01AF;
000082E2 : 001C;
000082E3 : FE91;
000082E4 : FD17;
000082E5 : FD14;
000082E6 : FDE4;
000082E7 : FE9D;
000082E8 : FF3A;
000082E9 : FF02;
000082EA : FD84;
000082EB : FBBF;
000082EC : FAF4;
000082ED : FAF3;
000082EE : FB95;
000082EF : FCAA;
000082F0 : FDFE;
000082F1 : FF23;
000082F2 : FFF6;
000082F3 : 0102;
000082F4 : 0205;
000082F5 : 0329;
000082F6 : 03E0;
000082F7 : 045D;
000082F8 : 0417;
000082F9 : 035E;
000082FA : 02C9;
000082FB : 02C3;
000082FC : 0316;
000082FD : 02F0;
000082FE : 0281;
000082FF : 0245;
00008300 : 017E;
00008301 : 008A;
00008302 : 0029;
00008303 : FFEC;
00008304 : FFE7;
00008305 : FF8C;
00008306 : FF50;
00008307 : FF06;
00008308 : FEB6;
00008309 : FE38;
0000830A : FDDD;
0000830B : FDB0;
0000830C : FDFC;
0000830D : FEB4;
0000830E : FF6F;
0000830F : 0055;
00008310 : 00B0;
00008311 : 0117;
00008312 : 01A2;
00008313 : 0262;
00008314 : 039A;
00008315 : 04B1;
00008316 : 052F;
00008317 : 055F;
00008318 : 0475;
00008319 : 036D;
0000831A : 034E;
0000831B : 041F;
0000831C : 048B;
0000831D : 0513;
0000831E : 04CD;
0000831F : 02B9;
00008320 : FF9E;
00008321 : FCCF;
00008322 : FB87;
00008323 : FB7E;
00008324 : FD14;
00008325 : FEAD;
00008326 : 0066;
00008327 : 01C8;
00008328 : 0298;
00008329 : 023E;
0000832A : 01B9;
0000832B : 015F;
0000832C : 0093;
0000832D : FF69;
0000832E : FDB5;
0000832F : FC99;
00008330 : FB4A;
00008331 : FAED;
00008332 : FB3A;
00008333 : FC61;
00008334 : FE03;
00008335 : 0047;
00008336 : 022B;
00008337 : 0404;
00008338 : 0544;
00008339 : 069C;
0000833A : 07CC;
0000833B : 090B;
0000833C : 0A1F;
0000833D : 0958;
0000833E : 0682;
0000833F : 01BB;
00008340 : FC13;
00008341 : F711;
00008342 : F34F;
00008343 : F21E;
00008344 : F1E9;
00008345 : F209;
00008346 : F28E;
00008347 : F268;
00008348 : F29D;
00008349 : F4D3;
0000834A : F8E6;
0000834B : FE71;
0000834C : 043B;
0000834D : 0984;
0000834E : 0D8E;
0000834F : 1047;
00008350 : 11DB;
00008351 : 128E;
00008352 : 12CB;
00008353 : 11C7;
00008354 : 0F8E;
00008355 : 0CD8;
00008356 : 08A4;
00008357 : 03EB;
00008358 : FF9B;
00008359 : FB8D;
0000835A : F7A4;
0000835B : F467;
0000835C : F1CD;
0000835D : F046;
0000835E : EF8D;
0000835F : EF71;
00008360 : F005;
00008361 : F0E5;
00008362 : F2D4;
00008363 : F61F;
00008364 : F9B7;
00008365 : FDDF;
00008366 : 01AD;
00008367 : 0496;
00008368 : 072A;
00008369 : 0924;
0000836A : 0ACC;
0000836B : 0C97;
0000836C : 0DF7;
0000836D : 0EBE;
0000836E : 0E54;
0000836F : 0C97;
00008370 : 09FF;
00008371 : 06AC;
00008372 : 0311;
00008373 : FF8E;
00008374 : FC26;
00008375 : F98F;
00008376 : F767;
00008377 : F5FA;
00008378 : F5B4;
00008379 : F646;
0000837A : F712;
0000837B : F814;
0000837C : F909;
0000837D : FA12;
0000837E : FB61;
0000837F : FD13;
00008380 : FE90;
00008381 : 0034;
00008382 : 017C;
00008383 : 0205;
00008384 : 01DB;
00008385 : 0140;
00008386 : 0045;
00008387 : FFBD;
00008388 : FF99;
00008389 : 002E;
0000838A : 0105;
0000838B : 01E4;
0000838C : 027A;
0000838D : 023F;
0000838E : 0181;
0000838F : 00AC;
00008390 : 0075;
00008391 : 0124;
00008392 : 0273;
00008393 : 0440;
00008394 : 05F6;
00008395 : 07A8;
00008396 : 083B;
00008397 : 07FF;
00008398 : 079C;
00008399 : 06CA;
0000839A : 05D3;
0000839B : 04E8;
0000839C : 031B;
0000839D : 00B4;
0000839E : FDFA;
0000839F : FB09;
000083A0 : F893;
000083A1 : F6D0;
000083A2 : F6A1;
000083A3 : F747;
000083A4 : F895;
000083A5 : FA68;
000083A6 : FC89;
000083A7 : FE60;
000083A8 : 00BF;
000083A9 : 02F9;
000083AA : 0464;
000083AB : 04A5;
000083AC : 03A7;
000083AD : 021C;
000083AE : 00FE;
000083AF : 00A7;
000083B0 : 0188;
000083B1 : 0312;
000083B2 : 0521;
000083B3 : 0698;
000083B4 : 06D9;
000083B5 : 0694;
000083B6 : 0550;
000083B7 : 0458;
000083B8 : 0372;
000083B9 : 02F0;
000083BA : 0280;
000083BB : 01E6;
000083BC : 010B;
000083BD : FF3D;
000083BE : FD56;
000083BF : FB9E;
000083C0 : FA59;
000083C1 : FA1E;
000083C2 : FA07;
000083C3 : FA9B;
000083C4 : FAF3;
000083C5 : FA78;
000083C6 : FA96;
000083C7 : FAF7;
000083C8 : FC2C;
000083C9 : FD82;
000083CA : FEFF;
000083CB : FFAC;
000083CC : FFC7;
000083CD : FF33;
000083CE : FE6D;
000083CF : FE84;
000083D0 : FF82;
000083D1 : 0114;
000083D2 : 02EC;
000083D3 : 0430;
000083D4 : 04EA;
000083D5 : 059A;
000083D6 : 05ED;
000083D7 : 05F3;
000083D8 : 0603;
000083D9 : 05AC;
000083DA : 0512;
000083DB : 0416;
000083DC : 0277;
000083DD : 0111;
000083DE : FF90;
000083DF : FE86;
000083E0 : FDEE;
000083E1 : FD57;
000083E2 : FCFE;
000083E3 : FC7F;
000083E4 : FBF2;
000083E5 : FBA3;
000083E6 : FB8C;
000083E7 : FBDA;
000083E8 : FC17;
000083E9 : FC18;
000083EA : FC7E;
000083EB : FCAC;
000083EC : FD3D;
000083ED : FE65;
000083EE : 000C;
000083EF : 01C3;
000083F0 : 0378;
000083F1 : 0500;
000083F2 : 0558;
000083F3 : 04F9;
000083F4 : 03C8;
000083F5 : 02A7;
000083F6 : 0209;
000083F7 : 01C9;
000083F8 : 0233;
000083F9 : 02FA;
000083FA : 0383;
000083FB : 031B;
000083FC : 01F6;
000083FD : FFE8;
000083FE : FD6F;
000083FF : FBB8;
00008400 : FA9B;
00008401 : FA3E;
00008402 : FAC4;
00008403 : FC0B;
00008404 : FE51;
00008405 : 0050;
00008406 : 01DC;
00008407 : 0296;
00008408 : 01A7;
00008409 : 007D;
0000840A : FF11;
0000840B : FE65;
0000840C : FEA7;
0000840D : FFD7;
0000840E : 0187;
0000840F : 02AE;
00008410 : 038A;
00008411 : 0327;
00008412 : 025C;
00008413 : 0086;
00008414 : FE9C;
00008415 : FD0B;
00008416 : FBFD;
00008417 : FC8E;
00008418 : FDD4;
00008419 : FF63;
0000841A : 00F9;
0000841B : 0272;
0000841C : 03AD;
0000841D : 03FB;
0000841E : 0396;
0000841F : 037F;
00008420 : 0369;
00008421 : 0376;
00008422 : 03D7;
00008423 : 048C;
00008424 : 0526;
00008425 : 0537;
00008426 : 04D1;
00008427 : 03EC;
00008428 : 0289;
00008429 : 0060;
0000842A : FDDA;
0000842B : FB6A;
0000842C : F977;
0000842D : F78F;
0000842E : F763;
0000842F : F772;
00008430 : F7FE;
00008431 : F8BA;
00008432 : FA55;
00008433 : FC2C;
00008434 : FE5B;
00008435 : 0098;
00008436 : 0357;
00008437 : 064F;
00008438 : 0942;
00008439 : 0B3C;
0000843A : 0C2D;
0000843B : 0BF8;
0000843C : 0AD0;
0000843D : 098A;
0000843E : 086C;
0000843F : 075C;
00008440 : 0638;
00008441 : 0535;
00008442 : 0365;
00008443 : 00DF;
00008444 : FDCC;
00008445 : FAEA;
00008446 : F872;
00008447 : F6C6;
00008448 : F5E3;
00008449 : F5E9;
0000844A : F693;
0000844B : F773;
0000844C : F8E4;
0000844D : FAD4;
0000844E : FC89;
0000844F : FDBC;
00008450 : FED2;
00008451 : FF8B;
00008452 : 00FA;
00008453 : 036B;
00008454 : 06A4;
00008455 : 09CC;
00008456 : 0BFE;
00008457 : 0C58;
00008458 : 0B39;
00008459 : 0849;
0000845A : 04D5;
0000845B : 014B;
0000845C : FEC1;
0000845D : FDA1;
0000845E : FD57;
0000845F : FCFA;
00008460 : FC6B;
00008461 : FB8A;
00008462 : FA71;
00008463 : FA31;
00008464 : FB14;
00008465 : FD35;
00008466 : 0018;
00008467 : 0322;
00008468 : 05BE;
00008469 : 07C4;
0000846A : 08EF;
0000846B : 0954;
0000846C : 095E;
0000846D : 08DB;
0000846E : 0735;
0000846F : 04BF;
00008470 : 00FD;
00008471 : FC68;
00008472 : F889;
00008473 : F58C;
00008474 : F444;
00008475 : F474;
00008476 : F4BD;
00008477 : F511;
00008478 : F4ED;
00008479 : F538;
0000847A : F5FA;
0000847B : F859;
0000847C : FC4F;
0000847D : 018D;
0000847E : 07AC;
0000847F : 0D20;
00008480 : 1147;
00008481 : 136E;
00008482 : 13F1;
00008483 : 132A;
00008484 : 11E8;
00008485 : 0FEA;
00008486 : 0DE3;
00008487 : 0AE9;
00008488 : 07A4;
00008489 : 031C;
0000848A : FE25;
0000848B : F8DA;
0000848C : F483;
0000848D : F1AD;
0000848E : EF13;
0000848F : EE38;
00008490 : ED23;
00008491 : EBF4;
00008492 : EB90;
00008493 : EC7D;
00008494 : EFB3;
00008495 : F429;
00008496 : F9F2;
00008497 : FFA8;
00008498 : 042D;
00008499 : 075D;
0000849A : 0986;
0000849B : 0B46;
0000849C : 0CF6;
0000849D : 0EDD;
0000849E : 107A;
0000849F : 1156;
000084A0 : 0F52;
000084A1 : 0B55;
000084A2 : 0747;
000084A3 : 0320;
000084A4 : 0079;
000084A5 : FEB0;
000084A6 : FDE9;
000084A7 : FD6D;
000084A8 : FCD5;
000084A9 : FC4C;
000084AA : FC58;
000084AB : FCF8;
000084AC : FD43;
000084AD : FD5E;
000084AE : FDD6;
000084AF : FDED;
000084B0 : FDF2;
000084B1 : FE4A;
000084B2 : FE39;
000084B3 : FDC2;
000084B4 : FD6F;
000084B5 : FD06;
000084B6 : FCD6;
000084B7 : FD11;
000084B8 : FD73;
000084B9 : FDA8;
000084BA : FD54;
000084BB : FD05;
000084BC : FC6D;
000084BD : FC82;
000084BE : FDC1;
000084BF : FF68;
000084C0 : 0127;
000084C1 : 0311;
000084C2 : 0537;
000084C3 : 0741;
000084C4 : 09C5;
000084C5 : 0BD1;
000084C6 : 0D08;
000084C7 : 0DAC;
000084C8 : 0D1A;
000084C9 : 0BAD;
000084CA : 0977;
000084CB : 06C2;
000084CC : 03D7;
000084CD : 0088;
000084CE : FD76;
000084CF : FA9B;
000084D0 : F830;
000084D1 : F6D1;
000084D2 : F5D3;
000084D3 : F519;
000084D4 : F42C;
000084D5 : F3BE;
000084D6 : F39A;
000084D7 : F521;
000084D8 : F899;
000084D9 : FCB2;
000084DA : 0118;
000084DB : 04E0;
000084DC : 076E;
000084DD : 07EF;
000084DE : 075C;
000084DF : 064F;
000084E0 : 05AE;
000084E1 : 05E8;
000084E2 : 06CD;
000084E3 : 07C7;
000084E4 : 08A0;
000084E5 : 08DE;
000084E6 : 07DA;
000084E7 : 05A3;
000084E8 : 02BE;
000084E9 : FFA2;
000084EA : FD57;
000084EB : FBFA;
000084EC : FBEB;
000084ED : FCCF;
000084EE : FD44;
000084EF : FD50;
000084F0 : FCE8;
000084F1 : FC54;
000084F2 : FC95;
000084F3 : FDDE;
000084F4 : FF66;
000084F5 : 0136;
000084F6 : 02E3;
000084F7 : 0395;
000084F8 : 037E;
000084F9 : 0301;
000084FA : 021D;
000084FB : 0121;
000084FC : FFD7;
000084FD : FE7B;
000084FE : FD0D;
000084FF : FC03;
00008500 : FBA6;
00008501 : FBC5;
00008502 : FC12;
00008503 : FCDD;
00008504 : FDF5;
00008505 : FF04;
00008506 : 0060;
00008507 : 018B;
00008508 : 0307;
00008509 : 0424;
0000850A : 04D4;
0000850B : 0550;
0000850C : 0594;
0000850D : 0562;
0000850E : 04CA;
0000850F : 0390;
00008510 : 01EB;
00008511 : 008A;
00008512 : FF8C;
00008513 : FF73;
00008514 : FF54;
00008515 : FEE1;
00008516 : FE2C;
00008517 : FD24;
00008518 : FC22;
00008519 : FB17;
0000851A : FA7C;
0000851B : FAB4;
0000851C : FB3E;
0000851D : FC0D;
0000851E : FD24;
0000851F : FE8B;
00008520 : 004A;
00008521 : 01C1;
00008522 : 02A8;
00008523 : 032A;
00008524 : 025D;
00008525 : 017F;
00008526 : 016C;
00008527 : 020E;
00008528 : 036F;
00008529 : 0526;
0000852A : 0628;
0000852B : 05B4;
0000852C : 0417;
0000852D : 015A;
0000852E : FE7A;
0000852F : FC89;
00008530 : FBAB;
00008531 : FC24;
00008532 : FD8B;
00008533 : FED5;
00008534 : FFBE;
00008535 : 003B;
00008536 : FFE0;
00008537 : FF09;
00008538 : FE7B;
00008539 : FE51;
0000853A : FE8E;
0000853B : FF13;
0000853C : FFBB;
0000853D : 003D;
0000853E : 005B;
0000853F : 0047;
00008540 : 000A;
00008541 : FF94;
00008542 : FF9A;
00008543 : 0009;
00008544 : 00B8;
00008545 : 019C;
00008546 : 02B8;
00008547 : 038C;
00008548 : 03CA;
00008549 : 03B2;
0000854A : 029E;
0000854B : 00FA;
0000854C : FF76;
0000854D : FE0E;
0000854E : FDDF;
0000854F : FE75;
00008550 : FFDE;
00008551 : 014D;
00008552 : 0196;
00008553 : 0111;
00008554 : FFEA;
00008555 : FE7A;
00008556 : FD71;
00008557 : FDB5;
00008558 : FEE7;
00008559 : 00CF;
0000855A : 02C5;
0000855B : 0437;
0000855C : 04E1;
0000855D : 047E;
0000855E : 0310;
0000855F : 0168;
00008560 : 0028;
00008561 : FF8D;
00008562 : FFA8;
00008563 : 0019;
00008564 : 0067;
00008565 : 0048;
00008566 : FFBF;
00008567 : FF67;
00008568 : FF49;
00008569 : FF85;
0000856A : 0006;
0000856B : 0017;
0000856C : FFE9;
0000856D : FFAF;
0000856E : 0013;
0000856F : 0095;
00008570 : 013D;
00008571 : 020C;
00008572 : 034B;
00008573 : 03BF;
00008574 : 048D;
00008575 : 045D;
00008576 : 0394;
00008577 : 0294;
00008578 : 0207;
00008579 : 00FA;
0000857A : FFE2;
0000857B : FEF7;
0000857C : FDF8;
0000857D : FD54;
0000857E : FCBD;
0000857F : FC70;
00008580 : FC25;
00008581 : FBE6;
00008582 : FC0A;
00008583 : FC65;
00008584 : FCED;
00008585 : FD57;
00008586 : FDF5;
00008587 : FE0A;
00008588 : FDD2;
00008589 : FE71;
0000858A : FED1;
0000858B : 006C;
0000858C : 00C5;
0000858D : 012E;
0000858E : 009D;
0000858F : FFE4;
00008590 : FF59;
00008591 : FEF3;
00008592 : FF4A;
00008593 : FF42;
00008594 : FFEE;
00008595 : 0066;
00008596 : 0137;
00008597 : 01FE;
00008598 : 0206;
00008599 : 022D;
0000859A : 01B3;
0000859B : FFC9;
0000859C : FF2F;
0000859D : FEB3;
0000859E : FD90;
0000859F : FC03;
000085A0 : FB08;
000085A1 : F9CE;
000085A2 : F869;
000085A3 : F757;
000085A4 : F72B;
000085A5 : F7D2;
000085A6 : F8AC;
000085A7 : FB12;
000085A8 : FDAA;
000085A9 : FF82;
000085AA : 01EE;
000085AB : 0464;
000085AC : 06E7;
000085AD : 081B;
000085AE : 079A;
000085AF : 0541;
000085B0 : 01F1;
000085B1 : FEE5;
000085B2 : FD0B;
000085B3 : FC99;
000085B4 : FD17;
000085B5 : FE79;
000085B6 : FFB7;
000085B7 : 0087;
000085B8 : 01AC;
000085B9 : 0233;
000085BA : 0243;
000085BB : 01AD;
000085BC : 00A3;
000085BD : FF8A;
000085BE : FE75;
000085BF : FE39;
000085C0 : FE49;
000085C1 : FE31;
000085C2 : FDC8;
000085C3 : FD20;
000085C4 : FBF0;
000085C5 : FB6E;
000085C6 : FB7A;
000085C7 : FB57;
000085C8 : FB7E;
000085C9 : FC47;
000085CA : FD35;
000085CB : FEDE;
000085CC : 00D2;
000085CD : 0291;
000085CE : 03D6;
000085CF : 031C;
000085D0 : 0256;
000085D1 : 013F;
000085D2 : 00D2;
000085D3 : 017A;
000085D4 : 02A7;
000085D5 : 038D;
000085D6 : 0397;
000085D7 : 02A8;
000085D8 : 0176;
000085D9 : 0043;
000085DA : FFB4;
000085DB : FF91;
000085DC : FF8A;
000085DD : FF5D;
000085DE : FECD;
000085DF : FE3A;
000085E0 : FE15;
000085E1 : FE3B;
000085E2 : FD86;
000085E3 : FCE0;
000085E4 : FC8E;
000085E5 : FC93;
000085E6 : FD28;
000085E7 : FE60;
000085E8 : FFCD;
000085E9 : 0110;
000085EA : 0258;
000085EB : 0369;
000085EC : 044C;
000085ED : 0574;
000085EE : 05CB;
000085EF : 0588;
000085F0 : 0516;
000085F1 : 0446;
000085F2 : 02EE;
000085F3 : 0235;
000085F4 : 01D4;
000085F5 : 0164;
000085F6 : 00A2;
000085F7 : FF6C;
000085F8 : FE59;
000085F9 : FDAF;
000085FA : FDAB;
000085FB : FDBA;
000085FC : FDBE;
000085FD : FD50;
000085FE : FC87;
000085FF : FBD9;
00008600 : FBF1;
00008601 : FCD3;
00008602 : FE78;
00008603 : 0091;
00008604 : 0299;
00008605 : 045D;
00008606 : 0580;
00008607 : 0633;
00008608 : 066F;
00008609 : 0678;
0000860A : 066A;
0000860B : 05D8;
0000860C : 04D1;
0000860D : 0368;
0000860E : 016A;
0000860F : FEE1;
00008610 : FBF3;
00008611 : F9EC;
00008612 : F8E3;
00008613 : F93A;
00008614 : FA91;
00008615 : FCC9;
00008616 : FE2B;
00008617 : FF43;
00008618 : FFC0;
00008619 : FFF3;
0000861A : 00CF;
0000861B : 01F0;
0000861C : 03AD;
0000861D : 050F;
0000861E : 0601;
0000861F : 061A;
00008620 : 055B;
00008621 : 03FD;
00008622 : 02E1;
00008623 : 021C;
00008624 : 00F4;
00008625 : 0040;
00008626 : FFB5;
00008627 : FEF3;
00008628 : FE1C;
00008629 : FD14;
0000862A : FC4A;
0000862B : FBD8;
0000862C : FBF9;
0000862D : FC7A;
0000862E : FCC9;
0000862F : FCB6;
00008630 : FCA7;
00008631 : FC37;
00008632 : FC68;
00008633 : FDD6;
00008634 : 0005;
00008635 : 021E;
00008636 : 044C;
00008637 : 04F7;
00008638 : 0401;
00008639 : 0243;
0000863A : 0046;
0000863B : FEBF;
0000863C : FEAF;
0000863D : FF7D;
0000863E : 0111;
0000863F : 0276;
00008640 : 02F4;
00008641 : 028A;
00008642 : 0166;
00008643 : 002F;
00008644 : FF7A;
00008645 : FF01;
00008646 : FE8C;
00008647 : FE28;
00008648 : FD5C;
00008649 : FC95;
0000864A : FB87;
0000864B : FA55;
0000864C : FA5B;
0000864D : FBC4;
0000864E : FE1A;
0000864F : 0061;
00008650 : 0294;
00008651 : 03E1;
00008652 : 0462;
00008653 : 0490;
00008654 : 04A2;
00008655 : 0569;
00008656 : 065D;
00008657 : 067E;
00008658 : 0596;
00008659 : 03E5;
0000865A : 01CC;
0000865B : FF0A;
0000865C : FD2C;
0000865D : FBD5;
0000865E : FAE4;
0000865F : FA3C;
00008660 : F96F;
00008661 : F8B7;
00008662 : F81E;
00008663 : F81A;
00008664 : F8D7;
00008665 : FA40;
00008666 : FC2F;
00008667 : FE24;
00008668 : 002A;
00008669 : 0244;
0000866A : 0459;
0000866B : 062A;
0000866C : 07E7;
0000866D : 0904;
0000866E : 098F;
0000866F : 0A15;
00008670 : 0A02;
00008671 : 099B;
00008672 : 0880;
00008673 : 0740;
00008674 : 057C;
00008675 : 030B;
00008676 : 005A;
00008677 : FD83;
00008678 : FA5B;
00008679 : F7E0;
0000867A : F57C;
0000867B : F3A3;
0000867C : F2F5;
0000867D : F362;
0000867E : F515;
0000867F : F77A;
00008680 : FA46;
00008681 : FCBD;
00008682 : FEA4;
00008683 : 000B;
00008684 : 012E;
00008685 : 026B;
00008686 : 03DC;
00008687 : 0597;
00008688 : 06EE;
00008689 : 07EB;
0000868A : 086C;
0000868B : 0818;
0000868C : 0734;
0000868D : 05A1;
0000868E : 03EF;
0000868F : 0231;
00008690 : 0141;
00008691 : 008E;
00008692 : 0071;
00008693 : 005C;
00008694 : FFB1;
00008695 : FF45;
00008696 : FEB5;
00008697 : FE1F;
00008698 : FDAE;
00008699 : FD56;
0000869A : FD6A;
0000869B : FD93;
0000869C : FE22;
0000869D : FE6D;
0000869E : FEA1;
0000869F : FEAC;
000086A0 : FE48;
000086A1 : FE11;
000086A2 : FDBC;
000086A3 : FE00;
000086A4 : FEDC;
000086A5 : FFF7;
000086A6 : 0156;
000086A7 : 0272;
000086A8 : 028F;
000086A9 : 0270;
000086AA : 0258;
000086AB : 01EF;
000086AC : 01D2;
000086AD : 0157;
000086AE : 0147;
000086AF : 00B3;
000086B0 : 000D;
000086B1 : FEF2;
000086B2 : FDCB;
000086B3 : FD80;
000086B4 : FD07;
000086B5 : FE0F;
000086B6 : FE9C;
000086B7 : 002D;
000086B8 : 014A;
000086B9 : 0251;
000086BA : 039C;
000086BB : 043B;
000086BC : 0498;
000086BD : 040B;
000086BE : 0306;
000086BF : 0073;
000086C0 : FDDB;
000086C1 : FBBB;
000086C2 : FA75;
000086C3 : FB46;
000086C4 : FCE3;
000086C5 : FEC2;
000086C6 : 0025;
000086C7 : 005D;
000086C8 : FFA8;
000086C9 : FE5B;
000086CA : FD17;
000086CB : FBF7;
000086CC : FABD;
000086CD : F9A9;
000086CE : F92D;
000086CF : F900;
000086D0 : F946;
000086D1 : F9D5;
000086D2 : FADE;
000086D3 : FC81;
000086D4 : FE46;
000086D5 : 0121;
000086D6 : 04DD;
000086D7 : 0946;
000086D8 : 0C68;
000086D9 : 0D37;
000086DA : 0BCE;
000086DB : 0934;
000086DC : 05DD;
000086DD : 0331;
000086DE : 01A7;
000086DF : 0080;
000086E0 : FECE;
000086E1 : FC96;
000086E2 : FA33;
000086E3 : F83A;
000086E4 : F6D6;
000086E5 : F5CA;
000086E6 : F532;
000086E7 : F4E2;
000086E8 : F4F9;
000086E9 : F682;
000086EA : F907;
000086EB : FC3B;
000086EC : FF63;
000086ED : 015D;
000086EE : 027B;
000086EF : 0306;
000086F0 : 037A;
000086F1 : 0407;
000086F2 : 04BC;
000086F3 : 0536;
000086F4 : 0598;
000086F5 : 05B8;
000086F6 : 0596;
000086F7 : 0525;
000086F8 : 0494;
000086F9 : 0315;
000086FA : 011E;
000086FB : FF05;
000086FC : FCF1;
000086FD : FB97;
000086FE : FADF;
000086FF : FAC9;
00008700 : FB2C;
00008701 : FBE6;
00008702 : FD08;
00008703 : FECB;
00008704 : 00C4;
00008705 : 02B7;
00008706 : 042B;
00008707 : 0505;
00008708 : 0502;
00008709 : 03E7;
0000870A : 02D6;
0000870B : 019D;
0000870C : 005D;
0000870D : FF66;
0000870E : FE75;
0000870F : FD81;
00008710 : FD19;
00008711 : FD22;
00008712 : FD84;
00008713 : FE01;
00008714 : FE12;
00008715 : FDB0;
00008716 : FDE0;
00008717 : FE8C;
00008718 : 0002;
00008719 : 01EE;
0000871A : 03A3;
0000871B : 0429;
0000871C : 042E;
0000871D : 0396;
0000871E : 02ED;
0000871F : 02D2;
00008720 : 033D;
00008721 : 03ED;
00008722 : 0444;
00008723 : 03ED;
00008724 : 0301;
00008725 : 016E;
00008726 : FFBB;
00008727 : FE31;
00008728 : FC43;
00008729 : FB01;
0000872A : FA0C;
0000872B : F99B;
0000872C : F9BC;
0000872D : FA15;
0000872E : FA80;
0000872F : FA7C;
00008730 : FB19;
00008731 : FC28;
00008732 : FEC2;
00008733 : 01BE;
00008734 : 046E;
00008735 : 0621;
00008736 : 0664;
00008737 : 05C2;
00008738 : 0442;
00008739 : 02F3;
0000873A : 02C7;
0000873B : 0356;
0000873C : 03B9;
0000873D : 0349;
0000873E : 0253;
0000873F : 0081;
00008740 : FEAD;
00008741 : FD7E;
00008742 : FDAE;
00008743 : FE39;
00008744 : FEE4;
00008745 : FFDA;
00008746 : 00A0;
00008747 : 0079;
00008748 : FF91;
00008749 : FE23;
0000874A : FC95;
0000874B : FB8C;
0000874C : FB85;
0000874D : FC50;
0000874E : FDAB;
0000874F : FF24;
00008750 : 0064;
00008751 : 011F;
00008752 : 0194;
00008753 : 0200;
00008754 : 029F;
00008755 : 02D6;
00008756 : 0310;
00008757 : 02E3;
00008758 : 022D;
00008759 : 0135;
0000875A : 002E;
0000875B : FF1C;
0000875C : FEDD;
0000875D : FF0E;
0000875E : FF9A;
0000875F : 00B5;
00008760 : 019E;
00008761 : 019B;
00008762 : 00B9;
00008763 : FF97;
00008764 : FE73;
00008765 : FDBC;
00008766 : FDBD;
00008767 : FEB9;
00008768 : FFC7;
00008769 : FFFA;
0000876A : FF88;
0000876B : FEFA;
0000876C : FE55;
0000876D : FE49;
0000876E : FEE3;
0000876F : 0012;
00008770 : 0195;
00008771 : 02B0;
00008772 : 0328;
00008773 : 031A;
00008774 : 02B1;
00008775 : 01E0;
00008776 : 00F5;
00008777 : 0032;
00008778 : FF97;
00008779 : FF4A;
0000877A : FF3A;
0000877B : FEF7;
0000877C : FEA2;
0000877D : FE0C;
0000877E : FD9D;
0000877F : FD5C;
00008780 : FD02;
00008781 : FD47;
00008782 : FD58;
00008783 : FE0D;
00008784 : FF25;
00008785 : 0007;
00008786 : 009A;
00008787 : 011A;
00008788 : 00DE;
00008789 : 008B;
0000878A : 004B;
0000878B : 001F;
0000878C : 0038;
0000878D : 0030;
0000878E : FFE3;
0000878F : FFA7;
00008790 : FF7F;
00008791 : FF80;
00008792 : FF3A;
00008793 : FF12;
00008794 : FEFA;
00008795 : FF67;
00008796 : FF9B;
00008797 : FFBE;
00008798 : 0002;
00008799 : 004D;
0000879A : 0043;
0000879B : FFA3;
0000879C : FF02;
0000879D : FE7F;
0000879E : FEA2;
0000879F : FE9B;
000087A0 : FF06;
000087A1 : 000D;
000087A2 : 0046;
000087A3 : 0027;
000087A4 : FF7D;
000087A5 : FEFF;
000087A6 : FE73;
000087A7 : FE74;
000087A8 : FFAE;
000087A9 : FFCF;
000087AA : FFBD;
000087AB : FFAE;
000087AC : FF5A;
000087AD : FEF6;
000087AE : FF0E;
000087AF : FF7A;
000087B0 : 005A;
000087B1 : 00C7;
000087B2 : 019D;
000087B3 : 01D4;
000087B4 : 014B;
000087B5 : 00FD;
000087B6 : FF75;
000087B7 : FE7D;
000087B8 : FE1F;
000087B9 : FE91;
000087BA : FEED;
000087BB : FF63;
000087BC : FFA8;
000087BD : FF53;
000087BE : FEDB;
000087BF : FEE1;
000087C0 : FF3D;
000087C1 : 0026;
000087C2 : 0153;
000087C3 : 01F9;
000087C4 : 01E1;
000087C5 : 016C;
000087C6 : 00EC;
000087C7 : 00A6;
000087C8 : 00C7;
000087C9 : 018F;
000087CA : 0289;
000087CB : 038D;
000087CC : 0437;
000087CD : 0453;
000087CE : 042B;
000087CF : 0348;
000087D0 : 0157;
000087D1 : FEE9;
000087D2 : FC3A;
000087D3 : F9A4;
000087D4 : F800;
000087D5 : F824;
000087D6 : F9C9;
000087D7 : FC52;
000087D8 : FF0B;
000087D9 : 0185;
000087DA : 036C;
000087DB : 04A5;
000087DC : 0584;
000087DD : 05C1;
000087DE : 054D;
000087DF : 0421;
000087E0 : 026C;
000087E1 : 008A;
000087E2 : FEE4;
000087E3 : FE28;
000087E4 : FDD7;
000087E5 : FDEE;
000087E6 : FE37;
000087E7 : FE37;
000087E8 : FEDA;
000087E9 : FFF7;
000087EA : 01FE;
000087EB : 0381;
000087EC : 0469;
000087ED : 0474;
000087EE : 0396;
000087EF : 0241;
000087F0 : 016A;
000087F1 : 00EA;
000087F2 : 0078;
000087F3 : FF36;
000087F4 : FDC0;
000087F5 : FCB3;
000087F6 : FBB0;
000087F7 : FAE3;
000087F8 : FAF4;
000087F9 : FB43;
000087FA : FAD4;
000087FB : FAA7;
000087FC : FB3B;
000087FD : FC6B;
000087FE : FE52;
000087FF : 0054;
00008800 : 01DD;
00008801 : 02F4;
00008802 : 03B8;
00008803 : 0445;
00008804 : 04E6;
00008805 : 0576;
00008806 : 05A2;
00008807 : 0533;
00008808 : 0456;
00008809 : 0371;
0000880A : 02D2;
0000880B : 0290;
0000880C : 0221;
0000880D : 0110;
0000880E : FF64;
0000880F : FD0A;
00008810 : FAA7;
00008811 : F905;
00008812 : F824;
00008813 : F7F4;
00008814 : F89C;
00008815 : F994;
00008816 : FB02;
00008817 : FCA8;
00008818 : FEDB;
00008819 : 00E4;
0000881A : 02A5;
0000881B : 03FC;
0000881C : 050D;
0000881D : 0590;
0000881E : 0564;
0000881F : 04E6;
00008820 : 046C;
00008821 : 0359;
00008822 : 0203;
00008823 : 0101;
00008824 : 0092;
00008825 : 00A4;
00008826 : 00E2;
00008827 : 00DD;
00008828 : 00B2;
00008829 : FFCB;
0000882A : FE9D;
0000882B : FDD4;
0000882C : FD7B;
0000882D : FD63;
0000882E : FDA4;
0000882F : FD8B;
00008830 : FD92;
00008831 : FDB4;
00008832 : FE2B;
00008833 : FF05;
00008834 : FFE2;
00008835 : 0095;
00008836 : 012D;
00008837 : 018F;
00008838 : 020A;
00008839 : 0240;
0000883A : 022D;
0000883B : 01E4;
0000883C : 00FD;
0000883D : 003E;
0000883E : FFA6;
0000883F : FF61;
00008840 : FF91;
00008841 : FFAC;
00008842 : FFA3;
00008843 : FF60;
00008844 : FF0D;
00008845 : FF4B;
00008846 : FF78;
00008847 : FF9F;
00008848 : 008D;
00008849 : 00ED;
0000884A : 0104;
0000884B : 00EB;
0000884C : 0098;
0000884D : 007D;
0000884E : 005F;
0000884F : 0045;
00008850 : 0042;
00008851 : 0066;
00008852 : 00D8;
00008853 : 015C;
00008854 : 019B;
00008855 : 01E2;
00008856 : 0195;
00008857 : 0121;
00008858 : 0090;
00008859 : 0038;
0000885A : FFE0;
0000885B : FFAA;
0000885C : FF33;
0000885D : FEB7;
0000885E : FE55;
0000885F : FE13;
00008860 : FE8C;
00008861 : FF10;
00008862 : FFB3;
00008863 : 0022;
00008864 : FFF7;
00008865 : FF59;
00008866 : FEE9;
00008867 : FEC5;
00008868 : FEE6;
00008869 : FF85;
0000886A : FFEE;
0000886B : 0058;
0000886C : 00F3;
0000886D : 017A;
0000886E : 020D;
0000886F : 02A5;
00008870 : 0313;
00008871 : 0327;
00008872 : 02FF;
00008873 : 0252;
00008874 : 019C;
00008875 : 00BC;
00008876 : 0034;
00008877 : FFD3;
00008878 : FFD0;
00008879 : FFE2;
0000887A : FFC7;
0000887B : FFA7;
0000887C : FF3D;
0000887D : FEDC;
0000887E : FE79;
0000887F : FE9A;
00008880 : FF3E;
00008881 : FFE6;
00008882 : 007A;
00008883 : 004E;
00008884 : FF91;
00008885 : FED8;
00008886 : FE22;
00008887 : FE25;
00008888 : FEF3;
00008889 : FFD6;
0000888A : 00BA;
0000888B : 018A;
0000888C : 01EE;
0000888D : 0201;
0000888E : 019D;
0000888F : 00C2;
00008890 : FF92;
00008891 : FEA7;
00008892 : FDF4;
00008893 : FD6A;
00008894 : FD46;
00008895 : FD6C;
00008896 : FDF2;
00008897 : FE85;
00008898 : FF5A;
00008899 : 005E;
0000889A : 0158;
0000889B : 0220;
0000889C : 0276;
0000889D : 024F;
0000889E : 0226;
0000889F : 01E4;
000088A0 : 018C;
000088A1 : 0113;
000088A2 : 009A;
000088A3 : FFFD;
000088A4 : FFAB;
000088A5 : FF8F;
000088A6 : FF7A;
000088A7 : FF0E;
000088A8 : FE35;
000088A9 : FD10;
000088AA : FC01;
000088AB : FB75;
000088AC : FB8C;
000088AD : FC31;
000088AE : FCFE;
000088AF : FDBA;
000088B0 : FE09;
000088B1 : FEC6;
000088B2 : FFAB;
000088B3 : 0080;
000088B4 : 01ED;
000088B5 : 0308;
000088B6 : 0387;
000088B7 : 0424;
000088B8 : 0473;
000088B9 : 041F;
000088BA : 0372;
000088BB : 0241;
000088BC : 00CB;
000088BD : FF69;
000088BE : FE33;
000088BF : FDBF;
000088C0 : FD78;
000088C1 : FCEF;
000088C2 : FC48;
000088C3 : FB79;
000088C4 : FAF0;
000088C5 : FAB8;
000088C6 : FB07;
000088C7 : FBDD;
000088C8 : FCFF;
000088C9 : FE1F;
000088CA : FF7A;
000088CB : 00CA;
000088CC : 01E7;
000088CD : 0282;
000088CE : 026F;
000088CF : 025A;
000088D0 : 022C;
000088D1 : 0265;
000088D2 : 0300;
000088D3 : 0369;
000088D4 : 03B5;
000088D5 : 0312;
000088D6 : 01FD;
000088D7 : 00D8;
000088D8 : FF7D;
000088D9 : FEDE;
000088DA : FE6D;
000088DB : FD71;
000088DC : FC3E;
000088DD : FB39;
000088DE : FB0D;
000088DF : FBFD;
000088E0 : FDF7;
000088E1 : 0043;
000088E2 : 0253;
000088E3 : 03D3;
000088E4 : 04FA;
000088E5 : 059C;
000088E6 : 05AA;
000088E7 : 0516;
000088E8 : 0360;
000088E9 : 00A5;
000088EA : FD9D;
000088EB : FA72;
000088EC : F893;
000088ED : F817;
000088EE : F8A8;
000088EF : FA03;
000088F0 : FBF2;
000088F1 : FE4D;
000088F2 : 010D;
000088F3 : 03CF;
000088F4 : 0680;
000088F5 : 086C;
000088F6 : 08F2;
000088F7 : 0881;
000088F8 : 07A4;
000088F9 : 06D0;
000088FA : 062B;
000088FB : 053E;
000088FC : 03CC;
000088FD : 01B9;
000088FE : FF2A;
000088FF : FCF2;
00008900 : FB0F;
00008901 : FA6A;
00008902 : F9B7;
00008903 : F981;
00008904 : F9A4;
00008905 : F9C3;
00008906 : FAEB;
00008907 : FCEE;
00008908 : FEEE;
00008909 : 008F;
0000890A : 016C;
0000890B : 0195;
0000890C : 01AB;
0000890D : 0210;
0000890E : 02CE;
0000890F : 03AB;
00008910 : 03FE;
00008911 : 03CD;
00008912 : 0372;
00008913 : 0372;
00008914 : 03BB;
00008915 : 032A;
00008916 : 01CE;
00008917 : FF84;
00008918 : FC33;
00008919 : F960;
0000891A : F81F;
0000891B : F8E9;
0000891C : FAFE;
0000891D : FCAC;
0000891E : FDBE;
0000891F : FE73;
00008920 : FF2F;
00008921 : 00BC;
00008922 : 0369;
00008923 : 0633;
00008924 : 0826;
00008925 : 0836;
00008926 : 0685;
00008927 : 03FD;
00008928 : 0163;
00008929 : FF8E;
0000892A : FE93;
0000892B : FE1A;
0000892C : FDB6;
0000892D : FDA9;
0000892E : FDEF;
0000892F : FDEF;
00008930 : FE55;
00008931 : FE92;
00008932 : FEE8;
00008933 : FEFF;
00008934 : FF1E;
00008935 : FF29;
00008936 : FF04;
00008937 : FE99;
00008938 : FE4A;
00008939 : FE1D;
0000893A : FE33;
0000893B : FED7;
0000893C : FF24;
0000893D : FF64;
0000893E : 0003;
0000893F : 00B6;
00008940 : 015F;
00008941 : 026D;
00008942 : 031F;
00008943 : 0310;
00008944 : 0293;
00008945 : 00D0;
00008946 : FF22;
00008947 : FDB1;
00008948 : FD65;
00008949 : FDF9;
0000894A : FF0F;
0000894B : 0052;
0000894C : 00F4;
0000894D : 00A6;
0000894E : 0013;
0000894F : FFAC;
00008950 : FFD2;
00008951 : 003A;
00008952 : 0085;
00008953 : 0000;
00008954 : FEE5;
00008955 : FDC7;
00008956 : FD33;
00008957 : FDD9;
00008958 : FEDE;
00008959 : 000B;
0000895A : 00C4;
0000895B : 0080;
0000895C : FFD8;
0000895D : FF9F;
0000895E : 002D;
0000895F : 0131;
00008960 : 0221;
00008961 : 0292;
00008962 : 023F;
00008963 : 01B3;
00008964 : 00D5;
00008965 : 008F;
00008966 : 0069;
00008967 : 0021;
00008968 : FFB8;
00008969 : FF1B;
0000896A : FEDC;
0000896B : FEB9;
0000896C : FED2;
0000896D : FF7D;
0000896E : 0014;
0000896F : 00A0;
00008970 : 00EB;
00008971 : 0116;
00008972 : 00F9;
00008973 : 0116;
00008974 : 013C;
00008975 : 012F;
00008976 : 0107;
00008977 : 009F;
00008978 : 001C;
00008979 : FF91;
0000897A : FF28;
0000897B : FF05;
0000897C : FF88;
0000897D : 0021;
0000897E : 010D;
0000897F : 01AC;
00008980 : 0190;
00008981 : 00EB;
00008982 : 0021;
00008983 : FF71;
00008984 : FEE1;
00008985 : FE9F;
00008986 : FECB;
00008987 : FED5;
00008988 : FEA2;
00008989 : FE5E;
0000898A : FE0C;
0000898B : FD9B;
0000898C : FD94;
0000898D : FE49;
0000898E : FF44;
0000898F : 00E8;
00008990 : 026B;
00008991 : 0394;
00008992 : 0488;
00008993 : 04A5;
00008994 : 048D;
00008995 : 043F;
00008996 : 03E2;
00008997 : 039B;
00008998 : 031C;
00008999 : 027D;
0000899A : 01D9;
0000899B : 0155;
0000899C : 00E1;
0000899D : 0068;
0000899E : 003B;
0000899F : 0030;
000089A0 : 0020;
000089A1 : 0008;
000089A2 : 0029;
000089A3 : 0077;
000089A4 : 0094;
000089A5 : 003D;
000089A6 : FF47;
000089A7 : FE20;
000089A8 : FD33;
000089A9 : FC95;
000089AA : FC6B;
000089AB : FC81;
000089AC : FCC1;
000089AD : FCAB;
000089AE : FCD6;
000089AF : FCFC;
000089B0 : FD88;
000089B1 : FE49;
000089B2 : FF32;
000089B3 : 005A;
000089B4 : 0159;
000089B5 : 023C;
000089B6 : 0344;
000089B7 : 03EB;
000089B8 : 0491;
000089B9 : 04E0;
000089BA : 04F2;
000089BB : 04BC;
000089BC : 044E;
000089BD : 03DB;
000089BE : 02CF;
000089BF : 019F;
000089C0 : 0064;
000089C1 : FF7E;
000089C2 : FE96;
000089C3 : FDB2;
000089C4 : FCD6;
000089C5 : FBC3;
000089C6 : FA9D;
000089C7 : F9A2;
000089C8 : F9A3;
000089C9 : FA38;
000089CA : FA91;
000089CB : FAF4;
000089CC : FB31;
000089CD : FBA3;
000089CE : FC29;
000089CF : FD6F;
000089D0 : FEBC;
000089D1 : FFFF;
000089D2 : 00DF;
000089D3 : 015D;
000089D4 : 0230;
000089D5 : 0346;
000089D6 : 0465;
000089D7 : 054C;
000089D8 : 0589;
000089D9 : 046D;
000089DA : 0326;
000089DB : 0251;
000089DC : 0135;
000089DD : 00F9;
000089DE : 00D6;
000089DF : 0053;
000089E0 : FF82;
000089E1 : FE64;
000089E2 : FDEB;
000089E3 : FD7E;
000089E4 : FD08;
000089E5 : FCDF;
000089E6 : FCA0;
000089E7 : FC81;
000089E8 : FD1D;
000089E9 : FDEA;
000089EA : FECA;
000089EB : FF7D;
000089EC : FFE6;
000089ED : 0006;
000089EE : 0021;
000089EF : 0052;
000089F0 : 00B4;
000089F1 : 0115;
000089F2 : 0113;
000089F3 : 00FE;
000089F4 : 00FB;
000089F5 : 00B0;
000089F6 : 0126;
000089F7 : 01E1;
000089F8 : 0277;
000089F9 : 0313;
000089FA : 0391;
000089FB : 03C7;
000089FC : 045D;
000089FD : 051E;
000089FE : 060F;
000089FF : 0686;
00008A00 : 0646;
00008A01 : 0543;
00008A02 : 03B0;
00008A03 : 0252;
00008A04 : 00CB;
00008A05 : FF99;
00008A06 : FE8F;
00008A07 : FDDD;
00008A08 : FCFF;
00008A09 : FCC1;
00008A0A : FCA9;
00008A0B : FD08;
00008A0C : FD31;
00008A0D : FD70;
00008A0E : FDCC;
00008A0F : FE3B;
00008A10 : FEC4;
00008A11 : FF5F;
00008A12 : FFC0;
00008A13 : FFF9;
00008A14 : 000F;
00008A15 : 00D5;
00008A16 : 01F2;
00008A17 : 0367;
00008A18 : 049C;
00008A19 : 04E1;
00008A1A : 0451;
00008A1B : 030B;
00008A1C : 019B;
00008A1D : 00AF;
00008A1E : 0018;
00008A1F : FF80;
00008A20 : FEA6;
00008A21 : FD5F;
00008A22 : FC35;
00008A23 : FBA7;
00008A24 : FC1B;
00008A25 : FD45;
00008A26 : FECB;
00008A27 : 0020;
00008A28 : 00F4;
00008A29 : 013F;
00008A2A : 015B;
00008A2B : 0176;
00008A2C : 019B;
00008A2D : 0198;
00008A2E : 012B;
00008A2F : 0053;
00008A30 : FF90;
00008A31 : FED1;
00008A32 : FE1B;
00008A33 : FD7B;
00008A34 : FD5A;
00008A35 : FD30;
00008A36 : FCEE;
00008A37 : FCC6;
00008A38 : FCB4;
00008A39 : FCE1;
00008A3A : FD54;
00008A3B : FE1E;
00008A3C : FF05;
00008A3D : FFD0;
00008A3E : 0086;
00008A3F : 00F5;
00008A40 : 013A;
00008A41 : 019D;
00008A42 : 020C;
00008A43 : 0287;
00008A44 : 02EE;
00008A45 : 034C;
00008A46 : 034A;
00008A47 : 02F1;
00008A48 : 0299;
00008A49 : 0214;
00008A4A : 01A7;
00008A4B : 00CA;
00008A4C : FF9A;
00008A4D : FE1A;
00008A4E : FCDC;
00008A4F : FBFD;
00008A50 : FBDA;
00008A51 : FC89;
00008A52 : FDE7;
00008A53 : FF42;
00008A54 : 0065;
00008A55 : 011A;
00008A56 : 0132;
00008A57 : 0134;
00008A58 : 010B;
00008A59 : 014F;
00008A5A : 01D6;
00008A5B : 029A;
00008A5C : 03B0;
00008A5D : 04A1;
00008A5E : 04BA;
00008A5F : 03EC;
00008A60 : 0288;
00008A61 : 0094;
00008A62 : FECB;
00008A63 : FD6B;
00008A64 : FC96;
00008A65 : FC1F;
00008A66 : FC5F;
00008A67 : FC75;
00008A68 : FCCB;
00008A69 : FD42;
00008A6A : FD9D;
00008A6B : FDC4;
00008A6C : FE07;
00008A6D : FE4B;
00008A6E : FE53;
00008A6F : FEEC;
00008A70 : FF63;
00008A71 : 0031;
00008A72 : 00DD;
00008A73 : 019E;
00008A74 : 026D;
00008A75 : 0310;
00008A76 : 03E1;
00008A77 : 047E;
00008A78 : 04A9;
00008A79 : 043B;
00008A7A : 02E5;
00008A7B : 0068;
00008A7C : FD5E;
00008A7D : FAC0;
00008A7E : F967;
00008A7F : F963;
00008A80 : FAAA;
00008A81 : FC97;
00008A82 : FE60;
00008A83 : FF73;
00008A84 : FFC4;
00008A85 : FFFC;
00008A86 : FFCE;
00008A87 : FF99;
00008A88 : FF18;
00008A89 : FE79;
00008A8A : FE17;
00008A8B : FE23;
00008A8C : FF09;
00008A8D : 013E;
00008A8E : 03BF;
00008A8F : 0623;
00008A90 : 074C;
00008A91 : 0714;
00008A92 : 05D7;
00008A93 : 0442;
00008A94 : 032B;
00008A95 : 0294;
00008A96 : 0231;
00008A97 : 0155;
00008A98 : FF96;
00008A99 : FD88;
00008A9A : FC2D;
00008A9B : FBEB;
00008A9C : FCC2;
00008A9D : FE2B;
00008A9E : FF8A;
00008A9F : 0033;
00008AA0 : 0053;
00008AA1 : 00CF;
00008AA2 : 0214;
00008AA3 : 03E1;
00008AA4 : 059A;
00008AA5 : 066D;
00008AA6 : 0601;
00008AA7 : 04BC;
00008AA8 : 02CF;
00008AA9 : 00FA;
00008AAA : FF83;
00008AAB : FE8D;
00008AAC : FDF3;
00008AAD : FD98;
00008AAE : FD88;
00008AAF : FDA7;
00008AB0 : FE0A;
00008AB1 : FE8F;
00008AB2 : FF36;
00008AB3 : FFF2;
00008AB4 : 00BB;
00008AB5 : 012A;
00008AB6 : 0161;
00008AB7 : 017C;
00008AB8 : 01B5;
00008AB9 : 0219;
00008ABA : 02BF;
00008ABB : 034A;
00008ABC : 0405;
00008ABD : 0434;
00008ABE : 0387;
00008ABF : 024E;
00008AC0 : 00DE;
00008AC1 : FF64;
00008AC2 : FDF9;
00008AC3 : FCF8;
00008AC4 : FBCF;
00008AC5 : FABB;
00008AC6 : F9D5;
00008AC7 : F9AA;
00008AC8 : FA50;
00008AC9 : FBDA;
00008ACA : FD68;
00008ACB : FEC4;
00008ACC : FF54;
00008ACD : FF29;
00008ACE : FEE5;
00008ACF : FF3F;
00008AD0 : 0071;
00008AD1 : 026C;
00008AD2 : 04BD;
00008AD3 : 0691;
00008AD4 : 075F;
00008AD5 : 0725;
00008AD6 : 05CA;
00008AD7 : 0378;
00008AD8 : 010E;
00008AD9 : FEC9;
00008ADA : FCFA;
00008ADB : FBED;
00008ADC : FBC0;
00008ADD : FBEA;
00008ADE : FC45;
00008ADF : FCBB;
00008AE0 : FD1C;
00008AE1 : FD73;
00008AE2 : FD67;
00008AE3 : FD07;
00008AE4 : FCC2;
00008AE5 : FC90;
00008AE6 : FC52;
00008AE7 : FC97;
00008AE8 : FD92;
00008AE9 : FED1;
00008AEA : 003E;
00008AEB : 0140;
00008AEC : 01CE;
00008AED : 022D;
00008AEE : 0241;
00008AEF : 024B;
00008AF0 : 0227;
00008AF1 : 01A1;
00008AF2 : 00E5;
00008AF3 : 004D;
00008AF4 : FFBD;
00008AF5 : FF7E;
00008AF6 : FFD4;
00008AF7 : 0092;
00008AF8 : 0116;
00008AF9 : 0196;
00008AFA : 01A8;
00008AFB : 0127;
00008AFC : 009E;
00008AFD : 0071;
00008AFE : 00D5;
00008AFF : 0192;
00008B00 : 0253;
00008B01 : 02D2;
00008B02 : 026E;
00008B03 : 0153;
00008B04 : FFF3;
00008B05 : FEAE;
00008B06 : FDA7;
00008B07 : FD32;
00008B08 : FCCE;
00008B09 : FCBE;
00008B0A : FCDE;
00008B0B : FD5C;
00008B0C : FE6F;
00008B0D : FFB4;
00008B0E : 0102;
00008B0F : 01DA;
00008B10 : 022D;
00008B11 : 020B;
00008B12 : 01B0;
00008B13 : 0189;
00008B14 : 01C5;
00008B15 : 01C2;
00008B16 : 01DF;
00008B17 : 01B2;
00008B18 : 0184;
00008B19 : 01A4;
00008B1A : 0213;
00008B1B : 0270;
00008B1C : 0282;
00008B1D : 01F8;
00008B1E : 00D4;
00008B1F : FF75;
00008B20 : FEBF;
00008B21 : FEA3;
00008B22 : FF39;
00008B23 : FFCA;
00008B24 : FFC0;
00008B25 : FEFC;
00008B26 : FD17;
00008B27 : FB74;
00008B28 : FA5D;
00008B29 : FA26;
00008B2A : FAB3;
00008B2B : FBF8;
00008B2C : FD3B;
00008B2D : FEBD;
00008B2E : FFF1;
00008B2F : 0100;
00008B30 : 0213;
00008B31 : 0347;
00008B32 : 045F;
00008B33 : 051A;
00008B34 : 053D;
00008B35 : 0507;
00008B36 : 044A;
00008B37 : 035C;
00008B38 : 02C2;
00008B39 : 023F;
00008B3A : 01F4;
00008B3B : 0181;
00008B3C : 009B;
00008B3D : FF8C;
00008B3E : FEA7;
00008B3F : FE0B;
00008B40 : FD77;
00008B41 : FD05;
00008B42 : FC66;
00008B43 : FBE2;
00008B44 : FBD3;
00008B45 : FC60;
00008B46 : FDA3;
00008B47 : FF5E;
00008B48 : 00E8;
00008B49 : 01F5;
00008B4A : 0283;
00008B4B : 02C1;
00008B4C : 0341;
00008B4D : 03E3;
00008B4E : 04C9;
00008B4F : 052E;
00008B50 : 0525;
00008B51 : 04CA;
00008B52 : 03C5;
00008B53 : 0287;
00008B54 : 012B;
00008B55 : FF94;
00008B56 : FE22;
00008B57 : FD39;
00008B58 : FCBA;
00008B59 : FCB9;
00008B5A : FD51;
00008B5B : FE08;
00008B5C : FE99;
00008B5D : FEF7;
00008B5E : FF44;
00008B5F : FF95;
00008B60 : 000A;
00008B61 : 00B7;
00008B62 : 017E;
00008B63 : 0205;
00008B64 : 01FC;
00008B65 : 01C3;
00008B66 : 0121;
00008B67 : 0031;
00008B68 : FF7C;
00008B69 : FEC4;
00008B6A : FE92;
00008B6B : FE3E;
00008B6C : FD83;
00008B6D : FCF4;
00008B6E : FCB4;
00008B6F : FCA0;
00008B70 : FD08;
00008B71 : FD92;
00008B72 : FE0D;
00008B73 : FEFE;
00008B74 : 0041;
00008B75 : 015C;
00008B76 : 024D;
00008B77 : 0275;
00008B78 : 0171;
00008B79 : FFCE;
00008B7A : FDE6;
00008B7B : FD1F;
00008B7C : FCCD;
00008B7D : FD52;
00008B7E : FDDE;
00008B7F : FE07;
00008B80 : FDF7;
00008B81 : FDFD;
00008B82 : FE1C;
00008B83 : FE8E;
00008B84 : FF5B;
00008B85 : 0003;
00008B86 : 005A;
00008B87 : 007B;
00008B88 : 00F2;
00008B89 : 0194;
00008B8A : 0204;
00008B8B : 02A2;
00008B8C : 02C7;
00008B8D : 028E;
00008B8E : 01E2;
00008B8F : 00AA;
00008B90 : FFB9;
00008B91 : FEB8;
00008B92 : FE46;
00008B93 : FE44;
00008B94 : FE7B;
00008B95 : FE73;
00008B96 : FE83;
00008B97 : FE30;
00008B98 : FE29;
00008B99 : FE37;
00008B9A : FE74;
00008B9B : FF95;
00008B9C : 00FE;
00008B9D : 0227;
00008B9E : 02FB;
00008B9F : 038D;
00008BA0 : 040B;
00008BA1 : 0490;
00008BA2 : 04E4;
00008BA3 : 0564;
00008BA4 : 0549;
00008BA5 : 04B5;
00008BA6 : 03B5;
00008BA7 : 028E;
00008BA8 : 01BA;
00008BA9 : 012D;
00008BAA : 00A3;
00008BAB : FFE8;
00008BAC : FF0F;
00008BAD : FE03;
00008BAE : FD4C;
00008BAF : FCED;
00008BB0 : FD49;
00008BB1 : FDE9;
00008BB2 : FE90;
00008BB3 : FEF2;
00008BB4 : FECA;
00008BB5 : FE9D;
00008BB6 : FEA2;
00008BB7 : FF1F;
00008BB8 : FFDC;
00008BB9 : 00AB;
00008BBA : 018B;
00008BBB : 0230;
00008BBC : 026D;
00008BBD : 0235;
00008BBE : 01BD;
00008BBF : 0158;
00008BC0 : 00F0;
00008BC1 : 0071;
00008BC2 : 0006;
00008BC3 : FF53;
00008BC4 : FEB5;
00008BC5 : FE5B;
00008BC6 : FDFE;
00008BC7 : FDBB;
00008BC8 : FDA8;
00008BC9 : FDCE;
00008BCA : FDE1;
00008BCB : FE21;
00008BCC : FEC3;
00008BCD : FF6E;
00008BCE : 0048;
00008BCF : 011B;
00008BD0 : 018C;
00008BD1 : 0163;
00008BD2 : 0108;
00008BD3 : 0074;
00008BD4 : FFE9;
00008BD5 : FF1D;
00008BD6 : FE76;
00008BD7 : FDE3;
00008BD8 : FD23;
00008BD9 : FC64;
00008BDA : FBAF;
00008BDB : FB17;
00008BDC : FB00;
00008BDD : FB44;
00008BDE : FC10;
00008BDF : FD17;
00008BE0 : FE5D;
00008BE1 : FF4F;
00008BE2 : 0078;
00008BE3 : 018B;
00008BE4 : 0283;
00008BE5 : 039A;
00008BE6 : 0487;
00008BE7 : 0573;
00008BE8 : 05DD;
00008BE9 : 0614;
00008BEA : 0622;
00008BEB : 058D;
00008BEC : 048B;
00008BED : 02DF;
00008BEE : 00CF;
00008BEF : FE95;
00008BF0 : FCA6;
00008BF1 : FB40;
00008BF2 : FAB0;
00008BF3 : FA8D;
00008BF4 : FB58;
00008BF5 : FC42;
00008BF6 : FD03;
00008BF7 : FD3B;
00008BF8 : FD29;
00008BF9 : FCF0;
00008BFA : FCE8;
00008BFB : FD0C;
00008BFC : FDA6;
00008BFD : FEF1;
00008BFE : 00A1;
00008BFF : 0252;
00008C00 : 0418;
00008C01 : 0533;
00008C02 : 0532;
00008C03 : 03F6;
00008C04 : 021E;
00008C05 : 0071;
00008C06 : FFAF;
00008C07 : FFF1;
00008C08 : 005B;
00008C09 : 0087;
00008C0A : FF90;
00008C0B : FD96;
00008C0C : FB5A;
00008C0D : F9AC;
00008C0E : F954;
00008C0F : F9F0;
00008C10 : FBBC;
00008C11 : FE0D;
00008C12 : 00A5;
00008C13 : 034A;
00008C14 : 0577;
00008C15 : 06E1;
00008C16 : 06B8;
00008C17 : 055F;
00008C18 : 0395;
00008C19 : 01A5;
00008C1A : 005B;
00008C1B : FFF3;
00008C1C : FFB6;
00008C1D : FF04;
00008C1E : FE47;
00008C1F : FDA5;
00008C20 : FD5A;
00008C21 : FD75;
00008C22 : FD64;
00008C23 : FCF7;
00008C24 : FC7B;
00008C25 : FC3D;
00008C26 : FCE8;
00008C27 : FEB6;
00008C28 : 0111;
00008C29 : 02B6;
00008C2A : 0328;
00008C2B : 0251;
00008C2C : 016E;
00008C2D : 016D;
00008C2E : 02B4;
00008C2F : 04B0;
00008C30 : 0647;
00008C31 : 06D8;
00008C32 : 05ED;
00008C33 : 044E;
00008C34 : 023A;
00008C35 : 0074;
00008C36 : FF86;
00008C37 : FEBA;
00008C38 : FDB4;
00008C39 : FCA6;
00008C3A : FC2D;
00008C3B : FBF1;
00008C3C : FC55;
00008C3D : FD54;
00008C3E : FE5B;
00008C3F : FF78;
00008C40 : 010A;
00008C41 : 032C;
00008C42 : 04E8;
00008C43 : 0635;
00008C44 : 0725;
00008C45 : 073B;
00008C46 : 06B7;
00008C47 : 05BF;
00008C48 : 0494;
00008C49 : 0356;
00008C4A : 01ED;
00008C4B : 006F;
00008C4C : FF05;
00008C4D : FE43;
00008C4E : FE07;
00008C4F : FDA4;
00008C50 : FD14;
00008C51 : FC4D;
00008C52 : FB40;
00008C53 : FA78;
00008C54 : FA5C;
00008C55 : FAD4;
00008C56 : FBF6;
00008C57 : FCFA;
00008C58 : FD96;
00008C59 : FDFF;
00008C5A : FE7D;
00008C5B : FF66;
00008C5C : 00B8;
00008C5D : 0287;
00008C5E : 0439;
00008C5F : 057F;
00008C60 : 05B5;
00008C61 : 0501;
00008C62 : 0397;
00008C63 : 017F;
00008C64 : FF72;
00008C65 : FD73;
00008C66 : FBCC;
00008C67 : FAB0;
00008C68 : F9DC;
00008C69 : F978;
00008C6A : F977;
00008C6B : FA05;
00008C6C : FB58;
00008C6D : FD0C;
00008C6E : FEC2;
00008C6F : 0023;
00008C70 : 00B0;
00008C71 : 007D;
00008C72 : FFF5;
00008C73 : FFC6;
00008C74 : 0049;
00008C75 : 0186;
00008C76 : 0327;
00008C77 : 04A5;
00008C78 : 054B;
00008C79 : 04F5;
00008C7A : 0392;
00008C7B : 01C1;
00008C7C : FFDA;
00008C7D : FE3D;
00008C7E : FD24;
00008C7F : FC6E;
00008C80 : FBD2;
00008C81 : FBB3;
00008C82 : FBA3;
00008C83 : FC17;
00008C84 : FCB2;
00008C85 : FD01;
00008C86 : FD5B;
00008C87 : FD95;
00008C88 : FDA0;
00008C89 : FE11;
00008C8A : FECA;
00008C8B : FFF3;
00008C8C : 01BB;
00008C8D : 03B6;
00008C8E : 056F;
00008C8F : 0680;
00008C90 : 06D0;
00008C91 : 06C3;
00008C92 : 0670;
00008C93 : 0635;
00008C94 : 05B8;
00008C95 : 048C;
00008C96 : 0287;
00008C97 : FFEB;
00008C98 : FD8F;
00008C99 : FC76;
00008C9A : FCD9;
00008C9B : FE58;
00008C9C : FFAA;
00008C9D : FFC6;
00008C9E : FE68;
00008C9F : FC5C;
00008CA0 : FA83;
00008CA1 : F9D5;
00008CA2 : FA76;
00008CA3 : FC39;
00008CA4 : FE49;
00008CA5 : 004A;
00008CA6 : 01B9;
00008CA7 : 0319;
00008CA8 : 03DF;
00008CA9 : 0397;
00008CAA : 02B6;
00008CAB : 015B;
00008CAC : FFEA;
00008CAD : FEE6;
00008CAE : FE4B;
00008CAF : FE57;
00008CB0 : FEDC;
00008CB1 : FF8E;
00008CB2 : 0043;
00008CB3 : 008B;
00008CB4 : 009B;
00008CB5 : 0029;
00008CB6 : FFD3;
00008CB7 : FF69;
00008CB8 : FF32;
00008CB9 : FF87;
00008CBA : 005B;
00008CBB : 0171;
00008CBC : 029E;
00008CBD : 03D3;
00008CBE : 04AF;
00008CBF : 04A6;
00008CC0 : 03F5;
00008CC1 : 023F;
00008CC2 : 003F;
00008CC3 : FE52;
00008CC4 : FC99;
00008CC5 : FBAC;
00008CC6 : FB84;
00008CC7 : FBE6;
00008CC8 : FCA5;
00008CC9 : FD7B;
00008CCA : FDF4;
00008CCB : FDA4;
00008CCC : FCDA;
00008CCD : FBEB;
00008CCE : FBB2;
00008CCF : FC41;
00008CD0 : FDDD;
00008CD1 : 006B;
00008CD2 : 02BD;
00008CD3 : 04C5;
00008CD4 : 063D;
00008CD5 : 06E5;
00008CD6 : 0726;
00008CD7 : 06BD;
00008CD8 : 05B5;
00008CD9 : 0467;
00008CDA : 02B1;
00008CDB : 011A;
00008CDC : 0039;
00008CDD : 0011;
00008CDE : 0049;
00008CDF : 0071;
00008CE0 : 0075;
00008CE1 : FFD4;
00008CE2 : FF43;
00008CE3 : FE5B;
00008CE4 : FD7D;
00008CE5 : FCB9;
00008CE6 : FBDA;
00008CE7 : FBBD;
00008CE8 : FC7F;
00008CE9 : FDE4;
00008CEA : FF80;
00008CEB : 0143;
00008CEC : 0264;
00008CED : 029D;
00008CEE : 0228;
00008CEF : 014B;
00008CF0 : 0036;
00008CF1 : FFA4;
00008CF2 : FFA0;
00008CF3 : FFD0;
00008CF4 : 0047;
00008CF5 : 0078;
00008CF6 : 001B;
00008CF7 : FFD9;
00008CF8 : FF75;
00008CF9 : FF3D;
00008CFA : FF11;
00008CFB : FED0;
00008CFC : FE76;
00008CFD : FE37;
00008CFE : FE58;
00008CFF : FEC6;
00008D00 : FF56;
00008D01 : FF89;
00008D02 : FFDD;
00008D03 : FFF9;
00008D04 : 0073;
00008D05 : 00FB;
00008D06 : 0156;
00008D07 : 0106;
00008D08 : 0036;
00008D09 : FF54;
00008D0A : FE9B;
00008D0B : FE93;
00008D0C : FE97;
00008D0D : FEE1;
00008D0E : FEB3;
00008D0F : FE6C;
00008D10 : FE98;
00008D11 : FF64;
00008D12 : 0047;
00008D13 : 0137;
00008D14 : 01B3;
00008D15 : 01D8;
00008D16 : 0214;
00008D17 : 02BD;
00008D18 : 0386;
00008D19 : 03E9;
00008D1A : 033F;
00008D1B : 015C;
00008D1C : FEC0;
00008D1D : FC96;
00008D1E : FBB8;
00008D1F : FC2C;
00008D20 : FD8C;
00008D21 : FEFD;
00008D22 : 0009;
00008D23 : 015A;
00008D24 : 02DD;
00008D25 : 046D;
00008D26 : 05FC;
00008D27 : 06A7;
00008D28 : 0630;
00008D29 : 04DA;
00008D2A : 0311;
00008D2B : 01ED;
00008D2C : 01BA;
00008D2D : 01A8;
00008D2E : 0163;
00008D2F : 00C2;
00008D30 : FF99;
00008D31 : FE87;
00008D32 : FDE4;
00008D33 : FDE8;
00008D34 : FE5F;
00008D35 : FE93;
00008D36 : FE94;
00008D37 : FE64;
00008D38 : FE57;
00008D39 : FF46;
00008D3A : 009D;
00008D3B : 0224;
00008D3C : 033D;
00008D3D : 0397;
00008D3E : 02F2;
00008D3F : 0208;
00008D40 : 00B5;
00008D41 : FF92;
00008D42 : FED7;
00008D43 : FE4A;
00008D44 : FE12;
00008D45 : FE08;
00008D46 : FDFA;
00008D47 : FDB4;
00008D48 : FD40;
00008D49 : FC74;
00008D4A : FBA0;
00008D4B : FAF8;
00008D4C : FAE1;
00008D4D : FB4C;
00008D4E : FC93;
00008D4F : FE78;
00008D50 : 0029;
00008D51 : 01D5;
00008D52 : 0355;
00008D53 : 045B;
00008D54 : 0509;
00008D55 : 0531;
00008D56 : 045B;
00008D57 : 02F0;
00008D58 : 011E;
00008D59 : FF4F;
00008D5A : FE0F;
00008D5B : FD3A;
00008D5C : FCBF;
00008D5D : FC83;
00008D5E : FC0B;
00008D5F : FBB4;
00008D60 : FBB7;
00008D61 : FC43;
00008D62 : FCD4;
00008D63 : FD81;
00008D64 : FDC5;
00008D65 : FDD2;
00008D66 : FDA9;
00008D67 : FDE5;
00008D68 : FF1C;
00008D69 : 008B;
00008D6A : 01D0;
00008D6B : 0226;
00008D6C : 0180;
00008D6D : 00C7;
00008D6E : 002D;
00008D6F : 008A;
00008D70 : 01FB;
00008D71 : 03A2;
00008D72 : 04A3;
00008D73 : 0481;
00008D74 : 0337;
00008D75 : 01C3;
00008D76 : 00B5;
00008D77 : 0062;
00008D78 : 0080;
00008D79 : 008C;
00008D7A : 0065;
00008D7B : FFB1;
00008D7C : FF23;
00008D7D : FED9;
00008D7E : FF07;
00008D7F : FF5F;
00008D80 : 0018;
00008D81 : 00BA;
00008D82 : 014A;
00008D83 : 01A1;
00008D84 : 01CD;
00008D85 : 01E2;
00008D86 : 01D9;
00008D87 : 01AB;
00008D88 : 0147;
00008D89 : 0115;
00008D8A : 00FE;
00008D8B : 0130;
00008D8C : 0197;
00008D8D : 0214;
00008D8E : 0260;
00008D8F : 0221;
00008D90 : 0198;
00008D91 : 0125;
00008D92 : 006A;
00008D93 : FFB7;
00008D94 : FF0D;
00008D95 : FE8E;
00008D96 : FE65;
00008D97 : FEAF;
00008D98 : FF4C;
00008D99 : 004E;
00008D9A : 0133;
00008D9B : 0167;
00008D9C : 0139;
00008D9D : 011B;
00008D9E : 0131;
00008D9F : 016A;
00008DA0 : 01B0;
00008DA1 : 019B;
00008DA2 : 00EF;
00008DA3 : FFC7;
00008DA4 : FE77;
00008DA5 : FD5F;
00008DA6 : FCFC;
00008DA7 : FD67;
00008DA8 : FE0B;
00008DA9 : FE9B;
00008DAA : FECE;
00008DAB : FF21;
00008DAC : FF0E;
00008DAD : FF73;
00008DAE : 0065;
00008DAF : 0160;
00008DB0 : 0269;
00008DB1 : 02E3;
00008DB2 : 0272;
00008DB3 : 0172;
00008DB4 : 0041;
00008DB5 : FEE4;
00008DB6 : FDCF;
00008DB7 : FDAF;
00008DB8 : FDB8;
00008DB9 : FD7D;
00008DBA : FD0A;
00008DBB : FC4F;
00008DBC : FBD7;
00008DBD : FBA9;
00008DBE : FC4C;
00008DBF : FD9C;
00008DC0 : FECA;
00008DC1 : 001D;
00008DC2 : 0100;
00008DC3 : 01E2;
00008DC4 : 02B6;
00008DC5 : 0389;
00008DC6 : 044D;
00008DC7 : 0459;
00008DC8 : 03EB;
00008DC9 : 032E;
00008DCA : 0287;
00008DCB : 01C2;
00008DCC : 0106;
00008DCD : 00AE;
00008DCE : 0030;
00008DCF : FF98;
00008DD0 : FEB8;
00008DD1 : FDF8;
00008DD2 : FD89;
00008DD3 : FDC6;
00008DD4 : FE68;
00008DD5 : FF65;
00008DD6 : 0031;
00008DD7 : 00BC;
00008DD8 : 00FC;
00008DD9 : 0135;
00008DDA : 015D;
00008DDB : 0178;
00008DDC : 0198;
00008DDD : 017A;
00008DDE : 0142;
00008DDF : 00D1;
00008DE0 : 0031;
00008DE1 : FF6A;
00008DE2 : FE92;
00008DE3 : FDAD;
00008DE4 : FD17;
00008DE5 : FD67;
00008DE6 : FE09;
00008DE7 : FEFE;
00008DE8 : FF8B;
00008DE9 : FFF5;
00008DEA : 0013;
00008DEB : FFEE;
00008DEC : FFFC;
00008DED : 0036;
00008DEE : 002D;
00008DEF : FFD9;
00008DF0 : FF9C;
00008DF1 : FF90;
00008DF2 : FFE5;
00008DF3 : 00CB;
00008DF4 : 0178;
00008DF5 : 0172;
00008DF6 : 00FA;
00008DF7 : FFF9;
00008DF8 : FF16;
00008DF9 : FE8D;
00008DFA : FE61;
00008DFB : FE9D;
00008DFC : FE96;
00008DFD : FE90;
00008DFE : FE61;
00008DFF : FE48;
00008E00 : FE8C;
00008E01 : FE97;
00008E02 : FE42;
00008E03 : FD94;
00008E04 : FCA3;
00008E05 : FC1B;
00008E06 : FC9A;
00008E07 : FE41;
00008E08 : 008E;
00008E09 : 02AB;
00008E0A : 03F0;
00008E0B : 0408;
00008E0C : 0339;
00008E0D : 021B;
00008E0E : 017F;
00008E0F : 0192;
00008E10 : 01FE;
00008E11 : 01F4;
00008E12 : 0180;
00008E13 : 008F;
00008E14 : FFF0;
00008E15 : FFCB;
00008E16 : 005F;
00008E17 : 0148;
00008E18 : 0209;
00008E19 : 021F;
00008E1A : 01CF;
00008E1B : 01A4;
00008E1C : 01EB;
00008E1D : 02B1;
00008E1E : 0336;
00008E1F : 02D6;
00008E20 : 0183;
00008E21 : FF7B;
00008E22 : FDB8;
00008E23 : FCC8;
00008E24 : FD3B;
00008E25 : FE7D;
00008E26 : FFFA;
00008E27 : 0115;
00008E28 : 01D7;
00008E29 : 02B5;
00008E2A : 03B0;
00008E2B : 04F3;
00008E2C : 05D7;
00008E2D : 0630;
00008E2E : 05E1;
00008E2F : 04DE;
00008E30 : 038D;
00008E31 : 01DD;
00008E32 : 0026;
00008E33 : FEDA;
00008E34 : FDCF;
00008E35 : FD5C;
00008E36 : FD64;
00008E37 : FD80;
00008E38 : FD1C;
00008E39 : FC64;
00008E3A : FBE1;
00008E3B : FBB1;
00008E3C : FC59;
00008E3D : FDB7;
00008E3E : FF6B;
00008E3F : 00DF;
00008E40 : 01F0;
00008E41 : 022A;
00008E42 : 0242;
00008E43 : 0263;
00008E44 : 029C;
00008E45 : 02C6;
00008E46 : 027F;
00008E47 : 01E0;
00008E48 : 0137;
00008E49 : 008F;
00008E4A : FFE5;
00008E4B : FFB0;
00008E4C : FF14;
00008E4D : FDE1;
00008E4E : FC3D;
00008E4F : FA79;
00008E50 : F9AA;
00008E51 : F9EB;
00008E52 : FB16;
00008E53 : FCCA;
00008E54 : FE5C;
00008E55 : FF78;
00008E56 : 0033;
00008E57 : 011C;
00008E58 : 0247;
00008E59 : 0388;
00008E5A : 0473;
00008E5B : 0488;
00008E5C : 03A6;
00008E5D : 021A;
00008E5E : 0024;
00008E5F : FE3C;
00008E60 : FC9C;
00008E61 : FB5C;
00008E62 : FA54;
00008E63 : F9F8;
00008E64 : FA0F;
00008E65 : FA8A;
00008E66 : FB3B;
00008E67 : FBF2;
00008E68 : FC6C;
00008E69 : FD1F;
00008E6A : FDFB;
00008E6B : FF16;
00008E6C : 001E;
00008E6D : 0115;
00008E6E : 0249;
00008E6F : 0354;
00008E70 : 044D;
00008E71 : 04EF;
00008E72 : 04F3;
00008E73 : 03FC;
00008E74 : 029D;
00008E75 : 011E;
00008E76 : FFD7;
00008E77 : FF58;
00008E78 : FEE6;
00008E79 : FE5C;
00008E7A : FD8B;
00008E7B : FC44;
00008E7C : FB8A;
00008E7D : FB74;
00008E7E : FC2D;
00008E7F : FD33;
00008E80 : FE83;
00008E81 : FFB4;
00008E82 : 0106;
00008E83 : 01F9;
00008E84 : 02BC;
00008E85 : 033C;
00008E86 : 03A5;
00008E87 : 0446;
00008E88 : 0527;
00008E89 : 0656;
00008E8A : 074A;
00008E8B : 076C;
00008E8C : 0697;
00008E8D : 04E3;
00008E8E : 0309;
00008E8F : 0116;
00008E90 : FF36;
00008E91 : FD5A;
00008E92 : FB78;
00008E93 : F955;
00008E94 : F7C0;
00008E95 : F758;
00008E96 : F81A;
00008E97 : F9EA;
00008E98 : FC00;
00008E99 : FDBF;
00008E9A : FEF5;
00008E9B : FFC1;
00008E9C : 009B;
00008E9D : 023B;
00008E9E : 0457;
00008E9F : 0677;
00008EA0 : 07D9;
00008EA1 : 0830;
00008EA2 : 075F;
00008EA3 : 05B5;
00008EA4 : 03C0;
00008EA5 : 0202;
00008EA6 : 008B;
00008EA7 : FFAC;
00008EA8 : FEFA;
00008EA9 : FE8E;
00008EAA : FEAE;
00008EAB : FF31;
00008EAC : FFFE;
00008EAD : 00B5;
00008EAE : 00FF;
00008EAF : 00A1;
00008EB0 : FF92;
00008EB1 : FE06;
00008EB2 : FCAE;
00008EB3 : FBC3;
00008EB4 : FB6C;
00008EB5 : FBA7;
00008EB6 : FC19;
00008EB7 : FC96;
00008EB8 : FCE4;
00008EB9 : FCE3;
00008EBA : FD0D;
00008EBB : FD0F;
00008EBC : FD54;
00008EBD : FDE2;
00008EBE : FE7E;
00008EBF : FFCB;
00008EC0 : 00F0;
00008EC1 : 020F;
00008EC2 : 0333;
00008EC3 : 0406;
00008EC4 : 0480;
00008EC5 : 04D7;
00008EC6 : 0508;
00008EC7 : 04B4;
00008EC8 : 0463;
00008EC9 : 03FB;
00008ECA : 039F;
00008ECB : 0328;
00008ECC : 02B0;
00008ECD : 01FB;
00008ECE : 010B;
00008ECF : FFE6;
00008ED0 : FE7E;
00008ED1 : FD12;
00008ED2 : FBC6;
00008ED3 : FAFA;
00008ED4 : FA9D;
00008ED5 : FAB7;
00008ED6 : FB8B;
00008ED7 : FC3F;
00008ED8 : FDE5;
00008ED9 : FF80;
00008EDA : 00D6;
00008EDB : 01C6;
00008EDC : 0223;
00008EDD : 0228;
00008EDE : 01D7;
00008EDF : 0174;
00008EE0 : 010B;
00008EE1 : 00B5;
00008EE2 : 010E;
00008EE3 : 015E;
00008EE4 : 01A8;
00008EE5 : 01AA;
00008EE6 : 0147;
00008EE7 : 0098;
00008EE8 : FF9D;
00008EE9 : FE91;
00008EEA : FDD9;
00008EEB : FD9E;
00008EEC : FDC1;
00008EED : FE12;
00008EEE : FEB1;
00008EEF : FF71;
00008EF0 : 004E;
00008EF1 : 00B5;
00008EF2 : 00B1;
00008EF3 : 0023;
00008EF4 : FF1F;
00008EF5 : FE0F;
00008EF6 : FD3D;
00008EF7 : FD32;
00008EF8 : FD76;
00008EF9 : FE37;
00008EFA : FF2D;
00008EFB : FFD1;
00008EFC : 002E;
00008EFD : 0069;
00008EFE : FFF8;
00008EFF : FF00;
00008F00 : FE2A;
00008F01 : FD86;
00008F02 : FDBC;
00008F03 : FF0A;
00008F04 : 00E2;
00008F05 : 024D;
00008F06 : 02DE;
00008F07 : 02AE;
00008F08 : 0211;
00008F09 : 0182;
00008F0A : 016B;
00008F0B : 0145;
00008F0C : 008B;
00008F0D : FEFE;
00008F0E : FCD7;
00008F0F : FB70;
00008F10 : FB3A;
00008F11 : FC71;
00008F12 : FE94;
00008F13 : 009C;
00008F14 : 01A0;
00008F15 : 01E2;
00008F16 : 0210;
00008F17 : 02CB;
00008F18 : 03EE;
00008F19 : 04C0;
00008F1A : 045D;
00008F1B : 02C7;
00008F1C : 008E;
00008F1D : FEA3;
00008F1E : FE43;
00008F1F : FF2F;
00008F20 : 0092;
00008F21 : 0153;
00008F22 : 0162;
00008F23 : 0124;
00008F24 : 0123;
00008F25 : 023A;
00008F26 : 03B5;
00008F27 : 0513;
00008F28 : 05D2;
00008F29 : 05B3;
00008F2A : 04BB;
00008F2B : 0393;
00008F2C : 0275;
00008F2D : 015D;
00008F2E : FFFF;
00008F2F : FE46;
00008F30 : FC86;
00008F31 : FB44;
00008F32 : FA90;
00008F33 : FA62;
00008F34 : FAB1;
00008F35 : FB6C;
00008F36 : FC4D;
00008F37 : FD1A;
00008F38 : FE05;
00008F39 : FEF2;
00008F3A : FFD3;
00008F3B : 008F;
00008F3C : 0149;
00008F3D : 0202;
00008F3E : 0300;
00008F3F : 0421;
00008F40 : 04FD;
00008F41 : 05AF;
00008F42 : 0587;
00008F43 : 049C;
00008F44 : 0339;
00008F45 : 0180;
00008F46 : 002A;
00008F47 : FF19;
00008F48 : FDA4;
00008F49 : FC20;
00008F4A : FABF;
00008F4B : F9F0;
00008F4C : F9B3;
00008F4D : F9D8;
00008F4E : FAA1;
00008F4F : FB4C;
00008F50 : FBBC;
00008F51 : FC5A;
00008F52 : FD97;
00008F53 : FFA4;
00008F54 : 01F6;
00008F55 : 03B9;
00008F56 : 04A4;
00008F57 : 042B;
00008F58 : 02E8;
00008F59 : 01AC;
00008F5A : 00D8;
00008F5B : FFCE;
00008F5C : FEF7;
00008F5D : FE2F;
00008F5E : FDAF;
00008F5F : FD4C;
00008F60 : FDC2;
00008F61 : FE56;
00008F62 : FF3A;
00008F63 : 0000;
00008F64 : 0055;
00008F65 : 0074;
00008F66 : 0078;
00008F67 : 007F;
00008F68 : 0065;
00008F69 : 0076;
00008F6A : 00CC;
00008F6B : 012A;
00008F6C : 0198;
00008F6D : 0270;
00008F6E : 031F;
00008F6F : 034A;
00008F70 : 036C;
00008F71 : 033D;
00008F72 : 02A2;
00008F73 : 0189;
00008F74 : 0070;
00008F75 : FF51;
00008F76 : FE2E;
00008F77 : FD82;
00008F78 : FD10;
00008F79 : FD0B;
00008F7A : FD69;
00008F7B : FDF8;
00008F7C : FF33;
00008F7D : 0091;
00008F7E : 024C;
00008F7F : 03B8;
00008F80 : 04BE;
00008F81 : 054D;
00008F82 : 056F;
00008F83 : 051C;
00008F84 : 0492;
00008F85 : 0408;
00008F86 : 0319;
00008F87 : 019F;
00008F88 : 0036;
00008F89 : FF37;
00008F8A : FE7B;
00008F8B : FE56;
00008F8C : FEC7;
00008F8D : FEBA;
00008F8E : FEB7;
00008F8F : FED8;
00008F90 : FF2C;
00008F91 : FFAD;
00008F92 : 0068;
00008F93 : 0140;
00008F94 : 0161;
00008F95 : 0136;
00008F96 : 00CB;
00008F97 : 007D;
00008F98 : 00A2;
00008F99 : 012A;
00008F9A : 01D1;
00008F9B : 01E8;
00008F9C : 0134;
00008F9D : 0034;
00008F9E : FF95;
00008F9F : FF52;
00008FA0 : FF87;
00008FA1 : FFD3;
00008FA2 : FFC9;
00008FA3 : FF60;
00008FA4 : FEDA;
00008FA5 : FEB5;
00008FA6 : FF33;
00008FA7 : 003E;
00008FA8 : 0112;
00008FA9 : 0122;
00008FAA : 006B;
00008FAB : FF7F;
00008FAC : FEC8;
00008FAD : FE8A;
00008FAE : FE9D;
00008FAF : FE96;
00008FB0 : FE96;
00008FB1 : FE68;
00008FB2 : FE70;
00008FB3 : FEF6;
00008FB4 : FFB6;
00008FB5 : 004B;
00008FB6 : 00B3;
00008FB7 : 0121;
00008FB8 : 01C0;
00008FB9 : 023B;
00008FBA : 0290;
00008FBB : 02F3;
00008FBC : 02DF;
00008FBD : 0282;
00008FBE : 0209;
00008FBF : 0186;
00008FC0 : 00D3;
00008FC1 : 0023;
00008FC2 : FF38;
00008FC3 : FE7A;
00008FC4 : FDC0;
00008FC5 : FD78;
00008FC6 : FDB7;
00008FC7 : FE55;
00008FC8 : FF2D;
00008FC9 : FFD0;
00008FCA : 0077;
00008FCB : 0111;
00008FCC : 0156;
00008FCD : 019C;
00008FCE : 018F;
00008FCF : 0194;
00008FD0 : 018C;
00008FD1 : 0198;
00008FD2 : 01EB;
00008FD3 : 01D0;
00008FD4 : 01C6;
00008FD5 : 018B;
00008FD6 : 00FD;
00008FD7 : 0040;
00008FD8 : FFAD;
00008FD9 : FF35;
00008FDA : FEFB;
00008FDB : FF18;
00008FDC : FF94;
00008FDD : 0025;
00008FDE : 0092;
00008FDF : 00F3;
00008FE0 : 0155;
00008FE1 : 0151;
00008FE2 : 0106;
00008FE3 : 0050;
00008FE4 : FF64;
00008FE5 : FEA9;
00008FE6 : FE39;
00008FE7 : FE1A;
00008FE8 : FEA6;
00008FE9 : FF82;
00008FEA : 0041;
00008FEB : 007D;
00008FEC : 0081;
00008FED : 0010;
00008FEE : FF9D;
00008FEF : FF5C;
00008FF0 : FF40;
00008FF1 : FF72;
00008FF2 : FF9A;
00008FF3 : FFAD;
00008FF4 : FFA3;
00008FF5 : FFCB;
00008FF6 : 001E;
00008FF7 : 0045;
00008FF8 : 003D;
00008FF9 : 0038;
00008FFA : 0002;
00008FFB : FFCF;
00008FFC : FFC2;
00008FFD : FFEE;
00008FFE : 004B;
00008FFF : 0080;
00009000 : 0046;
00009001 : FFAA;
00009002 : FEBC;
00009003 : FDE5;
00009004 : FD85;
00009005 : FD49;
00009006 : FDA9;
00009007 : FE2E;
00009008 : FEF9;
00009009 : FFC0;
0000900A : 0036;
0000900B : 00AA;
0000900C : 0169;
0000900D : 01D4;
0000900E : 0246;
0000900F : 0311;
00009010 : 0380;
00009011 : 0404;
00009012 : 03D3;
00009013 : 033B;
00009014 : 0272;
00009015 : 01CA;
00009016 : 0132;
00009017 : 00B9;
00009018 : 0017;
00009019 : FF82;
0000901A : FEF9;
0000901B : FE87;
0000901C : FE5C;
0000901D : FE9B;
0000901E : FEB8;
0000901F : FEDB;
00009020 : FEBC;
00009021 : FE78;
00009022 : FE74;
00009023 : FEF5;
00009024 : FFE4;
00009025 : 0115;
00009026 : 024F;
00009027 : 0298;
00009028 : 0268;
00009029 : 0206;
0000902A : 01C0;
0000902B : 0207;
0000902C : 02FA;
0000902D : 03F6;
0000902E : 044E;
0000902F : 03E7;
00009030 : 02A2;
00009031 : 012D;
00009032 : 0002;
00009033 : FF88;
00009034 : FF96;
00009035 : FFC7;
00009036 : FFE7;
00009037 : FFF9;
00009038 : 0012;
00009039 : 0056;
0000903A : 002C;
0000903B : FFDF;
0000903C : FF2A;
0000903D : FE3A;
0000903E : FDA7;
0000903F : FD7E;
00009040 : FE61;
00009041 : FF9D;
00009042 : 008C;
00009043 : 016C;
00009044 : 01BB;
00009045 : 0175;
00009046 : 00A2;
00009047 : FFC0;
00009048 : FF0D;
00009049 : FE94;
0000904A : FEA1;
0000904B : FEBE;
0000904C : FF21;
0000904D : FF52;
0000904E : FEF5;
0000904F : FE6E;
00009050 : FDFE;
00009051 : FE0E;
00009052 : FE98;
00009053 : FF54;
00009054 : FFF1;
00009055 : 0068;
00009056 : 00A7;
00009057 : 0114;
00009058 : 0191;
00009059 : 0221;
0000905A : 024F;
0000905B : 01E3;
0000905C : 018E;
0000905D : 0157;
0000905E : 0132;
0000905F : 00DD;
00009060 : 0077;
00009061 : FF68;
00009062 : FDC9;
00009063 : FC60;
00009064 : FB26;
00009065 : FA2D;
00009066 : F9D8;
00009067 : F9EF;
00009068 : FA61;
00009069 : FB4D;
0000906A : FC80;
0000906B : FDA2;
0000906C : FE62;
0000906D : FEFF;
0000906E : FF45;
0000906F : FF92;
00009070 : 0045;
00009071 : 012A;
00009072 : 028D;
00009073 : 0385;
00009074 : 0400;
00009075 : 042C;
00009076 : 03F3;
00009077 : 03F6;
00009078 : 03F0;
00009079 : 0394;
0000907A : 035C;
0000907B : 02B6;
0000907C : 01CF;
0000907D : 00CD;
0000907E : 000D;
0000907F : FF4D;
00009080 : FEA1;
00009081 : FE50;
00009082 : FE19;
00009083 : FE18;
00009084 : FDBA;
00009085 : FD88;
00009086 : FD75;
00009087 : FDAE;
00009088 : FE41;
00009089 : FEB4;
0000908A : FEE3;
0000908B : FE65;
0000908C : FE0D;
0000908D : FDD8;
0000908E : FE23;
0000908F : FEB9;
00009090 : FFAC;
00009091 : 008E;
00009092 : 010B;
00009093 : 0137;
00009094 : 0194;
00009095 : 0224;
00009096 : 02A0;
00009097 : 030D;
00009098 : 03AC;
00009099 : 03EB;
0000909A : 03A9;
0000909B : 034C;
0000909C : 0302;
0000909D : 027F;
0000909E : 020F;
0000909F : 014E;
000090A0 : 0082;
000090A1 : FF61;
000090A2 : FE1E;
000090A3 : FD43;
000090A4 : FCEB;
000090A5 : FCDC;
000090A6 : FD12;
000090A7 : FD4D;
000090A8 : FD6A;
000090A9 : FD5A;
000090AA : FD46;
000090AB : FD91;
000090AC : FE49;
000090AD : FF0C;
000090AE : FFD1;
000090AF : 00A4;
000090B0 : 0124;
000090B1 : 01B1;
000090B2 : 024E;
000090B3 : 029A;
000090B4 : 02B9;
000090B5 : 029E;
000090B6 : 0276;
000090B7 : 0226;
000090B8 : 01AA;
000090B9 : 0148;
000090BA : 010E;
000090BB : 00BF;
000090BC : 00A1;
000090BD : 004C;
000090BE : 0027;
000090BF : 000C;
000090C0 : FFD0;
000090C1 : FF71;
000090C2 : FF0E;
000090C3 : FED0;
000090C4 : FE86;
000090C5 : FE9A;
000090C6 : FF12;
000090C7 : FF70;
000090C8 : 0002;
000090C9 : 0048;
000090CA : 0067;
000090CB : 0050;
000090CC : 000F;
000090CD : FF9A;
000090CE : FF09;
000090CF : FEB0;
000090D0 : FE94;
000090D1 : FF21;
000090D2 : FFED;
000090D3 : 0077;
000090D4 : 0102;
000090D5 : 010C;
000090D6 : 00CF;
000090D7 : 006B;
000090D8 : 0009;
000090D9 : FF6C;
000090DA : FF12;
000090DB : FEDA;
000090DC : FEB0;
000090DD : FED3;
000090DE : FF61;
000090DF : 0026;
000090E0 : 00CA;
000090E1 : 00F0;
000090E2 : 0084;
000090E3 : FF9D;
000090E4 : FEDF;
000090E5 : FE66;
000090E6 : FE3B;
000090E7 : FE9C;
000090E8 : FED7;
000090E9 : FE42;
000090EA : FD20;
000090EB : FC6E;
000090EC : FC64;
000090ED : FD2C;
000090EE : FE68;
000090EF : FF95;
000090F0 : 007C;
000090F1 : 012C;
000090F2 : 01B1;
000090F3 : 025D;
000090F4 : 0368;
000090F5 : 0430;
000090F6 : 03D9;
000090F7 : 025E;
000090F8 : 0084;
000090F9 : FED5;
000090FA : FDC2;
000090FB : FDCC;
000090FC : FE65;
000090FD : FF29;
000090FE : FF9B;
000090FF : FFA1;
00009100 : FF8F;
00009101 : FFF7;
00009102 : 0075;
00009103 : 0104;
00009104 : 0164;
00009105 : 0121;
00009106 : 0067;
00009107 : FFAE;
00009108 : FF33;
00009109 : FF24;
0000910A : FF50;
0000910B : FF47;
0000910C : FF48;
0000910D : FF23;
0000910E : FF39;
0000910F : FF7B;
00009110 : FFC7;
00009111 : 002F;
00009112 : 00B9;
00009113 : 016F;
00009114 : 01DB;
00009115 : 0255;
00009116 : 0289;
00009117 : 025F;
00009118 : 0246;
00009119 : 023C;
0000911A : 0220;
0000911B : 020B;
0000911C : 01EF;
0000911D : 015A;
0000911E : 00B8;
0000911F : FFF2;
00009120 : FF2E;
00009121 : FEF8;
00009122 : FEB7;
00009123 : FE8C;
00009124 : FE72;
00009125 : FE3F;
00009126 : FE07;
00009127 : FDE7;
00009128 : FE03;
00009129 : FE4D;
0000912A : FEB2;
0000912B : FEE1;
0000912C : FF5D;
0000912D : FFEF;
0000912E : 0069;
0000912F : 00FA;
00009130 : 0172;
00009131 : 020A;
00009132 : 024D;
00009133 : 0236;
00009134 : 01DE;
00009135 : 014D;
00009136 : 00D3;
00009137 : 0068;
00009138 : 0033;
00009139 : FFED;
0000913A : FFBD;
0000913B : FF6A;
0000913C : FF0F;
0000913D : FF05;
0000913E : FEF5;
0000913F : FF11;
00009140 : FEE9;
00009141 : FECD;
00009142 : FE8E;
00009143 : FE70;
00009144 : FE72;
00009145 : FECF;
00009146 : FF3A;
00009147 : FF6B;
00009148 : FF8D;
00009149 : FF7D;
0000914A : FF7D;
0000914B : FF86;
0000914C : FFCB;
0000914D : FFD3;
0000914E : FFB0;
0000914F : FFD1;
00009150 : FF94;
00009151 : FF96;
00009152 : FF8E;
00009153 : FF3A;
00009154 : FF40;
00009155 : FF2A;
00009156 : FF07;
00009157 : FF45;
00009158 : FF83;
00009159 : FFDF;
0000915A : 006C;
0000915B : 00EC;
0000915C : 012F;
0000915D : 012C;
0000915E : 00AD;
0000915F : 001F;
00009160 : FF8D;
00009161 : FF3D;
00009162 : FF38;
00009163 : FF9B;
00009164 : FFEB;
00009165 : FFDD;
00009166 : FFA4;
00009167 : FF05;
00009168 : FEBE;
00009169 : FEF8;
0000916A : FFA6;
0000916B : 0064;
0000916C : 00C7;
0000916D : 00C5;
0000916E : 0095;
0000916F : 0054;
00009170 : 005C;
00009171 : 00D4;
00009172 : 013F;
00009173 : 0175;
00009174 : 0157;
00009175 : 009D;
00009176 : FFB0;
00009177 : FF06;
00009178 : FF1E;
00009179 : FFA8;
0000917A : 004D;
0000917B : 00CD;
0000917C : 00A6;
0000917D : 006E;
0000917E : FFF4;
0000917F : FFCC;
00009180 : 004B;
00009181 : 00CC;
00009182 : 00F0;
00009183 : 0066;
00009184 : FF81;
00009185 : FE90;
00009186 : FE21;
00009187 : FE63;
00009188 : FF44;
00009189 : FFFF;
0000918A : 0032;
0000918B : 0041;
0000918C : 0033;
0000918D : 009E;
0000918E : 014E;
0000918F : 0214;
00009190 : 027A;
00009191 : 0253;
00009192 : 01AF;
00009193 : 00B7;
00009194 : 0025;
00009195 : FFD3;
00009196 : FFD8;
00009197 : FFC9;
00009198 : FF59;
00009199 : FEB2;
0000919A : FDEA;
0000919B : FD62;
0000919C : FD32;
0000919D : FD7F;
0000919E : FDF8;
0000919F : FE93;
000091A0 : FF12;
000091A1 : FF47;
000091A2 : FF60;
000091A3 : FF6C;
000091A4 : FF97;
000091A5 : 0009;
000091A6 : 0096;
000091A7 : 0134;
000091A8 : 019E;
000091A9 : 01AA;
000091AA : 0185;
000091AB : 011A;
000091AC : 00C3;
000091AD : 0072;
000091AE : 000E;
000091AF : FFC7;
000091B0 : FF3B;
000091B1 : FE81;
000091B2 : FDBD;
000091B3 : FD06;
000091B4 : FCBE;
000091B5 : FD20;
000091B6 : FDFC;
000091B7 : FF17;
000091B8 : 0001;
000091B9 : 00BA;
000091BA : 00D2;
000091BB : 00CE;
000091BC : 00E0;
000091BD : 0115;
000091BE : 016D;
000091BF : 0176;
000091C0 : 0162;
000091C1 : 0117;
000091C2 : 00B7;
000091C3 : 0032;
000091C4 : FFC4;
000091C5 : FF72;
000091C6 : FEF2;
000091C7 : FE7F;
000091C8 : FE2E;
000091C9 : FDAA;
000091CA : FD83;
000091CB : FDB6;
000091CC : FE05;
000091CD : FE7F;
000091CE : FEE4;
000091CF : FF14;
000091D0 : FEFF;
000091D1 : FF0D;
000091D2 : FF35;
000091D3 : FFC8;
000091D4 : 0062;
000091D5 : 010C;
000091D6 : 0159;
000091D7 : 015A;
000091D8 : 011E;
000091D9 : 00E5;
000091DA : 0100;
000091DB : 013A;
000091DC : 0165;
000091DD : 0178;
000091DE : 015A;
000091DF : 00E4;
000091E0 : 009A;
000091E1 : 00A1;
000091E2 : 0087;
000091E3 : 008F;
000091E4 : 002E;
000091E5 : FFA2;
000091E6 : FF27;
000091E7 : FEB1;
000091E8 : FE24;
000091E9 : FDCB;
000091EA : FD73;
000091EB : FD58;
000091EC : FD8B;
000091ED : FDCC;
000091EE : FE0A;
000091EF : FE9C;
000091F0 : FF02;
000091F1 : FFAE;
000091F2 : 004A;
000091F3 : 00D3;
000091F4 : 010F;
000091F5 : 0104;
000091F6 : 0120;
000091F7 : 013F;
000091F8 : 01D5;
000091F9 : 0270;
000091FA : 033F;
000091FB : 034C;
000091FC : 02C1;
000091FD : 01FF;
000091FE : 00F0;
000091FF : 006C;
00009200 : 0019;
00009201 : FF73;
00009202 : FE7B;
00009203 : FD5A;
00009204 : FC3F;
00009205 : FBE7;
00009206 : FCC5;
00009207 : FE54;
00009208 : FFF7;
00009209 : 011E;
0000920A : 0201;
0000920B : 0287;
0000920C : 02D5;
0000920D : 037B;
0000920E : 03F9;
0000920F : 0436;
00009210 : 0421;
00009211 : 031C;
00009212 : 01BE;
00009213 : 008F;
00009214 : FFA2;
00009215 : FF45;
00009216 : FF13;
00009217 : FF03;
00009218 : FF06;
00009219 : FF29;
0000921A : FF5C;
0000921B : FFC4;
0000921C : 003C;
0000921D : 007E;
0000921E : 007E;
0000921F : 0081;
00009220 : 0068;
00009221 : 0030;
00009222 : FFD0;
00009223 : FF98;
00009224 : FF97;
00009225 : FFF0;
00009226 : 004E;
00009227 : 008C;
00009228 : 00AC;
00009229 : 00B4;
0000922A : 0042;
0000922B : FFF2;
0000922C : FFAF;
0000922D : FF9F;
0000922E : FF5B;
0000922F : FEA5;
00009230 : FDFA;
00009231 : FD5D;
00009232 : FD2B;
00009233 : FD54;
00009234 : FE19;
00009235 : FEC3;
00009236 : FF12;
00009237 : FF0D;
00009238 : FEED;
00009239 : FF00;
0000923A : FF32;
0000923B : FFD1;
0000923C : 0093;
0000923D : 011E;
0000923E : 00E9;
0000923F : 003F;
00009240 : FF85;
00009241 : FEE1;
00009242 : FE8F;
00009243 : FEAD;
00009244 : FF2B;
00009245 : FF71;
00009246 : FF94;
00009247 : FF8F;
00009248 : FFBF;
00009249 : 0004;
0000924A : 0072;
0000924B : 0092;
0000924C : 0042;
0000924D : FF9F;
0000924E : FF13;
0000924F : FEA3;
00009250 : FE8D;
00009251 : FE68;
00009252 : FE67;
00009253 : FE85;
00009254 : FE58;
00009255 : FEB4;
00009256 : FF3E;
00009257 : FFC1;
00009258 : 005D;
00009259 : 00DB;
0000925A : 00CC;
0000925B : 0118;
0000925C : 0187;
0000925D : 01DA;
0000925E : 01FE;
0000925F : 01A2;
00009260 : 0126;
00009261 : 00CB;
00009262 : 0097;
00009263 : 0085;
00009264 : 0078;
00009265 : 006A;
00009266 : FFE6;
00009267 : FF8F;
00009268 : FF6E;
00009269 : FF96;
0000926A : FFDD;
0000926B : FFC4;
0000926C : FFE1;
0000926D : FFFA;
0000926E : 0071;
0000926F : 00E5;
00009270 : 0181;
00009271 : 01D3;
00009272 : 019F;
00009273 : 0109;
00009274 : 006A;
00009275 : 004D;
00009276 : 007B;
00009277 : 00E0;
00009278 : 011C;
00009279 : 012D;
0000927A : 00D7;
0000927B : 0035;
0000927C : FF7C;
0000927D : FF35;
0000927E : FF6B;
0000927F : FFA3;
00009280 : FF9B;
00009281 : FF45;
00009282 : FEA1;
00009283 : FE47;
00009284 : FE8D;
00009285 : FFA2;
00009286 : 0118;
00009287 : 021C;
00009288 : 0265;
00009289 : 01D6;
0000928A : 013C;
0000928B : 0100;
0000928C : 010B;
0000928D : 013D;
0000928E : 0113;
0000928F : 0011;
00009290 : FEEC;
00009291 : FDC9;
00009292 : FD48;
00009293 : FD88;
00009294 : FDFA;
00009295 : FE51;
00009296 : FE91;
00009297 : FECB;
00009298 : FF1A;
00009299 : FFB6;
0000929A : 0084;
0000929B : 013F;
0000929C : 01BA;
0000929D : 01E2;
0000929E : 0209;
0000929F : 0200;
000092A0 : 0204;
000092A1 : 01BF;
000092A2 : 015A;
000092A3 : 009F;
000092A4 : FFD7;
000092A5 : FF2D;
000092A6 : FE8F;
000092A7 : FE47;
000092A8 : FE54;
000092A9 : FE8D;
000092AA : FEC8;
000092AB : FF01;
000092AC : FF20;
000092AD : FEE8;
000092AE : FEC6;
000092AF : FEB7;
000092B0 : FF27;
000092B1 : 001F;
000092B2 : 0128;
000092B3 : 0243;
000092B4 : 02A3;
000092B5 : 022F;
000092B6 : 0163;
000092B7 : 00A9;
000092B8 : 0057;
000092B9 : 0065;
000092BA : 002F;
000092BB : FFAC;
000092BC : FECF;
000092BD : FDDB;
000092BE : FD10;
000092BF : FCEF;
000092C0 : FD67;
000092C1 : FE48;
000092C2 : FF4F;
000092C3 : 002D;
000092C4 : 0073;
000092C5 : 00CA;
000092C6 : 0161;
000092C7 : 0201;
000092C8 : 028E;
000092C9 : 033E;
000092CA : 0396;
000092CB : 0386;
000092CC : 02AC;
000092CD : 0171;
000092CE : 0076;
000092CF : FF7A;
000092D0 : FEC7;
000092D1 : FE71;
000092D2 : FDC7;
000092D3 : FD0D;
000092D4 : FC30;
000092D5 : FB8F;
000092D6 : FB64;
000092D7 : FBE5;
000092D8 : FCC4;
000092D9 : FDA2;
000092DA : FE58;
000092DB : FEEF;
000092DC : FF36;
000092DD : FF84;
000092DE : 003B;
000092DF : 00DE;
000092E0 : 01AB;
000092E1 : 020B;
000092E2 : 0215;
000092E3 : 01F5;
000092E4 : 018F;
000092E5 : 0108;
000092E6 : 00F2;
000092E7 : 00FF;
000092E8 : 00D2;
000092E9 : 009D;
000092EA : 002B;
000092EB : FFA8;
000092EC : FF75;
000092ED : FF49;
000092EE : FFAC;
000092EF : 0018;
000092F0 : 004E;
000092F1 : 0057;
000092F2 : 0039;
000092F3 : FFF1;
000092F4 : FFAC;
000092F5 : FFB4;
000092F6 : FF9B;
000092F7 : FF93;
000092F8 : FF81;
000092F9 : FF44;
000092FA : FF0C;
000092FB : FEFA;
000092FC : FEDC;
000092FD : FECA;
000092FE : FF1B;
000092FF : FF6A;
00009300 : FFAD;
00009301 : FFC7;
00009302 : FFD6;
00009303 : 0006;
00009304 : 000B;
00009305 : 006B;
00009306 : 00FE;
00009307 : 0159;
00009308 : 0166;
00009309 : 0143;
0000930A : 00E8;
0000930B : 008C;
0000930C : 0063;
0000930D : 007F;
0000930E : 00A0;
0000930F : 00CC;
00009310 : 0098;
00009311 : FFFD;
00009312 : FF61;
00009313 : FF0D;
00009314 : FF40;
00009315 : FF93;
00009316 : FFE4;
00009317 : FFDB;
00009318 : FF72;
00009319 : FEFE;
0000931A : FEEB;
0000931B : FF52;
0000931C : FFDE;
0000931D : 0022;
0000931E : 0005;
0000931F : FF93;
00009320 : FEFD;
00009321 : FEAA;
00009322 : FE91;
00009323 : FEC1;
00009324 : FEFF;
00009325 : FF03;
00009326 : FF12;
00009327 : FF3E;
00009328 : FF8D;
00009329 : FFFE;
0000932A : 005A;
0000932B : 009E;
0000932C : 00C5;
0000932D : 008C;
0000932E : 0042;
0000932F : 003A;
00009330 : 0016;
00009331 : FFFD;
00009332 : FF9A;
00009333 : FF12;
00009334 : FE74;
00009335 : FE01;
00009336 : FDCF;
00009337 : FDC2;
00009338 : FE03;
00009339 : FE2A;
0000933A : FE51;
0000933B : FE8F;
0000933C : FEA8;
0000933D : FF00;
0000933E : FF5C;
0000933F : FF77;
00009340 : FFB7;
00009341 : FFA3;
00009342 : FF5D;
00009343 : FF57;
00009344 : FF42;
00009345 : FF68;
00009346 : FF7E;
00009347 : FF9A;
00009348 : FF96;
00009349 : FF99;
0000934A : FFBB;
0000934B : FFCA;
0000934C : FFD0;
0000934D : 000A;
0000934E : FFE8;
0000934F : FFAD;
00009350 : FF84;
00009351 : FF99;
00009352 : FF9A;
00009353 : FF61;
00009354 : FF2C;
00009355 : FF15;
00009356 : FF3A;
00009357 : FF67;
00009358 : FFAC;
00009359 : 0006;
0000935A : 006F;
0000935B : 00B3;
0000935C : 00A7;
0000935D : 00C2;
0000935E : 00F7;
0000935F : 00F1;
00009360 : 00E4;
00009361 : 00E7;
00009362 : 0098;
00009363 : 0051;
00009364 : FFF6;
00009365 : FF8A;
00009366 : FF2C;
00009367 : FF16;
00009368 : FF33;
00009369 : FF84;
0000936A : FFAD;
0000936B : 0036;
0000936C : 006F;
0000936D : 00A9;
0000936E : 015D;
0000936F : 0195;
00009370 : 018E;
00009371 : 016A;
00009372 : 01BA;
00009373 : 020E;
00009374 : 0219;
00009375 : 01D8;
00009376 : 01BD;
00009377 : 0153;
00009378 : 011D;
00009379 : 00EF;
0000937A : 009F;
0000937B : 0074;
0000937C : 0054;
0000937D : 0030;
0000937E : FFB3;
0000937F : FF2C;
00009380 : FF0E;
00009381 : FF2E;
00009382 : FFB5;
00009383 : 005F;
00009384 : 0088;
00009385 : 0086;
00009386 : 003A;
00009387 : 0057;
00009388 : 0062;
00009389 : 00BD;
0000938A : 010A;
0000938B : 00D0;
0000938C : 003D;
0000938D : FF64;
0000938E : FEC0;
0000938F : FE5D;
00009390 : FE4D;
00009391 : FF14;
00009392 : FFD2;
00009393 : 0061;
00009394 : 00AB;
00009395 : 0111;
00009396 : 018B;
00009397 : 013E;
00009398 : 010A;
00009399 : 003A;
0000939A : FF4B;
0000939B : FE3A;
0000939C : FD74;
0000939D : FD75;
0000939E : FDE0;
0000939F : FEAD;
000093A0 : FF19;
000093A1 : FF5B;
000093A2 : FFAC;
000093A3 : FFCD;
000093A4 : FFED;
000093A5 : FFC9;
000093A6 : FFC4;
000093A7 : FF69;
000093A8 : FF2A;
000093A9 : FF3D;
000093AA : FED4;
000093AB : FED0;
000093AC : FE7B;
000093AD : FEC2;
000093AE : FEF1;
000093AF : FF32;
000093B0 : FF77;
000093B1 : FFBF;
000093B2 : 0007;
000093B3 : FFDE;
000093B4 : FFE9;
000093B5 : 0001;
000093B6 : FFE0;
000093B7 : FFC4;
000093B8 : FFBD;
000093B9 : FF51;
000093BA : FF07;
000093BB : FEF1;
000093BC : FE9C;
000093BD : FF0C;
000093BE : FFD5;
000093BF : 000C;
000093C0 : 001C;
000093C1 : FFE7;
000093C2 : FFBE;
000093C3 : FFF8;
000093C4 : 0030;
000093C5 : 00D1;
000093C6 : 0128;
000093C7 : 0183;
000093C8 : 0189;
000093C9 : 01B7;
000093CA : 01B6;
000093CB : 01F5;
000093CC : 0287;
000093CD : 02BA;
000093CE : 02D5;
000093CF : 029E;
000093D0 : 01E9;
000093D1 : 0141;
000093D2 : 009B;
000093D3 : 0006;
000093D4 : FFA6;
000093D5 : FEFC;
000093D6 : FEA7;
000093D7 : FE36;
000093D8 : FE2F;
000093D9 : FE02;
000093DA : FE28;
000093DB : FECC;
000093DC : FF49;
000093DD : FF79;
000093DE : FFB7;
000093DF : 0014;
000093E0 : 0060;
000093E1 : 00DE;
000093E2 : 015B;
000093E3 : 0210;
000093E4 : 02A5;
000093E5 : 0339;
000093E6 : 03A1;
000093E7 : 0393;
000093E8 : 0335;
000093E9 : 02E1;
000093EA : 0280;
000093EB : 020F;
000093EC : 01B9;
000093ED : 01AD;
000093EE : 014B;
000093EF : 00FB;
000093F0 : 0027;
000093F1 : FF8B;
000093F2 : FEF4;
000093F3 : FE75;
000093F4 : FE09;
000093F5 : FDF4;
000093F6 : FE0A;
000093F7 : FE66;
000093F8 : FEB8;
000093F9 : FF12;
000093FA : FF2F;
000093FB : FF17;
000093FC : FEDA;
000093FD : FEE6;
000093FE : FF22;
000093FF : FF62;
00009400 : FFB1;
00009401 : FF37;
00009402 : FED5;
00009403 : FEA4;
00009404 : FF19;
00009405 : 0025;
00009406 : 00F4;
00009407 : 01A1;
00009408 : 018D;
00009409 : 0109;
0000940A : 009D;
0000940B : 009C;
0000940C : 0131;
0000940D : 0197;
0000940E : 01A7;
0000940F : 00FA;
00009410 : 000F;
00009411 : FF42;
00009412 : FEE1;
00009413 : FF54;
00009414 : FFE6;
00009415 : 001F;
00009416 : 0039;
00009417 : FF71;
00009418 : FEC5;
00009419 : FE8A;
0000941A : FF06;
0000941B : FF78;
0000941C : FFA2;
0000941D : FF34;
0000941E : FEB6;
0000941F : FDAB;
00009420 : FD6A;
00009421 : FD9B;
00009422 : FDE1;
00009423 : FE2B;
00009424 : FEE4;
00009425 : FF3F;
00009426 : FF70;
00009427 : FFAF;
00009428 : 002A;
00009429 : 007C;
0000942A : 0102;
0000942B : 0181;
0000942C : 01C0;
0000942D : 01DF;
0000942E : 019F;
0000942F : 0126;
00009430 : 00CD;
00009431 : 00B6;
00009432 : 00F0;
00009433 : 0154;
00009434 : 0158;
00009435 : 0136;
00009436 : 0043;
00009437 : FF3F;
00009438 : FEB5;
00009439 : FE63;
0000943A : FE4D;
0000943B : FDF5;
0000943C : FDD1;
0000943D : FD7E;
0000943E : FD8D;
0000943F : FDB2;
00009440 : FDFB;
00009441 : FE86;
00009442 : FED8;
00009443 : FF83;
00009444 : 0003;
00009445 : 00C2;
00009446 : 01DD;
00009447 : 030A;
00009448 : 03E8;
00009449 : 044B;
0000944A : 0481;
0000944B : 0433;
0000944C : 0322;
0000944D : 01A1;
0000944E : 0021;
0000944F : FEC0;
00009450 : FD9E;
00009451 : FCD1;
00009452 : FC91;
00009453 : FC69;
00009454 : FCA8;
00009455 : FD53;
00009456 : FD99;
00009457 : FE05;
00009458 : FEAE;
00009459 : FF20;
0000945A : FF48;
0000945B : FFD7;
0000945C : 0026;
0000945D : 00F4;
0000945E : 01AE;
0000945F : 025A;
00009460 : 0340;
00009461 : 0398;
00009462 : 034D;
00009463 : 02A0;
00009464 : 01BB;
00009465 : 00DA;
00009466 : 001B;
00009467 : FF1B;
00009468 : FE33;
00009469 : FDAB;
0000946A : FCE7;
0000946B : FCB9;
0000946C : FD36;
0000946D : FE0C;
0000946E : FEE9;
0000946F : FFC2;
00009470 : 0085;
00009471 : 015D;
00009472 : 021E;
00009473 : 02DC;
00009474 : 0351;
00009475 : 02F5;
00009476 : 0228;
00009477 : 013D;
00009478 : 00BC;
00009479 : 006E;
0000947A : 004D;
0000947B : 0007;
0000947C : FF9F;
0000947D : FF17;
0000947E : FEA6;
0000947F : FE70;
00009480 : FEB2;
00009481 : FEF1;
00009482 : FEC9;
00009483 : FE67;
00009484 : FE63;
00009485 : FE40;
00009486 : FEDF;
00009487 : FFF9;
00009488 : 00F8;
00009489 : 0218;
0000948A : 02BA;
0000948B : 0349;
0000948C : 0376;
0000948D : 0357;
0000948E : 0332;
0000948F : 02C4;
00009490 : 0233;
00009491 : 015A;
00009492 : 0027;
00009493 : FF1D;
00009494 : FDF8;
00009495 : FD48;
00009496 : FCCA;
00009497 : FCC4;
00009498 : FCCC;
00009499 : FD04;
0000949A : FD43;
0000949B : FD46;
0000949C : FD91;
0000949D : FE23;
0000949E : FE91;
0000949F : FEA6;
000094A0 : FECD;
000094A1 : FF0E;
000094A2 : FF3D;
000094A3 : 001C;
000094A4 : 00FC;
000094A5 : 0142;
000094A6 : 017F;
000094A7 : 017A;
000094A8 : 0169;
000094A9 : 0107;
000094AA : 010B;
000094AB : 00D6;
000094AC : 0095;
000094AD : 00D9;
000094AE : 0083;
000094AF : 004D;
000094B0 : 0008;
000094B1 : FFA8;
000094B2 : FF11;
000094B3 : FE7D;
000094B4 : FDD3;
000094B5 : FD89;
000094B6 : FCE6;
000094B7 : FC71;
000094B8 : FC1F;
000094B9 : FB7C;
000094BA : FB54;
000094BB : FB89;
000094BC : FBEE;
000094BD : FCDA;
000094BE : FDE7;
000094BF : FF14;
000094C0 : FFFA;
000094C1 : 00D8;
000094C2 : 0196;
000094C3 : 020F;
000094C4 : 0259;
000094C5 : 029C;
000094C6 : 02A5;
000094C7 : 0293;
000094C8 : 028C;
000094C9 : 02E4;
000094CA : 030B;
000094CB : 0346;
000094CC : 0322;
000094CD : 02D7;
000094CE : 021B;
000094CF : 0180;
000094D0 : 00FB;
000094D1 : 006E;
000094D2 : 0045;
000094D3 : 001C;
000094D4 : FFE1;
000094D5 : FF75;
000094D6 : FF2E;
000094D7 : FEF2;
000094D8 : FF04;
000094D9 : FF0B;
000094DA : FEFF;
000094DB : FEB3;
000094DC : FE7C;
000094DD : FE9B;
000094DE : FED1;
000094DF : FEF6;
000094E0 : FF2F;
000094E1 : FF3B;
000094E2 : FF66;
000094E3 : FFAC;
000094E4 : 0003;
000094E5 : 00A1;
000094E6 : 0143;
000094E7 : 01AD;
000094E8 : 0205;
000094E9 : 0235;
000094EA : 026C;
000094EB : 0262;
000094EC : 0246;
000094ED : 01FD;
000094EE : 0142;
000094EF : 0077;
000094F0 : 000D;
000094F1 : FF96;
000094F2 : FF78;
000094F3 : FF50;
000094F4 : FF6A;
000094F5 : FF68;
000094F6 : FF48;
000094F7 : FE9F;
000094F8 : FDFA;
000094F9 : FDEE;
000094FA : FE08;
000094FB : FDF5;
000094FC : FE0E;
000094FD : FE34;
000094FE : FE48;
000094FF : FE3E;
00009500 : FE65;
00009501 : FEC5;
00009502 : FF22;
00009503 : FF6B;
00009504 : FF73;
00009505 : FF8C;
00009506 : FF8C;
00009507 : FF9F;
00009508 : FF92;
00009509 : FF80;
0000950A : FF7A;
0000950B : FF33;
0000950C : FF10;
0000950D : FEFF;
0000950E : FF0B;
0000950F : FF24;
00009510 : FF0F;
00009511 : FF33;
00009512 : FF21;
00009513 : FF3B;
00009514 : FF5F;
00009515 : FF9B;
00009516 : FFBB;
00009517 : FFCE;
00009518 : FFFE;
00009519 : 000C;
0000951A : FFF0;
0000951B : FFED;
0000951C : 002F;
0000951D : 0009;
0000951E : 0004;
0000951F : FFF3;
00009520 : FFE2;
00009521 : FFDA;
00009522 : FFE3;
00009523 : FFC7;
00009524 : FFFC;
00009525 : FFE2;
00009526 : FFE9;
00009527 : 0018;
00009528 : 001C;
00009529 : 0010;
0000952A : 0009;
0000952B : FFF7;
0000952C : 0024;
0000952D : 004B;
0000952E : 006B;
0000952F : 0067;
00009530 : 0067;
00009531 : 0076;
00009532 : 009C;
00009533 : 0076;
00009534 : 009B;
00009535 : 00B1;
00009536 : 00A7;
00009537 : 009E;
00009538 : 0088;
00009539 : 0096;
0000953A : 009E;
0000953B : 008B;
0000953C : 0086;
0000953D : 005B;
0000953E : 0058;
0000953F : 005D;
00009540 : 002C;
00009541 : 0014;
00009542 : FFF5;
00009543 : FFF1;
00009544 : FFBA;
00009545 : FFBF;
00009546 : FFAB;
00009547 : FFB7;
00009548 : FFA3;
00009549 : FFB1;
0000954A : FF9F;
0000954B : FF8F;
0000954C : FF8D;
0000954D : FF92;
0000954E : FF8F;
0000954F : FF84;
00009550 : FF9F;
00009551 : FF94;
00009552 : FFC7;
00009553 : FFAF;
00009554 : FFBF;
00009555 : FFC7;
00009556 : FFA9;
00009557 : FFBA;
00009558 : FFDF;
00009559 : FFE4;
0000955A : FFC0;
0000955B : FF9C;
0000955C : FFC5;
0000955D : FFD9;
0000955E : 0001;
0000955F : FFEB;
00009560 : FFE8;
00009561 : FFB6;
00009562 : FF3D;
00009563 : FF63;
00009564 : FF51;
00009565 : FF7D;
00009566 : FF8A;
00009567 : FF8D;
00009568 : FF8F;
00009569 : FF94;
0000956A : FF62;
0000956B : FFAE;
0000956C : FF9D;
0000956D : FFA4;
0000956E : FFE0;
0000956F : FFB6;
00009570 : FFAF;
00009571 : FFA9;
00009572 : FFD7;
00009573 : FFC3;
00009574 : FFB7;
00009575 : FFD1;
00009576 : FFAF;
00009577 : FF90;
00009578 : FF88;
00009579 : FFA2;
0000957A : FFAD;
0000957B : FFB2;
0000957C : FFA0;
0000957D : FFA0;
0000957E : FF93;
0000957F : FFA1;
00009580 : FFAC;
00009581 : FFC8;
00009582 : FFEA;
00009583 : FFFC;
00009584 : FFF1;
00009585 : FFE0;
00009586 : 0001;
00009587 : FFED;
00009588 : 000A;
00009589 : 000D;
0000958A : FFF2;
0000958B : FFED;
0000958C : 0003;
0000958D : FFF9;
0000958E : FFCE;
0000958F : FFDB;
00009590 : FFDF;
00009591 : FFA7;
00009592 : FFC9;
00009593 : FFAC;
00009594 : FFA4;
00009595 : FFA0;
00009596 : FFAA;
00009597 : FFA2;
00009598 : FFC1;
00009599 : FFC4;
0000959A : FFA3;
0000959B : FFB2;
0000959C : FFEE;
0000959D : FFB3;
0000959E : FFA1;
0000959F : FFD8;
000095A0 : 000C;
000095A1 : 001A;
000095A2 : 001D;
000095A3 : FFE2;
000095A4 : FFD5;
000095A5 : FFE1;
000095A6 : FFE7;
000095A7 : FFF0;
000095A8 : FFFA;
000095A9 : FFE2;
000095AA : FFCB;
000095AB : 0005;
000095AC : 0008;
000095AD : 001A;
000095AE : FFDE;
000095AF : 000C;
000095B0 : 002A;
000095B1 : 0046;
000095B2 : FFFB;
000095B3 : FFCF;
000095B4 : FFFF;
000095B5 : 0005;
000095B6 : FFF8;
000095B7 : FFF1;
000095B8 : 0001;
000095B9 : 0020;
000095BA : 0061;
000095BB : 0055;
000095BC : 0015;
000095BD : 0043;
000095BE : 0060;
000095BF : 0048;
000095C0 : 0075;
000095C1 : 009D;
000095C2 : 0094;
000095C3 : 00A2;
000095C4 : 0085;
000095C5 : 0076;
000095C6 : 0073;
000095C7 : 00A8;
000095C8 : 0095;
000095C9 : 0069;
000095CA : 0096;
000095CB : 0095;
000095CC : 0085;
000095CD : 0068;
000095CE : 006D;
000095CF : 0056;
000095D0 : 0054;
000095D1 : 0060;
000095D2 : 0064;
000095D3 : 0061;
000095D4 : 002A;
000095D5 : 006A;
000095D6 : 004E;
000095D7 : 0041;
000095D8 : 0051;
000095D9 : 000E;
000095DA : 0021;
000095DB : 0029;
000095DC : 0018;
000095DD : FFFE;
000095DE : 0010;
000095DF : 0024;
000095E0 : 0098;
000095E1 : 0059;
000095E2 : 0050;
000095E3 : 0073;
000095E4 : 0070;
000095E5 : 0067;
000095E6 : 0067;
000095E7 : 002F;
000095E8 : FFFF;
000095E9 : 0003;
000095EA : FFE1;
000095EB : FFF9;
000095EC : FFD5;
000095ED : FF9C;
000095EE : FFD7;
000095EF : FFA4;
000095F0 : FF96;
000095F1 : FFBA;
000095F2 : FFB1;
000095F3 : FFDB;
000095F4 : FFB7;
000095F5 : FFAD;
000095F6 : FFE1;
000095F7 : FFF4;
000095F8 : FFD2;
000095F9 : FFB0;
000095FA : FFAA;
000095FB : FFD1;
000095FC : FFE7;
000095FD : FF95;
000095FE : FF6E;
000095FF : FF8C;
00009600 : FF79;
00009601 : FF9C;
00009602 : FFB0;
00009603 : FF9D;
00009604 : FF94;
00009605 : FF91;
00009606 : FF80;
00009607 : FF6E;
00009608 : FF60;
00009609 : FF95;
0000960A : FFAD;
0000960B : FF68;
0000960C : FF86;
0000960D : FF81;
0000960E : FF9D;
0000960F : FF9D;
00009610 : FF87;
00009611 : FF8E;
00009612 : FF9A;
00009613 : FFBD;
00009614 : FFC0;
00009615 : FFE9;
00009616 : FFB8;
00009617 : FF89;
00009618 : FF98;
00009619 : FFB4;
0000961A : FFBA;
0000961B : FF97;
0000961C : FFBB;
0000961D : FFA5;
0000961E : FFA6;
0000961F : FF95;
00009620 : FF7F;
00009621 : FFAA;
00009622 : FF7A;
00009623 : FF88;
00009624 : FFA1;
00009625 : FFA3;
00009626 : FF8E;
00009627 : FFC4;
00009628 : 0046;
00009629 : 0038;
0000962A : 0039;
0000962B : 0040;
0000962C : 0036;
0000962D : 0028;
0000962E : 001B;
0000962F : 000A;
00009630 : 0027;
00009631 : 0048;
00009632 : 0042;
00009633 : 0045;
00009634 : 0022;
00009635 : 0045;
00009636 : 0040;
00009637 : 0043;
00009638 : 0054;
00009639 : 0059;
0000963A : 006D;
0000963B : 005F;
0000963C : 0076;
0000963D : 008C;
0000963E : 008D;
0000963F : 0082;
00009640 : 0085;
00009641 : 0099;
00009642 : 009F;
00009643 : 0088;
00009644 : 0069;
00009645 : 007D;
00009646 : 0050;
00009647 : 0045;
00009648 : 006E;
00009649 : 005C;
0000964A : 0058;
0000964B : 0036;
0000964C : 003D;
0000964D : 0024;
0000964E : 003A;
0000964F : 000E;
00009650 : 0021;
00009651 : 004A;
00009652 : 003A;
00009653 : 0038;
00009654 : 003C;
00009655 : 002E;
00009656 : 0031;
00009657 : 0038;
00009658 : 0027;
00009659 : 0041;
0000965A : 0037;
0000965B : 0057;
0000965C : 002C;
0000965D : 000A;
0000965E : 0011;
0000965F : 0026;
00009660 : 0046;
00009661 : 002B;
00009662 : 0069;
00009663 : 0055;
00009664 : 0021;
00009665 : 002A;
00009666 : 002D;
00009667 : 0032;
00009668 : 0011;
00009669 : 0048;
0000966A : 0014;
0000966B : 0047;
0000966C : 0069;
0000966D : 004F;
0000966E : 006D;
0000966F : 0026;
00009670 : 000D;
00009671 : 0008;
00009672 : 000B;
00009673 : FFF4;
00009674 : 0029;
00009675 : 0045;
00009676 : FFFF;
00009677 : 0003;
00009678 : 0046;
00009679 : FFF6;
0000967A : FFD8;
0000967B : 0008;
0000967C : 001F;
0000967D : 001A;
0000967E : 0008;
0000967F : FFFD;
00009680 : 0000;
00009681 : 0003;
00009682 : 000C;
00009683 : 000B;
00009684 : 0020;
00009685 : 001C;
00009686 : 0027;
00009687 : FFDF;
00009688 : FFA1;
00009689 : FFB4;
0000968A : FF58;
0000968B : FFA4;
0000968C : FF72;
0000968D : FF2E;
0000968E : FF88;
0000968F : FF71;
00009690 : FF6F;
00009691 : FF35;
00009692 : FF6A;
00009693 : FF43;
00009694 : FF4B;
00009695 : FF74;
00009696 : FF11;
00009697 : FF2A;
00009698 : FF13;
00009699 : FF2C;
0000969A : FF4E;
0000969B : FF41;
0000969C : FFBD;
0000969D : FF42;
0000969E : FF2A;
0000969F : FF42;
000096A0 : FF31;
000096A1 : FF4D;
000096A2 : FFD2;
000096A3 : FF30;
000096A4 : FF30;
000096A5 : FF3C;
000096A6 : FF34;
000096A7 : FF6A;
000096A8 : FF78;
000096A9 : FF6F;
000096AA : FF88;
000096AB : FF61;
000096AC : FFA2;
000096AD : FFAE;
000096AE : FFBF;
000096AF : FFDB;
000096B0 : FFB3;
000096B1 : FFC0;
000096B2 : FFDA;
000096B3 : FFBC;
000096B4 : FF71;
000096B5 : FFC5;
000096B6 : FFEC;
000096B7 : FFCE;
000096B8 : FFD3;
000096B9 : FFDD;
000096BA : 0017;
000096BB : 003C;
000096BC : 0028;
000096BD : 001F;
000096BE : 002D;
000096BF : 0051;
000096C0 : 0070;
000096C1 : 005C;
000096C2 : 0037;
000096C3 : 004A;
000096C4 : 004D;
000096C5 : 0005;
000096C6 : 0021;
000096C7 : 0031;
000096C8 : 0047;
000096C9 : 0044;
000096CA : 001D;
000096CB : 005F;
000096CC : 0034;
000096CD : 002B;
000096CE : FFB8;
000096CF : FFBE;
000096D0 : 0026;
000096D1 : 002F;
000096D2 : 002E;
000096D3 : 0035;
000096D4 : 000D;
000096D5 : 002D;
000096D6 : 0042;
000096D7 : 0031;
000096D8 : 005A;
000096D9 : 0075;
000096DA : 007B;
000096DB : 0051;
000096DC : 0054;
000096DD : 005B;
000096DE : 0044;
000096DF : 002E;
000096E0 : 0011;
000096E1 : FFFD;
000096E2 : 0016;
000096E3 : 000B;
000096E4 : 0000;
000096E5 : 0010;
000096E6 : 0014;
000096E7 : 0013;
000096E8 : 001B;
000096E9 : 0041;
000096EA : 002D;
000096EB : 002F;
000096EC : 0035;
000096ED : 0029;
000096EE : 0022;
000096EF : 0023;
000096F0 : 003C;
000096F1 : 0022;
000096F2 : 0028;
000096F3 : 0027;
000096F4 : 000B;
000096F5 : 000D;
000096F6 : FFFE;
000096F7 : FFCE;
000096F8 : FFC4;
000096F9 : FFF3;
000096FA : FFD3;
000096FB : FFF4;
000096FC : FFE2;
000096FD : FFE8;
000096FE : FFFA;
000096FF : 0011;
00009700 : 003C;
00009701 : 0042;
00009702 : 004C;
00009703 : 003B;
00009704 : 0039;
00009705 : 0003;
00009706 : FFFF;
00009707 : 002D;
00009708 : 0016;
00009709 : 0004;
0000970A : 000F;
0000970B : 001D;
0000970C : 0007;
0000970D : 0014;
0000970E : FFF4;
0000970F : FFC9;
00009710 : FFD2;
00009711 : FFE4;
00009712 : FFF0;
00009713 : FFD8;
00009714 : FFC3;
00009715 : FFA0;
00009716 : FF96;
00009717 : FF8D;
00009718 : FF9F;
00009719 : FF9F;
0000971A : FF85;
0000971B : FF7E;
0000971C : FFB3;
0000971D : FF87;
0000971E : FF9B;
0000971F : FFAF;
00009720 : FFC5;
00009721 : FFD5;
00009722 : FFDA;
00009723 : FFEE;
00009724 : FFBA;
00009725 : FF94;
00009726 : FFAD;
00009727 : FF97;
00009728 : FFB6;
00009729 : FF76;
0000972A : FFA5;
0000972B : FF93;
0000972C : FFB0;
0000972D : FFB6;
0000972E : FF9A;
0000972F : FFE4;
00009730 : FFC0;
00009731 : FFD7;
00009732 : FFE6;
00009733 : FFD0;
00009734 : FFF6;
00009735 : FFD9;
00009736 : FFC2;
00009737 : FFF5;
00009738 : FFF9;
00009739 : FFFE;
0000973A : FFE1;
0000973B : FFDD;
0000973C : FFEF;
0000973D : FFEC;
0000973E : FFF9;
0000973F : FFF3;
00009740 : 0007;
00009741 : FFE6;
00009742 : FFC9;
00009743 : FFD2;
00009744 : FFD7;
00009745 : FFCC;
00009746 : FFC6;
00009747 : FFE0;
00009748 : FFCB;
00009749 : FFD9;
0000974A : FFC3;
0000974B : FFED;
0000974C : FFE7;
0000974D : FFC7;
0000974E : FFD5;
0000974F : FFF5;
00009750 : 0032;
00009751 : 0002;
00009752 : FFFC;
00009753 : 003A;
00009754 : 0039;
00009755 : 0066;
00009756 : 001F;
00009757 : 002E;
00009758 : 002E;
00009759 : 001F;
0000975A : 0007;
0000975B : FFF7;
0000975C : FFFF;
0000975D : FFE8;
0000975E : FFF7;
0000975F : FFDC;
00009760 : FFDC;
00009761 : FFC5;
00009762 : FFDE;
00009763 : 002D;
00009764 : 0033;
00009765 : 0047;
00009766 : 0034;
00009767 : 000E;
00009768 : 000A;
00009769 : FFFB;
0000976A : 0032;
0000976B : 0033;
0000976C : 0021;
0000976D : 0016;
0000976E : 001C;
0000976F : 0021;
00009770 : 0001;
00009771 : FFE7;
00009772 : 002B;
00009773 : 0063;
00009774 : FFFF;
00009775 : FFDC;
00009776 : FFEF;
00009777 : 0023;
00009778 : 0033;
00009779 : 0035;
0000977A : 0040;
0000977B : 0061;
0000977C : 004E;
0000977D : 0034;
0000977E : 0055;
0000977F : 0051;
00009780 : 005B;
00009781 : 0051;
00009782 : 0039;
00009783 : 0046;
00009784 : 004E;
00009785 : 005F;
00009786 : 0043;
00009787 : 0025;
00009788 : 0023;
00009789 : 0028;
0000978A : FFF3;
0000978B : 000E;
0000978C : 000E;
0000978D : 0024;
0000978E : 001D;
0000978F : 0017;
00009790 : 0014;
00009791 : 0004;
00009792 : 0049;
00009793 : 004B;
00009794 : 0047;
00009795 : 0062;
00009796 : 0061;
00009797 : 004D;
00009798 : 0047;
00009799 : 006B;
0000979A : 0057;
0000979B : 005A;
0000979C : 0029;
0000979D : 0021;
0000979E : 003F;
0000979F : 0043;
000097A0 : 003E;
000097A1 : 0029;
000097A2 : 0040;
000097A3 : 0017;
000097A4 : 004E;
000097A5 : 0033;
000097A6 : 0025;
000097A7 : 001C;
000097A8 : 0010;
000097A9 : 000B;
000097AA : 0026;
000097AB : 0020;
000097AC : 001B;
000097AD : 004F;
000097AE : 003E;
000097AF : 0047;
000097B0 : 0055;
000097B1 : 0062;
000097B2 : 0076;
000097B3 : 0052;
000097B4 : 0039;
000097B5 : 0038;
000097B6 : 0055;
000097B7 : 005C;
000097B8 : 0047;
000097B9 : 005B;
000097BA : 0048;
000097BB : 0051;
000097BC : 005E;
000097BD : 0061;
000097BE : 0066;
000097BF : 0084;
000097C0 : 0093;
000097C1 : 0070;
000097C2 : 008B;
000097C3 : 0089;
000097C4 : 0079;
000097C5 : 0050;
000097C6 : 0038;
000097C7 : 0018;
000097C8 : 001D;
000097C9 : 0014;
000097CA : 0005;
000097CB : 0003;
000097CC : 0016;
000097CD : 0003;
000097CE : FFED;
000097CF : FFFD;
000097D0 : FFC6;
000097D1 : FF8B;
000097D2 : FFED;
000097D3 : 0007;
000097D4 : 000B;
000097D5 : 0018;
000097D6 : 001F;
000097D7 : FFF3;
000097D8 : 002B;
000097D9 : 0011;
000097DA : 0006;
000097DB : 007C;
000097DC : 008C;
000097DD : 0090;
000097DE : 0079;
000097DF : 0086;
000097E0 : 007A;
000097E1 : 0063;
000097E2 : 0081;
000097E3 : 0033;
000097E4 : 0037;
000097E5 : 0007;
000097E6 : 0020;
000097E7 : 0011;
000097E8 : FFF3;
000097E9 : FFE1;
000097EA : FFEB;
000097EB : FFE7;
000097EC : FFEE;
000097ED : 0001;
000097EE : 0017;
000097EF : 0006;
000097F0 : 0003;
000097F1 : 0002;
000097F2 : FFE0;
000097F3 : 0009;
000097F4 : 0002;
000097F5 : FFF1;
000097F6 : 0011;
000097F7 : 0044;
000097F8 : 001C;
000097F9 : 002A;
000097FA : 0033;
000097FB : 0038;
000097FC : FFF2;
000097FD : FFF2;
000097FE : FFEA;
000097FF : FFC0;
00009800 : FFFD;
00009801 : FFEF;
00009802 : FFF7;
00009803 : FFEB;
00009804 : FFF3;
00009805 : 000C;
00009806 : FFF9;
00009807 : FFFB;
00009808 : 0006;
00009809 : 0007;
0000980A : FFFC;
0000980B : FFE8;
0000980C : FFE1;
0000980D : FFD0;
0000980E : FFD6;
0000980F : FFEE;
00009810 : FFF9;
00009811 : FFFE;
00009812 : FFE0;
00009813 : FFC9;
00009814 : FFED;
00009815 : 0007;
00009816 : FFFF;
00009817 : FFEC;
00009818 : FFD9;
00009819 : FFD0;
0000981A : FFF2;
0000981B : FFEF;
0000981C : 0010;
0000981D : FFF9;
0000981E : 0007;
0000981F : FFF4;
00009820 : FFF6;
00009821 : FFF9;
00009822 : 000C;
00009823 : FFE5;
00009824 : FFD5;
00009825 : FFE0;
00009826 : FFE3;
00009827 : 0004;
00009828 : FFE0;
00009829 : FFC9;
0000982A : FFCF;
0000982B : FFBD;
0000982C : FFBC;
0000982D : FFE1;
0000982E : 0010;
0000982F : FFEF;
00009830 : 000E;
00009831 : 0010;
00009832 : FFE3;
00009833 : FFD6;
00009834 : FFC0;
00009835 : FFD9;
00009836 : FFCA;
00009837 : FFF2;
00009838 : FFED;
00009839 : FFD8;
0000983A : FFC5;
0000983B : FFD5;
0000983C : FFE8;
0000983D : FFF4;
0000983E : FFE7;
0000983F : FFE3;
00009840 : FFFA;
00009841 : FFED;
00009842 : FFDE;
00009843 : FFEB;
00009844 : FFDE;
00009845 : FFCA;
00009846 : FFB7;
00009847 : FFCD;
00009848 : FFCB;
00009849 : FFCE;
0000984A : FFC9;
0000984B : FFBF;
0000984C : FFD3;
0000984D : FFD3;
0000984E : FFD8;
0000984F : FFD9;
00009850 : FFE4;
00009851 : FFE9;
00009852 : FFD2;
00009853 : FFE2;
00009854 : FFDA;
00009855 : FFF5;
00009856 : 0012;
00009857 : 0006;
00009858 : FFE9;
00009859 : FFBB;
0000985A : FFCB;
0000985B : FFD2;
0000985C : FFBF;
0000985D : FFC6;
0000985E : FFEA;
0000985F : FFD1;
00009860 : FFD1;
00009861 : FFE5;
00009862 : FFD5;
00009863 : FFFF;
00009864 : 0001;
00009865 : 000B;
00009866 : 0008;
00009867 : 0018;
00009868 : 000D;
00009869 : 0009;
0000986A : 0043;
0000986B : 0068;
0000986C : 0043;
0000986D : 0026;
0000986E : 0018;
0000986F : 002C;
00009870 : 003A;
00009871 : 0015;
00009872 : 001B;
00009873 : 0009;
00009874 : FFF0;
00009875 : FFC6;
00009876 : FFC8;
00009877 : FFB2;
00009878 : FFA7;
00009879 : FFA7;
0000987A : FF7C;
0000987B : FF99;
0000987C : FFA6;
0000987D : FF95;
0000987E : FFB4;
0000987F : FFD4;
00009880 : FFF4;
00009881 : FFF8;
00009882 : FFEC;
00009883 : 000D;
00009884 : 0005;
00009885 : FFFF;
00009886 : FFEC;
00009887 : FFE2;
00009888 : FFF0;
00009889 : FFE5;
0000988A : FFC2;
0000988B : FFD4;
0000988C : FFE9;
0000988D : FFD3;
0000988E : FFCF;
0000988F : FFB2;
00009890 : FFA1;
00009891 : FFA6;
00009892 : FF7F;
00009893 : FF83;
00009894 : FFB4;
00009895 : FFC0;
00009896 : FFDD;
00009897 : FFD9;
00009898 : 000C;
00009899 : FFFA;
0000989A : FFEF;
0000989B : FFFD;
0000989C : 0017;
0000989D : 001E;
0000989E : 0016;
0000989F : 001E;
000098A0 : 0011;
000098A1 : 0008;
000098A2 : FFF9;
000098A3 : FFE1;
000098A4 : 000E;
000098A5 : FFF3;
000098A6 : FFEE;
000098A7 : 000A;
000098A8 : 0006;
000098A9 : 0001;
000098AA : FFE9;
000098AB : FFE5;
000098AC : FFA6;
000098AD : FFBB;
000098AE : FFB1;
000098AF : FFBA;
000098B0 : FFC7;
000098B1 : FFD7;
000098B2 : FFBE;
000098B3 : FFAF;
000098B4 : FFB1;
000098B5 : FFC3;
000098B6 : FFBF;
000098B7 : FFB5;
000098B8 : FFC2;
000098B9 : FFC4;
000098BA : FFC0;
000098BB : FFE4;
000098BC : FFED;
000098BD : FFE0;
000098BE : FFC8;
000098BF : FFC9;
000098C0 : FFF4;
000098C1 : 0011;
000098C2 : 000B;
000098C3 : 0038;
000098C4 : 0033;
000098C5 : 0027;
000098C6 : 0051;
000098C7 : 0024;
000098C8 : 0015;
000098C9 : 0039;
000098CA : 0013;
000098CB : 001D;
000098CC : FFF7;
000098CD : FFDC;
000098CE : FFF0;
000098CF : FFDE;
000098D0 : FFF1;
000098D1 : FFF6;
000098D2 : 0008;
000098D3 : FFDD;
000098D4 : 0006;
000098D5 : FFF3;
000098D6 : FFD2;
000098D7 : FFC9;
000098D8 : FFFA;
000098D9 : FFF2;
000098DA : FFE3;
000098DB : FFD0;
000098DC : FFF5;
000098DD : FFE6;
000098DE : FFE6;
000098DF : FFF6;
000098E0 : FFEF;
000098E1 : FFE7;
000098E2 : 0014;
000098E3 : FFFD;
000098E4 : 0007;
000098E5 : FFE6;
000098E6 : 000C;
000098E7 : FFE2;
000098E8 : FFAF;
000098E9 : FFBA;
000098EA : FFC7;
000098EB : FFC5;
000098EC : FF96;
000098ED : FFD3;
000098EE : FFA2;
000098EF : FFAD;
000098F0 : FF7F;
000098F1 : FF4B;
000098F2 : FF85;
000098F3 : FFB2;
000098F4 : FFCF;
000098F5 : FFC5;
000098F6 : FFEB;
000098F7 : FFCE;
000098F8 : FFBB;
000098F9 : FFA0;
000098FA : FFB6;
000098FB : FFC1;
000098FC : FFD7;
000098FD : FFE2;
000098FE : FFCF;
000098FF : FFB1;
00009900 : FFC1;
00009901 : FFBB;
00009902 : FFA7;
00009903 : FFBC;
00009904 : FFC2;
00009905 : FFCB;
00009906 : FFD8;
00009907 : FFB9;
00009908 : FFBE;
00009909 : FFBB;
0000990A : FF98;
0000990B : FFA0;
0000990C : FF99;
0000990D : FFCD;
0000990E : FF95;
0000990F : FF8A;
00009910 : FFA9;
00009911 : FF9B;
00009912 : FFB4;
00009913 : FFBB;
00009914 : FFBD;
00009915 : FFCA;
00009916 : FFB6;
00009917 : FFBF;
00009918 : FFD0;
00009919 : FFD5;
0000991A : FFCF;
0000991B : FFD3;
0000991C : FFBC;
0000991D : FFBD;
0000991E : FFA8;
0000991F : FFA4;
00009920 : FFC7;
00009921 : FFBC;
00009922 : FFB2;
00009923 : FFA1;
00009924 : FFAD;
00009925 : FFA5;
00009926 : FFB2;
00009927 : FF94;
00009928 : FFA5;
00009929 : FF9D;
0000992A : FF8C;
0000992B : FF7B;
0000992C : FF81;
0000992D : FF9D;
0000992E : FFB0;
0000992F : FF96;
00009930 : FFA3;
00009931 : FFB9;
00009932 : FFD3;
00009933 : FFC4;
00009934 : FFA9;
00009935 : FFBC;
00009936 : FFAB;
00009937 : FFBD;
00009938 : FFD0;
00009939 : FFAD;
0000993A : FFC3;
0000993B : FFC7;
0000993C : FFB5;
0000993D : FFC0;
0000993E : FFC8;
0000993F : FFC5;
00009940 : FFD9;
00009941 : FFE0;
00009942 : FFB8;
00009943 : FFAF;
00009944 : FF9F;
00009945 : FF8C;
00009946 : FFA1;
00009947 : FFBD;
00009948 : FFD9;
00009949 : FFD8;
0000994A : FFE6;
0000994B : FFF7;
0000994C : 0004;
0000994D : FFF7;
0000994E : FFE1;
0000994F : FFE6;
00009950 : FFEA;
00009951 : FFD1;
00009952 : FFDB;
00009953 : FFDF;
00009954 : FFDD;
00009955 : FFDE;
00009956 : FFF7;
00009957 : 0001;
00009958 : 0009;
00009959 : 0000;
0000995A : 0010;
0000995B : 001C;
0000995C : 0002;
0000995D : 0016;
0000995E : 000D;
0000995F : 0003;
00009960 : 000A;
00009961 : 001D;
00009962 : 0008;
00009963 : FFF4;
00009964 : FFF2;
00009965 : 000C;
00009966 : 000E;
00009967 : 001F;
00009968 : FFEC;
00009969 : FFF9;
0000996A : FFF5;
0000996B : FFF2;
0000996C : FFD9;
0000996D : FFE7;
0000996E : FFE9;
0000996F : FFF0;
00009970 : FFF1;
00009971 : FFBE;
00009972 : FFD7;
00009973 : 000C;
00009974 : FFF4;
00009975 : FFE8;
00009976 : FFFF;
00009977 : FFFA;
00009978 : FFF7;
00009979 : 001E;
0000997A : 001D;
0000997B : 002F;
0000997C : 0017;
0000997D : FFFE;
0000997E : FFF7;
0000997F : FFEC;
00009980 : FFE9;
00009981 : FFE6;
00009982 : FFEE;
00009983 : FFE6;
00009984 : FFF1;
00009985 : 0000;
00009986 : FFDC;
00009987 : FFDF;
00009988 : FFDB;
00009989 : FFF6;
0000998A : 0005;
0000998B : FFF5;
0000998C : FFFC;
0000998D : FFDB;
0000998E : FFCC;
0000998F : FFC6;
00009990 : FFEB;
00009991 : FFE2;
00009992 : FFC4;
00009993 : FFDB;
00009994 : FFF5;
00009995 : FFE2;
00009996 : FFEB;
00009997 : FFF5;
00009998 : FFEC;
00009999 : FFF3;
0000999A : 0000;
0000999B : 0003;
0000999C : FFF7;
0000999D : 0010;
0000999E : 0017;
0000999F : 001C;
000099A0 : FFF9;
000099A1 : 0001;
000099A2 : 000B;
000099A3 : 0014;
000099A4 : 001C;
000099A5 : 002C;
000099A6 : 002E;
000099A7 : 0029;
000099A8 : 0016;
000099A9 : FFE9;
000099AA : FFF5;
000099AB : 0009;
000099AC : 0000;
000099AD : 0008;
000099AE : 0000;
000099AF : 000A;
000099B0 : FFE3;
000099B1 : 0002;
000099B2 : FFF6;
000099B3 : 0003;
000099B4 : 0003;
000099B5 : FFF6;
000099B6 : FFEA;
000099B7 : FFD3;
000099B8 : FFE3;
000099B9 : FFD0;
000099BA : FFDC;
000099BB : FFCE;
000099BC : FFD6;
000099BD : FFDD;
000099BE : FFDF;
000099BF : FFF8;
000099C0 : FFDF;
000099C1 : FFDF;
000099C2 : FFFE;
000099C3 : FFFB;
000099C4 : 0005;
000099C5 : FFFC;
000099C6 : FFF4;
000099C7 : FFF9;
000099C8 : FFFE;
000099C9 : FFE8;
000099CA : FFDF;
000099CB : FFE1;
000099CC : FFDC;
000099CD : FFD9;
000099CE : FFE8;
000099CF : FFD8;
000099D0 : FFF8;
000099D1 : 0019;
000099D2 : FFF3;
000099D3 : FFF5;
000099D4 : FFDE;
000099D5 : FFCD;
000099D6 : FFCA;
000099D7 : FFE2;
000099D8 : FFD8;
000099D9 : FFD5;
000099DA : FFAF;
000099DB : FFB8;
000099DC : FFD1;
000099DD : FFDB;
000099DE : FFC8;
000099DF : FFCE;
000099E0 : FFD2;
000099E1 : FFD3;
000099E2 : FFCB;
000099E3 : FFE3;
000099E4 : FFBE;
000099E5 : FFAE;
000099E6 : FFBA;
000099E7 : FFD4;
000099E8 : FFCC;
000099E9 : FFC4;
000099EA : FFD0;
000099EB : FFFA;
000099EC : FFF8;
000099ED : FFF9;
000099EE : FFED;
000099EF : FFF0;
000099F0 : FFFB;
000099F1 : FFDC;
000099F2 : FFCE;
000099F3 : FFEC;
000099F4 : FFF9;
000099F5 : FFFC;
000099F6 : FFEC;
000099F7 : FFF3;
000099F8 : FFDE;
000099F9 : FFD6;
000099FA : FFD9;
000099FB : FFEA;
000099FC : FFEF;
000099FD : FFFC;
000099FE : FFEC;
000099FF : 000C;
00009A00 : 0013;
00009A01 : 000D;
00009A02 : FFEE;
00009A03 : FFFA;
00009A04 : FFE8;
00009A05 : FFD5;
00009A06 : FFE9;
00009A07 : 0004;
00009A08 : FFF0;
00009A09 : FFE8;
00009A0A : FFEE;
00009A0B : FFF1;
00009A0C : 0019;
00009A0D : 001C;
00009A0E : 001C;
00009A0F : 001C;
00009A10 : 0021;
00009A11 : 001F;
00009A12 : 002A;
00009A13 : 0013;
00009A14 : 000D;
00009A15 : FFFA;
00009A16 : FFFB;
00009A17 : 0008;
00009A18 : FFE4;
00009A19 : FFEE;
00009A1A : 0012;
00009A1B : 002F;
00009A1C : 0021;
00009A1D : 0011;
00009A1E : 0018;
00009A1F : 005F;
00009A20 : 0033;
00009A21 : 0012;
00009A22 : 0022;
00009A23 : 000F;
00009A24 : 0013;
00009A25 : 0008;
00009A26 : 000F;
00009A27 : 0006;
00009A28 : FFFC;
00009A29 : FFFF;
00009A2A : 0002;
00009A2B : FFEE;
00009A2C : FFDD;
00009A2D : FFDF;
00009A2E : FFE6;
00009A2F : FFE3;
00009A30 : FFF1;
00009A31 : FFFA;
00009A32 : FFFA;
00009A33 : 000B;
00009A34 : FFFA;
00009A35 : FFF2;
00009A36 : 000B;
00009A37 : 0016;
00009A38 : 0010;
00009A39 : 000A;
00009A3A : FFF7;
00009A3B : 0012;
00009A3C : 0005;
00009A3D : 0002;
00009A3E : 0001;
00009A3F : FFFE;
00009A40 : FFF5;
00009A41 : FFF4;
00009A42 : FFFB;
00009A43 : FFFD;
00009A44 : FFFC;
00009A45 : 001F;
00009A46 : 0006;
00009A47 : FFC7;
00009A48 : FFBA;
00009A49 : FFF3;
00009A4A : 000E;
00009A4B : FFFB;
00009A4C : FFFD;
00009A4D : 000E;
00009A4E : FFFD;
00009A4F : FFED;
00009A50 : FFD9;
00009A51 : FF9C;
00009A52 : FFC9;
00009A53 : FFE7;
00009A54 : FFE5;
00009A55 : FFD9;
00009A56 : FFDF;
00009A57 : FFB4;
00009A58 : FFA6;
00009A59 : FFDB;
00009A5A : FFCD;
00009A5B : FFC1;
00009A5C : FFFA;
00009A5D : FFFD;
00009A5E : FFF9;
00009A5F : 0005;
00009A60 : FFE6;
00009A61 : 0002;
00009A62 : FFF2;
00009A63 : FFE3;
00009A64 : 0015;
00009A65 : 001F;
00009A66 : 000D;
00009A67 : 0006;
00009A68 : 000A;
00009A69 : 0020;
00009A6A : 0040;
00009A6B : 0001;
00009A6C : 0028;
00009A6D : 0017;
00009A6E : FFF1;
00009A6F : FFF4;
00009A70 : 001A;
00009A71 : 0014;
00009A72 : FFC4;
00009A73 : FFB1;
00009A74 : FFC6;
00009A75 : 0000;
00009A76 : FFF5;
00009A77 : FFEA;
00009A78 : FFE8;
00009A79 : 0003;
00009A7A : FFF4;
00009A7B : FFFC;
00009A7C : FFEE;
00009A7D : 000B;
00009A7E : 0004;
00009A7F : FFE8;
00009A80 : FFF2;
00009A81 : 0012;
00009A82 : 0009;
00009A83 : 0005;
00009A84 : FFF6;
00009A85 : FFF2;
00009A86 : FFE3;
00009A87 : 0000;
00009A88 : 000B;
00009A89 : FFE7;
00009A8A : FFE2;
00009A8B : 0004;
00009A8C : FFF2;
00009A8D : 000A;
00009A8E : FFF7;
00009A8F : 0012;
00009A90 : FFF7;
00009A91 : FFEC;
00009A92 : FFC7;
00009A93 : FFD4;
00009A94 : FFB0;
00009A95 : FFB5;
00009A96 : FFE5;
00009A97 : FFF2;
00009A98 : FFE5;
00009A99 : FFBC;
00009A9A : FFC4;
00009A9B : FFD0;
00009A9C : FFE8;
00009A9D : FFE2;
00009A9E : FFDA;
00009A9F : FFD1;
00009AA0 : FFC2;
00009AA1 : FFE6;
00009AA2 : FFF7;
00009AA3 : 0004;
00009AA4 : FFFB;
00009AA5 : FFF1;
00009AA6 : FFF0;
00009AA7 : FFD2;
00009AA8 : FFF2;
00009AA9 : FFE0;
00009AAA : FFE6;
00009AAB : FFFC;
00009AAC : 0001;
00009AAD : 001B;
00009AAE : 0016;
00009AAF : FFF8;
00009AB0 : FFEE;
00009AB1 : FFF8;
00009AB2 : FFF8;
00009AB3 : FFEB;
00009AB4 : 0011;
00009AB5 : 0013;
00009AB6 : FFFE;
00009AB7 : FFE6;
00009AB8 : FFC9;
00009AB9 : FFE9;
00009ABA : FFF5;
00009ABB : FFEC;
00009ABC : FFE5;
00009ABD : 0017;
00009ABE : 0006;
00009ABF : 0037;
00009AC0 : 0009;
00009AC1 : FFFD;
00009AC2 : 001B;
00009AC3 : 0021;
00009AC4 : 0017;
00009AC5 : 000A;
00009AC6 : 000B;
00009AC7 : 0007;
00009AC8 : FFF6;
00009AC9 : FFFA;
00009ACA : FFF0;
00009ACB : 0004;
00009ACC : FFFB;
00009ACD : FFF0;
00009ACE : FFF9;
00009ACF : FFF5;
00009AD0 : 0001;
00009AD1 : FFE9;
00009AD2 : 0002;
00009AD3 : 000A;
00009AD4 : 0014;
00009AD5 : 0011;
00009AD6 : 0027;
00009AD7 : 002C;
00009AD8 : 003B;
00009AD9 : 003F;
00009ADA : 0010;
00009ADB : 002B;
00009ADC : 0060;
00009ADD : 004B;
00009ADE : 0035;
00009ADF : 0039;
00009AE0 : 0039;
00009AE1 : 0046;
00009AE2 : 0039;
00009AE3 : 0035;
00009AE4 : 003C;
00009AE5 : 003A;
00009AE6 : 0019;
00009AE7 : 0010;
00009AE8 : 0029;
00009AE9 : 002B;
00009AEA : 0041;
00009AEB : 0030;
00009AEC : 001C;
00009AED : 001E;
00009AEE : 0037;
00009AEF : 002A;
00009AF0 : 0021;
00009AF1 : 002A;
00009AF2 : 0036;
00009AF3 : 0033;
00009AF4 : 0021;
00009AF5 : 0004;
00009AF6 : 0009;
00009AF7 : 0005;
00009AF8 : 0015;
00009AF9 : 0024;
00009AFA : 0024;
00009AFB : 0029;
00009AFC : 0025;
00009AFD : 002B;
00009AFE : 002A;
00009AFF : 0022;
00009B00 : 0041;
00009B01 : 0039;
00009B02 : 0032;
00009B03 : 0006;
00009B04 : FFF6;
00009B05 : 000F;
00009B06 : 0028;
00009B07 : 003C;
00009B08 : 0029;
00009B09 : 0053;
00009B0A : 001E;
00009B0B : 003E;
00009B0C : 0051;
00009B0D : 0049;
00009B0E : 002A;
00009B0F : 002A;
00009B10 : 003A;
00009B11 : 0028;
00009B12 : 001A;
00009B13 : 0011;
00009B14 : FFEF;
00009B15 : FFF8;
00009B16 : FFE3;
00009B17 : FFE4;
00009B18 : FFE9;
00009B19 : FFCE;
00009B1A : FFC0;
00009B1B : FFDC;
00009B1C : 0009;
00009B1D : FFF8;
00009B1E : 0006;
00009B1F : FFCD;
00009B20 : FFFB;
00009B21 : FFF7;
00009B22 : FFDF;
00009B23 : FFCA;
00009B24 : FFC5;
00009B25 : FFD3;
00009B26 : FFBC;
00009B27 : FFED;
00009B28 : FFF4;
00009B29 : 0026;
00009B2A : FFE3;
00009B2B : FFAC;
00009B2C : FFD7;
00009B2D : FFA5;
00009B2E : FFE8;
00009B2F : FFE8;
00009B30 : FFCC;
00009B31 : FFF9;
00009B32 : FFEC;
00009B33 : FFEA;
00009B34 : FFD5;
00009B35 : FFEC;
00009B36 : FFD5;
00009B37 : FF9F;
00009B38 : FF98;
00009B39 : FFF5;
00009B3A : FFE3;
00009B3B : FFDD;
00009B3C : FFE0;
00009B3D : FFDD;
00009B3E : FFE6;
00009B3F : FFC8;
00009B40 : FFDC;
00009B41 : FFBB;
00009B42 : FFCD;
00009B43 : FFDF;
00009B44 : FFE9;
00009B45 : FFFA;
00009B46 : 001A;
00009B47 : 0010;
00009B48 : 0008;
00009B49 : FFFD;
00009B4A : 0009;
00009B4B : 001C;
00009B4C : FFFB;
00009B4D : 0005;
00009B4E : FFF1;
00009B4F : FFFB;
00009B50 : FFD9;
00009B51 : FFC3;
00009B52 : FFDD;
00009B53 : FFE2;
00009B54 : FFE8;
00009B55 : 000B;
00009B56 : 0018;
00009B57 : 0015;
00009B58 : 0011;
00009B59 : 0007;
00009B5A : FFFC;
00009B5B : 0016;
00009B5C : 0032;
00009B5D : 002C;
00009B5E : 0037;
00009B5F : 001E;
00009B60 : 001B;
00009B61 : 000A;
00009B62 : 002E;
00009B63 : 0045;
00009B64 : 0014;
00009B65 : 0018;
00009B66 : FFEF;
00009B67 : FFEC;
00009B68 : FFFA;
00009B69 : 0006;
00009B6A : 0002;
00009B6B : 0006;
00009B6C : 002D;
00009B6D : 001F;
00009B6E : 0036;
00009B6F : 0041;
00009B70 : 002B;
00009B71 : 0014;
00009B72 : FFFA;
00009B73 : 0018;
00009B74 : 0017;
00009B75 : 0035;
00009B76 : 002D;
00009B77 : 0031;
00009B78 : 0026;
00009B79 : 0031;
00009B7A : 0032;
00009B7B : 0043;
00009B7C : 001B;
00009B7D : 0010;
00009B7E : 0007;
00009B7F : 000D;
00009B80 : 002C;
00009B81 : 002A;
00009B82 : FFF4;
00009B83 : FFE7;
00009B84 : FFE4;
00009B85 : 000F;
00009B86 : FFED;
00009B87 : FFE8;
00009B88 : 0000;
00009B89 : FFE4;
00009B8A : FFFD;
00009B8B : 0004;
00009B8C : 0014;
00009B8D : 001E;
00009B8E : FFF2;
00009B8F : FFF6;
00009B90 : FFD3;
00009B91 : FFD9;
00009B92 : FFC8;
00009B93 : FFD9;
00009B94 : 001F;
00009B95 : 002F;
00009B96 : 0026;
00009B97 : 0016;
00009B98 : 001B;
00009B99 : 0010;
00009B9A : 0004;
00009B9B : 000E;
00009B9C : 0006;
00009B9D : 000D;
00009B9E : 000B;
00009B9F : 0013;
00009BA0 : 001B;
00009BA1 : 001B;
00009BA2 : FFF8;
00009BA3 : 000A;
00009BA4 : FFFE;
00009BA5 : 0002;
00009BA6 : FFFC;
00009BA7 : FFE3;
00009BA8 : FFEB;
00009BA9 : FFEC;
00009BAA : FFD0;
00009BAB : FFD6;
00009BAC : FFC8;
00009BAD : FFEC;
00009BAE : FFB3;
00009BAF : FFAC;
00009BB0 : FFBF;
00009BB1 : FFAF;
00009BB2 : FFBF;
00009BB3 : FFE9;
00009BB4 : 0003;
00009BB5 : 0010;
00009BB6 : FFEB;
00009BB7 : FFC1;
00009BB8 : FFDD;
00009BB9 : FFB5;
00009BBA : FFC1;
00009BBB : FFC7;
00009BBC : FFD1;
00009BBD : FFE9;
00009BBE : FFC0;
00009BBF : FFDA;
00009BC0 : FFF9;
00009BC1 : FFDD;
00009BC2 : FFFD;
00009BC3 : FFED;
00009BC4 : FFC5;
00009BC5 : FFD2;
00009BC6 : FFCA;
00009BC7 : FFD4;
00009BC8 : FFE8;
00009BC9 : FFCE;
00009BCA : FFCF;
00009BCB : FFD4;
00009BCC : FFFE;
00009BCD : 0008;
00009BCE : FFDD;
00009BCF : 0001;
00009BD0 : 0009;
00009BD1 : FFF6;
00009BD2 : 0000;
00009BD3 : 0009;
00009BD4 : FFDF;
00009BD5 : 0024;
00009BD6 : 0021;
00009BD7 : 001A;
00009BD8 : 0013;
00009BD9 : 0013;
00009BDA : 000E;
00009BDB : FFDF;
00009BDC : FFC5;
00009BDD : FFFC;
00009BDE : 0033;
00009BDF : FFE7;
00009BE0 : FFBF;
00009BE1 : FFEB;
00009BE2 : FFC8;
00009BE3 : FFDA;
00009BE4 : FFF3;
00009BE5 : FFFE;
00009BE6 : FFF6;
00009BE7 : FFCF;
00009BE8 : FFE7;
00009BE9 : FFC7;
00009BEA : FFB3;
00009BEB : FFD8;
00009BEC : FFD9;
00009BED : FFD7;
00009BEE : FFCB;
00009BEF : FFD5;
00009BF0 : FFD8;
00009BF1 : FFE6;
00009BF2 : FFE0;
00009BF3 : FFF6;
00009BF4 : FFF2;
00009BF5 : FFEA;
00009BF6 : FFD1;
00009BF7 : FFE0;
00009BF8 : FFEF;
00009BF9 : FFD3;
00009BFA : FFDE;
00009BFB : FFDF;
00009BFC : 0025;
00009BFD : FFF2;
00009BFE : FFE7;
00009BFF : FFEE;
00009C00 : FFEF;
00009C01 : FFEF;
00009C02 : FFDE;
00009C03 : FFE7;
00009C04 : FFC8;
00009C05 : FFCB;
00009C06 : FFB4;
00009C07 : FFBD;
00009C08 : FFD8;
00009C09 : FFBF;
00009C0A : FFC1;
00009C0B : FFC6;
00009C0C : FFE9;
00009C0D : FFE0;
00009C0E : FFF4;
00009C0F : FFFB;
00009C10 : FFF7;
00009C11 : FFD3;
00009C12 : FFFF;
00009C13 : FFDC;
00009C14 : FFFF;
00009C15 : 0015;
00009C16 : 0036;
00009C17 : FFEC;
00009C18 : FFCE;
00009C19 : FFF4;
00009C1A : 000A;
00009C1B : 0021;
00009C1C : 0013;
00009C1D : 0015;
00009C1E : 0011;
00009C1F : FFFE;
00009C20 : 000F;
00009C21 : FFC3;
00009C22 : FFDD;
00009C23 : 001C;
00009C24 : FFE0;
00009C25 : FFF9;
00009C26 : FFEC;
00009C27 : 000F;
00009C28 : FFDB;
00009C29 : FFC2;
00009C2A : FFBE;
00009C2B : FFC7;
00009C2C : FFD1;
00009C2D : FFCB;
00009C2E : FFCB;
00009C2F : FFFF;
00009C30 : FFEE;
00009C31 : FFC5;
00009C32 : FFF9;
00009C33 : 0018;
00009C34 : 0029;
00009C35 : 002C;
00009C36 : 001D;
00009C37 : FFDC;
00009C38 : FFD9;
00009C39 : FFE2;
00009C3A : FFB8;
00009C3B : 0018;
00009C3C : 003D;
00009C3D : 0026;
00009C3E : 0025;
00009C3F : 0028;
00009C40 : 003C;
00009C41 : 0017;
00009C42 : 0034;
00009C43 : 0012;
00009C44 : 000E;
00009C45 : 0015;
00009C46 : 002D;
00009C47 : 002B;
00009C48 : 0021;
00009C49 : 000F;
00009C4A : 000D;
00009C4B : FFF9;
00009C4C : FFEB;
00009C4D : 0019;
00009C4E : FFF1;
00009C4F : 0014;
00009C50 : FFCF;
00009C51 : FFF0;
00009C52 : 003C;
00009C53 : 0019;
00009C54 : 0006;
00009C55 : FFD4;
00009C56 : FFC5;
00009C57 : FFCF;
00009C58 : FFDB;
00009C59 : 0001;
00009C5A : FFFF;
00009C5B : 0030;
00009C5C : 0022;
00009C5D : 0035;
00009C5E : 000A;
00009C5F : 0036;
00009C60 : 0039;
00009C61 : 0014;
00009C62 : 001E;
00009C63 : 002A;
00009C64 : 002C;
00009C65 : FFF1;
00009C66 : FFDD;
00009C67 : FFEC;
00009C68 : 0043;
00009C69 : 0012;
00009C6A : FFF4;
00009C6B : FFFB;
00009C6C : FFEC;
00009C6D : FFE8;
00009C6E : FFD7;
00009C6F : 0019;
00009C70 : 0027;
00009C71 : 002E;
00009C72 : 001A;
00009C73 : 000C;
00009C74 : 0027;
00009C75 : 000D;
00009C76 : 002E;
00009C77 : 004D;
00009C78 : 005C;
00009C79 : 0069;
00009C7A : 005E;
00009C7B : 005C;
00009C7C : FFFE;
00009C7D : 0049;
00009C7E : 0049;
00009C7F : 001E;
00009C80 : 0034;
00009C81 : 0039;
00009C82 : 0041;
00009C83 : 000C;
00009C84 : 002B;
00009C85 : 0028;
00009C86 : 002C;
00009C87 : 0037;
00009C88 : 002C;
00009C89 : FFF8;
00009C8A : FFEF;
00009C8B : FFFC;
00009C8C : 0030;
00009C8D : 0019;
00009C8E : 0007;
00009C8F : 0010;
00009C90 : 0011;
00009C91 : FFC8;
00009C92 : FFFD;
00009C93 : 0022;
00009C94 : FFAA;
00009C95 : FFAC;
00009C96 : FF9C;
00009C97 : FFCD;
00009C98 : FFEA;
00009C99 : FFE8;
00009C9A : FFD9;
00009C9B : FFCF;
00009C9C : 0022;
00009C9D : 0050;
00009C9E : 0040;
00009C9F : 0033;
00009CA0 : 004A;
00009CA1 : 003A;
00009CA2 : 0045;
00009CA3 : 0028;
00009CA4 : FFF6;
00009CA5 : 003F;
00009CA6 : 0055;
00009CA7 : 0023;
00009CA8 : 000A;
00009CA9 : 0020;
00009CAA : FFFA;
00009CAB : FFF1;
00009CAC : 0031;
00009CAD : 0052;
00009CAE : 004D;
00009CAF : 003A;
00009CB0 : 0003;
00009CB1 : 001E;
00009CB2 : 0032;
00009CB3 : FFE3;
00009CB4 : 001E;
00009CB5 : 0038;
00009CB6 : 007D;
00009CB7 : 0083;
00009CB8 : 009E;
00009CB9 : 0083;
00009CBA : 006D;
00009CBB : FF9B;
00009CBC : FF94;
00009CBD : FF90;
00009CBE : FF90;
00009CBF : FFB3;
00009CC0 : FFA0;
00009CC1 : FFF9;
00009CC2 : FFDF;
00009CC3 : FFE5;
00009CC4 : 0031;
00009CC5 : 000C;
00009CC6 : FFF2;
00009CC7 : FFBE;
00009CC8 : FFC4;
00009CC9 : FFE9;
00009CCA : 0003;
00009CCB : 0010;
00009CCC : 0009;
00009CCD : 000A;
00009CCE : 001C;
00009CCF : 0044;
00009CD0 : 002E;
00009CD1 : 001F;
00009CD2 : 000B;
00009CD3 : 003D;
00009CD4 : 0026;
00009CD5 : 0000;
00009CD6 : 0013;
00009CD7 : 0018;
00009CD8 : 0007;
00009CD9 : 0013;
00009CDA : 0035;
00009CDB : 0018;
00009CDC : 001D;
00009CDD : 0006;
00009CDE : FFF9;
00009CDF : FFF9;
00009CE0 : 0020;
00009CE1 : 000C;
00009CE2 : 0011;
00009CE3 : FFF3;
00009CE4 : 000A;
00009CE5 : FFC8;
00009CE6 : FFCC;
00009CE7 : 000D;
00009CE8 : 0019;
00009CE9 : FFD4;
00009CEA : FFFF;
00009CEB : FFE8;
00009CEC : FFF8;
00009CED : FFF6;
00009CEE : FFE4;
00009CEF : FFD6;
00009CF0 : FFE7;
00009CF1 : FFD8;
00009CF2 : FFEF;
00009CF3 : FFEE;
00009CF4 : FFCC;
00009CF5 : 000D;
00009CF6 : FFF7;
00009CF7 : FFE6;
00009CF8 : 001D;
00009CF9 : 0004;
00009CFA : 0004;
00009CFB : 0023;
00009CFC : 0014;
00009CFD : 0029;
00009CFE : 0010;
00009CFF : 0028;
00009D00 : 0005;
00009D01 : 0013;
00009D02 : 0003;
00009D03 : FFE2;
00009D04 : FFF9;
00009D05 : FFFE;
00009D06 : FFE1;
00009D07 : FFE3;
00009D08 : FFFE;
00009D09 : 0015;
00009D0A : 0034;
00009D0B : 001F;
00009D0C : 003F;
00009D0D : 001E;
00009D0E : 0011;
00009D0F : FFE8;
00009D10 : FFB9;
00009D11 : FFD0;
00009D12 : FFDD;
00009D13 : FFB1;
00009D14 : FFE4;
00009D15 : FFE4;
00009D16 : FFE1;
00009D17 : FFC5;
00009D18 : FFDB;
00009D19 : FFE3;
00009D1A : FFCA;
00009D1B : FFB7;
00009D1C : FFBE;
00009D1D : FFDB;
00009D1E : FFC5;
00009D1F : FF93;
00009D20 : FF7F;
00009D21 : FFA9;
00009D22 : FFE1;
00009D23 : FFB2;
00009D24 : FFB7;
00009D25 : FFED;
00009D26 : FFBC;
00009D27 : FFDA;
00009D28 : FFD1;
00009D29 : FFCC;
00009D2A : FFEA;
00009D2B : FFEB;
00009D2C : FFE1;
00009D2D : FFC8;
00009D2E : FFB1;
00009D2F : FFB6;
00009D30 : FFE9;
00009D31 : FFF8;
00009D32 : FFD9;
00009D33 : FFC0;
00009D34 : FFEC;
00009D35 : FFDD;
00009D36 : FFE8;
00009D37 : FFD9;
00009D38 : FFDD;
00009D39 : FFF9;
00009D3A : FFE9;
00009D3B : 0011;
00009D3C : 0011;
00009D3D : 0023;
00009D3E : 000B;
00009D3F : FFEE;
00009D40 : FFDA;
00009D41 : FFD2;
00009D42 : FFE0;
00009D43 : FFD4;
00009D44 : FFF5;
00009D45 : FFFC;
00009D46 : 0005;
00009D47 : 0016;
00009D48 : FFEB;
00009D49 : FFF0;
00009D4A : FFDB;
00009D4B : FFD8;
00009D4C : FFD6;
00009D4D : FFE2;
00009D4E : FFE0;
00009D4F : FFC8;
00009D50 : FFF8;
00009D51 : FFC5;
00009D52 : FFD3;
00009D53 : FFDA;
00009D54 : FFD1;
00009D55 : FFE5;
00009D56 : FFFF;
00009D57 : FFF7;
00009D58 : FFC7;
00009D59 : FFC4;
00009D5A : FFDC;
00009D5B : FFE7;
00009D5C : FFAE;
00009D5D : FFD9;
00009D5E : FFC4;
00009D5F : FFDC;
00009D60 : FFD6;
00009D61 : FFB2;
00009D62 : FFE2;
00009D63 : FFF5;
00009D64 : FFEC;
00009D65 : FFDC;
00009D66 : FFE8;
00009D67 : FFF7;
00009D68 : FFE5;
00009D69 : FFD9;
00009D6A : FFDE;
00009D6B : FFD4;
00009D6C : FFE8;
00009D6D : FFEB;
00009D6E : FFFC;
00009D6F : FFE8;
00009D70 : 0018;
00009D71 : 0005;
00009D72 : 0009;
00009D73 : FFF5;
00009D74 : FFE3;
00009D75 : 0007;
00009D76 : FFE4;
00009D77 : 001C;
00009D78 : 0042;
00009D79 : 004E;
00009D7A : 0055;
00009D7B : 0036;
00009D7C : 002C;
00009D7D : 003A;
00009D7E : 003C;
00009D7F : 0034;
00009D80 : 002C;
00009D81 : 0047;
00009D82 : 0020;
00009D83 : 0010;
00009D84 : 002F;
00009D85 : 000E;
00009D86 : 0030;
00009D87 : FFE2;
00009D88 : FFEF;
00009D89 : 0008;
00009D8A : 0017;
00009D8B : 001A;
00009D8C : 000D;
00009D8D : FFFE;
00009D8E : 001B;
00009D8F : 002A;
00009D90 : FFFA;
00009D91 : 000A;
00009D92 : 004A;
00009D93 : 0074;
00009D94 : 0062;
00009D95 : 007E;
00009D96 : 0083;
00009D97 : 006E;
00009D98 : 0059;
00009D99 : 007A;
00009D9A : 0088;
00009D9B : 0085;
00009D9C : 0077;
00009D9D : 0068;
00009D9E : 005A;
00009D9F : 0055;
00009DA0 : 0027;
00009DA1 : 0043;
00009DA2 : 0055;
00009DA3 : 0068;
00009DA4 : 0049;
00009DA5 : 002B;
00009DA6 : 001E;
00009DA7 : 001A;
00009DA8 : 0048;
00009DA9 : 0034;
00009DAA : 001D;
00009DAB : 0044;
00009DAC : 0049;
00009DAD : 004E;
00009DAE : 006A;
00009DAF : 0063;
00009DB0 : 0079;
00009DB1 : 0071;
00009DB2 : 007A;
00009DB3 : 005E;
00009DB4 : 0062;
00009DB5 : 0051;
00009DB6 : 0042;
00009DB7 : 0055;
00009DB8 : 002E;
00009DB9 : 0039;
00009DBA : 0019;
00009DBB : 001F;
00009DBC : 002E;
00009DBD : 004B;
00009DBE : 0038;
00009DBF : 001A;
00009DC0 : 0012;
00009DC1 : FFFD;
00009DC2 : 002F;
00009DC3 : 004A;
00009DC4 : 0031;
00009DC5 : 0018;
00009DC6 : 0028;
00009DC7 : 0035;
00009DC8 : 0014;
00009DC9 : 0031;
00009DCA : 0038;
00009DCB : FFEF;
00009DCC : 0019;
00009DCD : 002E;
00009DCE : 000F;
00009DCF : 0023;
00009DD0 : 0025;
00009DD1 : 002E;
00009DD2 : 002C;
00009DD3 : 0019;
00009DD4 : 0033;
00009DD5 : 0047;
00009DD6 : 0046;
00009DD7 : 005A;
00009DD8 : 0046;
00009DD9 : 0047;
00009DDA : 0055;
00009DDB : 0036;
00009DDC : 004F;
00009DDD : 006C;
00009DDE : FFDA;
00009DDF : FFDB;
00009DE0 : FFCE;
00009DE1 : FFC9;
00009DE2 : FFF2;
00009DE3 : FFDB;
00009DE4 : FFA3;
00009DE5 : FFBD;
00009DE6 : FFC6;
00009DE7 : FFC6;
00009DE8 : FFC0;
00009DE9 : FFDC;
00009DEA : 000C;
00009DEB : FFE0;
00009DEC : FFBF;
00009DED : FFDC;
00009DEE : 0007;
00009DEF : 0008;
00009DF0 : 000B;
00009DF1 : 001B;
00009DF2 : 001E;
00009DF3 : FFE2;
00009DF4 : FFE1;
00009DF5 : 0000;
00009DF6 : FFF5;
00009DF7 : FFE8;
00009DF8 : FFD4;
00009DF9 : FFA4;
00009DFA : FFAF;
00009DFB : FFCB;
00009DFC : FFCA;
00009DFD : FFE2;
00009DFE : FFF5;
00009DFF : FFB6;
00009E00 : FFB3;
00009E01 : FFB1;
00009E02 : FFB6;
00009E03 : FFC2;
00009E04 : FFB6;
00009E05 : FFCC;
00009E06 : FFE0;
00009E07 : FFFA;
00009E08 : 0024;
00009E09 : 0015;
00009E0A : 001C;
00009E0B : 0054;
00009E0C : 003E;
00009E0D : 003B;
00009E0E : 005B;
00009E0F : 004C;
00009E10 : 0045;
00009E11 : 0039;
00009E12 : 0027;
00009E13 : 002C;
00009E14 : 003D;
00009E15 : 003F;
00009E16 : 0031;
00009E17 : 0039;
00009E18 : 003C;
00009E19 : 0043;
00009E1A : 003F;
00009E1B : 0041;
00009E1C : 0034;
00009E1D : 0045;
00009E1E : 003A;
00009E1F : 0028;
00009E20 : 0040;
00009E21 : FFF6;
00009E22 : FFFE;
00009E23 : 0020;
00009E24 : 0021;
00009E25 : 001C;
00009E26 : 004D;
00009E27 : 0016;
00009E28 : 0005;
00009E29 : FFEE;
00009E2A : FFEA;
00009E2B : FFFE;
00009E2C : 0005;
00009E2D : FFF3;
00009E2E : FFFD;
00009E2F : 002C;
00009E30 : 0015;
00009E31 : 0010;
00009E32 : 0015;
00009E33 : 0017;
00009E34 : 001E;
00009E35 : 0009;
00009E36 : 0009;
00009E37 : 0013;
00009E38 : 000C;
00009E39 : 001F;
00009E3A : FFF2;
00009E3B : FFEA;
00009E3C : 000A;
00009E3D : FFE6;
00009E3E : FFEC;
00009E3F : 0019;
00009E40 : 0012;
00009E41 : 0020;
00009E42 : 0014;
00009E43 : 000C;
00009E44 : 0018;
00009E45 : 0022;
00009E46 : 001C;
00009E47 : 0019;
00009E48 : 0021;
00009E49 : 0018;
00009E4A : FFFD;
00009E4B : 000D;
00009E4C : 0023;
00009E4D : 0021;
00009E4E : 002C;
00009E4F : 0012;
00009E50 : 0014;
00009E51 : 0013;
00009E52 : 001E;
00009E53 : 003A;
00009E54 : 0013;
00009E55 : 0027;
00009E56 : 0005;
00009E57 : 0007;
00009E58 : FFFE;
00009E59 : 0016;
00009E5A : FFF8;
00009E5B : 0047;
00009E5C : 007B;
00009E5D : 0081;
00009E5E : 007A;
00009E5F : 006F;
00009E60 : 0077;
00009E61 : 0050;
00009E62 : 004F;
00009E63 : 0048;
00009E64 : 004D;
00009E65 : 0041;
00009E66 : 004B;
00009E67 : 003F;
00009E68 : 0024;
00009E69 : 0034;
00009E6A : 0060;
00009E6B : 0033;
00009E6C : FFF7;
00009E6D : FFD4;
00009E6E : FFCF;
00009E6F : FFDB;
00009E70 : FFCE;
00009E71 : FFDB;
00009E72 : FFF1;
00009E73 : FFF9;
00009E74 : FFC7;
00009E75 : FFE2;
00009E76 : FFF3;
00009E77 : FFD9;
00009E78 : FFB4;
00009E79 : FFDB;
00009E7A : FFE9;
00009E7B : FFED;
00009E7C : FFE6;
00009E7D : FFDA;
00009E7E : FFE3;
00009E7F : FFDD;
00009E80 : FFD9;
00009E81 : FFDC;
00009E82 : FFCA;
00009E83 : FFDB;
00009E84 : FFE0;
00009E85 : FFE3;
00009E86 : FFCA;
00009E87 : FF9C;
00009E88 : FFBE;
00009E89 : FFE4;
00009E8A : 0002;
00009E8B : FFFE;
00009E8C : FFE6;
00009E8D : 0001;
00009E8E : FFFE;
00009E8F : FFFC;
00009E90 : FFF3;
00009E91 : FFDB;
00009E92 : FFF9;
00009E93 : 000D;
00009E94 : 0005;
00009E95 : 001B;
00009E96 : FFF4;
00009E97 : FFF5;
00009E98 : FFE4;
00009E99 : FFF9;
00009E9A : 0013;
00009E9B : 000B;
00009E9C : 0019;
00009E9D : 0033;
00009E9E : 001D;
00009E9F : FFFC;
00009EA0 : 000B;
00009EA1 : 000A;
00009EA2 : 0030;
00009EA3 : 0044;
00009EA4 : 003B;
00009EA5 : 0040;
00009EA6 : 002A;
00009EA7 : 0034;
00009EA8 : 0034;
00009EA9 : 0043;
00009EAA : 0054;
00009EAB : 002B;
00009EAC : 0023;
00009EAD : 002A;
00009EAE : 0043;
00009EAF : 0033;
00009EB0 : 0046;
00009EB1 : 0049;
00009EB2 : 0063;
00009EB3 : 0071;
00009EB4 : 0096;
00009EB5 : 0073;
00009EB6 : 0089;
00009EB7 : 0056;
00009EB8 : 005C;
00009EB9 : 0069;
00009EBA : 0066;
00009EBB : 0078;
00009EBC : 0078;
00009EBD : 006E;
00009EBE : 004C;
00009EBF : 002A;
00009EC0 : 0036;
00009EC1 : 0032;
00009EC2 : 0032;
00009EC3 : 004D;
00009EC4 : 0037;
00009EC5 : 003F;
00009EC6 : 005D;
00009EC7 : 0064;
00009EC8 : 0064;
00009EC9 : 0031;
00009ECA : 0037;
00009ECB : 0044;
00009ECC : 003D;
00009ECD : 004D;
00009ECE : 005B;
00009ECF : 0070;
00009ED0 : 0056;
00009ED1 : 003D;
00009ED2 : 002E;
00009ED3 : 0053;
00009ED4 : 0054;
00009ED5 : 002C;
00009ED6 : 0043;
00009ED7 : 0041;
00009ED8 : 0040;
00009ED9 : 000B;
00009EDA : 000D;
00009EDB : 001F;
00009EDC : 002A;
00009EDD : 001F;
00009EDE : FFFB;
00009EDF : 0042;
00009EE0 : 000C;
00009EE1 : 0010;
00009EE2 : 003A;
00009EE3 : 0010;
00009EE4 : 0030;
00009EE5 : 001F;
00009EE6 : 002E;
00009EE7 : 0038;
00009EE8 : 0048;
00009EE9 : 0015;
00009EEA : 001D;
00009EEB : 001D;
00009EEC : 001C;
00009EED : 0024;
00009EEE : 0010;
00009EEF : FFFD;
00009EF0 : 001F;
00009EF1 : 001C;
00009EF2 : 0005;
00009EF3 : 000B;
00009EF4 : FFEE;
00009EF5 : 000A;
00009EF6 : FFF1;
00009EF7 : 0014;
00009EF8 : 0014;
00009EF9 : FFD4;
00009EFA : FFE9;
00009EFB : FFFA;
00009EFC : FFE8;
00009EFD : 0018;
00009EFE : FFF9;
00009EFF : FFD9;
00009F00 : 0001;
00009F01 : 0034;
00009F02 : 0070;
00009F03 : 007A;
00009F04 : 004E;
00009F05 : 0046;
00009F06 : 0063;
00009F07 : 0050;
00009F08 : 0057;
00009F09 : 0055;
00009F0A : 003A;
00009F0B : 0069;
00009F0C : 003E;
00009F0D : 0040;
00009F0E : 0039;
00009F0F : FFF5;
00009F10 : FFF5;
00009F11 : 0027;
00009F12 : 0020;
00009F13 : 0022;
00009F14 : 002F;
00009F15 : 004E;
00009F16 : 002B;
00009F17 : 002B;
00009F18 : 0027;
00009F19 : 003B;
00009F1A : 004B;
00009F1B : 003F;
00009F1C : 0032;
00009F1D : 0022;
00009F1E : 0026;
00009F1F : 0018;
00009F20 : 001A;
00009F21 : 001D;
00009F22 : 003F;
00009F23 : 004D;
00009F24 : 0048;
00009F25 : 0051;
00009F26 : 0044;
00009F27 : 0046;
00009F28 : 0045;
00009F29 : 002C;
00009F2A : 0030;
00009F2B : 000F;
00009F2C : 000E;
00009F2D : 004C;
00009F2E : 0035;
00009F2F : 0022;
00009F30 : 005C;
00009F31 : 003E;
00009F32 : 0055;
00009F33 : 0069;
00009F34 : 007F;
00009F35 : 005B;
00009F36 : 0040;
00009F37 : 0028;
00009F38 : 0040;
00009F39 : 0042;
00009F3A : 0057;
00009F3B : 005C;
00009F3C : 005E;
00009F3D : 007F;
00009F3E : 0061;
00009F3F : 00B9;
00009F40 : 007F;
00009F41 : 0028;
00009F42 : 0040;
00009F43 : 002E;
00009F44 : 0059;
00009F45 : 0068;
00009F46 : 0055;
00009F47 : 003B;
00009F48 : 003D;
00009F49 : 0030;
00009F4A : 003D;
00009F4B : 007E;
00009F4C : 0074;
00009F4D : 00BC;
00009F4E : 009F;
00009F4F : 00C1;
00009F50 : 0087;
00009F51 : 0013;
00009F52 : FFF9;
00009F53 : 0059;
00009F54 : 0054;
00009F55 : 006E;
00009F56 : 0058;
00009F57 : 006D;
00009F58 : 0059;
00009F59 : 0066;
00009F5A : 0072;
00009F5B : 0065;
00009F5C : 002C;
00009F5D : 0006;
00009F5E : FFF2;
00009F5F : 0012;
00009F60 : 0035;
00009F61 : 008B;
00009F62 : 0093;
00009F63 : 0094;
00009F64 : 0021;
00009F65 : 0012;
00009F66 : 003E;
00009F67 : 0050;
00009F68 : 0058;
00009F69 : 004A;
00009F6A : 003A;
00009F6B : 0027;
00009F6C : FFF1;
00009F6D : 0004;
00009F6E : 0005;
00009F6F : 0006;
00009F70 : 001D;
00009F71 : 001A;
00009F72 : 0017;
00009F73 : 001C;
00009F74 : 0019;
00009F75 : 000F;
00009F76 : 000B;
00009F77 : 0019;
00009F78 : 0021;
00009F79 : 001D;
00009F7A : 0000;
00009F7B : 0018;
00009F7C : 0045;
00009F7D : 003E;
00009F7E : 0027;
00009F7F : 005A;
00009F80 : 0035;
00009F81 : 003F;
00009F82 : 0052;
00009F83 : 0021;
00009F84 : 0009;
00009F85 : 0035;
00009F86 : 0020;
00009F87 : 0015;
00009F88 : 001F;
00009F89 : 0018;
00009F8A : 0033;
00009F8B : 0035;
00009F8C : 004D;
00009F8D : 002B;
00009F8E : 0004;
00009F8F : 001D;
00009F90 : 0001;
00009F91 : 0010;
00009F92 : FFF4;
00009F93 : FFF6;
00009F94 : FFFE;
00009F95 : FFCE;
00009F96 : FFF8;
00009F97 : FFF7;
00009F98 : FFF9;
00009F99 : FFEF;
00009F9A : FFD7;
00009F9B : FFCB;
00009F9C : FFE5;
00009F9D : FFFF;
00009F9E : FFE8;
00009F9F : FFEF;
00009FA0 : FFEF;
00009FA1 : 0002;
00009FA2 : 0017;
00009FA3 : 001D;
00009FA4 : 000F;
00009FA5 : FFF3;
00009FA6 : FFEA;
00009FA7 : FFF1;
00009FA8 : FFEB;
00009FA9 : FFE3;
00009FAA : FFEE;
00009FAB : 0004;
00009FAC : 0005;
00009FAD : FFF9;
00009FAE : FFEA;
00009FAF : 0002;
00009FB0 : FFFE;
00009FB1 : FFDD;
00009FB2 : FFD4;
00009FB3 : FFE7;
00009FB4 : FFF1;
00009FB5 : FFE7;
00009FB6 : FFE2;
00009FB7 : FFC5;
00009FB8 : FFDD;
00009FB9 : FFDA;
00009FBA : FFD4;
00009FBB : FFBD;
00009FBC : FFC8;
00009FBD : FFC2;
00009FBE : FFAC;
00009FBF : FFC9;
00009FC0 : FFE1;
00009FC1 : FFDD;
00009FC2 : FFEA;
00009FC3 : FFE1;
00009FC4 : FFDC;
00009FC5 : 0036;
00009FC6 : 0016;
00009FC7 : 0001;
00009FC8 : FFE1;
00009FC9 : 0000;
00009FCA : 0006;
00009FCB : 000A;
00009FCC : 0005;
00009FCD : FFD0;
00009FCE : FFAF;
00009FCF : FFF3;
00009FD0 : 0014;
00009FD1 : FFEC;
00009FD2 : 000B;
00009FD3 : 0027;
00009FD4 : 002D;
00009FD5 : 0012;
00009FD6 : FFF2;
00009FD7 : FFFB;
00009FD8 : FFF1;
00009FD9 : FFE5;
00009FDA : FFD2;
00009FDB : FFE7;
00009FDC : FFD4;
00009FDD : FFE9;
00009FDE : 0008;
00009FDF : 0000;
00009FE0 : 000C;
00009FE1 : 0005;
00009FE2 : 0006;
00009FE3 : 002A;
00009FE4 : 0002;
00009FE5 : FFCE;
00009FE6 : FFD2;
00009FE7 : FFE6;
00009FE8 : FFDD;
00009FE9 : FFF8;
00009FEA : 002C;
00009FEB : 0011;
00009FEC : 0003;
00009FED : FFFA;
00009FEE : 0000;
00009FEF : 0000;
00009FF0 : FFEC;
00009FF1 : 001C;
00009FF2 : 001E;
00009FF3 : 0022;
00009FF4 : 0029;
00009FF5 : 003F;
00009FF6 : 004D;
00009FF7 : FFFD;
00009FF8 : FFF0;
00009FF9 : FFEE;
00009FFA : FFF9;
00009FFB : 0008;
00009FFC : FFF9;
00009FFD : 0004;
00009FFE : FFFB;
00009FFF : FFF8;
0000A000 : 0012;
0000A001 : 000A;
0000A002 : FFFF;
0000A003 : FFDE;
0000A004 : FFF5;
0000A005 : FFEE;
0000A006 : FFFB;
0000A007 : 0014;
0000A008 : 0001;
0000A009 : FFEF;
0000A00A : 0037;
0000A00B : 002A;
0000A00C : 001A;
0000A00D : 0051;
0000A00E : 001D;
0000A00F : 0026;
0000A010 : 003A;
0000A011 : 0013;
0000A012 : FFF6;
0000A013 : FFE9;
0000A014 : 0016;
0000A015 : FFFC;
0000A016 : FFD7;
0000A017 : FFE2;
0000A018 : 0011;
0000A019 : 0001;
0000A01A : FFE9;
0000A01B : FFE4;
0000A01C : FFF2;
0000A01D : FFEE;
0000A01E : 0015;
0000A01F : 0016;
0000A020 : FFF2;
0000A021 : 000A;
0000A022 : 000C;
0000A023 : 0004;
0000A024 : FFCA;
0000A025 : FFCF;
0000A026 : FFBE;
0000A027 : FFC7;
0000A028 : FFD5;
0000A029 : FFE1;
0000A02A : FFE2;
0000A02B : FFE8;
0000A02C : FFFB;
0000A02D : 0013;
0000A02E : 002C;
0000A02F : FFFD;
0000A030 : FFA0;
0000A031 : 0023;
0000A032 : 002B;
0000A033 : 0000;
0000A034 : FFF4;
0000A035 : 0002;
0000A036 : 0004;
0000A037 : 0002;
0000A038 : FFF0;
0000A039 : FFED;
0000A03A : FFEC;
0000A03B : FFE5;
0000A03C : FFB4;
0000A03D : FFB3;
0000A03E : FFD2;
0000A03F : FFC5;
0000A040 : FFCD;
0000A041 : FFB4;
0000A042 : FFBC;
0000A043 : FFDC;
0000A044 : FFCB;
0000A045 : FFC6;
0000A046 : FFC7;
0000A047 : FFCD;
0000A048 : 0003;
0000A049 : FFF9;
0000A04A : 0025;
0000A04B : 0016;
0000A04C : FFEC;
0000A04D : 000E;
0000A04E : FFE7;
0000A04F : FFA4;
0000A050 : FFD1;
0000A051 : FFC7;
0000A052 : FFF9;
0000A053 : 000A;
0000A054 : 0000;
0000A055 : FFF6;
0000A056 : FFFF;
0000A057 : 0009;
0000A058 : FFF9;
0000A059 : FFFD;
0000A05A : 0021;
0000A05B : 0008;
0000A05C : 002F;
0000A05D : 0026;
0000A05E : 002F;
0000A05F : 002C;
0000A060 : 0028;
0000A061 : 0040;
0000A062 : 001B;
0000A063 : 0011;
0000A064 : 0010;
0000A065 : 0032;
0000A066 : 0021;
0000A067 : 001F;
0000A068 : 003A;
0000A069 : 004B;
0000A06A : 002F;
0000A06B : 002C;
0000A06C : 0024;
0000A06D : FFF1;
0000A06E : 002C;
0000A06F : 0016;
0000A070 : 0021;
0000A071 : 0024;
0000A072 : 0009;
0000A073 : 000D;
0000A074 : 0051;
0000A075 : 0080;
0000A076 : 003E;
0000A077 : FFFD;
0000A078 : 003B;
0000A079 : 000F;
0000A07A : 0025;
0000A07B : 0022;
0000A07C : 0020;
0000A07D : 003C;
0000A07E : 001D;
0000A07F : 0028;
0000A080 : 000E;
0000A081 : FFD0;
0000A082 : 000C;
0000A083 : FFF4;
0000A084 : 0000;
0000A085 : 0023;
0000A086 : 0016;
0000A087 : 0023;
0000A088 : 000C;
0000A089 : 001F;
0000A08A : 0002;
0000A08B : FFF4;
0000A08C : 001B;
0000A08D : 000A;
0000A08E : FFD7;
0000A08F : 0006;
0000A090 : 000A;
0000A091 : 0027;
0000A092 : 0034;
0000A093 : 0028;
0000A094 : 001E;
0000A095 : 0024;
0000A096 : 002F;
0000A097 : 0033;
0000A098 : 0019;
0000A099 : 0023;
0000A09A : 0045;
0000A09B : 0016;
0000A09C : 0033;
0000A09D : 000F;
0000A09E : 001A;
0000A09F : 0027;
0000A0A0 : 0025;
0000A0A1 : 002D;
0000A0A2 : 002B;
0000A0A3 : 0005;
0000A0A4 : 0013;
0000A0A5 : 002D;
0000A0A6 : 001D;
0000A0A7 : 000A;
0000A0A8 : 0004;
0000A0A9 : 001E;
0000A0AA : 0018;
0000A0AB : 0006;
0000A0AC : 003A;
0000A0AD : 0021;
0000A0AE : 0021;
0000A0AF : 0035;
0000A0B0 : 0017;
0000A0B1 : 0003;
0000A0B2 : 0026;
0000A0B3 : 0042;
0000A0B4 : 001A;
0000A0B5 : FFF8;
0000A0B6 : FFCF;
0000A0B7 : FFC7;
0000A0B8 : FFBD;
0000A0B9 : FFD8;
0000A0BA : FFF4;
0000A0BB : FFF5;
0000A0BC : 001F;
0000A0BD : 000D;
0000A0BE : 0010;
0000A0BF : 0011;
0000A0C0 : FFF3;
0000A0C1 : 0017;
0000A0C2 : 001F;
0000A0C3 : 0029;
0000A0C4 : 0018;
0000A0C5 : 0024;
0000A0C6 : 003A;
0000A0C7 : 0011;
0000A0C8 : 0038;
0000A0C9 : 0006;
0000A0CA : FFEF;
0000A0CB : FFF0;
0000A0CC : FFE6;
0000A0CD : 0023;
0000A0CE : 003C;
0000A0CF : 0048;
0000A0D0 : 0036;
0000A0D1 : 000F;
0000A0D2 : FFF9;
0000A0D3 : FFE8;
0000A0D4 : FFD7;
0000A0D5 : FFE2;
0000A0D6 : FFFA;
0000A0D7 : 0002;
0000A0D8 : 0006;
0000A0D9 : 001D;
0000A0DA : FFF9;
0000A0DB : 0007;
0000A0DC : FFD9;
0000A0DD : 0004;
0000A0DE : 0022;
0000A0DF : 001D;
0000A0E0 : 000B;
0000A0E1 : 0012;
0000A0E2 : 0009;
0000A0E3 : 001B;
0000A0E4 : 000B;
0000A0E5 : 0020;
0000A0E6 : 000B;
0000A0E7 : 000C;
0000A0E8 : 0005;
0000A0E9 : 0055;
0000A0EA : 0065;
0000A0EB : 002B;
0000A0EC : 005C;
0000A0ED : 0044;
0000A0EE : 004C;
0000A0EF : 0045;
0000A0F0 : 0052;
0000A0F1 : 004A;
0000A0F2 : 004E;
0000A0F3 : 0057;
0000A0F4 : 006C;
0000A0F5 : 0049;
0000A0F6 : 0040;
0000A0F7 : 0039;
0000A0F8 : 0045;
0000A0F9 : 0050;
0000A0FA : 002E;
0000A0FB : 0042;
0000A0FC : 0057;
0000A0FD : 005A;
0000A0FE : 005C;
0000A0FF : 0052;
0000A100 : 0057;
0000A101 : 004C;
0000A102 : 0064;
0000A103 : 0037;
0000A104 : 002D;
0000A105 : 0021;
0000A106 : 0024;
0000A107 : 0019;
0000A108 : 000F;
0000A109 : 0019;
0000A10A : 0028;
0000A10B : 000F;
0000A10C : 0005;
0000A10D : 002D;
0000A10E : 0051;
0000A10F : 003F;
0000A110 : 0037;
0000A111 : 0034;
0000A112 : 0016;
0000A113 : 0032;
0000A114 : 0030;
0000A115 : 0009;
0000A116 : 000D;
0000A117 : 001F;
0000A118 : 0035;
0000A119 : 0044;
0000A11A : 0045;
0000A11B : 0027;
0000A11C : 001D;
0000A11D : 0011;
0000A11E : 0019;
0000A11F : 000F;
0000A120 : 0010;
0000A121 : FFFE;
0000A122 : FFDE;
0000A123 : FFF9;
0000A124 : FFED;
0000A125 : 002A;
0000A126 : 0038;
0000A127 : 002E;
0000A128 : 0033;
0000A129 : FFF7;
0000A12A : 0014;
0000A12B : 000F;
0000A12C : 0025;
0000A12D : 0031;
0000A12E : 001D;
0000A12F : FFEB;
0000A130 : FFEB;
0000A131 : 000F;
0000A132 : 001A;
0000A133 : 002A;
0000A134 : 0026;
0000A135 : FFF5;
0000A136 : FFF5;
0000A137 : 0019;
0000A138 : FFF1;
0000A139 : FFFE;
0000A13A : FFD7;
0000A13B : FFDC;
0000A13C : FFBF;
0000A13D : FFD0;
0000A13E : FFEA;
0000A13F : FFFC;
0000A140 : FFE9;
0000A141 : 000B;
0000A142 : FFEB;
0000A143 : 0003;
0000A144 : FFED;
0000A145 : FFE0;
0000A146 : FFF7;
0000A147 : 0002;
0000A148 : FFDB;
0000A149 : FFDC;
0000A14A : FFE1;
0000A14B : FFEC;
0000A14C : FFDD;
0000A14D : FFD8;
0000A14E : 0014;
0000A14F : 0011;
0000A150 : FFF3;
0000A151 : FFBD;
0000A152 : FFB0;
0000A153 : FFE0;
0000A154 : 000F;
0000A155 : FFF9;
0000A156 : 002F;
0000A157 : 0050;
0000A158 : 003B;
0000A159 : FFE0;
0000A15A : 003A;
0000A15B : 0070;
0000A15C : 0090;
0000A15D : 00B0;
0000A15E : 00AE;
0000A15F : 008A;
0000A160 : 004C;
0000A161 : 004A;
0000A162 : 002B;
0000A163 : 0050;
0000A164 : 0047;
0000A165 : 0017;
0000A166 : 003F;
0000A167 : 0040;
0000A168 : 003E;
0000A169 : FFFF;
0000A16A : 0011;
0000A16B : 0036;
0000A16C : 001B;
0000A16D : 0008;
0000A16E : 0006;
0000A16F : 000A;
0000A170 : 0027;
0000A171 : 0036;
0000A172 : 002B;
0000A173 : 0027;
0000A174 : FFE3;
0000A175 : 000A;
0000A176 : 001C;
0000A177 : 0016;
0000A178 : 000F;
0000A179 : FFF4;
0000A17A : FFEE;
0000A17B : 0017;
0000A17C : 0001;
0000A17D : 0002;
0000A17E : FFFD;
0000A17F : 0028;
0000A180 : 001B;
0000A181 : FFF7;
0000A182 : 000D;
0000A183 : FFF9;
0000A184 : FFD6;
0000A185 : FFF1;
0000A186 : 0020;
0000A187 : 000D;
0000A188 : 0026;
0000A189 : FFEE;
0000A18A : 0000;
0000A18B : FFFE;
0000A18C : 001D;
0000A18D : 0012;
0000A18E : 0036;
0000A18F : 0015;
0000A190 : FFFC;
0000A191 : FFEE;
0000A192 : FFFF;
0000A193 : 0008;
0000A194 : FFF7;
0000A195 : FFE8;
0000A196 : FFE3;
0000A197 : FFE5;
0000A198 : FFD3;
0000A199 : FFB6;
0000A19A : FFCB;
0000A19B : FFFE;
0000A19C : FFF3;
0000A19D : FFF0;
0000A19E : 000C;
0000A19F : FFEC;
0000A1A0 : 000A;
0000A1A1 : FFFA;
0000A1A2 : 001F;
0000A1A3 : 0008;
0000A1A4 : FFE9;
0000A1A5 : FFD6;
0000A1A6 : FFCF;
0000A1A7 : 0014;
0000A1A8 : FFFB;
0000A1A9 : FFFB;
0000A1AA : 000A;
0000A1AB : FFD9;
0000A1AC : FFFB;
0000A1AD : FFDE;
0000A1AE : FFED;
0000A1AF : FFC5;
0000A1B0 : FFE9;
0000A1B1 : 0000;
0000A1B2 : FFFF;
0000A1B3 : FFDE;
0000A1B4 : FFEC;
0000A1B5 : FFED;
0000A1B6 : FFFE;
0000A1B7 : 001F;
0000A1B8 : FFC8;
0000A1B9 : FFF5;
0000A1BA : 0014;
0000A1BB : 0001;
0000A1BC : FFD7;
0000A1BD : 0004;
0000A1BE : 000C;
0000A1BF : FFE1;
0000A1C0 : 001E;
0000A1C1 : 0018;
0000A1C2 : 0014;
0000A1C3 : FFD6;
0000A1C4 : FFFC;
0000A1C5 : 0013;
0000A1C6 : 0006;
0000A1C7 : FFE6;
0000A1C8 : 0022;
0000A1C9 : 0012;
0000A1CA : 000F;
0000A1CB : 0067;
0000A1CC : 0016;
0000A1CD : 002F;
0000A1CE : 0021;
0000A1CF : 0016;
0000A1D0 : 003C;
0000A1D1 : 0045;
0000A1D2 : 0021;
0000A1D3 : 0016;
0000A1D4 : FFE6;
0000A1D5 : 0013;
0000A1D6 : 0003;
0000A1D7 : 0002;
0000A1D8 : 0041;
0000A1D9 : FFF4;
0000A1DA : FFE1;
0000A1DB : 0002;
0000A1DC : 002D;
0000A1DD : 002A;
0000A1DE : 0046;
0000A1DF : 0044;
0000A1E0 : 005C;
0000A1E1 : 002A;
0000A1E2 : FFFD;
0000A1E3 : 0017;
0000A1E4 : 002F;
0000A1E5 : 0020;
0000A1E6 : 0035;
0000A1E7 : 0041;
0000A1E8 : FFEF;
0000A1E9 : 003C;
0000A1EA : 0017;
0000A1EB : FFF4;
0000A1EC : 0025;
0000A1ED : 000D;
0000A1EE : 002E;
0000A1EF : FFE8;
0000A1F0 : FFD2;
0000A1F1 : 0007;
0000A1F2 : FFE8;
0000A1F3 : FFD9;
0000A1F4 : FFC7;
0000A1F5 : FFE6;
0000A1F6 : FFE6;
0000A1F7 : 0007;
0000A1F8 : 001C;
0000A1F9 : 000F;
0000A1FA : 000D;
0000A1FB : FFDF;
0000A1FC : FFFC;
0000A1FD : FFE5;
0000A1FE : FFA6;
0000A1FF : FFB8;
0000A200 : FFA4;
0000A201 : FFB9;
0000A202 : 0000;
0000A203 : FFED;
0000A204 : FFEF;
0000A205 : FFBE;
0000A206 : FFBD;
0000A207 : FFD6;
0000A208 : 0011;
0000A209 : FFF1;
0000A20A : FFB9;
0000A20B : FFD4;
0000A20C : FFA8;
0000A20D : FFD3;
0000A20E : FFC7;
0000A20F : FFB1;
0000A210 : FFEA;
0000A211 : 0005;
0000A212 : FFE0;
0000A213 : FFD3;
0000A214 : FFE3;
0000A215 : FFB0;
0000A216 : FFC0;
0000A217 : FFE4;
0000A218 : FFF8;
0000A219 : FFD1;
0000A21A : FFDD;
0000A21B : FFEA;
0000A21C : FFE7;
0000A21D : FFF9;
0000A21E : FFF9;
0000A21F : FFBD;
0000A220 : FFE7;
0000A221 : 0006;
0000A222 : 0024;
0000A223 : 0022;
0000A224 : 0010;
0000A225 : FFE6;
0000A226 : FFF7;
0000A227 : 003C;
0000A228 : FFF1;
0000A229 : 001E;
0000A22A : 000D;
0000A22B : 0023;
0000A22C : 0000;
0000A22D : FFFD;
0000A22E : 001A;
0000A22F : 0010;
END;
