Analysis & Synthesis report for DE2_115
Tue Dec 23 21:53:16 2025
Quartus II 64-Bit Version 15.0.0 Build 145 04/22/2015 SJ Full Version


---------------------
; Table of Contents ;
---------------------
  1. Legal Notice
  2. Analysis & Synthesis Summary
  3. Analysis & Synthesis Settings
  4. Parallel Compilation
  5. Analysis & Synthesis Source Files Read
  6. Analysis & Synthesis Resource Usage Summary
  7. Analysis & Synthesis Resource Utilization by Entity
  8. Analysis & Synthesis RAM Summary
  9. Analysis & Synthesis IP Cores Summary
 10. State Machine - |DE2_115|velocity_integrator:u_integrator|state
 11. State Machine - |DE2_115|imu_parser:u_parser|state
 12. State Machine - |DE2_115|uart_rx:u_rx|r_SM_Main
 13. State Machine - |DE2_115|set_trans_arr:u_set_trans_arr|state
 14. Registers Removed During Synthesis
 15. Removed Registers Triggering Further Register Optimizations
 16. General Register Statistics
 17. Inverted Register Statistics
 18. Multiplexer Restructuring Statistics (Restructuring Performed)
 19. Source assignments for vga_clock:vga_clk_pll|vga_clock_altpll_0:altpll_0
 20. Source assignments for vga_clock:vga_clk_pll|vga_clock_altpll_0:altpll_0|vga_clock_altpll_0_stdsync_sv6:stdsync2|vga_clock_altpll_0_dffpipe_l2c:dffpipe3
 21. Source assignments for vga_clock:vga_clk_pll|altera_reset_controller:rst_controller|altera_reset_synchronizer:alt_rst_sync_uq1
 22. Source assignments for vga_clock:vga_clk_pll|altera_reset_controller:rst_controller|altera_reset_synchronizer:alt_rst_req_sync_uq1
 23. Source assignments for VGA_Image_Overlay_Combined:vga_image_overlay_combined|background_palette:bg_palette_bram|altsyncram:altsyncram_component|altsyncram_e1m1:auto_generated
 24. Source assignments for VGA_Image_Overlay_Combined:vga_image_overlay_combined|zombie_1x_palette:zombie_palette_bram|altsyncram:altsyncram_component|altsyncram_ljl1:auto_generated
 25. Source assignments for VGA_Image_Overlay_Combined:vga_image_overlay_combined|aim:aim_bram|altsyncram:altsyncram_component|altsyncram_0qb1:auto_generated
 26. Source assignments for zombie_1x:u_zombie_1x|altsyncram:altsyncram_component|altsyncram_gsk1:auto_generated
 27. Parameter Settings for User Entity Instance: Debounce:key0_debounce_inst
 28. Parameter Settings for User Entity Instance: Debounce:trigger_debounce_inst
 29. Parameter Settings for User Entity Instance: Random_Position_Generator:zombie_gen
 30. Parameter Settings for User Entity Instance: vga_clock:vga_clk_pll|altera_reset_controller:rst_controller
 31. Parameter Settings for User Entity Instance: vga_clock:vga_clk_pll|altera_reset_controller:rst_controller|altera_reset_synchronizer:alt_rst_sync_uq1
 32. Parameter Settings for User Entity Instance: vga_clock:vga_clk_pll|altera_reset_controller:rst_controller|altera_reset_synchronizer:alt_rst_req_sync_uq1
 33. Parameter Settings for User Entity Instance: VGA_Controller_720p:vga_ctrl_720p
 34. Parameter Settings for User Entity Instance: VGA_Image_Overlay_Combined:vga_image_overlay_combined
 35. Parameter Settings for User Entity Instance: VGA_Image_Overlay_Combined:vga_image_overlay_combined|background_palette:bg_palette_bram|altsyncram:altsyncram_component
 36. Parameter Settings for User Entity Instance: VGA_Image_Overlay_Combined:vga_image_overlay_combined|zombie_1x_palette:zombie_palette_bram|altsyncram:altsyncram_component
 37. Parameter Settings for User Entity Instance: VGA_Image_Overlay_Combined:vga_image_overlay_combined|aim:aim_bram|altsyncram:altsyncram_component
 38. Parameter Settings for User Entity Instance: set_trans_arr:u_set_trans_arr
 39. Parameter Settings for User Entity Instance: zombie_1x:u_zombie_1x|altsyncram:altsyncram_component
 40. Parameter Settings for User Entity Instance: Position_Controller:position_controller_inst
 41. Parameter Settings for User Entity Instance: uart_rx:u_rx
 42. Parameter Settings for Inferred Entity Instance: lpm_divide:Mod0
 43. Parameter Settings for Inferred Entity Instance: lpm_divide:Mod1
 44. Parameter Settings for Inferred Entity Instance: lpm_divide:Mod2
 45. Parameter Settings for Inferred Entity Instance: lpm_divide:Div2
 46. Parameter Settings for Inferred Entity Instance: lpm_divide:Div1
 47. Parameter Settings for Inferred Entity Instance: lpm_divide:Div0
 48. Parameter Settings for Inferred Entity Instance: lpm_divide:Mod3
 49. Parameter Settings for Inferred Entity Instance: lpm_divide:Div3
 50. Parameter Settings for Inferred Entity Instance: lpm_divide:Mod4
 51. Parameter Settings for Inferred Entity Instance: lpm_divide:Mod5
 52. Parameter Settings for Inferred Entity Instance: lpm_divide:Div4
 53. Parameter Settings for Inferred Entity Instance: lpm_divide:Mod6
 54. Parameter Settings for Inferred Entity Instance: VGA_Image_Overlay_Combined:vga_image_overlay_combined|lpm_mult:Mult0
 55. Parameter Settings for Inferred Entity Instance: set_trans_arr:u_set_trans_arr|lpm_mult:Mult0
 56. Parameter Settings for Inferred Entity Instance: Random_Position_Generator:zombie_gen|lpm_divide:Mod0
 57. Parameter Settings for Inferred Entity Instance: Position_Controller:position_controller_inst|lpm_divide:Div0
 58. Parameter Settings for Inferred Entity Instance: Position_Controller:position_controller_inst|lpm_divide:Div1
 59. altsyncram Parameter Settings by Entity Instance
 60. lpm_mult Parameter Settings by Entity Instance
 61. Port Connectivity Checks: "zombie_1x:u_zombie_1x"
 62. Port Connectivity Checks: "set_trans_arr:u_set_trans_arr"
 63. Port Connectivity Checks: "VGA_Image_Overlay_Combined:vga_image_overlay_combined|zombie_1x_palette:zombie_palette_bram"
 64. Port Connectivity Checks: "VGA_Image_Overlay_Combined:vga_image_overlay_combined|background_palette:bg_palette_bram"
 65. Port Connectivity Checks: "VGA_Image_Overlay_Combined:vga_image_overlay_combined"
 66. Port Connectivity Checks: "vga_clock:vga_clk_pll|altera_reset_controller:rst_controller|altera_reset_synchronizer:alt_rst_req_sync_uq1"
 67. Port Connectivity Checks: "vga_clock:vga_clk_pll|altera_reset_controller:rst_controller"
 68. Port Connectivity Checks: "vga_clock:vga_clk_pll|vga_clock_altpll_0:altpll_0|vga_clock_altpll_0_altpll_9ua2:sd1"
 69. Port Connectivity Checks: "vga_clock:vga_clk_pll|vga_clock_altpll_0:altpll_0"
 70. Port Connectivity Checks: "vga_clock:vga_clk_pll"
 71. Port Connectivity Checks: "Random_Position_Generator:zombie_gen"
 72. Port Connectivity Checks: "Debounce:trigger_debounce_inst"
 73. Port Connectivity Checks: "Debounce:key0_debounce_inst"
 74. Post-Synthesis Netlist Statistics for Top Partition
 75. Elapsed Time Per Partition
 76. Analysis & Synthesis Messages
 77. Analysis & Synthesis Suppressed Messages



----------------
; Legal Notice ;
----------------
Copyright (C) 1991-2015 Altera Corporation. All rights reserved.
Your use of Altera Corporation's design tools, logic functions 
and other software and tools, and its AMPP partner logic 
functions, and any output files from any of the foregoing 
(including device programming or simulation files), and any 
associated documentation or information are expressly subject 
to the terms and conditions of the Altera Program License 
Subscription Agreement, the Altera Quartus II License Agreement,
the Altera MegaCore Function License Agreement, or other 
applicable license agreement, including, without limitation, 
that your use is for the sole purpose of programming logic 
devices manufactured by Altera and sold by Altera or its 
authorized distributors.  Please refer to the applicable 
agreement for further details.



+----------------------------------------------------------------------------------+
; Analysis & Synthesis Summary                                                     ;
+------------------------------------+---------------------------------------------+
; Analysis & Synthesis Status        ; Successful - Tue Dec 23 21:53:15 2025       ;
; Quartus II 64-Bit Version          ; 15.0.0 Build 145 04/22/2015 SJ Full Version ;
; Revision Name                      ; DE2_115                                     ;
; Top-level Entity Name              ; DE2_115                                     ;
; Family                             ; Cyclone IV E                                ;
; Total logic elements               ; 39,166                                      ;
;     Total combinational functions  ; 36,822                                      ;
;     Dedicated logic registers      ; 4,992                                       ;
; Total registers                    ; 4992                                        ;
; Total pins                         ; 480                                         ;
; Total virtual pins                 ; 0                                           ;
; Total memory bits                  ; 209,776                                     ;
; Embedded Multiplier 9-bit elements ; 0                                           ;
; Total PLLs                         ; 1                                           ;
+------------------------------------+---------------------------------------------+


+----------------------------------------------------------------------------------------------------------------------+
; Analysis & Synthesis Settings                                                                                        ;
+----------------------------------------------------------------------------+--------------------+--------------------+
; Option                                                                     ; Setting            ; Default Value      ;
+----------------------------------------------------------------------------+--------------------+--------------------+
; Device                                                                     ; EP4CE115F29C7      ;                    ;
; Top-level entity name                                                      ; DE2_115            ; DE2_115            ;
; Family name                                                                ; Cyclone IV E       ; Cyclone V          ;
; Use smart compilation                                                      ; Off                ; Off                ;
; Enable parallel Assembler and TimeQuest Timing Analyzer during compilation ; On                 ; On                 ;
; Enable compact report table                                                ; Off                ; Off                ;
; Restructure Multiplexers                                                   ; Auto               ; Auto               ;
; Create Debugging Nodes for IP Cores                                        ; Off                ; Off                ;
; Preserve fewer node names                                                  ; On                 ; On                 ;
; Disable OpenCore Plus hardware evaluation                                  ; Off                ; Off                ;
; Verilog Version                                                            ; Verilog_2001       ; Verilog_2001       ;
; VHDL Version                                                               ; VHDL_1993          ; VHDL_1993          ;
; State Machine Processing                                                   ; Auto               ; Auto               ;
; Safe State Machine                                                         ; Off                ; Off                ;
; Extract Verilog State Machines                                             ; On                 ; On                 ;
; Extract VHDL State Machines                                                ; On                 ; On                 ;
; Ignore Verilog initial constructs                                          ; Off                ; Off                ;
; Iteration limit for constant Verilog loops                                 ; 5000               ; 5000               ;
; Iteration limit for non-constant Verilog loops                             ; 250                ; 250                ;
; Add Pass-Through Logic to Inferred RAMs                                    ; On                 ; On                 ;
; Infer RAMs from Raw Logic                                                  ; On                 ; On                 ;
; Parallel Synthesis                                                         ; On                 ; On                 ;
; DSP Block Balancing                                                        ; Auto               ; Auto               ;
; NOT Gate Push-Back                                                         ; On                 ; On                 ;
; Power-Up Don't Care                                                        ; On                 ; On                 ;
; Remove Redundant Logic Cells                                               ; Off                ; Off                ;
; Remove Duplicate Registers                                                 ; On                 ; On                 ;
; Ignore CARRY Buffers                                                       ; Off                ; Off                ;
; Ignore CASCADE Buffers                                                     ; Off                ; Off                ;
; Ignore GLOBAL Buffers                                                      ; Off                ; Off                ;
; Ignore ROW GLOBAL Buffers                                                  ; Off                ; Off                ;
; Ignore LCELL Buffers                                                       ; Off                ; Off                ;
; Ignore SOFT Buffers                                                        ; On                 ; On                 ;
; Limit AHDL Integers to 32 Bits                                             ; Off                ; Off                ;
; Optimization Technique                                                     ; Balanced           ; Balanced           ;
; Carry Chain Length                                                         ; 70                 ; 70                 ;
; Auto Carry Chains                                                          ; On                 ; On                 ;
; Auto Open-Drain Pins                                                       ; On                 ; On                 ;
; Perform WYSIWYG Primitive Resynthesis                                      ; Off                ; Off                ;
; Auto ROM Replacement                                                       ; On                 ; On                 ;
; Auto RAM Replacement                                                       ; On                 ; On                 ;
; Auto DSP Block Replacement                                                 ; On                 ; On                 ;
; Auto Shift Register Replacement                                            ; Auto               ; Auto               ;
; Allow Shift Register Merging across Hierarchies                            ; Auto               ; Auto               ;
; Auto Clock Enable Replacement                                              ; On                 ; On                 ;
; Strict RAM Replacement                                                     ; Off                ; Off                ;
; Allow Synchronous Control Signals                                          ; On                 ; On                 ;
; Force Use of Synchronous Clear Signals                                     ; Off                ; Off                ;
; Auto RAM Block Balancing                                                   ; On                 ; On                 ;
; Auto RAM to Logic Cell Conversion                                          ; Off                ; Off                ;
; Auto Resource Sharing                                                      ; Off                ; Off                ;
; Allow Any RAM Size For Recognition                                         ; Off                ; Off                ;
; Allow Any ROM Size For Recognition                                         ; Off                ; Off                ;
; Allow Any Shift Register Size For Recognition                              ; Off                ; Off                ;
; Use LogicLock Constraints during Resource Balancing                        ; On                 ; On                 ;
; Ignore translate_off and synthesis_off directives                          ; Off                ; Off                ;
; Timing-Driven Synthesis                                                    ; On                 ; On                 ;
; Report Parameter Settings                                                  ; On                 ; On                 ;
; Report Source Assignments                                                  ; On                 ; On                 ;
; Report Connectivity Checks                                                 ; On                 ; On                 ;
; Ignore Maximum Fan-Out Assignments                                         ; Off                ; Off                ;
; Synchronization Register Chain Length                                      ; 2                  ; 2                  ;
; PowerPlay Power Optimization During Synthesis                              ; Normal compilation ; Normal compilation ;
; HDL message level                                                          ; Level2             ; Level2             ;
; Suppress Register Optimization Related Messages                            ; Off                ; Off                ;
; Number of Removed Registers Reported in Synthesis Report                   ; 5000               ; 5000               ;
; Number of Swept Nodes Reported in Synthesis Report                         ; 5000               ; 5000               ;
; Number of Inverted Registers Reported in Synthesis Report                  ; 100                ; 100                ;
; Clock MUX Protection                                                       ; On                 ; On                 ;
; Auto Gated Clock Conversion                                                ; Off                ; Off                ;
; Block Design Naming                                                        ; Auto               ; Auto               ;
; SDC constraint protection                                                  ; Off                ; Off                ;
; Synthesis Effort                                                           ; Auto               ; Auto               ;
; Shift Register Replacement - Allow Asynchronous Clear Signal               ; On                 ; On                 ;
; Pre-Mapping Resynthesis Optimization                                       ; Off                ; Off                ;
; Analysis & Synthesis Message Level                                         ; Medium             ; Medium             ;
; Disable Register Merging Across Hierarchies                                ; Auto               ; Auto               ;
; Resource Aware Inference For Block RAM                                     ; On                 ; On                 ;
; Synthesis Seed                                                             ; 1                  ; 1                  ;
+----------------------------------------------------------------------------+--------------------+--------------------+


+------------------------------------------+
; Parallel Compilation                     ;
+----------------------------+-------------+
; Processors                 ; Number      ;
+----------------------------+-------------+
; Number detected on machine ; 8           ;
; Maximum allowed            ; 8           ;
;                            ;             ;
; Average used               ; 1.00        ;
; Maximum used               ; 8           ;
;                            ;             ;
; Usage by Processor         ; % Time Used ;
;     Processor 1            ; 100.0%      ;
;     Processors 2-8         ; < 0.1%      ;
+----------------------------+-------------+


+-------------------------------------------------------------------------------------------------------------------------------------------------------------------------------------------------------------------------------------------------------------------------------------------+
; Analysis & Synthesis Source Files Read                                                                                                                                                                                                                                                    ;
+-----------------------------------------------------------------------------------------+-----------------+----------------------------------------+--------------------------------------------------------------------------------------------------------------------------+-----------+
; File Name with User-Entered Path                                                        ; Used in Netlist ; File Type                              ; File Name with Absolute Path                                                                                             ; Library   ;
+-----------------------------------------------------------------------------------------+-----------------+----------------------------------------+--------------------------------------------------------------------------------------------------------------------------+-----------+
; src/IMU/velocity_integrator.sv                                                          ; yes             ; User SystemVerilog HDL File            ; C:/Users/user/Desktop/dclab_hw/final/VGA_RGB_blocks_with_sram/src/IMU/velocity_integrator.sv                             ;           ;
; src/IMU/uart_rx.sv                                                                      ; yes             ; User SystemVerilog HDL File            ; C:/Users/user/Desktop/dclab_hw/final/VGA_RGB_blocks_with_sram/src/IMU/uart_rx.sv                                         ;           ;
; src/IMU/imu_parser.sv                                                                   ; yes             ; User SystemVerilog HDL File            ; C:/Users/user/Desktop/dclab_hw/final/VGA_RGB_blocks_with_sram/src/IMU/imu_parser.sv                                      ;           ;
; src/set_trans_arr.sv                                                                    ; yes             ; User SystemVerilog HDL File            ; C:/Users/user/Desktop/dclab_hw/final/VGA_RGB_blocks_with_sram/src/set_trans_arr.sv                                       ;           ;
; BRAMs/aim/aim.v                                                                         ; yes             ; User Wizard-Generated File             ; C:/Users/user/Desktop/dclab_hw/final/VGA_RGB_blocks_with_sram/BRAMs/aim/aim.v                                            ;           ;
; src/zombie_position_control/Random_Position_Generator.sv                                ; yes             ; User SystemVerilog HDL File            ; C:/Users/user/Desktop/dclab_hw/final/VGA_RGB_blocks_with_sram/src/zombie_position_control/Random_Position_Generator.sv   ;           ;
; src/zombie_position_control/Position_Controller.sv                                      ; yes             ; User SystemVerilog HDL File            ; C:/Users/user/Desktop/dclab_hw/final/VGA_RGB_blocks_with_sram/src/zombie_position_control/Position_Controller.sv         ;           ;
; src/VGA_Image_Overlay_Combined.sv                                                       ; yes             ; User SystemVerilog HDL File            ; C:/Users/user/Desktop/dclab_hw/final/VGA_RGB_blocks_with_sram/src/VGA_Image_Overlay_Combined.sv                          ;           ;
; src/BRAM_Reader.sv                                                                      ; yes             ; User SystemVerilog HDL File            ; C:/Users/user/Desktop/dclab_hw/final/VGA_RGB_blocks_with_sram/src/BRAM_Reader.sv                                         ;           ;
; vga_clock/synthesis/vga_clock.v                                                         ; yes             ; User Verilog HDL File                  ; C:/Users/user/Desktop/dclab_hw/final/VGA_RGB_blocks_with_sram/vga_clock/synthesis/vga_clock.v                            ; vga_clock ;
; vga_clock/synthesis/submodules/altera_reset_controller.v                                ; yes             ; User Verilog HDL File                  ; C:/Users/user/Desktop/dclab_hw/final/VGA_RGB_blocks_with_sram/vga_clock/synthesis/submodules/altera_reset_controller.v   ; vga_clock ;
; vga_clock/synthesis/submodules/altera_reset_synchronizer.v                              ; yes             ; User Verilog HDL File                  ; C:/Users/user/Desktop/dclab_hw/final/VGA_RGB_blocks_with_sram/vga_clock/synthesis/submodules/altera_reset_synchronizer.v ; vga_clock ;
; vga_clock/synthesis/submodules/vga_clock_altpll_0.v                                     ; yes             ; User Verilog HDL File                  ; C:/Users/user/Desktop/dclab_hw/final/VGA_RGB_blocks_with_sram/vga_clock/synthesis/submodules/vga_clock_altpll_0.v        ; vga_clock ;
; src/VGA_Controller_720p.sv                                                              ; yes             ; User SystemVerilog HDL File            ; C:/Users/user/Desktop/dclab_hw/final/VGA_RGB_blocks_with_sram/src/VGA_Controller_720p.sv                                 ;           ;
; src/HexTo7Seg.sv                                                                        ; yes             ; User SystemVerilog HDL File            ; C:/Users/user/Desktop/dclab_hw/final/VGA_RGB_blocks_with_sram/src/HexTo7Seg.sv                                           ;           ;
; src/Debounce.sv                                                                         ; yes             ; User SystemVerilog HDL File            ; C:/Users/user/Desktop/dclab_hw/final/VGA_RGB_blocks_with_sram/src/Debounce.sv                                            ;           ;
; src/DE2_115/DE2_115.sv                                                                  ; yes             ; User SystemVerilog HDL File            ; C:/Users/user/Desktop/dclab_hw/final/VGA_RGB_blocks_with_sram/src/DE2_115/DE2_115.sv                                     ;           ;
; BRAMs/zombies/zombie_1x.v                                                               ; yes             ; User Wizard-Generated File             ; C:/Users/user/Desktop/dclab_hw/final/VGA_RGB_blocks_with_sram/BRAMs/zombies/zombie_1x.v                                  ;           ;
; BRAMs/zombies/zombie_1x_palette.v                                                       ; yes             ; User Wizard-Generated File             ; C:/Users/user/Desktop/dclab_hw/final/VGA_RGB_blocks_with_sram/BRAMs/zombies/zombie_1x_palette.v                          ;           ;
; BRAMs/background/background_palette.v                                                   ; yes             ; User Wizard-Generated File             ; C:/Users/user/Desktop/dclab_hw/final/VGA_RGB_blocks_with_sram/BRAMs/background/background_palette.v                      ;           ;
; altsyncram.tdf                                                                          ; yes             ; Megafunction                           ; c:/altera/15.0/quartus/libraries/megafunctions/altsyncram.tdf                                                            ;           ;
; stratix_ram_block.inc                                                                   ; yes             ; Megafunction                           ; c:/altera/15.0/quartus/libraries/megafunctions/stratix_ram_block.inc                                                     ;           ;
; lpm_mux.inc                                                                             ; yes             ; Megafunction                           ; c:/altera/15.0/quartus/libraries/megafunctions/lpm_mux.inc                                                               ;           ;
; lpm_decode.inc                                                                          ; yes             ; Megafunction                           ; c:/altera/15.0/quartus/libraries/megafunctions/lpm_decode.inc                                                            ;           ;
; aglobal150.inc                                                                          ; yes             ; Megafunction                           ; c:/altera/15.0/quartus/libraries/megafunctions/aglobal150.inc                                                            ;           ;
; a_rdenreg.inc                                                                           ; yes             ; Megafunction                           ; c:/altera/15.0/quartus/libraries/megafunctions/a_rdenreg.inc                                                             ;           ;
; altrom.inc                                                                              ; yes             ; Megafunction                           ; c:/altera/15.0/quartus/libraries/megafunctions/altrom.inc                                                                ;           ;
; altram.inc                                                                              ; yes             ; Megafunction                           ; c:/altera/15.0/quartus/libraries/megafunctions/altram.inc                                                                ;           ;
; altdpram.inc                                                                            ; yes             ; Megafunction                           ; c:/altera/15.0/quartus/libraries/megafunctions/altdpram.inc                                                              ;           ;
; db/altsyncram_e1m1.tdf                                                                  ; yes             ; Auto-Generated Megafunction            ; C:/Users/user/Desktop/dclab_hw/final/VGA_RGB_blocks_with_sram/db/altsyncram_e1m1.tdf                                     ;           ;
; /users/user/desktop/dclab_hw/final/kmeans_comp/background/output/background_palette.mif ; yes             ; Auto-Found Memory Initialization File  ; /users/user/desktop/dclab_hw/final/kmeans_comp/background/output/background_palette.mif                                  ;           ;
; db/altsyncram_ljl1.tdf                                                                  ; yes             ; Auto-Generated Megafunction            ; C:/Users/user/Desktop/dclab_hw/final/VGA_RGB_blocks_with_sram/db/altsyncram_ljl1.tdf                                     ;           ;
; /users/user/desktop/dclab_hw/final/kmeans_comp/zombies/output/zombie_1x_palette.mif     ; yes             ; Auto-Found Memory Initialization File  ; /users/user/desktop/dclab_hw/final/kmeans_comp/zombies/output/zombie_1x_palette.mif                                      ;           ;
; db/altsyncram_0qb1.tdf                                                                  ; yes             ; Auto-Generated Megafunction            ; C:/Users/user/Desktop/dclab_hw/final/VGA_RGB_blocks_with_sram/db/altsyncram_0qb1.tdf                                     ;           ;
; /users/user/desktop/dclab_hw/final/kmeans_comp/aim/output/aim_200.mif                   ; yes             ; Auto-Found Memory Initialization File  ; /users/user/desktop/dclab_hw/final/kmeans_comp/aim/output/aim_200.mif                                                    ;           ;
; db/decode_h8a.tdf                                                                       ; yes             ; Auto-Generated Megafunction            ; C:/Users/user/Desktop/dclab_hw/final/VGA_RGB_blocks_with_sram/db/decode_h8a.tdf                                          ;           ;
; db/mux_2nb.tdf                                                                          ; yes             ; Auto-Generated Megafunction            ; C:/Users/user/Desktop/dclab_hw/final/VGA_RGB_blocks_with_sram/db/mux_2nb.tdf                                             ;           ;
; db/altsyncram_gsk1.tdf                                                                  ; yes             ; Auto-Generated Megafunction            ; C:/Users/user/Desktop/dclab_hw/final/VGA_RGB_blocks_with_sram/db/altsyncram_gsk1.tdf                                     ;           ;
; /users/user/desktop/dclab_hw/final/kmeans_comp/zombies/output/zombie_1x.mif             ; yes             ; Auto-Found Memory Initialization File  ; /users/user/desktop/dclab_hw/final/kmeans_comp/zombies/output/zombie_1x.mif                                              ;           ;
; db/decode_jsa.tdf                                                                       ; yes             ; Auto-Generated Megafunction            ; C:/Users/user/Desktop/dclab_hw/final/VGA_RGB_blocks_with_sram/db/decode_jsa.tdf                                          ;           ;
; db/decode_c8a.tdf                                                                       ; yes             ; Auto-Generated Megafunction            ; C:/Users/user/Desktop/dclab_hw/final/VGA_RGB_blocks_with_sram/db/decode_c8a.tdf                                          ;           ;
; db/mux_3nb.tdf                                                                          ; yes             ; Auto-Generated Megafunction            ; C:/Users/user/Desktop/dclab_hw/final/VGA_RGB_blocks_with_sram/db/mux_3nb.tdf                                             ;           ;
; lpm_divide.tdf                                                                          ; yes             ; Megafunction                           ; c:/altera/15.0/quartus/libraries/megafunctions/lpm_divide.tdf                                                            ;           ;
; abs_divider.inc                                                                         ; yes             ; Megafunction                           ; c:/altera/15.0/quartus/libraries/megafunctions/abs_divider.inc                                                           ;           ;
; sign_div_unsign.inc                                                                     ; yes             ; Megafunction                           ; c:/altera/15.0/quartus/libraries/megafunctions/sign_div_unsign.inc                                                       ;           ;
; db/lpm_divide_icm.tdf                                                                   ; yes             ; Auto-Generated Megafunction            ; C:/Users/user/Desktop/dclab_hw/final/VGA_RGB_blocks_with_sram/db/lpm_divide_icm.tdf                                      ;           ;
; db/sign_div_unsign_7nh.tdf                                                              ; yes             ; Auto-Generated Megafunction            ; C:/Users/user/Desktop/dclab_hw/final/VGA_RGB_blocks_with_sram/db/sign_div_unsign_7nh.tdf                                 ;           ;
; db/alt_u_div_2af.tdf                                                                    ; yes             ; Auto-Generated Megafunction            ; C:/Users/user/Desktop/dclab_hw/final/VGA_RGB_blocks_with_sram/db/alt_u_div_2af.tdf                                       ;           ;
; db/add_sub_7pc.tdf                                                                      ; yes             ; Auto-Generated Megafunction            ; C:/Users/user/Desktop/dclab_hw/final/VGA_RGB_blocks_with_sram/db/add_sub_7pc.tdf                                         ;           ;
; db/add_sub_8pc.tdf                                                                      ; yes             ; Auto-Generated Megafunction            ; C:/Users/user/Desktop/dclab_hw/final/VGA_RGB_blocks_with_sram/db/add_sub_8pc.tdf                                         ;           ;
; db/lpm_divide_2bm.tdf                                                                   ; yes             ; Auto-Generated Megafunction            ; C:/Users/user/Desktop/dclab_hw/final/VGA_RGB_blocks_with_sram/db/lpm_divide_2bm.tdf                                      ;           ;
; db/sign_div_unsign_nlh.tdf                                                              ; yes             ; Auto-Generated Megafunction            ; C:/Users/user/Desktop/dclab_hw/final/VGA_RGB_blocks_with_sram/db/sign_div_unsign_nlh.tdf                                 ;           ;
; db/alt_u_div_27f.tdf                                                                    ; yes             ; Auto-Generated Megafunction            ; C:/Users/user/Desktop/dclab_hw/final/VGA_RGB_blocks_with_sram/db/alt_u_div_27f.tdf                                       ;           ;
; db/lpm_divide_l9m.tdf                                                                   ; yes             ; Auto-Generated Megafunction            ; C:/Users/user/Desktop/dclab_hw/final/VGA_RGB_blocks_with_sram/db/lpm_divide_l9m.tdf                                      ;           ;
; db/sign_div_unsign_akh.tdf                                                              ; yes             ; Auto-Generated Megafunction            ; C:/Users/user/Desktop/dclab_hw/final/VGA_RGB_blocks_with_sram/db/sign_div_unsign_akh.tdf                                 ;           ;
; db/alt_u_div_84f.tdf                                                                    ; yes             ; Auto-Generated Megafunction            ; C:/Users/user/Desktop/dclab_hw/final/VGA_RGB_blocks_with_sram/db/alt_u_div_84f.tdf                                       ;           ;
; db/lpm_divide_ihm.tdf                                                                   ; yes             ; Auto-Generated Megafunction            ; C:/Users/user/Desktop/dclab_hw/final/VGA_RGB_blocks_with_sram/db/lpm_divide_ihm.tdf                                      ;           ;
; db/lpm_divide_vim.tdf                                                                   ; yes             ; Auto-Generated Megafunction            ; C:/Users/user/Desktop/dclab_hw/final/VGA_RGB_blocks_with_sram/db/lpm_divide_vim.tdf                                      ;           ;
; db/lpm_divide_fkm.tdf                                                                   ; yes             ; Auto-Generated Megafunction            ; C:/Users/user/Desktop/dclab_hw/final/VGA_RGB_blocks_with_sram/db/lpm_divide_fkm.tdf                                      ;           ;
; db/lpm_divide_m9m.tdf                                                                   ; yes             ; Auto-Generated Megafunction            ; C:/Users/user/Desktop/dclab_hw/final/VGA_RGB_blocks_with_sram/db/lpm_divide_m9m.tdf                                      ;           ;
; db/sign_div_unsign_bkh.tdf                                                              ; yes             ; Auto-Generated Megafunction            ; C:/Users/user/Desktop/dclab_hw/final/VGA_RGB_blocks_with_sram/db/sign_div_unsign_bkh.tdf                                 ;           ;
; db/alt_u_div_a4f.tdf                                                                    ; yes             ; Auto-Generated Megafunction            ; C:/Users/user/Desktop/dclab_hw/final/VGA_RGB_blocks_with_sram/db/alt_u_div_a4f.tdf                                       ;           ;
; db/lpm_divide_jhm.tdf                                                                   ; yes             ; Auto-Generated Megafunction            ; C:/Users/user/Desktop/dclab_hw/final/VGA_RGB_blocks_with_sram/db/lpm_divide_jhm.tdf                                      ;           ;
; lpm_mult.tdf                                                                            ; yes             ; Megafunction                           ; c:/altera/15.0/quartus/libraries/megafunctions/lpm_mult.tdf                                                              ;           ;
; lpm_add_sub.inc                                                                         ; yes             ; Megafunction                           ; c:/altera/15.0/quartus/libraries/megafunctions/lpm_add_sub.inc                                                           ;           ;
; multcore.inc                                                                            ; yes             ; Megafunction                           ; c:/altera/15.0/quartus/libraries/megafunctions/multcore.inc                                                              ;           ;
; bypassff.inc                                                                            ; yes             ; Megafunction                           ; c:/altera/15.0/quartus/libraries/megafunctions/bypassff.inc                                                              ;           ;
; altshift.inc                                                                            ; yes             ; Megafunction                           ; c:/altera/15.0/quartus/libraries/megafunctions/altshift.inc                                                              ;           ;
; multcore.tdf                                                                            ; yes             ; Megafunction                           ; c:/altera/15.0/quartus/libraries/megafunctions/multcore.tdf                                                              ;           ;
; csa_add.inc                                                                             ; yes             ; Megafunction                           ; c:/altera/15.0/quartus/libraries/megafunctions/csa_add.inc                                                               ;           ;
; mpar_add.inc                                                                            ; yes             ; Megafunction                           ; c:/altera/15.0/quartus/libraries/megafunctions/mpar_add.inc                                                              ;           ;
; muleabz.inc                                                                             ; yes             ; Megafunction                           ; c:/altera/15.0/quartus/libraries/megafunctions/muleabz.inc                                                               ;           ;
; mul_lfrg.inc                                                                            ; yes             ; Megafunction                           ; c:/altera/15.0/quartus/libraries/megafunctions/mul_lfrg.inc                                                              ;           ;
; mul_boothc.inc                                                                          ; yes             ; Megafunction                           ; c:/altera/15.0/quartus/libraries/megafunctions/mul_boothc.inc                                                            ;           ;
; alt_ded_mult.inc                                                                        ; yes             ; Megafunction                           ; c:/altera/15.0/quartus/libraries/megafunctions/alt_ded_mult.inc                                                          ;           ;
; alt_ded_mult_y.inc                                                                      ; yes             ; Megafunction                           ; c:/altera/15.0/quartus/libraries/megafunctions/alt_ded_mult_y.inc                                                        ;           ;
; dffpipe.inc                                                                             ; yes             ; Megafunction                           ; c:/altera/15.0/quartus/libraries/megafunctions/dffpipe.inc                                                               ;           ;
; mpar_add.tdf                                                                            ; yes             ; Megafunction                           ; c:/altera/15.0/quartus/libraries/megafunctions/mpar_add.tdf                                                              ;           ;
; lpm_add_sub.tdf                                                                         ; yes             ; Megafunction                           ; c:/altera/15.0/quartus/libraries/megafunctions/lpm_add_sub.tdf                                                           ;           ;
; addcore.inc                                                                             ; yes             ; Megafunction                           ; c:/altera/15.0/quartus/libraries/megafunctions/addcore.inc                                                               ;           ;
; look_add.inc                                                                            ; yes             ; Megafunction                           ; c:/altera/15.0/quartus/libraries/megafunctions/look_add.inc                                                              ;           ;
; alt_stratix_add_sub.inc                                                                 ; yes             ; Megafunction                           ; c:/altera/15.0/quartus/libraries/megafunctions/alt_stratix_add_sub.inc                                                   ;           ;
; db/add_sub_kgh.tdf                                                                      ; yes             ; Auto-Generated Megafunction            ; C:/Users/user/Desktop/dclab_hw/final/VGA_RGB_blocks_with_sram/db/add_sub_kgh.tdf                                         ;           ;
; altshift.tdf                                                                            ; yes             ; Megafunction                           ; c:/altera/15.0/quartus/libraries/megafunctions/altshift.tdf                                                              ;           ;
; db/add_sub_ogh.tdf                                                                      ; yes             ; Auto-Generated Megafunction            ; C:/Users/user/Desktop/dclab_hw/final/VGA_RGB_blocks_with_sram/db/add_sub_ogh.tdf                                         ;           ;
; db/lpm_divide_ecm.tdf                                                                   ; yes             ; Auto-Generated Megafunction            ; C:/Users/user/Desktop/dclab_hw/final/VGA_RGB_blocks_with_sram/db/lpm_divide_ecm.tdf                                      ;           ;
; db/sign_div_unsign_3nh.tdf                                                              ; yes             ; Auto-Generated Megafunction            ; C:/Users/user/Desktop/dclab_hw/final/VGA_RGB_blocks_with_sram/db/sign_div_unsign_3nh.tdf                                 ;           ;
; db/alt_u_div_q9f.tdf                                                                    ; yes             ; Auto-Generated Megafunction            ; C:/Users/user/Desktop/dclab_hw/final/VGA_RGB_blocks_with_sram/db/alt_u_div_q9f.tdf                                       ;           ;
; db/lpm_divide_62p.tdf                                                                   ; yes             ; Auto-Generated Megafunction            ; C:/Users/user/Desktop/dclab_hw/final/VGA_RGB_blocks_with_sram/db/lpm_divide_62p.tdf                                      ;           ;
; db/abs_divider_1dg.tdf                                                                  ; yes             ; Auto-Generated Megafunction            ; C:/Users/user/Desktop/dclab_hw/final/VGA_RGB_blocks_with_sram/db/abs_divider_1dg.tdf                                     ;           ;
; db/alt_u_div_0af.tdf                                                                    ; yes             ; Auto-Generated Megafunction            ; C:/Users/user/Desktop/dclab_hw/final/VGA_RGB_blocks_with_sram/db/alt_u_div_0af.tdf                                       ;           ;
; db/lpm_abs_f0a.tdf                                                                      ; yes             ; Auto-Generated Megafunction            ; C:/Users/user/Desktop/dclab_hw/final/VGA_RGB_blocks_with_sram/db/lpm_abs_f0a.tdf                                         ;           ;
; db/lpm_abs_i0a.tdf                                                                      ; yes             ; Auto-Generated Megafunction            ; C:/Users/user/Desktop/dclab_hw/final/VGA_RGB_blocks_with_sram/db/lpm_abs_i0a.tdf                                         ;           ;
+-----------------------------------------------------------------------------------------+-----------------+----------------------------------------+--------------------------------------------------------------------------------------------------------------------------+-----------+


+-----------------------------------------------------------------------------------------------------------------------------------------------------+
; Analysis & Synthesis Resource Usage Summary                                                                                                         ;
+---------------------------------------------+-------------------------------------------------------------------------------------------------------+
; Resource                                    ; Usage                                                                                                 ;
+---------------------------------------------+-------------------------------------------------------------------------------------------------------+
; Estimated Total logic elements              ; 39,166                                                                                                ;
;                                             ;                                                                                                       ;
; Total combinational functions               ; 36822                                                                                                 ;
; Logic element usage by number of LUT inputs ;                                                                                                       ;
;     -- 4 input functions                    ; 22459                                                                                                 ;
;     -- 3 input functions                    ; 9851                                                                                                  ;
;     -- <=2 input functions                  ; 4512                                                                                                  ;
;                                             ;                                                                                                       ;
; Logic elements by mode                      ;                                                                                                       ;
;     -- normal mode                          ; 27147                                                                                                 ;
;     -- arithmetic mode                      ; 9675                                                                                                  ;
;                                             ;                                                                                                       ;
; Total registers                             ; 4992                                                                                                  ;
;     -- Dedicated logic registers            ; 4992                                                                                                  ;
;     -- I/O registers                        ; 0                                                                                                     ;
;                                             ;                                                                                                       ;
; I/O pins                                    ; 480                                                                                                   ;
; Total memory bits                           ; 209776                                                                                                ;
;                                             ;                                                                                                       ;
; Embedded Multiplier 9-bit elements          ; 0                                                                                                     ;
;                                             ;                                                                                                       ;
; Total PLLs                                  ; 1                                                                                                     ;
;     -- PLLs                                 ; 1                                                                                                     ;
;                                             ;                                                                                                       ;
; Maximum fan-out node                        ; vga_clock:vga_clk_pll|vga_clock_altpll_0:altpll_0|vga_clock_altpll_0_altpll_9ua2:sd1|wire_pll7_clk[0] ;
; Maximum fan-out                             ; 3791                                                                                                  ;
; Total fan-out                               ; 148269                                                                                                ;
; Average fan-out                             ; 3.45                                                                                                  ;
+---------------------------------------------+-------------------------------------------------------------------------------------------------------+


+-------------------------------------------------------------------------------------------------------------------------------------------------------------------------------------------------------------------------------------------------------------------------------------------------------------------------------------------------------------+
; Analysis & Synthesis Resource Utilization by Entity                                                                                                                                                                                                                                                                                                         ;
+------------------------------------------------------------+-------------------+--------------+-------------+--------------+---------+-----------+------+--------------+---------------------------------------------------------------------------------------------------------------------------------------------------------------------+--------------+
; Compilation Hierarchy Node                                 ; LC Combinationals ; LC Registers ; Memory Bits ; DSP Elements ; DSP 9x9 ; DSP 18x18 ; Pins ; Virtual Pins ; Full Hierarchy Name                                                                                                                                                 ; Library Name ;
+------------------------------------------------------------+-------------------+--------------+-------------+--------------+---------+-----------+------+--------------+---------------------------------------------------------------------------------------------------------------------------------------------------------------------+--------------+
; |DE2_115                                                   ; 36822 (1331)      ; 4992 (16)    ; 209776      ; 0            ; 0       ; 0         ; 480  ; 0            ; |DE2_115                                                                                                                                                            ; work         ;
;    |Debounce:key0_debounce_inst|                           ; 26 (26)           ; 20 (20)      ; 0           ; 0            ; 0       ; 0         ; 0    ; 0            ; |DE2_115|Debounce:key0_debounce_inst                                                                                                                                ; work         ;
;    |Debounce:trigger_debounce_inst|                        ; 26 (26)           ; 20 (20)      ; 0           ; 0            ; 0       ; 0         ; 0    ; 0            ; |DE2_115|Debounce:trigger_debounce_inst                                                                                                                             ; work         ;
;    |HexTo7Seg:hex0|                                        ; 7 (7)             ; 0 (0)        ; 0           ; 0            ; 0       ; 0         ; 0    ; 0            ; |DE2_115|HexTo7Seg:hex0                                                                                                                                             ; work         ;
;    |HexTo7Seg:hex1|                                        ; 7 (7)             ; 0 (0)        ; 0           ; 0            ; 0       ; 0         ; 0    ; 0            ; |DE2_115|HexTo7Seg:hex1                                                                                                                                             ; work         ;
;    |HexTo7Seg:hex2|                                        ; 7 (7)             ; 0 (0)        ; 0           ; 0            ; 0       ; 0         ; 0    ; 0            ; |DE2_115|HexTo7Seg:hex2                                                                                                                                             ; work         ;
;    |HexTo7Seg:hex3|                                        ; 7 (7)             ; 0 (0)        ; 0           ; 0            ; 0       ; 0         ; 0    ; 0            ; |DE2_115|HexTo7Seg:hex3                                                                                                                                             ; work         ;
;    |HexTo7Seg:hex4_trans|                                  ; 7 (7)             ; 0 (0)        ; 0           ; 0            ; 0       ; 0         ; 0    ; 0            ; |DE2_115|HexTo7Seg:hex4_trans                                                                                                                                       ; work         ;
;    |HexTo7Seg:hex5_trans|                                  ; 7 (7)             ; 0 (0)        ; 0           ; 0            ; 0       ; 0         ; 0    ; 0            ; |DE2_115|HexTo7Seg:hex5_trans                                                                                                                                       ; work         ;
;    |HexTo7Seg:hex6_index|                                  ; 7 (7)             ; 0 (0)        ; 0           ; 0            ; 0       ; 0         ; 0    ; 0            ; |DE2_115|HexTo7Seg:hex6_index                                                                                                                                       ; work         ;
;    |HexTo7Seg:hex7_index|                                  ; 7 (7)             ; 0 (0)        ; 0           ; 0            ; 0       ; 0         ; 0    ; 0            ; |DE2_115|HexTo7Seg:hex7_index                                                                                                                                       ; work         ;
;    |Position_Controller:position_controller_inst|          ; 1704 (234)        ; 46 (46)      ; 0           ; 0            ; 0       ; 0         ; 0    ; 0            ; |DE2_115|Position_Controller:position_controller_inst                                                                                                               ; work         ;
;       |lpm_divide:Div0|                                    ; 737 (0)           ; 0 (0)        ; 0           ; 0            ; 0       ; 0         ; 0    ; 0            ; |DE2_115|Position_Controller:position_controller_inst|lpm_divide:Div0                                                                                               ; work         ;
;          |lpm_divide_62p:auto_generated|                   ; 737 (0)           ; 0 (0)        ; 0           ; 0            ; 0       ; 0         ; 0    ; 0            ; |DE2_115|Position_Controller:position_controller_inst|lpm_divide:Div0|lpm_divide_62p:auto_generated                                                                 ; work         ;
;             |abs_divider_1dg:divider|                      ; 737 (50)          ; 0 (0)        ; 0           ; 0            ; 0       ; 0         ; 0    ; 0            ; |DE2_115|Position_Controller:position_controller_inst|lpm_divide:Div0|lpm_divide_62p:auto_generated|abs_divider_1dg:divider                                         ; work         ;
;                |alt_u_div_0af:divider|                     ; 639 (639)         ; 0 (0)        ; 0           ; 0            ; 0       ; 0         ; 0    ; 0            ; |DE2_115|Position_Controller:position_controller_inst|lpm_divide:Div0|lpm_divide_62p:auto_generated|abs_divider_1dg:divider|alt_u_div_0af:divider                   ; work         ;
;                |lpm_abs_i0a:my_abs_num|                    ; 48 (48)           ; 0 (0)        ; 0           ; 0            ; 0       ; 0         ; 0    ; 0            ; |DE2_115|Position_Controller:position_controller_inst|lpm_divide:Div0|lpm_divide_62p:auto_generated|abs_divider_1dg:divider|lpm_abs_i0a:my_abs_num                  ; work         ;
;       |lpm_divide:Div1|                                    ; 733 (0)           ; 0 (0)        ; 0           ; 0            ; 0       ; 0         ; 0    ; 0            ; |DE2_115|Position_Controller:position_controller_inst|lpm_divide:Div1                                                                                               ; work         ;
;          |lpm_divide_62p:auto_generated|                   ; 733 (0)           ; 0 (0)        ; 0           ; 0            ; 0       ; 0         ; 0    ; 0            ; |DE2_115|Position_Controller:position_controller_inst|lpm_divide:Div1|lpm_divide_62p:auto_generated                                                                 ; work         ;
;             |abs_divider_1dg:divider|                      ; 733 (50)          ; 0 (0)        ; 0           ; 0            ; 0       ; 0         ; 0    ; 0            ; |DE2_115|Position_Controller:position_controller_inst|lpm_divide:Div1|lpm_divide_62p:auto_generated|abs_divider_1dg:divider                                         ; work         ;
;                |alt_u_div_0af:divider|                     ; 639 (639)         ; 0 (0)        ; 0           ; 0            ; 0       ; 0         ; 0    ; 0            ; |DE2_115|Position_Controller:position_controller_inst|lpm_divide:Div1|lpm_divide_62p:auto_generated|abs_divider_1dg:divider|alt_u_div_0af:divider                   ; work         ;
;                |lpm_abs_i0a:my_abs_num|                    ; 44 (44)           ; 0 (0)        ; 0           ; 0            ; 0       ; 0         ; 0    ; 0            ; |DE2_115|Position_Controller:position_controller_inst|lpm_divide:Div1|lpm_divide_62p:auto_generated|abs_divider_1dg:divider|lpm_abs_i0a:my_abs_num                  ; work         ;
;    |Random_Position_Generator:zombie_gen|                  ; 11776 (11769)     ; 1690 (1690)  ; 0           ; 0            ; 0       ; 0         ; 0    ; 0            ; |DE2_115|Random_Position_Generator:zombie_gen                                                                                                                       ; work         ;
;       |lpm_divide:Mod0|                                    ; 7 (0)             ; 0 (0)        ; 0           ; 0            ; 0       ; 0         ; 0    ; 0            ; |DE2_115|Random_Position_Generator:zombie_gen|lpm_divide:Mod0                                                                                                       ; work         ;
;          |lpm_divide_ecm:auto_generated|                   ; 7 (0)             ; 0 (0)        ; 0           ; 0            ; 0       ; 0         ; 0    ; 0            ; |DE2_115|Random_Position_Generator:zombie_gen|lpm_divide:Mod0|lpm_divide_ecm:auto_generated                                                                         ; work         ;
;             |sign_div_unsign_3nh:divider|                  ; 7 (0)             ; 0 (0)        ; 0           ; 0            ; 0       ; 0         ; 0    ; 0            ; |DE2_115|Random_Position_Generator:zombie_gen|lpm_divide:Mod0|lpm_divide_ecm:auto_generated|sign_div_unsign_3nh:divider                                             ; work         ;
;                |alt_u_div_q9f:divider|                     ; 7 (7)             ; 0 (0)        ; 0           ; 0            ; 0       ; 0         ; 0    ; 0            ; |DE2_115|Random_Position_Generator:zombie_gen|lpm_divide:Mod0|lpm_divide_ecm:auto_generated|sign_div_unsign_3nh:divider|alt_u_div_q9f:divider                       ; work         ;
;    |VGA_Controller_720p:vga_ctrl_720p|                     ; 75 (75)           ; 42 (42)      ; 0           ; 0            ; 0       ; 0         ; 0    ; 0            ; |DE2_115|VGA_Controller_720p:vga_ctrl_720p                                                                                                                          ; work         ;
;    |VGA_Image_Overlay_Combined:vga_image_overlay_combined| ; 19654 (19619)     ; 155 (149)    ; 88192       ; 0            ; 0       ; 0         ; 0    ; 0            ; |DE2_115|VGA_Image_Overlay_Combined:vga_image_overlay_combined                                                                                                      ; work         ;
;       |aim:aim_bram|                                       ; 9 (0)             ; 6 (0)        ; 80000       ; 0            ; 0       ; 0         ; 0    ; 0            ; |DE2_115|VGA_Image_Overlay_Combined:vga_image_overlay_combined|aim:aim_bram                                                                                         ; work         ;
;          |altsyncram:altsyncram_component|                 ; 9 (0)             ; 6 (0)        ; 80000       ; 0            ; 0       ; 0         ; 0    ; 0            ; |DE2_115|VGA_Image_Overlay_Combined:vga_image_overlay_combined|aim:aim_bram|altsyncram:altsyncram_component                                                         ; work         ;
;             |altsyncram_0qb1:auto_generated|               ; 9 (0)             ; 6 (6)        ; 80000       ; 0            ; 0       ; 0         ; 0    ; 0            ; |DE2_115|VGA_Image_Overlay_Combined:vga_image_overlay_combined|aim:aim_bram|altsyncram:altsyncram_component|altsyncram_0qb1:auto_generated                          ; work         ;
;                |decode_h8a:rden_decode|                    ; 5 (5)             ; 0 (0)        ; 0           ; 0            ; 0       ; 0         ; 0    ; 0            ; |DE2_115|VGA_Image_Overlay_Combined:vga_image_overlay_combined|aim:aim_bram|altsyncram:altsyncram_component|altsyncram_0qb1:auto_generated|decode_h8a:rden_decode   ; work         ;
;                |mux_2nb:mux2|                              ; 4 (4)             ; 0 (0)        ; 0           ; 0            ; 0       ; 0         ; 0    ; 0            ; |DE2_115|VGA_Image_Overlay_Combined:vga_image_overlay_combined|aim:aim_bram|altsyncram:altsyncram_component|altsyncram_0qb1:auto_generated|mux_2nb:mux2             ; work         ;
;       |background_palette:bg_palette_bram|                 ; 0 (0)             ; 0 (0)        ; 4096        ; 0            ; 0       ; 0         ; 0    ; 0            ; |DE2_115|VGA_Image_Overlay_Combined:vga_image_overlay_combined|background_palette:bg_palette_bram                                                                   ; work         ;
;          |altsyncram:altsyncram_component|                 ; 0 (0)             ; 0 (0)        ; 4096        ; 0            ; 0       ; 0         ; 0    ; 0            ; |DE2_115|VGA_Image_Overlay_Combined:vga_image_overlay_combined|background_palette:bg_palette_bram|altsyncram:altsyncram_component                                   ; work         ;
;             |altsyncram_e1m1:auto_generated|               ; 0 (0)             ; 0 (0)        ; 4096        ; 0            ; 0       ; 0         ; 0    ; 0            ; |DE2_115|VGA_Image_Overlay_Combined:vga_image_overlay_combined|background_palette:bg_palette_bram|altsyncram:altsyncram_component|altsyncram_e1m1:auto_generated    ; work         ;
;       |lpm_mult:Mult0|                                     ; 26 (0)            ; 0 (0)        ; 0           ; 0            ; 0       ; 0         ; 0    ; 0            ; |DE2_115|VGA_Image_Overlay_Combined:vga_image_overlay_combined|lpm_mult:Mult0                                                                                       ; work         ;
;          |multcore:mult_core|                              ; 26 (17)           ; 0 (0)        ; 0           ; 0            ; 0       ; 0         ; 0    ; 0            ; |DE2_115|VGA_Image_Overlay_Combined:vga_image_overlay_combined|lpm_mult:Mult0|multcore:mult_core                                                                    ; work         ;
;             |mpar_add:padder|                              ; 9 (0)             ; 0 (0)        ; 0           ; 0            ; 0       ; 0         ; 0    ; 0            ; |DE2_115|VGA_Image_Overlay_Combined:vga_image_overlay_combined|lpm_mult:Mult0|multcore:mult_core|mpar_add:padder                                                    ; work         ;
;                |lpm_add_sub:adder[0]|                      ; 9 (0)             ; 0 (0)        ; 0           ; 0            ; 0       ; 0         ; 0    ; 0            ; |DE2_115|VGA_Image_Overlay_Combined:vga_image_overlay_combined|lpm_mult:Mult0|multcore:mult_core|mpar_add:padder|lpm_add_sub:adder[0]                               ; work         ;
;                   |add_sub_kgh:auto_generated|             ; 9 (9)             ; 0 (0)        ; 0           ; 0            ; 0       ; 0         ; 0    ; 0            ; |DE2_115|VGA_Image_Overlay_Combined:vga_image_overlay_combined|lpm_mult:Mult0|multcore:mult_core|mpar_add:padder|lpm_add_sub:adder[0]|add_sub_kgh:auto_generated    ; work         ;
;       |zombie_1x_palette:zombie_palette_bram|              ; 0 (0)             ; 0 (0)        ; 4096        ; 0            ; 0       ; 0         ; 0    ; 0            ; |DE2_115|VGA_Image_Overlay_Combined:vga_image_overlay_combined|zombie_1x_palette:zombie_palette_bram                                                                ; work         ;
;          |altsyncram:altsyncram_component|                 ; 0 (0)             ; 0 (0)        ; 4096        ; 0            ; 0       ; 0         ; 0    ; 0            ; |DE2_115|VGA_Image_Overlay_Combined:vga_image_overlay_combined|zombie_1x_palette:zombie_palette_bram|altsyncram:altsyncram_component                                ; work         ;
;             |altsyncram_ljl1:auto_generated|               ; 0 (0)             ; 0 (0)        ; 4096        ; 0            ; 0       ; 0         ; 0    ; 0            ; |DE2_115|VGA_Image_Overlay_Combined:vga_image_overlay_combined|zombie_1x_palette:zombie_palette_bram|altsyncram:altsyncram_component|altsyncram_ljl1:auto_generated ; work         ;
;    |imu_parser:u_parser|                                   ; 131 (131)         ; 390 (390)    ; 0           ; 0            ; 0       ; 0         ; 0    ; 0            ; |DE2_115|imu_parser:u_parser                                                                                                                                        ; work         ;
;    |lpm_divide:Div0|                                       ; 189 (0)           ; 0 (0)        ; 0           ; 0            ; 0       ; 0         ; 0    ; 0            ; |DE2_115|lpm_divide:Div0                                                                                                                                            ; work         ;
;       |lpm_divide_fkm:auto_generated|                      ; 189 (0)           ; 0 (0)        ; 0           ; 0            ; 0       ; 0         ; 0    ; 0            ; |DE2_115|lpm_divide:Div0|lpm_divide_fkm:auto_generated                                                                                                              ; work         ;
;          |sign_div_unsign_7nh:divider|                     ; 189 (0)           ; 0 (0)        ; 0           ; 0            ; 0       ; 0         ; 0    ; 0            ; |DE2_115|lpm_divide:Div0|lpm_divide_fkm:auto_generated|sign_div_unsign_7nh:divider                                                                                  ; work         ;
;             |alt_u_div_2af:divider|                        ; 189 (189)         ; 0 (0)        ; 0           ; 0            ; 0       ; 0         ; 0    ; 0            ; |DE2_115|lpm_divide:Div0|lpm_divide_fkm:auto_generated|sign_div_unsign_7nh:divider|alt_u_div_2af:divider                                                            ; work         ;
;    |lpm_divide:Div1|                                       ; 72 (0)            ; 0 (0)        ; 0           ; 0            ; 0       ; 0         ; 0    ; 0            ; |DE2_115|lpm_divide:Div1                                                                                                                                            ; work         ;
;       |lpm_divide_vim:auto_generated|                      ; 72 (0)            ; 0 (0)        ; 0           ; 0            ; 0       ; 0         ; 0    ; 0            ; |DE2_115|lpm_divide:Div1|lpm_divide_vim:auto_generated                                                                                                              ; work         ;
;          |sign_div_unsign_nlh:divider|                     ; 72 (0)            ; 0 (0)        ; 0           ; 0            ; 0       ; 0         ; 0    ; 0            ; |DE2_115|lpm_divide:Div1|lpm_divide_vim:auto_generated|sign_div_unsign_nlh:divider                                                                                  ; work         ;
;             |alt_u_div_27f:divider|                        ; 72 (72)           ; 0 (0)        ; 0           ; 0            ; 0       ; 0         ; 0    ; 0            ; |DE2_115|lpm_divide:Div1|lpm_divide_vim:auto_generated|sign_div_unsign_nlh:divider|alt_u_div_27f:divider                                                            ; work         ;
;    |lpm_divide:Div2|                                       ; 46 (0)            ; 0 (0)        ; 0           ; 0            ; 0       ; 0         ; 0    ; 0            ; |DE2_115|lpm_divide:Div2                                                                                                                                            ; work         ;
;       |lpm_divide_ihm:auto_generated|                      ; 46 (0)            ; 0 (0)        ; 0           ; 0            ; 0       ; 0         ; 0    ; 0            ; |DE2_115|lpm_divide:Div2|lpm_divide_ihm:auto_generated                                                                                                              ; work         ;
;          |sign_div_unsign_akh:divider|                     ; 46 (0)            ; 0 (0)        ; 0           ; 0            ; 0       ; 0         ; 0    ; 0            ; |DE2_115|lpm_divide:Div2|lpm_divide_ihm:auto_generated|sign_div_unsign_akh:divider                                                                                  ; work         ;
;             |alt_u_div_84f:divider|                        ; 46 (46)           ; 0 (0)        ; 0           ; 0            ; 0       ; 0         ; 0    ; 0            ; |DE2_115|lpm_divide:Div2|lpm_divide_ihm:auto_generated|sign_div_unsign_akh:divider|alt_u_div_84f:divider                                                            ; work         ;
;    |lpm_divide:Div3|                                       ; 56 (0)            ; 0 (0)        ; 0           ; 0            ; 0       ; 0         ; 0    ; 0            ; |DE2_115|lpm_divide:Div3                                                                                                                                            ; work         ;
;       |lpm_divide_jhm:auto_generated|                      ; 56 (0)            ; 0 (0)        ; 0           ; 0            ; 0       ; 0         ; 0    ; 0            ; |DE2_115|lpm_divide:Div3|lpm_divide_jhm:auto_generated                                                                                                              ; work         ;
;          |sign_div_unsign_bkh:divider|                     ; 56 (0)            ; 0 (0)        ; 0           ; 0            ; 0       ; 0         ; 0    ; 0            ; |DE2_115|lpm_divide:Div3|lpm_divide_jhm:auto_generated|sign_div_unsign_bkh:divider                                                                                  ; work         ;
;             |alt_u_div_a4f:divider|                        ; 56 (56)           ; 0 (0)        ; 0           ; 0            ; 0       ; 0         ; 0    ; 0            ; |DE2_115|lpm_divide:Div3|lpm_divide_jhm:auto_generated|sign_div_unsign_bkh:divider|alt_u_div_a4f:divider                                                            ; work         ;
;    |lpm_divide:Div4|                                       ; 43 (0)            ; 0 (0)        ; 0           ; 0            ; 0       ; 0         ; 0    ; 0            ; |DE2_115|lpm_divide:Div4                                                                                                                                            ; work         ;
;       |lpm_divide_ihm:auto_generated|                      ; 43 (0)            ; 0 (0)        ; 0           ; 0            ; 0       ; 0         ; 0    ; 0            ; |DE2_115|lpm_divide:Div4|lpm_divide_ihm:auto_generated                                                                                                              ; work         ;
;          |sign_div_unsign_akh:divider|                     ; 43 (0)            ; 0 (0)        ; 0           ; 0            ; 0       ; 0         ; 0    ; 0            ; |DE2_115|lpm_divide:Div4|lpm_divide_ihm:auto_generated|sign_div_unsign_akh:divider                                                                                  ; work         ;
;             |alt_u_div_84f:divider|                        ; 43 (43)           ; 0 (0)        ; 0           ; 0            ; 0       ; 0         ; 0    ; 0            ; |DE2_115|lpm_divide:Div4|lpm_divide_ihm:auto_generated|sign_div_unsign_akh:divider|alt_u_div_84f:divider                                                            ; work         ;
;    |lpm_divide:Mod0|                                       ; 221 (0)           ; 0 (0)        ; 0           ; 0            ; 0       ; 0         ; 0    ; 0            ; |DE2_115|lpm_divide:Mod0                                                                                                                                            ; work         ;
;       |lpm_divide_icm:auto_generated|                      ; 221 (0)           ; 0 (0)        ; 0           ; 0            ; 0       ; 0         ; 0    ; 0            ; |DE2_115|lpm_divide:Mod0|lpm_divide_icm:auto_generated                                                                                                              ; work         ;
;          |sign_div_unsign_7nh:divider|                     ; 221 (0)           ; 0 (0)        ; 0           ; 0            ; 0       ; 0         ; 0    ; 0            ; |DE2_115|lpm_divide:Mod0|lpm_divide_icm:auto_generated|sign_div_unsign_7nh:divider                                                                                  ; work         ;
;             |alt_u_div_2af:divider|                        ; 221 (221)         ; 0 (0)        ; 0           ; 0            ; 0       ; 0         ; 0    ; 0            ; |DE2_115|lpm_divide:Mod0|lpm_divide_icm:auto_generated|sign_div_unsign_7nh:divider|alt_u_div_2af:divider                                                            ; work         ;
;    |lpm_divide:Mod1|                                       ; 91 (0)            ; 0 (0)        ; 0           ; 0            ; 0       ; 0         ; 0    ; 0            ; |DE2_115|lpm_divide:Mod1                                                                                                                                            ; work         ;
;       |lpm_divide_2bm:auto_generated|                      ; 91 (0)            ; 0 (0)        ; 0           ; 0            ; 0       ; 0         ; 0    ; 0            ; |DE2_115|lpm_divide:Mod1|lpm_divide_2bm:auto_generated                                                                                                              ; work         ;
;          |sign_div_unsign_nlh:divider|                     ; 91 (0)            ; 0 (0)        ; 0           ; 0            ; 0       ; 0         ; 0    ; 0            ; |DE2_115|lpm_divide:Mod1|lpm_divide_2bm:auto_generated|sign_div_unsign_nlh:divider                                                                                  ; work         ;
;             |alt_u_div_27f:divider|                        ; 91 (91)           ; 0 (0)        ; 0           ; 0            ; 0       ; 0         ; 0    ; 0            ; |DE2_115|lpm_divide:Mod1|lpm_divide_2bm:auto_generated|sign_div_unsign_nlh:divider|alt_u_div_27f:divider                                                            ; work         ;
;    |lpm_divide:Mod2|                                       ; 51 (0)            ; 0 (0)        ; 0           ; 0            ; 0       ; 0         ; 0    ; 0            ; |DE2_115|lpm_divide:Mod2                                                                                                                                            ; work         ;
;       |lpm_divide_l9m:auto_generated|                      ; 51 (0)            ; 0 (0)        ; 0           ; 0            ; 0       ; 0         ; 0    ; 0            ; |DE2_115|lpm_divide:Mod2|lpm_divide_l9m:auto_generated                                                                                                              ; work         ;
;          |sign_div_unsign_akh:divider|                     ; 51 (0)            ; 0 (0)        ; 0           ; 0            ; 0       ; 0         ; 0    ; 0            ; |DE2_115|lpm_divide:Mod2|lpm_divide_l9m:auto_generated|sign_div_unsign_akh:divider                                                                                  ; work         ;
;             |alt_u_div_84f:divider|                        ; 51 (51)           ; 0 (0)        ; 0           ; 0            ; 0       ; 0         ; 0    ; 0            ; |DE2_115|lpm_divide:Mod2|lpm_divide_l9m:auto_generated|sign_div_unsign_akh:divider|alt_u_div_84f:divider                                                            ; work         ;
;    |lpm_divide:Mod3|                                       ; 59 (0)            ; 0 (0)        ; 0           ; 0            ; 0       ; 0         ; 0    ; 0            ; |DE2_115|lpm_divide:Mod3                                                                                                                                            ; work         ;
;       |lpm_divide_m9m:auto_generated|                      ; 59 (0)            ; 0 (0)        ; 0           ; 0            ; 0       ; 0         ; 0    ; 0            ; |DE2_115|lpm_divide:Mod3|lpm_divide_m9m:auto_generated                                                                                                              ; work         ;
;          |sign_div_unsign_bkh:divider|                     ; 59 (0)            ; 0 (0)        ; 0           ; 0            ; 0       ; 0         ; 0    ; 0            ; |DE2_115|lpm_divide:Mod3|lpm_divide_m9m:auto_generated|sign_div_unsign_bkh:divider                                                                                  ; work         ;
;             |alt_u_div_a4f:divider|                        ; 59 (59)           ; 0 (0)        ; 0           ; 0            ; 0       ; 0         ; 0    ; 0            ; |DE2_115|lpm_divide:Mod3|lpm_divide_m9m:auto_generated|sign_div_unsign_bkh:divider|alt_u_div_a4f:divider                                                            ; work         ;
;    |lpm_divide:Mod4|                                       ; 24 (0)            ; 0 (0)        ; 0           ; 0            ; 0       ; 0         ; 0    ; 0            ; |DE2_115|lpm_divide:Mod4                                                                                                                                            ; work         ;
;       |lpm_divide_m9m:auto_generated|                      ; 24 (0)            ; 0 (0)        ; 0           ; 0            ; 0       ; 0         ; 0    ; 0            ; |DE2_115|lpm_divide:Mod4|lpm_divide_m9m:auto_generated                                                                                                              ; work         ;
;          |sign_div_unsign_bkh:divider|                     ; 24 (0)            ; 0 (0)        ; 0           ; 0            ; 0       ; 0         ; 0    ; 0            ; |DE2_115|lpm_divide:Mod4|lpm_divide_m9m:auto_generated|sign_div_unsign_bkh:divider                                                                                  ; work         ;
;             |alt_u_div_a4f:divider|                        ; 24 (24)           ; 0 (0)        ; 0           ; 0            ; 0       ; 0         ; 0    ; 0            ; |DE2_115|lpm_divide:Mod4|lpm_divide_m9m:auto_generated|sign_div_unsign_bkh:divider|alt_u_div_a4f:divider                                                            ; work         ;
;    |lpm_divide:Mod5|                                       ; 46 (0)            ; 0 (0)        ; 0           ; 0            ; 0       ; 0         ; 0    ; 0            ; |DE2_115|lpm_divide:Mod5                                                                                                                                            ; work         ;
;       |lpm_divide_l9m:auto_generated|                      ; 46 (0)            ; 0 (0)        ; 0           ; 0            ; 0       ; 0         ; 0    ; 0            ; |DE2_115|lpm_divide:Mod5|lpm_divide_l9m:auto_generated                                                                                                              ; work         ;
;          |sign_div_unsign_akh:divider|                     ; 46 (0)            ; 0 (0)        ; 0           ; 0            ; 0       ; 0         ; 0    ; 0            ; |DE2_115|lpm_divide:Mod5|lpm_divide_l9m:auto_generated|sign_div_unsign_akh:divider                                                                                  ; work         ;
;             |alt_u_div_84f:divider|                        ; 46 (46)           ; 0 (0)        ; 0           ; 0            ; 0       ; 0         ; 0    ; 0            ; |DE2_115|lpm_divide:Mod5|lpm_divide_l9m:auto_generated|sign_div_unsign_akh:divider|alt_u_div_84f:divider                                                            ; work         ;
;    |lpm_divide:Mod6|                                       ; 10 (0)            ; 0 (0)        ; 0           ; 0            ; 0       ; 0         ; 0    ; 0            ; |DE2_115|lpm_divide:Mod6                                                                                                                                            ; work         ;
;       |lpm_divide_l9m:auto_generated|                      ; 10 (0)            ; 0 (0)        ; 0           ; 0            ; 0       ; 0         ; 0    ; 0            ; |DE2_115|lpm_divide:Mod6|lpm_divide_l9m:auto_generated                                                                                                              ; work         ;
;          |sign_div_unsign_akh:divider|                     ; 10 (0)            ; 0 (0)        ; 0           ; 0            ; 0       ; 0         ; 0    ; 0            ; |DE2_115|lpm_divide:Mod6|lpm_divide_l9m:auto_generated|sign_div_unsign_akh:divider                                                                                  ; work         ;
;             |alt_u_div_84f:divider|                        ; 10 (10)           ; 0 (0)        ; 0           ; 0            ; 0       ; 0         ; 0    ; 0            ; |DE2_115|lpm_divide:Mod6|lpm_divide_l9m:auto_generated|sign_div_unsign_akh:divider|alt_u_div_84f:divider                                                            ; work         ;
;    |set_trans_arr:u_set_trans_arr|                         ; 410 (374)         ; 1796 (1796)  ; 0           ; 0            ; 0       ; 0         ; 0    ; 0            ; |DE2_115|set_trans_arr:u_set_trans_arr                                                                                                                              ; work         ;
;       |lpm_mult:Mult0|                                     ; 36 (0)            ; 0 (0)        ; 0           ; 0            ; 0       ; 0         ; 0    ; 0            ; |DE2_115|set_trans_arr:u_set_trans_arr|lpm_mult:Mult0                                                                                                               ; work         ;
;          |multcore:mult_core|                              ; 36 (21)           ; 0 (0)        ; 0           ; 0            ; 0       ; 0         ; 0    ; 0            ; |DE2_115|set_trans_arr:u_set_trans_arr|lpm_mult:Mult0|multcore:mult_core                                                                                            ; work         ;
;             |mpar_add:padder|                              ; 15 (0)            ; 0 (0)        ; 0           ; 0            ; 0       ; 0         ; 0    ; 0            ; |DE2_115|set_trans_arr:u_set_trans_arr|lpm_mult:Mult0|multcore:mult_core|mpar_add:padder                                                                            ; work         ;
;                |lpm_add_sub:adder[0]|                      ; 9 (0)             ; 0 (0)        ; 0           ; 0            ; 0       ; 0         ; 0    ; 0            ; |DE2_115|set_trans_arr:u_set_trans_arr|lpm_mult:Mult0|multcore:mult_core|mpar_add:padder|lpm_add_sub:adder[0]                                                       ; work         ;
;                   |add_sub_kgh:auto_generated|             ; 9 (9)             ; 0 (0)        ; 0           ; 0            ; 0       ; 0         ; 0    ; 0            ; |DE2_115|set_trans_arr:u_set_trans_arr|lpm_mult:Mult0|multcore:mult_core|mpar_add:padder|lpm_add_sub:adder[0]|add_sub_kgh:auto_generated                            ; work         ;
;                |lpm_add_sub:adder[1]|                      ; 1 (0)             ; 0 (0)        ; 0           ; 0            ; 0       ; 0         ; 0    ; 0            ; |DE2_115|set_trans_arr:u_set_trans_arr|lpm_mult:Mult0|multcore:mult_core|mpar_add:padder|lpm_add_sub:adder[1]                                                       ; work         ;
;                   |add_sub_kgh:auto_generated|             ; 1 (1)             ; 0 (0)        ; 0           ; 0            ; 0       ; 0         ; 0    ; 0            ; |DE2_115|set_trans_arr:u_set_trans_arr|lpm_mult:Mult0|multcore:mult_core|mpar_add:padder|lpm_add_sub:adder[1]|add_sub_kgh:auto_generated                            ; work         ;
;                |mpar_add:sub_par_add|                      ; 5 (0)             ; 0 (0)        ; 0           ; 0            ; 0       ; 0         ; 0    ; 0            ; |DE2_115|set_trans_arr:u_set_trans_arr|lpm_mult:Mult0|multcore:mult_core|mpar_add:padder|mpar_add:sub_par_add                                                       ; work         ;
;                   |lpm_add_sub:adder[0]|                   ; 5 (0)             ; 0 (0)        ; 0           ; 0            ; 0       ; 0         ; 0    ; 0            ; |DE2_115|set_trans_arr:u_set_trans_arr|lpm_mult:Mult0|multcore:mult_core|mpar_add:padder|mpar_add:sub_par_add|lpm_add_sub:adder[0]                                  ; work         ;
;                      |add_sub_ogh:auto_generated|          ; 5 (5)             ; 0 (0)        ; 0           ; 0            ; 0       ; 0         ; 0    ; 0            ; |DE2_115|set_trans_arr:u_set_trans_arr|lpm_mult:Mult0|multcore:mult_core|mpar_add:padder|mpar_add:sub_par_add|lpm_add_sub:adder[0]|add_sub_ogh:auto_generated       ; work         ;
;    |uart_rx:u_rx|                                          ; 63 (63)           ; 43 (43)      ; 0           ; 0            ; 0       ; 0         ; 0    ; 0            ; |DE2_115|uart_rx:u_rx                                                                                                                                               ; work         ;
;    |velocity_integrator:u_integrator|                      ; 658 (658)         ; 772 (772)    ; 0           ; 0            ; 0       ; 0         ; 0    ; 0            ; |DE2_115|velocity_integrator:u_integrator                                                                                                                           ; work         ;
;    |vga_clock:vga_clk_pll|                                 ; 0 (0)             ; 0 (0)        ; 0           ; 0            ; 0       ; 0         ; 0    ; 0            ; |DE2_115|vga_clock:vga_clk_pll                                                                                                                                      ; vga_clock    ;
;       |vga_clock_altpll_0:altpll_0|                        ; 0 (0)             ; 0 (0)        ; 0           ; 0            ; 0       ; 0         ; 0    ; 0            ; |DE2_115|vga_clock:vga_clk_pll|vga_clock_altpll_0:altpll_0                                                                                                          ; vga_clock    ;
;          |vga_clock_altpll_0_altpll_9ua2:sd1|              ; 0 (0)             ; 0 (0)        ; 0           ; 0            ; 0       ; 0         ; 0    ; 0            ; |DE2_115|vga_clock:vga_clk_pll|vga_clock_altpll_0:altpll_0|vga_clock_altpll_0_altpll_9ua2:sd1                                                                       ; vga_clock    ;
;    |zombie_1x:u_zombie_1x|                                 ; 4 (0)             ; 2 (0)        ; 121584      ; 0            ; 0       ; 0         ; 0    ; 0            ; |DE2_115|zombie_1x:u_zombie_1x                                                                                                                                      ; work         ;
;       |altsyncram:altsyncram_component|                    ; 4 (0)             ; 2 (0)        ; 121584      ; 0            ; 0       ; 0         ; 0    ; 0            ; |DE2_115|zombie_1x:u_zombie_1x|altsyncram:altsyncram_component                                                                                                      ; work         ;
;          |altsyncram_gsk1:auto_generated|                  ; 4 (0)             ; 2 (2)        ; 121584      ; 0            ; 0       ; 0         ; 0    ; 0            ; |DE2_115|zombie_1x:u_zombie_1x|altsyncram:altsyncram_component|altsyncram_gsk1:auto_generated                                                                       ; work         ;
;             |mux_3nb:mux2|                                 ; 4 (4)             ; 0 (0)        ; 0           ; 0            ; 0       ; 0         ; 0    ; 0            ; |DE2_115|zombie_1x:u_zombie_1x|altsyncram:altsyncram_component|altsyncram_gsk1:auto_generated|mux_3nb:mux2                                                          ; work         ;
+------------------------------------------------------------+-------------------+--------------+-------------+--------------+---------+-----------+------+--------------+---------------------------------------------------------------------------------------------------------------------------------------------------------------------+--------------+
Note: For table entries with two numbers listed, the numbers in parentheses indicate the number of resources of the given type used by the specific entity alone. The numbers listed outside of parentheses indicate the total resources of the given type used by the specific entity and all of its sub-entities in the hierarchy.


+------------------------------------------------------------------------------------------------------------------------------------------------------------------------------------------------------------------------------------------------------------------------------------------------------------------------------+
; Analysis & Synthesis RAM Summary                                                                                                                                                                                                                                                                                             ;
+-----------------------------------------------------------------------------------------------------------------------------------------------------------------------+------+-------------+--------------+--------------+--------------+--------------+--------+------------------------------------------------------------+
; Name                                                                                                                                                                  ; Type ; Mode        ; Port A Depth ; Port A Width ; Port B Depth ; Port B Width ; Size   ; MIF                                                        ;
+-----------------------------------------------------------------------------------------------------------------------------------------------------------------------+------+-------------+--------------+--------------+--------------+--------------+--------+------------------------------------------------------------+
; VGA_Image_Overlay_Combined:vga_image_overlay_combined|aim:aim_bram|altsyncram:altsyncram_component|altsyncram_0qb1:auto_generated|ALTSYNCRAM                          ; AUTO ; ROM         ; 40000        ; 2            ; --           ; --           ; 80000  ; ../../Kmeans_comp/aim/output/aim_200.mif                   ;
; VGA_Image_Overlay_Combined:vga_image_overlay_combined|background_palette:bg_palette_bram|altsyncram:altsyncram_component|altsyncram_e1m1:auto_generated|ALTSYNCRAM    ; AUTO ; Single Port ; 256          ; 16           ; --           ; --           ; 4096   ; ../../Kmeans_comp/background/output/background_palette.mif ;
; VGA_Image_Overlay_Combined:vga_image_overlay_combined|zombie_1x_palette:zombie_palette_bram|altsyncram:altsyncram_component|altsyncram_ljl1:auto_generated|ALTSYNCRAM ; AUTO ; Single Port ; 256          ; 16           ; --           ; --           ; 4096   ; ../../Kmeans_comp/zombies/output/zombie_1x_palette.mif     ;
; zombie_1x:u_zombie_1x|altsyncram:altsyncram_component|altsyncram_gsk1:auto_generated|ALTSYNCRAM                                                                       ; AUTO ; Single Port ; 15198        ; 8            ; --           ; --           ; 121584 ; ../../Kmeans_comp/zombies/output/zombie_1x.mif             ;
+-----------------------------------------------------------------------------------------------------------------------------------------------------------------------+------+-------------+--------------+--------------+--------------+--------------+--------+------------------------------------------------------------+


+-------------------------------------------------------------------------------------------------------------------------------------------------------------------------------------------------------------------------+
; Analysis & Synthesis IP Cores Summary                                                                                                                                                                                   ;
+--------+-------------------------+---------+--------------+--------------+------------------------------------------------------------------------------------------------------+---------------------------------------+
; Vendor ; IP Core Name            ; Version ; Release Date ; License Type ; Entity Instance                                                                                      ; IP Include File                       ;
+--------+-------------------------+---------+--------------+--------------+------------------------------------------------------------------------------------------------------+---------------------------------------+
; Altera ; RAM: 1-PORT             ; 15.0    ; N/A          ; N/A          ; |DE2_115|zombie_1x:u_zombie_1x                                                                       ; BRAMs/zombies/zombie_1x.v             ;
; N/A    ; Qsys                    ; 15.0    ; N/A          ; N/A          ; |DE2_115|vga_clock:vga_clk_pll                                                                       ; vga_clock.qsys                        ;
; Altera ; altpll                  ; 15.0    ; N/A          ; N/A          ; |DE2_115|vga_clock:vga_clk_pll|vga_clock_altpll_0:altpll_0                                           ; vga_clock.qsys                        ;
; Altera ; altera_reset_controller ; 15.0    ; N/A          ; N/A          ; |DE2_115|vga_clock:vga_clk_pll|altera_reset_controller:rst_controller                                ; vga_clock.qsys                        ;
; Altera ; ROM: 1-PORT             ; 15.0    ; N/A          ; N/A          ; |DE2_115|VGA_Image_Overlay_Combined:vga_image_overlay_combined|aim:aim_bram                          ; BRAMs/aim/aim.v                       ;
; Altera ; RAM: 1-PORT             ; 15.0    ; N/A          ; N/A          ; |DE2_115|VGA_Image_Overlay_Combined:vga_image_overlay_combined|background_palette:bg_palette_bram    ; BRAMs/background/background_palette.v ;
; Altera ; RAM: 1-PORT             ; 15.0    ; N/A          ; N/A          ; |DE2_115|VGA_Image_Overlay_Combined:vga_image_overlay_combined|zombie_1x_palette:zombie_palette_bram ; BRAMs/zombies/zombie_1x_palette.v     ;
+--------+-------------------------+---------+--------------+--------------+------------------------------------------------------------------------------------------------------+---------------------------------------+


Encoding Type:  One-Hot
+-----------------------------------------------------------------+
; State Machine - |DE2_115|velocity_integrator:u_integrator|state ;
+----------------+------------------------------------------------+
; Name           ; state.ST_RUN                                   ;
+----------------+------------------------------------------------+
; state.ST_CALIB ; 0                                              ;
; state.ST_RUN   ; 1                                              ;
+----------------+------------------------------------------------+


Encoding Type:  One-Hot
+----------------------------------------------------+
; State Machine - |DE2_115|imu_parser:u_parser|state ;
+----------------+-----------------------------------+
; Name           ; state.READ_NUM                    ;
+----------------+-----------------------------------+
; state.IDLE     ; 0                                 ;
; state.READ_NUM ; 1                                 ;
+----------------+-----------------------------------+


Encoding Type:  One-Hot
+------------------------------------------------------------------------------------------------------------------------------------------------+
; State Machine - |DE2_115|uart_rx:u_rx|r_SM_Main                                                                                                ;
+--------------------------+-------------------------+--------------------------+--------------------------+---------------+---------------------+
; Name                     ; r_SM_Main.s_RX_STOP_BIT ; r_SM_Main.s_RX_DATA_BITS ; r_SM_Main.s_RX_START_BIT ; r_SM_Main.000 ; r_SM_Main.s_CLEANUP ;
+--------------------------+-------------------------+--------------------------+--------------------------+---------------+---------------------+
; r_SM_Main.000            ; 0                       ; 0                        ; 0                        ; 0             ; 0                   ;
; r_SM_Main.s_RX_START_BIT ; 0                       ; 0                        ; 1                        ; 1             ; 0                   ;
; r_SM_Main.s_RX_DATA_BITS ; 0                       ; 1                        ; 0                        ; 1             ; 0                   ;
; r_SM_Main.s_RX_STOP_BIT  ; 1                       ; 0                        ; 0                        ; 1             ; 0                   ;
; r_SM_Main.s_CLEANUP      ; 0                       ; 0                        ; 0                        ; 1             ; 1                   ;
+--------------------------+-------------------------+--------------------------+--------------------------+---------------+---------------------+


Encoding Type:  One-Hot
+--------------------------------------------------------------+
; State Machine - |DE2_115|set_trans_arr:u_set_trans_arr|state ;
+--------------+--------------+--------------+-----------------+
; Name         ; state.S_IDLE ; state.S_DONE ; state.S_SCAN    ;
+--------------+--------------+--------------+-----------------+
; state.S_IDLE ; 0            ; 0            ; 0               ;
; state.S_SCAN ; 1            ; 0            ; 1               ;
; state.S_DONE ; 1            ; 1            ; 0               ;
+--------------+--------------+--------------+-----------------+


+-------------------------------------------------------------------------------------------------------------------------------------------------------------------------------------------------------------------------------------------------+
; Registers Removed During Synthesis                                                                                                                                                                                                              ;
+--------------------------------------------------------------------------------------------------------------------------------------------------+----------------------------------------------------------------------------------------------+
; Register name                                                                                                                                    ; Reason for Removal                                                                           ;
+--------------------------------------------------------------------------------------------------------------------------------------------------+----------------------------------------------------------------------------------------------+
; vga_clock:vga_clk_pll|vga_clock_altpll_0:altpll_0|prev_reset                                                                                     ; Stuck at GND due to stuck port data_in                                                       ;
; vga_clock:vga_clk_pll|altera_reset_controller:rst_controller|altera_reset_synchronizer:alt_rst_sync_uq1|altera_reset_synchronizer_int_chain_out  ; Lost fanout                                                                                  ;
; vga_clock:vga_clk_pll|altera_reset_controller:rst_controller|altera_reset_synchronizer:alt_rst_sync_uq1|altera_reset_synchronizer_int_chain[0,1] ; Lost fanout                                                                                  ;
; Random_Position_Generator:zombie_gen|pos_y[16][0]                                                                                                ; Stuck at GND due to stuck port data_in                                                       ;
; Random_Position_Generator:zombie_gen|position_valid[16]                                                                                          ; Stuck at GND due to stuck port data_in                                                       ;
; Random_Position_Generator:zombie_gen|pos_y[17][0]                                                                                                ; Stuck at GND due to stuck port data_in                                                       ;
; Random_Position_Generator:zombie_gen|position_valid[17]                                                                                          ; Stuck at GND due to stuck port data_in                                                       ;
; Random_Position_Generator:zombie_gen|pos_y[18][0]                                                                                                ; Stuck at GND due to stuck port data_in                                                       ;
; Random_Position_Generator:zombie_gen|position_valid[18]                                                                                          ; Stuck at GND due to stuck port data_in                                                       ;
; Random_Position_Generator:zombie_gen|pos_y[19][0]                                                                                                ; Stuck at GND due to stuck port data_in                                                       ;
; Random_Position_Generator:zombie_gen|position_valid[19]                                                                                          ; Stuck at GND due to stuck port data_in                                                       ;
; Random_Position_Generator:zombie_gen|pos_x[16][31]                                                                                               ; Stuck at GND due to stuck port clock_enable                                                  ;
; Random_Position_Generator:zombie_gen|pos_x[16][30]                                                                                               ; Stuck at GND due to stuck port clock_enable                                                  ;
; Random_Position_Generator:zombie_gen|pos_x[16][29]                                                                                               ; Stuck at GND due to stuck port clock_enable                                                  ;
; Random_Position_Generator:zombie_gen|pos_x[16][28]                                                                                               ; Stuck at GND due to stuck port clock_enable                                                  ;
; Random_Position_Generator:zombie_gen|pos_x[16][27]                                                                                               ; Stuck at GND due to stuck port clock_enable                                                  ;
; Random_Position_Generator:zombie_gen|pos_x[16][26]                                                                                               ; Stuck at GND due to stuck port clock_enable                                                  ;
; Random_Position_Generator:zombie_gen|pos_x[16][25]                                                                                               ; Stuck at GND due to stuck port clock_enable                                                  ;
; Random_Position_Generator:zombie_gen|pos_x[16][24]                                                                                               ; Stuck at GND due to stuck port clock_enable                                                  ;
; Random_Position_Generator:zombie_gen|pos_x[16][23]                                                                                               ; Stuck at GND due to stuck port clock_enable                                                  ;
; Random_Position_Generator:zombie_gen|pos_x[16][22]                                                                                               ; Stuck at GND due to stuck port clock_enable                                                  ;
; Random_Position_Generator:zombie_gen|pos_x[16][21]                                                                                               ; Stuck at GND due to stuck port clock_enable                                                  ;
; Random_Position_Generator:zombie_gen|pos_x[16][20]                                                                                               ; Stuck at GND due to stuck port clock_enable                                                  ;
; Random_Position_Generator:zombie_gen|pos_x[16][19]                                                                                               ; Stuck at GND due to stuck port clock_enable                                                  ;
; Random_Position_Generator:zombie_gen|pos_x[16][18]                                                                                               ; Stuck at GND due to stuck port clock_enable                                                  ;
; Random_Position_Generator:zombie_gen|pos_x[16][17]                                                                                               ; Stuck at GND due to stuck port clock_enable                                                  ;
; Random_Position_Generator:zombie_gen|pos_x[16][16]                                                                                               ; Stuck at GND due to stuck port clock_enable                                                  ;
; Random_Position_Generator:zombie_gen|pos_x[16][15]                                                                                               ; Stuck at GND due to stuck port clock_enable                                                  ;
; Random_Position_Generator:zombie_gen|pos_x[16][14]                                                                                               ; Stuck at GND due to stuck port clock_enable                                                  ;
; Random_Position_Generator:zombie_gen|pos_x[16][13]                                                                                               ; Stuck at GND due to stuck port clock_enable                                                  ;
; Random_Position_Generator:zombie_gen|pos_x[16][12]                                                                                               ; Stuck at GND due to stuck port clock_enable                                                  ;
; Random_Position_Generator:zombie_gen|pos_x[16][11]                                                                                               ; Stuck at GND due to stuck port clock_enable                                                  ;
; Random_Position_Generator:zombie_gen|pos_x[16][10]                                                                                               ; Stuck at GND due to stuck port clock_enable                                                  ;
; Random_Position_Generator:zombie_gen|pos_x[16][9]                                                                                                ; Stuck at VCC due to stuck port clock_enable                                                  ;
; Random_Position_Generator:zombie_gen|pos_x[16][8]                                                                                                ; Stuck at GND due to stuck port clock_enable                                                  ;
; Random_Position_Generator:zombie_gen|pos_x[16][7]                                                                                                ; Stuck at VCC due to stuck port clock_enable                                                  ;
; Random_Position_Generator:zombie_gen|pos_x[16][6]                                                                                                ; Stuck at GND due to stuck port clock_enable                                                  ;
; Random_Position_Generator:zombie_gen|pos_x[16][5]                                                                                                ; Stuck at GND due to stuck port clock_enable                                                  ;
; Random_Position_Generator:zombie_gen|pos_x[16][4]                                                                                                ; Stuck at GND due to stuck port clock_enable                                                  ;
; Random_Position_Generator:zombie_gen|pos_x[16][3]                                                                                                ; Stuck at GND due to stuck port clock_enable                                                  ;
; Random_Position_Generator:zombie_gen|pos_x[16][2]                                                                                                ; Stuck at GND due to stuck port clock_enable                                                  ;
; Random_Position_Generator:zombie_gen|pos_x[16][1]                                                                                                ; Stuck at GND due to stuck port clock_enable                                                  ;
; Random_Position_Generator:zombie_gen|pos_y[16][31]                                                                                               ; Stuck at GND due to stuck port clock_enable                                                  ;
; Random_Position_Generator:zombie_gen|pos_y[16][30]                                                                                               ; Stuck at GND due to stuck port clock_enable                                                  ;
; Random_Position_Generator:zombie_gen|pos_y[16][29]                                                                                               ; Stuck at GND due to stuck port clock_enable                                                  ;
; Random_Position_Generator:zombie_gen|pos_y[16][28]                                                                                               ; Stuck at GND due to stuck port clock_enable                                                  ;
; Random_Position_Generator:zombie_gen|pos_y[16][27]                                                                                               ; Stuck at GND due to stuck port clock_enable                                                  ;
; Random_Position_Generator:zombie_gen|pos_y[16][26]                                                                                               ; Stuck at GND due to stuck port clock_enable                                                  ;
; Random_Position_Generator:zombie_gen|pos_y[16][25]                                                                                               ; Stuck at GND due to stuck port clock_enable                                                  ;
; Random_Position_Generator:zombie_gen|pos_y[16][24]                                                                                               ; Stuck at GND due to stuck port clock_enable                                                  ;
; Random_Position_Generator:zombie_gen|pos_y[16][23]                                                                                               ; Stuck at GND due to stuck port clock_enable                                                  ;
; Random_Position_Generator:zombie_gen|pos_y[16][22]                                                                                               ; Stuck at GND due to stuck port clock_enable                                                  ;
; Random_Position_Generator:zombie_gen|pos_y[16][21]                                                                                               ; Stuck at GND due to stuck port clock_enable                                                  ;
; Random_Position_Generator:zombie_gen|pos_y[16][20]                                                                                               ; Stuck at GND due to stuck port clock_enable                                                  ;
; Random_Position_Generator:zombie_gen|pos_y[16][19]                                                                                               ; Stuck at GND due to stuck port clock_enable                                                  ;
; Random_Position_Generator:zombie_gen|pos_y[16][18]                                                                                               ; Stuck at GND due to stuck port clock_enable                                                  ;
; Random_Position_Generator:zombie_gen|pos_y[16][17]                                                                                               ; Stuck at GND due to stuck port clock_enable                                                  ;
; Random_Position_Generator:zombie_gen|pos_y[16][16]                                                                                               ; Stuck at GND due to stuck port clock_enable                                                  ;
; Random_Position_Generator:zombie_gen|pos_y[16][15]                                                                                               ; Stuck at GND due to stuck port clock_enable                                                  ;
; Random_Position_Generator:zombie_gen|pos_y[16][14]                                                                                               ; Stuck at GND due to stuck port clock_enable                                                  ;
; Random_Position_Generator:zombie_gen|pos_y[16][13]                                                                                               ; Stuck at GND due to stuck port clock_enable                                                  ;
; Random_Position_Generator:zombie_gen|pos_y[16][12]                                                                                               ; Stuck at GND due to stuck port clock_enable                                                  ;
; Random_Position_Generator:zombie_gen|pos_y[16][11]                                                                                               ; Stuck at GND due to stuck port clock_enable                                                  ;
; Random_Position_Generator:zombie_gen|pos_y[16][10]                                                                                               ; Stuck at GND due to stuck port clock_enable                                                  ;
; Random_Position_Generator:zombie_gen|pos_y[16][9]                                                                                                ; Stuck at GND due to stuck port clock_enable                                                  ;
; Random_Position_Generator:zombie_gen|pos_y[16][8]                                                                                                ; Stuck at VCC due to stuck port clock_enable                                                  ;
; Random_Position_Generator:zombie_gen|pos_y[16][7]                                                                                                ; Stuck at GND due to stuck port clock_enable                                                  ;
; Random_Position_Generator:zombie_gen|pos_y[16][6]                                                                                                ; Stuck at VCC due to stuck port clock_enable                                                  ;
; Random_Position_Generator:zombie_gen|pos_y[16][5]                                                                                                ; Stuck at VCC due to stuck port clock_enable                                                  ;
; Random_Position_Generator:zombie_gen|pos_y[16][4]                                                                                                ; Stuck at GND due to stuck port clock_enable                                                  ;
; Random_Position_Generator:zombie_gen|pos_y[16][3]                                                                                                ; Stuck at VCC due to stuck port clock_enable                                                  ;
; Random_Position_Generator:zombie_gen|pos_y[16][2]                                                                                                ; Stuck at GND due to stuck port clock_enable                                                  ;
; Random_Position_Generator:zombie_gen|pos_y[16][1]                                                                                                ; Stuck at GND due to stuck port clock_enable                                                  ;
; Random_Position_Generator:zombie_gen|pos_x[17][31]                                                                                               ; Stuck at GND due to stuck port clock_enable                                                  ;
; Random_Position_Generator:zombie_gen|pos_x[17][30]                                                                                               ; Stuck at GND due to stuck port clock_enable                                                  ;
; Random_Position_Generator:zombie_gen|pos_x[17][29]                                                                                               ; Stuck at GND due to stuck port clock_enable                                                  ;
; Random_Position_Generator:zombie_gen|pos_x[17][28]                                                                                               ; Stuck at GND due to stuck port clock_enable                                                  ;
; Random_Position_Generator:zombie_gen|pos_x[17][27]                                                                                               ; Stuck at GND due to stuck port clock_enable                                                  ;
; Random_Position_Generator:zombie_gen|pos_x[17][26]                                                                                               ; Stuck at GND due to stuck port clock_enable                                                  ;
; Random_Position_Generator:zombie_gen|pos_x[17][25]                                                                                               ; Stuck at GND due to stuck port clock_enable                                                  ;
; Random_Position_Generator:zombie_gen|pos_x[17][24]                                                                                               ; Stuck at GND due to stuck port clock_enable                                                  ;
; Random_Position_Generator:zombie_gen|pos_x[17][23]                                                                                               ; Stuck at GND due to stuck port clock_enable                                                  ;
; Random_Position_Generator:zombie_gen|pos_x[17][22]                                                                                               ; Stuck at GND due to stuck port clock_enable                                                  ;
; Random_Position_Generator:zombie_gen|pos_x[17][21]                                                                                               ; Stuck at GND due to stuck port clock_enable                                                  ;
; Random_Position_Generator:zombie_gen|pos_x[17][20]                                                                                               ; Stuck at GND due to stuck port clock_enable                                                  ;
; Random_Position_Generator:zombie_gen|pos_x[17][19]                                                                                               ; Stuck at GND due to stuck port clock_enable                                                  ;
; Random_Position_Generator:zombie_gen|pos_x[17][18]                                                                                               ; Stuck at GND due to stuck port clock_enable                                                  ;
; Random_Position_Generator:zombie_gen|pos_x[17][17]                                                                                               ; Stuck at GND due to stuck port clock_enable                                                  ;
; Random_Position_Generator:zombie_gen|pos_x[17][16]                                                                                               ; Stuck at GND due to stuck port clock_enable                                                  ;
; Random_Position_Generator:zombie_gen|pos_x[17][15]                                                                                               ; Stuck at GND due to stuck port clock_enable                                                  ;
; Random_Position_Generator:zombie_gen|pos_x[17][14]                                                                                               ; Stuck at GND due to stuck port clock_enable                                                  ;
; Random_Position_Generator:zombie_gen|pos_x[17][13]                                                                                               ; Stuck at GND due to stuck port clock_enable                                                  ;
; Random_Position_Generator:zombie_gen|pos_x[17][12]                                                                                               ; Stuck at GND due to stuck port clock_enable                                                  ;
; Random_Position_Generator:zombie_gen|pos_x[17][11]                                                                                               ; Stuck at GND due to stuck port clock_enable                                                  ;
; Random_Position_Generator:zombie_gen|pos_x[17][10]                                                                                               ; Stuck at GND due to stuck port clock_enable                                                  ;
; Random_Position_Generator:zombie_gen|pos_x[17][9]                                                                                                ; Stuck at VCC due to stuck port clock_enable                                                  ;
; Random_Position_Generator:zombie_gen|pos_x[17][8]                                                                                                ; Stuck at GND due to stuck port clock_enable                                                  ;
; Random_Position_Generator:zombie_gen|pos_x[17][7]                                                                                                ; Stuck at VCC due to stuck port clock_enable                                                  ;
; Random_Position_Generator:zombie_gen|pos_x[17][6]                                                                                                ; Stuck at GND due to stuck port clock_enable                                                  ;
; Random_Position_Generator:zombie_gen|pos_x[17][5]                                                                                                ; Stuck at GND due to stuck port clock_enable                                                  ;
; Random_Position_Generator:zombie_gen|pos_x[17][4]                                                                                                ; Stuck at GND due to stuck port clock_enable                                                  ;
; Random_Position_Generator:zombie_gen|pos_x[17][3]                                                                                                ; Stuck at GND due to stuck port clock_enable                                                  ;
; Random_Position_Generator:zombie_gen|pos_x[17][2]                                                                                                ; Stuck at GND due to stuck port clock_enable                                                  ;
; Random_Position_Generator:zombie_gen|pos_x[17][1]                                                                                                ; Stuck at GND due to stuck port clock_enable                                                  ;
; Random_Position_Generator:zombie_gen|pos_y[17][31]                                                                                               ; Stuck at GND due to stuck port clock_enable                                                  ;
; Random_Position_Generator:zombie_gen|pos_y[17][30]                                                                                               ; Stuck at GND due to stuck port clock_enable                                                  ;
; Random_Position_Generator:zombie_gen|pos_y[17][29]                                                                                               ; Stuck at GND due to stuck port clock_enable                                                  ;
; Random_Position_Generator:zombie_gen|pos_y[17][28]                                                                                               ; Stuck at GND due to stuck port clock_enable                                                  ;
; Random_Position_Generator:zombie_gen|pos_y[17][27]                                                                                               ; Stuck at GND due to stuck port clock_enable                                                  ;
; Random_Position_Generator:zombie_gen|pos_y[17][26]                                                                                               ; Stuck at GND due to stuck port clock_enable                                                  ;
; Random_Position_Generator:zombie_gen|pos_y[17][25]                                                                                               ; Stuck at GND due to stuck port clock_enable                                                  ;
; Random_Position_Generator:zombie_gen|pos_y[17][24]                                                                                               ; Stuck at GND due to stuck port clock_enable                                                  ;
; Random_Position_Generator:zombie_gen|pos_y[17][23]                                                                                               ; Stuck at GND due to stuck port clock_enable                                                  ;
; Random_Position_Generator:zombie_gen|pos_y[17][22]                                                                                               ; Stuck at GND due to stuck port clock_enable                                                  ;
; Random_Position_Generator:zombie_gen|pos_y[17][21]                                                                                               ; Stuck at GND due to stuck port clock_enable                                                  ;
; Random_Position_Generator:zombie_gen|pos_y[17][20]                                                                                               ; Stuck at GND due to stuck port clock_enable                                                  ;
; Random_Position_Generator:zombie_gen|pos_y[17][19]                                                                                               ; Stuck at GND due to stuck port clock_enable                                                  ;
; Random_Position_Generator:zombie_gen|pos_y[17][18]                                                                                               ; Stuck at GND due to stuck port clock_enable                                                  ;
; Random_Position_Generator:zombie_gen|pos_y[17][17]                                                                                               ; Stuck at GND due to stuck port clock_enable                                                  ;
; Random_Position_Generator:zombie_gen|pos_y[17][16]                                                                                               ; Stuck at GND due to stuck port clock_enable                                                  ;
; Random_Position_Generator:zombie_gen|pos_y[17][15]                                                                                               ; Stuck at GND due to stuck port clock_enable                                                  ;
; Random_Position_Generator:zombie_gen|pos_y[17][14]                                                                                               ; Stuck at GND due to stuck port clock_enable                                                  ;
; Random_Position_Generator:zombie_gen|pos_y[17][13]                                                                                               ; Stuck at GND due to stuck port clock_enable                                                  ;
; Random_Position_Generator:zombie_gen|pos_y[17][12]                                                                                               ; Stuck at GND due to stuck port clock_enable                                                  ;
; Random_Position_Generator:zombie_gen|pos_y[17][11]                                                                                               ; Stuck at GND due to stuck port clock_enable                                                  ;
; Random_Position_Generator:zombie_gen|pos_y[17][10]                                                                                               ; Stuck at GND due to stuck port clock_enable                                                  ;
; Random_Position_Generator:zombie_gen|pos_y[17][9]                                                                                                ; Stuck at GND due to stuck port clock_enable                                                  ;
; Random_Position_Generator:zombie_gen|pos_y[17][8]                                                                                                ; Stuck at VCC due to stuck port clock_enable                                                  ;
; Random_Position_Generator:zombie_gen|pos_y[17][7]                                                                                                ; Stuck at GND due to stuck port clock_enable                                                  ;
; Random_Position_Generator:zombie_gen|pos_y[17][6]                                                                                                ; Stuck at VCC due to stuck port clock_enable                                                  ;
; Random_Position_Generator:zombie_gen|pos_y[17][5]                                                                                                ; Stuck at VCC due to stuck port clock_enable                                                  ;
; Random_Position_Generator:zombie_gen|pos_y[17][4]                                                                                                ; Stuck at GND due to stuck port clock_enable                                                  ;
; Random_Position_Generator:zombie_gen|pos_y[17][3]                                                                                                ; Stuck at VCC due to stuck port clock_enable                                                  ;
; Random_Position_Generator:zombie_gen|pos_y[17][2]                                                                                                ; Stuck at GND due to stuck port clock_enable                                                  ;
; Random_Position_Generator:zombie_gen|pos_y[17][1]                                                                                                ; Stuck at GND due to stuck port clock_enable                                                  ;
; Random_Position_Generator:zombie_gen|pos_x[18][31]                                                                                               ; Stuck at GND due to stuck port clock_enable                                                  ;
; Random_Position_Generator:zombie_gen|pos_x[18][30]                                                                                               ; Stuck at GND due to stuck port clock_enable                                                  ;
; Random_Position_Generator:zombie_gen|pos_x[18][29]                                                                                               ; Stuck at GND due to stuck port clock_enable                                                  ;
; Random_Position_Generator:zombie_gen|pos_x[18][28]                                                                                               ; Stuck at GND due to stuck port clock_enable                                                  ;
; Random_Position_Generator:zombie_gen|pos_x[18][27]                                                                                               ; Stuck at GND due to stuck port clock_enable                                                  ;
; Random_Position_Generator:zombie_gen|pos_x[18][26]                                                                                               ; Stuck at GND due to stuck port clock_enable                                                  ;
; Random_Position_Generator:zombie_gen|pos_x[18][25]                                                                                               ; Stuck at GND due to stuck port clock_enable                                                  ;
; Random_Position_Generator:zombie_gen|pos_x[18][24]                                                                                               ; Stuck at GND due to stuck port clock_enable                                                  ;
; Random_Position_Generator:zombie_gen|pos_x[18][23]                                                                                               ; Stuck at GND due to stuck port clock_enable                                                  ;
; Random_Position_Generator:zombie_gen|pos_x[18][22]                                                                                               ; Stuck at GND due to stuck port clock_enable                                                  ;
; Random_Position_Generator:zombie_gen|pos_x[18][21]                                                                                               ; Stuck at GND due to stuck port clock_enable                                                  ;
; Random_Position_Generator:zombie_gen|pos_x[18][20]                                                                                               ; Stuck at GND due to stuck port clock_enable                                                  ;
; Random_Position_Generator:zombie_gen|pos_x[18][19]                                                                                               ; Stuck at GND due to stuck port clock_enable                                                  ;
; Random_Position_Generator:zombie_gen|pos_x[18][18]                                                                                               ; Stuck at GND due to stuck port clock_enable                                                  ;
; Random_Position_Generator:zombie_gen|pos_x[18][17]                                                                                               ; Stuck at GND due to stuck port clock_enable                                                  ;
; Random_Position_Generator:zombie_gen|pos_x[18][16]                                                                                               ; Stuck at GND due to stuck port clock_enable                                                  ;
; Random_Position_Generator:zombie_gen|pos_x[18][15]                                                                                               ; Stuck at GND due to stuck port clock_enable                                                  ;
; Random_Position_Generator:zombie_gen|pos_x[18][14]                                                                                               ; Stuck at GND due to stuck port clock_enable                                                  ;
; Random_Position_Generator:zombie_gen|pos_x[18][13]                                                                                               ; Stuck at GND due to stuck port clock_enable                                                  ;
; Random_Position_Generator:zombie_gen|pos_x[18][12]                                                                                               ; Stuck at GND due to stuck port clock_enable                                                  ;
; Random_Position_Generator:zombie_gen|pos_x[18][11]                                                                                               ; Stuck at GND due to stuck port clock_enable                                                  ;
; Random_Position_Generator:zombie_gen|pos_x[18][10]                                                                                               ; Stuck at GND due to stuck port clock_enable                                                  ;
; Random_Position_Generator:zombie_gen|pos_x[18][9]                                                                                                ; Stuck at VCC due to stuck port clock_enable                                                  ;
; Random_Position_Generator:zombie_gen|pos_x[18][8]                                                                                                ; Stuck at GND due to stuck port clock_enable                                                  ;
; Random_Position_Generator:zombie_gen|pos_x[18][7]                                                                                                ; Stuck at VCC due to stuck port clock_enable                                                  ;
; Random_Position_Generator:zombie_gen|pos_x[18][6]                                                                                                ; Stuck at GND due to stuck port clock_enable                                                  ;
; Random_Position_Generator:zombie_gen|pos_x[18][5]                                                                                                ; Stuck at GND due to stuck port clock_enable                                                  ;
; Random_Position_Generator:zombie_gen|pos_x[18][4]                                                                                                ; Stuck at GND due to stuck port clock_enable                                                  ;
; Random_Position_Generator:zombie_gen|pos_x[18][3]                                                                                                ; Stuck at GND due to stuck port clock_enable                                                  ;
; Random_Position_Generator:zombie_gen|pos_x[18][2]                                                                                                ; Stuck at GND due to stuck port clock_enable                                                  ;
; Random_Position_Generator:zombie_gen|pos_x[18][1]                                                                                                ; Stuck at GND due to stuck port clock_enable                                                  ;
; Random_Position_Generator:zombie_gen|pos_y[18][31]                                                                                               ; Stuck at GND due to stuck port clock_enable                                                  ;
; Random_Position_Generator:zombie_gen|pos_y[18][30]                                                                                               ; Stuck at GND due to stuck port clock_enable                                                  ;
; Random_Position_Generator:zombie_gen|pos_y[18][29]                                                                                               ; Stuck at GND due to stuck port clock_enable                                                  ;
; Random_Position_Generator:zombie_gen|pos_y[18][28]                                                                                               ; Stuck at GND due to stuck port clock_enable                                                  ;
; Random_Position_Generator:zombie_gen|pos_y[18][27]                                                                                               ; Stuck at GND due to stuck port clock_enable                                                  ;
; Random_Position_Generator:zombie_gen|pos_y[18][26]                                                                                               ; Stuck at GND due to stuck port clock_enable                                                  ;
; Random_Position_Generator:zombie_gen|pos_y[18][25]                                                                                               ; Stuck at GND due to stuck port clock_enable                                                  ;
; Random_Position_Generator:zombie_gen|pos_y[18][24]                                                                                               ; Stuck at GND due to stuck port clock_enable                                                  ;
; Random_Position_Generator:zombie_gen|pos_y[18][23]                                                                                               ; Stuck at GND due to stuck port clock_enable                                                  ;
; Random_Position_Generator:zombie_gen|pos_y[18][22]                                                                                               ; Stuck at GND due to stuck port clock_enable                                                  ;
; Random_Position_Generator:zombie_gen|pos_y[18][21]                                                                                               ; Stuck at GND due to stuck port clock_enable                                                  ;
; Random_Position_Generator:zombie_gen|pos_y[18][20]                                                                                               ; Stuck at GND due to stuck port clock_enable                                                  ;
; Random_Position_Generator:zombie_gen|pos_y[18][19]                                                                                               ; Stuck at GND due to stuck port clock_enable                                                  ;
; Random_Position_Generator:zombie_gen|pos_y[18][18]                                                                                               ; Stuck at GND due to stuck port clock_enable                                                  ;
; Random_Position_Generator:zombie_gen|pos_y[18][17]                                                                                               ; Stuck at GND due to stuck port clock_enable                                                  ;
; Random_Position_Generator:zombie_gen|pos_y[18][16]                                                                                               ; Stuck at GND due to stuck port clock_enable                                                  ;
; Random_Position_Generator:zombie_gen|pos_y[18][15]                                                                                               ; Stuck at GND due to stuck port clock_enable                                                  ;
; Random_Position_Generator:zombie_gen|pos_y[18][14]                                                                                               ; Stuck at GND due to stuck port clock_enable                                                  ;
; Random_Position_Generator:zombie_gen|pos_y[18][13]                                                                                               ; Stuck at GND due to stuck port clock_enable                                                  ;
; Random_Position_Generator:zombie_gen|pos_y[18][12]                                                                                               ; Stuck at GND due to stuck port clock_enable                                                  ;
; Random_Position_Generator:zombie_gen|pos_y[18][11]                                                                                               ; Stuck at GND due to stuck port clock_enable                                                  ;
; Random_Position_Generator:zombie_gen|pos_y[18][10]                                                                                               ; Stuck at GND due to stuck port clock_enable                                                  ;
; Random_Position_Generator:zombie_gen|pos_y[18][9]                                                                                                ; Stuck at GND due to stuck port clock_enable                                                  ;
; Random_Position_Generator:zombie_gen|pos_y[18][8]                                                                                                ; Stuck at VCC due to stuck port clock_enable                                                  ;
; Random_Position_Generator:zombie_gen|pos_y[18][7]                                                                                                ; Stuck at GND due to stuck port clock_enable                                                  ;
; Random_Position_Generator:zombie_gen|pos_y[18][6]                                                                                                ; Stuck at VCC due to stuck port clock_enable                                                  ;
; Random_Position_Generator:zombie_gen|pos_y[18][5]                                                                                                ; Stuck at VCC due to stuck port clock_enable                                                  ;
; Random_Position_Generator:zombie_gen|pos_y[18][4]                                                                                                ; Stuck at GND due to stuck port clock_enable                                                  ;
; Random_Position_Generator:zombie_gen|pos_y[18][3]                                                                                                ; Stuck at VCC due to stuck port clock_enable                                                  ;
; Random_Position_Generator:zombie_gen|pos_y[18][2]                                                                                                ; Stuck at GND due to stuck port clock_enable                                                  ;
; Random_Position_Generator:zombie_gen|pos_y[18][1]                                                                                                ; Stuck at GND due to stuck port clock_enable                                                  ;
; Random_Position_Generator:zombie_gen|pos_x[19][31]                                                                                               ; Stuck at GND due to stuck port clock_enable                                                  ;
; Random_Position_Generator:zombie_gen|pos_x[19][30]                                                                                               ; Stuck at GND due to stuck port clock_enable                                                  ;
; Random_Position_Generator:zombie_gen|pos_x[19][29]                                                                                               ; Stuck at GND due to stuck port clock_enable                                                  ;
; Random_Position_Generator:zombie_gen|pos_x[19][28]                                                                                               ; Stuck at GND due to stuck port clock_enable                                                  ;
; Random_Position_Generator:zombie_gen|pos_x[19][27]                                                                                               ; Stuck at GND due to stuck port clock_enable                                                  ;
; Random_Position_Generator:zombie_gen|pos_x[19][26]                                                                                               ; Stuck at GND due to stuck port clock_enable                                                  ;
; Random_Position_Generator:zombie_gen|pos_x[19][25]                                                                                               ; Stuck at GND due to stuck port clock_enable                                                  ;
; Random_Position_Generator:zombie_gen|pos_x[19][24]                                                                                               ; Stuck at GND due to stuck port clock_enable                                                  ;
; Random_Position_Generator:zombie_gen|pos_x[19][23]                                                                                               ; Stuck at GND due to stuck port clock_enable                                                  ;
; Random_Position_Generator:zombie_gen|pos_x[19][22]                                                                                               ; Stuck at GND due to stuck port clock_enable                                                  ;
; Random_Position_Generator:zombie_gen|pos_x[19][21]                                                                                               ; Stuck at GND due to stuck port clock_enable                                                  ;
; Random_Position_Generator:zombie_gen|pos_x[19][20]                                                                                               ; Stuck at GND due to stuck port clock_enable                                                  ;
; Random_Position_Generator:zombie_gen|pos_x[19][19]                                                                                               ; Stuck at GND due to stuck port clock_enable                                                  ;
; Random_Position_Generator:zombie_gen|pos_x[19][18]                                                                                               ; Stuck at GND due to stuck port clock_enable                                                  ;
; Random_Position_Generator:zombie_gen|pos_x[19][17]                                                                                               ; Stuck at GND due to stuck port clock_enable                                                  ;
; Random_Position_Generator:zombie_gen|pos_x[19][16]                                                                                               ; Stuck at GND due to stuck port clock_enable                                                  ;
; Random_Position_Generator:zombie_gen|pos_x[19][15]                                                                                               ; Stuck at GND due to stuck port clock_enable                                                  ;
; Random_Position_Generator:zombie_gen|pos_x[19][14]                                                                                               ; Stuck at GND due to stuck port clock_enable                                                  ;
; Random_Position_Generator:zombie_gen|pos_x[19][13]                                                                                               ; Stuck at GND due to stuck port clock_enable                                                  ;
; Random_Position_Generator:zombie_gen|pos_x[19][12]                                                                                               ; Stuck at GND due to stuck port clock_enable                                                  ;
; Random_Position_Generator:zombie_gen|pos_x[19][11]                                                                                               ; Stuck at GND due to stuck port clock_enable                                                  ;
; Random_Position_Generator:zombie_gen|pos_x[19][10]                                                                                               ; Stuck at GND due to stuck port clock_enable                                                  ;
; Random_Position_Generator:zombie_gen|pos_x[19][9]                                                                                                ; Stuck at VCC due to stuck port clock_enable                                                  ;
; Random_Position_Generator:zombie_gen|pos_x[19][8]                                                                                                ; Stuck at GND due to stuck port clock_enable                                                  ;
; Random_Position_Generator:zombie_gen|pos_x[19][7]                                                                                                ; Stuck at VCC due to stuck port clock_enable                                                  ;
; Random_Position_Generator:zombie_gen|pos_x[19][6]                                                                                                ; Stuck at GND due to stuck port clock_enable                                                  ;
; Random_Position_Generator:zombie_gen|pos_x[19][5]                                                                                                ; Stuck at GND due to stuck port clock_enable                                                  ;
; Random_Position_Generator:zombie_gen|pos_x[19][4]                                                                                                ; Stuck at GND due to stuck port clock_enable                                                  ;
; Random_Position_Generator:zombie_gen|pos_x[19][3]                                                                                                ; Stuck at GND due to stuck port clock_enable                                                  ;
; Random_Position_Generator:zombie_gen|pos_x[19][2]                                                                                                ; Stuck at GND due to stuck port clock_enable                                                  ;
; Random_Position_Generator:zombie_gen|pos_x[19][1]                                                                                                ; Stuck at GND due to stuck port clock_enable                                                  ;
; Random_Position_Generator:zombie_gen|pos_y[19][31]                                                                                               ; Stuck at GND due to stuck port clock_enable                                                  ;
; Random_Position_Generator:zombie_gen|pos_y[19][30]                                                                                               ; Stuck at GND due to stuck port clock_enable                                                  ;
; Random_Position_Generator:zombie_gen|pos_y[19][29]                                                                                               ; Stuck at GND due to stuck port clock_enable                                                  ;
; Random_Position_Generator:zombie_gen|pos_y[19][28]                                                                                               ; Stuck at GND due to stuck port clock_enable                                                  ;
; Random_Position_Generator:zombie_gen|pos_y[19][27]                                                                                               ; Stuck at GND due to stuck port clock_enable                                                  ;
; Random_Position_Generator:zombie_gen|pos_y[19][26]                                                                                               ; Stuck at GND due to stuck port clock_enable                                                  ;
; Random_Position_Generator:zombie_gen|pos_y[19][25]                                                                                               ; Stuck at GND due to stuck port clock_enable                                                  ;
; Random_Position_Generator:zombie_gen|pos_y[19][24]                                                                                               ; Stuck at GND due to stuck port clock_enable                                                  ;
; Random_Position_Generator:zombie_gen|pos_y[19][23]                                                                                               ; Stuck at GND due to stuck port clock_enable                                                  ;
; Random_Position_Generator:zombie_gen|pos_y[19][22]                                                                                               ; Stuck at GND due to stuck port clock_enable                                                  ;
; Random_Position_Generator:zombie_gen|pos_y[19][21]                                                                                               ; Stuck at GND due to stuck port clock_enable                                                  ;
; Random_Position_Generator:zombie_gen|pos_y[19][20]                                                                                               ; Stuck at GND due to stuck port clock_enable                                                  ;
; Random_Position_Generator:zombie_gen|pos_y[19][19]                                                                                               ; Stuck at GND due to stuck port clock_enable                                                  ;
; Random_Position_Generator:zombie_gen|pos_y[19][18]                                                                                               ; Stuck at GND due to stuck port clock_enable                                                  ;
; Random_Position_Generator:zombie_gen|pos_y[19][17]                                                                                               ; Stuck at GND due to stuck port clock_enable                                                  ;
; Random_Position_Generator:zombie_gen|pos_y[19][16]                                                                                               ; Stuck at GND due to stuck port clock_enable                                                  ;
; Random_Position_Generator:zombie_gen|pos_y[19][15]                                                                                               ; Stuck at GND due to stuck port clock_enable                                                  ;
; Random_Position_Generator:zombie_gen|pos_y[19][14]                                                                                               ; Stuck at GND due to stuck port clock_enable                                                  ;
; Random_Position_Generator:zombie_gen|pos_y[19][13]                                                                                               ; Stuck at GND due to stuck port clock_enable                                                  ;
; Random_Position_Generator:zombie_gen|pos_y[19][12]                                                                                               ; Stuck at GND due to stuck port clock_enable                                                  ;
; Random_Position_Generator:zombie_gen|pos_y[19][11]                                                                                               ; Stuck at GND due to stuck port clock_enable                                                  ;
; Random_Position_Generator:zombie_gen|pos_y[19][10]                                                                                               ; Stuck at GND due to stuck port clock_enable                                                  ;
; Random_Position_Generator:zombie_gen|pos_y[19][9]                                                                                                ; Stuck at GND due to stuck port clock_enable                                                  ;
; Random_Position_Generator:zombie_gen|pos_y[19][8]                                                                                                ; Stuck at VCC due to stuck port clock_enable                                                  ;
; Random_Position_Generator:zombie_gen|pos_y[19][7]                                                                                                ; Stuck at GND due to stuck port clock_enable                                                  ;
; Random_Position_Generator:zombie_gen|pos_y[19][6]                                                                                                ; Stuck at VCC due to stuck port clock_enable                                                  ;
; Random_Position_Generator:zombie_gen|pos_y[19][5]                                                                                                ; Stuck at VCC due to stuck port clock_enable                                                  ;
; Random_Position_Generator:zombie_gen|pos_y[19][4]                                                                                                ; Stuck at GND due to stuck port clock_enable                                                  ;
; Random_Position_Generator:zombie_gen|pos_y[19][3]                                                                                                ; Stuck at VCC due to stuck port clock_enable                                                  ;
; Random_Position_Generator:zombie_gen|pos_y[19][2]                                                                                                ; Stuck at GND due to stuck port clock_enable                                                  ;
; Random_Position_Generator:zombie_gen|pos_y[19][1]                                                                                                ; Stuck at GND due to stuck port clock_enable                                                  ;
; Random_Position_Generator:zombie_gen|pos_x[16][0]                                                                                                ; Stuck at GND due to stuck port clock_enable                                                  ;
; Random_Position_Generator:zombie_gen|error_acc[16][31]                                                                                           ; Stuck at GND due to stuck port clock_enable                                                  ;
; Random_Position_Generator:zombie_gen|error_acc[16][30]                                                                                           ; Stuck at GND due to stuck port clock_enable                                                  ;
; Random_Position_Generator:zombie_gen|error_acc[16][29]                                                                                           ; Stuck at GND due to stuck port clock_enable                                                  ;
; Random_Position_Generator:zombie_gen|error_acc[16][28]                                                                                           ; Stuck at GND due to stuck port clock_enable                                                  ;
; Random_Position_Generator:zombie_gen|error_acc[16][27]                                                                                           ; Stuck at GND due to stuck port clock_enable                                                  ;
; Random_Position_Generator:zombie_gen|error_acc[16][26]                                                                                           ; Stuck at GND due to stuck port clock_enable                                                  ;
; Random_Position_Generator:zombie_gen|error_acc[16][25]                                                                                           ; Stuck at GND due to stuck port clock_enable                                                  ;
; Random_Position_Generator:zombie_gen|error_acc[16][24]                                                                                           ; Stuck at GND due to stuck port clock_enable                                                  ;
; Random_Position_Generator:zombie_gen|error_acc[16][23]                                                                                           ; Stuck at GND due to stuck port clock_enable                                                  ;
; Random_Position_Generator:zombie_gen|error_acc[16][22]                                                                                           ; Stuck at GND due to stuck port clock_enable                                                  ;
; Random_Position_Generator:zombie_gen|error_acc[16][21]                                                                                           ; Stuck at GND due to stuck port clock_enable                                                  ;
; Random_Position_Generator:zombie_gen|error_acc[16][20]                                                                                           ; Stuck at GND due to stuck port clock_enable                                                  ;
; Random_Position_Generator:zombie_gen|error_acc[16][19]                                                                                           ; Stuck at GND due to stuck port clock_enable                                                  ;
; Random_Position_Generator:zombie_gen|error_acc[16][18]                                                                                           ; Stuck at GND due to stuck port clock_enable                                                  ;
; Random_Position_Generator:zombie_gen|error_acc[16][17]                                                                                           ; Stuck at GND due to stuck port clock_enable                                                  ;
; Random_Position_Generator:zombie_gen|error_acc[16][16]                                                                                           ; Stuck at GND due to stuck port clock_enable                                                  ;
; Random_Position_Generator:zombie_gen|error_acc[16][15]                                                                                           ; Stuck at GND due to stuck port clock_enable                                                  ;
; Random_Position_Generator:zombie_gen|error_acc[16][14]                                                                                           ; Stuck at GND due to stuck port clock_enable                                                  ;
; Random_Position_Generator:zombie_gen|error_acc[16][13]                                                                                           ; Stuck at GND due to stuck port clock_enable                                                  ;
; Random_Position_Generator:zombie_gen|error_acc[16][12]                                                                                           ; Stuck at GND due to stuck port clock_enable                                                  ;
; Random_Position_Generator:zombie_gen|error_acc[16][11]                                                                                           ; Stuck at GND due to stuck port clock_enable                                                  ;
; Random_Position_Generator:zombie_gen|error_acc[16][10]                                                                                           ; Stuck at GND due to stuck port clock_enable                                                  ;
; Random_Position_Generator:zombie_gen|error_acc[16][9]                                                                                            ; Stuck at GND due to stuck port clock_enable                                                  ;
; Random_Position_Generator:zombie_gen|error_acc[16][8]                                                                                            ; Stuck at GND due to stuck port clock_enable                                                  ;
; Random_Position_Generator:zombie_gen|error_acc[16][7]                                                                                            ; Stuck at GND due to stuck port clock_enable                                                  ;
; Random_Position_Generator:zombie_gen|error_acc[16][6]                                                                                            ; Stuck at GND due to stuck port clock_enable                                                  ;
; Random_Position_Generator:zombie_gen|error_acc[16][5]                                                                                            ; Stuck at GND due to stuck port clock_enable                                                  ;
; Random_Position_Generator:zombie_gen|error_acc[16][4]                                                                                            ; Stuck at GND due to stuck port clock_enable                                                  ;
; Random_Position_Generator:zombie_gen|error_acc[16][3]                                                                                            ; Stuck at GND due to stuck port clock_enable                                                  ;
; Random_Position_Generator:zombie_gen|error_acc[16][2]                                                                                            ; Stuck at GND due to stuck port clock_enable                                                  ;
; Random_Position_Generator:zombie_gen|error_acc[16][1]                                                                                            ; Stuck at GND due to stuck port clock_enable                                                  ;
; Random_Position_Generator:zombie_gen|error_acc[16][0]                                                                                            ; Stuck at GND due to stuck port clock_enable                                                  ;
; Random_Position_Generator:zombie_gen|pos_x[17][0]                                                                                                ; Stuck at GND due to stuck port clock_enable                                                  ;
; Random_Position_Generator:zombie_gen|error_acc[17][31]                                                                                           ; Stuck at GND due to stuck port clock_enable                                                  ;
; Random_Position_Generator:zombie_gen|error_acc[17][30]                                                                                           ; Stuck at GND due to stuck port clock_enable                                                  ;
; Random_Position_Generator:zombie_gen|error_acc[17][29]                                                                                           ; Stuck at GND due to stuck port clock_enable                                                  ;
; Random_Position_Generator:zombie_gen|error_acc[17][28]                                                                                           ; Stuck at GND due to stuck port clock_enable                                                  ;
; Random_Position_Generator:zombie_gen|error_acc[17][27]                                                                                           ; Stuck at GND due to stuck port clock_enable                                                  ;
; Random_Position_Generator:zombie_gen|error_acc[17][26]                                                                                           ; Stuck at GND due to stuck port clock_enable                                                  ;
; Random_Position_Generator:zombie_gen|error_acc[17][25]                                                                                           ; Stuck at GND due to stuck port clock_enable                                                  ;
; Random_Position_Generator:zombie_gen|error_acc[17][24]                                                                                           ; Stuck at GND due to stuck port clock_enable                                                  ;
; Random_Position_Generator:zombie_gen|error_acc[17][23]                                                                                           ; Stuck at GND due to stuck port clock_enable                                                  ;
; Random_Position_Generator:zombie_gen|error_acc[17][22]                                                                                           ; Stuck at GND due to stuck port clock_enable                                                  ;
; Random_Position_Generator:zombie_gen|error_acc[17][21]                                                                                           ; Stuck at GND due to stuck port clock_enable                                                  ;
; Random_Position_Generator:zombie_gen|error_acc[17][20]                                                                                           ; Stuck at GND due to stuck port clock_enable                                                  ;
; Random_Position_Generator:zombie_gen|error_acc[17][19]                                                                                           ; Stuck at GND due to stuck port clock_enable                                                  ;
; Random_Position_Generator:zombie_gen|error_acc[17][18]                                                                                           ; Stuck at GND due to stuck port clock_enable                                                  ;
; Random_Position_Generator:zombie_gen|error_acc[17][17]                                                                                           ; Stuck at GND due to stuck port clock_enable                                                  ;
; Random_Position_Generator:zombie_gen|error_acc[17][16]                                                                                           ; Stuck at GND due to stuck port clock_enable                                                  ;
; Random_Position_Generator:zombie_gen|error_acc[17][15]                                                                                           ; Stuck at GND due to stuck port clock_enable                                                  ;
; Random_Position_Generator:zombie_gen|error_acc[17][14]                                                                                           ; Stuck at GND due to stuck port clock_enable                                                  ;
; Random_Position_Generator:zombie_gen|error_acc[17][13]                                                                                           ; Stuck at GND due to stuck port clock_enable                                                  ;
; Random_Position_Generator:zombie_gen|error_acc[17][12]                                                                                           ; Stuck at GND due to stuck port clock_enable                                                  ;
; Random_Position_Generator:zombie_gen|error_acc[17][11]                                                                                           ; Stuck at GND due to stuck port clock_enable                                                  ;
; Random_Position_Generator:zombie_gen|error_acc[17][10]                                                                                           ; Stuck at GND due to stuck port clock_enable                                                  ;
; Random_Position_Generator:zombie_gen|error_acc[17][9]                                                                                            ; Stuck at GND due to stuck port clock_enable                                                  ;
; Random_Position_Generator:zombie_gen|error_acc[17][8]                                                                                            ; Stuck at GND due to stuck port clock_enable                                                  ;
; Random_Position_Generator:zombie_gen|error_acc[17][7]                                                                                            ; Stuck at GND due to stuck port clock_enable                                                  ;
; Random_Position_Generator:zombie_gen|error_acc[17][6]                                                                                            ; Stuck at GND due to stuck port clock_enable                                                  ;
; Random_Position_Generator:zombie_gen|error_acc[17][5]                                                                                            ; Stuck at GND due to stuck port clock_enable                                                  ;
; Random_Position_Generator:zombie_gen|error_acc[17][4]                                                                                            ; Stuck at GND due to stuck port clock_enable                                                  ;
; Random_Position_Generator:zombie_gen|error_acc[17][3]                                                                                            ; Stuck at GND due to stuck port clock_enable                                                  ;
; Random_Position_Generator:zombie_gen|error_acc[17][2]                                                                                            ; Stuck at GND due to stuck port clock_enable                                                  ;
; Random_Position_Generator:zombie_gen|error_acc[17][1]                                                                                            ; Stuck at GND due to stuck port clock_enable                                                  ;
; Random_Position_Generator:zombie_gen|error_acc[17][0]                                                                                            ; Stuck at GND due to stuck port clock_enable                                                  ;
; Random_Position_Generator:zombie_gen|pos_x[18][0]                                                                                                ; Stuck at GND due to stuck port clock_enable                                                  ;
; Random_Position_Generator:zombie_gen|error_acc[18][31]                                                                                           ; Stuck at GND due to stuck port clock_enable                                                  ;
; Random_Position_Generator:zombie_gen|error_acc[18][30]                                                                                           ; Stuck at GND due to stuck port clock_enable                                                  ;
; Random_Position_Generator:zombie_gen|error_acc[18][29]                                                                                           ; Stuck at GND due to stuck port clock_enable                                                  ;
; Random_Position_Generator:zombie_gen|error_acc[18][28]                                                                                           ; Stuck at GND due to stuck port clock_enable                                                  ;
; Random_Position_Generator:zombie_gen|error_acc[18][27]                                                                                           ; Stuck at GND due to stuck port clock_enable                                                  ;
; Random_Position_Generator:zombie_gen|error_acc[18][26]                                                                                           ; Stuck at GND due to stuck port clock_enable                                                  ;
; Random_Position_Generator:zombie_gen|error_acc[18][25]                                                                                           ; Stuck at GND due to stuck port clock_enable                                                  ;
; Random_Position_Generator:zombie_gen|error_acc[18][24]                                                                                           ; Stuck at GND due to stuck port clock_enable                                                  ;
; Random_Position_Generator:zombie_gen|error_acc[18][23]                                                                                           ; Stuck at GND due to stuck port clock_enable                                                  ;
; Random_Position_Generator:zombie_gen|error_acc[18][22]                                                                                           ; Stuck at GND due to stuck port clock_enable                                                  ;
; Random_Position_Generator:zombie_gen|error_acc[18][21]                                                                                           ; Stuck at GND due to stuck port clock_enable                                                  ;
; Random_Position_Generator:zombie_gen|error_acc[18][20]                                                                                           ; Stuck at GND due to stuck port clock_enable                                                  ;
; Random_Position_Generator:zombie_gen|error_acc[18][19]                                                                                           ; Stuck at GND due to stuck port clock_enable                                                  ;
; Random_Position_Generator:zombie_gen|error_acc[18][18]                                                                                           ; Stuck at GND due to stuck port clock_enable                                                  ;
; Random_Position_Generator:zombie_gen|error_acc[18][17]                                                                                           ; Stuck at GND due to stuck port clock_enable                                                  ;
; Random_Position_Generator:zombie_gen|error_acc[18][16]                                                                                           ; Stuck at GND due to stuck port clock_enable                                                  ;
; Random_Position_Generator:zombie_gen|error_acc[18][15]                                                                                           ; Stuck at GND due to stuck port clock_enable                                                  ;
; Random_Position_Generator:zombie_gen|error_acc[18][14]                                                                                           ; Stuck at GND due to stuck port clock_enable                                                  ;
; Random_Position_Generator:zombie_gen|error_acc[18][13]                                                                                           ; Stuck at GND due to stuck port clock_enable                                                  ;
; Random_Position_Generator:zombie_gen|error_acc[18][12]                                                                                           ; Stuck at GND due to stuck port clock_enable                                                  ;
; Random_Position_Generator:zombie_gen|error_acc[18][11]                                                                                           ; Stuck at GND due to stuck port clock_enable                                                  ;
; Random_Position_Generator:zombie_gen|error_acc[18][10]                                                                                           ; Stuck at GND due to stuck port clock_enable                                                  ;
; Random_Position_Generator:zombie_gen|error_acc[18][9]                                                                                            ; Stuck at GND due to stuck port clock_enable                                                  ;
; Random_Position_Generator:zombie_gen|error_acc[18][8]                                                                                            ; Stuck at GND due to stuck port clock_enable                                                  ;
; Random_Position_Generator:zombie_gen|error_acc[18][7]                                                                                            ; Stuck at GND due to stuck port clock_enable                                                  ;
; Random_Position_Generator:zombie_gen|error_acc[18][6]                                                                                            ; Stuck at GND due to stuck port clock_enable                                                  ;
; Random_Position_Generator:zombie_gen|error_acc[18][5]                                                                                            ; Stuck at GND due to stuck port clock_enable                                                  ;
; Random_Position_Generator:zombie_gen|error_acc[18][4]                                                                                            ; Stuck at GND due to stuck port clock_enable                                                  ;
; Random_Position_Generator:zombie_gen|error_acc[18][3]                                                                                            ; Stuck at GND due to stuck port clock_enable                                                  ;
; Random_Position_Generator:zombie_gen|error_acc[18][2]                                                                                            ; Stuck at GND due to stuck port clock_enable                                                  ;
; Random_Position_Generator:zombie_gen|error_acc[18][1]                                                                                            ; Stuck at GND due to stuck port clock_enable                                                  ;
; Random_Position_Generator:zombie_gen|error_acc[18][0]                                                                                            ; Stuck at GND due to stuck port clock_enable                                                  ;
; Random_Position_Generator:zombie_gen|pos_x[19][0]                                                                                                ; Stuck at GND due to stuck port clock_enable                                                  ;
; Random_Position_Generator:zombie_gen|error_acc[19][31]                                                                                           ; Stuck at GND due to stuck port clock_enable                                                  ;
; Random_Position_Generator:zombie_gen|error_acc[19][30]                                                                                           ; Stuck at GND due to stuck port clock_enable                                                  ;
; Random_Position_Generator:zombie_gen|error_acc[19][29]                                                                                           ; Stuck at GND due to stuck port clock_enable                                                  ;
; Random_Position_Generator:zombie_gen|error_acc[19][28]                                                                                           ; Stuck at GND due to stuck port clock_enable                                                  ;
; Random_Position_Generator:zombie_gen|error_acc[19][27]                                                                                           ; Stuck at GND due to stuck port clock_enable                                                  ;
; Random_Position_Generator:zombie_gen|error_acc[19][26]                                                                                           ; Stuck at GND due to stuck port clock_enable                                                  ;
; Random_Position_Generator:zombie_gen|error_acc[19][25]                                                                                           ; Stuck at GND due to stuck port clock_enable                                                  ;
; Random_Position_Generator:zombie_gen|error_acc[19][24]                                                                                           ; Stuck at GND due to stuck port clock_enable                                                  ;
; Random_Position_Generator:zombie_gen|error_acc[19][23]                                                                                           ; Stuck at GND due to stuck port clock_enable                                                  ;
; Random_Position_Generator:zombie_gen|error_acc[19][22]                                                                                           ; Stuck at GND due to stuck port clock_enable                                                  ;
; Random_Position_Generator:zombie_gen|error_acc[19][21]                                                                                           ; Stuck at GND due to stuck port clock_enable                                                  ;
; Random_Position_Generator:zombie_gen|error_acc[19][20]                                                                                           ; Stuck at GND due to stuck port clock_enable                                                  ;
; Random_Position_Generator:zombie_gen|error_acc[19][19]                                                                                           ; Stuck at GND due to stuck port clock_enable                                                  ;
; Random_Position_Generator:zombie_gen|error_acc[19][18]                                                                                           ; Stuck at GND due to stuck port clock_enable                                                  ;
; Random_Position_Generator:zombie_gen|error_acc[19][17]                                                                                           ; Stuck at GND due to stuck port clock_enable                                                  ;
; Random_Position_Generator:zombie_gen|error_acc[19][16]                                                                                           ; Stuck at GND due to stuck port clock_enable                                                  ;
; Random_Position_Generator:zombie_gen|error_acc[19][15]                                                                                           ; Stuck at GND due to stuck port clock_enable                                                  ;
; Random_Position_Generator:zombie_gen|error_acc[19][14]                                                                                           ; Stuck at GND due to stuck port clock_enable                                                  ;
; Random_Position_Generator:zombie_gen|error_acc[19][13]                                                                                           ; Stuck at GND due to stuck port clock_enable                                                  ;
; Random_Position_Generator:zombie_gen|error_acc[19][12]                                                                                           ; Stuck at GND due to stuck port clock_enable                                                  ;
; Random_Position_Generator:zombie_gen|error_acc[19][11]                                                                                           ; Stuck at GND due to stuck port clock_enable                                                  ;
; Random_Position_Generator:zombie_gen|error_acc[19][10]                                                                                           ; Stuck at GND due to stuck port clock_enable                                                  ;
; Random_Position_Generator:zombie_gen|error_acc[19][9]                                                                                            ; Stuck at GND due to stuck port clock_enable                                                  ;
; Random_Position_Generator:zombie_gen|error_acc[19][8]                                                                                            ; Stuck at GND due to stuck port clock_enable                                                  ;
; Random_Position_Generator:zombie_gen|error_acc[19][7]                                                                                            ; Stuck at GND due to stuck port clock_enable                                                  ;
; Random_Position_Generator:zombie_gen|error_acc[19][6]                                                                                            ; Stuck at GND due to stuck port clock_enable                                                  ;
; Random_Position_Generator:zombie_gen|error_acc[19][5]                                                                                            ; Stuck at GND due to stuck port clock_enable                                                  ;
; Random_Position_Generator:zombie_gen|error_acc[19][4]                                                                                            ; Stuck at GND due to stuck port clock_enable                                                  ;
; Random_Position_Generator:zombie_gen|error_acc[19][3]                                                                                            ; Stuck at GND due to stuck port clock_enable                                                  ;
; Random_Position_Generator:zombie_gen|error_acc[19][2]                                                                                            ; Stuck at GND due to stuck port clock_enable                                                  ;
; Random_Position_Generator:zombie_gen|error_acc[19][1]                                                                                            ; Stuck at GND due to stuck port clock_enable                                                  ;
; Random_Position_Generator:zombie_gen|error_acc[19][0]                                                                                            ; Stuck at GND due to stuck port clock_enable                                                  ;
; Random_Position_Generator:zombie_gen|move_div_cnt[16][3]                                                                                         ; Lost fanout                                                                                  ;
; Random_Position_Generator:zombie_gen|move_div_cnt[16][2]                                                                                         ; Lost fanout                                                                                  ;
; Random_Position_Generator:zombie_gen|move_div_cnt[16][1]                                                                                         ; Lost fanout                                                                                  ;
; Random_Position_Generator:zombie_gen|move_div_cnt[16][0]                                                                                         ; Lost fanout                                                                                  ;
; Random_Position_Generator:zombie_gen|move_div_cnt[17][3]                                                                                         ; Lost fanout                                                                                  ;
; Random_Position_Generator:zombie_gen|move_div_cnt[17][2]                                                                                         ; Lost fanout                                                                                  ;
; Random_Position_Generator:zombie_gen|move_div_cnt[17][0]                                                                                         ; Lost fanout                                                                                  ;
; Random_Position_Generator:zombie_gen|move_div_cnt[18][3]                                                                                         ; Lost fanout                                                                                  ;
; Random_Position_Generator:zombie_gen|move_div_cnt[18][2]                                                                                         ; Lost fanout                                                                                  ;
; Random_Position_Generator:zombie_gen|move_div_cnt[18][1]                                                                                         ; Lost fanout                                                                                  ;
; Random_Position_Generator:zombie_gen|move_div_cnt[18][0]                                                                                         ; Lost fanout                                                                                  ;
; Random_Position_Generator:zombie_gen|move_div_cnt[19][3]                                                                                         ; Lost fanout                                                                                  ;
; Random_Position_Generator:zombie_gen|move_div_cnt[19][2]                                                                                         ; Lost fanout                                                                                  ;
; Random_Position_Generator:zombie_gen|move_div_cnt[19][1]                                                                                         ; Lost fanout                                                                                  ;
; Random_Position_Generator:zombie_gen|move_div_cnt[19][0]                                                                                         ; Lost fanout                                                                                  ;
; Random_Position_Generator:zombie_gen|move_div_cnt[17][1]                                                                                         ; Lost fanout                                                                                  ;
; VGA_Image_Overlay_Combined:vga_image_overlay_combined|zombie_pixel_index_r2[7]                                                                   ; Merged with VGA_Image_Overlay_Combined:vga_image_overlay_combined|zombie_palette_addr_reg[7] ;
; VGA_Image_Overlay_Combined:vga_image_overlay_combined|zombie_pixel_index_r2[6]                                                                   ; Merged with VGA_Image_Overlay_Combined:vga_image_overlay_combined|zombie_palette_addr_reg[6] ;
; VGA_Image_Overlay_Combined:vga_image_overlay_combined|zombie_pixel_index_r2[5]                                                                   ; Merged with VGA_Image_Overlay_Combined:vga_image_overlay_combined|zombie_palette_addr_reg[5] ;
; VGA_Image_Overlay_Combined:vga_image_overlay_combined|zombie_pixel_index_r2[4]                                                                   ; Merged with VGA_Image_Overlay_Combined:vga_image_overlay_combined|zombie_palette_addr_reg[4] ;
; VGA_Image_Overlay_Combined:vga_image_overlay_combined|zombie_pixel_index_r2[3]                                                                   ; Merged with VGA_Image_Overlay_Combined:vga_image_overlay_combined|zombie_palette_addr_reg[3] ;
; VGA_Image_Overlay_Combined:vga_image_overlay_combined|zombie_pixel_index_r2[2]                                                                   ; Merged with VGA_Image_Overlay_Combined:vga_image_overlay_combined|zombie_palette_addr_reg[2] ;
; VGA_Image_Overlay_Combined:vga_image_overlay_combined|zombie_pixel_index_r2[1]                                                                   ; Merged with VGA_Image_Overlay_Combined:vga_image_overlay_combined|zombie_palette_addr_reg[1] ;
; VGA_Image_Overlay_Combined:vga_image_overlay_combined|zombie_pixel_index_r2[0]                                                                   ; Merged with VGA_Image_Overlay_Combined:vga_image_overlay_combined|zombie_palette_addr_reg[0] ;
; Random_Position_Generator:zombie_gen|pos_y[15][0]                                                                                                ; Stuck at GND due to stuck port data_in                                                       ;
; Random_Position_Generator:zombie_gen|pos_y[0][0]                                                                                                 ; Stuck at GND due to stuck port data_in                                                       ;
; Random_Position_Generator:zombie_gen|pos_y[1][0]                                                                                                 ; Stuck at GND due to stuck port data_in                                                       ;
; Random_Position_Generator:zombie_gen|pos_y[2][0]                                                                                                 ; Stuck at GND due to stuck port data_in                                                       ;
; Random_Position_Generator:zombie_gen|pos_y[3][0]                                                                                                 ; Stuck at GND due to stuck port data_in                                                       ;
; Random_Position_Generator:zombie_gen|pos_y[4][0]                                                                                                 ; Stuck at GND due to stuck port data_in                                                       ;
; Random_Position_Generator:zombie_gen|pos_y[5][0]                                                                                                 ; Stuck at GND due to stuck port data_in                                                       ;
; Random_Position_Generator:zombie_gen|pos_y[6][0]                                                                                                 ; Stuck at GND due to stuck port data_in                                                       ;
; Random_Position_Generator:zombie_gen|pos_y[7][0]                                                                                                 ; Stuck at GND due to stuck port data_in                                                       ;
; Random_Position_Generator:zombie_gen|pos_y[8][0]                                                                                                 ; Stuck at GND due to stuck port data_in                                                       ;
; Random_Position_Generator:zombie_gen|pos_y[9][0]                                                                                                 ; Stuck at GND due to stuck port data_in                                                       ;
; Random_Position_Generator:zombie_gen|pos_y[10][0]                                                                                                ; Stuck at GND due to stuck port data_in                                                       ;
; Random_Position_Generator:zombie_gen|pos_y[11][0]                                                                                                ; Stuck at GND due to stuck port data_in                                                       ;
; Random_Position_Generator:zombie_gen|pos_y[12][0]                                                                                                ; Stuck at GND due to stuck port data_in                                                       ;
; Random_Position_Generator:zombie_gen|pos_y[13][0]                                                                                                ; Stuck at GND due to stuck port data_in                                                       ;
; Random_Position_Generator:zombie_gen|pos_y[14][0]                                                                                                ; Stuck at GND due to stuck port data_in                                                       ;
; Position_Controller:position_controller_inst|pos_x[29..31]                                                                                       ; Stuck at GND due to stuck port data_in                                                       ;
; Position_Controller:position_controller_inst|pos_y[29..31]                                                                                       ; Stuck at GND due to stuck port data_in                                                       ;
; Position_Controller:position_controller_inst|pos_x[28]                                                                                           ; Stuck at GND due to stuck port data_in                                                       ;
; Position_Controller:position_controller_inst|pos_y[28]                                                                                           ; Stuck at GND due to stuck port data_in                                                       ;
; velocity_integrator:u_integrator|state~7                                                                                                         ; Lost fanout                                                                                  ;
; imu_parser:u_parser|state~7                                                                                                                      ; Lost fanout                                                                                  ;
; imu_parser:u_parser|state~8                                                                                                                      ; Lost fanout                                                                                  ;
; uart_rx:u_rx|r_SM_Main~2                                                                                                                         ; Lost fanout                                                                                  ;
; uart_rx:u_rx|r_SM_Main~3                                                                                                                         ; Lost fanout                                                                                  ;
; velocity_integrator:u_integrator|v_acc_x[32..63]                                                                                                 ; Lost fanout                                                                                  ;
; velocity_integrator:u_integrator|v_acc_y[32..63]                                                                                                 ; Lost fanout                                                                                  ;
; velocity_integrator:u_integrator|v_acc_z[32..63]                                                                                                 ; Lost fanout                                                                                  ;
; velocity_integrator:u_integrator|acc_gy[43..63]                                                                                                  ; Lost fanout                                                                                  ;
; velocity_integrator:u_integrator|acc_gx[43..63]                                                                                                  ; Lost fanout                                                                                  ;
; velocity_integrator:u_integrator|acc_gz[43..63]                                                                                                  ; Lost fanout                                                                                  ;
; velocity_integrator:u_integrator|acc_x[43..63]                                                                                                   ; Lost fanout                                                                                  ;
; velocity_integrator:u_integrator|acc_y[43..63]                                                                                                   ; Lost fanout                                                                                  ;
; velocity_integrator:u_integrator|acc_z[43..63]                                                                                                   ; Lost fanout                                                                                  ;
; Position_Controller:position_controller_inst|pos_x[11..27]                                                                                       ; Stuck at GND due to stuck port data_in                                                       ;
; Position_Controller:position_controller_inst|pos_y[10..27]                                                                                       ; Stuck at GND due to stuck port data_in                                                       ;
; Total Number of Removed Registers = 702                                                                                                          ;                                                                                              ;
+--------------------------------------------------------------------------------------------------------------------------------------------------+----------------------------------------------------------------------------------------------+


+---------------------------------------------------------------------------------------------------------------------------------------------------------------------------------------------------------------------------------------------+
; Removed Registers Triggering Further Register Optimizations                                                                                                                                                                                 ;
+--------------------------------------------------------------+---------------------------+--------------------------------------------------------------------------------------------------------------------------------------------------+
; Register name                                                ; Reason for Removal        ; Registers Removed due to This Register                                                                                                           ;
+--------------------------------------------------------------+---------------------------+--------------------------------------------------------------------------------------------------------------------------------------------------+
; vga_clock:vga_clk_pll|vga_clock_altpll_0:altpll_0|prev_reset ; Stuck at GND              ; vga_clock:vga_clk_pll|altera_reset_controller:rst_controller|altera_reset_synchronizer:alt_rst_sync_uq1|altera_reset_synchronizer_int_chain_out, ;
;                                                              ; due to stuck port data_in ; vga_clock:vga_clk_pll|altera_reset_controller:rst_controller|altera_reset_synchronizer:alt_rst_sync_uq1|altera_reset_synchronizer_int_chain[0],  ;
;                                                              ;                           ; vga_clock:vga_clk_pll|altera_reset_controller:rst_controller|altera_reset_synchronizer:alt_rst_sync_uq1|altera_reset_synchronizer_int_chain[1],  ;
;                                                              ;                           ; Random_Position_Generator:zombie_gen|pos_y[16][0],                                                                                               ;
;                                                              ;                           ; Random_Position_Generator:zombie_gen|position_valid[16],                                                                                         ;
;                                                              ;                           ; Random_Position_Generator:zombie_gen|pos_y[17][0],                                                                                               ;
;                                                              ;                           ; Random_Position_Generator:zombie_gen|position_valid[17],                                                                                         ;
;                                                              ;                           ; Random_Position_Generator:zombie_gen|pos_y[18][0],                                                                                               ;
;                                                              ;                           ; Random_Position_Generator:zombie_gen|position_valid[18],                                                                                         ;
;                                                              ;                           ; Random_Position_Generator:zombie_gen|pos_y[19][0],                                                                                               ;
;                                                              ;                           ; Random_Position_Generator:zombie_gen|position_valid[19],                                                                                         ;
;                                                              ;                           ; Random_Position_Generator:zombie_gen|pos_x[16][31],                                                                                              ;
;                                                              ;                           ; Random_Position_Generator:zombie_gen|pos_x[16][30],                                                                                              ;
;                                                              ;                           ; Random_Position_Generator:zombie_gen|pos_x[16][29],                                                                                              ;
;                                                              ;                           ; Random_Position_Generator:zombie_gen|pos_x[16][28],                                                                                              ;
;                                                              ;                           ; Random_Position_Generator:zombie_gen|pos_x[16][27],                                                                                              ;
;                                                              ;                           ; Random_Position_Generator:zombie_gen|pos_x[16][26],                                                                                              ;
;                                                              ;                           ; Random_Position_Generator:zombie_gen|pos_x[16][25],                                                                                              ;
;                                                              ;                           ; Random_Position_Generator:zombie_gen|pos_x[16][24],                                                                                              ;
;                                                              ;                           ; Random_Position_Generator:zombie_gen|pos_x[16][23],                                                                                              ;
;                                                              ;                           ; Random_Position_Generator:zombie_gen|pos_x[16][22],                                                                                              ;
;                                                              ;                           ; Random_Position_Generator:zombie_gen|pos_x[16][21],                                                                                              ;
;                                                              ;                           ; Random_Position_Generator:zombie_gen|pos_x[16][20],                                                                                              ;
;                                                              ;                           ; Random_Position_Generator:zombie_gen|pos_x[16][19],                                                                                              ;
;                                                              ;                           ; Random_Position_Generator:zombie_gen|pos_x[16][18],                                                                                              ;
;                                                              ;                           ; Random_Position_Generator:zombie_gen|pos_x[16][17],                                                                                              ;
;                                                              ;                           ; Random_Position_Generator:zombie_gen|pos_x[16][16],                                                                                              ;
;                                                              ;                           ; Random_Position_Generator:zombie_gen|pos_x[16][15],                                                                                              ;
;                                                              ;                           ; Random_Position_Generator:zombie_gen|pos_x[16][14],                                                                                              ;
;                                                              ;                           ; Random_Position_Generator:zombie_gen|pos_x[16][13],                                                                                              ;
;                                                              ;                           ; Random_Position_Generator:zombie_gen|pos_x[16][12],                                                                                              ;
;                                                              ;                           ; Random_Position_Generator:zombie_gen|pos_x[16][11],                                                                                              ;
;                                                              ;                           ; Random_Position_Generator:zombie_gen|pos_x[16][10],                                                                                              ;
;                                                              ;                           ; Random_Position_Generator:zombie_gen|pos_x[16][9],                                                                                               ;
;                                                              ;                           ; Random_Position_Generator:zombie_gen|pos_x[16][8],                                                                                               ;
;                                                              ;                           ; Random_Position_Generator:zombie_gen|pos_x[16][7],                                                                                               ;
;                                                              ;                           ; Random_Position_Generator:zombie_gen|pos_x[16][6],                                                                                               ;
;                                                              ;                           ; Random_Position_Generator:zombie_gen|pos_x[16][5],                                                                                               ;
;                                                              ;                           ; Random_Position_Generator:zombie_gen|pos_x[16][4],                                                                                               ;
;                                                              ;                           ; Random_Position_Generator:zombie_gen|pos_x[16][3],                                                                                               ;
;                                                              ;                           ; Random_Position_Generator:zombie_gen|pos_x[16][2],                                                                                               ;
;                                                              ;                           ; Random_Position_Generator:zombie_gen|pos_x[16][1],                                                                                               ;
;                                                              ;                           ; Random_Position_Generator:zombie_gen|pos_y[16][31],                                                                                              ;
;                                                              ;                           ; Random_Position_Generator:zombie_gen|pos_y[16][30],                                                                                              ;
;                                                              ;                           ; Random_Position_Generator:zombie_gen|pos_y[16][29],                                                                                              ;
;                                                              ;                           ; Random_Position_Generator:zombie_gen|pos_y[16][28],                                                                                              ;
;                                                              ;                           ; Random_Position_Generator:zombie_gen|pos_y[16][27],                                                                                              ;
;                                                              ;                           ; Random_Position_Generator:zombie_gen|pos_y[16][26],                                                                                              ;
;                                                              ;                           ; Random_Position_Generator:zombie_gen|pos_y[16][25],                                                                                              ;
;                                                              ;                           ; Random_Position_Generator:zombie_gen|pos_y[16][24],                                                                                              ;
;                                                              ;                           ; Random_Position_Generator:zombie_gen|pos_y[16][23],                                                                                              ;
;                                                              ;                           ; Random_Position_Generator:zombie_gen|pos_y[16][22],                                                                                              ;
;                                                              ;                           ; Random_Position_Generator:zombie_gen|pos_y[16][21],                                                                                              ;
;                                                              ;                           ; Random_Position_Generator:zombie_gen|pos_y[16][20],                                                                                              ;
;                                                              ;                           ; Random_Position_Generator:zombie_gen|pos_y[16][19],                                                                                              ;
;                                                              ;                           ; Random_Position_Generator:zombie_gen|pos_y[16][18],                                                                                              ;
;                                                              ;                           ; Random_Position_Generator:zombie_gen|pos_y[16][17],                                                                                              ;
;                                                              ;                           ; Random_Position_Generator:zombie_gen|pos_y[16][16],                                                                                              ;
;                                                              ;                           ; Random_Position_Generator:zombie_gen|pos_y[16][15],                                                                                              ;
;                                                              ;                           ; Random_Position_Generator:zombie_gen|pos_y[16][14],                                                                                              ;
;                                                              ;                           ; Random_Position_Generator:zombie_gen|pos_y[16][13],                                                                                              ;
;                                                              ;                           ; Random_Position_Generator:zombie_gen|pos_y[16][12],                                                                                              ;
;                                                              ;                           ; Random_Position_Generator:zombie_gen|pos_y[16][11],                                                                                              ;
;                                                              ;                           ; Random_Position_Generator:zombie_gen|pos_y[16][10],                                                                                              ;
;                                                              ;                           ; Random_Position_Generator:zombie_gen|pos_y[16][9],                                                                                               ;
;                                                              ;                           ; Random_Position_Generator:zombie_gen|pos_y[16][8],                                                                                               ;
;                                                              ;                           ; Random_Position_Generator:zombie_gen|pos_y[16][7],                                                                                               ;
;                                                              ;                           ; Random_Position_Generator:zombie_gen|pos_y[16][6],                                                                                               ;
;                                                              ;                           ; Random_Position_Generator:zombie_gen|pos_y[16][5],                                                                                               ;
;                                                              ;                           ; Random_Position_Generator:zombie_gen|pos_y[16][4],                                                                                               ;
;                                                              ;                           ; Random_Position_Generator:zombie_gen|pos_y[16][3],                                                                                               ;
;                                                              ;                           ; Random_Position_Generator:zombie_gen|pos_y[16][2],                                                                                               ;
;                                                              ;                           ; Random_Position_Generator:zombie_gen|pos_y[16][1],                                                                                               ;
;                                                              ;                           ; Random_Position_Generator:zombie_gen|pos_x[17][31],                                                                                              ;
;                                                              ;                           ; Random_Position_Generator:zombie_gen|pos_x[17][30],                                                                                              ;
;                                                              ;                           ; Random_Position_Generator:zombie_gen|pos_x[17][29],                                                                                              ;
;                                                              ;                           ; Random_Position_Generator:zombie_gen|pos_x[17][28],                                                                                              ;
;                                                              ;                           ; Random_Position_Generator:zombie_gen|pos_x[17][27],                                                                                              ;
;                                                              ;                           ; Random_Position_Generator:zombie_gen|pos_x[17][26],                                                                                              ;
;                                                              ;                           ; Random_Position_Generator:zombie_gen|pos_x[17][25],                                                                                              ;
;                                                              ;                           ; Random_Position_Generator:zombie_gen|pos_x[17][24],                                                                                              ;
;                                                              ;                           ; Random_Position_Generator:zombie_gen|pos_x[17][23],                                                                                              ;
;                                                              ;                           ; Random_Position_Generator:zombie_gen|pos_x[17][22],                                                                                              ;
;                                                              ;                           ; Random_Position_Generator:zombie_gen|pos_x[17][21],                                                                                              ;
;                                                              ;                           ; Random_Position_Generator:zombie_gen|pos_x[17][20],                                                                                              ;
;                                                              ;                           ; Random_Position_Generator:zombie_gen|pos_x[17][19],                                                                                              ;
;                                                              ;                           ; Random_Position_Generator:zombie_gen|pos_x[17][18],                                                                                              ;
;                                                              ;                           ; Random_Position_Generator:zombie_gen|pos_x[17][17],                                                                                              ;
;                                                              ;                           ; Random_Position_Generator:zombie_gen|pos_x[17][16],                                                                                              ;
;                                                              ;                           ; Random_Position_Generator:zombie_gen|pos_x[17][15],                                                                                              ;
;                                                              ;                           ; Random_Position_Generator:zombie_gen|pos_x[17][14],                                                                                              ;
;                                                              ;                           ; Random_Position_Generator:zombie_gen|pos_x[17][13],                                                                                              ;
;                                                              ;                           ; Random_Position_Generator:zombie_gen|pos_x[17][12],                                                                                              ;
;                                                              ;                           ; Random_Position_Generator:zombie_gen|pos_x[17][11],                                                                                              ;
;                                                              ;                           ; Random_Position_Generator:zombie_gen|pos_x[17][10],                                                                                              ;
;                                                              ;                           ; Random_Position_Generator:zombie_gen|pos_x[17][9],                                                                                               ;
;                                                              ;                           ; Random_Position_Generator:zombie_gen|pos_x[17][8],                                                                                               ;
;                                                              ;                           ; Random_Position_Generator:zombie_gen|pos_x[17][7],                                                                                               ;
;                                                              ;                           ; Random_Position_Generator:zombie_gen|pos_x[17][6],                                                                                               ;
;                                                              ;                           ; Random_Position_Generator:zombie_gen|pos_x[17][5],                                                                                               ;
;                                                              ;                           ; Random_Position_Generator:zombie_gen|pos_x[17][4],                                                                                               ;
;                                                              ;                           ; Random_Position_Generator:zombie_gen|pos_x[17][3],                                                                                               ;
;                                                              ;                           ; Random_Position_Generator:zombie_gen|pos_x[17][2],                                                                                               ;
;                                                              ;                           ; Random_Position_Generator:zombie_gen|pos_x[17][1],                                                                                               ;
;                                                              ;                           ; Random_Position_Generator:zombie_gen|pos_y[17][31],                                                                                              ;
;                                                              ;                           ; Random_Position_Generator:zombie_gen|pos_y[17][30],                                                                                              ;
;                                                              ;                           ; Random_Position_Generator:zombie_gen|pos_y[17][29],                                                                                              ;
;                                                              ;                           ; Random_Position_Generator:zombie_gen|pos_y[17][28],                                                                                              ;
;                                                              ;                           ; Random_Position_Generator:zombie_gen|pos_y[17][27],                                                                                              ;
;                                                              ;                           ; Random_Position_Generator:zombie_gen|pos_y[17][26],                                                                                              ;
;                                                              ;                           ; Random_Position_Generator:zombie_gen|pos_y[17][25],                                                                                              ;
;                                                              ;                           ; Random_Position_Generator:zombie_gen|pos_y[17][24],                                                                                              ;
;                                                              ;                           ; Random_Position_Generator:zombie_gen|pos_y[17][23],                                                                                              ;
;                                                              ;                           ; Random_Position_Generator:zombie_gen|pos_y[17][22],                                                                                              ;
;                                                              ;                           ; Random_Position_Generator:zombie_gen|pos_y[17][21],                                                                                              ;
;                                                              ;                           ; Random_Position_Generator:zombie_gen|pos_y[17][20],                                                                                              ;
;                                                              ;                           ; Random_Position_Generator:zombie_gen|pos_y[17][19],                                                                                              ;
;                                                              ;                           ; Random_Position_Generator:zombie_gen|pos_y[17][18],                                                                                              ;
;                                                              ;                           ; Random_Position_Generator:zombie_gen|pos_y[17][17],                                                                                              ;
;                                                              ;                           ; Random_Position_Generator:zombie_gen|pos_y[17][16],                                                                                              ;
;                                                              ;                           ; Random_Position_Generator:zombie_gen|pos_y[17][15],                                                                                              ;
;                                                              ;                           ; Random_Position_Generator:zombie_gen|pos_y[17][14],                                                                                              ;
;                                                              ;                           ; Random_Position_Generator:zombie_gen|pos_y[17][13],                                                                                              ;
;                                                              ;                           ; Random_Position_Generator:zombie_gen|pos_y[17][12],                                                                                              ;
;                                                              ;                           ; Random_Position_Generator:zombie_gen|pos_y[17][11],                                                                                              ;
;                                                              ;                           ; Random_Position_Generator:zombie_gen|pos_y[17][10],                                                                                              ;
;                                                              ;                           ; Random_Position_Generator:zombie_gen|pos_y[17][9],                                                                                               ;
;                                                              ;                           ; Random_Position_Generator:zombie_gen|pos_y[17][8],                                                                                               ;
;                                                              ;                           ; Random_Position_Generator:zombie_gen|pos_y[17][7],                                                                                               ;
;                                                              ;                           ; Random_Position_Generator:zombie_gen|pos_y[17][6],                                                                                               ;
;                                                              ;                           ; Random_Position_Generator:zombie_gen|pos_y[17][5],                                                                                               ;
;                                                              ;                           ; Random_Position_Generator:zombie_gen|pos_y[17][4],                                                                                               ;
;                                                              ;                           ; Random_Position_Generator:zombie_gen|pos_y[17][3],                                                                                               ;
;                                                              ;                           ; Random_Position_Generator:zombie_gen|pos_y[17][2],                                                                                               ;
;                                                              ;                           ; Random_Position_Generator:zombie_gen|pos_y[17][1],                                                                                               ;
;                                                              ;                           ; Random_Position_Generator:zombie_gen|pos_x[18][31],                                                                                              ;
;                                                              ;                           ; Random_Position_Generator:zombie_gen|pos_x[18][30],                                                                                              ;
;                                                              ;                           ; Random_Position_Generator:zombie_gen|pos_x[18][29],                                                                                              ;
;                                                              ;                           ; Random_Position_Generator:zombie_gen|pos_x[18][28],                                                                                              ;
;                                                              ;                           ; Random_Position_Generator:zombie_gen|pos_x[18][27],                                                                                              ;
;                                                              ;                           ; Random_Position_Generator:zombie_gen|pos_x[18][26],                                                                                              ;
;                                                              ;                           ; Random_Position_Generator:zombie_gen|pos_x[18][25],                                                                                              ;
;                                                              ;                           ; Random_Position_Generator:zombie_gen|pos_x[18][24],                                                                                              ;
;                                                              ;                           ; Random_Position_Generator:zombie_gen|pos_x[18][23],                                                                                              ;
;                                                              ;                           ; Random_Position_Generator:zombie_gen|pos_x[18][22],                                                                                              ;
;                                                              ;                           ; Random_Position_Generator:zombie_gen|pos_x[18][21],                                                                                              ;
;                                                              ;                           ; Random_Position_Generator:zombie_gen|pos_x[18][20],                                                                                              ;
;                                                              ;                           ; Random_Position_Generator:zombie_gen|pos_x[18][19],                                                                                              ;
;                                                              ;                           ; Random_Position_Generator:zombie_gen|pos_x[18][18],                                                                                              ;
;                                                              ;                           ; Random_Position_Generator:zombie_gen|pos_x[18][17],                                                                                              ;
;                                                              ;                           ; Random_Position_Generator:zombie_gen|pos_x[18][16],                                                                                              ;
;                                                              ;                           ; Random_Position_Generator:zombie_gen|pos_x[18][15],                                                                                              ;
;                                                              ;                           ; Random_Position_Generator:zombie_gen|pos_x[18][14],                                                                                              ;
;                                                              ;                           ; Random_Position_Generator:zombie_gen|pos_x[18][13],                                                                                              ;
;                                                              ;                           ; Random_Position_Generator:zombie_gen|pos_x[18][12],                                                                                              ;
;                                                              ;                           ; Random_Position_Generator:zombie_gen|pos_x[18][11],                                                                                              ;
;                                                              ;                           ; Random_Position_Generator:zombie_gen|pos_x[18][10],                                                                                              ;
;                                                              ;                           ; Random_Position_Generator:zombie_gen|pos_x[18][9],                                                                                               ;
;                                                              ;                           ; Random_Position_Generator:zombie_gen|pos_x[18][8],                                                                                               ;
;                                                              ;                           ; Random_Position_Generator:zombie_gen|pos_x[18][7],                                                                                               ;
;                                                              ;                           ; Random_Position_Generator:zombie_gen|pos_x[18][6],                                                                                               ;
;                                                              ;                           ; Random_Position_Generator:zombie_gen|pos_x[18][5],                                                                                               ;
;                                                              ;                           ; Random_Position_Generator:zombie_gen|pos_x[18][4],                                                                                               ;
;                                                              ;                           ; Random_Position_Generator:zombie_gen|pos_x[18][3],                                                                                               ;
;                                                              ;                           ; Random_Position_Generator:zombie_gen|pos_x[18][2],                                                                                               ;
;                                                              ;                           ; Random_Position_Generator:zombie_gen|pos_x[18][1],                                                                                               ;
;                                                              ;                           ; Random_Position_Generator:zombie_gen|pos_y[18][31],                                                                                              ;
;                                                              ;                           ; Random_Position_Generator:zombie_gen|pos_y[18][30],                                                                                              ;
;                                                              ;                           ; Random_Position_Generator:zombie_gen|pos_y[18][29],                                                                                              ;
;                                                              ;                           ; Random_Position_Generator:zombie_gen|pos_y[18][28],                                                                                              ;
;                                                              ;                           ; Random_Position_Generator:zombie_gen|pos_y[18][27],                                                                                              ;
;                                                              ;                           ; Random_Position_Generator:zombie_gen|pos_y[18][26],                                                                                              ;
;                                                              ;                           ; Random_Position_Generator:zombie_gen|pos_y[18][25],                                                                                              ;
;                                                              ;                           ; Random_Position_Generator:zombie_gen|pos_y[18][24],                                                                                              ;
;                                                              ;                           ; Random_Position_Generator:zombie_gen|pos_y[18][23],                                                                                              ;
;                                                              ;                           ; Random_Position_Generator:zombie_gen|pos_y[18][22],                                                                                              ;
;                                                              ;                           ; Random_Position_Generator:zombie_gen|pos_y[18][21],                                                                                              ;
;                                                              ;                           ; Random_Position_Generator:zombie_gen|pos_y[18][20],                                                                                              ;
;                                                              ;                           ; Random_Position_Generator:zombie_gen|pos_y[18][19],                                                                                              ;
;                                                              ;                           ; Random_Position_Generator:zombie_gen|pos_y[18][18],                                                                                              ;
;                                                              ;                           ; Random_Position_Generator:zombie_gen|pos_y[18][17],                                                                                              ;
;                                                              ;                           ; Random_Position_Generator:zombie_gen|pos_y[18][16],                                                                                              ;
;                                                              ;                           ; Random_Position_Generator:zombie_gen|pos_y[18][15],                                                                                              ;
;                                                              ;                           ; Random_Position_Generator:zombie_gen|pos_y[18][14],                                                                                              ;
;                                                              ;                           ; Random_Position_Generator:zombie_gen|pos_y[18][13],                                                                                              ;
;                                                              ;                           ; Random_Position_Generator:zombie_gen|pos_y[18][12],                                                                                              ;
;                                                              ;                           ; Random_Position_Generator:zombie_gen|pos_y[18][11],                                                                                              ;
;                                                              ;                           ; Random_Position_Generator:zombie_gen|pos_y[18][10],                                                                                              ;
;                                                              ;                           ; Random_Position_Generator:zombie_gen|pos_y[18][9],                                                                                               ;
;                                                              ;                           ; Random_Position_Generator:zombie_gen|pos_y[18][8],                                                                                               ;
;                                                              ;                           ; Random_Position_Generator:zombie_gen|pos_y[18][7],                                                                                               ;
;                                                              ;                           ; Random_Position_Generator:zombie_gen|pos_y[18][6],                                                                                               ;
;                                                              ;                           ; Random_Position_Generator:zombie_gen|pos_y[18][5],                                                                                               ;
;                                                              ;                           ; Random_Position_Generator:zombie_gen|pos_y[18][4],                                                                                               ;
;                                                              ;                           ; Random_Position_Generator:zombie_gen|pos_y[18][3],                                                                                               ;
;                                                              ;                           ; Random_Position_Generator:zombie_gen|pos_y[18][2],                                                                                               ;
;                                                              ;                           ; Random_Position_Generator:zombie_gen|pos_y[18][1],                                                                                               ;
;                                                              ;                           ; Random_Position_Generator:zombie_gen|pos_x[19][31],                                                                                              ;
;                                                              ;                           ; Random_Position_Generator:zombie_gen|pos_x[19][30],                                                                                              ;
;                                                              ;                           ; Random_Position_Generator:zombie_gen|pos_x[19][29],                                                                                              ;
;                                                              ;                           ; Random_Position_Generator:zombie_gen|pos_x[19][28],                                                                                              ;
;                                                              ;                           ; Random_Position_Generator:zombie_gen|pos_x[19][27],                                                                                              ;
;                                                              ;                           ; Random_Position_Generator:zombie_gen|pos_x[19][26],                                                                                              ;
;                                                              ;                           ; Random_Position_Generator:zombie_gen|pos_x[19][25],                                                                                              ;
;                                                              ;                           ; Random_Position_Generator:zombie_gen|pos_x[19][24],                                                                                              ;
;                                                              ;                           ; Random_Position_Generator:zombie_gen|pos_x[19][23],                                                                                              ;
;                                                              ;                           ; Random_Position_Generator:zombie_gen|pos_x[19][22],                                                                                              ;
;                                                              ;                           ; Random_Position_Generator:zombie_gen|pos_x[19][21],                                                                                              ;
;                                                              ;                           ; Random_Position_Generator:zombie_gen|pos_x[19][20],                                                                                              ;
;                                                              ;                           ; Random_Position_Generator:zombie_gen|pos_x[19][19],                                                                                              ;
;                                                              ;                           ; Random_Position_Generator:zombie_gen|pos_x[19][18],                                                                                              ;
;                                                              ;                           ; Random_Position_Generator:zombie_gen|pos_x[19][17],                                                                                              ;
;                                                              ;                           ; Random_Position_Generator:zombie_gen|pos_x[19][16],                                                                                              ;
;                                                              ;                           ; Random_Position_Generator:zombie_gen|pos_x[19][15],                                                                                              ;
;                                                              ;                           ; Random_Position_Generator:zombie_gen|pos_x[19][14],                                                                                              ;
;                                                              ;                           ; Random_Position_Generator:zombie_gen|pos_x[19][13],                                                                                              ;
;                                                              ;                           ; Random_Position_Generator:zombie_gen|pos_x[19][12],                                                                                              ;
;                                                              ;                           ; Random_Position_Generator:zombie_gen|pos_x[19][11],                                                                                              ;
;                                                              ;                           ; Random_Position_Generator:zombie_gen|pos_x[19][10],                                                                                              ;
;                                                              ;                           ; Random_Position_Generator:zombie_gen|pos_x[19][9],                                                                                               ;
;                                                              ;                           ; Random_Position_Generator:zombie_gen|pos_x[19][8],                                                                                               ;
;                                                              ;                           ; Random_Position_Generator:zombie_gen|pos_x[19][7],                                                                                               ;
;                                                              ;                           ; Random_Position_Generator:zombie_gen|pos_x[19][6],                                                                                               ;
;                                                              ;                           ; Random_Position_Generator:zombie_gen|pos_x[19][5],                                                                                               ;
;                                                              ;                           ; Random_Position_Generator:zombie_gen|pos_x[19][4],                                                                                               ;
;                                                              ;                           ; Random_Position_Generator:zombie_gen|pos_x[19][3],                                                                                               ;
;                                                              ;                           ; Random_Position_Generator:zombie_gen|pos_x[19][2],                                                                                               ;
;                                                              ;                           ; Random_Position_Generator:zombie_gen|pos_x[19][1],                                                                                               ;
;                                                              ;                           ; Random_Position_Generator:zombie_gen|pos_y[19][31],                                                                                              ;
;                                                              ;                           ; Random_Position_Generator:zombie_gen|pos_y[19][30],                                                                                              ;
;                                                              ;                           ; Random_Position_Generator:zombie_gen|pos_y[19][29],                                                                                              ;
;                                                              ;                           ; Random_Position_Generator:zombie_gen|pos_y[19][28],                                                                                              ;
;                                                              ;                           ; Random_Position_Generator:zombie_gen|pos_y[19][27],                                                                                              ;
;                                                              ;                           ; Random_Position_Generator:zombie_gen|pos_y[19][26],                                                                                              ;
;                                                              ;                           ; Random_Position_Generator:zombie_gen|pos_y[19][25],                                                                                              ;
;                                                              ;                           ; Random_Position_Generator:zombie_gen|pos_y[19][24],                                                                                              ;
;                                                              ;                           ; Random_Position_Generator:zombie_gen|pos_y[19][23],                                                                                              ;
;                                                              ;                           ; Random_Position_Generator:zombie_gen|pos_y[19][22],                                                                                              ;
;                                                              ;                           ; Random_Position_Generator:zombie_gen|pos_y[19][21],                                                                                              ;
;                                                              ;                           ; Random_Position_Generator:zombie_gen|pos_y[19][20],                                                                                              ;
;                                                              ;                           ; Random_Position_Generator:zombie_gen|pos_y[19][19],                                                                                              ;
;                                                              ;                           ; Random_Position_Generator:zombie_gen|pos_y[19][18],                                                                                              ;
;                                                              ;                           ; Random_Position_Generator:zombie_gen|pos_y[19][17],                                                                                              ;
;                                                              ;                           ; Random_Position_Generator:zombie_gen|pos_y[19][16],                                                                                              ;
;                                                              ;                           ; Random_Position_Generator:zombie_gen|pos_y[19][15],                                                                                              ;
;                                                              ;                           ; Random_Position_Generator:zombie_gen|pos_y[19][14],                                                                                              ;
;                                                              ;                           ; Random_Position_Generator:zombie_gen|pos_y[19][13],                                                                                              ;
;                                                              ;                           ; Random_Position_Generator:zombie_gen|pos_y[19][12],                                                                                              ;
;                                                              ;                           ; Random_Position_Generator:zombie_gen|pos_y[19][11],                                                                                              ;
;                                                              ;                           ; Random_Position_Generator:zombie_gen|pos_y[19][10],                                                                                              ;
;                                                              ;                           ; Random_Position_Generator:zombie_gen|pos_y[19][9],                                                                                               ;
;                                                              ;                           ; Random_Position_Generator:zombie_gen|pos_y[19][8],                                                                                               ;
;                                                              ;                           ; Random_Position_Generator:zombie_gen|pos_y[19][7],                                                                                               ;
;                                                              ;                           ; Random_Position_Generator:zombie_gen|pos_y[19][6],                                                                                               ;
;                                                              ;                           ; Random_Position_Generator:zombie_gen|pos_y[19][5],                                                                                               ;
;                                                              ;                           ; Random_Position_Generator:zombie_gen|pos_y[19][4],                                                                                               ;
;                                                              ;                           ; Random_Position_Generator:zombie_gen|pos_y[19][3],                                                                                               ;
;                                                              ;                           ; Random_Position_Generator:zombie_gen|pos_y[19][2],                                                                                               ;
;                                                              ;                           ; Random_Position_Generator:zombie_gen|pos_y[19][1],                                                                                               ;
;                                                              ;                           ; Random_Position_Generator:zombie_gen|pos_x[16][0],                                                                                               ;
;                                                              ;                           ; Random_Position_Generator:zombie_gen|error_acc[16][31],                                                                                          ;
;                                                              ;                           ; Random_Position_Generator:zombie_gen|error_acc[16][30],                                                                                          ;
;                                                              ;                           ; Random_Position_Generator:zombie_gen|error_acc[16][29],                                                                                          ;
;                                                              ;                           ; Random_Position_Generator:zombie_gen|error_acc[16][28],                                                                                          ;
;                                                              ;                           ; Random_Position_Generator:zombie_gen|error_acc[16][27],                                                                                          ;
;                                                              ;                           ; Random_Position_Generator:zombie_gen|error_acc[16][26],                                                                                          ;
;                                                              ;                           ; Random_Position_Generator:zombie_gen|error_acc[16][25],                                                                                          ;
;                                                              ;                           ; Random_Position_Generator:zombie_gen|error_acc[16][24],                                                                                          ;
;                                                              ;                           ; Random_Position_Generator:zombie_gen|error_acc[16][23],                                                                                          ;
;                                                              ;                           ; Random_Position_Generator:zombie_gen|error_acc[16][22],                                                                                          ;
;                                                              ;                           ; Random_Position_Generator:zombie_gen|error_acc[16][21],                                                                                          ;
;                                                              ;                           ; Random_Position_Generator:zombie_gen|error_acc[16][20],                                                                                          ;
;                                                              ;                           ; Random_Position_Generator:zombie_gen|error_acc[16][19],                                                                                          ;
;                                                              ;                           ; Random_Position_Generator:zombie_gen|error_acc[16][18],                                                                                          ;
;                                                              ;                           ; Random_Position_Generator:zombie_gen|error_acc[16][17],                                                                                          ;
;                                                              ;                           ; Random_Position_Generator:zombie_gen|error_acc[16][16],                                                                                          ;
;                                                              ;                           ; Random_Position_Generator:zombie_gen|error_acc[16][15],                                                                                          ;
;                                                              ;                           ; Random_Position_Generator:zombie_gen|error_acc[16][14],                                                                                          ;
;                                                              ;                           ; Random_Position_Generator:zombie_gen|error_acc[16][13],                                                                                          ;
;                                                              ;                           ; Random_Position_Generator:zombie_gen|error_acc[16][12],                                                                                          ;
;                                                              ;                           ; Random_Position_Generator:zombie_gen|error_acc[16][11],                                                                                          ;
;                                                              ;                           ; Random_Position_Generator:zombie_gen|error_acc[16][10],                                                                                          ;
;                                                              ;                           ; Random_Position_Generator:zombie_gen|error_acc[16][9],                                                                                           ;
;                                                              ;                           ; Random_Position_Generator:zombie_gen|error_acc[16][8],                                                                                           ;
;                                                              ;                           ; Random_Position_Generator:zombie_gen|error_acc[16][7],                                                                                           ;
;                                                              ;                           ; Random_Position_Generator:zombie_gen|error_acc[16][6],                                                                                           ;
;                                                              ;                           ; Random_Position_Generator:zombie_gen|error_acc[16][5],                                                                                           ;
;                                                              ;                           ; Random_Position_Generator:zombie_gen|error_acc[16][4],                                                                                           ;
;                                                              ;                           ; Random_Position_Generator:zombie_gen|error_acc[16][3],                                                                                           ;
;                                                              ;                           ; Random_Position_Generator:zombie_gen|error_acc[16][2],                                                                                           ;
;                                                              ;                           ; Random_Position_Generator:zombie_gen|error_acc[16][1],                                                                                           ;
;                                                              ;                           ; Random_Position_Generator:zombie_gen|error_acc[16][0],                                                                                           ;
;                                                              ;                           ; Random_Position_Generator:zombie_gen|pos_x[17][0],                                                                                               ;
;                                                              ;                           ; Random_Position_Generator:zombie_gen|error_acc[17][31],                                                                                          ;
;                                                              ;                           ; Random_Position_Generator:zombie_gen|error_acc[17][30],                                                                                          ;
;                                                              ;                           ; Random_Position_Generator:zombie_gen|error_acc[17][29],                                                                                          ;
;                                                              ;                           ; Random_Position_Generator:zombie_gen|error_acc[17][28],                                                                                          ;
;                                                              ;                           ; Random_Position_Generator:zombie_gen|error_acc[17][27],                                                                                          ;
;                                                              ;                           ; Random_Position_Generator:zombie_gen|error_acc[17][26],                                                                                          ;
;                                                              ;                           ; Random_Position_Generator:zombie_gen|error_acc[17][25],                                                                                          ;
;                                                              ;                           ; Random_Position_Generator:zombie_gen|error_acc[17][24],                                                                                          ;
;                                                              ;                           ; Random_Position_Generator:zombie_gen|error_acc[17][23],                                                                                          ;
;                                                              ;                           ; Random_Position_Generator:zombie_gen|error_acc[17][22],                                                                                          ;
;                                                              ;                           ; Random_Position_Generator:zombie_gen|error_acc[17][21],                                                                                          ;
;                                                              ;                           ; Random_Position_Generator:zombie_gen|error_acc[17][20],                                                                                          ;
;                                                              ;                           ; Random_Position_Generator:zombie_gen|error_acc[17][19],                                                                                          ;
;                                                              ;                           ; Random_Position_Generator:zombie_gen|error_acc[17][18],                                                                                          ;
;                                                              ;                           ; Random_Position_Generator:zombie_gen|error_acc[17][17],                                                                                          ;
;                                                              ;                           ; Random_Position_Generator:zombie_gen|error_acc[17][16],                                                                                          ;
;                                                              ;                           ; Random_Position_Generator:zombie_gen|error_acc[17][15],                                                                                          ;
;                                                              ;                           ; Random_Position_Generator:zombie_gen|error_acc[17][14],                                                                                          ;
;                                                              ;                           ; Random_Position_Generator:zombie_gen|error_acc[17][13],                                                                                          ;
;                                                              ;                           ; Random_Position_Generator:zombie_gen|error_acc[17][12],                                                                                          ;
;                                                              ;                           ; Random_Position_Generator:zombie_gen|error_acc[17][11],                                                                                          ;
;                                                              ;                           ; Random_Position_Generator:zombie_gen|error_acc[17][10],                                                                                          ;
;                                                              ;                           ; Random_Position_Generator:zombie_gen|error_acc[17][9],                                                                                           ;
;                                                              ;                           ; Random_Position_Generator:zombie_gen|error_acc[17][8],                                                                                           ;
;                                                              ;                           ; Random_Position_Generator:zombie_gen|error_acc[17][7],                                                                                           ;
;                                                              ;                           ; Random_Position_Generator:zombie_gen|error_acc[17][6],                                                                                           ;
;                                                              ;                           ; Random_Position_Generator:zombie_gen|error_acc[17][5],                                                                                           ;
;                                                              ;                           ; Random_Position_Generator:zombie_gen|error_acc[17][4],                                                                                           ;
;                                                              ;                           ; Random_Position_Generator:zombie_gen|error_acc[17][3],                                                                                           ;
;                                                              ;                           ; Random_Position_Generator:zombie_gen|error_acc[17][2],                                                                                           ;
;                                                              ;                           ; Random_Position_Generator:zombie_gen|error_acc[17][1],                                                                                           ;
;                                                              ;                           ; Random_Position_Generator:zombie_gen|error_acc[17][0],                                                                                           ;
;                                                              ;                           ; Random_Position_Generator:zombie_gen|pos_x[18][0],                                                                                               ;
;                                                              ;                           ; Random_Position_Generator:zombie_gen|error_acc[18][31],                                                                                          ;
;                                                              ;                           ; Random_Position_Generator:zombie_gen|error_acc[18][30],                                                                                          ;
;                                                              ;                           ; Random_Position_Generator:zombie_gen|error_acc[18][29],                                                                                          ;
;                                                              ;                           ; Random_Position_Generator:zombie_gen|error_acc[18][28],                                                                                          ;
;                                                              ;                           ; Random_Position_Generator:zombie_gen|error_acc[18][27],                                                                                          ;
;                                                              ;                           ; Random_Position_Generator:zombie_gen|error_acc[18][26],                                                                                          ;
;                                                              ;                           ; Random_Position_Generator:zombie_gen|error_acc[18][25],                                                                                          ;
;                                                              ;                           ; Random_Position_Generator:zombie_gen|error_acc[18][24],                                                                                          ;
;                                                              ;                           ; Random_Position_Generator:zombie_gen|error_acc[18][23],                                                                                          ;
;                                                              ;                           ; Random_Position_Generator:zombie_gen|error_acc[18][22],                                                                                          ;
;                                                              ;                           ; Random_Position_Generator:zombie_gen|error_acc[18][21],                                                                                          ;
;                                                              ;                           ; Random_Position_Generator:zombie_gen|error_acc[18][20],                                                                                          ;
;                                                              ;                           ; Random_Position_Generator:zombie_gen|error_acc[18][19],                                                                                          ;
;                                                              ;                           ; Random_Position_Generator:zombie_gen|error_acc[18][18],                                                                                          ;
;                                                              ;                           ; Random_Position_Generator:zombie_gen|error_acc[18][17],                                                                                          ;
;                                                              ;                           ; Random_Position_Generator:zombie_gen|error_acc[18][16],                                                                                          ;
;                                                              ;                           ; Random_Position_Generator:zombie_gen|error_acc[18][15],                                                                                          ;
;                                                              ;                           ; Random_Position_Generator:zombie_gen|error_acc[18][14],                                                                                          ;
;                                                              ;                           ; Random_Position_Generator:zombie_gen|error_acc[18][13],                                                                                          ;
;                                                              ;                           ; Random_Position_Generator:zombie_gen|error_acc[18][12],                                                                                          ;
;                                                              ;                           ; Random_Position_Generator:zombie_gen|error_acc[18][11],                                                                                          ;
;                                                              ;                           ; Random_Position_Generator:zombie_gen|error_acc[18][10],                                                                                          ;
;                                                              ;                           ; Random_Position_Generator:zombie_gen|error_acc[18][9],                                                                                           ;
;                                                              ;                           ; Random_Position_Generator:zombie_gen|error_acc[18][8],                                                                                           ;
;                                                              ;                           ; Random_Position_Generator:zombie_gen|error_acc[18][7],                                                                                           ;
;                                                              ;                           ; Random_Position_Generator:zombie_gen|error_acc[18][6],                                                                                           ;
;                                                              ;                           ; Random_Position_Generator:zombie_gen|error_acc[18][5],                                                                                           ;
;                                                              ;                           ; Random_Position_Generator:zombie_gen|error_acc[18][4],                                                                                           ;
;                                                              ;                           ; Random_Position_Generator:zombie_gen|error_acc[18][3],                                                                                           ;
;                                                              ;                           ; Random_Position_Generator:zombie_gen|error_acc[18][2],                                                                                           ;
;                                                              ;                           ; Random_Position_Generator:zombie_gen|error_acc[18][1],                                                                                           ;
;                                                              ;                           ; Random_Position_Generator:zombie_gen|error_acc[18][0],                                                                                           ;
;                                                              ;                           ; Random_Position_Generator:zombie_gen|pos_x[19][0],                                                                                               ;
;                                                              ;                           ; Random_Position_Generator:zombie_gen|error_acc[19][31],                                                                                          ;
;                                                              ;                           ; Random_Position_Generator:zombie_gen|error_acc[19][30],                                                                                          ;
;                                                              ;                           ; Random_Position_Generator:zombie_gen|error_acc[19][29],                                                                                          ;
;                                                              ;                           ; Random_Position_Generator:zombie_gen|error_acc[19][28],                                                                                          ;
;                                                              ;                           ; Random_Position_Generator:zombie_gen|error_acc[19][27],                                                                                          ;
;                                                              ;                           ; Random_Position_Generator:zombie_gen|error_acc[19][26],                                                                                          ;
;                                                              ;                           ; Random_Position_Generator:zombie_gen|error_acc[19][25],                                                                                          ;
;                                                              ;                           ; Random_Position_Generator:zombie_gen|error_acc[19][24],                                                                                          ;
;                                                              ;                           ; Random_Position_Generator:zombie_gen|error_acc[19][23],                                                                                          ;
;                                                              ;                           ; Random_Position_Generator:zombie_gen|error_acc[19][22],                                                                                          ;
;                                                              ;                           ; Random_Position_Generator:zombie_gen|error_acc[19][21],                                                                                          ;
;                                                              ;                           ; Random_Position_Generator:zombie_gen|error_acc[19][20],                                                                                          ;
;                                                              ;                           ; Random_Position_Generator:zombie_gen|error_acc[19][19],                                                                                          ;
;                                                              ;                           ; Random_Position_Generator:zombie_gen|error_acc[19][18],                                                                                          ;
;                                                              ;                           ; Random_Position_Generator:zombie_gen|error_acc[19][17],                                                                                          ;
;                                                              ;                           ; Random_Position_Generator:zombie_gen|error_acc[19][16],                                                                                          ;
;                                                              ;                           ; Random_Position_Generator:zombie_gen|error_acc[19][15],                                                                                          ;
;                                                              ;                           ; Random_Position_Generator:zombie_gen|error_acc[19][14],                                                                                          ;
;                                                              ;                           ; Random_Position_Generator:zombie_gen|error_acc[19][13],                                                                                          ;
;                                                              ;                           ; Random_Position_Generator:zombie_gen|error_acc[19][12],                                                                                          ;
;                                                              ;                           ; Random_Position_Generator:zombie_gen|error_acc[19][11],                                                                                          ;
;                                                              ;                           ; Random_Position_Generator:zombie_gen|error_acc[19][10],                                                                                          ;
;                                                              ;                           ; Random_Position_Generator:zombie_gen|error_acc[19][9],                                                                                           ;
;                                                              ;                           ; Random_Position_Generator:zombie_gen|error_acc[19][8],                                                                                           ;
;                                                              ;                           ; Random_Position_Generator:zombie_gen|error_acc[19][7],                                                                                           ;
;                                                              ;                           ; Random_Position_Generator:zombie_gen|error_acc[19][6],                                                                                           ;
;                                                              ;                           ; Random_Position_Generator:zombie_gen|error_acc[19][5],                                                                                           ;
;                                                              ;                           ; Random_Position_Generator:zombie_gen|error_acc[19][4],                                                                                           ;
;                                                              ;                           ; Random_Position_Generator:zombie_gen|error_acc[19][3],                                                                                           ;
;                                                              ;                           ; Random_Position_Generator:zombie_gen|error_acc[19][2],                                                                                           ;
;                                                              ;                           ; Random_Position_Generator:zombie_gen|error_acc[19][1],                                                                                           ;
;                                                              ;                           ; Random_Position_Generator:zombie_gen|error_acc[19][0],                                                                                           ;
;                                                              ;                           ; Random_Position_Generator:zombie_gen|move_div_cnt[16][3],                                                                                        ;
;                                                              ;                           ; Random_Position_Generator:zombie_gen|move_div_cnt[16][2],                                                                                        ;
;                                                              ;                           ; Random_Position_Generator:zombie_gen|move_div_cnt[16][1],                                                                                        ;
;                                                              ;                           ; Random_Position_Generator:zombie_gen|move_div_cnt[16][0],                                                                                        ;
;                                                              ;                           ; Random_Position_Generator:zombie_gen|move_div_cnt[17][3],                                                                                        ;
;                                                              ;                           ; Random_Position_Generator:zombie_gen|move_div_cnt[17][2],                                                                                        ;
;                                                              ;                           ; Random_Position_Generator:zombie_gen|move_div_cnt[17][0],                                                                                        ;
;                                                              ;                           ; Random_Position_Generator:zombie_gen|move_div_cnt[18][3],                                                                                        ;
;                                                              ;                           ; Random_Position_Generator:zombie_gen|move_div_cnt[18][2],                                                                                        ;
;                                                              ;                           ; Random_Position_Generator:zombie_gen|move_div_cnt[18][1],                                                                                        ;
;                                                              ;                           ; Random_Position_Generator:zombie_gen|move_div_cnt[18][0],                                                                                        ;
;                                                              ;                           ; Random_Position_Generator:zombie_gen|move_div_cnt[19][3],                                                                                        ;
;                                                              ;                           ; Random_Position_Generator:zombie_gen|move_div_cnt[19][2],                                                                                        ;
;                                                              ;                           ; Random_Position_Generator:zombie_gen|move_div_cnt[19][1],                                                                                        ;
;                                                              ;                           ; Random_Position_Generator:zombie_gen|move_div_cnt[19][0],                                                                                        ;
;                                                              ;                           ; Random_Position_Generator:zombie_gen|move_div_cnt[17][1],                                                                                        ;
;                                                              ;                           ; Random_Position_Generator:zombie_gen|pos_y[15][0],                                                                                               ;
;                                                              ;                           ; Random_Position_Generator:zombie_gen|pos_y[0][0],                                                                                                ;
;                                                              ;                           ; Random_Position_Generator:zombie_gen|pos_y[1][0],                                                                                                ;
;                                                              ;                           ; Random_Position_Generator:zombie_gen|pos_y[2][0],                                                                                                ;
;                                                              ;                           ; Random_Position_Generator:zombie_gen|pos_y[3][0],                                                                                                ;
;                                                              ;                           ; Random_Position_Generator:zombie_gen|pos_y[4][0],                                                                                                ;
;                                                              ;                           ; Random_Position_Generator:zombie_gen|pos_y[5][0],                                                                                                ;
;                                                              ;                           ; Random_Position_Generator:zombie_gen|pos_y[6][0],                                                                                                ;
;                                                              ;                           ; Random_Position_Generator:zombie_gen|pos_y[7][0],                                                                                                ;
;                                                              ;                           ; Random_Position_Generator:zombie_gen|pos_y[8][0],                                                                                                ;
;                                                              ;                           ; Random_Position_Generator:zombie_gen|pos_y[9][0],                                                                                                ;
;                                                              ;                           ; Random_Position_Generator:zombie_gen|pos_y[10][0],                                                                                               ;
;                                                              ;                           ; Random_Position_Generator:zombie_gen|pos_y[11][0],                                                                                               ;
;                                                              ;                           ; Random_Position_Generator:zombie_gen|pos_y[12][0],                                                                                               ;
;                                                              ;                           ; Random_Position_Generator:zombie_gen|pos_y[13][0],                                                                                               ;
;                                                              ;                           ; Random_Position_Generator:zombie_gen|pos_y[14][0],                                                                                               ;
;                                                              ;                           ; Position_Controller:position_controller_inst|pos_x[31],                                                                                          ;
;                                                              ;                           ; Position_Controller:position_controller_inst|pos_x[30],                                                                                          ;
;                                                              ;                           ; Position_Controller:position_controller_inst|pos_x[29],                                                                                          ;
;                                                              ;                           ; Position_Controller:position_controller_inst|pos_y[31],                                                                                          ;
;                                                              ;                           ; Position_Controller:position_controller_inst|pos_y[30],                                                                                          ;
;                                                              ;                           ; Position_Controller:position_controller_inst|pos_y[29],                                                                                          ;
;                                                              ;                           ; Position_Controller:position_controller_inst|pos_x[28],                                                                                          ;
;                                                              ;                           ; Position_Controller:position_controller_inst|pos_y[28],                                                                                          ;
;                                                              ;                           ; Position_Controller:position_controller_inst|pos_x[27],                                                                                          ;
;                                                              ;                           ; Position_Controller:position_controller_inst|pos_x[26],                                                                                          ;
;                                                              ;                           ; Position_Controller:position_controller_inst|pos_x[25],                                                                                          ;
;                                                              ;                           ; Position_Controller:position_controller_inst|pos_x[24],                                                                                          ;
;                                                              ;                           ; Position_Controller:position_controller_inst|pos_x[23],                                                                                          ;
;                                                              ;                           ; Position_Controller:position_controller_inst|pos_x[22],                                                                                          ;
;                                                              ;                           ; Position_Controller:position_controller_inst|pos_x[21],                                                                                          ;
;                                                              ;                           ; Position_Controller:position_controller_inst|pos_x[20],                                                                                          ;
;                                                              ;                           ; Position_Controller:position_controller_inst|pos_x[19],                                                                                          ;
;                                                              ;                           ; Position_Controller:position_controller_inst|pos_x[18],                                                                                          ;
;                                                              ;                           ; Position_Controller:position_controller_inst|pos_x[17],                                                                                          ;
;                                                              ;                           ; Position_Controller:position_controller_inst|pos_x[16],                                                                                          ;
;                                                              ;                           ; Position_Controller:position_controller_inst|pos_x[15],                                                                                          ;
;                                                              ;                           ; Position_Controller:position_controller_inst|pos_x[14],                                                                                          ;
;                                                              ;                           ; Position_Controller:position_controller_inst|pos_x[13],                                                                                          ;
;                                                              ;                           ; Position_Controller:position_controller_inst|pos_x[12],                                                                                          ;
;                                                              ;                           ; Position_Controller:position_controller_inst|pos_x[11],                                                                                          ;
;                                                              ;                           ; Position_Controller:position_controller_inst|pos_y[27],                                                                                          ;
;                                                              ;                           ; Position_Controller:position_controller_inst|pos_y[26],                                                                                          ;
;                                                              ;                           ; Position_Controller:position_controller_inst|pos_y[25],                                                                                          ;
;                                                              ;                           ; Position_Controller:position_controller_inst|pos_y[24],                                                                                          ;
;                                                              ;                           ; Position_Controller:position_controller_inst|pos_y[23],                                                                                          ;
;                                                              ;                           ; Position_Controller:position_controller_inst|pos_y[22],                                                                                          ;
;                                                              ;                           ; Position_Controller:position_controller_inst|pos_y[21],                                                                                          ;
;                                                              ;                           ; Position_Controller:position_controller_inst|pos_y[20],                                                                                          ;
;                                                              ;                           ; Position_Controller:position_controller_inst|pos_y[19],                                                                                          ;
;                                                              ;                           ; Position_Controller:position_controller_inst|pos_y[18],                                                                                          ;
;                                                              ;                           ; Position_Controller:position_controller_inst|pos_y[17],                                                                                          ;
;                                                              ;                           ; Position_Controller:position_controller_inst|pos_y[16],                                                                                          ;
;                                                              ;                           ; Position_Controller:position_controller_inst|pos_y[15],                                                                                          ;
;                                                              ;                           ; Position_Controller:position_controller_inst|pos_y[14],                                                                                          ;
;                                                              ;                           ; Position_Controller:position_controller_inst|pos_y[13],                                                                                          ;
;                                                              ;                           ; Position_Controller:position_controller_inst|pos_y[12],                                                                                          ;
;                                                              ;                           ; Position_Controller:position_controller_inst|pos_y[11],                                                                                          ;
;                                                              ;                           ; Position_Controller:position_controller_inst|pos_y[10]                                                                                           ;
+--------------------------------------------------------------+---------------------------+--------------------------------------------------------------------------------------------------------------------------------------------------+


+------------------------------------------------------+
; General Register Statistics                          ;
+----------------------------------------------+-------+
; Statistic                                    ; Value ;
+----------------------------------------------+-------+
; Total registers                              ; 4992  ;
; Number of registers using Synchronous Clear  ; 394   ;
; Number of registers using Synchronous Load   ; 535   ;
; Number of registers using Asynchronous Clear ; 2827  ;
; Number of registers using Asynchronous Load  ; 0     ;
; Number of registers using Clock Enable       ; 4545  ;
; Number of registers using Preset             ; 0     ;
+----------------------------------------------+-------+


+---------------------------------------------------------------+
; Inverted Register Statistics                                  ;
+-----------------------------------------------------+---------+
; Inverted Register                                   ; Fan out ;
+-----------------------------------------------------+---------+
; Random_Position_Generator:zombie_gen|pos_y[12][8]   ; 12      ;
; Random_Position_Generator:zombie_gen|pos_y[12][6]   ; 11      ;
; Random_Position_Generator:zombie_gen|pos_y[12][5]   ; 10      ;
; Random_Position_Generator:zombie_gen|pos_y[12][3]   ; 7       ;
; Random_Position_Generator:zombie_gen|pos_y[0][8]    ; 12      ;
; Random_Position_Generator:zombie_gen|pos_y[0][5]    ; 10      ;
; Random_Position_Generator:zombie_gen|pos_y[0][6]    ; 11      ;
; Random_Position_Generator:zombie_gen|pos_y[0][3]    ; 7       ;
; Random_Position_Generator:zombie_gen|pos_y[1][8]    ; 12      ;
; Random_Position_Generator:zombie_gen|pos_y[1][5]    ; 10      ;
; Random_Position_Generator:zombie_gen|pos_y[1][6]    ; 11      ;
; Random_Position_Generator:zombie_gen|pos_y[1][3]    ; 7       ;
; Random_Position_Generator:zombie_gen|pos_y[2][8]    ; 12      ;
; Random_Position_Generator:zombie_gen|pos_y[2][5]    ; 10      ;
; Random_Position_Generator:zombie_gen|pos_y[2][6]    ; 11      ;
; Random_Position_Generator:zombie_gen|pos_y[2][3]    ; 7       ;
; Random_Position_Generator:zombie_gen|pos_y[3][8]    ; 12      ;
; Random_Position_Generator:zombie_gen|pos_y[3][5]    ; 10      ;
; Random_Position_Generator:zombie_gen|pos_y[3][6]    ; 11      ;
; Random_Position_Generator:zombie_gen|pos_y[3][3]    ; 7       ;
; Random_Position_Generator:zombie_gen|pos_y[4][8]    ; 12      ;
; Random_Position_Generator:zombie_gen|pos_y[4][5]    ; 10      ;
; Random_Position_Generator:zombie_gen|pos_y[4][6]    ; 11      ;
; Random_Position_Generator:zombie_gen|pos_y[4][3]    ; 7       ;
; Random_Position_Generator:zombie_gen|pos_y[5][8]    ; 12      ;
; Random_Position_Generator:zombie_gen|pos_y[5][5]    ; 10      ;
; Random_Position_Generator:zombie_gen|pos_y[5][6]    ; 11      ;
; Random_Position_Generator:zombie_gen|pos_y[5][3]    ; 7       ;
; Random_Position_Generator:zombie_gen|pos_y[6][8]    ; 12      ;
; Random_Position_Generator:zombie_gen|pos_y[6][5]    ; 10      ;
; Random_Position_Generator:zombie_gen|pos_y[6][6]    ; 11      ;
; Random_Position_Generator:zombie_gen|pos_y[6][3]    ; 7       ;
; Random_Position_Generator:zombie_gen|pos_y[7][8]    ; 12      ;
; Random_Position_Generator:zombie_gen|pos_y[7][5]    ; 10      ;
; Random_Position_Generator:zombie_gen|pos_y[7][6]    ; 11      ;
; Random_Position_Generator:zombie_gen|pos_y[7][3]    ; 7       ;
; Random_Position_Generator:zombie_gen|pos_y[8][8]    ; 12      ;
; Random_Position_Generator:zombie_gen|pos_y[8][5]    ; 10      ;
; Random_Position_Generator:zombie_gen|pos_y[8][6]    ; 11      ;
; Random_Position_Generator:zombie_gen|pos_y[8][3]    ; 7       ;
; Random_Position_Generator:zombie_gen|pos_y[9][8]    ; 12      ;
; Random_Position_Generator:zombie_gen|pos_y[9][5]    ; 10      ;
; Random_Position_Generator:zombie_gen|pos_y[9][6]    ; 11      ;
; Random_Position_Generator:zombie_gen|pos_y[9][3]    ; 7       ;
; Random_Position_Generator:zombie_gen|pos_y[10][8]   ; 12      ;
; Random_Position_Generator:zombie_gen|pos_y[10][5]   ; 10      ;
; Random_Position_Generator:zombie_gen|pos_y[10][6]   ; 11      ;
; Random_Position_Generator:zombie_gen|pos_y[10][3]   ; 7       ;
; Random_Position_Generator:zombie_gen|pos_y[11][8]   ; 12      ;
; Random_Position_Generator:zombie_gen|pos_y[11][5]   ; 10      ;
; Random_Position_Generator:zombie_gen|pos_y[11][6]   ; 11      ;
; Random_Position_Generator:zombie_gen|pos_y[11][3]   ; 7       ;
; Random_Position_Generator:zombie_gen|pos_y[15][8]   ; 12      ;
; Random_Position_Generator:zombie_gen|pos_y[15][6]   ; 10      ;
; Random_Position_Generator:zombie_gen|pos_y[15][5]   ; 9       ;
; Random_Position_Generator:zombie_gen|pos_y[15][3]   ; 7       ;
; Random_Position_Generator:zombie_gen|pos_y[13][8]   ; 12      ;
; Random_Position_Generator:zombie_gen|pos_y[13][5]   ; 10      ;
; Random_Position_Generator:zombie_gen|pos_y[13][6]   ; 11      ;
; Random_Position_Generator:zombie_gen|pos_y[13][3]   ; 7       ;
; Random_Position_Generator:zombie_gen|pos_y[14][8]   ; 12      ;
; Random_Position_Generator:zombie_gen|pos_y[14][5]   ; 9       ;
; Random_Position_Generator:zombie_gen|pos_y[14][6]   ; 10      ;
; Random_Position_Generator:zombie_gen|pos_y[14][3]   ; 7       ;
; uart_rx:u_rx|r_Rx_Data                              ; 12      ;
; Random_Position_Generator:zombie_gen|pos_x[12][9]   ; 5       ;
; Random_Position_Generator:zombie_gen|pos_x[12][7]   ; 6       ;
; Random_Position_Generator:zombie_gen|pos_x[0][9]    ; 5       ;
; Random_Position_Generator:zombie_gen|pos_x[0][7]    ; 6       ;
; Random_Position_Generator:zombie_gen|pos_x[1][9]    ; 5       ;
; Random_Position_Generator:zombie_gen|pos_x[1][7]    ; 6       ;
; Random_Position_Generator:zombie_gen|pos_x[2][9]    ; 5       ;
; Random_Position_Generator:zombie_gen|pos_x[2][7]    ; 6       ;
; Random_Position_Generator:zombie_gen|pos_x[3][9]    ; 5       ;
; Random_Position_Generator:zombie_gen|pos_x[3][7]    ; 6       ;
; Random_Position_Generator:zombie_gen|pos_x[4][9]    ; 5       ;
; Random_Position_Generator:zombie_gen|pos_x[4][7]    ; 6       ;
; Random_Position_Generator:zombie_gen|pos_x[5][9]    ; 5       ;
; Random_Position_Generator:zombie_gen|pos_x[5][7]    ; 6       ;
; Random_Position_Generator:zombie_gen|pos_x[6][9]    ; 5       ;
; Random_Position_Generator:zombie_gen|pos_x[6][7]    ; 6       ;
; Random_Position_Generator:zombie_gen|pos_x[7][9]    ; 5       ;
; Random_Position_Generator:zombie_gen|pos_x[7][7]    ; 6       ;
; Random_Position_Generator:zombie_gen|pos_x[8][9]    ; 5       ;
; Random_Position_Generator:zombie_gen|pos_x[8][7]    ; 6       ;
; Random_Position_Generator:zombie_gen|pos_x[9][9]    ; 5       ;
; Random_Position_Generator:zombie_gen|pos_x[9][7]    ; 6       ;
; Random_Position_Generator:zombie_gen|pos_x[10][9]   ; 5       ;
; Random_Position_Generator:zombie_gen|pos_x[10][7]   ; 6       ;
; Random_Position_Generator:zombie_gen|pos_x[11][9]   ; 5       ;
; Random_Position_Generator:zombie_gen|pos_x[11][7]   ; 6       ;
; Random_Position_Generator:zombie_gen|pos_x[13][9]   ; 5       ;
; Random_Position_Generator:zombie_gen|pos_x[13][7]   ; 6       ;
; Random_Position_Generator:zombie_gen|pos_x[14][9]   ; 5       ;
; Random_Position_Generator:zombie_gen|pos_x[14][7]   ; 6       ;
; Random_Position_Generator:zombie_gen|pos_x[15][9]   ; 5       ;
; Random_Position_Generator:zombie_gen|pos_x[15][7]   ; 6       ;
; uart_rx:u_rx|r_Rx_Data_R                            ; 1       ;
; Random_Position_Generator:zombie_gen|lfsr_state[10] ; 3       ;
; Random_Position_Generator:zombie_gen|lfsr_state[7]  ; 17      ;
; Total number of inverted registers = 112*           ;         ;
+-----------------------------------------------------+---------+
* Table truncated at 100 items. To change the number of inverted registers reported, set the "Number of Inverted Registers Reported" option under Assignments->Settings->Analysis and Synthesis Settings->More Settings


+---------------------------------------------------------------------------------------------------------------------------------------------------------------------------------------------------+
; Multiplexer Restructuring Statistics (Restructuring Performed)                                                                                                                                    ;
+--------------------+-----------+---------------+----------------------+------------------------+------------+-------------------------------------------------------------------------------------+
; Multiplexer Inputs ; Bus Width ; Baseline Area ; Area if Restructured ; Saving if Restructured ; Registered ; Example Multiplexer Output                                                          ;
+--------------------+-----------+---------------+----------------------+------------------------+------------+-------------------------------------------------------------------------------------+
; 3:1                ; 14 bits   ; 28 LEs        ; 14 LEs               ; 14 LEs                 ; Yes        ; |DE2_115|set_trans_arr:u_set_trans_arr|o_zombie_addr[13]                            ;
; 3:1                ; 14 bits   ; 28 LEs        ; 14 LEs               ; 14 LEs                 ; Yes        ; |DE2_115|VGA_Image_Overlay_Combined:vga_image_overlay_combined|o_zombie_addr[7]     ;
; 3:1                ; 2 bits    ; 4 LEs         ; 4 LEs                ; 0 LEs                  ; Yes        ; |DE2_115|VGA_Image_Overlay_Combined:vga_image_overlay_combined|aim_pixel_data_r[0]  ;
; 3:1                ; 16 bits   ; 32 LEs        ; 16 LEs               ; 16 LEs                 ; Yes        ; |DE2_115|VGA_Image_Overlay_Combined:vga_image_overlay_combined|aim_bram_addr_reg[1] ;
; 3:1                ; 8 bits    ; 16 LEs        ; 16 LEs               ; 0 LEs                  ; Yes        ; |DE2_115|VGA_Image_Overlay_Combined:vga_image_overlay_combined|bg_pixel_index_r[6]  ;
; 3:1                ; 30 bits   ; 60 LEs        ; 60 LEs               ; 0 LEs                  ; Yes        ; |DE2_115|Position_Controller:position_controller_inst|pos_x[15]                     ;
; 3:1                ; 28 bits   ; 56 LEs        ; 56 LEs               ; 0 LEs                  ; Yes        ; |DE2_115|Position_Controller:position_controller_inst|pos_y[27]                     ;
; 5:1                ; 6 bits    ; 18 LEs        ; 12 LEs               ; 6 LEs                  ; Yes        ; |DE2_115|VGA_Image_Overlay_Combined:vga_image_overlay_combined|o_vga_g[5]           ;
; 5:1                ; 2 bits    ; 6 LEs         ; 4 LEs                ; 2 LEs                  ; Yes        ; |DE2_115|VGA_Image_Overlay_Combined:vga_image_overlay_combined|o_vga_r[4]           ;
; 5:1                ; 4 bits    ; 12 LEs        ; 4 LEs                ; 8 LEs                  ; Yes        ; |DE2_115|Random_Position_Generator:zombie_gen|move_div_cnt[15][0]                   ;
; 5:1                ; 4 bits    ; 12 LEs        ; 4 LEs                ; 8 LEs                  ; Yes        ; |DE2_115|Random_Position_Generator:zombie_gen|move_div_cnt[0][1]                    ;
; 5:1                ; 4 bits    ; 12 LEs        ; 4 LEs                ; 8 LEs                  ; Yes        ; |DE2_115|Random_Position_Generator:zombie_gen|move_div_cnt[1][0]                    ;
; 5:1                ; 4 bits    ; 12 LEs        ; 4 LEs                ; 8 LEs                  ; Yes        ; |DE2_115|Random_Position_Generator:zombie_gen|move_div_cnt[2][1]                    ;
; 5:1                ; 4 bits    ; 12 LEs        ; 4 LEs                ; 8 LEs                  ; Yes        ; |DE2_115|Random_Position_Generator:zombie_gen|move_div_cnt[3][3]                    ;
; 5:1                ; 4 bits    ; 12 LEs        ; 4 LEs                ; 8 LEs                  ; Yes        ; |DE2_115|Random_Position_Generator:zombie_gen|move_div_cnt[4][3]                    ;
; 5:1                ; 4 bits    ; 12 LEs        ; 4 LEs                ; 8 LEs                  ; Yes        ; |DE2_115|Random_Position_Generator:zombie_gen|move_div_cnt[5][2]                    ;
; 5:1                ; 4 bits    ; 12 LEs        ; 4 LEs                ; 8 LEs                  ; Yes        ; |DE2_115|Random_Position_Generator:zombie_gen|move_div_cnt[6][0]                    ;
; 5:1                ; 4 bits    ; 12 LEs        ; 4 LEs                ; 8 LEs                  ; Yes        ; |DE2_115|Random_Position_Generator:zombie_gen|move_div_cnt[7][1]                    ;
; 5:1                ; 4 bits    ; 12 LEs        ; 4 LEs                ; 8 LEs                  ; Yes        ; |DE2_115|Random_Position_Generator:zombie_gen|move_div_cnt[8][0]                    ;
; 5:1                ; 4 bits    ; 12 LEs        ; 4 LEs                ; 8 LEs                  ; Yes        ; |DE2_115|Random_Position_Generator:zombie_gen|move_div_cnt[9][3]                    ;
; 5:1                ; 4 bits    ; 12 LEs        ; 4 LEs                ; 8 LEs                  ; Yes        ; |DE2_115|Random_Position_Generator:zombie_gen|move_div_cnt[10][2]                   ;
; 5:1                ; 4 bits    ; 12 LEs        ; 4 LEs                ; 8 LEs                  ; Yes        ; |DE2_115|Random_Position_Generator:zombie_gen|move_div_cnt[11][3]                   ;
; 5:1                ; 4 bits    ; 12 LEs        ; 4 LEs                ; 8 LEs                  ; Yes        ; |DE2_115|Random_Position_Generator:zombie_gen|move_div_cnt[12][0]                   ;
; 5:1                ; 4 bits    ; 12 LEs        ; 4 LEs                ; 8 LEs                  ; Yes        ; |DE2_115|Random_Position_Generator:zombie_gen|move_div_cnt[13][3]                   ;
; 5:1                ; 4 bits    ; 12 LEs        ; 4 LEs                ; 8 LEs                  ; Yes        ; |DE2_115|Random_Position_Generator:zombie_gen|move_div_cnt[14][0]                   ;
; 5:1                ; 16 bits   ; 48 LEs        ; 16 LEs               ; 32 LEs                 ; Yes        ; |DE2_115|velocity_integrator:u_integrator|stability_timer[2]                        ;
; 6:1                ; 16 bits   ; 64 LEs        ; 16 LEs               ; 48 LEs                 ; Yes        ; |DE2_115|set_trans_arr:u_set_trans_arr|trans_bounds[101][2]                         ;
; 6:1                ; 16 bits   ; 64 LEs        ; 16 LEs               ; 48 LEs                 ; Yes        ; |DE2_115|set_trans_arr:u_set_trans_arr|trans_bounds[100][9]                         ;
; 6:1                ; 16 bits   ; 64 LEs        ; 16 LEs               ; 48 LEs                 ; Yes        ; |DE2_115|set_trans_arr:u_set_trans_arr|trans_bounds[99][9]                          ;
; 6:1                ; 16 bits   ; 64 LEs        ; 16 LEs               ; 48 LEs                 ; Yes        ; |DE2_115|set_trans_arr:u_set_trans_arr|trans_bounds[98][4]                          ;
; 6:1                ; 16 bits   ; 64 LEs        ; 16 LEs               ; 48 LEs                 ; Yes        ; |DE2_115|set_trans_arr:u_set_trans_arr|trans_bounds[97][7]                          ;
; 6:1                ; 16 bits   ; 64 LEs        ; 16 LEs               ; 48 LEs                 ; Yes        ; |DE2_115|set_trans_arr:u_set_trans_arr|trans_bounds[96][7]                          ;
; 6:1                ; 16 bits   ; 64 LEs        ; 16 LEs               ; 48 LEs                 ; Yes        ; |DE2_115|set_trans_arr:u_set_trans_arr|trans_bounds[95][1]                          ;
; 6:1                ; 16 bits   ; 64 LEs        ; 16 LEs               ; 48 LEs                 ; Yes        ; |DE2_115|set_trans_arr:u_set_trans_arr|trans_bounds[94][5]                          ;
; 6:1                ; 16 bits   ; 64 LEs        ; 16 LEs               ; 48 LEs                 ; Yes        ; |DE2_115|set_trans_arr:u_set_trans_arr|trans_bounds[93][11]                         ;
; 6:1                ; 16 bits   ; 64 LEs        ; 16 LEs               ; 48 LEs                 ; Yes        ; |DE2_115|set_trans_arr:u_set_trans_arr|trans_bounds[92][8]                          ;
; 6:1                ; 16 bits   ; 64 LEs        ; 16 LEs               ; 48 LEs                 ; Yes        ; |DE2_115|set_trans_arr:u_set_trans_arr|trans_bounds[91][10]                         ;
; 6:1                ; 16 bits   ; 64 LEs        ; 16 LEs               ; 48 LEs                 ; Yes        ; |DE2_115|set_trans_arr:u_set_trans_arr|trans_bounds[90][13]                         ;
; 6:1                ; 16 bits   ; 64 LEs        ; 16 LEs               ; 48 LEs                 ; Yes        ; |DE2_115|set_trans_arr:u_set_trans_arr|trans_bounds[89][11]                         ;
; 6:1                ; 16 bits   ; 64 LEs        ; 16 LEs               ; 48 LEs                 ; Yes        ; |DE2_115|set_trans_arr:u_set_trans_arr|trans_bounds[88][10]                         ;
; 6:1                ; 16 bits   ; 64 LEs        ; 16 LEs               ; 48 LEs                 ; Yes        ; |DE2_115|set_trans_arr:u_set_trans_arr|trans_bounds[87][4]                          ;
; 6:1                ; 16 bits   ; 64 LEs        ; 16 LEs               ; 48 LEs                 ; Yes        ; |DE2_115|set_trans_arr:u_set_trans_arr|trans_bounds[86][4]                          ;
; 6:1                ; 16 bits   ; 64 LEs        ; 16 LEs               ; 48 LEs                 ; Yes        ; |DE2_115|set_trans_arr:u_set_trans_arr|trans_bounds[85][4]                          ;
; 6:1                ; 16 bits   ; 64 LEs        ; 16 LEs               ; 48 LEs                 ; Yes        ; |DE2_115|set_trans_arr:u_set_trans_arr|trans_bounds[84][1]                          ;
; 6:1                ; 16 bits   ; 64 LEs        ; 16 LEs               ; 48 LEs                 ; Yes        ; |DE2_115|set_trans_arr:u_set_trans_arr|trans_bounds[83][2]                          ;
; 6:1                ; 16 bits   ; 64 LEs        ; 16 LEs               ; 48 LEs                 ; Yes        ; |DE2_115|set_trans_arr:u_set_trans_arr|trans_bounds[82][12]                         ;
; 6:1                ; 16 bits   ; 64 LEs        ; 16 LEs               ; 48 LEs                 ; Yes        ; |DE2_115|set_trans_arr:u_set_trans_arr|trans_bounds[81][0]                          ;
; 6:1                ; 16 bits   ; 64 LEs        ; 16 LEs               ; 48 LEs                 ; Yes        ; |DE2_115|set_trans_arr:u_set_trans_arr|trans_bounds[80][14]                         ;
; 6:1                ; 16 bits   ; 64 LEs        ; 16 LEs               ; 48 LEs                 ; Yes        ; |DE2_115|set_trans_arr:u_set_trans_arr|trans_bounds[79][7]                          ;
; 6:1                ; 16 bits   ; 64 LEs        ; 16 LEs               ; 48 LEs                 ; Yes        ; |DE2_115|set_trans_arr:u_set_trans_arr|trans_bounds[78][15]                         ;
; 6:1                ; 16 bits   ; 64 LEs        ; 16 LEs               ; 48 LEs                 ; Yes        ; |DE2_115|set_trans_arr:u_set_trans_arr|trans_bounds[77][5]                          ;
; 6:1                ; 16 bits   ; 64 LEs        ; 16 LEs               ; 48 LEs                 ; Yes        ; |DE2_115|set_trans_arr:u_set_trans_arr|trans_bounds[76][7]                          ;
; 6:1                ; 16 bits   ; 64 LEs        ; 16 LEs               ; 48 LEs                 ; Yes        ; |DE2_115|set_trans_arr:u_set_trans_arr|trans_bounds[75][6]                          ;
; 6:1                ; 16 bits   ; 64 LEs        ; 16 LEs               ; 48 LEs                 ; Yes        ; |DE2_115|set_trans_arr:u_set_trans_arr|trans_bounds[74][4]                          ;
; 6:1                ; 16 bits   ; 64 LEs        ; 16 LEs               ; 48 LEs                 ; Yes        ; |DE2_115|set_trans_arr:u_set_trans_arr|trans_bounds[73][6]                          ;
; 6:1                ; 16 bits   ; 64 LEs        ; 16 LEs               ; 48 LEs                 ; Yes        ; |DE2_115|set_trans_arr:u_set_trans_arr|trans_bounds[72][4]                          ;
; 6:1                ; 16 bits   ; 64 LEs        ; 16 LEs               ; 48 LEs                 ; Yes        ; |DE2_115|set_trans_arr:u_set_trans_arr|trans_bounds[71][12]                         ;
; 6:1                ; 16 bits   ; 64 LEs        ; 16 LEs               ; 48 LEs                 ; Yes        ; |DE2_115|set_trans_arr:u_set_trans_arr|trans_bounds[70][1]                          ;
; 6:1                ; 16 bits   ; 64 LEs        ; 16 LEs               ; 48 LEs                 ; Yes        ; |DE2_115|set_trans_arr:u_set_trans_arr|trans_bounds[69][3]                          ;
; 6:1                ; 16 bits   ; 64 LEs        ; 16 LEs               ; 48 LEs                 ; Yes        ; |DE2_115|set_trans_arr:u_set_trans_arr|trans_bounds[68][8]                          ;
; 6:1                ; 16 bits   ; 64 LEs        ; 16 LEs               ; 48 LEs                 ; Yes        ; |DE2_115|set_trans_arr:u_set_trans_arr|trans_bounds[67][3]                          ;
; 6:1                ; 16 bits   ; 64 LEs        ; 16 LEs               ; 48 LEs                 ; Yes        ; |DE2_115|set_trans_arr:u_set_trans_arr|trans_bounds[66][3]                          ;
; 6:1                ; 16 bits   ; 64 LEs        ; 16 LEs               ; 48 LEs                 ; Yes        ; |DE2_115|set_trans_arr:u_set_trans_arr|trans_bounds[65][3]                          ;
; 6:1                ; 16 bits   ; 64 LEs        ; 16 LEs               ; 48 LEs                 ; Yes        ; |DE2_115|set_trans_arr:u_set_trans_arr|trans_bounds[64][3]                          ;
; 6:1                ; 16 bits   ; 64 LEs        ; 16 LEs               ; 48 LEs                 ; Yes        ; |DE2_115|set_trans_arr:u_set_trans_arr|trans_bounds[63][7]                          ;
; 6:1                ; 16 bits   ; 64 LEs        ; 16 LEs               ; 48 LEs                 ; Yes        ; |DE2_115|set_trans_arr:u_set_trans_arr|trans_bounds[62][10]                         ;
; 6:1                ; 16 bits   ; 64 LEs        ; 16 LEs               ; 48 LEs                 ; Yes        ; |DE2_115|set_trans_arr:u_set_trans_arr|trans_bounds[61][1]                          ;
; 6:1                ; 16 bits   ; 64 LEs        ; 16 LEs               ; 48 LEs                 ; Yes        ; |DE2_115|set_trans_arr:u_set_trans_arr|trans_bounds[60][11]                         ;
; 6:1                ; 16 bits   ; 64 LEs        ; 16 LEs               ; 48 LEs                 ; Yes        ; |DE2_115|set_trans_arr:u_set_trans_arr|trans_bounds[59][11]                         ;
; 6:1                ; 16 bits   ; 64 LEs        ; 16 LEs               ; 48 LEs                 ; Yes        ; |DE2_115|set_trans_arr:u_set_trans_arr|trans_bounds[58][11]                         ;
; 6:1                ; 16 bits   ; 64 LEs        ; 16 LEs               ; 48 LEs                 ; Yes        ; |DE2_115|set_trans_arr:u_set_trans_arr|trans_bounds[57][11]                         ;
; 6:1                ; 16 bits   ; 64 LEs        ; 16 LEs               ; 48 LEs                 ; Yes        ; |DE2_115|set_trans_arr:u_set_trans_arr|trans_bounds[56][11]                         ;
; 6:1                ; 16 bits   ; 64 LEs        ; 16 LEs               ; 48 LEs                 ; Yes        ; |DE2_115|set_trans_arr:u_set_trans_arr|trans_bounds[55][3]                          ;
; 6:1                ; 16 bits   ; 64 LEs        ; 16 LEs               ; 48 LEs                 ; Yes        ; |DE2_115|set_trans_arr:u_set_trans_arr|trans_bounds[54][3]                          ;
; 6:1                ; 16 bits   ; 64 LEs        ; 16 LEs               ; 48 LEs                 ; Yes        ; |DE2_115|set_trans_arr:u_set_trans_arr|trans_bounds[53][3]                          ;
; 6:1                ; 16 bits   ; 64 LEs        ; 16 LEs               ; 48 LEs                 ; Yes        ; |DE2_115|set_trans_arr:u_set_trans_arr|trans_bounds[52][3]                          ;
; 6:1                ; 16 bits   ; 64 LEs        ; 16 LEs               ; 48 LEs                 ; Yes        ; |DE2_115|set_trans_arr:u_set_trans_arr|trans_bounds[51][3]                          ;
; 6:1                ; 16 bits   ; 64 LEs        ; 16 LEs               ; 48 LEs                 ; Yes        ; |DE2_115|set_trans_arr:u_set_trans_arr|trans_bounds[50][3]                          ;
; 6:1                ; 16 bits   ; 64 LEs        ; 16 LEs               ; 48 LEs                 ; Yes        ; |DE2_115|set_trans_arr:u_set_trans_arr|trans_bounds[49][4]                          ;
; 6:1                ; 16 bits   ; 64 LEs        ; 16 LEs               ; 48 LEs                 ; Yes        ; |DE2_115|set_trans_arr:u_set_trans_arr|trans_bounds[48][0]                          ;
; 6:1                ; 16 bits   ; 64 LEs        ; 16 LEs               ; 48 LEs                 ; Yes        ; |DE2_115|set_trans_arr:u_set_trans_arr|trans_bounds[47][10]                         ;
; 6:1                ; 16 bits   ; 64 LEs        ; 16 LEs               ; 48 LEs                 ; Yes        ; |DE2_115|set_trans_arr:u_set_trans_arr|trans_bounds[46][13]                         ;
; 6:1                ; 16 bits   ; 64 LEs        ; 16 LEs               ; 48 LEs                 ; Yes        ; |DE2_115|set_trans_arr:u_set_trans_arr|trans_bounds[45][15]                         ;
; 6:1                ; 16 bits   ; 64 LEs        ; 16 LEs               ; 48 LEs                 ; Yes        ; |DE2_115|set_trans_arr:u_set_trans_arr|trans_bounds[44][4]                          ;
; 6:1                ; 16 bits   ; 64 LEs        ; 16 LEs               ; 48 LEs                 ; Yes        ; |DE2_115|set_trans_arr:u_set_trans_arr|trans_bounds[43][8]                          ;
; 6:1                ; 16 bits   ; 64 LEs        ; 16 LEs               ; 48 LEs                 ; Yes        ; |DE2_115|set_trans_arr:u_set_trans_arr|trans_bounds[42][14]                         ;
; 6:1                ; 16 bits   ; 64 LEs        ; 16 LEs               ; 48 LEs                 ; Yes        ; |DE2_115|set_trans_arr:u_set_trans_arr|trans_bounds[41][15]                         ;
; 6:1                ; 16 bits   ; 64 LEs        ; 16 LEs               ; 48 LEs                 ; Yes        ; |DE2_115|set_trans_arr:u_set_trans_arr|trans_bounds[40][9]                          ;
; 6:1                ; 16 bits   ; 64 LEs        ; 16 LEs               ; 48 LEs                 ; Yes        ; |DE2_115|set_trans_arr:u_set_trans_arr|trans_bounds[39][6]                          ;
; 6:1                ; 16 bits   ; 64 LEs        ; 16 LEs               ; 48 LEs                 ; Yes        ; |DE2_115|set_trans_arr:u_set_trans_arr|trans_bounds[38][0]                          ;
; 6:1                ; 16 bits   ; 64 LEs        ; 16 LEs               ; 48 LEs                 ; Yes        ; |DE2_115|set_trans_arr:u_set_trans_arr|trans_bounds[37][9]                          ;
; 6:1                ; 16 bits   ; 64 LEs        ; 16 LEs               ; 48 LEs                 ; Yes        ; |DE2_115|set_trans_arr:u_set_trans_arr|trans_bounds[36][14]                         ;
; 6:1                ; 16 bits   ; 64 LEs        ; 16 LEs               ; 48 LEs                 ; Yes        ; |DE2_115|set_trans_arr:u_set_trans_arr|trans_bounds[35][2]                          ;
; 6:1                ; 16 bits   ; 64 LEs        ; 16 LEs               ; 48 LEs                 ; Yes        ; |DE2_115|set_trans_arr:u_set_trans_arr|trans_bounds[34][15]                         ;
; 6:1                ; 16 bits   ; 64 LEs        ; 16 LEs               ; 48 LEs                 ; Yes        ; |DE2_115|set_trans_arr:u_set_trans_arr|trans_bounds[33][8]                          ;
; 6:1                ; 16 bits   ; 64 LEs        ; 16 LEs               ; 48 LEs                 ; Yes        ; |DE2_115|set_trans_arr:u_set_trans_arr|trans_bounds[32][5]                          ;
; 6:1                ; 16 bits   ; 64 LEs        ; 16 LEs               ; 48 LEs                 ; Yes        ; |DE2_115|set_trans_arr:u_set_trans_arr|trans_bounds[31][14]                         ;
; 6:1                ; 16 bits   ; 64 LEs        ; 16 LEs               ; 48 LEs                 ; Yes        ; |DE2_115|set_trans_arr:u_set_trans_arr|trans_bounds[30][2]                          ;
; 6:1                ; 16 bits   ; 64 LEs        ; 16 LEs               ; 48 LEs                 ; Yes        ; |DE2_115|set_trans_arr:u_set_trans_arr|trans_bounds[29][2]                          ;
; 6:1                ; 16 bits   ; 64 LEs        ; 16 LEs               ; 48 LEs                 ; Yes        ; |DE2_115|set_trans_arr:u_set_trans_arr|trans_bounds[28][2]                          ;
; 6:1                ; 16 bits   ; 64 LEs        ; 16 LEs               ; 48 LEs                 ; Yes        ; |DE2_115|set_trans_arr:u_set_trans_arr|trans_bounds[27][13]                         ;
; 6:1                ; 16 bits   ; 64 LEs        ; 16 LEs               ; 48 LEs                 ; Yes        ; |DE2_115|set_trans_arr:u_set_trans_arr|trans_bounds[26][5]                          ;
; 6:1                ; 16 bits   ; 64 LEs        ; 16 LEs               ; 48 LEs                 ; Yes        ; |DE2_115|set_trans_arr:u_set_trans_arr|trans_bounds[25][15]                         ;
; 6:1                ; 16 bits   ; 64 LEs        ; 16 LEs               ; 48 LEs                 ; Yes        ; |DE2_115|set_trans_arr:u_set_trans_arr|trans_bounds[24][2]                          ;
; 6:1                ; 16 bits   ; 64 LEs        ; 16 LEs               ; 48 LEs                 ; Yes        ; |DE2_115|set_trans_arr:u_set_trans_arr|trans_bounds[23][4]                          ;
; 6:1                ; 16 bits   ; 64 LEs        ; 16 LEs               ; 48 LEs                 ; Yes        ; |DE2_115|set_trans_arr:u_set_trans_arr|trans_bounds[22][10]                         ;
; 6:1                ; 16 bits   ; 64 LEs        ; 16 LEs               ; 48 LEs                 ; Yes        ; |DE2_115|set_trans_arr:u_set_trans_arr|trans_bounds[21][14]                         ;
; 6:1                ; 16 bits   ; 64 LEs        ; 16 LEs               ; 48 LEs                 ; Yes        ; |DE2_115|set_trans_arr:u_set_trans_arr|trans_bounds[20][14]                         ;
; 6:1                ; 16 bits   ; 64 LEs        ; 16 LEs               ; 48 LEs                 ; Yes        ; |DE2_115|set_trans_arr:u_set_trans_arr|trans_bounds[19][14]                         ;
; 6:1                ; 16 bits   ; 64 LEs        ; 16 LEs               ; 48 LEs                 ; Yes        ; |DE2_115|set_trans_arr:u_set_trans_arr|trans_bounds[18][14]                         ;
; 6:1                ; 16 bits   ; 64 LEs        ; 16 LEs               ; 48 LEs                 ; Yes        ; |DE2_115|set_trans_arr:u_set_trans_arr|trans_bounds[17][14]                         ;
; 6:1                ; 16 bits   ; 64 LEs        ; 16 LEs               ; 48 LEs                 ; Yes        ; |DE2_115|set_trans_arr:u_set_trans_arr|trans_bounds[16][14]                         ;
; 6:1                ; 16 bits   ; 64 LEs        ; 16 LEs               ; 48 LEs                 ; Yes        ; |DE2_115|set_trans_arr:u_set_trans_arr|trans_bounds[15][4]                          ;
; 6:1                ; 16 bits   ; 64 LEs        ; 16 LEs               ; 48 LEs                 ; Yes        ; |DE2_115|set_trans_arr:u_set_trans_arr|trans_bounds[14][2]                          ;
; 6:1                ; 16 bits   ; 64 LEs        ; 16 LEs               ; 48 LEs                 ; Yes        ; |DE2_115|set_trans_arr:u_set_trans_arr|trans_bounds[13][11]                         ;
; 6:1                ; 16 bits   ; 64 LEs        ; 16 LEs               ; 48 LEs                 ; Yes        ; |DE2_115|set_trans_arr:u_set_trans_arr|trans_bounds[12][11]                         ;
; 6:1                ; 16 bits   ; 64 LEs        ; 16 LEs               ; 48 LEs                 ; Yes        ; |DE2_115|set_trans_arr:u_set_trans_arr|trans_bounds[11][14]                         ;
; 6:1                ; 16 bits   ; 64 LEs        ; 16 LEs               ; 48 LEs                 ; Yes        ; |DE2_115|set_trans_arr:u_set_trans_arr|trans_bounds[10][2]                          ;
; 6:1                ; 16 bits   ; 64 LEs        ; 16 LEs               ; 48 LEs                 ; Yes        ; |DE2_115|set_trans_arr:u_set_trans_arr|trans_bounds[9][1]                           ;
; 6:1                ; 16 bits   ; 64 LEs        ; 16 LEs               ; 48 LEs                 ; Yes        ; |DE2_115|set_trans_arr:u_set_trans_arr|trans_bounds[8][1]                           ;
; 6:1                ; 16 bits   ; 64 LEs        ; 16 LEs               ; 48 LEs                 ; Yes        ; |DE2_115|set_trans_arr:u_set_trans_arr|trans_bounds[7][12]                          ;
; 6:1                ; 16 bits   ; 64 LEs        ; 16 LEs               ; 48 LEs                 ; Yes        ; |DE2_115|set_trans_arr:u_set_trans_arr|trans_bounds[6][15]                          ;
; 6:1                ; 16 bits   ; 64 LEs        ; 16 LEs               ; 48 LEs                 ; Yes        ; |DE2_115|set_trans_arr:u_set_trans_arr|trans_bounds[5][6]                           ;
; 6:1                ; 16 bits   ; 64 LEs        ; 16 LEs               ; 48 LEs                 ; Yes        ; |DE2_115|set_trans_arr:u_set_trans_arr|trans_bounds[4][10]                          ;
; 6:1                ; 16 bits   ; 64 LEs        ; 16 LEs               ; 48 LEs                 ; Yes        ; |DE2_115|set_trans_arr:u_set_trans_arr|trans_bounds[3][10]                          ;
; 6:1                ; 16 bits   ; 64 LEs        ; 16 LEs               ; 48 LEs                 ; Yes        ; |DE2_115|set_trans_arr:u_set_trans_arr|trans_bounds[2][7]                           ;
; 6:1                ; 16 bits   ; 64 LEs        ; 16 LEs               ; 48 LEs                 ; Yes        ; |DE2_115|set_trans_arr:u_set_trans_arr|trans_bounds[1][10]                          ;
; 6:1                ; 16 bits   ; 64 LEs        ; 16 LEs               ; 48 LEs                 ; Yes        ; |DE2_115|set_trans_arr:u_set_trans_arr|trans_bounds[0][1]                           ;
; 5:1                ; 64 bits   ; 192 LEs       ; 64 LEs               ; 128 LEs                ; Yes        ; |DE2_115|velocity_integrator:u_integrator|v_acc_x[38]                               ;
; 5:1                ; 64 bits   ; 192 LEs       ; 64 LEs               ; 128 LEs                ; Yes        ; |DE2_115|velocity_integrator:u_integrator|v_acc_y[31]                               ;
; 5:1                ; 64 bits   ; 192 LEs       ; 64 LEs               ; 128 LEs                ; Yes        ; |DE2_115|velocity_integrator:u_integrator|v_acc_z[58]                               ;
; 7:1                ; 3 bits    ; 12 LEs        ; 3 LEs                ; 9 LEs                  ; Yes        ; |DE2_115|imu_parser:u_parser|val_index[0]                                           ;
; 6:1                ; 8 bits    ; 32 LEs        ; 8 LEs                ; 24 LEs                 ; Yes        ; |DE2_115|set_trans_arr:u_set_trans_arr|temp_min_y[4]                                ;
; 7:1                ; 32 bits   ; 128 LEs       ; 96 LEs               ; 32 LEs                 ; Yes        ; |DE2_115|Random_Position_Generator:zombie_gen|error_acc[15][8]                      ;
; 7:1                ; 32 bits   ; 128 LEs       ; 96 LEs               ; 32 LEs                 ; Yes        ; |DE2_115|Random_Position_Generator:zombie_gen|error_acc[0][29]                      ;
; 7:1                ; 32 bits   ; 128 LEs       ; 96 LEs               ; 32 LEs                 ; Yes        ; |DE2_115|Random_Position_Generator:zombie_gen|error_acc[1][23]                      ;
; 7:1                ; 32 bits   ; 128 LEs       ; 96 LEs               ; 32 LEs                 ; Yes        ; |DE2_115|Random_Position_Generator:zombie_gen|error_acc[2][25]                      ;
; 7:1                ; 32 bits   ; 128 LEs       ; 96 LEs               ; 32 LEs                 ; Yes        ; |DE2_115|Random_Position_Generator:zombie_gen|error_acc[3][6]                       ;
; 7:1                ; 32 bits   ; 128 LEs       ; 96 LEs               ; 32 LEs                 ; Yes        ; |DE2_115|Random_Position_Generator:zombie_gen|error_acc[4][16]                      ;
; 7:1                ; 32 bits   ; 128 LEs       ; 96 LEs               ; 32 LEs                 ; Yes        ; |DE2_115|Random_Position_Generator:zombie_gen|error_acc[5][13]                      ;
; 7:1                ; 32 bits   ; 128 LEs       ; 96 LEs               ; 32 LEs                 ; Yes        ; |DE2_115|Random_Position_Generator:zombie_gen|error_acc[6][12]                      ;
; 7:1                ; 32 bits   ; 128 LEs       ; 96 LEs               ; 32 LEs                 ; Yes        ; |DE2_115|Random_Position_Generator:zombie_gen|error_acc[7][23]                      ;
; 7:1                ; 32 bits   ; 128 LEs       ; 96 LEs               ; 32 LEs                 ; Yes        ; |DE2_115|Random_Position_Generator:zombie_gen|error_acc[8][11]                      ;
; 7:1                ; 32 bits   ; 128 LEs       ; 96 LEs               ; 32 LEs                 ; Yes        ; |DE2_115|Random_Position_Generator:zombie_gen|error_acc[9][2]                       ;
; 7:1                ; 32 bits   ; 128 LEs       ; 96 LEs               ; 32 LEs                 ; Yes        ; |DE2_115|Random_Position_Generator:zombie_gen|error_acc[10][25]                     ;
; 7:1                ; 32 bits   ; 128 LEs       ; 96 LEs               ; 32 LEs                 ; Yes        ; |DE2_115|Random_Position_Generator:zombie_gen|error_acc[11][8]                      ;
; 7:1                ; 32 bits   ; 128 LEs       ; 96 LEs               ; 32 LEs                 ; Yes        ; |DE2_115|Random_Position_Generator:zombie_gen|error_acc[12][30]                     ;
; 7:1                ; 32 bits   ; 128 LEs       ; 96 LEs               ; 32 LEs                 ; Yes        ; |DE2_115|Random_Position_Generator:zombie_gen|error_acc[13][30]                     ;
; 7:1                ; 32 bits   ; 128 LEs       ; 96 LEs               ; 32 LEs                 ; Yes        ; |DE2_115|Random_Position_Generator:zombie_gen|error_acc[14][5]                      ;
; 7:1                ; 21 bits   ; 84 LEs        ; 42 LEs               ; 42 LEs                 ; Yes        ; |DE2_115|Random_Position_Generator:zombie_gen|pos_x[15][16]                         ;
; 7:1                ; 8 bits    ; 32 LEs        ; 16 LEs               ; 16 LEs                 ; Yes        ; |DE2_115|Random_Position_Generator:zombie_gen|pos_x[15][3]                          ;
; 7:1                ; 27 bits   ; 108 LEs       ; 54 LEs               ; 54 LEs                 ; Yes        ; |DE2_115|Random_Position_Generator:zombie_gen|pos_y[15][27]                         ;
; 7:1                ; 21 bits   ; 84 LEs        ; 42 LEs               ; 42 LEs                 ; Yes        ; |DE2_115|Random_Position_Generator:zombie_gen|pos_x[0][26]                          ;
; 7:1                ; 8 bits    ; 32 LEs        ; 16 LEs               ; 16 LEs                 ; Yes        ; |DE2_115|Random_Position_Generator:zombie_gen|pos_x[0][10]                          ;
; 7:1                ; 27 bits   ; 108 LEs       ; 54 LEs               ; 54 LEs                 ; Yes        ; |DE2_115|Random_Position_Generator:zombie_gen|pos_y[0][21]                          ;
; 7:1                ; 21 bits   ; 84 LEs        ; 42 LEs               ; 42 LEs                 ; Yes        ; |DE2_115|Random_Position_Generator:zombie_gen|pos_x[1][29]                          ;
; 7:1                ; 8 bits    ; 32 LEs        ; 16 LEs               ; 16 LEs                 ; Yes        ; |DE2_115|Random_Position_Generator:zombie_gen|pos_x[1][10]                          ;
; 7:1                ; 27 bits   ; 108 LEs       ; 54 LEs               ; 54 LEs                 ; Yes        ; |DE2_115|Random_Position_Generator:zombie_gen|pos_y[1][19]                          ;
; 7:1                ; 21 bits   ; 84 LEs        ; 42 LEs               ; 42 LEs                 ; Yes        ; |DE2_115|Random_Position_Generator:zombie_gen|pos_x[2][30]                          ;
; 7:1                ; 8 bits    ; 32 LEs        ; 16 LEs               ; 16 LEs                 ; Yes        ; |DE2_115|Random_Position_Generator:zombie_gen|pos_x[2][8]                           ;
; 7:1                ; 27 bits   ; 108 LEs       ; 54 LEs               ; 54 LEs                 ; Yes        ; |DE2_115|Random_Position_Generator:zombie_gen|pos_y[2][4]                           ;
; 7:1                ; 21 bits   ; 84 LEs        ; 42 LEs               ; 42 LEs                 ; Yes        ; |DE2_115|Random_Position_Generator:zombie_gen|pos_x[3][28]                          ;
; 7:1                ; 8 bits    ; 32 LEs        ; 16 LEs               ; 16 LEs                 ; Yes        ; |DE2_115|Random_Position_Generator:zombie_gen|pos_x[3][8]                           ;
; 7:1                ; 27 bits   ; 108 LEs       ; 54 LEs               ; 54 LEs                 ; Yes        ; |DE2_115|Random_Position_Generator:zombie_gen|pos_y[3][22]                          ;
; 7:1                ; 21 bits   ; 84 LEs        ; 42 LEs               ; 42 LEs                 ; Yes        ; |DE2_115|Random_Position_Generator:zombie_gen|pos_x[4][27]                          ;
; 7:1                ; 8 bits    ; 32 LEs        ; 16 LEs               ; 16 LEs                 ; Yes        ; |DE2_115|Random_Position_Generator:zombie_gen|pos_x[4][8]                           ;
; 7:1                ; 27 bits   ; 108 LEs       ; 54 LEs               ; 54 LEs                 ; Yes        ; |DE2_115|Random_Position_Generator:zombie_gen|pos_y[4][25]                          ;
; 7:1                ; 21 bits   ; 84 LEs        ; 42 LEs               ; 42 LEs                 ; Yes        ; |DE2_115|Random_Position_Generator:zombie_gen|pos_x[5][27]                          ;
; 7:1                ; 8 bits    ; 32 LEs        ; 16 LEs               ; 16 LEs                 ; Yes        ; |DE2_115|Random_Position_Generator:zombie_gen|pos_x[5][10]                          ;
; 7:1                ; 27 bits   ; 108 LEs       ; 54 LEs               ; 54 LEs                 ; Yes        ; |DE2_115|Random_Position_Generator:zombie_gen|pos_y[5][18]                          ;
; 7:1                ; 21 bits   ; 84 LEs        ; 42 LEs               ; 42 LEs                 ; Yes        ; |DE2_115|Random_Position_Generator:zombie_gen|pos_x[6][16]                          ;
; 7:1                ; 8 bits    ; 32 LEs        ; 16 LEs               ; 16 LEs                 ; Yes        ; |DE2_115|Random_Position_Generator:zombie_gen|pos_x[6][8]                           ;
; 7:1                ; 27 bits   ; 108 LEs       ; 54 LEs               ; 54 LEs                 ; Yes        ; |DE2_115|Random_Position_Generator:zombie_gen|pos_y[6][25]                          ;
; 7:1                ; 21 bits   ; 84 LEs        ; 42 LEs               ; 42 LEs                 ; Yes        ; |DE2_115|Random_Position_Generator:zombie_gen|pos_x[7][14]                          ;
; 7:1                ; 8 bits    ; 32 LEs        ; 16 LEs               ; 16 LEs                 ; Yes        ; |DE2_115|Random_Position_Generator:zombie_gen|pos_x[7][2]                           ;
; 7:1                ; 27 bits   ; 108 LEs       ; 54 LEs               ; 54 LEs                 ; Yes        ; |DE2_115|Random_Position_Generator:zombie_gen|pos_y[7][24]                          ;
; 7:1                ; 21 bits   ; 84 LEs        ; 42 LEs               ; 42 LEs                 ; Yes        ; |DE2_115|Random_Position_Generator:zombie_gen|pos_x[8][20]                          ;
; 7:1                ; 8 bits    ; 32 LEs        ; 16 LEs               ; 16 LEs                 ; Yes        ; |DE2_115|Random_Position_Generator:zombie_gen|pos_x[8][8]                           ;
; 7:1                ; 27 bits   ; 108 LEs       ; 54 LEs               ; 54 LEs                 ; Yes        ; |DE2_115|Random_Position_Generator:zombie_gen|pos_y[8][10]                          ;
; 7:1                ; 21 bits   ; 84 LEs        ; 42 LEs               ; 42 LEs                 ; Yes        ; |DE2_115|Random_Position_Generator:zombie_gen|pos_x[9][27]                          ;
; 7:1                ; 8 bits    ; 32 LEs        ; 16 LEs               ; 16 LEs                 ; Yes        ; |DE2_115|Random_Position_Generator:zombie_gen|pos_x[9][10]                          ;
; 7:1                ; 27 bits   ; 108 LEs       ; 54 LEs               ; 54 LEs                 ; Yes        ; |DE2_115|Random_Position_Generator:zombie_gen|pos_y[9][23]                          ;
; 7:1                ; 21 bits   ; 84 LEs        ; 42 LEs               ; 42 LEs                 ; Yes        ; |DE2_115|Random_Position_Generator:zombie_gen|pos_x[10][13]                         ;
; 7:1                ; 8 bits    ; 32 LEs        ; 16 LEs               ; 16 LEs                 ; Yes        ; |DE2_115|Random_Position_Generator:zombie_gen|pos_x[10][2]                          ;
; 7:1                ; 27 bits   ; 108 LEs       ; 54 LEs               ; 54 LEs                 ; Yes        ; |DE2_115|Random_Position_Generator:zombie_gen|pos_y[10][25]                         ;
; 7:1                ; 21 bits   ; 84 LEs        ; 42 LEs               ; 42 LEs                 ; Yes        ; |DE2_115|Random_Position_Generator:zombie_gen|pos_x[11][13]                         ;
; 7:1                ; 8 bits    ; 32 LEs        ; 16 LEs               ; 16 LEs                 ; Yes        ; |DE2_115|Random_Position_Generator:zombie_gen|pos_x[11][8]                          ;
; 7:1                ; 27 bits   ; 108 LEs       ; 54 LEs               ; 54 LEs                 ; Yes        ; |DE2_115|Random_Position_Generator:zombie_gen|pos_y[11][24]                         ;
; 7:1                ; 21 bits   ; 84 LEs        ; 42 LEs               ; 42 LEs                 ; Yes        ; |DE2_115|Random_Position_Generator:zombie_gen|pos_x[12][13]                         ;
; 7:1                ; 8 bits    ; 32 LEs        ; 16 LEs               ; 16 LEs                 ; Yes        ; |DE2_115|Random_Position_Generator:zombie_gen|pos_x[12][3]                          ;
; 7:1                ; 27 bits   ; 108 LEs       ; 54 LEs               ; 54 LEs                 ; Yes        ; |DE2_115|Random_Position_Generator:zombie_gen|pos_y[12][20]                         ;
; 7:1                ; 21 bits   ; 84 LEs        ; 42 LEs               ; 42 LEs                 ; Yes        ; |DE2_115|Random_Position_Generator:zombie_gen|pos_x[13][18]                         ;
; 7:1                ; 8 bits    ; 32 LEs        ; 16 LEs               ; 16 LEs                 ; Yes        ; |DE2_115|Random_Position_Generator:zombie_gen|pos_x[13][8]                          ;
; 7:1                ; 27 bits   ; 108 LEs       ; 54 LEs               ; 54 LEs                 ; Yes        ; |DE2_115|Random_Position_Generator:zombie_gen|pos_y[13][19]                         ;
; 7:1                ; 21 bits   ; 84 LEs        ; 42 LEs               ; 42 LEs                 ; Yes        ; |DE2_115|Random_Position_Generator:zombie_gen|pos_x[14][31]                         ;
; 7:1                ; 8 bits    ; 32 LEs        ; 16 LEs               ; 16 LEs                 ; Yes        ; |DE2_115|Random_Position_Generator:zombie_gen|pos_x[14][1]                          ;
; 7:1                ; 27 bits   ; 108 LEs       ; 54 LEs               ; 54 LEs                 ; Yes        ; |DE2_115|Random_Position_Generator:zombie_gen|pos_y[14][18]                         ;
; 8:1                ; 32 bits   ; 160 LEs       ; 32 LEs               ; 128 LEs                ; Yes        ; |DE2_115|imu_parser:u_parser|current_val[24]                                        ;
; 7:1                ; 16 bits   ; 64 LEs        ; 16 LEs               ; 48 LEs                 ; Yes        ; |DE2_115|uart_rx:u_rx|r_Clock_Count[15]                                             ;
; 3:1                ; 2 bits    ; 4 LEs         ; 4 LEs                ; 0 LEs                  ; Yes        ; |DE2_115|Position_Controller:position_controller_inst|pos_x[7]                      ;
; 3:1                ; 4 bits    ; 8 LEs         ; 8 LEs                ; 0 LEs                  ; Yes        ; |DE2_115|Position_Controller:position_controller_inst|pos_y[3]                      ;
; 7:1                ; 2 bits    ; 8 LEs         ; 4 LEs                ; 4 LEs                  ; Yes        ; |DE2_115|Random_Position_Generator:zombie_gen|pos_x[15][7]                          ;
; 7:1                ; 4 bits    ; 16 LEs        ; 8 LEs                ; 8 LEs                  ; Yes        ; |DE2_115|Random_Position_Generator:zombie_gen|pos_y[15][3]                          ;
; 7:1                ; 2 bits    ; 8 LEs         ; 4 LEs                ; 4 LEs                  ; Yes        ; |DE2_115|Random_Position_Generator:zombie_gen|pos_x[0][7]                           ;
; 7:1                ; 4 bits    ; 16 LEs        ; 8 LEs                ; 8 LEs                  ; Yes        ; |DE2_115|Random_Position_Generator:zombie_gen|pos_y[0][3]                           ;
; 7:1                ; 2 bits    ; 8 LEs         ; 4 LEs                ; 4 LEs                  ; Yes        ; |DE2_115|Random_Position_Generator:zombie_gen|pos_x[1][9]                           ;
; 7:1                ; 4 bits    ; 16 LEs        ; 8 LEs                ; 8 LEs                  ; Yes        ; |DE2_115|Random_Position_Generator:zombie_gen|pos_y[1][6]                           ;
; 7:1                ; 2 bits    ; 8 LEs         ; 4 LEs                ; 4 LEs                  ; Yes        ; |DE2_115|Random_Position_Generator:zombie_gen|pos_x[2][9]                           ;
; 7:1                ; 4 bits    ; 16 LEs        ; 8 LEs                ; 8 LEs                  ; Yes        ; |DE2_115|Random_Position_Generator:zombie_gen|pos_y[2][3]                           ;
; 7:1                ; 2 bits    ; 8 LEs         ; 4 LEs                ; 4 LEs                  ; Yes        ; |DE2_115|Random_Position_Generator:zombie_gen|pos_x[3][9]                           ;
; 7:1                ; 4 bits    ; 16 LEs        ; 8 LEs                ; 8 LEs                  ; Yes        ; |DE2_115|Random_Position_Generator:zombie_gen|pos_y[3][5]                           ;
; 7:1                ; 2 bits    ; 8 LEs         ; 4 LEs                ; 4 LEs                  ; Yes        ; |DE2_115|Random_Position_Generator:zombie_gen|pos_x[4][7]                           ;
; 7:1                ; 4 bits    ; 16 LEs        ; 8 LEs                ; 8 LEs                  ; Yes        ; |DE2_115|Random_Position_Generator:zombie_gen|pos_y[4][5]                           ;
; 7:1                ; 2 bits    ; 8 LEs         ; 4 LEs                ; 4 LEs                  ; Yes        ; |DE2_115|Random_Position_Generator:zombie_gen|pos_x[5][9]                           ;
; 7:1                ; 4 bits    ; 16 LEs        ; 8 LEs                ; 8 LEs                  ; Yes        ; |DE2_115|Random_Position_Generator:zombie_gen|pos_y[5][6]                           ;
; 7:1                ; 2 bits    ; 8 LEs         ; 4 LEs                ; 4 LEs                  ; Yes        ; |DE2_115|Random_Position_Generator:zombie_gen|pos_x[6][9]                           ;
; 7:1                ; 4 bits    ; 16 LEs        ; 8 LEs                ; 8 LEs                  ; Yes        ; |DE2_115|Random_Position_Generator:zombie_gen|pos_y[6][3]                           ;
; 7:1                ; 2 bits    ; 8 LEs         ; 4 LEs                ; 4 LEs                  ; Yes        ; |DE2_115|Random_Position_Generator:zombie_gen|pos_x[7][7]                           ;
; 7:1                ; 4 bits    ; 16 LEs        ; 8 LEs                ; 8 LEs                  ; Yes        ; |DE2_115|Random_Position_Generator:zombie_gen|pos_y[7][6]                           ;
; 7:1                ; 2 bits    ; 8 LEs         ; 4 LEs                ; 4 LEs                  ; Yes        ; |DE2_115|Random_Position_Generator:zombie_gen|pos_x[8][7]                           ;
; 7:1                ; 4 bits    ; 16 LEs        ; 8 LEs                ; 8 LEs                  ; Yes        ; |DE2_115|Random_Position_Generator:zombie_gen|pos_y[8][8]                           ;
; 7:1                ; 2 bits    ; 8 LEs         ; 4 LEs                ; 4 LEs                  ; Yes        ; |DE2_115|Random_Position_Generator:zombie_gen|pos_x[9][7]                           ;
; 7:1                ; 4 bits    ; 16 LEs        ; 8 LEs                ; 8 LEs                  ; Yes        ; |DE2_115|Random_Position_Generator:zombie_gen|pos_y[9][8]                           ;
; 7:1                ; 2 bits    ; 8 LEs         ; 4 LEs                ; 4 LEs                  ; Yes        ; |DE2_115|Random_Position_Generator:zombie_gen|pos_x[10][9]                          ;
; 7:1                ; 4 bits    ; 16 LEs        ; 8 LEs                ; 8 LEs                  ; Yes        ; |DE2_115|Random_Position_Generator:zombie_gen|pos_y[10][8]                          ;
; 7:1                ; 2 bits    ; 8 LEs         ; 4 LEs                ; 4 LEs                  ; Yes        ; |DE2_115|Random_Position_Generator:zombie_gen|pos_x[11][9]                          ;
; 7:1                ; 4 bits    ; 16 LEs        ; 8 LEs                ; 8 LEs                  ; Yes        ; |DE2_115|Random_Position_Generator:zombie_gen|pos_y[11][3]                          ;
; 7:1                ; 2 bits    ; 8 LEs         ; 4 LEs                ; 4 LEs                  ; Yes        ; |DE2_115|Random_Position_Generator:zombie_gen|pos_x[12][9]                          ;
; 7:1                ; 4 bits    ; 16 LEs        ; 8 LEs                ; 8 LEs                  ; Yes        ; |DE2_115|Random_Position_Generator:zombie_gen|pos_y[12][8]                          ;
; 7:1                ; 2 bits    ; 8 LEs         ; 4 LEs                ; 4 LEs                  ; Yes        ; |DE2_115|Random_Position_Generator:zombie_gen|pos_x[13][7]                          ;
; 7:1                ; 4 bits    ; 16 LEs        ; 8 LEs                ; 8 LEs                  ; Yes        ; |DE2_115|Random_Position_Generator:zombie_gen|pos_y[13][8]                          ;
; 7:1                ; 2 bits    ; 8 LEs         ; 4 LEs                ; 4 LEs                  ; Yes        ; |DE2_115|Random_Position_Generator:zombie_gen|pos_x[14][9]                          ;
; 7:1                ; 4 bits    ; 16 LEs        ; 8 LEs                ; 8 LEs                  ; Yes        ; |DE2_115|Random_Position_Generator:zombie_gen|pos_y[14][6]                          ;
; 3:1                ; 4 bits    ; 8 LEs         ; 8 LEs                ; 0 LEs                  ; No         ; |DE2_115|temp_val                                                                   ;
; 3:1                ; 8 bits    ; 16 LEs        ; 16 LEs               ; 0 LEs                  ; No         ; |DE2_115|set_trans_arr:u_set_trans_arr|temp_max_y                                   ;
; 3:1                ; 3 bits    ; 6 LEs         ; 6 LEs                ; 0 LEs                  ; No         ; |DE2_115|uart_rx:u_rx|r_Bit_Index                                                   ;
; 3:1                ; 2 bits    ; 4 LEs         ; 2 LEs                ; 2 LEs                  ; No         ; |DE2_115|set_trans_arr:u_set_trans_arr|state                                        ;
; 3:1                ; 32 bits   ; 64 LEs        ; 32 LEs               ; 32 LEs                 ; No         ; |DE2_115|set_trans_arr:u_set_trans_arr|scan_x                                       ;
; 3:1                ; 8 bits    ; 16 LEs        ; 8 LEs                ; 8 LEs                  ; No         ; |DE2_115|set_trans_arr:u_set_trans_arr|final_min                                    ;
; 3:1                ; 11 bits   ; 22 LEs        ; 22 LEs               ; 0 LEs                  ; No         ; |DE2_115|Position_Controller:position_controller_inst|o_x[10]                       ;
; 3:1                ; 10 bits   ; 20 LEs        ; 20 LEs               ; 0 LEs                  ; No         ; |DE2_115|Position_Controller:position_controller_inst|o_y[8]                        ;
; 8:1                ; 32 bits   ; 160 LEs       ; 128 LEs              ; 32 LEs                 ; No         ; |DE2_115|Mux19                                                                      ;
; 4:1                ; 11 bits   ; 22 LEs        ; 22 LEs               ; 0 LEs                  ; No         ; |DE2_115|Random_Position_Generator:zombie_gen|o_x[15][0]                            ;
; 4:1                ; 10 bits   ; 20 LEs        ; 20 LEs               ; 0 LEs                  ; No         ; |DE2_115|Random_Position_Generator:zombie_gen|o_y[15][5]                            ;
; 4:1                ; 11 bits   ; 22 LEs        ; 22 LEs               ; 0 LEs                  ; No         ; |DE2_115|Random_Position_Generator:zombie_gen|o_x[0][6]                             ;
; 4:1                ; 10 bits   ; 20 LEs        ; 20 LEs               ; 0 LEs                  ; No         ; |DE2_115|Random_Position_Generator:zombie_gen|o_y[0][6]                             ;
; 4:1                ; 11 bits   ; 22 LEs        ; 22 LEs               ; 0 LEs                  ; No         ; |DE2_115|Random_Position_Generator:zombie_gen|o_x[1][0]                             ;
; 4:1                ; 10 bits   ; 20 LEs        ; 20 LEs               ; 0 LEs                  ; No         ; |DE2_115|Random_Position_Generator:zombie_gen|o_y[1][0]                             ;
; 4:1                ; 11 bits   ; 22 LEs        ; 22 LEs               ; 0 LEs                  ; No         ; |DE2_115|Random_Position_Generator:zombie_gen|o_x[2][6]                             ;
; 4:1                ; 10 bits   ; 20 LEs        ; 20 LEs               ; 0 LEs                  ; No         ; |DE2_115|Random_Position_Generator:zombie_gen|o_y[2][8]                             ;
; 4:1                ; 11 bits   ; 22 LEs        ; 22 LEs               ; 0 LEs                  ; No         ; |DE2_115|Random_Position_Generator:zombie_gen|o_x[3][3]                             ;
; 4:1                ; 10 bits   ; 20 LEs        ; 20 LEs               ; 0 LEs                  ; No         ; |DE2_115|Random_Position_Generator:zombie_gen|o_y[3][1]                             ;
; 4:1                ; 11 bits   ; 22 LEs        ; 22 LEs               ; 0 LEs                  ; No         ; |DE2_115|Random_Position_Generator:zombie_gen|o_x[4][4]                             ;
; 4:1                ; 10 bits   ; 20 LEs        ; 20 LEs               ; 0 LEs                  ; No         ; |DE2_115|Random_Position_Generator:zombie_gen|o_y[4][0]                             ;
; 4:1                ; 11 bits   ; 22 LEs        ; 22 LEs               ; 0 LEs                  ; No         ; |DE2_115|Random_Position_Generator:zombie_gen|o_x[5][4]                             ;
; 4:1                ; 10 bits   ; 20 LEs        ; 20 LEs               ; 0 LEs                  ; No         ; |DE2_115|Random_Position_Generator:zombie_gen|o_y[5][3]                             ;
; 4:1                ; 11 bits   ; 22 LEs        ; 22 LEs               ; 0 LEs                  ; No         ; |DE2_115|Random_Position_Generator:zombie_gen|o_x[6][9]                             ;
; 4:1                ; 10 bits   ; 20 LEs        ; 20 LEs               ; 0 LEs                  ; No         ; |DE2_115|Random_Position_Generator:zombie_gen|o_y[6][1]                             ;
; 4:1                ; 11 bits   ; 22 LEs        ; 22 LEs               ; 0 LEs                  ; No         ; |DE2_115|Random_Position_Generator:zombie_gen|o_x[7][0]                             ;
; 4:1                ; 10 bits   ; 20 LEs        ; 20 LEs               ; 0 LEs                  ; No         ; |DE2_115|Random_Position_Generator:zombie_gen|o_y[7][2]                             ;
; 4:1                ; 11 bits   ; 22 LEs        ; 22 LEs               ; 0 LEs                  ; No         ; |DE2_115|Random_Position_Generator:zombie_gen|o_x[8][4]                             ;
; 4:1                ; 10 bits   ; 20 LEs        ; 20 LEs               ; 0 LEs                  ; No         ; |DE2_115|Random_Position_Generator:zombie_gen|o_y[8][6]                             ;
; 4:1                ; 11 bits   ; 22 LEs        ; 22 LEs               ; 0 LEs                  ; No         ; |DE2_115|Random_Position_Generator:zombie_gen|o_x[9][5]                             ;
; 4:1                ; 10 bits   ; 20 LEs        ; 20 LEs               ; 0 LEs                  ; No         ; |DE2_115|Random_Position_Generator:zombie_gen|o_y[9][2]                             ;
; 4:1                ; 11 bits   ; 22 LEs        ; 22 LEs               ; 0 LEs                  ; No         ; |DE2_115|Random_Position_Generator:zombie_gen|o_x[10][0]                            ;
; 4:1                ; 10 bits   ; 20 LEs        ; 20 LEs               ; 0 LEs                  ; No         ; |DE2_115|Random_Position_Generator:zombie_gen|o_y[10][3]                            ;
; 4:1                ; 11 bits   ; 22 LEs        ; 22 LEs               ; 0 LEs                  ; No         ; |DE2_115|Random_Position_Generator:zombie_gen|o_x[11][1]                            ;
; 4:1                ; 10 bits   ; 20 LEs        ; 20 LEs               ; 0 LEs                  ; No         ; |DE2_115|Random_Position_Generator:zombie_gen|o_y[11][0]                            ;
; 4:1                ; 11 bits   ; 22 LEs        ; 22 LEs               ; 0 LEs                  ; No         ; |DE2_115|Random_Position_Generator:zombie_gen|o_x[12][2]                            ;
; 4:1                ; 10 bits   ; 20 LEs        ; 20 LEs               ; 0 LEs                  ; No         ; |DE2_115|Random_Position_Generator:zombie_gen|o_y[12][0]                            ;
; 4:1                ; 11 bits   ; 22 LEs        ; 22 LEs               ; 0 LEs                  ; No         ; |DE2_115|Random_Position_Generator:zombie_gen|o_x[13][8]                            ;
; 4:1                ; 10 bits   ; 20 LEs        ; 20 LEs               ; 0 LEs                  ; No         ; |DE2_115|Random_Position_Generator:zombie_gen|o_y[13][6]                            ;
; 4:1                ; 11 bits   ; 22 LEs        ; 22 LEs               ; 0 LEs                  ; No         ; |DE2_115|Random_Position_Generator:zombie_gen|o_x[14][4]                            ;
; 4:1                ; 10 bits   ; 20 LEs        ; 20 LEs               ; 0 LEs                  ; No         ; |DE2_115|Random_Position_Generator:zombie_gen|o_y[14][7]                            ;
; 5:1                ; 5 bits    ; 15 LEs        ; 10 LEs               ; 5 LEs                  ; No         ; |DE2_115|VGA_Image_Overlay_Combined:vga_image_overlay_combined|o_vga_b              ;
; 5:1                ; 3 bits    ; 9 LEs         ; 6 LEs                ; 3 LEs                  ; No         ; |DE2_115|VGA_Image_Overlay_Combined:vga_image_overlay_combined|o_vga_r              ;
; 5:1                ; 2 bits    ; 6 LEs         ; 6 LEs                ; 0 LEs                  ; No         ; |DE2_115|Random_Position_Generator:zombie_gen|move_div_val[15][1]                   ;
; 5:1                ; 2 bits    ; 6 LEs         ; 6 LEs                ; 0 LEs                  ; No         ; |DE2_115|Random_Position_Generator:zombie_gen|move_div_val[0][1]                    ;
; 5:1                ; 2 bits    ; 6 LEs         ; 6 LEs                ; 0 LEs                  ; No         ; |DE2_115|Random_Position_Generator:zombie_gen|move_div_val[1][2]                    ;
; 5:1                ; 2 bits    ; 6 LEs         ; 6 LEs                ; 0 LEs                  ; No         ; |DE2_115|Random_Position_Generator:zombie_gen|move_div_val[2][1]                    ;
; 5:1                ; 2 bits    ; 6 LEs         ; 6 LEs                ; 0 LEs                  ; No         ; |DE2_115|Random_Position_Generator:zombie_gen|move_div_val[3][2]                    ;
; 5:1                ; 2 bits    ; 6 LEs         ; 6 LEs                ; 0 LEs                  ; No         ; |DE2_115|Random_Position_Generator:zombie_gen|move_div_val[4][2]                    ;
; 5:1                ; 2 bits    ; 6 LEs         ; 6 LEs                ; 0 LEs                  ; No         ; |DE2_115|Random_Position_Generator:zombie_gen|move_div_val[5][1]                    ;
; 5:1                ; 2 bits    ; 6 LEs         ; 6 LEs                ; 0 LEs                  ; No         ; |DE2_115|Random_Position_Generator:zombie_gen|move_div_val[6][1]                    ;
; 5:1                ; 2 bits    ; 6 LEs         ; 6 LEs                ; 0 LEs                  ; No         ; |DE2_115|Random_Position_Generator:zombie_gen|move_div_val[7][2]                    ;
; 5:1                ; 2 bits    ; 6 LEs         ; 6 LEs                ; 0 LEs                  ; No         ; |DE2_115|Random_Position_Generator:zombie_gen|move_div_val[8][2]                    ;
; 5:1                ; 2 bits    ; 6 LEs         ; 6 LEs                ; 0 LEs                  ; No         ; |DE2_115|Random_Position_Generator:zombie_gen|move_div_val[9][1]                    ;
; 5:1                ; 2 bits    ; 6 LEs         ; 6 LEs                ; 0 LEs                  ; No         ; |DE2_115|Random_Position_Generator:zombie_gen|move_div_val[10][1]                   ;
; 5:1                ; 2 bits    ; 6 LEs         ; 6 LEs                ; 0 LEs                  ; No         ; |DE2_115|Random_Position_Generator:zombie_gen|move_div_val[11][2]                   ;
; 5:1                ; 2 bits    ; 6 LEs         ; 6 LEs                ; 0 LEs                  ; No         ; |DE2_115|Random_Position_Generator:zombie_gen|move_div_val[12][2]                   ;
; 5:1                ; 2 bits    ; 6 LEs         ; 6 LEs                ; 0 LEs                  ; No         ; |DE2_115|Random_Position_Generator:zombie_gen|move_div_val[13][1]                   ;
; 5:1                ; 2 bits    ; 6 LEs         ; 6 LEs                ; 0 LEs                  ; No         ; |DE2_115|Random_Position_Generator:zombie_gen|move_div_val[14][2]                   ;
; 128:1              ; 16 bits   ; 1360 LEs      ; 1088 LEs             ; 272 LEs                ; No         ; |DE2_115|VGA_Image_Overlay_Combined:vga_image_overlay_combined|Mux243               ;
; 128:1              ; 16 bits   ; 1360 LEs      ; 1088 LEs             ; 272 LEs                ; No         ; |DE2_115|VGA_Image_Overlay_Combined:vga_image_overlay_combined|Mux0                 ;
; 128:1              ; 16 bits   ; 1360 LEs      ; 1088 LEs             ; 272 LEs                ; No         ; |DE2_115|VGA_Image_Overlay_Combined:vga_image_overlay_combined|Mux31                ;
; 128:1              ; 16 bits   ; 1360 LEs      ; 1088 LEs             ; 272 LEs                ; No         ; |DE2_115|VGA_Image_Overlay_Combined:vga_image_overlay_combined|Mux47                ;
; 128:1              ; 16 bits   ; 1360 LEs      ; 1088 LEs             ; 272 LEs                ; No         ; |DE2_115|VGA_Image_Overlay_Combined:vga_image_overlay_combined|Mux55                ;
; 128:1              ; 16 bits   ; 1360 LEs      ; 1088 LEs             ; 272 LEs                ; No         ; |DE2_115|VGA_Image_Overlay_Combined:vga_image_overlay_combined|Mux72                ;
; 128:1              ; 16 bits   ; 1360 LEs      ; 1088 LEs             ; 272 LEs                ; No         ; |DE2_115|VGA_Image_Overlay_Combined:vga_image_overlay_combined|Mux81                ;
; 128:1              ; 16 bits   ; 1360 LEs      ; 1088 LEs             ; 272 LEs                ; No         ; |DE2_115|VGA_Image_Overlay_Combined:vga_image_overlay_combined|Mux110               ;
; 128:1              ; 16 bits   ; 1360 LEs      ; 1088 LEs             ; 272 LEs                ; No         ; |DE2_115|VGA_Image_Overlay_Combined:vga_image_overlay_combined|Mux119               ;
; 128:1              ; 16 bits   ; 1360 LEs      ; 1088 LEs             ; 272 LEs                ; No         ; |DE2_115|VGA_Image_Overlay_Combined:vga_image_overlay_combined|Mux130               ;
; 128:1              ; 16 bits   ; 1360 LEs      ; 1088 LEs             ; 272 LEs                ; No         ; |DE2_115|VGA_Image_Overlay_Combined:vga_image_overlay_combined|Mux156               ;
; 128:1              ; 16 bits   ; 1360 LEs      ; 1088 LEs             ; 272 LEs                ; No         ; |DE2_115|VGA_Image_Overlay_Combined:vga_image_overlay_combined|Mux172               ;
; 128:1              ; 16 bits   ; 1360 LEs      ; 1088 LEs             ; 272 LEs                ; No         ; |DE2_115|VGA_Image_Overlay_Combined:vga_image_overlay_combined|Mux176               ;
; 128:1              ; 16 bits   ; 1360 LEs      ; 1088 LEs             ; 272 LEs                ; No         ; |DE2_115|VGA_Image_Overlay_Combined:vga_image_overlay_combined|Mux206               ;
; 128:1              ; 16 bits   ; 1360 LEs      ; 1088 LEs             ; 272 LEs                ; No         ; |DE2_115|VGA_Image_Overlay_Combined:vga_image_overlay_combined|Mux218               ;
; 128:1              ; 16 bits   ; 1360 LEs      ; 1088 LEs             ; 272 LEs                ; No         ; |DE2_115|VGA_Image_Overlay_Combined:vga_image_overlay_combined|Mux235               ;
; 9:1                ; 2 bits    ; 12 LEs        ; 4 LEs                ; 8 LEs                  ; No         ; |DE2_115|imu_parser:u_parser|state                                                  ;
; 256:1              ; 8 bits    ; 1360 LEs      ; 1088 LEs             ; 272 LEs                ; No         ; |DE2_115|trans_bounds_display_value[3]                                              ;
; 32:1               ; 21 bits   ; 441 LEs       ; 441 LEs              ; 0 LEs                  ; No         ; |DE2_115|VGA_Image_Overlay_Combined:vga_image_overlay_combined|zombie_local_x_w     ;
+--------------------+-----------+---------------+----------------------+------------------------+------------+-------------------------------------------------------------------------------------+


+--------------------------------------------------------------------------+
; Source assignments for vga_clock:vga_clk_pll|vga_clock_altpll_0:altpll_0 ;
+----------------+-------+------+------------------------------------------+
; Assignment     ; Value ; From ; To                                       ;
+----------------+-------+------+------------------------------------------+
; POWER_UP_LEVEL ; HIGH  ; -    ; pfdena_reg                               ;
+----------------+-------+------+------------------------------------------+


+----------------------------------------------------------------------------------------------------------------------------------------------------------+
; Source assignments for vga_clock:vga_clk_pll|vga_clock_altpll_0:altpll_0|vga_clock_altpll_0_stdsync_sv6:stdsync2|vga_clock_altpll_0_dffpipe_l2c:dffpipe3 ;
+---------------------------------+-------+------+---------------------------------------------------------------------------------------------------------+
; Assignment                      ; Value ; From ; To                                                                                                      ;
+---------------------------------+-------+------+---------------------------------------------------------------------------------------------------------+
; AUTO_SHIFT_REGISTER_RECOGNITION ; OFF   ; -    ; -                                                                                                       ;
+---------------------------------+-------+------+---------------------------------------------------------------------------------------------------------+


+--------------------------------------------------------------------------------------------------------------------------------+
; Source assignments for vga_clock:vga_clk_pll|altera_reset_controller:rst_controller|altera_reset_synchronizer:alt_rst_sync_uq1 ;
+-------------------+-------+------+---------------------------------------------------------------------------------------------+
; Assignment        ; Value ; From ; To                                                                                          ;
+-------------------+-------+------+---------------------------------------------------------------------------------------------+
; PRESERVE_REGISTER ; on    ; -    ; altera_reset_synchronizer_int_chain[1]                                                      ;
; PRESERVE_REGISTER ; on    ; -    ; altera_reset_synchronizer_int_chain[0]                                                      ;
+-------------------+-------+------+---------------------------------------------------------------------------------------------+


+------------------------------------------------------------------------------------------------------------------------------------+
; Source assignments for vga_clock:vga_clk_pll|altera_reset_controller:rst_controller|altera_reset_synchronizer:alt_rst_req_sync_uq1 ;
+-------------------+-------+------+-------------------------------------------------------------------------------------------------+
; Assignment        ; Value ; From ; To                                                                                              ;
+-------------------+-------+------+-------------------------------------------------------------------------------------------------+
; PRESERVE_REGISTER ; on    ; -    ; altera_reset_synchronizer_int_chain[0]                                                          ;
; PRESERVE_REGISTER ; on    ; -    ; altera_reset_synchronizer_int_chain[1]                                                          ;
+-------------------+-------+------+-------------------------------------------------------------------------------------------------+


+--------------------------------------------------------------------------------------------------------------------------------------------------------------------------------+
; Source assignments for VGA_Image_Overlay_Combined:vga_image_overlay_combined|background_palette:bg_palette_bram|altsyncram:altsyncram_component|altsyncram_e1m1:auto_generated ;
+---------------------------------+--------------------+------+------------------------------------------------------------------------------------------------------------------+
; Assignment                      ; Value              ; From ; To                                                                                                               ;
+---------------------------------+--------------------+------+------------------------------------------------------------------------------------------------------------------+
; OPTIMIZE_POWER_DURING_SYNTHESIS ; NORMAL_COMPILATION ; -    ; -                                                                                                                ;
+---------------------------------+--------------------+------+------------------------------------------------------------------------------------------------------------------+


+-----------------------------------------------------------------------------------------------------------------------------------------------------------------------------------+
; Source assignments for VGA_Image_Overlay_Combined:vga_image_overlay_combined|zombie_1x_palette:zombie_palette_bram|altsyncram:altsyncram_component|altsyncram_ljl1:auto_generated ;
+---------------------------------+--------------------+------+---------------------------------------------------------------------------------------------------------------------+
; Assignment                      ; Value              ; From ; To                                                                                                                  ;
+---------------------------------+--------------------+------+---------------------------------------------------------------------------------------------------------------------+
; OPTIMIZE_POWER_DURING_SYNTHESIS ; NORMAL_COMPILATION ; -    ; -                                                                                                                   ;
+---------------------------------+--------------------+------+---------------------------------------------------------------------------------------------------------------------+


+----------------------------------------------------------------------------------------------------------------------------------------------------------+
; Source assignments for VGA_Image_Overlay_Combined:vga_image_overlay_combined|aim:aim_bram|altsyncram:altsyncram_component|altsyncram_0qb1:auto_generated ;
+---------------------------------+--------------------+------+--------------------------------------------------------------------------------------------+
; Assignment                      ; Value              ; From ; To                                                                                         ;
+---------------------------------+--------------------+------+--------------------------------------------------------------------------------------------+
; OPTIMIZE_POWER_DURING_SYNTHESIS ; NORMAL_COMPILATION ; -    ; -                                                                                          ;
+---------------------------------+--------------------+------+--------------------------------------------------------------------------------------------+


+-------------------------------------------------------------------------------------------------------------+
; Source assignments for zombie_1x:u_zombie_1x|altsyncram:altsyncram_component|altsyncram_gsk1:auto_generated ;
+---------------------------------+--------------------+------+-----------------------------------------------+
; Assignment                      ; Value              ; From ; To                                            ;
+---------------------------------+--------------------+------+-----------------------------------------------+
; OPTIMIZE_POWER_DURING_SYNTHESIS ; NORMAL_COMPILATION ; -    ; -                                             ;
+---------------------------------+--------------------+------+-----------------------------------------------+


+--------------------------------------------------------------------------+
; Parameter Settings for User Entity Instance: Debounce:key0_debounce_inst ;
+----------------+--------+------------------------------------------------+
; Parameter Name ; Value  ; Type                                           ;
+----------------+--------+------------------------------------------------+
; CNT_N          ; 250000 ; Signed Integer                                 ;
+----------------+--------+------------------------------------------------+
Note: In order to hide this table in the UI and the text report file, please set the "Show Parameter Settings in Synthesis Report" option in "Analysis and Synthesis Settings -> More Settings" to "Off".


+-----------------------------------------------------------------------------+
; Parameter Settings for User Entity Instance: Debounce:trigger_debounce_inst ;
+----------------+--------+---------------------------------------------------+
; Parameter Name ; Value  ; Type                                              ;
+----------------+--------+---------------------------------------------------+
; CNT_N          ; 250000 ; Signed Integer                                    ;
+----------------+--------+---------------------------------------------------+
Note: In order to hide this table in the UI and the text report file, please set the "Show Parameter Settings in Synthesis Report" option in "Analysis and Synthesis Settings -> More Settings" to "Off".


+-----------------------------------------------------------------------------------+
; Parameter Settings for User Entity Instance: Random_Position_Generator:zombie_gen ;
+-----------------+----------------------------------+------------------------------+
; Parameter Name  ; Value                            ; Type                         ;
+-----------------+----------------------------------+------------------------------+
; SCREEN_WIDTH    ; 1280                             ; Signed Integer               ;
; SCREEN_HEIGHT   ; 720                              ; Signed Integer               ;
; TARGET_X        ; 640                              ; Signed Integer               ;
; TARGET_Y        ; 719                              ; Signed Integer               ;
; MAX_POSITIONS   ; 20                               ; Signed Integer               ;
; VELOCITY        ; 0000000000000010                 ; Unsigned Binary              ;
; CLOCK_FREQ      ; 00000100011011001111011100010000 ; Unsigned Binary              ;
; UPDATE_RATE     ; 00000000000000000000000001111000 ; Unsigned Binary              ;
; GENERATION_RATE ; 00000000000000000000000000000001 ; Unsigned Binary              ;
+-----------------+----------------------------------+------------------------------+
Note: In order to hide this table in the UI and the text report file, please set the "Show Parameter Settings in Synthesis Report" option in "Analysis and Synthesis Settings -> More Settings" to "Off".


+-----------------------------------------------------------------------------------------------------------+
; Parameter Settings for User Entity Instance: vga_clock:vga_clk_pll|altera_reset_controller:rst_controller ;
+---------------------------+----------+--------------------------------------------------------------------+
; Parameter Name            ; Value    ; Type                                                               ;
+---------------------------+----------+--------------------------------------------------------------------+
; NUM_RESET_INPUTS          ; 1        ; Signed Integer                                                     ;
; USE_RESET_REQUEST_IN0     ; 0        ; Signed Integer                                                     ;
; USE_RESET_REQUEST_IN1     ; 0        ; Signed Integer                                                     ;
; USE_RESET_REQUEST_IN2     ; 0        ; Signed Integer                                                     ;
; USE_RESET_REQUEST_IN3     ; 0        ; Signed Integer                                                     ;
; USE_RESET_REQUEST_IN4     ; 0        ; Signed Integer                                                     ;
; USE_RESET_REQUEST_IN5     ; 0        ; Signed Integer                                                     ;
; USE_RESET_REQUEST_IN6     ; 0        ; Signed Integer                                                     ;
; USE_RESET_REQUEST_IN7     ; 0        ; Signed Integer                                                     ;
; USE_RESET_REQUEST_IN8     ; 0        ; Signed Integer                                                     ;
; USE_RESET_REQUEST_IN9     ; 0        ; Signed Integer                                                     ;
; USE_RESET_REQUEST_IN10    ; 0        ; Signed Integer                                                     ;
; USE_RESET_REQUEST_IN11    ; 0        ; Signed Integer                                                     ;
; USE_RESET_REQUEST_IN12    ; 0        ; Signed Integer                                                     ;
; USE_RESET_REQUEST_IN13    ; 0        ; Signed Integer                                                     ;
; USE_RESET_REQUEST_IN14    ; 0        ; Signed Integer                                                     ;
; USE_RESET_REQUEST_IN15    ; 0        ; Signed Integer                                                     ;
; OUTPUT_RESET_SYNC_EDGES   ; deassert ; String                                                             ;
; SYNC_DEPTH                ; 2        ; Signed Integer                                                     ;
; RESET_REQUEST_PRESENT     ; 0        ; Signed Integer                                                     ;
; RESET_REQ_WAIT_TIME       ; 1        ; Signed Integer                                                     ;
; MIN_RST_ASSERTION_TIME    ; 3        ; Signed Integer                                                     ;
; RESET_REQ_EARLY_DSRT_TIME ; 1        ; Signed Integer                                                     ;
; ADAPT_RESET_REQUEST       ; 0        ; Signed Integer                                                     ;
+---------------------------+----------+--------------------------------------------------------------------+
Note: In order to hide this table in the UI and the text report file, please set the "Show Parameter Settings in Synthesis Report" option in "Analysis and Synthesis Settings -> More Settings" to "Off".


+------------------------------------------------------------------------------------------------------------------------------------------------------+
; Parameter Settings for User Entity Instance: vga_clock:vga_clk_pll|altera_reset_controller:rst_controller|altera_reset_synchronizer:alt_rst_sync_uq1 ;
+----------------+-------+-----------------------------------------------------------------------------------------------------------------------------+
; Parameter Name ; Value ; Type                                                                                                                        ;
+----------------+-------+-----------------------------------------------------------------------------------------------------------------------------+
; ASYNC_RESET    ; 1     ; Unsigned Binary                                                                                                             ;
; DEPTH          ; 2     ; Signed Integer                                                                                                              ;
+----------------+-------+-----------------------------------------------------------------------------------------------------------------------------+
Note: In order to hide this table in the UI and the text report file, please set the "Show Parameter Settings in Synthesis Report" option in "Analysis and Synthesis Settings -> More Settings" to "Off".


+----------------------------------------------------------------------------------------------------------------------------------------------------------+
; Parameter Settings for User Entity Instance: vga_clock:vga_clk_pll|altera_reset_controller:rst_controller|altera_reset_synchronizer:alt_rst_req_sync_uq1 ;
+----------------+-------+---------------------------------------------------------------------------------------------------------------------------------+
; Parameter Name ; Value ; Type                                                                                                                            ;
+----------------+-------+---------------------------------------------------------------------------------------------------------------------------------+
; ASYNC_RESET    ; 0     ; Signed Integer                                                                                                                  ;
; DEPTH          ; 2     ; Signed Integer                                                                                                                  ;
+----------------+-------+---------------------------------------------------------------------------------------------------------------------------------+
Note: In order to hide this table in the UI and the text report file, please set the "Show Parameter Settings in Synthesis Report" option in "Analysis and Synthesis Settings -> More Settings" to "Off".


+--------------------------------------------------------------------------------+
; Parameter Settings for User Entity Instance: VGA_Controller_720p:vga_ctrl_720p ;
+----------------+-------+-------------------------------------------------------+
; Parameter Name ; Value ; Type                                                  ;
+----------------+-------+-------------------------------------------------------+
; H_DISPLAY      ; 1280  ; Signed Integer                                        ;
; H_FRONT_PORCH  ; 110   ; Signed Integer                                        ;
; H_SYNC_PULSE   ; 40    ; Signed Integer                                        ;
; H_BACK_PORCH   ; 220   ; Signed Integer                                        ;
; H_TOTAL        ; 1650  ; Signed Integer                                        ;
; V_DISPLAY      ; 720   ; Signed Integer                                        ;
; V_FRONT_PORCH  ; 5     ; Signed Integer                                        ;
; V_SYNC_PULSE   ; 5     ; Signed Integer                                        ;
; V_BACK_PORCH   ; 20    ; Signed Integer                                        ;
; V_TOTAL        ; 750   ; Signed Integer                                        ;
; H_SYNC_START   ; 1610  ; Signed Integer                                        ;
; V_SYNC_START   ; 745   ; Signed Integer                                        ;
+----------------+-------+-------------------------------------------------------+
Note: In order to hide this table in the UI and the text report file, please set the "Show Parameter Settings in Synthesis Report" option in "Analysis and Synthesis Settings -> More Settings" to "Off".


+----------------------------------------------------------------------------------------------------+
; Parameter Settings for User Entity Instance: VGA_Image_Overlay_Combined:vga_image_overlay_combined ;
+----------------+-------+---------------------------------------------------------------------------+
; Parameter Name ; Value ; Type                                                                      ;
+----------------+-------+---------------------------------------------------------------------------+
; MAX_ZOMBIES    ; 20    ; Signed Integer                                                            ;
; ZOMBIE_SIZE_X  ; 102   ; Signed Integer                                                            ;
; ZOMBIE_SIZE_Y  ; 149   ; Signed Integer                                                            ;
+----------------+-------+---------------------------------------------------------------------------+
Note: In order to hide this table in the UI and the text report file, please set the "Show Parameter Settings in Synthesis Report" option in "Analysis and Synthesis Settings -> More Settings" to "Off".


+-----------------------------------------------------------------------------------------------------------------------------------------------------------------------+
; Parameter Settings for User Entity Instance: VGA_Image_Overlay_Combined:vga_image_overlay_combined|background_palette:bg_palette_bram|altsyncram:altsyncram_component ;
+------------------------------------+------------------------------------------------------------+---------------------------------------------------------------------+
; Parameter Name                     ; Value                                                      ; Type                                                                ;
+------------------------------------+------------------------------------------------------------+---------------------------------------------------------------------+
; BYTE_SIZE_BLOCK                    ; 8                                                          ; Untyped                                                             ;
; AUTO_CARRY_CHAINS                  ; ON                                                         ; AUTO_CARRY                                                          ;
; IGNORE_CARRY_BUFFERS               ; OFF                                                        ; IGNORE_CARRY                                                        ;
; AUTO_CASCADE_CHAINS                ; ON                                                         ; AUTO_CASCADE                                                        ;
; IGNORE_CASCADE_BUFFERS             ; OFF                                                        ; IGNORE_CASCADE                                                      ;
; WIDTH_BYTEENA                      ; 1                                                          ; Untyped                                                             ;
; OPERATION_MODE                     ; SINGLE_PORT                                                ; Untyped                                                             ;
; WIDTH_A                            ; 16                                                         ; Signed Integer                                                      ;
; WIDTHAD_A                          ; 8                                                          ; Signed Integer                                                      ;
; NUMWORDS_A                         ; 256                                                        ; Signed Integer                                                      ;
; OUTDATA_REG_A                      ; CLOCK0                                                     ; Untyped                                                             ;
; ADDRESS_ACLR_A                     ; NONE                                                       ; Untyped                                                             ;
; OUTDATA_ACLR_A                     ; NONE                                                       ; Untyped                                                             ;
; WRCONTROL_ACLR_A                   ; NONE                                                       ; Untyped                                                             ;
; INDATA_ACLR_A                      ; NONE                                                       ; Untyped                                                             ;
; BYTEENA_ACLR_A                     ; NONE                                                       ; Untyped                                                             ;
; WIDTH_B                            ; 1                                                          ; Untyped                                                             ;
; WIDTHAD_B                          ; 1                                                          ; Untyped                                                             ;
; NUMWORDS_B                         ; 1                                                          ; Untyped                                                             ;
; INDATA_REG_B                       ; CLOCK1                                                     ; Untyped                                                             ;
; WRCONTROL_WRADDRESS_REG_B          ; CLOCK1                                                     ; Untyped                                                             ;
; RDCONTROL_REG_B                    ; CLOCK1                                                     ; Untyped                                                             ;
; ADDRESS_REG_B                      ; CLOCK1                                                     ; Untyped                                                             ;
; OUTDATA_REG_B                      ; UNREGISTERED                                               ; Untyped                                                             ;
; BYTEENA_REG_B                      ; CLOCK1                                                     ; Untyped                                                             ;
; INDATA_ACLR_B                      ; NONE                                                       ; Untyped                                                             ;
; WRCONTROL_ACLR_B                   ; NONE                                                       ; Untyped                                                             ;
; ADDRESS_ACLR_B                     ; NONE                                                       ; Untyped                                                             ;
; OUTDATA_ACLR_B                     ; NONE                                                       ; Untyped                                                             ;
; RDCONTROL_ACLR_B                   ; NONE                                                       ; Untyped                                                             ;
; BYTEENA_ACLR_B                     ; NONE                                                       ; Untyped                                                             ;
; WIDTH_BYTEENA_A                    ; 1                                                          ; Signed Integer                                                      ;
; WIDTH_BYTEENA_B                    ; 1                                                          ; Untyped                                                             ;
; RAM_BLOCK_TYPE                     ; AUTO                                                       ; Untyped                                                             ;
; BYTE_SIZE                          ; 8                                                          ; Untyped                                                             ;
; READ_DURING_WRITE_MODE_MIXED_PORTS ; DONT_CARE                                                  ; Untyped                                                             ;
; READ_DURING_WRITE_MODE_PORT_A      ; NEW_DATA_NO_NBE_READ                                       ; Untyped                                                             ;
; READ_DURING_WRITE_MODE_PORT_B      ; NEW_DATA_NO_NBE_READ                                       ; Untyped                                                             ;
; INIT_FILE                          ; ../../Kmeans_comp/background/output/background_palette.mif ; Untyped                                                             ;
; INIT_FILE_LAYOUT                   ; PORT_A                                                     ; Untyped                                                             ;
; MAXIMUM_DEPTH                      ; 0                                                          ; Untyped                                                             ;
; CLOCK_ENABLE_INPUT_A               ; BYPASS                                                     ; Untyped                                                             ;
; CLOCK_ENABLE_INPUT_B               ; NORMAL                                                     ; Untyped                                                             ;
; CLOCK_ENABLE_OUTPUT_A              ; BYPASS                                                     ; Untyped                                                             ;
; CLOCK_ENABLE_OUTPUT_B              ; NORMAL                                                     ; Untyped                                                             ;
; CLOCK_ENABLE_CORE_A                ; USE_INPUT_CLKEN                                            ; Untyped                                                             ;
; CLOCK_ENABLE_CORE_B                ; USE_INPUT_CLKEN                                            ; Untyped                                                             ;
; ENABLE_ECC                         ; FALSE                                                      ; Untyped                                                             ;
; ECC_PIPELINE_STAGE_ENABLED         ; FALSE                                                      ; Untyped                                                             ;
; WIDTH_ECCSTATUS                    ; 3                                                          ; Untyped                                                             ;
; DEVICE_FAMILY                      ; Cyclone IV E                                               ; Untyped                                                             ;
; CBXI_PARAMETER                     ; altsyncram_e1m1                                            ; Untyped                                                             ;
+------------------------------------+------------------------------------------------------------+---------------------------------------------------------------------+
Note: In order to hide this table in the UI and the text report file, please set the "Show Parameter Settings in Synthesis Report" option in "Analysis and Synthesis Settings -> More Settings" to "Off".


+--------------------------------------------------------------------------------------------------------------------------------------------------------------------------+
; Parameter Settings for User Entity Instance: VGA_Image_Overlay_Combined:vga_image_overlay_combined|zombie_1x_palette:zombie_palette_bram|altsyncram:altsyncram_component ;
+------------------------------------+--------------------------------------------------------+----------------------------------------------------------------------------+
; Parameter Name                     ; Value                                                  ; Type                                                                       ;
+------------------------------------+--------------------------------------------------------+----------------------------------------------------------------------------+
; BYTE_SIZE_BLOCK                    ; 8                                                      ; Untyped                                                                    ;
; AUTO_CARRY_CHAINS                  ; ON                                                     ; AUTO_CARRY                                                                 ;
; IGNORE_CARRY_BUFFERS               ; OFF                                                    ; IGNORE_CARRY                                                               ;
; AUTO_CASCADE_CHAINS                ; ON                                                     ; AUTO_CASCADE                                                               ;
; IGNORE_CASCADE_BUFFERS             ; OFF                                                    ; IGNORE_CASCADE                                                             ;
; WIDTH_BYTEENA                      ; 1                                                      ; Untyped                                                                    ;
; OPERATION_MODE                     ; SINGLE_PORT                                            ; Untyped                                                                    ;
; WIDTH_A                            ; 16                                                     ; Signed Integer                                                             ;
; WIDTHAD_A                          ; 8                                                      ; Signed Integer                                                             ;
; NUMWORDS_A                         ; 256                                                    ; Signed Integer                                                             ;
; OUTDATA_REG_A                      ; CLOCK0                                                 ; Untyped                                                                    ;
; ADDRESS_ACLR_A                     ; NONE                                                   ; Untyped                                                                    ;
; OUTDATA_ACLR_A                     ; NONE                                                   ; Untyped                                                                    ;
; WRCONTROL_ACLR_A                   ; NONE                                                   ; Untyped                                                                    ;
; INDATA_ACLR_A                      ; NONE                                                   ; Untyped                                                                    ;
; BYTEENA_ACLR_A                     ; NONE                                                   ; Untyped                                                                    ;
; WIDTH_B                            ; 1                                                      ; Untyped                                                                    ;
; WIDTHAD_B                          ; 1                                                      ; Untyped                                                                    ;
; NUMWORDS_B                         ; 1                                                      ; Untyped                                                                    ;
; INDATA_REG_B                       ; CLOCK1                                                 ; Untyped                                                                    ;
; WRCONTROL_WRADDRESS_REG_B          ; CLOCK1                                                 ; Untyped                                                                    ;
; RDCONTROL_REG_B                    ; CLOCK1                                                 ; Untyped                                                                    ;
; ADDRESS_REG_B                      ; CLOCK1                                                 ; Untyped                                                                    ;
; OUTDATA_REG_B                      ; UNREGISTERED                                           ; Untyped                                                                    ;
; BYTEENA_REG_B                      ; CLOCK1                                                 ; Untyped                                                                    ;
; INDATA_ACLR_B                      ; NONE                                                   ; Untyped                                                                    ;
; WRCONTROL_ACLR_B                   ; NONE                                                   ; Untyped                                                                    ;
; ADDRESS_ACLR_B                     ; NONE                                                   ; Untyped                                                                    ;
; OUTDATA_ACLR_B                     ; NONE                                                   ; Untyped                                                                    ;
; RDCONTROL_ACLR_B                   ; NONE                                                   ; Untyped                                                                    ;
; BYTEENA_ACLR_B                     ; NONE                                                   ; Untyped                                                                    ;
; WIDTH_BYTEENA_A                    ; 1                                                      ; Signed Integer                                                             ;
; WIDTH_BYTEENA_B                    ; 1                                                      ; Untyped                                                                    ;
; RAM_BLOCK_TYPE                     ; AUTO                                                   ; Untyped                                                                    ;
; BYTE_SIZE                          ; 8                                                      ; Untyped                                                                    ;
; READ_DURING_WRITE_MODE_MIXED_PORTS ; DONT_CARE                                              ; Untyped                                                                    ;
; READ_DURING_WRITE_MODE_PORT_A      ; NEW_DATA_NO_NBE_READ                                   ; Untyped                                                                    ;
; READ_DURING_WRITE_MODE_PORT_B      ; NEW_DATA_NO_NBE_READ                                   ; Untyped                                                                    ;
; INIT_FILE                          ; ../../Kmeans_comp/zombies/output/zombie_1x_palette.mif ; Untyped                                                                    ;
; INIT_FILE_LAYOUT                   ; PORT_A                                                 ; Untyped                                                                    ;
; MAXIMUM_DEPTH                      ; 0                                                      ; Untyped                                                                    ;
; CLOCK_ENABLE_INPUT_A               ; BYPASS                                                 ; Untyped                                                                    ;
; CLOCK_ENABLE_INPUT_B               ; NORMAL                                                 ; Untyped                                                                    ;
; CLOCK_ENABLE_OUTPUT_A              ; BYPASS                                                 ; Untyped                                                                    ;
; CLOCK_ENABLE_OUTPUT_B              ; NORMAL                                                 ; Untyped                                                                    ;
; CLOCK_ENABLE_CORE_A                ; USE_INPUT_CLKEN                                        ; Untyped                                                                    ;
; CLOCK_ENABLE_CORE_B                ; USE_INPUT_CLKEN                                        ; Untyped                                                                    ;
; ENABLE_ECC                         ; FALSE                                                  ; Untyped                                                                    ;
; ECC_PIPELINE_STAGE_ENABLED         ; FALSE                                                  ; Untyped                                                                    ;
; WIDTH_ECCSTATUS                    ; 3                                                      ; Untyped                                                                    ;
; DEVICE_FAMILY                      ; Cyclone IV E                                           ; Untyped                                                                    ;
; CBXI_PARAMETER                     ; altsyncram_ljl1                                        ; Untyped                                                                    ;
+------------------------------------+--------------------------------------------------------+----------------------------------------------------------------------------+
Note: In order to hide this table in the UI and the text report file, please set the "Show Parameter Settings in Synthesis Report" option in "Analysis and Synthesis Settings -> More Settings" to "Off".


+-------------------------------------------------------------------------------------------------------------------------------------------------+
; Parameter Settings for User Entity Instance: VGA_Image_Overlay_Combined:vga_image_overlay_combined|aim:aim_bram|altsyncram:altsyncram_component ;
+------------------------------------+------------------------------------------+-----------------------------------------------------------------+
; Parameter Name                     ; Value                                    ; Type                                                            ;
+------------------------------------+------------------------------------------+-----------------------------------------------------------------+
; BYTE_SIZE_BLOCK                    ; 8                                        ; Untyped                                                         ;
; AUTO_CARRY_CHAINS                  ; ON                                       ; AUTO_CARRY                                                      ;
; IGNORE_CARRY_BUFFERS               ; OFF                                      ; IGNORE_CARRY                                                    ;
; AUTO_CASCADE_CHAINS                ; ON                                       ; AUTO_CASCADE                                                    ;
; IGNORE_CASCADE_BUFFERS             ; OFF                                      ; IGNORE_CASCADE                                                  ;
; WIDTH_BYTEENA                      ; 1                                        ; Untyped                                                         ;
; OPERATION_MODE                     ; ROM                                      ; Untyped                                                         ;
; WIDTH_A                            ; 2                                        ; Signed Integer                                                  ;
; WIDTHAD_A                          ; 16                                       ; Signed Integer                                                  ;
; NUMWORDS_A                         ; 40000                                    ; Signed Integer                                                  ;
; OUTDATA_REG_A                      ; CLOCK0                                   ; Untyped                                                         ;
; ADDRESS_ACLR_A                     ; NONE                                     ; Untyped                                                         ;
; OUTDATA_ACLR_A                     ; NONE                                     ; Untyped                                                         ;
; WRCONTROL_ACLR_A                   ; NONE                                     ; Untyped                                                         ;
; INDATA_ACLR_A                      ; NONE                                     ; Untyped                                                         ;
; BYTEENA_ACLR_A                     ; NONE                                     ; Untyped                                                         ;
; WIDTH_B                            ; 1                                        ; Untyped                                                         ;
; WIDTHAD_B                          ; 1                                        ; Untyped                                                         ;
; NUMWORDS_B                         ; 1                                        ; Untyped                                                         ;
; INDATA_REG_B                       ; CLOCK1                                   ; Untyped                                                         ;
; WRCONTROL_WRADDRESS_REG_B          ; CLOCK1                                   ; Untyped                                                         ;
; RDCONTROL_REG_B                    ; CLOCK1                                   ; Untyped                                                         ;
; ADDRESS_REG_B                      ; CLOCK1                                   ; Untyped                                                         ;
; OUTDATA_REG_B                      ; UNREGISTERED                             ; Untyped                                                         ;
; BYTEENA_REG_B                      ; CLOCK1                                   ; Untyped                                                         ;
; INDATA_ACLR_B                      ; NONE                                     ; Untyped                                                         ;
; WRCONTROL_ACLR_B                   ; NONE                                     ; Untyped                                                         ;
; ADDRESS_ACLR_B                     ; NONE                                     ; Untyped                                                         ;
; OUTDATA_ACLR_B                     ; NONE                                     ; Untyped                                                         ;
; RDCONTROL_ACLR_B                   ; NONE                                     ; Untyped                                                         ;
; BYTEENA_ACLR_B                     ; NONE                                     ; Untyped                                                         ;
; WIDTH_BYTEENA_A                    ; 1                                        ; Signed Integer                                                  ;
; WIDTH_BYTEENA_B                    ; 1                                        ; Untyped                                                         ;
; RAM_BLOCK_TYPE                     ; AUTO                                     ; Untyped                                                         ;
; BYTE_SIZE                          ; 8                                        ; Untyped                                                         ;
; READ_DURING_WRITE_MODE_MIXED_PORTS ; DONT_CARE                                ; Untyped                                                         ;
; READ_DURING_WRITE_MODE_PORT_A      ; NEW_DATA_NO_NBE_READ                     ; Untyped                                                         ;
; READ_DURING_WRITE_MODE_PORT_B      ; NEW_DATA_NO_NBE_READ                     ; Untyped                                                         ;
; INIT_FILE                          ; ../../Kmeans_comp/aim/output/aim_200.mif ; Untyped                                                         ;
; INIT_FILE_LAYOUT                   ; PORT_A                                   ; Untyped                                                         ;
; MAXIMUM_DEPTH                      ; 0                                        ; Untyped                                                         ;
; CLOCK_ENABLE_INPUT_A               ; BYPASS                                   ; Untyped                                                         ;
; CLOCK_ENABLE_INPUT_B               ; NORMAL                                   ; Untyped                                                         ;
; CLOCK_ENABLE_OUTPUT_A              ; BYPASS                                   ; Untyped                                                         ;
; CLOCK_ENABLE_OUTPUT_B              ; NORMAL                                   ; Untyped                                                         ;
; CLOCK_ENABLE_CORE_A                ; USE_INPUT_CLKEN                          ; Untyped                                                         ;
; CLOCK_ENABLE_CORE_B                ; USE_INPUT_CLKEN                          ; Untyped                                                         ;
; ENABLE_ECC                         ; FALSE                                    ; Untyped                                                         ;
; ECC_PIPELINE_STAGE_ENABLED         ; FALSE                                    ; Untyped                                                         ;
; WIDTH_ECCSTATUS                    ; 3                                        ; Untyped                                                         ;
; DEVICE_FAMILY                      ; Cyclone IV E                             ; Untyped                                                         ;
; CBXI_PARAMETER                     ; altsyncram_0qb1                          ; Untyped                                                         ;
+------------------------------------+------------------------------------------+-----------------------------------------------------------------+
Note: In order to hide this table in the UI and the text report file, please set the "Show Parameter Settings in Synthesis Report" option in "Analysis and Synthesis Settings -> More Settings" to "Off".


+----------------------------------------------------------------------------+
; Parameter Settings for User Entity Instance: set_trans_arr:u_set_trans_arr ;
+----------------+-------+---------------------------------------------------+
; Parameter Name ; Value ; Type                                              ;
+----------------+-------+---------------------------------------------------+
; ZOMBIE_SIZE_X  ; 102   ; Signed Integer                                    ;
; ZOMBIE_SIZE_Y  ; 149   ; Signed Integer                                    ;
+----------------+-------+---------------------------------------------------+
Note: In order to hide this table in the UI and the text report file, please set the "Show Parameter Settings in Synthesis Report" option in "Analysis and Synthesis Settings -> More Settings" to "Off".


+------------------------------------------------------------------------------------------------------+
; Parameter Settings for User Entity Instance: zombie_1x:u_zombie_1x|altsyncram:altsyncram_component   ;
+------------------------------------+------------------------------------------------+----------------+
; Parameter Name                     ; Value                                          ; Type           ;
+------------------------------------+------------------------------------------------+----------------+
; BYTE_SIZE_BLOCK                    ; 8                                              ; Untyped        ;
; AUTO_CARRY_CHAINS                  ; ON                                             ; AUTO_CARRY     ;
; IGNORE_CARRY_BUFFERS               ; OFF                                            ; IGNORE_CARRY   ;
; AUTO_CASCADE_CHAINS                ; ON                                             ; AUTO_CASCADE   ;
; IGNORE_CASCADE_BUFFERS             ; OFF                                            ; IGNORE_CASCADE ;
; WIDTH_BYTEENA                      ; 1                                              ; Untyped        ;
; OPERATION_MODE                     ; SINGLE_PORT                                    ; Untyped        ;
; WIDTH_A                            ; 8                                              ; Signed Integer ;
; WIDTHAD_A                          ; 14                                             ; Signed Integer ;
; NUMWORDS_A                         ; 15198                                          ; Signed Integer ;
; OUTDATA_REG_A                      ; CLOCK0                                         ; Untyped        ;
; ADDRESS_ACLR_A                     ; NONE                                           ; Untyped        ;
; OUTDATA_ACLR_A                     ; NONE                                           ; Untyped        ;
; WRCONTROL_ACLR_A                   ; NONE                                           ; Untyped        ;
; INDATA_ACLR_A                      ; NONE                                           ; Untyped        ;
; BYTEENA_ACLR_A                     ; NONE                                           ; Untyped        ;
; WIDTH_B                            ; 1                                              ; Untyped        ;
; WIDTHAD_B                          ; 1                                              ; Untyped        ;
; NUMWORDS_B                         ; 1                                              ; Untyped        ;
; INDATA_REG_B                       ; CLOCK1                                         ; Untyped        ;
; WRCONTROL_WRADDRESS_REG_B          ; CLOCK1                                         ; Untyped        ;
; RDCONTROL_REG_B                    ; CLOCK1                                         ; Untyped        ;
; ADDRESS_REG_B                      ; CLOCK1                                         ; Untyped        ;
; OUTDATA_REG_B                      ; UNREGISTERED                                   ; Untyped        ;
; BYTEENA_REG_B                      ; CLOCK1                                         ; Untyped        ;
; INDATA_ACLR_B                      ; NONE                                           ; Untyped        ;
; WRCONTROL_ACLR_B                   ; NONE                                           ; Untyped        ;
; ADDRESS_ACLR_B                     ; NONE                                           ; Untyped        ;
; OUTDATA_ACLR_B                     ; NONE                                           ; Untyped        ;
; RDCONTROL_ACLR_B                   ; NONE                                           ; Untyped        ;
; BYTEENA_ACLR_B                     ; NONE                                           ; Untyped        ;
; WIDTH_BYTEENA_A                    ; 1                                              ; Signed Integer ;
; WIDTH_BYTEENA_B                    ; 1                                              ; Untyped        ;
; RAM_BLOCK_TYPE                     ; AUTO                                           ; Untyped        ;
; BYTE_SIZE                          ; 8                                              ; Untyped        ;
; READ_DURING_WRITE_MODE_MIXED_PORTS ; DONT_CARE                                      ; Untyped        ;
; READ_DURING_WRITE_MODE_PORT_A      ; NEW_DATA_NO_NBE_READ                           ; Untyped        ;
; READ_DURING_WRITE_MODE_PORT_B      ; NEW_DATA_NO_NBE_READ                           ; Untyped        ;
; INIT_FILE                          ; ../../Kmeans_comp/zombies/output/zombie_1x.mif ; Untyped        ;
; INIT_FILE_LAYOUT                   ; PORT_A                                         ; Untyped        ;
; MAXIMUM_DEPTH                      ; 0                                              ; Untyped        ;
; CLOCK_ENABLE_INPUT_A               ; BYPASS                                         ; Untyped        ;
; CLOCK_ENABLE_INPUT_B               ; NORMAL                                         ; Untyped        ;
; CLOCK_ENABLE_OUTPUT_A              ; BYPASS                                         ; Untyped        ;
; CLOCK_ENABLE_OUTPUT_B              ; NORMAL                                         ; Untyped        ;
; CLOCK_ENABLE_CORE_A                ; USE_INPUT_CLKEN                                ; Untyped        ;
; CLOCK_ENABLE_CORE_B                ; USE_INPUT_CLKEN                                ; Untyped        ;
; ENABLE_ECC                         ; FALSE                                          ; Untyped        ;
; ECC_PIPELINE_STAGE_ENABLED         ; FALSE                                          ; Untyped        ;
; WIDTH_ECCSTATUS                    ; 3                                              ; Untyped        ;
; DEVICE_FAMILY                      ; Cyclone IV E                                   ; Untyped        ;
; CBXI_PARAMETER                     ; altsyncram_gsk1                                ; Untyped        ;
+------------------------------------+------------------------------------------------+----------------+
Note: In order to hide this table in the UI and the text report file, please set the "Show Parameter Settings in Synthesis Report" option in "Analysis and Synthesis Settings -> More Settings" to "Off".


+-------------------------------------------------------------------------------------------+
; Parameter Settings for User Entity Instance: Position_Controller:position_controller_inst ;
+---------------------+----------------------------------+----------------------------------+
; Parameter Name      ; Value                            ; Type                             ;
+---------------------+----------------------------------+----------------------------------+
; SCREEN_WIDTH        ; 1280                             ; Signed Integer                   ;
; SCREEN_HEIGHT       ; 720                              ; Signed Integer                   ;
; KX                  ; 11111111111111111111111111111111 ; Unsigned Binary                  ;
; KY                  ; 11111111111111111111111111111111 ; Unsigned Binary                  ;
; UPDATE_DIVIDER      ; 000010110101010001100100         ; Unsigned Binary                  ;
; USE_LINEAR_VELOCITY ; 0                                ; Signed Integer                   ;
; LINEAR_SCALE        ; 00000000000000000000000000001010 ; Unsigned Binary                  ;
+---------------------+----------------------------------+----------------------------------+
Note: In order to hide this table in the UI and the text report file, please set the "Show Parameter Settings in Synthesis Report" option in "Analysis and Synthesis Settings -> More Settings" to "Off".


+-----------------------------------------------------------+
; Parameter Settings for User Entity Instance: uart_rx:u_rx ;
+----------------+-------+----------------------------------+
; Parameter Name ; Value ; Type                             ;
+----------------+-------+----------------------------------+
; CLKS_PER_BIT   ; 434   ; Signed Integer                   ;
+----------------+-------+----------------------------------+
Note: In order to hide this table in the UI and the text report file, please set the "Show Parameter Settings in Synthesis Report" option in "Analysis and Synthesis Settings -> More Settings" to "Off".


+------------------------------------------------------------------+
; Parameter Settings for Inferred Entity Instance: lpm_divide:Mod0 ;
+------------------------+----------------+------------------------+
; Parameter Name         ; Value          ; Type                   ;
+------------------------+----------------+------------------------+
; LPM_WIDTHN             ; 16             ; Untyped                ;
; LPM_WIDTHD             ; 10             ; Untyped                ;
; LPM_NREPRESENTATION    ; UNSIGNED       ; Untyped                ;
; LPM_DREPRESENTATION    ; UNSIGNED       ; Untyped                ;
; LPM_PIPELINE           ; 0              ; Untyped                ;
; LPM_REMAINDERPOSITIVE  ; TRUE           ; Untyped                ;
; MAXIMIZE_SPEED         ; 5              ; Untyped                ;
; CBXI_PARAMETER         ; lpm_divide_icm ; Untyped                ;
; CARRY_CHAIN            ; MANUAL         ; Untyped                ;
; OPTIMIZE_FOR_SPEED     ; 5              ; Untyped                ;
; AUTO_CARRY_CHAINS      ; ON             ; AUTO_CARRY             ;
; IGNORE_CARRY_BUFFERS   ; OFF            ; IGNORE_CARRY           ;
; AUTO_CASCADE_CHAINS    ; ON             ; AUTO_CASCADE           ;
; IGNORE_CASCADE_BUFFERS ; OFF            ; IGNORE_CASCADE         ;
+------------------------+----------------+------------------------+
Note: In order to hide this table in the UI and the text report file, please set the "Show Parameter Settings in Synthesis Report" option in "Analysis and Synthesis Settings -> More Settings" to "Off".


+------------------------------------------------------------------+
; Parameter Settings for Inferred Entity Instance: lpm_divide:Mod1 ;
+------------------------+----------------+------------------------+
; Parameter Name         ; Value          ; Type                   ;
+------------------------+----------------+------------------------+
; LPM_WIDTHN             ; 10             ; Untyped                ;
; LPM_WIDTHD             ; 7              ; Untyped                ;
; LPM_NREPRESENTATION    ; UNSIGNED       ; Untyped                ;
; LPM_DREPRESENTATION    ; UNSIGNED       ; Untyped                ;
; LPM_PIPELINE           ; 0              ; Untyped                ;
; LPM_REMAINDERPOSITIVE  ; TRUE           ; Untyped                ;
; MAXIMIZE_SPEED         ; 5              ; Untyped                ;
; CBXI_PARAMETER         ; lpm_divide_2bm ; Untyped                ;
; CARRY_CHAIN            ; MANUAL         ; Untyped                ;
; OPTIMIZE_FOR_SPEED     ; 5              ; Untyped                ;
; AUTO_CARRY_CHAINS      ; ON             ; AUTO_CARRY             ;
; IGNORE_CARRY_BUFFERS   ; OFF            ; IGNORE_CARRY           ;
; AUTO_CASCADE_CHAINS    ; ON             ; AUTO_CASCADE           ;
; IGNORE_CASCADE_BUFFERS ; OFF            ; IGNORE_CASCADE         ;
+------------------------+----------------+------------------------+
Note: In order to hide this table in the UI and the text report file, please set the "Show Parameter Settings in Synthesis Report" option in "Analysis and Synthesis Settings -> More Settings" to "Off".


+------------------------------------------------------------------+
; Parameter Settings for Inferred Entity Instance: lpm_divide:Mod2 ;
+------------------------+----------------+------------------------+
; Parameter Name         ; Value          ; Type                   ;
+------------------------+----------------+------------------------+
; LPM_WIDTHN             ; 7              ; Untyped                ;
; LPM_WIDTHD             ; 4              ; Untyped                ;
; LPM_NREPRESENTATION    ; UNSIGNED       ; Untyped                ;
; LPM_DREPRESENTATION    ; UNSIGNED       ; Untyped                ;
; LPM_PIPELINE           ; 0              ; Untyped                ;
; LPM_REMAINDERPOSITIVE  ; TRUE           ; Untyped                ;
; MAXIMIZE_SPEED         ; 5              ; Untyped                ;
; CBXI_PARAMETER         ; lpm_divide_l9m ; Untyped                ;
; CARRY_CHAIN            ; MANUAL         ; Untyped                ;
; OPTIMIZE_FOR_SPEED     ; 5              ; Untyped                ;
; AUTO_CARRY_CHAINS      ; ON             ; AUTO_CARRY             ;
; IGNORE_CARRY_BUFFERS   ; OFF            ; IGNORE_CARRY           ;
; AUTO_CASCADE_CHAINS    ; ON             ; AUTO_CASCADE           ;
; IGNORE_CASCADE_BUFFERS ; OFF            ; IGNORE_CASCADE         ;
+------------------------+----------------+------------------------+
Note: In order to hide this table in the UI and the text report file, please set the "Show Parameter Settings in Synthesis Report" option in "Analysis and Synthesis Settings -> More Settings" to "Off".


+------------------------------------------------------------------+
; Parameter Settings for Inferred Entity Instance: lpm_divide:Div2 ;
+------------------------+----------------+------------------------+
; Parameter Name         ; Value          ; Type                   ;
+------------------------+----------------+------------------------+
; LPM_WIDTHN             ; 7              ; Untyped                ;
; LPM_WIDTHD             ; 4              ; Untyped                ;
; LPM_NREPRESENTATION    ; UNSIGNED       ; Untyped                ;
; LPM_DREPRESENTATION    ; UNSIGNED       ; Untyped                ;
; LPM_PIPELINE           ; 0              ; Untyped                ;
; LPM_REMAINDERPOSITIVE  ; TRUE           ; Untyped                ;
; MAXIMIZE_SPEED         ; 5              ; Untyped                ;
; CBXI_PARAMETER         ; lpm_divide_ihm ; Untyped                ;
; CARRY_CHAIN            ; MANUAL         ; Untyped                ;
; OPTIMIZE_FOR_SPEED     ; 5              ; Untyped                ;
; AUTO_CARRY_CHAINS      ; ON             ; AUTO_CARRY             ;
; IGNORE_CARRY_BUFFERS   ; OFF            ; IGNORE_CARRY           ;
; AUTO_CASCADE_CHAINS    ; ON             ; AUTO_CASCADE           ;
; IGNORE_CASCADE_BUFFERS ; OFF            ; IGNORE_CASCADE         ;
+------------------------+----------------+------------------------+
Note: In order to hide this table in the UI and the text report file, please set the "Show Parameter Settings in Synthesis Report" option in "Analysis and Synthesis Settings -> More Settings" to "Off".


+------------------------------------------------------------------+
; Parameter Settings for Inferred Entity Instance: lpm_divide:Div1 ;
+------------------------+----------------+------------------------+
; Parameter Name         ; Value          ; Type                   ;
+------------------------+----------------+------------------------+
; LPM_WIDTHN             ; 10             ; Untyped                ;
; LPM_WIDTHD             ; 7              ; Untyped                ;
; LPM_NREPRESENTATION    ; UNSIGNED       ; Untyped                ;
; LPM_DREPRESENTATION    ; UNSIGNED       ; Untyped                ;
; LPM_PIPELINE           ; 0              ; Untyped                ;
; LPM_REMAINDERPOSITIVE  ; TRUE           ; Untyped                ;
; MAXIMIZE_SPEED         ; 5              ; Untyped                ;
; CBXI_PARAMETER         ; lpm_divide_vim ; Untyped                ;
; CARRY_CHAIN            ; MANUAL         ; Untyped                ;
; OPTIMIZE_FOR_SPEED     ; 5              ; Untyped                ;
; AUTO_CARRY_CHAINS      ; ON             ; AUTO_CARRY             ;
; IGNORE_CARRY_BUFFERS   ; OFF            ; IGNORE_CARRY           ;
; AUTO_CASCADE_CHAINS    ; ON             ; AUTO_CASCADE           ;
; IGNORE_CASCADE_BUFFERS ; OFF            ; IGNORE_CASCADE         ;
+------------------------+----------------+------------------------+
Note: In order to hide this table in the UI and the text report file, please set the "Show Parameter Settings in Synthesis Report" option in "Analysis and Synthesis Settings -> More Settings" to "Off".


+------------------------------------------------------------------+
; Parameter Settings for Inferred Entity Instance: lpm_divide:Div0 ;
+------------------------+----------------+------------------------+
; Parameter Name         ; Value          ; Type                   ;
+------------------------+----------------+------------------------+
; LPM_WIDTHN             ; 16             ; Untyped                ;
; LPM_WIDTHD             ; 10             ; Untyped                ;
; LPM_NREPRESENTATION    ; UNSIGNED       ; Untyped                ;
; LPM_DREPRESENTATION    ; UNSIGNED       ; Untyped                ;
; LPM_PIPELINE           ; 0              ; Untyped                ;
; LPM_REMAINDERPOSITIVE  ; TRUE           ; Untyped                ;
; MAXIMIZE_SPEED         ; 5              ; Untyped                ;
; CBXI_PARAMETER         ; lpm_divide_fkm ; Untyped                ;
; CARRY_CHAIN            ; MANUAL         ; Untyped                ;
; OPTIMIZE_FOR_SPEED     ; 5              ; Untyped                ;
; AUTO_CARRY_CHAINS      ; ON             ; AUTO_CARRY             ;
; IGNORE_CARRY_BUFFERS   ; OFF            ; IGNORE_CARRY           ;
; AUTO_CASCADE_CHAINS    ; ON             ; AUTO_CASCADE           ;
; IGNORE_CASCADE_BUFFERS ; OFF            ; IGNORE_CASCADE         ;
+------------------------+----------------+------------------------+
Note: In order to hide this table in the UI and the text report file, please set the "Show Parameter Settings in Synthesis Report" option in "Analysis and Synthesis Settings -> More Settings" to "Off".


+------------------------------------------------------------------+
; Parameter Settings for Inferred Entity Instance: lpm_divide:Mod3 ;
+------------------------+----------------+------------------------+
; Parameter Name         ; Value          ; Type                   ;
+------------------------+----------------+------------------------+
; LPM_WIDTHN             ; 8              ; Untyped                ;
; LPM_WIDTHD             ; 4              ; Untyped                ;
; LPM_NREPRESENTATION    ; UNSIGNED       ; Untyped                ;
; LPM_DREPRESENTATION    ; UNSIGNED       ; Untyped                ;
; LPM_PIPELINE           ; 0              ; Untyped                ;
; LPM_REMAINDERPOSITIVE  ; TRUE           ; Untyped                ;
; MAXIMIZE_SPEED         ; 5              ; Untyped                ;
; CBXI_PARAMETER         ; lpm_divide_m9m ; Untyped                ;
; CARRY_CHAIN            ; MANUAL         ; Untyped                ;
; OPTIMIZE_FOR_SPEED     ; 5              ; Untyped                ;
; AUTO_CARRY_CHAINS      ; ON             ; AUTO_CARRY             ;
; IGNORE_CARRY_BUFFERS   ; OFF            ; IGNORE_CARRY           ;
; AUTO_CASCADE_CHAINS    ; ON             ; AUTO_CASCADE           ;
; IGNORE_CASCADE_BUFFERS ; OFF            ; IGNORE_CASCADE         ;
+------------------------+----------------+------------------------+
Note: In order to hide this table in the UI and the text report file, please set the "Show Parameter Settings in Synthesis Report" option in "Analysis and Synthesis Settings -> More Settings" to "Off".


+------------------------------------------------------------------+
; Parameter Settings for Inferred Entity Instance: lpm_divide:Div3 ;
+------------------------+----------------+------------------------+
; Parameter Name         ; Value          ; Type                   ;
+------------------------+----------------+------------------------+
; LPM_WIDTHN             ; 8              ; Untyped                ;
; LPM_WIDTHD             ; 4              ; Untyped                ;
; LPM_NREPRESENTATION    ; UNSIGNED       ; Untyped                ;
; LPM_DREPRESENTATION    ; UNSIGNED       ; Untyped                ;
; LPM_PIPELINE           ; 0              ; Untyped                ;
; LPM_REMAINDERPOSITIVE  ; TRUE           ; Untyped                ;
; MAXIMIZE_SPEED         ; 5              ; Untyped                ;
; CBXI_PARAMETER         ; lpm_divide_jhm ; Untyped                ;
; CARRY_CHAIN            ; MANUAL         ; Untyped                ;
; OPTIMIZE_FOR_SPEED     ; 5              ; Untyped                ;
; AUTO_CARRY_CHAINS      ; ON             ; AUTO_CARRY             ;
; IGNORE_CARRY_BUFFERS   ; OFF            ; IGNORE_CARRY           ;
; AUTO_CASCADE_CHAINS    ; ON             ; AUTO_CASCADE           ;
; IGNORE_CASCADE_BUFFERS ; OFF            ; IGNORE_CASCADE         ;
+------------------------+----------------+------------------------+
Note: In order to hide this table in the UI and the text report file, please set the "Show Parameter Settings in Synthesis Report" option in "Analysis and Synthesis Settings -> More Settings" to "Off".


+------------------------------------------------------------------+
; Parameter Settings for Inferred Entity Instance: lpm_divide:Mod4 ;
+------------------------+----------------+------------------------+
; Parameter Name         ; Value          ; Type                   ;
+------------------------+----------------+------------------------+
; LPM_WIDTHN             ; 8              ; Untyped                ;
; LPM_WIDTHD             ; 4              ; Untyped                ;
; LPM_NREPRESENTATION    ; UNSIGNED       ; Untyped                ;
; LPM_DREPRESENTATION    ; UNSIGNED       ; Untyped                ;
; LPM_PIPELINE           ; 0              ; Untyped                ;
; LPM_REMAINDERPOSITIVE  ; TRUE           ; Untyped                ;
; MAXIMIZE_SPEED         ; 5              ; Untyped                ;
; CBXI_PARAMETER         ; lpm_divide_m9m ; Untyped                ;
; CARRY_CHAIN            ; MANUAL         ; Untyped                ;
; OPTIMIZE_FOR_SPEED     ; 5              ; Untyped                ;
; AUTO_CARRY_CHAINS      ; ON             ; AUTO_CARRY             ;
; IGNORE_CARRY_BUFFERS   ; OFF            ; IGNORE_CARRY           ;
; AUTO_CASCADE_CHAINS    ; ON             ; AUTO_CASCADE           ;
; IGNORE_CASCADE_BUFFERS ; OFF            ; IGNORE_CASCADE         ;
+------------------------+----------------+------------------------+
Note: In order to hide this table in the UI and the text report file, please set the "Show Parameter Settings in Synthesis Report" option in "Analysis and Synthesis Settings -> More Settings" to "Off".


+------------------------------------------------------------------+
; Parameter Settings for Inferred Entity Instance: lpm_divide:Mod5 ;
+------------------------+----------------+------------------------+
; Parameter Name         ; Value          ; Type                   ;
+------------------------+----------------+------------------------+
; LPM_WIDTHN             ; 7              ; Untyped                ;
; LPM_WIDTHD             ; 4              ; Untyped                ;
; LPM_NREPRESENTATION    ; UNSIGNED       ; Untyped                ;
; LPM_DREPRESENTATION    ; UNSIGNED       ; Untyped                ;
; LPM_PIPELINE           ; 0              ; Untyped                ;
; LPM_REMAINDERPOSITIVE  ; TRUE           ; Untyped                ;
; MAXIMIZE_SPEED         ; 5              ; Untyped                ;
; CBXI_PARAMETER         ; lpm_divide_l9m ; Untyped                ;
; CARRY_CHAIN            ; MANUAL         ; Untyped                ;
; OPTIMIZE_FOR_SPEED     ; 5              ; Untyped                ;
; AUTO_CARRY_CHAINS      ; ON             ; AUTO_CARRY             ;
; IGNORE_CARRY_BUFFERS   ; OFF            ; IGNORE_CARRY           ;
; AUTO_CASCADE_CHAINS    ; ON             ; AUTO_CASCADE           ;
; IGNORE_CASCADE_BUFFERS ; OFF            ; IGNORE_CASCADE         ;
+------------------------+----------------+------------------------+
Note: In order to hide this table in the UI and the text report file, please set the "Show Parameter Settings in Synthesis Report" option in "Analysis and Synthesis Settings -> More Settings" to "Off".


+------------------------------------------------------------------+
; Parameter Settings for Inferred Entity Instance: lpm_divide:Div4 ;
+------------------------+----------------+------------------------+
; Parameter Name         ; Value          ; Type                   ;
+------------------------+----------------+------------------------+
; LPM_WIDTHN             ; 7              ; Untyped                ;
; LPM_WIDTHD             ; 4              ; Untyped                ;
; LPM_NREPRESENTATION    ; UNSIGNED       ; Untyped                ;
; LPM_DREPRESENTATION    ; UNSIGNED       ; Untyped                ;
; LPM_PIPELINE           ; 0              ; Untyped                ;
; LPM_REMAINDERPOSITIVE  ; TRUE           ; Untyped                ;
; MAXIMIZE_SPEED         ; 5              ; Untyped                ;
; CBXI_PARAMETER         ; lpm_divide_ihm ; Untyped                ;
; CARRY_CHAIN            ; MANUAL         ; Untyped                ;
; OPTIMIZE_FOR_SPEED     ; 5              ; Untyped                ;
; AUTO_CARRY_CHAINS      ; ON             ; AUTO_CARRY             ;
; IGNORE_CARRY_BUFFERS   ; OFF            ; IGNORE_CARRY           ;
; AUTO_CASCADE_CHAINS    ; ON             ; AUTO_CASCADE           ;
; IGNORE_CASCADE_BUFFERS ; OFF            ; IGNORE_CASCADE         ;
+------------------------+----------------+------------------------+
Note: In order to hide this table in the UI and the text report file, please set the "Show Parameter Settings in Synthesis Report" option in "Analysis and Synthesis Settings -> More Settings" to "Off".


+------------------------------------------------------------------+
; Parameter Settings for Inferred Entity Instance: lpm_divide:Mod6 ;
+------------------------+----------------+------------------------+
; Parameter Name         ; Value          ; Type                   ;
+------------------------+----------------+------------------------+
; LPM_WIDTHN             ; 7              ; Untyped                ;
; LPM_WIDTHD             ; 4              ; Untyped                ;
; LPM_NREPRESENTATION    ; UNSIGNED       ; Untyped                ;
; LPM_DREPRESENTATION    ; UNSIGNED       ; Untyped                ;
; LPM_PIPELINE           ; 0              ; Untyped                ;
; LPM_REMAINDERPOSITIVE  ; TRUE           ; Untyped                ;
; MAXIMIZE_SPEED         ; 5              ; Untyped                ;
; CBXI_PARAMETER         ; lpm_divide_l9m ; Untyped                ;
; CARRY_CHAIN            ; MANUAL         ; Untyped                ;
; OPTIMIZE_FOR_SPEED     ; 5              ; Untyped                ;
; AUTO_CARRY_CHAINS      ; ON             ; AUTO_CARRY             ;
; IGNORE_CARRY_BUFFERS   ; OFF            ; IGNORE_CARRY           ;
; AUTO_CASCADE_CHAINS    ; ON             ; AUTO_CASCADE           ;
; IGNORE_CASCADE_BUFFERS ; OFF            ; IGNORE_CASCADE         ;
+------------------------+----------------+------------------------+
Note: In order to hide this table in the UI and the text report file, please set the "Show Parameter Settings in Synthesis Report" option in "Analysis and Synthesis Settings -> More Settings" to "Off".


+-----------------------------------------------------------------------------------------------------------------------+
; Parameter Settings for Inferred Entity Instance: VGA_Image_Overlay_Combined:vga_image_overlay_combined|lpm_mult:Mult0 ;
+------------------------------------------------+--------------+-------------------------------------------------------+
; Parameter Name                                 ; Value        ; Type                                                  ;
+------------------------------------------------+--------------+-------------------------------------------------------+
; AUTO_CARRY_CHAINS                              ; ON           ; AUTO_CARRY                                            ;
; IGNORE_CARRY_BUFFERS                           ; OFF          ; IGNORE_CARRY                                          ;
; AUTO_CASCADE_CHAINS                            ; ON           ; AUTO_CASCADE                                          ;
; IGNORE_CASCADE_BUFFERS                         ; OFF          ; IGNORE_CASCADE                                        ;
; LPM_WIDTHA                                     ; 8            ; Untyped                                               ;
; LPM_WIDTHB                                     ; 7            ; Untyped                                               ;
; LPM_WIDTHP                                     ; 15           ; Untyped                                               ;
; LPM_WIDTHR                                     ; 15           ; Untyped                                               ;
; LPM_WIDTHS                                     ; 1            ; Untyped                                               ;
; LPM_REPRESENTATION                             ; UNSIGNED     ; Untyped                                               ;
; LPM_PIPELINE                                   ; 0            ; Untyped                                               ;
; LATENCY                                        ; 0            ; Untyped                                               ;
; INPUT_A_IS_CONSTANT                            ; NO           ; Untyped                                               ;
; INPUT_B_IS_CONSTANT                            ; YES          ; Untyped                                               ;
; USE_EAB                                        ; OFF          ; Untyped                                               ;
; MAXIMIZE_SPEED                                 ; 5            ; Untyped                                               ;
; DEVICE_FAMILY                                  ; Cyclone IV E ; Untyped                                               ;
; CARRY_CHAIN                                    ; MANUAL       ; Untyped                                               ;
; APEX20K_TECHNOLOGY_MAPPER                      ; LUT          ; TECH_MAPPER_APEX20K                                   ;
; DEDICATED_MULTIPLIER_CIRCUITRY                 ; AUTO         ; Untyped                                               ;
; DEDICATED_MULTIPLIER_MIN_INPUT_WIDTH_FOR_AUTO  ; 0            ; Untyped                                               ;
; DEDICATED_MULTIPLIER_MIN_OUTPUT_WIDTH_FOR_AUTO ; 0            ; Untyped                                               ;
; CBXI_PARAMETER                                 ; NOTHING      ; Untyped                                               ;
; INPUT_A_FIXED_VALUE                            ; Bx           ; Untyped                                               ;
; INPUT_B_FIXED_VALUE                            ; Bx           ; Untyped                                               ;
; USE_AHDL_IMPLEMENTATION                        ; OFF          ; Untyped                                               ;
+------------------------------------------------+--------------+-------------------------------------------------------+
Note: In order to hide this table in the UI and the text report file, please set the "Show Parameter Settings in Synthesis Report" option in "Analysis and Synthesis Settings -> More Settings" to "Off".


+-----------------------------------------------------------------------------------------------+
; Parameter Settings for Inferred Entity Instance: set_trans_arr:u_set_trans_arr|lpm_mult:Mult0 ;
+------------------------------------------------+--------------+-------------------------------+
; Parameter Name                                 ; Value        ; Type                          ;
+------------------------------------------------+--------------+-------------------------------+
; AUTO_CARRY_CHAINS                              ; ON           ; AUTO_CARRY                    ;
; IGNORE_CARRY_BUFFERS                           ; OFF          ; IGNORE_CARRY                  ;
; AUTO_CASCADE_CHAINS                            ; ON           ; AUTO_CASCADE                  ;
; IGNORE_CASCADE_BUFFERS                         ; OFF          ; IGNORE_CASCADE                ;
; LPM_WIDTHA                                     ; 14           ; Untyped                       ;
; LPM_WIDTHB                                     ; 7            ; Untyped                       ;
; LPM_WIDTHP                                     ; 21           ; Untyped                       ;
; LPM_WIDTHR                                     ; 21           ; Untyped                       ;
; LPM_WIDTHS                                     ; 1            ; Untyped                       ;
; LPM_REPRESENTATION                             ; UNSIGNED     ; Untyped                       ;
; LPM_PIPELINE                                   ; 0            ; Untyped                       ;
; LATENCY                                        ; 0            ; Untyped                       ;
; INPUT_A_IS_CONSTANT                            ; NO           ; Untyped                       ;
; INPUT_B_IS_CONSTANT                            ; YES          ; Untyped                       ;
; USE_EAB                                        ; OFF          ; Untyped                       ;
; MAXIMIZE_SPEED                                 ; 5            ; Untyped                       ;
; DEVICE_FAMILY                                  ; Cyclone IV E ; Untyped                       ;
; CARRY_CHAIN                                    ; MANUAL       ; Untyped                       ;
; APEX20K_TECHNOLOGY_MAPPER                      ; LUT          ; TECH_MAPPER_APEX20K           ;
; DEDICATED_MULTIPLIER_CIRCUITRY                 ; AUTO         ; Untyped                       ;
; DEDICATED_MULTIPLIER_MIN_INPUT_WIDTH_FOR_AUTO  ; 0            ; Untyped                       ;
; DEDICATED_MULTIPLIER_MIN_OUTPUT_WIDTH_FOR_AUTO ; 0            ; Untyped                       ;
; CBXI_PARAMETER                                 ; NOTHING      ; Untyped                       ;
; INPUT_A_FIXED_VALUE                            ; Bx           ; Untyped                       ;
; INPUT_B_FIXED_VALUE                            ; Bx           ; Untyped                       ;
; USE_AHDL_IMPLEMENTATION                        ; OFF          ; Untyped                       ;
+------------------------------------------------+--------------+-------------------------------+
Note: In order to hide this table in the UI and the text report file, please set the "Show Parameter Settings in Synthesis Report" option in "Analysis and Synthesis Settings -> More Settings" to "Off".


+-------------------------------------------------------------------------------------------------------+
; Parameter Settings for Inferred Entity Instance: Random_Position_Generator:zombie_gen|lpm_divide:Mod0 ;
+------------------------+----------------+-------------------------------------------------------------+
; Parameter Name         ; Value          ; Type                                                        ;
+------------------------+----------------+-------------------------------------------------------------+
; LPM_WIDTHN             ; 11             ; Untyped                                                     ;
; LPM_WIDTHD             ; 11             ; Untyped                                                     ;
; LPM_NREPRESENTATION    ; UNSIGNED       ; Untyped                                                     ;
; LPM_DREPRESENTATION    ; UNSIGNED       ; Untyped                                                     ;
; LPM_PIPELINE           ; 0              ; Untyped                                                     ;
; LPM_REMAINDERPOSITIVE  ; TRUE           ; Untyped                                                     ;
; MAXIMIZE_SPEED         ; 5              ; Untyped                                                     ;
; CBXI_PARAMETER         ; lpm_divide_ecm ; Untyped                                                     ;
; CARRY_CHAIN            ; MANUAL         ; Untyped                                                     ;
; OPTIMIZE_FOR_SPEED     ; 5              ; Untyped                                                     ;
; AUTO_CARRY_CHAINS      ; ON             ; AUTO_CARRY                                                  ;
; IGNORE_CARRY_BUFFERS   ; OFF            ; IGNORE_CARRY                                                ;
; AUTO_CASCADE_CHAINS    ; ON             ; AUTO_CASCADE                                                ;
; IGNORE_CASCADE_BUFFERS ; OFF            ; IGNORE_CASCADE                                              ;
+------------------------+----------------+-------------------------------------------------------------+
Note: In order to hide this table in the UI and the text report file, please set the "Show Parameter Settings in Synthesis Report" option in "Analysis and Synthesis Settings -> More Settings" to "Off".


+---------------------------------------------------------------------------------------------------------------+
; Parameter Settings for Inferred Entity Instance: Position_Controller:position_controller_inst|lpm_divide:Div0 ;
+------------------------+----------------+---------------------------------------------------------------------+
; Parameter Name         ; Value          ; Type                                                                ;
+------------------------+----------------+---------------------------------------------------------------------+
; LPM_WIDTHN             ; 32             ; Untyped                                                             ;
; LPM_WIDTHD             ; 11             ; Untyped                                                             ;
; LPM_NREPRESENTATION    ; SIGNED         ; Untyped                                                             ;
; LPM_DREPRESENTATION    ; SIGNED         ; Untyped                                                             ;
; LPM_PIPELINE           ; 0              ; Untyped                                                             ;
; LPM_REMAINDERPOSITIVE  ; FALSE          ; Untyped                                                             ;
; MAXIMIZE_SPEED         ; 5              ; Untyped                                                             ;
; CBXI_PARAMETER         ; lpm_divide_62p ; Untyped                                                             ;
; CARRY_CHAIN            ; MANUAL         ; Untyped                                                             ;
; OPTIMIZE_FOR_SPEED     ; 5              ; Untyped                                                             ;
; AUTO_CARRY_CHAINS      ; ON             ; AUTO_CARRY                                                          ;
; IGNORE_CARRY_BUFFERS   ; OFF            ; IGNORE_CARRY                                                        ;
; AUTO_CASCADE_CHAINS    ; ON             ; AUTO_CASCADE                                                        ;
; IGNORE_CASCADE_BUFFERS ; OFF            ; IGNORE_CASCADE                                                      ;
+------------------------+----------------+---------------------------------------------------------------------+
Note: In order to hide this table in the UI and the text report file, please set the "Show Parameter Settings in Synthesis Report" option in "Analysis and Synthesis Settings -> More Settings" to "Off".


+---------------------------------------------------------------------------------------------------------------+
; Parameter Settings for Inferred Entity Instance: Position_Controller:position_controller_inst|lpm_divide:Div1 ;
+------------------------+----------------+---------------------------------------------------------------------+
; Parameter Name         ; Value          ; Type                                                                ;
+------------------------+----------------+---------------------------------------------------------------------+
; LPM_WIDTHN             ; 32             ; Untyped                                                             ;
; LPM_WIDTHD             ; 11             ; Untyped                                                             ;
; LPM_NREPRESENTATION    ; SIGNED         ; Untyped                                                             ;
; LPM_DREPRESENTATION    ; SIGNED         ; Untyped                                                             ;
; LPM_PIPELINE           ; 0              ; Untyped                                                             ;
; LPM_REMAINDERPOSITIVE  ; FALSE          ; Untyped                                                             ;
; MAXIMIZE_SPEED         ; 5              ; Untyped                                                             ;
; CBXI_PARAMETER         ; lpm_divide_62p ; Untyped                                                             ;
; CARRY_CHAIN            ; MANUAL         ; Untyped                                                             ;
; OPTIMIZE_FOR_SPEED     ; 5              ; Untyped                                                             ;
; AUTO_CARRY_CHAINS      ; ON             ; AUTO_CARRY                                                          ;
; IGNORE_CARRY_BUFFERS   ; OFF            ; IGNORE_CARRY                                                        ;
; AUTO_CASCADE_CHAINS    ; ON             ; AUTO_CASCADE                                                        ;
; IGNORE_CASCADE_BUFFERS ; OFF            ; IGNORE_CASCADE                                                      ;
+------------------------+----------------+---------------------------------------------------------------------+
Note: In order to hide this table in the UI and the text report file, please set the "Show Parameter Settings in Synthesis Report" option in "Analysis and Synthesis Settings -> More Settings" to "Off".


+-------------------------------------------------------------------------------------------------------------------------------------------------------------------------+
; altsyncram Parameter Settings by Entity Instance                                                                                                                        ;
+-------------------------------------------+-----------------------------------------------------------------------------------------------------------------------------+
; Name                                      ; Value                                                                                                                       ;
+-------------------------------------------+-----------------------------------------------------------------------------------------------------------------------------+
; Number of entity instances                ; 4                                                                                                                           ;
; Entity Instance                           ; VGA_Image_Overlay_Combined:vga_image_overlay_combined|background_palette:bg_palette_bram|altsyncram:altsyncram_component    ;
;     -- OPERATION_MODE                     ; SINGLE_PORT                                                                                                                 ;
;     -- WIDTH_A                            ; 16                                                                                                                          ;
;     -- NUMWORDS_A                         ; 256                                                                                                                         ;
;     -- OUTDATA_REG_A                      ; CLOCK0                                                                                                                      ;
;     -- WIDTH_B                            ; 1                                                                                                                           ;
;     -- NUMWORDS_B                         ; 1                                                                                                                           ;
;     -- ADDRESS_REG_B                      ; CLOCK1                                                                                                                      ;
;     -- OUTDATA_REG_B                      ; UNREGISTERED                                                                                                                ;
;     -- RAM_BLOCK_TYPE                     ; AUTO                                                                                                                        ;
;     -- READ_DURING_WRITE_MODE_MIXED_PORTS ; DONT_CARE                                                                                                                   ;
; Entity Instance                           ; VGA_Image_Overlay_Combined:vga_image_overlay_combined|zombie_1x_palette:zombie_palette_bram|altsyncram:altsyncram_component ;
;     -- OPERATION_MODE                     ; SINGLE_PORT                                                                                                                 ;
;     -- WIDTH_A                            ; 16                                                                                                                          ;
;     -- NUMWORDS_A                         ; 256                                                                                                                         ;
;     -- OUTDATA_REG_A                      ; CLOCK0                                                                                                                      ;
;     -- WIDTH_B                            ; 1                                                                                                                           ;
;     -- NUMWORDS_B                         ; 1                                                                                                                           ;
;     -- ADDRESS_REG_B                      ; CLOCK1                                                                                                                      ;
;     -- OUTDATA_REG_B                      ; UNREGISTERED                                                                                                                ;
;     -- RAM_BLOCK_TYPE                     ; AUTO                                                                                                                        ;
;     -- READ_DURING_WRITE_MODE_MIXED_PORTS ; DONT_CARE                                                                                                                   ;
; Entity Instance                           ; VGA_Image_Overlay_Combined:vga_image_overlay_combined|aim:aim_bram|altsyncram:altsyncram_component                          ;
;     -- OPERATION_MODE                     ; ROM                                                                                                                         ;
;     -- WIDTH_A                            ; 2                                                                                                                           ;
;     -- NUMWORDS_A                         ; 40000                                                                                                                       ;
;     -- OUTDATA_REG_A                      ; CLOCK0                                                                                                                      ;
;     -- WIDTH_B                            ; 1                                                                                                                           ;
;     -- NUMWORDS_B                         ; 1                                                                                                                           ;
;     -- ADDRESS_REG_B                      ; CLOCK1                                                                                                                      ;
;     -- OUTDATA_REG_B                      ; UNREGISTERED                                                                                                                ;
;     -- RAM_BLOCK_TYPE                     ; AUTO                                                                                                                        ;
;     -- READ_DURING_WRITE_MODE_MIXED_PORTS ; DONT_CARE                                                                                                                   ;
; Entity Instance                           ; zombie_1x:u_zombie_1x|altsyncram:altsyncram_component                                                                       ;
;     -- OPERATION_MODE                     ; SINGLE_PORT                                                                                                                 ;
;     -- WIDTH_A                            ; 8                                                                                                                           ;
;     -- NUMWORDS_A                         ; 15198                                                                                                                       ;
;     -- OUTDATA_REG_A                      ; CLOCK0                                                                                                                      ;
;     -- WIDTH_B                            ; 1                                                                                                                           ;
;     -- NUMWORDS_B                         ; 1                                                                                                                           ;
;     -- ADDRESS_REG_B                      ; CLOCK1                                                                                                                      ;
;     -- OUTDATA_REG_B                      ; UNREGISTERED                                                                                                                ;
;     -- RAM_BLOCK_TYPE                     ; AUTO                                                                                                                        ;
;     -- READ_DURING_WRITE_MODE_MIXED_PORTS ; DONT_CARE                                                                                                                   ;
+-------------------------------------------+-----------------------------------------------------------------------------------------------------------------------------+


+--------------------------------------------------------------------------------------------------------------+
; lpm_mult Parameter Settings by Entity Instance                                                               ;
+---------------------------------------+----------------------------------------------------------------------+
; Name                                  ; Value                                                                ;
+---------------------------------------+----------------------------------------------------------------------+
; Number of entity instances            ; 2                                                                    ;
; Entity Instance                       ; VGA_Image_Overlay_Combined:vga_image_overlay_combined|lpm_mult:Mult0 ;
;     -- LPM_WIDTHA                     ; 8                                                                    ;
;     -- LPM_WIDTHB                     ; 7                                                                    ;
;     -- LPM_WIDTHP                     ; 15                                                                   ;
;     -- LPM_REPRESENTATION             ; UNSIGNED                                                             ;
;     -- INPUT_A_IS_CONSTANT            ; NO                                                                   ;
;     -- INPUT_B_IS_CONSTANT            ; YES                                                                  ;
;     -- USE_EAB                        ; OFF                                                                  ;
;     -- DEDICATED_MULTIPLIER_CIRCUITRY ; AUTO                                                                 ;
;     -- INPUT_A_FIXED_VALUE            ; Bx                                                                   ;
;     -- INPUT_B_FIXED_VALUE            ; Bx                                                                   ;
; Entity Instance                       ; set_trans_arr:u_set_trans_arr|lpm_mult:Mult0                         ;
;     -- LPM_WIDTHA                     ; 14                                                                   ;
;     -- LPM_WIDTHB                     ; 7                                                                    ;
;     -- LPM_WIDTHP                     ; 21                                                                   ;
;     -- LPM_REPRESENTATION             ; UNSIGNED                                                             ;
;     -- INPUT_A_IS_CONSTANT            ; NO                                                                   ;
;     -- INPUT_B_IS_CONSTANT            ; YES                                                                  ;
;     -- USE_EAB                        ; OFF                                                                  ;
;     -- DEDICATED_MULTIPLIER_CIRCUITRY ; AUTO                                                                 ;
;     -- INPUT_A_FIXED_VALUE            ; Bx                                                                   ;
;     -- INPUT_B_FIXED_VALUE            ; Bx                                                                   ;
+---------------------------------------+----------------------------------------------------------------------+


+---------------------------------------------------+
; Port Connectivity Checks: "zombie_1x:u_zombie_1x" ;
+------+-------+----------+-------------------------+
; Port ; Type  ; Severity ; Details                 ;
+------+-------+----------+-------------------------+
; data ; Input ; Info     ; Stuck at GND            ;
; wren ; Input ; Info     ; Stuck at GND            ;
+------+-------+----------+-------------------------+


+------------------------------------------------------------------------------------------------------------------+
; Port Connectivity Checks: "set_trans_arr:u_set_trans_arr"                                                        ;
+--------+--------+----------+-------------------------------------------------------------------------------------+
; Port   ; Type   ; Severity ; Details                                                                             ;
+--------+--------+----------+-------------------------------------------------------------------------------------+
; o_done ; Output ; Info     ; Connected to dangling logic. Logic that only feeds a dangling port will be removed. ;
+--------+--------+----------+-------------------------------------------------------------------------------------+


+-------------------------------------------------------------------------------------------------------------------------+
; Port Connectivity Checks: "VGA_Image_Overlay_Combined:vga_image_overlay_combined|zombie_1x_palette:zombie_palette_bram" ;
+------+-------+----------+-----------------------------------------------------------------------------------------------+
; Port ; Type  ; Severity ; Details                                                                                       ;
+------+-------+----------+-----------------------------------------------------------------------------------------------+
; data ; Input ; Info     ; Stuck at GND                                                                                  ;
; wren ; Input ; Info     ; Stuck at GND                                                                                  ;
+------+-------+----------+-----------------------------------------------------------------------------------------------+


+----------------------------------------------------------------------------------------------------------------------+
; Port Connectivity Checks: "VGA_Image_Overlay_Combined:vga_image_overlay_combined|background_palette:bg_palette_bram" ;
+------+-------+----------+--------------------------------------------------------------------------------------------+
; Port ; Type  ; Severity ; Details                                                                                    ;
+------+-------+----------+--------------------------------------------------------------------------------------------+
; data ; Input ; Info     ; Stuck at GND                                                                               ;
; wren ; Input ; Info     ; Stuck at GND                                                                               ;
+------+-------+----------+--------------------------------------------------------------------------------------------+


+-----------------------------------------------------------------------------------+
; Port Connectivity Checks: "VGA_Image_Overlay_Combined:vga_image_overlay_combined" ;
+------------------------+-------+----------+---------------------------------------+
; Port                   ; Type  ; Severity ; Details                               ;
+------------------------+-------+----------+---------------------------------------+
; i_zombie_size_x[6..5]  ; Input ; Info     ; Stuck at VCC                          ;
; i_zombie_size_x[2..1]  ; Input ; Info     ; Stuck at VCC                          ;
; i_zombie_size_x[10..7] ; Input ; Info     ; Stuck at GND                          ;
; i_zombie_size_x[4..3]  ; Input ; Info     ; Stuck at GND                          ;
; i_zombie_size_x[0]     ; Input ; Info     ; Stuck at GND                          ;
; i_zombie_size_y[9..8]  ; Input ; Info     ; Stuck at GND                          ;
; i_zombie_size_y[6..5]  ; Input ; Info     ; Stuck at GND                          ;
; i_zombie_size_y[7]     ; Input ; Info     ; Stuck at VCC                          ;
; i_zombie_size_y[4]     ; Input ; Info     ; Stuck at VCC                          ;
; i_zombie_size_y[3]     ; Input ; Info     ; Stuck at GND                          ;
; i_zombie_size_y[2]     ; Input ; Info     ; Stuck at VCC                          ;
; i_zombie_size_y[1]     ; Input ; Info     ; Stuck at GND                          ;
; i_zombie_size_y[0]     ; Input ; Info     ; Stuck at VCC                          ;
+------------------------+-------+----------+---------------------------------------+


+-----------------------------------------------------------------------------------------------------------------------------------------+
; Port Connectivity Checks: "vga_clock:vga_clk_pll|altera_reset_controller:rst_controller|altera_reset_synchronizer:alt_rst_req_sync_uq1" ;
+----------+-------+----------+-----------------------------------------------------------------------------------------------------------+
; Port     ; Type  ; Severity ; Details                                                                                                   ;
+----------+-------+----------+-----------------------------------------------------------------------------------------------------------+
; reset_in ; Input ; Info     ; Stuck at GND                                                                                              ;
+----------+-------+----------+-----------------------------------------------------------------------------------------------------------+


+------------------------------------------------------------------------------------------+
; Port Connectivity Checks: "vga_clock:vga_clk_pll|altera_reset_controller:rst_controller" ;
+----------------+--------+----------+-----------------------------------------------------+
; Port           ; Type   ; Severity ; Details                                             ;
+----------------+--------+----------+-----------------------------------------------------+
; reset_req      ; Output ; Info     ; Explicitly unconnected                              ;
; reset_req_in0  ; Input  ; Info     ; Stuck at GND                                        ;
; reset_in1      ; Input  ; Info     ; Stuck at GND                                        ;
; reset_req_in1  ; Input  ; Info     ; Stuck at GND                                        ;
; reset_in2      ; Input  ; Info     ; Stuck at GND                                        ;
; reset_req_in2  ; Input  ; Info     ; Stuck at GND                                        ;
; reset_in3      ; Input  ; Info     ; Stuck at GND                                        ;
; reset_req_in3  ; Input  ; Info     ; Stuck at GND                                        ;
; reset_in4      ; Input  ; Info     ; Stuck at GND                                        ;
; reset_req_in4  ; Input  ; Info     ; Stuck at GND                                        ;
; reset_in5      ; Input  ; Info     ; Stuck at GND                                        ;
; reset_req_in5  ; Input  ; Info     ; Stuck at GND                                        ;
; reset_in6      ; Input  ; Info     ; Stuck at GND                                        ;
; reset_req_in6  ; Input  ; Info     ; Stuck at GND                                        ;
; reset_in7      ; Input  ; Info     ; Stuck at GND                                        ;
; reset_req_in7  ; Input  ; Info     ; Stuck at GND                                        ;
; reset_in8      ; Input  ; Info     ; Stuck at GND                                        ;
; reset_req_in8  ; Input  ; Info     ; Stuck at GND                                        ;
; reset_in9      ; Input  ; Info     ; Stuck at GND                                        ;
; reset_req_in9  ; Input  ; Info     ; Stuck at GND                                        ;
; reset_in10     ; Input  ; Info     ; Stuck at GND                                        ;
; reset_req_in10 ; Input  ; Info     ; Stuck at GND                                        ;
; reset_in11     ; Input  ; Info     ; Stuck at GND                                        ;
; reset_req_in11 ; Input  ; Info     ; Stuck at GND                                        ;
; reset_in12     ; Input  ; Info     ; Stuck at GND                                        ;
; reset_req_in12 ; Input  ; Info     ; Stuck at GND                                        ;
; reset_in13     ; Input  ; Info     ; Stuck at GND                                        ;
; reset_req_in13 ; Input  ; Info     ; Stuck at GND                                        ;
; reset_in14     ; Input  ; Info     ; Stuck at GND                                        ;
; reset_req_in14 ; Input  ; Info     ; Stuck at GND                                        ;
; reset_in15     ; Input  ; Info     ; Stuck at GND                                        ;
; reset_req_in15 ; Input  ; Info     ; Stuck at GND                                        ;
+----------------+--------+----------+-----------------------------------------------------+


+---------------------------------------------------------------------------------------------------------------------+
; Port Connectivity Checks: "vga_clock:vga_clk_pll|vga_clock_altpll_0:altpll_0|vga_clock_altpll_0_altpll_9ua2:sd1"    ;
+-----------+--------+----------+-------------------------------------------------------------------------------------+
; Port      ; Type   ; Severity ; Details                                                                             ;
+-----------+--------+----------+-------------------------------------------------------------------------------------+
; clk[4..2] ; Output ; Info     ; Connected to dangling logic. Logic that only feeds a dangling port will be removed. ;
; inclk[1]  ; Input  ; Info     ; Stuck at GND                                                                        ;
+-----------+--------+----------+-------------------------------------------------------------------------------------+


+-------------------------------------------------------------------------------+
; Port Connectivity Checks: "vga_clock:vga_clk_pll|vga_clock_altpll_0:altpll_0" ;
+-----------+--------+----------+-----------------------------------------------+
; Port      ; Type   ; Severity ; Details                                       ;
+-----------+--------+----------+-----------------------------------------------+
; read      ; Input  ; Info     ; Explicitly unconnected                        ;
; write     ; Input  ; Info     ; Explicitly unconnected                        ;
; address   ; Input  ; Info     ; Explicitly unconnected                        ;
; readdata  ; Output ; Info     ; Explicitly unconnected                        ;
; writedata ; Input  ; Info     ; Explicitly unconnected                        ;
; areset    ; Input  ; Info     ; Explicitly unconnected                        ;
; locked    ; Output ; Info     ; Explicitly unconnected                        ;
; phasedone ; Output ; Info     ; Explicitly unconnected                        ;
+-----------+--------+----------+-----------------------------------------------+


+---------------------------------------------------------------+
; Port Connectivity Checks: "vga_clock:vga_clk_pll"             ;
+------------------+--------+----------+------------------------+
; Port             ; Type   ; Severity ; Details                ;
+------------------+--------+----------+------------------------+
; vga_clock_25_clk ; Output ; Info     ; Explicitly unconnected ;
+------------------+--------+----------+------------------------+


+--------------------------------------------------------------------------------------------------------------------------+
; Port Connectivity Checks: "Random_Position_Generator:zombie_gen"                                                         ;
+----------------+--------+----------+-------------------------------------------------------------------------------------+
; Port           ; Type   ; Severity ; Details                                                                             ;
+----------------+--------+----------+-------------------------------------------------------------------------------------+
; o_distance     ; Output ; Info     ; Connected to dangling logic. Logic that only feeds a dangling port will be removed. ;
; o_active_count ; Output ; Info     ; Connected to dangling logic. Logic that only feeds a dangling port will be removed. ;
+----------------+--------+----------+-------------------------------------------------------------------------------------+


+-----------------------------------------------------------------------------------------------------------------------+
; Port Connectivity Checks: "Debounce:trigger_debounce_inst"                                                            ;
+-------------+--------+----------+-------------------------------------------------------------------------------------+
; Port        ; Type   ; Severity ; Details                                                                             ;
+-------------+--------+----------+-------------------------------------------------------------------------------------+
; o_debounced ; Output ; Info     ; Connected to dangling logic. Logic that only feeds a dangling port will be removed. ;
; o_neg       ; Output ; Info     ; Connected to dangling logic. Logic that only feeds a dangling port will be removed. ;
+-------------+--------+----------+-------------------------------------------------------------------------------------+


+-----------------------------------------------------------------------------------------------------------------------+
; Port Connectivity Checks: "Debounce:key0_debounce_inst"                                                               ;
+-------------+--------+----------+-------------------------------------------------------------------------------------+
; Port        ; Type   ; Severity ; Details                                                                             ;
+-------------+--------+----------+-------------------------------------------------------------------------------------+
; o_debounced ; Output ; Info     ; Connected to dangling logic. Logic that only feeds a dangling port will be removed. ;
; o_neg       ; Output ; Info     ; Explicitly unconnected                                                              ;
+-------------+--------+----------+-------------------------------------------------------------------------------------+


+-----------------------------------------------------+
; Post-Synthesis Netlist Statistics for Top Partition ;
+-----------------------+-----------------------------+
; Type                  ; Count                       ;
+-----------------------+-----------------------------+
; boundary_port         ; 480                         ;
; cycloneiii_ff         ; 4992                        ;
;     CLR               ; 58                          ;
;     CLR SCLR          ; 97                          ;
;     CLR SCLR SLD      ; 1                           ;
;     CLR SLD           ; 36                          ;
;     ENA               ; 1881                        ;
;     ENA CLR           ; 1987                        ;
;     ENA CLR SCLR      ; 152                         ;
;     ENA CLR SLD       ; 496                         ;
;     ENA SCLR          ; 29                          ;
;     SCLR              ; 113                         ;
;     SCLR SLD          ; 2                           ;
;     plain             ; 140                         ;
; cycloneiii_io_obuf    ; 141                         ;
; cycloneiii_lcell_comb ; 36832                       ;
;     arith             ; 9675                        ;
;         1 data inputs ; 4                           ;
;         2 data inputs ; 2065                        ;
;         3 data inputs ; 7606                        ;
;     normal            ; 27157                       ;
;         0 data inputs ; 106                         ;
;         1 data inputs ; 147                         ;
;         2 data inputs ; 2200                        ;
;         3 data inputs ; 2245                        ;
;         4 data inputs ; 22459                       ;
; cycloneiii_pll        ; 1                           ;
; cycloneiii_ram_block  ; 58                          ;
;                       ;                             ;
; Max LUT depth         ; 90.00                       ;
; Average LUT depth     ; 21.03                       ;
+-----------------------+-----------------------------+


+-------------------------------+
; Elapsed Time Per Partition    ;
+----------------+--------------+
; Partition Name ; Elapsed Time ;
+----------------+--------------+
; Top            ; 00:01:04     ;
+----------------+--------------+


+-------------------------------+
; Analysis & Synthesis Messages ;
+-------------------------------+
Info: *******************************************************************
Info: Running Quartus II 64-Bit Analysis & Synthesis
    Info: Version 15.0.0 Build 145 04/22/2015 SJ Full Version
    Info: Processing started: Tue Dec 23 21:51:56 2025
Info: Command: quartus_map --read_settings_files=on --write_settings_files=off VGA_SRAM -c DE2_115
Warning (125092): Tcl Script File BRAM.qip not found
    Info (125063): set_global_assignment -name QIP_FILE BRAM.qip
Info (20030): Parallel compilation is enabled and will use 8 of the 8 processors detected
Info (12021): Found 1 design units, including 1 entities, in source file src/imu/velocity_integrator.sv
    Info (12023): Found entity 1: velocity_integrator
Info (12021): Found 1 design units, including 1 entities, in source file src/imu/uart_rx.sv
    Info (12023): Found entity 1: uart_rx
Info (12021): Found 1 design units, including 1 entities, in source file src/imu/imu_parser.sv
    Info (12023): Found entity 1: imu_parser
Info (12021): Found 1 design units, including 1 entities, in source file src/set_trans_arr.sv
    Info (12023): Found entity 1: set_trans_arr
Info (12021): Found 1 design units, including 1 entities, in source file brams/aim/aim.v
    Info (12023): Found entity 1: aim
Info (12021): Found 1 design units, including 1 entities, in source file src/zombie_position_control/random_position_generator.sv
    Info (12023): Found entity 1: Random_Position_Generator
Info (12021): Found 1 design units, including 1 entities, in source file src/zombie_position_control/position_controller.sv
    Info (12023): Found entity 1: Position_Controller
Info (12021): Found 1 design units, including 1 entities, in source file src/zombie_position_test_controller.sv
    Info (12023): Found entity 1: Zombie_Position_Test_Controller
Info (12021): Found 1 design units, including 1 entities, in source file src/vga_image_overlay_combined.sv
    Info (12023): Found entity 1: VGA_Image_Overlay_Combined
Info (12021): Found 1 design units, including 1 entities, in source file src/vga_image_overlay.sv
    Info (12023): Found entity 1: VGA_Image_Overlay
Info (12021): Found 1 design units, including 1 entities, in source file src/vga_image_display.sv
    Info (12023): Found entity 1: VGA_Image_Display
Info (12021): Found 1 design units, including 1 entities, in source file src/bram_reader.sv
    Info (12023): Found entity 1: BRAM_Reader
Info (12021): Found 1 design units, including 1 entities, in source file vga_clock/synthesis/vga_clock.v
    Info (12023): Found entity 1: vga_clock
Info (12021): Found 1 design units, including 1 entities, in source file vga_clock/synthesis/submodules/altera_reset_controller.v
    Info (12023): Found entity 1: altera_reset_controller
Info (12021): Found 1 design units, including 1 entities, in source file vga_clock/synthesis/submodules/altera_reset_synchronizer.v
    Info (12023): Found entity 1: altera_reset_synchronizer
Info (12021): Found 4 design units, including 4 entities, in source file vga_clock/synthesis/submodules/vga_clock_altpll_0.v
    Info (12023): Found entity 1: vga_clock_altpll_0_dffpipe_l2c
    Info (12023): Found entity 2: vga_clock_altpll_0_stdsync_sv6
    Info (12023): Found entity 3: vga_clock_altpll_0_altpll_9ua2
    Info (12023): Found entity 4: vga_clock_altpll_0
Info (12021): Found 1 design units, including 1 entities, in source file src/vga_pattern_720p.sv
    Info (12023): Found entity 1: VGA_Pattern_720p
Info (12021): Found 1 design units, including 1 entities, in source file src/vga_pattern.sv
    Info (12023): Found entity 1: VGA_Pattern
Info (12021): Found 1 design units, including 1 entities, in source file src/vga_controller_720p.sv
    Info (12023): Found entity 1: VGA_Controller_720p
Info (12021): Found 1 design units, including 1 entities, in source file src/vga_controller.sv
    Info (12023): Found entity 1: VGA_Controller
Info (12021): Found 1 design units, including 1 entities, in source file src/sram_reader.sv
    Info (12023): Found entity 1: SRAM_Reader
Info (12021): Found 2 design units, including 2 entities, in source file src/sevenhexdecoder.sv
    Info (12023): Found entity 1: SevenHexDecoder
    Info (12023): Found entity 2: SevenDec13
Info (12021): Found 1 design units, including 1 entities, in source file src/hexto7seg.sv
    Info (12023): Found entity 1: HexTo7Seg
Info (12021): Found 1 design units, including 1 entities, in source file src/debounce.sv
    Info (12023): Found entity 1: Debounce
Info (12021): Found 1 design units, including 1 entities, in source file src/de2_115/de2_115.sv
    Info (12023): Found entity 1: DE2_115
Info (12021): Found 1 design units, including 1 entities, in source file brams/zombies/zombie_1x.v
    Info (12023): Found entity 1: zombie_1x
Info (12021): Found 1 design units, including 1 entities, in source file brams/zombies/zombie_1x_palette.v
    Info (12023): Found entity 1: zombie_1x_palette
Info (12021): Found 1 design units, including 1 entities, in source file brams/background/background_palette.v
    Info (12023): Found entity 1: background_palette
Warning (10222): Verilog HDL Parameter Declaration warning at uart_rx.sv(10): Parameter Declaration in module "uart_rx" behaves as a Local Parameter Declaration because the module has a Module Parameter Port List
Warning (10222): Verilog HDL Parameter Declaration warning at uart_rx.sv(11): Parameter Declaration in module "uart_rx" behaves as a Local Parameter Declaration because the module has a Module Parameter Port List
Warning (10222): Verilog HDL Parameter Declaration warning at uart_rx.sv(12): Parameter Declaration in module "uart_rx" behaves as a Local Parameter Declaration because the module has a Module Parameter Port List
Warning (10222): Verilog HDL Parameter Declaration warning at uart_rx.sv(13): Parameter Declaration in module "uart_rx" behaves as a Local Parameter Declaration because the module has a Module Parameter Port List
Warning (10222): Verilog HDL Parameter Declaration warning at uart_rx.sv(14): Parameter Declaration in module "uart_rx" behaves as a Local Parameter Declaration because the module has a Module Parameter Port List
Info (12127): Elaborating entity "DE2_115" for the top level hierarchy
Warning (10036): Verilog HDL or VHDL warning at DE2_115.sv(165): object "zombie_distance" assigned a value but never read
Warning (10036): Verilog HDL or VHDL warning at DE2_115.sv(529): object "is_negative" assigned a value but never read
Warning (10230): Verilog HDL assignment warning at DE2_115.sv(559): truncated value with size 32 to match size of target (4)
Warning (10230): Verilog HDL assignment warning at DE2_115.sv(560): truncated value with size 32 to match size of target (16)
Warning (10230): Verilog HDL assignment warning at DE2_115.sv(562): truncated value with size 32 to match size of target (4)
Warning (10230): Verilog HDL assignment warning at DE2_115.sv(563): truncated value with size 32 to match size of target (16)
Warning (10230): Verilog HDL assignment warning at DE2_115.sv(565): truncated value with size 32 to match size of target (4)
Warning (10230): Verilog HDL assignment warning at DE2_115.sv(566): truncated value with size 32 to match size of target (4)
Warning (10230): Verilog HDL assignment warning at DE2_115.sv(594): truncated value with size 32 to match size of target (4)
Warning (10230): Verilog HDL assignment warning at DE2_115.sv(595): truncated value with size 32 to match size of target (4)
Warning (10230): Verilog HDL assignment warning at DE2_115.sv(600): truncated value with size 32 to match size of target (4)
Warning (10230): Verilog HDL assignment warning at DE2_115.sv(601): truncated value with size 32 to match size of target (4)
Warning (10034): Output port "ENET0_TX_DATA" at DE2_115.sv(68) has no driver
Warning (10034): Output port "ENET1_TX_DATA" at DE2_115.sv(84) has no driver
Warning (10034): Output port "OTG_ADDR" at DE2_115.sv(94) has no driver
Warning (10034): Output port "DRAM_ADDR" at DE2_115.sv(101) has no driver
Warning (10034): Output port "DRAM_BA" at DE2_115.sv(102) has no driver
Warning (10034): Output port "DRAM_DQM" at DE2_115.sv(108) has no driver
Warning (10034): Output port "FL_ADDR" at DE2_115.sv(118) has no driver
Warning (10034): Output port "HSMC_TX_D_P" at DE2_115.sv(135) has no driver
Warning (10034): Output port "SMA_CLKOUT" at DE2_115.sv(7) has no driver
Warning (10034): Output port "LCD_BLON" at DE2_115.sv(20) has no driver
Warning (10034): Output port "LCD_EN" at DE2_115.sv(22) has no driver
Warning (10034): Output port "LCD_ON" at DE2_115.sv(23) has no driver
Warning (10034): Output port "LCD_RS" at DE2_115.sv(24) has no driver
Warning (10034): Output port "LCD_RW" at DE2_115.sv(25) has no driver
Warning (10034): Output port "UART_CTS" at DE2_115.sv(26) has no driver
Warning (10034): Output port "UART_TXD" at DE2_115.sv(29) has no driver
Warning (10034): Output port "SD_CLK" at DE2_115.sv(34) has no driver
Warning (10034): Output port "AUD_DACDAT" at DE2_115.sv(49) has no driver
Warning (10034): Output port "AUD_XCK" at DE2_115.sv(51) has no driver
Warning (10034): Output port "EEP_I2C_SCLK" at DE2_115.sv(52) has no driver
Warning (10034): Output port "I2C_SCLK" at DE2_115.sv(54) has no driver
Warning (10034): Output port "ENET0_GTX_CLK" at DE2_115.sv(56) has no driver
Warning (10034): Output port "ENET0_MDC" at DE2_115.sv(58) has no driver
Warning (10034): Output port "ENET0_RST_N" at DE2_115.sv(60) has no driver
Warning (10034): Output port "ENET0_TX_EN" at DE2_115.sv(69) has no driver
Warning (10034): Output port "ENET0_TX_ER" at DE2_115.sv(70) has no driver
Warning (10034): Output port "ENET1_GTX_CLK" at DE2_115.sv(72) has no driver
Warning (10034): Output port "ENET1_MDC" at DE2_115.sv(74) has no driver
Warning (10034): Output port "ENET1_RST_N" at DE2_115.sv(76) has no driver
Warning (10034): Output port "ENET1_TX_EN" at DE2_115.sv(85) has no driver
Warning (10034): Output port "ENET1_TX_ER" at DE2_115.sv(86) has no driver
Warning (10034): Output port "TD_RESET_N" at DE2_115.sv(91) has no driver
Warning (10034): Output port "OTG_CS_N" at DE2_115.sv(95) has no driver
Warning (10034): Output port "OTG_WR_N" at DE2_115.sv(96) has no driver
Warning (10034): Output port "OTG_RD_N" at DE2_115.sv(97) has no driver
Warning (10034): Output port "OTG_RST_N" at DE2_115.sv(99) has no driver
Warning (10034): Output port "DRAM_CAS_N" at DE2_115.sv(103) has no driver
Warning (10034): Output port "DRAM_CKE" at DE2_115.sv(104) has no driver
Warning (10034): Output port "DRAM_CLK" at DE2_115.sv(105) has no driver
Warning (10034): Output port "DRAM_CS_N" at DE2_115.sv(106) has no driver
Warning (10034): Output port "DRAM_RAS_N" at DE2_115.sv(109) has no driver
Warning (10034): Output port "DRAM_WE_N" at DE2_115.sv(110) has no driver
Warning (10034): Output port "FL_CE_N" at DE2_115.sv(119) has no driver
Warning (10034): Output port "FL_OE_N" at DE2_115.sv(121) has no driver
Warning (10034): Output port "FL_RST_N" at DE2_115.sv(122) has no driver
Warning (10034): Output port "FL_WE_N" at DE2_115.sv(124) has no driver
Warning (10034): Output port "FL_WP_N" at DE2_115.sv(125) has no driver
Warning (10034): Output port "HSMC_CLKOUT_P1" at DE2_115.sv(130) has no driver
Warning (10034): Output port "HSMC_CLKOUT_P2" at DE2_115.sv(131) has no driver
Warning (10034): Output port "HSMC_CLKOUT0" at DE2_115.sv(132) has no driver
Info (12128): Elaborating entity "Debounce" for hierarchy "Debounce:key0_debounce_inst"
Warning (10230): Verilog HDL assignment warning at Debounce.sv(23): truncated value with size 32 to match size of target (18)
Warning (10230): Verilog HDL assignment warning at Debounce.sv(25): truncated value with size 32 to match size of target (18)
Info (12128): Elaborating entity "Random_Position_Generator" for hierarchy "Random_Position_Generator:zombie_gen"
Info (12128): Elaborating entity "vga_clock" for hierarchy "vga_clock:vga_clk_pll"
Info (12128): Elaborating entity "vga_clock_altpll_0" for hierarchy "vga_clock:vga_clk_pll|vga_clock_altpll_0:altpll_0"
Info (12128): Elaborating entity "vga_clock_altpll_0_stdsync_sv6" for hierarchy "vga_clock:vga_clk_pll|vga_clock_altpll_0:altpll_0|vga_clock_altpll_0_stdsync_sv6:stdsync2"
Info (12128): Elaborating entity "vga_clock_altpll_0_dffpipe_l2c" for hierarchy "vga_clock:vga_clk_pll|vga_clock_altpll_0:altpll_0|vga_clock_altpll_0_stdsync_sv6:stdsync2|vga_clock_altpll_0_dffpipe_l2c:dffpipe3"
Info (12128): Elaborating entity "vga_clock_altpll_0_altpll_9ua2" for hierarchy "vga_clock:vga_clk_pll|vga_clock_altpll_0:altpll_0|vga_clock_altpll_0_altpll_9ua2:sd1"
Info (12128): Elaborating entity "altera_reset_controller" for hierarchy "vga_clock:vga_clk_pll|altera_reset_controller:rst_controller"
Info (12128): Elaborating entity "altera_reset_synchronizer" for hierarchy "vga_clock:vga_clk_pll|altera_reset_controller:rst_controller|altera_reset_synchronizer:alt_rst_sync_uq1"
Info (12128): Elaborating entity "altera_reset_synchronizer" for hierarchy "vga_clock:vga_clk_pll|altera_reset_controller:rst_controller|altera_reset_synchronizer:alt_rst_req_sync_uq1"
Info (12128): Elaborating entity "VGA_Controller_720p" for hierarchy "VGA_Controller_720p:vga_ctrl_720p"
Warning (10230): Verilog HDL assignment warning at VGA_Controller_720p.sv(74): truncated value with size 32 to match size of target (11)
Warning (10230): Verilog HDL assignment warning at VGA_Controller_720p.sv(81): truncated value with size 32 to match size of target (10)
Info (12128): Elaborating entity "VGA_Image_Overlay_Combined" for hierarchy "VGA_Image_Overlay_Combined:vga_image_overlay_combined"
Warning (10036): Verilog HDL or VHDL warning at VGA_Image_Overlay_Combined.sv(124): object "selected_zombie_idx_w" assigned a value but never read
Warning (10036): Verilog HDL or VHDL warning at VGA_Image_Overlay_Combined.sv(207): object "zombie_pixel_addr_r0" assigned a value but never read
Warning (10036): Verilog HDL or VHDL warning at VGA_Image_Overlay_Combined.sv(314): object "bg_palette_addr_r" assigned a value but never read
Warning (10036): Verilog HDL or VHDL warning at VGA_Image_Overlay_Combined.sv(315): object "zombie_palette_addr_r" assigned a value but never read
Warning (10230): Verilog HDL assignment warning at VGA_Image_Overlay_Combined.sv(63): truncated value with size 32 to match size of target (21)
Warning (10230): Verilog HDL assignment warning at VGA_Image_Overlay_Combined.sv(75): truncated value with size 11 to match size of target (8)
Warning (10230): Verilog HDL assignment warning at VGA_Image_Overlay_Combined.sv(76): truncated value with size 10 to match size of target (8)
Info (12128): Elaborating entity "background_palette" for hierarchy "VGA_Image_Overlay_Combined:vga_image_overlay_combined|background_palette:bg_palette_bram"
Info (12128): Elaborating entity "altsyncram" for hierarchy "VGA_Image_Overlay_Combined:vga_image_overlay_combined|background_palette:bg_palette_bram|altsyncram:altsyncram_component"
Info (12130): Elaborated megafunction instantiation "VGA_Image_Overlay_Combined:vga_image_overlay_combined|background_palette:bg_palette_bram|altsyncram:altsyncram_component"
Info (12133): Instantiated megafunction "VGA_Image_Overlay_Combined:vga_image_overlay_combined|background_palette:bg_palette_bram|altsyncram:altsyncram_component" with the following parameter:
    Info (12134): Parameter "clock_enable_input_a" = "BYPASS"
    Info (12134): Parameter "clock_enable_output_a" = "BYPASS"
    Info (12134): Parameter "init_file" = "../../Kmeans_comp/background/output/background_palette.mif"
    Info (12134): Parameter "intended_device_family" = "Cyclone IV E"
    Info (12134): Parameter "lpm_hint" = "ENABLE_RUNTIME_MOD=NO"
    Info (12134): Parameter "lpm_type" = "altsyncram"
    Info (12134): Parameter "numwords_a" = "256"
    Info (12134): Parameter "operation_mode" = "SINGLE_PORT"
    Info (12134): Parameter "outdata_aclr_a" = "NONE"
    Info (12134): Parameter "outdata_reg_a" = "CLOCK0"
    Info (12134): Parameter "power_up_uninitialized" = "FALSE"
    Info (12134): Parameter "read_during_write_mode_port_a" = "NEW_DATA_NO_NBE_READ"
    Info (12134): Parameter "widthad_a" = "8"
    Info (12134): Parameter "width_a" = "16"
    Info (12134): Parameter "width_byteena_a" = "1"
Info (12021): Found 1 design units, including 1 entities, in source file db/altsyncram_e1m1.tdf
    Info (12023): Found entity 1: altsyncram_e1m1
Info (12128): Elaborating entity "altsyncram_e1m1" for hierarchy "VGA_Image_Overlay_Combined:vga_image_overlay_combined|background_palette:bg_palette_bram|altsyncram:altsyncram_component|altsyncram_e1m1:auto_generated"
Info (12128): Elaborating entity "zombie_1x_palette" for hierarchy "VGA_Image_Overlay_Combined:vga_image_overlay_combined|zombie_1x_palette:zombie_palette_bram"
Info (12128): Elaborating entity "altsyncram" for hierarchy "VGA_Image_Overlay_Combined:vga_image_overlay_combined|zombie_1x_palette:zombie_palette_bram|altsyncram:altsyncram_component"
Info (12130): Elaborated megafunction instantiation "VGA_Image_Overlay_Combined:vga_image_overlay_combined|zombie_1x_palette:zombie_palette_bram|altsyncram:altsyncram_component"
Info (12133): Instantiated megafunction "VGA_Image_Overlay_Combined:vga_image_overlay_combined|zombie_1x_palette:zombie_palette_bram|altsyncram:altsyncram_component" with the following parameter:
    Info (12134): Parameter "clock_enable_input_a" = "BYPASS"
    Info (12134): Parameter "clock_enable_output_a" = "BYPASS"
    Info (12134): Parameter "init_file" = "../../Kmeans_comp/zombies/output/zombie_1x_palette.mif"
    Info (12134): Parameter "intended_device_family" = "Cyclone IV E"
    Info (12134): Parameter "lpm_hint" = "ENABLE_RUNTIME_MOD=NO"
    Info (12134): Parameter "lpm_type" = "altsyncram"
    Info (12134): Parameter "numwords_a" = "256"
    Info (12134): Parameter "operation_mode" = "SINGLE_PORT"
    Info (12134): Parameter "outdata_aclr_a" = "NONE"
    Info (12134): Parameter "outdata_reg_a" = "CLOCK0"
    Info (12134): Parameter "power_up_uninitialized" = "FALSE"
    Info (12134): Parameter "read_during_write_mode_port_a" = "NEW_DATA_NO_NBE_READ"
    Info (12134): Parameter "widthad_a" = "8"
    Info (12134): Parameter "width_a" = "16"
    Info (12134): Parameter "width_byteena_a" = "1"
Info (12021): Found 1 design units, including 1 entities, in source file db/altsyncram_ljl1.tdf
    Info (12023): Found entity 1: altsyncram_ljl1
Info (12128): Elaborating entity "altsyncram_ljl1" for hierarchy "VGA_Image_Overlay_Combined:vga_image_overlay_combined|zombie_1x_palette:zombie_palette_bram|altsyncram:altsyncram_component|altsyncram_ljl1:auto_generated"
Info (12128): Elaborating entity "aim" for hierarchy "VGA_Image_Overlay_Combined:vga_image_overlay_combined|aim:aim_bram"
Info (12128): Elaborating entity "altsyncram" for hierarchy "VGA_Image_Overlay_Combined:vga_image_overlay_combined|aim:aim_bram|altsyncram:altsyncram_component"
Info (12130): Elaborated megafunction instantiation "VGA_Image_Overlay_Combined:vga_image_overlay_combined|aim:aim_bram|altsyncram:altsyncram_component"
Info (12133): Instantiated megafunction "VGA_Image_Overlay_Combined:vga_image_overlay_combined|aim:aim_bram|altsyncram:altsyncram_component" with the following parameter:
    Info (12134): Parameter "address_aclr_a" = "NONE"
    Info (12134): Parameter "clock_enable_input_a" = "BYPASS"
    Info (12134): Parameter "clock_enable_output_a" = "BYPASS"
    Info (12134): Parameter "init_file" = "../../Kmeans_comp/aim/output/aim_200.mif"
    Info (12134): Parameter "intended_device_family" = "Cyclone IV E"
    Info (12134): Parameter "lpm_hint" = "ENABLE_RUNTIME_MOD=NO"
    Info (12134): Parameter "lpm_type" = "altsyncram"
    Info (12134): Parameter "numwords_a" = "40000"
    Info (12134): Parameter "operation_mode" = "ROM"
    Info (12134): Parameter "outdata_aclr_a" = "NONE"
    Info (12134): Parameter "outdata_reg_a" = "CLOCK0"
    Info (12134): Parameter "widthad_a" = "16"
    Info (12134): Parameter "width_a" = "2"
    Info (12134): Parameter "width_byteena_a" = "1"
Info (12021): Found 1 design units, including 1 entities, in source file db/altsyncram_0qb1.tdf
    Info (12023): Found entity 1: altsyncram_0qb1
Info (12128): Elaborating entity "altsyncram_0qb1" for hierarchy "VGA_Image_Overlay_Combined:vga_image_overlay_combined|aim:aim_bram|altsyncram:altsyncram_component|altsyncram_0qb1:auto_generated"
Info (12021): Found 1 design units, including 1 entities, in source file db/decode_h8a.tdf
    Info (12023): Found entity 1: decode_h8a
Info (12128): Elaborating entity "decode_h8a" for hierarchy "VGA_Image_Overlay_Combined:vga_image_overlay_combined|aim:aim_bram|altsyncram:altsyncram_component|altsyncram_0qb1:auto_generated|decode_h8a:rden_decode"
Info (12021): Found 1 design units, including 1 entities, in source file db/mux_2nb.tdf
    Info (12023): Found entity 1: mux_2nb
Info (12128): Elaborating entity "mux_2nb" for hierarchy "VGA_Image_Overlay_Combined:vga_image_overlay_combined|aim:aim_bram|altsyncram:altsyncram_component|altsyncram_0qb1:auto_generated|mux_2nb:mux2"
Info (12128): Elaborating entity "set_trans_arr" for hierarchy "set_trans_arr:u_set_trans_arr"
Warning (10230): Verilog HDL assignment warning at set_trans_arr.sv(70): truncated value with size 32 to match size of target (14)
Info (12128): Elaborating entity "zombie_1x" for hierarchy "zombie_1x:u_zombie_1x"
Info (12128): Elaborating entity "altsyncram" for hierarchy "zombie_1x:u_zombie_1x|altsyncram:altsyncram_component"
Info (12130): Elaborated megafunction instantiation "zombie_1x:u_zombie_1x|altsyncram:altsyncram_component"
Info (12133): Instantiated megafunction "zombie_1x:u_zombie_1x|altsyncram:altsyncram_component" with the following parameter:
    Info (12134): Parameter "clock_enable_input_a" = "BYPASS"
    Info (12134): Parameter "clock_enable_output_a" = "BYPASS"
    Info (12134): Parameter "init_file" = "../../Kmeans_comp/zombies/output/zombie_1x.mif"
    Info (12134): Parameter "intended_device_family" = "Cyclone IV E"
    Info (12134): Parameter "lpm_hint" = "ENABLE_RUNTIME_MOD=NO"
    Info (12134): Parameter "lpm_type" = "altsyncram"
    Info (12134): Parameter "numwords_a" = "15198"
    Info (12134): Parameter "operation_mode" = "SINGLE_PORT"
    Info (12134): Parameter "outdata_aclr_a" = "NONE"
    Info (12134): Parameter "outdata_reg_a" = "CLOCK0"
    Info (12134): Parameter "power_up_uninitialized" = "FALSE"
    Info (12134): Parameter "read_during_write_mode_port_a" = "NEW_DATA_NO_NBE_READ"
    Info (12134): Parameter "widthad_a" = "14"
    Info (12134): Parameter "width_a" = "8"
    Info (12134): Parameter "width_byteena_a" = "1"
Info (12021): Found 1 design units, including 1 entities, in source file db/altsyncram_gsk1.tdf
    Info (12023): Found entity 1: altsyncram_gsk1
Info (12128): Elaborating entity "altsyncram_gsk1" for hierarchy "zombie_1x:u_zombie_1x|altsyncram:altsyncram_component|altsyncram_gsk1:auto_generated"
Info (12021): Found 1 design units, including 1 entities, in source file db/decode_jsa.tdf
    Info (12023): Found entity 1: decode_jsa
Info (12128): Elaborating entity "decode_jsa" for hierarchy "zombie_1x:u_zombie_1x|altsyncram:altsyncram_component|altsyncram_gsk1:auto_generated|decode_jsa:decode3"
Info (12021): Found 1 design units, including 1 entities, in source file db/decode_c8a.tdf
    Info (12023): Found entity 1: decode_c8a
Info (12128): Elaborating entity "decode_c8a" for hierarchy "zombie_1x:u_zombie_1x|altsyncram:altsyncram_component|altsyncram_gsk1:auto_generated|decode_c8a:rden_decode"
Info (12021): Found 1 design units, including 1 entities, in source file db/mux_3nb.tdf
    Info (12023): Found entity 1: mux_3nb
Info (12128): Elaborating entity "mux_3nb" for hierarchy "zombie_1x:u_zombie_1x|altsyncram:altsyncram_component|altsyncram_gsk1:auto_generated|mux_3nb:mux2"
Info (12128): Elaborating entity "Position_Controller" for hierarchy "Position_Controller:position_controller_inst"
Info (12128): Elaborating entity "uart_rx" for hierarchy "uart_rx:u_rx"
Warning (10230): Verilog HDL assignment warning at uart_rx.sv(52): truncated value with size 32 to match size of target (16)
Warning (10230): Verilog HDL assignment warning at uart_rx.sv(60): truncated value with size 32 to match size of target (16)
Warning (10230): Verilog HDL assignment warning at uart_rx.sv(67): truncated value with size 32 to match size of target (3)
Warning (10230): Verilog HDL assignment warning at uart_rx.sv(79): truncated value with size 32 to match size of target (16)
Info (12128): Elaborating entity "imu_parser" for hierarchy "imu_parser:u_parser"
Warning (10036): Verilog HDL or VHDL warning at imu_parser.sv(29): object "temp_gz" assigned a value but never read
Warning (10230): Verilog HDL assignment warning at imu_parser.sv(76): truncated value with size 32 to match size of target (3)
Info (12128): Elaborating entity "velocity_integrator" for hierarchy "velocity_integrator:u_integrator"
Warning (10230): Verilog HDL assignment warning at velocity_integrator.sv(71): truncated value with size 32 to match size of target (16)
Warning (10230): Verilog HDL assignment warning at velocity_integrator.sv(75): truncated value with size 64 to match size of target (32)
Warning (10230): Verilog HDL assignment warning at velocity_integrator.sv(76): truncated value with size 64 to match size of target (32)
Warning (10230): Verilog HDL assignment warning at velocity_integrator.sv(77): truncated value with size 64 to match size of target (32)
Warning (10230): Verilog HDL assignment warning at velocity_integrator.sv(78): truncated value with size 64 to match size of target (32)
Warning (10230): Verilog HDL assignment warning at velocity_integrator.sv(79): truncated value with size 64 to match size of target (32)
Warning (10230): Verilog HDL assignment warning at velocity_integrator.sv(80): truncated value with size 64 to match size of target (32)
Warning (10230): Verilog HDL assignment warning at velocity_integrator.sv(119): truncated value with size 32 to match size of target (16)
Info (12128): Elaborating entity "HexTo7Seg" for hierarchy "HexTo7Seg:hex0"
Info (278001): Inferred 17 megafunctions from design logic
    Info (278004): Inferred divider/modulo megafunction ("lpm_divide") from the following logic: "Mod0"
    Info (278004): Inferred divider/modulo megafunction ("lpm_divide") from the following logic: "Mod1"
    Info (278004): Inferred divider/modulo megafunction ("lpm_divide") from the following logic: "Mod2"
    Info (278004): Inferred divider/modulo megafunction ("lpm_divide") from the following logic: "Div2"
    Info (278004): Inferred divider/modulo megafunction ("lpm_divide") from the following logic: "Div1"
    Info (278004): Inferred divider/modulo megafunction ("lpm_divide") from the following logic: "Div0"
    Info (278004): Inferred divider/modulo megafunction ("lpm_divide") from the following logic: "Mod3"
    Info (278004): Inferred divider/modulo megafunction ("lpm_divide") from the following logic: "Div3"
    Info (278004): Inferred divider/modulo megafunction ("lpm_divide") from the following logic: "Mod4"
    Info (278004): Inferred divider/modulo megafunction ("lpm_divide") from the following logic: "Mod5"
    Info (278004): Inferred divider/modulo megafunction ("lpm_divide") from the following logic: "Div4"
    Info (278004): Inferred divider/modulo megafunction ("lpm_divide") from the following logic: "Mod6"
    Info (278003): Inferred multiplier megafunction ("lpm_mult") from the following logic: "VGA_Image_Overlay_Combined:vga_image_overlay_combined|Mult0"
    Info (278003): Inferred multiplier megafunction ("lpm_mult") from the following logic: "set_trans_arr:u_set_trans_arr|Mult0"
    Info (278004): Inferred divider/modulo megafunction ("lpm_divide") from the following logic: "Random_Position_Generator:zombie_gen|Mod0"
    Info (278004): Inferred divider/modulo megafunction ("lpm_divide") from the following logic: "Position_Controller:position_controller_inst|Div0"
    Info (278004): Inferred divider/modulo megafunction ("lpm_divide") from the following logic: "Position_Controller:position_controller_inst|Div1"
Info (12130): Elaborated megafunction instantiation "lpm_divide:Mod0"
Info (12133): Instantiated megafunction "lpm_divide:Mod0" with the following parameter:
    Info (12134): Parameter "LPM_WIDTHN" = "16"
    Info (12134): Parameter "LPM_WIDTHD" = "10"
    Info (12134): Parameter "LPM_NREPRESENTATION" = "UNSIGNED"
    Info (12134): Parameter "LPM_DREPRESENTATION" = "UNSIGNED"
Info (12021): Found 1 design units, including 1 entities, in source file db/lpm_divide_icm.tdf
    Info (12023): Found entity 1: lpm_divide_icm
Info (12021): Found 1 design units, including 1 entities, in source file db/sign_div_unsign_7nh.tdf
    Info (12023): Found entity 1: sign_div_unsign_7nh
Info (12021): Found 1 design units, including 1 entities, in source file db/alt_u_div_2af.tdf
    Info (12023): Found entity 1: alt_u_div_2af
Info (12021): Found 1 design units, including 1 entities, in source file db/add_sub_7pc.tdf
    Info (12023): Found entity 1: add_sub_7pc
Info (12021): Found 1 design units, including 1 entities, in source file db/add_sub_8pc.tdf
    Info (12023): Found entity 1: add_sub_8pc
Info (12130): Elaborated megafunction instantiation "lpm_divide:Mod1"
Info (12133): Instantiated megafunction "lpm_divide:Mod1" with the following parameter:
    Info (12134): Parameter "LPM_WIDTHN" = "10"
    Info (12134): Parameter "LPM_WIDTHD" = "7"
    Info (12134): Parameter "LPM_NREPRESENTATION" = "UNSIGNED"
    Info (12134): Parameter "LPM_DREPRESENTATION" = "UNSIGNED"
Info (12021): Found 1 design units, including 1 entities, in source file db/lpm_divide_2bm.tdf
    Info (12023): Found entity 1: lpm_divide_2bm
Info (12021): Found 1 design units, including 1 entities, in source file db/sign_div_unsign_nlh.tdf
    Info (12023): Found entity 1: sign_div_unsign_nlh
Info (12021): Found 1 design units, including 1 entities, in source file db/alt_u_div_27f.tdf
    Info (12023): Found entity 1: alt_u_div_27f
Info (12130): Elaborated megafunction instantiation "lpm_divide:Mod2"
Info (12133): Instantiated megafunction "lpm_divide:Mod2" with the following parameter:
    Info (12134): Parameter "LPM_WIDTHN" = "7"
    Info (12134): Parameter "LPM_WIDTHD" = "4"
    Info (12134): Parameter "LPM_NREPRESENTATION" = "UNSIGNED"
    Info (12134): Parameter "LPM_DREPRESENTATION" = "UNSIGNED"
Info (12021): Found 1 design units, including 1 entities, in source file db/lpm_divide_l9m.tdf
    Info (12023): Found entity 1: lpm_divide_l9m
Info (12021): Found 1 design units, including 1 entities, in source file db/sign_div_unsign_akh.tdf
    Info (12023): Found entity 1: sign_div_unsign_akh
Info (12021): Found 1 design units, including 1 entities, in source file db/alt_u_div_84f.tdf
    Info (12023): Found entity 1: alt_u_div_84f
Info (12130): Elaborated megafunction instantiation "lpm_divide:Div2"
Info (12133): Instantiated megafunction "lpm_divide:Div2" with the following parameter:
    Info (12134): Parameter "LPM_WIDTHN" = "7"
    Info (12134): Parameter "LPM_WIDTHD" = "4"
    Info (12134): Parameter "LPM_NREPRESENTATION" = "UNSIGNED"
    Info (12134): Parameter "LPM_DREPRESENTATION" = "UNSIGNED"
Info (12021): Found 1 design units, including 1 entities, in source file db/lpm_divide_ihm.tdf
    Info (12023): Found entity 1: lpm_divide_ihm
Info (12130): Elaborated megafunction instantiation "lpm_divide:Div1"
Info (12133): Instantiated megafunction "lpm_divide:Div1" with the following parameter:
    Info (12134): Parameter "LPM_WIDTHN" = "10"
    Info (12134): Parameter "LPM_WIDTHD" = "7"
    Info (12134): Parameter "LPM_NREPRESENTATION" = "UNSIGNED"
    Info (12134): Parameter "LPM_DREPRESENTATION" = "UNSIGNED"
Info (12021): Found 1 design units, including 1 entities, in source file db/lpm_divide_vim.tdf
    Info (12023): Found entity 1: lpm_divide_vim
Info (12130): Elaborated megafunction instantiation "lpm_divide:Div0"
Info (12133): Instantiated megafunction "lpm_divide:Div0" with the following parameter:
    Info (12134): Parameter "LPM_WIDTHN" = "16"
    Info (12134): Parameter "LPM_WIDTHD" = "10"
    Info (12134): Parameter "LPM_NREPRESENTATION" = "UNSIGNED"
    Info (12134): Parameter "LPM_DREPRESENTATION" = "UNSIGNED"
Info (12021): Found 1 design units, including 1 entities, in source file db/lpm_divide_fkm.tdf
    Info (12023): Found entity 1: lpm_divide_fkm
Info (12130): Elaborated megafunction instantiation "lpm_divide:Mod3"
Info (12133): Instantiated megafunction "lpm_divide:Mod3" with the following parameter:
    Info (12134): Parameter "LPM_WIDTHN" = "8"
    Info (12134): Parameter "LPM_WIDTHD" = "4"
    Info (12134): Parameter "LPM_NREPRESENTATION" = "UNSIGNED"
    Info (12134): Parameter "LPM_DREPRESENTATION" = "UNSIGNED"
Info (12021): Found 1 design units, including 1 entities, in source file db/lpm_divide_m9m.tdf
    Info (12023): Found entity 1: lpm_divide_m9m
Info (12021): Found 1 design units, including 1 entities, in source file db/sign_div_unsign_bkh.tdf
    Info (12023): Found entity 1: sign_div_unsign_bkh
Info (12021): Found 1 design units, including 1 entities, in source file db/alt_u_div_a4f.tdf
    Info (12023): Found entity 1: alt_u_div_a4f
Info (12130): Elaborated megafunction instantiation "lpm_divide:Div3"
Info (12133): Instantiated megafunction "lpm_divide:Div3" with the following parameter:
    Info (12134): Parameter "LPM_WIDTHN" = "8"
    Info (12134): Parameter "LPM_WIDTHD" = "4"
    Info (12134): Parameter "LPM_NREPRESENTATION" = "UNSIGNED"
    Info (12134): Parameter "LPM_DREPRESENTATION" = "UNSIGNED"
Info (12021): Found 1 design units, including 1 entities, in source file db/lpm_divide_jhm.tdf
    Info (12023): Found entity 1: lpm_divide_jhm
Info (12130): Elaborated megafunction instantiation "lpm_divide:Div4"
Info (12133): Instantiated megafunction "lpm_divide:Div4" with the following parameter:
    Info (12134): Parameter "LPM_WIDTHN" = "7"
    Info (12134): Parameter "LPM_WIDTHD" = "4"
    Info (12134): Parameter "LPM_NREPRESENTATION" = "UNSIGNED"
    Info (12134): Parameter "LPM_DREPRESENTATION" = "UNSIGNED"
Info (12130): Elaborated megafunction instantiation "VGA_Image_Overlay_Combined:vga_image_overlay_combined|lpm_mult:Mult0"
Info (12133): Instantiated megafunction "VGA_Image_Overlay_Combined:vga_image_overlay_combined|lpm_mult:Mult0" with the following parameter:
    Info (12134): Parameter "LPM_WIDTHA" = "8"
    Info (12134): Parameter "LPM_WIDTHB" = "7"
    Info (12134): Parameter "LPM_WIDTHP" = "15"
    Info (12134): Parameter "LPM_WIDTHR" = "15"
    Info (12134): Parameter "LPM_WIDTHS" = "1"
    Info (12134): Parameter "LPM_REPRESENTATION" = "UNSIGNED"
    Info (12134): Parameter "INPUT_A_IS_CONSTANT" = "NO"
    Info (12134): Parameter "INPUT_B_IS_CONSTANT" = "YES"
    Info (12134): Parameter "MAXIMIZE_SPEED" = "5"
Info (12131): Elaborated megafunction instantiation "VGA_Image_Overlay_Combined:vga_image_overlay_combined|lpm_mult:Mult0|multcore:mult_core", which is child of megafunction instantiation "VGA_Image_Overlay_Combined:vga_image_overlay_combined|lpm_mult:Mult0"
Info (12131): Elaborated megafunction instantiation "VGA_Image_Overlay_Combined:vga_image_overlay_combined|lpm_mult:Mult0|multcore:mult_core|mpar_add:padder", which is child of megafunction instantiation "VGA_Image_Overlay_Combined:vga_image_overlay_combined|lpm_mult:Mult0"
Info (12131): Elaborated megafunction instantiation "VGA_Image_Overlay_Combined:vga_image_overlay_combined|lpm_mult:Mult0|multcore:mult_core|mpar_add:padder|lpm_add_sub:adder[0]", which is child of megafunction instantiation "VGA_Image_Overlay_Combined:vga_image_overlay_combined|lpm_mult:Mult0"
Info (12021): Found 1 design units, including 1 entities, in source file db/add_sub_kgh.tdf
    Info (12023): Found entity 1: add_sub_kgh
Info (12131): Elaborated megafunction instantiation "VGA_Image_Overlay_Combined:vga_image_overlay_combined|lpm_mult:Mult0|altshift:external_latency_ffs", which is child of megafunction instantiation "VGA_Image_Overlay_Combined:vga_image_overlay_combined|lpm_mult:Mult0"
Info (12130): Elaborated megafunction instantiation "set_trans_arr:u_set_trans_arr|lpm_mult:Mult0"
Info (12133): Instantiated megafunction "set_trans_arr:u_set_trans_arr|lpm_mult:Mult0" with the following parameter:
    Info (12134): Parameter "LPM_WIDTHA" = "14"
    Info (12134): Parameter "LPM_WIDTHB" = "7"
    Info (12134): Parameter "LPM_WIDTHP" = "21"
    Info (12134): Parameter "LPM_WIDTHR" = "21"
    Info (12134): Parameter "LPM_WIDTHS" = "1"
    Info (12134): Parameter "LPM_REPRESENTATION" = "UNSIGNED"
    Info (12134): Parameter "INPUT_A_IS_CONSTANT" = "NO"
    Info (12134): Parameter "INPUT_B_IS_CONSTANT" = "YES"
    Info (12134): Parameter "MAXIMIZE_SPEED" = "5"
Info (12131): Elaborated megafunction instantiation "set_trans_arr:u_set_trans_arr|lpm_mult:Mult0|multcore:mult_core", which is child of megafunction instantiation "set_trans_arr:u_set_trans_arr|lpm_mult:Mult0"
Info (12131): Elaborated megafunction instantiation "set_trans_arr:u_set_trans_arr|lpm_mult:Mult0|multcore:mult_core|mpar_add:padder", which is child of megafunction instantiation "set_trans_arr:u_set_trans_arr|lpm_mult:Mult0"
Info (12131): Elaborated megafunction instantiation "set_trans_arr:u_set_trans_arr|lpm_mult:Mult0|multcore:mult_core|mpar_add:padder|mpar_add:sub_par_add", which is child of megafunction instantiation "set_trans_arr:u_set_trans_arr|lpm_mult:Mult0"
Info (12131): Elaborated megafunction instantiation "set_trans_arr:u_set_trans_arr|lpm_mult:Mult0|multcore:mult_core|mpar_add:padder|mpar_add:sub_par_add|lpm_add_sub:adder[0]", which is child of megafunction instantiation "set_trans_arr:u_set_trans_arr|lpm_mult:Mult0"
Info (12021): Found 1 design units, including 1 entities, in source file db/add_sub_ogh.tdf
    Info (12023): Found entity 1: add_sub_ogh
Info (12131): Elaborated megafunction instantiation "set_trans_arr:u_set_trans_arr|lpm_mult:Mult0|altshift:external_latency_ffs", which is child of megafunction instantiation "set_trans_arr:u_set_trans_arr|lpm_mult:Mult0"
Info (12130): Elaborated megafunction instantiation "Random_Position_Generator:zombie_gen|lpm_divide:Mod0"
Info (12133): Instantiated megafunction "Random_Position_Generator:zombie_gen|lpm_divide:Mod0" with the following parameter:
    Info (12134): Parameter "LPM_WIDTHN" = "11"
    Info (12134): Parameter "LPM_WIDTHD" = "11"
    Info (12134): Parameter "LPM_NREPRESENTATION" = "UNSIGNED"
    Info (12134): Parameter "LPM_DREPRESENTATION" = "UNSIGNED"
Info (12021): Found 1 design units, including 1 entities, in source file db/lpm_divide_ecm.tdf
    Info (12023): Found entity 1: lpm_divide_ecm
Info (12021): Found 1 design units, including 1 entities, in source file db/sign_div_unsign_3nh.tdf
    Info (12023): Found entity 1: sign_div_unsign_3nh
Info (12021): Found 1 design units, including 1 entities, in source file db/alt_u_div_q9f.tdf
    Info (12023): Found entity 1: alt_u_div_q9f
Info (12130): Elaborated megafunction instantiation "Position_Controller:position_controller_inst|lpm_divide:Div0"
Info (12133): Instantiated megafunction "Position_Controller:position_controller_inst|lpm_divide:Div0" with the following parameter:
    Info (12134): Parameter "LPM_WIDTHN" = "32"
    Info (12134): Parameter "LPM_WIDTHD" = "11"
    Info (12134): Parameter "LPM_NREPRESENTATION" = "SIGNED"
    Info (12134): Parameter "LPM_DREPRESENTATION" = "SIGNED"
    Info (12134): Parameter "LPM_HINT" = "LPM_REMAINDERPOSITIVE=FALSE"
Info (12021): Found 1 design units, including 1 entities, in source file db/lpm_divide_62p.tdf
    Info (12023): Found entity 1: lpm_divide_62p
Info (12021): Found 1 design units, including 1 entities, in source file db/abs_divider_1dg.tdf
    Info (12023): Found entity 1: abs_divider_1dg
Info (12021): Found 1 design units, including 1 entities, in source file db/alt_u_div_0af.tdf
    Info (12023): Found entity 1: alt_u_div_0af
Info (12021): Found 1 design units, including 1 entities, in source file db/lpm_abs_f0a.tdf
    Info (12023): Found entity 1: lpm_abs_f0a
Info (12021): Found 1 design units, including 1 entities, in source file db/lpm_abs_i0a.tdf
    Info (12023): Found entity 1: lpm_abs_i0a
Info (13014): Ignored 62 buffer(s)
    Info (13016): Ignored 62 CARRY_SUM buffer(s)
Warning (13039): The following bidirectional pins have no drivers
    Warning (13040): bidirectional pin "GPIO[0]" has no driver
    Warning (13040): bidirectional pin "GPIO[4]" has no driver
    Warning (13040): bidirectional pin "LCD_DATA[0]" has no driver
    Warning (13040): bidirectional pin "LCD_DATA[1]" has no driver
    Warning (13040): bidirectional pin "LCD_DATA[2]" has no driver
    Warning (13040): bidirectional pin "LCD_DATA[3]" has no driver
    Warning (13040): bidirectional pin "LCD_DATA[4]" has no driver
    Warning (13040): bidirectional pin "LCD_DATA[5]" has no driver
    Warning (13040): bidirectional pin "LCD_DATA[6]" has no driver
    Warning (13040): bidirectional pin "LCD_DATA[7]" has no driver
    Warning (13040): bidirectional pin "PS2_CLK" has no driver
    Warning (13040): bidirectional pin "PS2_DAT" has no driver
    Warning (13040): bidirectional pin "PS2_CLK2" has no driver
    Warning (13040): bidirectional pin "PS2_DAT2" has no driver
    Warning (13040): bidirectional pin "SD_CMD" has no driver
    Warning (13040): bidirectional pin "SD_DAT[0]" has no driver
    Warning (13040): bidirectional pin "SD_DAT[1]" has no driver
    Warning (13040): bidirectional pin "SD_DAT[2]" has no driver
    Warning (13040): bidirectional pin "SD_DAT[3]" has no driver
    Warning (13040): bidirectional pin "AUD_ADCLRCK" has no driver
    Warning (13040): bidirectional pin "AUD_BCLK" has no driver
    Warning (13040): bidirectional pin "AUD_DACLRCK" has no driver
    Warning (13040): bidirectional pin "EEP_I2C_SDAT" has no driver
    Warning (13040): bidirectional pin "I2C_SDAT" has no driver
    Warning (13040): bidirectional pin "OTG_DATA[0]" has no driver
    Warning (13040): bidirectional pin "OTG_DATA[1]" has no driver
    Warning (13040): bidirectional pin "OTG_DATA[2]" has no driver
    Warning (13040): bidirectional pin "OTG_DATA[3]" has no driver
    Warning (13040): bidirectional pin "OTG_DATA[4]" has no driver
    Warning (13040): bidirectional pin "OTG_DATA[5]" has no driver
    Warning (13040): bidirectional pin "OTG_DATA[6]" has no driver
    Warning (13040): bidirectional pin "OTG_DATA[7]" has no driver
    Warning (13040): bidirectional pin "OTG_DATA[8]" has no driver
    Warning (13040): bidirectional pin "OTG_DATA[9]" has no driver
    Warning (13040): bidirectional pin "OTG_DATA[10]" has no driver
    Warning (13040): bidirectional pin "OTG_DATA[11]" has no driver
    Warning (13040): bidirectional pin "OTG_DATA[12]" has no driver
    Warning (13040): bidirectional pin "OTG_DATA[13]" has no driver
    Warning (13040): bidirectional pin "OTG_DATA[14]" has no driver
    Warning (13040): bidirectional pin "OTG_DATA[15]" has no driver
    Warning (13040): bidirectional pin "DRAM_DQ[0]" has no driver
    Warning (13040): bidirectional pin "DRAM_DQ[1]" has no driver
    Warning (13040): bidirectional pin "DRAM_DQ[2]" has no driver
    Warning (13040): bidirectional pin "DRAM_DQ[3]" has no driver
    Warning (13040): bidirectional pin "DRAM_DQ[4]" has no driver
    Warning (13040): bidirectional pin "DRAM_DQ[5]" has no driver
    Warning (13040): bidirectional pin "DRAM_DQ[6]" has no driver
    Warning (13040): bidirectional pin "DRAM_DQ[7]" has no driver
    Warning (13040): bidirectional pin "DRAM_DQ[8]" has no driver
    Warning (13040): bidirectional pin "DRAM_DQ[9]" has no driver
    Warning (13040): bidirectional pin "DRAM_DQ[10]" has no driver
    Warning (13040): bidirectional pin "DRAM_DQ[11]" has no driver
    Warning (13040): bidirectional pin "DRAM_DQ[12]" has no driver
    Warning (13040): bidirectional pin "DRAM_DQ[13]" has no driver
    Warning (13040): bidirectional pin "DRAM_DQ[14]" has no driver
    Warning (13040): bidirectional pin "DRAM_DQ[15]" has no driver
    Warning (13040): bidirectional pin "DRAM_DQ[16]" has no driver
    Warning (13040): bidirectional pin "DRAM_DQ[17]" has no driver
    Warning (13040): bidirectional pin "DRAM_DQ[18]" has no driver
    Warning (13040): bidirectional pin "DRAM_DQ[19]" has no driver
    Warning (13040): bidirectional pin "DRAM_DQ[20]" has no driver
    Warning (13040): bidirectional pin "DRAM_DQ[21]" has no driver
    Warning (13040): bidirectional pin "DRAM_DQ[22]" has no driver
    Warning (13040): bidirectional pin "DRAM_DQ[23]" has no driver
    Warning (13040): bidirectional pin "DRAM_DQ[24]" has no driver
    Warning (13040): bidirectional pin "DRAM_DQ[25]" has no driver
    Warning (13040): bidirectional pin "DRAM_DQ[26]" has no driver
    Warning (13040): bidirectional pin "DRAM_DQ[27]" has no driver
    Warning (13040): bidirectional pin "DRAM_DQ[28]" has no driver
    Warning (13040): bidirectional pin "DRAM_DQ[29]" has no driver
    Warning (13040): bidirectional pin "DRAM_DQ[30]" has no driver
    Warning (13040): bidirectional pin "DRAM_DQ[31]" has no driver
    Warning (13040): bidirectional pin "FL_DQ[0]" has no driver
    Warning (13040): bidirectional pin "FL_DQ[1]" has no driver
    Warning (13040): bidirectional pin "FL_DQ[2]" has no driver
    Warning (13040): bidirectional pin "FL_DQ[3]" has no driver
    Warning (13040): bidirectional pin "FL_DQ[4]" has no driver
    Warning (13040): bidirectional pin "FL_DQ[5]" has no driver
    Warning (13040): bidirectional pin "FL_DQ[6]" has no driver
    Warning (13040): bidirectional pin "FL_DQ[7]" has no driver
    Warning (13040): bidirectional pin "GPIO[1]" has no driver
    Warning (13040): bidirectional pin "GPIO[2]" has no driver
    Warning (13040): bidirectional pin "GPIO[3]" has no driver
    Warning (13040): bidirectional pin "GPIO[5]" has no driver
    Warning (13040): bidirectional pin "GPIO[6]" has no driver
    Warning (13040): bidirectional pin "GPIO[7]" has no driver
    Warning (13040): bidirectional pin "GPIO[8]" has no driver
    Warning (13040): bidirectional pin "GPIO[9]" has no driver
    Warning (13040): bidirectional pin "GPIO[10]" has no driver
    Warning (13040): bidirectional pin "GPIO[11]" has no driver
    Warning (13040): bidirectional pin "GPIO[12]" has no driver
    Warning (13040): bidirectional pin "GPIO[13]" has no driver
    Warning (13040): bidirectional pin "GPIO[14]" has no driver
    Warning (13040): bidirectional pin "GPIO[15]" has no driver
    Warning (13040): bidirectional pin "GPIO[16]" has no driver
    Warning (13040): bidirectional pin "GPIO[17]" has no driver
    Warning (13040): bidirectional pin "GPIO[18]" has no driver
    Warning (13040): bidirectional pin "GPIO[19]" has no driver
    Warning (13040): bidirectional pin "GPIO[20]" has no driver
    Warning (13040): bidirectional pin "GPIO[21]" has no driver
    Warning (13040): bidirectional pin "GPIO[22]" has no driver
    Warning (13040): bidirectional pin "GPIO[23]" has no driver
    Warning (13040): bidirectional pin "GPIO[24]" has no driver
    Warning (13040): bidirectional pin "GPIO[25]" has no driver
    Warning (13040): bidirectional pin "GPIO[26]" has no driver
    Warning (13040): bidirectional pin "GPIO[27]" has no driver
    Warning (13040): bidirectional pin "GPIO[28]" has no driver
    Warning (13040): bidirectional pin "GPIO[29]" has no driver
    Warning (13040): bidirectional pin "GPIO[30]" has no driver
    Warning (13040): bidirectional pin "GPIO[31]" has no driver
    Warning (13040): bidirectional pin "GPIO[32]" has no driver
    Warning (13040): bidirectional pin "GPIO[33]" has no driver
    Warning (13040): bidirectional pin "GPIO[34]" has no driver
    Warning (13040): bidirectional pin "GPIO[35]" has no driver
    Warning (13040): bidirectional pin "HSMC_D[0]" has no driver
    Warning (13040): bidirectional pin "HSMC_D[1]" has no driver
    Warning (13040): bidirectional pin "HSMC_D[2]" has no driver
    Warning (13040): bidirectional pin "HSMC_D[3]" has no driver
    Warning (13040): bidirectional pin "EX_IO[0]" has no driver
    Warning (13040): bidirectional pin "EX_IO[1]" has no driver
    Warning (13040): bidirectional pin "EX_IO[2]" has no driver
    Warning (13040): bidirectional pin "EX_IO[3]" has no driver
    Warning (13040): bidirectional pin "EX_IO[4]" has no driver
    Warning (13040): bidirectional pin "EX_IO[5]" has no driver
    Warning (13040): bidirectional pin "EX_IO[6]" has no driver
Info (13000): Registers with preset signals will power-up high
Info (13003): DEV_CLRn pin will set, and not reset, register with preset signal due to NOT Gate Push-Back
Warning (13024): Output pins are stuck at VCC or GND
    Warning (13410): Pin "SMA_CLKOUT" is stuck at GND
    Warning (13410): Pin "LEDG[4]" is stuck at GND
    Warning (13410): Pin "LEDG[5]" is stuck at GND
    Warning (13410): Pin "LEDG[6]" is stuck at GND
    Warning (13410): Pin "LEDG[7]" is stuck at GND
    Warning (13410): Pin "LEDG[8]" is stuck at GND
    Warning (13410): Pin "LEDR[0]" is stuck at GND
    Warning (13410): Pin "LEDR[1]" is stuck at GND
    Warning (13410): Pin "LEDR[2]" is stuck at GND
    Warning (13410): Pin "LEDR[3]" is stuck at GND
    Warning (13410): Pin "LEDR[4]" is stuck at GND
    Warning (13410): Pin "LEDR[5]" is stuck at GND
    Warning (13410): Pin "LEDR[6]" is stuck at GND
    Warning (13410): Pin "LEDR[7]" is stuck at GND
    Warning (13410): Pin "LEDR[8]" is stuck at GND
    Warning (13410): Pin "LEDR[9]" is stuck at GND
    Warning (13410): Pin "LCD_BLON" is stuck at GND
    Warning (13410): Pin "LCD_EN" is stuck at GND
    Warning (13410): Pin "LCD_ON" is stuck at GND
    Warning (13410): Pin "LCD_RS" is stuck at GND
    Warning (13410): Pin "LCD_RW" is stuck at GND
    Warning (13410): Pin "UART_CTS" is stuck at GND
    Warning (13410): Pin "UART_TXD" is stuck at GND
    Warning (13410): Pin "SD_CLK" is stuck at GND
    Warning (13410): Pin "VGA_SYNC_N" is stuck at GND
    Warning (13410): Pin "AUD_DACDAT" is stuck at GND
    Warning (13410): Pin "AUD_XCK" is stuck at GND
    Warning (13410): Pin "EEP_I2C_SCLK" is stuck at GND
    Warning (13410): Pin "I2C_SCLK" is stuck at GND
    Warning (13410): Pin "ENET0_GTX_CLK" is stuck at GND
    Warning (13410): Pin "ENET0_MDC" is stuck at GND
    Warning (13410): Pin "ENET0_RST_N" is stuck at GND
    Warning (13410): Pin "ENET0_TX_DATA[0]" is stuck at GND
    Warning (13410): Pin "ENET0_TX_DATA[1]" is stuck at GND
    Warning (13410): Pin "ENET0_TX_DATA[2]" is stuck at GND
    Warning (13410): Pin "ENET0_TX_DATA[3]" is stuck at GND
    Warning (13410): Pin "ENET0_TX_EN" is stuck at GND
    Warning (13410): Pin "ENET0_TX_ER" is stuck at GND
    Warning (13410): Pin "ENET1_GTX_CLK" is stuck at GND
    Warning (13410): Pin "ENET1_MDC" is stuck at GND
    Warning (13410): Pin "ENET1_RST_N" is stuck at GND
    Warning (13410): Pin "ENET1_TX_DATA[0]" is stuck at GND
    Warning (13410): Pin "ENET1_TX_DATA[1]" is stuck at GND
    Warning (13410): Pin "ENET1_TX_DATA[2]" is stuck at GND
    Warning (13410): Pin "ENET1_TX_DATA[3]" is stuck at GND
    Warning (13410): Pin "ENET1_TX_EN" is stuck at GND
    Warning (13410): Pin "ENET1_TX_ER" is stuck at GND
    Warning (13410): Pin "TD_RESET_N" is stuck at GND
    Warning (13410): Pin "OTG_ADDR[0]" is stuck at GND
    Warning (13410): Pin "OTG_ADDR[1]" is stuck at GND
    Warning (13410): Pin "OTG_CS_N" is stuck at GND
    Warning (13410): Pin "OTG_WR_N" is stuck at GND
    Warning (13410): Pin "OTG_RD_N" is stuck at GND
    Warning (13410): Pin "OTG_RST_N" is stuck at GND
    Warning (13410): Pin "DRAM_ADDR[0]" is stuck at GND
    Warning (13410): Pin "DRAM_ADDR[1]" is stuck at GND
    Warning (13410): Pin "DRAM_ADDR[2]" is stuck at GND
    Warning (13410): Pin "DRAM_ADDR[3]" is stuck at GND
    Warning (13410): Pin "DRAM_ADDR[4]" is stuck at GND
    Warning (13410): Pin "DRAM_ADDR[5]" is stuck at GND
    Warning (13410): Pin "DRAM_ADDR[6]" is stuck at GND
    Warning (13410): Pin "DRAM_ADDR[7]" is stuck at GND
    Warning (13410): Pin "DRAM_ADDR[8]" is stuck at GND
    Warning (13410): Pin "DRAM_ADDR[9]" is stuck at GND
    Warning (13410): Pin "DRAM_ADDR[10]" is stuck at GND
    Warning (13410): Pin "DRAM_ADDR[11]" is stuck at GND
    Warning (13410): Pin "DRAM_ADDR[12]" is stuck at GND
    Warning (13410): Pin "DRAM_BA[0]" is stuck at GND
    Warning (13410): Pin "DRAM_BA[1]" is stuck at GND
    Warning (13410): Pin "DRAM_CAS_N" is stuck at GND
    Warning (13410): Pin "DRAM_CKE" is stuck at GND
    Warning (13410): Pin "DRAM_CLK" is stuck at GND
    Warning (13410): Pin "DRAM_CS_N" is stuck at GND
    Warning (13410): Pin "DRAM_DQM[0]" is stuck at GND
    Warning (13410): Pin "DRAM_DQM[1]" is stuck at GND
    Warning (13410): Pin "DRAM_DQM[2]" is stuck at GND
    Warning (13410): Pin "DRAM_DQM[3]" is stuck at GND
    Warning (13410): Pin "DRAM_RAS_N" is stuck at GND
    Warning (13410): Pin "DRAM_WE_N" is stuck at GND
    Warning (13410): Pin "SRAM_CE_N" is stuck at GND
    Warning (13410): Pin "SRAM_OE_N" is stuck at GND
    Warning (13410): Pin "SRAM_WE_N" is stuck at VCC
    Warning (13410): Pin "FL_ADDR[0]" is stuck at GND
    Warning (13410): Pin "FL_ADDR[1]" is stuck at GND
    Warning (13410): Pin "FL_ADDR[2]" is stuck at GND
    Warning (13410): Pin "FL_ADDR[3]" is stuck at GND
    Warning (13410): Pin "FL_ADDR[4]" is stuck at GND
    Warning (13410): Pin "FL_ADDR[5]" is stuck at GND
    Warning (13410): Pin "FL_ADDR[6]" is stuck at GND
    Warning (13410): Pin "FL_ADDR[7]" is stuck at GND
    Warning (13410): Pin "FL_ADDR[8]" is stuck at GND
    Warning (13410): Pin "FL_ADDR[9]" is stuck at GND
    Warning (13410): Pin "FL_ADDR[10]" is stuck at GND
    Warning (13410): Pin "FL_ADDR[11]" is stuck at GND
    Warning (13410): Pin "FL_ADDR[12]" is stuck at GND
    Warning (13410): Pin "FL_ADDR[13]" is stuck at GND
    Warning (13410): Pin "FL_ADDR[14]" is stuck at GND
    Warning (13410): Pin "FL_ADDR[15]" is stuck at GND
    Warning (13410): Pin "FL_ADDR[16]" is stuck at GND
    Warning (13410): Pin "FL_ADDR[17]" is stuck at GND
    Warning (13410): Pin "FL_ADDR[18]" is stuck at GND
    Warning (13410): Pin "FL_ADDR[19]" is stuck at GND
    Warning (13410): Pin "FL_ADDR[20]" is stuck at GND
    Warning (13410): Pin "FL_ADDR[21]" is stuck at GND
    Warning (13410): Pin "FL_ADDR[22]" is stuck at GND
    Warning (13410): Pin "FL_CE_N" is stuck at GND
    Warning (13410): Pin "FL_OE_N" is stuck at GND
    Warning (13410): Pin "FL_RST_N" is stuck at GND
    Warning (13410): Pin "FL_WE_N" is stuck at GND
    Warning (13410): Pin "FL_WP_N" is stuck at GND
    Warning (13410): Pin "HSMC_CLKOUT_P1" is stuck at GND
    Warning (13410): Pin "HSMC_CLKOUT_P2" is stuck at GND
    Warning (13410): Pin "HSMC_CLKOUT0" is stuck at GND
    Warning (13410): Pin "HSMC_TX_D_P[0]" is stuck at GND
    Warning (13410): Pin "HSMC_TX_D_P[1]" is stuck at GND
    Warning (13410): Pin "HSMC_TX_D_P[2]" is stuck at GND
    Warning (13410): Pin "HSMC_TX_D_P[3]" is stuck at GND
    Warning (13410): Pin "HSMC_TX_D_P[4]" is stuck at GND
    Warning (13410): Pin "HSMC_TX_D_P[5]" is stuck at GND
    Warning (13410): Pin "HSMC_TX_D_P[6]" is stuck at GND
    Warning (13410): Pin "HSMC_TX_D_P[7]" is stuck at GND
    Warning (13410): Pin "HSMC_TX_D_P[8]" is stuck at GND
    Warning (13410): Pin "HSMC_TX_D_P[9]" is stuck at GND
    Warning (13410): Pin "HSMC_TX_D_P[10]" is stuck at GND
    Warning (13410): Pin "HSMC_TX_D_P[11]" is stuck at GND
    Warning (13410): Pin "HSMC_TX_D_P[12]" is stuck at GND
    Warning (13410): Pin "HSMC_TX_D_P[13]" is stuck at GND
    Warning (13410): Pin "HSMC_TX_D_P[14]" is stuck at GND
    Warning (13410): Pin "HSMC_TX_D_P[15]" is stuck at GND
    Warning (13410): Pin "HSMC_TX_D_P[16]" is stuck at GND
Info (286030): Timing-Driven Synthesis is running
Info (17049): 246 registers lost all their fanouts during netlist optimizations.
Info (17016): Found the following redundant logic cells in design
    Info (17048): Logic cell "lpm_divide:Mod4|lpm_divide_m9m:auto_generated|sign_div_unsign_bkh:divider|alt_u_div_a4f:divider|add_sub_7_result_int[0]~0"
    Info (17048): Logic cell "lpm_divide:Mod4|lpm_divide_m9m:auto_generated|sign_div_unsign_bkh:divider|alt_u_div_a4f:divider|add_sub_6_result_int[0]~10"
    Info (17048): Logic cell "lpm_divide:Mod6|lpm_divide_l9m:auto_generated|sign_div_unsign_akh:divider|alt_u_div_84f:divider|add_sub_6_result_int[0]~0"
Info (144001): Generated suppressed messages file C:/Users/user/Desktop/dclab_hw/final/VGA_RGB_blocks_with_sram/output_files/DE2_115.map.smsg
Info (16010): Generating hard_block partition "hard_block:auto_generated_inst"
    Info (16011): Adding 1 node(s), including 0 DDIO, 1 PLL, 0 transceiver and 0 LCELL
Warning (15897): PLL "vga_clock:vga_clk_pll|vga_clock_altpll_0:altpll_0|vga_clock_altpll_0_altpll_9ua2:sd1|pll7" has parameter compensate_clock set to clock0 but port CLK[0] is not connected
Warning (15899): PLL "vga_clock:vga_clk_pll|vga_clock_altpll_0:altpll_0|vga_clock_altpll_0_altpll_9ua2:sd1|pll7" has parameters clk0_multiply_by and clk0_divide_by specified but port CLK[0] is not connected
Warning (21074): Design contains 84 input pin(s) that do not drive logic
    Warning (15610): No output dependent on input pin "CLOCK2_50"
    Warning (15610): No output dependent on input pin "CLOCK3_50"
    Warning (15610): No output dependent on input pin "ENETCLK_25"
    Warning (15610): No output dependent on input pin "SMA_CLKIN"
    Warning (15610): No output dependent on input pin "KEY[2]"
    Warning (15610): No output dependent on input pin "KEY[3]"
    Warning (15610): No output dependent on input pin "SW[3]"
    Warning (15610): No output dependent on input pin "SW[4]"
    Warning (15610): No output dependent on input pin "SW[5]"
    Warning (15610): No output dependent on input pin "SW[6]"
    Warning (15610): No output dependent on input pin "SW[7]"
    Warning (15610): No output dependent on input pin "SW[8]"
    Warning (15610): No output dependent on input pin "SW[9]"
    Warning (15610): No output dependent on input pin "SW[11]"
    Warning (15610): No output dependent on input pin "SW[12]"
    Warning (15610): No output dependent on input pin "SW[13]"
    Warning (15610): No output dependent on input pin "SW[14]"
    Warning (15610): No output dependent on input pin "SW[15]"
    Warning (15610): No output dependent on input pin "SW[16]"
    Warning (15610): No output dependent on input pin "SW[17]"
    Warning (15610): No output dependent on input pin "UART_RTS"
    Warning (15610): No output dependent on input pin "UART_RXD"
    Warning (15610): No output dependent on input pin "SD_WP_N"
    Warning (15610): No output dependent on input pin "AUD_ADCDAT"
    Warning (15610): No output dependent on input pin "ENET0_INT_N"
    Warning (15610): No output dependent on input pin "ENET0_MDIO"
    Warning (15610): No output dependent on input pin "ENET0_RX_CLK"
    Warning (15610): No output dependent on input pin "ENET0_RX_COL"
    Warning (15610): No output dependent on input pin "ENET0_RX_CRS"
    Warning (15610): No output dependent on input pin "ENET0_RX_DATA[0]"
    Warning (15610): No output dependent on input pin "ENET0_RX_DATA[1]"
    Warning (15610): No output dependent on input pin "ENET0_RX_DATA[2]"
    Warning (15610): No output dependent on input pin "ENET0_RX_DATA[3]"
    Warning (15610): No output dependent on input pin "ENET0_RX_DV"
    Warning (15610): No output dependent on input pin "ENET0_RX_ER"
    Warning (15610): No output dependent on input pin "ENET0_TX_CLK"
    Warning (15610): No output dependent on input pin "ENET0_LINK100"
    Warning (15610): No output dependent on input pin "ENET1_INT_N"
    Warning (15610): No output dependent on input pin "ENET1_MDIO"
    Warning (15610): No output dependent on input pin "ENET1_RX_CLK"
    Warning (15610): No output dependent on input pin "ENET1_RX_COL"
    Warning (15610): No output dependent on input pin "ENET1_RX_CRS"
    Warning (15610): No output dependent on input pin "ENET1_RX_DATA[0]"
    Warning (15610): No output dependent on input pin "ENET1_RX_DATA[1]"
    Warning (15610): No output dependent on input pin "ENET1_RX_DATA[2]"
    Warning (15610): No output dependent on input pin "ENET1_RX_DATA[3]"
    Warning (15610): No output dependent on input pin "ENET1_RX_DV"
    Warning (15610): No output dependent on input pin "ENET1_RX_ER"
    Warning (15610): No output dependent on input pin "ENET1_TX_CLK"
    Warning (15610): No output dependent on input pin "ENET1_LINK100"
    Warning (15610): No output dependent on input pin "TD_CLK27"
    Warning (15610): No output dependent on input pin "TD_DATA[0]"
    Warning (15610): No output dependent on input pin "TD_DATA[1]"
    Warning (15610): No output dependent on input pin "TD_DATA[2]"
    Warning (15610): No output dependent on input pin "TD_DATA[3]"
    Warning (15610): No output dependent on input pin "TD_DATA[4]"
    Warning (15610): No output dependent on input pin "TD_DATA[5]"
    Warning (15610): No output dependent on input pin "TD_DATA[6]"
    Warning (15610): No output dependent on input pin "TD_DATA[7]"
    Warning (15610): No output dependent on input pin "TD_HS"
    Warning (15610): No output dependent on input pin "TD_VS"
    Warning (15610): No output dependent on input pin "OTG_INT"
    Warning (15610): No output dependent on input pin "IRDA_RXD"
    Warning (15610): No output dependent on input pin "FL_RY"
    Warning (15610): No output dependent on input pin "HSMC_CLKIN_P1"
    Warning (15610): No output dependent on input pin "HSMC_CLKIN_P2"
    Warning (15610): No output dependent on input pin "HSMC_CLKIN0"
    Warning (15610): No output dependent on input pin "HSMC_RX_D_P[0]"
    Warning (15610): No output dependent on input pin "HSMC_RX_D_P[1]"
    Warning (15610): No output dependent on input pin "HSMC_RX_D_P[2]"
    Warning (15610): No output dependent on input pin "HSMC_RX_D_P[3]"
    Warning (15610): No output dependent on input pin "HSMC_RX_D_P[4]"
    Warning (15610): No output dependent on input pin "HSMC_RX_D_P[5]"
    Warning (15610): No output dependent on input pin "HSMC_RX_D_P[6]"
    Warning (15610): No output dependent on input pin "HSMC_RX_D_P[7]"
    Warning (15610): No output dependent on input pin "HSMC_RX_D_P[8]"
    Warning (15610): No output dependent on input pin "HSMC_RX_D_P[9]"
    Warning (15610): No output dependent on input pin "HSMC_RX_D_P[10]"
    Warning (15610): No output dependent on input pin "HSMC_RX_D_P[11]"
    Warning (15610): No output dependent on input pin "HSMC_RX_D_P[12]"
    Warning (15610): No output dependent on input pin "HSMC_RX_D_P[13]"
    Warning (15610): No output dependent on input pin "HSMC_RX_D_P[14]"
    Warning (15610): No output dependent on input pin "HSMC_RX_D_P[15]"
    Warning (15610): No output dependent on input pin "HSMC_RX_D_P[16]"
Info (21057): Implemented 39769 device resources after synthesis - the final resource count might be different
    Info (21058): Implemented 91 input pins
    Info (21059): Implemented 248 output pins
    Info (21060): Implemented 141 bidirectional pins
    Info (21061): Implemented 39230 logic cells
    Info (21064): Implemented 58 RAM segments
    Info (21065): Implemented 1 PLLs
Info: Quartus II 64-Bit Analysis & Synthesis was successful. 0 errors, 438 warnings
    Info: Peak virtual memory: 5129 megabytes
    Info: Processing ended: Tue Dec 23 21:53:16 2025
    Info: Elapsed time: 00:01:20
    Info: Total CPU time (on all processors): 00:01:24


+------------------------------------------+
; Analysis & Synthesis Suppressed Messages ;
+------------------------------------------+
The suppressed messages can be found in C:/Users/user/Desktop/dclab_hw/final/VGA_RGB_blocks_with_sram/output_files/DE2_115.map.smsg.


