WIDTH=8;
DEPTH=15198;
ADDRESS_RADIX=HEX;
DATA_RADIX=HEX;

CONTENT BEGIN
000000 : 00;
000001 : 00;
000002 : 00;
000003 : 00;
000004 : 00;
000005 : 00;
000006 : 00;
000007 : 00;
000008 : 00;
000009 : 00;
00000A : 00;
00000B : 00;
00000C : 00;
00000D : 00;
00000E : 00;
00000F : 00;
000010 : 00;
000011 : 00;
000012 : 00;
000013 : 00;
000014 : 00;
000015 : 00;
000016 : 00;
000017 : 00;
000018 : 00;
000019 : 00;
00001A : 00;
00001B : 00;
00001C : 00;
00001D : 00;
00001E : 00;
00001F : 00;
000020 : 00;
000021 : 00;
000022 : 00;
000023 : 00;
000024 : 00;
000025 : 00;
000026 : 00;
000027 : 00;
000028 : 00;
000029 : 00;
00002A : 00;
00002B : 00;
00002C : 00;
00002D : 00;
00002E : 00;
00002F : 00;
000030 : 00;
000031 : 00;
000032 : 00;
000033 : 00;
000034 : 00;
000035 : 00;
000036 : 00;
000037 : 00;
000038 : 00;
000039 : 00;
00003A : 00;
00003B : 44;
00003C : B3;
00003D : 27;
00003E : 44;
00003F : 03;
000040 : 2B;
000041 : 96;
000042 : 2B;
000043 : 2B;
000044 : 2B;
000045 : 2B;
000046 : 2B;
000047 : 03;
000048 : 03;
000049 : 94;
00004A : 94;
00004B : 03;
00004C : 2B;
00004D : 2B;
00004E : 15;
00004F : 94;
000050 : 00;
000051 : 00;
000052 : 00;
000053 : 00;
000054 : 00;
000055 : 00;
000056 : 00;
000057 : 00;
000058 : 00;
000059 : 00;
00005A : 00;
00005B : 00;
00005C : 00;
00005D : 00;
00005E : 00;
00005F : 00;
000060 : 00;
000061 : 00;
000062 : 00;
000063 : 00;
000064 : 00;
000065 : 00;
000066 : 00;
000067 : 00;
000068 : 00;
000069 : 00;
00006A : 00;
00006B : 00;
00006C : 00;
00006D : 00;
00006E : 00;
00006F : 00;
000070 : 00;
000071 : 00;
000072 : 00;
000073 : 00;
000074 : 00;
000075 : 00;
000076 : 00;
000077 : 00;
000078 : 00;
000079 : 00;
00007A : 00;
00007B : 00;
00007C : 00;
00007D : 00;
00007E : 00;
00007F : 00;
000080 : 00;
000081 : 00;
000082 : 00;
000083 : 00;
000084 : 00;
000085 : 00;
000086 : 00;
000087 : 00;
000088 : 00;
000089 : 00;
00008A : 00;
00008B : 00;
00008C : 00;
00008D : 00;
00008E : 00;
00008F : 00;
000090 : 00;
000091 : 00;
000092 : 00;
000093 : 00;
000094 : 00;
000095 : 00;
000096 : 00;
000097 : 00;
000098 : 00;
000099 : 00;
00009A : 00;
00009B : 00;
00009C : 00;
00009D : 00;
00009E : 00;
00009F : 44;
0000A0 : 96;
0000A1 : 96;
0000A2 : 96;
0000A3 : 15;
0000A4 : 15;
0000A5 : 1B;
0000A6 : 3C;
0000A7 : BA;
0000A8 : 4F;
0000A9 : 72;
0000AA : 10;
0000AB : 5F;
0000AC : 5F;
0000AD : 8F;
0000AE : 72;
0000AF : 57;
0000B0 : 27;
0000B1 : 1B;
0000B2 : 2B;
0000B3 : 94;
0000B4 : 2B;
0000B5 : 2B;
0000B6 : 2B;
0000B7 : 2B;
0000B8 : 00;
0000B9 : 00;
0000BA : 00;
0000BB : 00;
0000BC : 00;
0000BD : 00;
0000BE : 00;
0000BF : 00;
0000C0 : 00;
0000C1 : 00;
0000C2 : 00;
0000C3 : 00;
0000C4 : 00;
0000C5 : 00;
0000C6 : 00;
0000C7 : 00;
0000C8 : 00;
0000C9 : 00;
0000CA : 00;
0000CB : 00;
0000CC : 00;
0000CD : 00;
0000CE : 00;
0000CF : 00;
0000D0 : 00;
0000D1 : 00;
0000D2 : 00;
0000D3 : 00;
0000D4 : 00;
0000D5 : 00;
0000D6 : 00;
0000D7 : 00;
0000D8 : 00;
0000D9 : 00;
0000DA : 00;
0000DB : 00;
0000DC : 00;
0000DD : 00;
0000DE : 00;
0000DF : 00;
0000E0 : 00;
0000E1 : 00;
0000E2 : 00;
0000E3 : 00;
0000E4 : 00;
0000E5 : 00;
0000E6 : 00;
0000E7 : 00;
0000E8 : 00;
0000E9 : 00;
0000EA : 00;
0000EB : 00;
0000EC : 00;
0000ED : 00;
0000EE : 00;
0000EF : 00;
0000F0 : 00;
0000F1 : 00;
0000F2 : 00;
0000F3 : 00;
0000F4 : 00;
0000F5 : 00;
0000F6 : 00;
0000F7 : 00;
0000F8 : 00;
0000F9 : 00;
0000FA : 00;
0000FB : 00;
0000FC : 00;
0000FD : 00;
0000FE : 00;
0000FF : 00;
000100 : 00;
000101 : 00;
000102 : 00;
000103 : 00;
000104 : 03;
000105 : 03;
000106 : 96;
000107 : 44;
000108 : D7;
000109 : 42;
00010A : 37;
00010B : DF;
00010C : 0D;
00010D : 02;
00010E : C6;
00010F : 19;
000110 : 6E;
000111 : 6E;
000112 : 6E;
000113 : 6E;
000114 : 19;
000115 : C6;
000116 : 02;
000117 : B2;
000118 : 5F;
000119 : E4;
00011A : 36;
00011B : 96;
00011C : 96;
00011D : 2B;
00011E : 2B;
00011F : 94;
000120 : 00;
000121 : 00;
000122 : 00;
000123 : 00;
000124 : 00;
000125 : 00;
000126 : 00;
000127 : 00;
000128 : 00;
000129 : 00;
00012A : 00;
00012B : 00;
00012C : 00;
00012D : 00;
00012E : 00;
00012F : 00;
000130 : 00;
000131 : 00;
000132 : 00;
000133 : 00;
000134 : 00;
000135 : 00;
000136 : 00;
000137 : 00;
000138 : 00;
000139 : 00;
00013A : 00;
00013B : 00;
00013C : 00;
00013D : 00;
00013E : 00;
00013F : 00;
000140 : 00;
000141 : 00;
000142 : 00;
000143 : 00;
000144 : 00;
000145 : 00;
000146 : 00;
000147 : 00;
000148 : 00;
000149 : 00;
00014A : 00;
00014B : 00;
00014C : 00;
00014D : 00;
00014E : 00;
00014F : 00;
000150 : 00;
000151 : 00;
000152 : 00;
000153 : 00;
000154 : 00;
000155 : 00;
000156 : 00;
000157 : 00;
000158 : 00;
000159 : 00;
00015A : 00;
00015B : 00;
00015C : 00;
00015D : 00;
00015E : 00;
00015F : 00;
000160 : 00;
000161 : 00;
000162 : 00;
000163 : 00;
000164 : 00;
000165 : 00;
000166 : 00;
000167 : 00;
000168 : 03;
000169 : 2B;
00016A : 2B;
00016B : 15;
00016C : 1B;
00016D : F6;
00016E : 31;
00016F : 2F;
000170 : 19;
000171 : 19;
000172 : 19;
000173 : C6;
000174 : C6;
000175 : C6;
000176 : C6;
000177 : C6;
000178 : C6;
000179 : C6;
00017A : C6;
00017B : C6;
00017C : C6;
00017D : 19;
00017E : 6E;
00017F : C6;
000180 : B2;
000181 : 10;
000182 : 27;
000183 : 15;
000184 : 96;
000185 : 2B;
000186 : 03;
000187 : 2B;
000188 : 00;
000189 : 00;
00018A : 00;
00018B : 00;
00018C : 00;
00018D : 00;
00018E : 00;
00018F : 00;
000190 : 00;
000191 : 00;
000192 : 00;
000193 : 00;
000194 : 00;
000195 : 00;
000196 : 00;
000197 : 00;
000198 : 00;
000199 : 00;
00019A : 00;
00019B : 00;
00019C : 00;
00019D : 00;
00019E : 00;
00019F : 00;
0001A0 : 00;
0001A1 : 00;
0001A2 : 00;
0001A3 : 00;
0001A4 : 00;
0001A5 : 00;
0001A6 : 00;
0001A7 : 00;
0001A8 : 00;
0001A9 : 00;
0001AA : 00;
0001AB : 00;
0001AC : 00;
0001AD : 00;
0001AE : 00;
0001AF : 00;
0001B0 : 00;
0001B1 : 00;
0001B2 : 00;
0001B3 : 00;
0001B4 : 00;
0001B5 : 00;
0001B6 : 00;
0001B7 : 00;
0001B8 : 00;
0001B9 : 00;
0001BA : 00;
0001BB : 00;
0001BC : 00;
0001BD : 00;
0001BE : 00;
0001BF : 00;
0001C0 : 00;
0001C1 : 00;
0001C2 : 00;
0001C3 : 00;
0001C4 : 00;
0001C5 : 00;
0001C6 : 00;
0001C7 : 00;
0001C8 : 00;
0001C9 : 00;
0001CA : 00;
0001CB : 00;
0001CC : 00;
0001CD : 2B;
0001CE : 2B;
0001CF : 44;
0001D0 : 1B;
0001D1 : 60;
0001D2 : 08;
0001D3 : 23;
0001D4 : 19;
0001D5 : C6;
0001D6 : 23;
0001D7 : 23;
0001D8 : C6;
0001D9 : 23;
0001DA : C6;
0001DB : C6;
0001DC : C6;
0001DD : C6;
0001DE : C6;
0001DF : C6;
0001E0 : C6;
0001E1 : 23;
0001E2 : 23;
0001E3 : 23;
0001E4 : 23;
0001E5 : C6;
0001E6 : 19;
0001E7 : 6E;
0001E8 : 2F;
0001E9 : 5F;
0001EA : 3A;
0001EB : 15;
0001EC : 2B;
0001ED : 2B;
0001EE : 2B;
0001EF : 11;
0001F0 : 00;
0001F1 : 00;
0001F2 : 00;
0001F3 : 00;
0001F4 : 00;
0001F5 : 00;
0001F6 : 00;
0001F7 : 00;
0001F8 : 00;
0001F9 : 00;
0001FA : 00;
0001FB : 00;
0001FC : 00;
0001FD : 00;
0001FE : 00;
0001FF : 00;
000200 : 00;
000201 : 00;
000202 : 00;
000203 : 00;
000204 : 00;
000205 : 00;
000206 : 00;
000207 : 00;
000208 : 00;
000209 : 00;
00020A : 00;
00020B : 00;
00020C : 00;
00020D : 00;
00020E : 00;
00020F : 00;
000210 : 00;
000211 : 00;
000212 : 00;
000213 : 00;
000214 : 00;
000215 : 00;
000216 : 00;
000217 : 00;
000218 : 00;
000219 : 00;
00021A : 00;
00021B : 00;
00021C : 00;
00021D : 00;
00021E : 00;
00021F : 00;
000220 : 00;
000221 : 00;
000222 : 00;
000223 : 00;
000224 : 00;
000225 : 00;
000226 : 00;
000227 : 00;
000228 : 00;
000229 : 00;
00022A : 00;
00022B : 00;
00022C : 00;
00022D : 00;
00022E : 00;
00022F : 00;
000230 : 00;
000231 : 00;
000232 : 2B;
000233 : 2B;
000234 : 44;
000235 : B3;
000236 : 72;
000237 : 6B;
000238 : 19;
000239 : 19;
00023A : 23;
00023B : 23;
00023C : C6;
00023D : C6;
00023E : C6;
00023F : C6;
000240 : C6;
000241 : C6;
000242 : C6;
000243 : C6;
000244 : C6;
000245 : C6;
000246 : C6;
000247 : C6;
000248 : C6;
000249 : C6;
00024A : C6;
00024B : C6;
00024C : 23;
00024D : 23;
00024E : 19;
00024F : 6E;
000250 : 2F;
000251 : 10;
000252 : AF;
000253 : 2B;
000254 : 03;
000255 : 11;
000256 : 11;
000257 : 00;
000258 : 00;
000259 : 00;
00025A : 00;
00025B : 00;
00025C : 00;
00025D : 00;
00025E : 00;
00025F : 00;
000260 : 00;
000261 : 00;
000262 : 00;
000263 : 00;
000264 : 00;
000265 : 00;
000266 : 00;
000267 : 00;
000268 : 00;
000269 : 00;
00026A : 00;
00026B : 00;
00026C : 00;
00026D : 00;
00026E : 00;
00026F : 00;
000270 : 00;
000271 : 00;
000272 : 00;
000273 : 00;
000274 : 00;
000275 : 00;
000276 : 00;
000277 : 00;
000278 : 00;
000279 : 00;
00027A : 00;
00027B : 00;
00027C : 00;
00027D : 00;
00027E : 00;
00027F : 00;
000280 : 00;
000281 : 00;
000282 : 00;
000283 : 00;
000284 : 00;
000285 : 00;
000286 : 00;
000287 : 00;
000288 : 00;
000289 : 00;
00028A : 00;
00028B : 00;
00028C : 00;
00028D : 00;
00028E : 00;
00028F : 00;
000290 : 00;
000291 : 00;
000292 : 00;
000293 : 00;
000294 : 00;
000295 : 00;
000296 : 00;
000297 : 2B;
000298 : 2B;
000299 : 44;
00029A : AF;
00029B : 5F;
00029C : C6;
00029D : 19;
00029E : 23;
00029F : 23;
0002A0 : 23;
0002A1 : C6;
0002A2 : C6;
0002A3 : 23;
0002A4 : 23;
0002A5 : 23;
0002A6 : C6;
0002A7 : C6;
0002A8 : C6;
0002A9 : C6;
0002AA : C6;
0002AB : C6;
0002AC : C6;
0002AD : C6;
0002AE : C6;
0002AF : C6;
0002B0 : C6;
0002B1 : C6;
0002B2 : C6;
0002B3 : C6;
0002B4 : C6;
0002B5 : C6;
0002B6 : C6;
0002B7 : 6E;
0002B8 : 41;
0002B9 : 12;
0002BA : 15;
0002BB : 03;
0002BC : 11;
0002BD : 94;
0002BE : 00;
0002BF : 00;
0002C0 : 00;
0002C1 : 00;
0002C2 : 00;
0002C3 : 00;
0002C4 : 00;
0002C5 : 00;
0002C6 : 00;
0002C7 : 00;
0002C8 : 00;
0002C9 : 00;
0002CA : 00;
0002CB : 00;
0002CC : 00;
0002CD : 00;
0002CE : 00;
0002CF : 00;
0002D0 : 00;
0002D1 : 00;
0002D2 : 00;
0002D3 : 00;
0002D4 : 00;
0002D5 : 00;
0002D6 : 00;
0002D7 : 00;
0002D8 : 00;
0002D9 : 00;
0002DA : 00;
0002DB : 00;
0002DC : 00;
0002DD : 00;
0002DE : 00;
0002DF : 00;
0002E0 : 00;
0002E1 : 00;
0002E2 : 00;
0002E3 : 00;
0002E4 : 00;
0002E5 : 00;
0002E6 : 00;
0002E7 : 00;
0002E8 : 00;
0002E9 : 00;
0002EA : 00;
0002EB : 00;
0002EC : 00;
0002ED : 00;
0002EE : 00;
0002EF : 00;
0002F0 : 00;
0002F1 : 00;
0002F2 : 00;
0002F3 : 00;
0002F4 : 00;
0002F5 : 00;
0002F6 : 00;
0002F7 : 00;
0002F8 : 00;
0002F9 : 00;
0002FA : 00;
0002FB : 00;
0002FC : 3D;
0002FD : 2B;
0002FE : 44;
0002FF : 32;
000300 : DF;
000301 : 19;
000302 : 19;
000303 : C6;
000304 : 23;
000305 : 23;
000306 : 23;
000307 : 2F;
000308 : B2;
000309 : 31;
00030A : 31;
00030B : 25;
00030C : 02;
00030D : 23;
00030E : C6;
00030F : C6;
000310 : C6;
000311 : C6;
000312 : C6;
000313 : C6;
000314 : C6;
000315 : C6;
000316 : C6;
000317 : C6;
000318 : C6;
000319 : C6;
00031A : C6;
00031B : C6;
00031C : C6;
00031D : 02;
00031E : 6E;
00031F : 2F;
000320 : C1;
000321 : D7;
000322 : 96;
000323 : 94;
000324 : AE;
000325 : 00;
000326 : 00;
000327 : 00;
000328 : 00;
000329 : 00;
00032A : 00;
00032B : 00;
00032C : 00;
00032D : 00;
00032E : 00;
00032F : 00;
000330 : 00;
000331 : 00;
000332 : 00;
000333 : 00;
000334 : 00;
000335 : 00;
000336 : 00;
000337 : 00;
000338 : 00;
000339 : 00;
00033A : 00;
00033B : 00;
00033C : 00;
00033D : 00;
00033E : 00;
00033F : 00;
000340 : 00;
000341 : 00;
000342 : 00;
000343 : 00;
000344 : 00;
000345 : 00;
000346 : 00;
000347 : 00;
000348 : 00;
000349 : 00;
00034A : 00;
00034B : 00;
00034C : 00;
00034D : 00;
00034E : 00;
00034F : 00;
000350 : 00;
000351 : 00;
000352 : 00;
000353 : 00;
000354 : 00;
000355 : 00;
000356 : 00;
000357 : 00;
000358 : 00;
000359 : 00;
00035A : 00;
00035B : 00;
00035C : 00;
00035D : 00;
00035E : 00;
00035F : 00;
000360 : 00;
000361 : 34;
000362 : 34;
000363 : 4B;
000364 : AF;
000365 : DF;
000366 : 19;
000367 : C6;
000368 : C6;
000369 : C6;
00036A : 23;
00036B : 23;
00036C : 2F;
00036D : 31;
00036E : DF;
00036F : 08;
000370 : 08;
000371 : 08;
000372 : 31;
000373 : 02;
000374 : C6;
000375 : C6;
000376 : C6;
000377 : C6;
000378 : C6;
000379 : C6;
00037A : C6;
00037B : C6;
00037C : C6;
00037D : C6;
00037E : C6;
00037F : C6;
000380 : C6;
000381 : C6;
000382 : C6;
000383 : C6;
000384 : 23;
000385 : C6;
000386 : 02;
000387 : 10;
000388 : D7;
000389 : 96;
00038A : 94;
00038B : 11;
00038C : 00;
00038D : 00;
00038E : 00;
00038F : 00;
000390 : 00;
000391 : 00;
000392 : 00;
000393 : 00;
000394 : 00;
000395 : 00;
000396 : 00;
000397 : 00;
000398 : 00;
000399 : 00;
00039A : 00;
00039B : 00;
00039C : 00;
00039D : 00;
00039E : 00;
00039F : 00;
0003A0 : 00;
0003A1 : 00;
0003A2 : 00;
0003A3 : 00;
0003A4 : 00;
0003A5 : 00;
0003A6 : 00;
0003A7 : 00;
0003A8 : 00;
0003A9 : 00;
0003AA : 00;
0003AB : 00;
0003AC : 00;
0003AD : 00;
0003AE : 00;
0003AF : 00;
0003B0 : 00;
0003B1 : 00;
0003B2 : 00;
0003B3 : 00;
0003B4 : 00;
0003B5 : 00;
0003B6 : 00;
0003B7 : 00;
0003B8 : 00;
0003B9 : 00;
0003BA : 00;
0003BB : 00;
0003BC : 00;
0003BD : 00;
0003BE : 00;
0003BF : 00;
0003C0 : 00;
0003C1 : 00;
0003C2 : 00;
0003C3 : 00;
0003C4 : 00;
0003C5 : 00;
0003C6 : 00;
0003C7 : 34;
0003C8 : 2B;
0003C9 : 1B;
0003CA : D6;
0003CB : 19;
0003CC : C6;
0003CD : 23;
0003CE : C6;
0003CF : C6;
0003D0 : 23;
0003D1 : 02;
0003D2 : 41;
0003D3 : DF;
0003D4 : DF;
0003D5 : DF;
0003D6 : 08;
0003D7 : 08;
0003D8 : 08;
0003D9 : B2;
0003DA : C6;
0003DB : C6;
0003DC : C6;
0003DD : C6;
0003DE : C6;
0003DF : C6;
0003E0 : C6;
0003E1 : C6;
0003E2 : C6;
0003E3 : C6;
0003E4 : C6;
0003E5 : C6;
0003E6 : C6;
0003E7 : C6;
0003E8 : C6;
0003E9 : C6;
0003EA : 23;
0003EB : 23;
0003EC : 23;
0003ED : C6;
0003EE : 10;
0003EF : D7;
0003F0 : 96;
0003F1 : 34;
0003F2 : 34;
0003F3 : 00;
0003F4 : 00;
0003F5 : 00;
0003F6 : 00;
0003F7 : 00;
0003F8 : 00;
0003F9 : 00;
0003FA : 00;
0003FB : 00;
0003FC : 00;
0003FD : 00;
0003FE : 00;
0003FF : 00;
000400 : 00;
000401 : 00;
000402 : 00;
000403 : 00;
000404 : 00;
000405 : 00;
000406 : 00;
000407 : 00;
000408 : 00;
000409 : 00;
00040A : 00;
00040B : 00;
00040C : 00;
00040D : 00;
00040E : 00;
00040F : 00;
000410 : 00;
000411 : 00;
000412 : 00;
000413 : 00;
000414 : 00;
000415 : 00;
000416 : 00;
000417 : 00;
000418 : 00;
000419 : 00;
00041A : 00;
00041B : 00;
00041C : 00;
00041D : 00;
00041E : 00;
00041F : 00;
000420 : 00;
000421 : 00;
000422 : 00;
000423 : 00;
000424 : 00;
000425 : 00;
000426 : 00;
000427 : 96;
000428 : 03;
000429 : 94;
00042A : 03;
00042B : 2B;
00042C : 03;
00042D : 03;
00042E : 15;
00042F : 37;
000430 : 19;
000431 : 19;
000432 : C6;
000433 : C6;
000434 : C6;
000435 : 23;
000436 : C6;
000437 : 2F;
000438 : DF;
000439 : DF;
00043A : DF;
00043B : DF;
00043C : 08;
00043D : 08;
00043E : 08;
00043F : 41;
000440 : C6;
000441 : C6;
000442 : C6;
000443 : C6;
000444 : C6;
000445 : C6;
000446 : C6;
000447 : C6;
000448 : C6;
000449 : C6;
00044A : C6;
00044B : C6;
00044C : C6;
00044D : C6;
00044E : C6;
00044F : 23;
000450 : 23;
000451 : 23;
000452 : 02;
000453 : C6;
000454 : 02;
000455 : 72;
000456 : 44;
000457 : 2B;
000458 : 2B;
000459 : 00;
00045A : 00;
00045B : 00;
00045C : 00;
00045D : 00;
00045E : 00;
00045F : 00;
000460 : 00;
000461 : 00;
000462 : 00;
000463 : 00;
000464 : 00;
000465 : 00;
000466 : 00;
000467 : 00;
000468 : 00;
000469 : 00;
00046A : 00;
00046B : 00;
00046C : 00;
00046D : 00;
00046E : 00;
00046F : 00;
000470 : 00;
000471 : 00;
000472 : 00;
000473 : 00;
000474 : 00;
000475 : 00;
000476 : 00;
000477 : 00;
000478 : 00;
000479 : 00;
00047A : 00;
00047B : 00;
00047C : 00;
00047D : 00;
00047E : 00;
00047F : 00;
000480 : 00;
000481 : 00;
000482 : 00;
000483 : 00;
000484 : 00;
000485 : 00;
000486 : 00;
000487 : 00;
000488 : 00;
000489 : 00;
00048A : 00;
00048B : 2B;
00048C : 2B;
00048D : 2B;
00048E : 2B;
00048F : 2B;
000490 : 2B;
000491 : 96;
000492 : 15;
000493 : 15;
000494 : C9;
000495 : B1;
000496 : 19;
000497 : 23;
000498 : 19;
000499 : 23;
00049A : 23;
00049B : 23;
00049C : 23;
00049D : 2F;
00049E : DF;
00049F : DF;
0004A0 : DF;
0004A1 : 08;
0004A2 : 08;
0004A3 : 08;
0004A4 : 08;
0004A5 : B2;
0004A6 : C6;
0004A7 : C6;
0004A8 : C6;
0004A9 : C6;
0004AA : C6;
0004AB : C6;
0004AC : C6;
0004AD : C6;
0004AE : C6;
0004AF : C6;
0004B0 : C6;
0004B1 : C6;
0004B2 : C6;
0004B3 : C6;
0004B4 : C6;
0004B5 : C6;
0004B6 : 23;
0004B7 : 23;
0004B8 : 23;
0004B9 : 23;
0004BA : C6;
0004BB : 2F;
0004BC : E4;
0004BD : 15;
0004BE : 2B;
0004BF : 34;
0004C0 : 00;
0004C1 : 00;
0004C2 : 00;
0004C3 : 00;
0004C4 : 00;
0004C5 : 00;
0004C6 : 00;
0004C7 : 00;
0004C8 : 00;
0004C9 : 00;
0004CA : 00;
0004CB : 00;
0004CC : 00;
0004CD : 00;
0004CE : 00;
0004CF : 00;
0004D0 : 00;
0004D1 : 00;
0004D2 : 00;
0004D3 : 00;
0004D4 : 00;
0004D5 : 00;
0004D6 : 00;
0004D7 : 00;
0004D8 : 00;
0004D9 : 00;
0004DA : 00;
0004DB : 00;
0004DC : 00;
0004DD : 00;
0004DE : 00;
0004DF : 00;
0004E0 : 00;
0004E1 : 00;
0004E2 : 00;
0004E3 : 00;
0004E4 : 00;
0004E5 : 00;
0004E6 : 00;
0004E7 : 00;
0004E8 : 00;
0004E9 : 00;
0004EA : 00;
0004EB : 00;
0004EC : 00;
0004ED : 00;
0004EE : 00;
0004EF : 00;
0004F0 : 11;
0004F1 : 03;
0004F2 : 2B;
0004F3 : 15;
0004F4 : 36;
0004F5 : AF;
0004F6 : AF;
0004F7 : 1B;
0004F8 : 15;
0004F9 : 15;
0004FA : 42;
0004FB : 23;
0004FC : 19;
0004FD : 23;
0004FE : 19;
0004FF : 23;
000500 : C6;
000501 : 23;
000502 : 23;
000503 : 02;
000504 : 0D;
000505 : 41;
000506 : DF;
000507 : DF;
000508 : DF;
000509 : DF;
00050A : 41;
00050B : C6;
00050C : C6;
00050D : C6;
00050E : 19;
00050F : 19;
000510 : 23;
000511 : 23;
000512 : 23;
000513 : C6;
000514 : C6;
000515 : C6;
000516 : C6;
000517 : C6;
000518 : C6;
000519 : 23;
00051A : C6;
00051B : C6;
00051C : 23;
00051D : 23;
00051E : 23;
00051F : 23;
000520 : 23;
000521 : 19;
000522 : A0;
000523 : 68;
000524 : 96;
000525 : 2B;
000526 : 94;
000527 : 00;
000528 : 00;
000529 : 00;
00052A : 00;
00052B : 00;
00052C : 00;
00052D : 00;
00052E : 00;
00052F : 00;
000530 : 00;
000531 : 00;
000532 : 00;
000533 : 00;
000534 : 00;
000535 : 00;
000536 : 00;
000537 : 00;
000538 : 00;
000539 : 00;
00053A : 00;
00053B : 00;
00053C : 00;
00053D : 00;
00053E : 00;
00053F : 00;
000540 : 00;
000541 : 00;
000542 : 00;
000543 : 00;
000544 : 00;
000545 : 00;
000546 : 00;
000547 : 00;
000548 : 00;
000549 : 00;
00054A : 00;
00054B : 00;
00054C : 00;
00054D : 00;
00054E : 00;
00054F : 00;
000550 : 00;
000551 : 00;
000552 : 00;
000553 : 00;
000554 : 00;
000555 : 96;
000556 : 34;
000557 : 2B;
000558 : 36;
000559 : 21;
00055A : 25;
00055B : 6B;
00055C : 6B;
00055D : A0;
00055E : 72;
00055F : 1B;
000560 : 96;
000561 : 10;
000562 : 19;
000563 : 19;
000564 : C6;
000565 : C6;
000566 : C6;
000567 : 23;
000568 : 23;
000569 : C6;
00056A : C6;
00056B : C6;
00056C : 02;
00056D : 2F;
00056E : 2F;
00056F : 2F;
000570 : C6;
000571 : C6;
000572 : C6;
000573 : C6;
000574 : 19;
000575 : 23;
000576 : 23;
000577 : 23;
000578 : 23;
000579 : 23;
00057A : 23;
00057B : C6;
00057C : C6;
00057D : C6;
00057E : C6;
00057F : 23;
000580 : 23;
000581 : C6;
000582 : 23;
000583 : C6;
000584 : 23;
000585 : 23;
000586 : 23;
000587 : 23;
000588 : 6E;
000589 : 1E;
00058A : D7;
00058B : 15;
00058C : 2B;
00058D : 00;
00058E : 00;
00058F : 00;
000590 : 00;
000591 : 00;
000592 : 00;
000593 : 00;
000594 : 00;
000595 : 00;
000596 : 00;
000597 : 00;
000598 : 00;
000599 : 00;
00059A : 00;
00059B : 00;
00059C : 00;
00059D : 00;
00059E : 00;
00059F : 00;
0005A0 : 00;
0005A1 : 00;
0005A2 : 00;
0005A3 : 00;
0005A4 : 00;
0005A5 : 00;
0005A6 : 00;
0005A7 : 00;
0005A8 : 00;
0005A9 : 00;
0005AA : 00;
0005AB : 00;
0005AC : 00;
0005AD : 00;
0005AE : 00;
0005AF : 00;
0005B0 : 00;
0005B1 : 00;
0005B2 : 00;
0005B3 : 00;
0005B4 : 00;
0005B5 : 00;
0005B6 : 00;
0005B7 : 00;
0005B8 : 00;
0005B9 : 00;
0005BA : 00;
0005BB : 34;
0005BC : 2B;
0005BD : 1B;
0005BE : 84;
0005BF : 02;
0005C0 : 0E;
0005C1 : 47;
0005C2 : 6B;
0005C3 : 6E;
0005C4 : 6E;
0005C5 : 10;
0005C6 : 96;
0005C7 : 1B;
0005C8 : 41;
0005C9 : 19;
0005CA : C6;
0005CB : C6;
0005CC : 23;
0005CD : 23;
0005CE : C6;
0005CF : C6;
0005D0 : C6;
0005D1 : C6;
0005D2 : C6;
0005D3 : C6;
0005D4 : C6;
0005D5 : C6;
0005D6 : C6;
0005D7 : C6;
0005D8 : C6;
0005D9 : 02;
0005DA : 2F;
0005DB : 23;
0005DC : 19;
0005DD : 19;
0005DE : 23;
0005DF : 23;
0005E0 : 23;
0005E1 : C6;
0005E2 : 02;
0005E3 : 2F;
0005E4 : 6E;
0005E5 : 23;
0005E6 : 23;
0005E7 : 23;
0005E8 : 23;
0005E9 : 23;
0005EA : 23;
0005EB : 23;
0005EC : 23;
0005ED : 23;
0005EE : 19;
0005EF : 02;
0005F0 : 1D;
0005F1 : 15;
0005F2 : 2B;
0005F3 : 94;
0005F4 : 00;
0005F5 : 00;
0005F6 : 00;
0005F7 : 00;
0005F8 : 00;
0005F9 : 00;
0005FA : 00;
0005FB : 00;
0005FC : 00;
0005FD : 00;
0005FE : 00;
0005FF : 00;
000600 : 00;
000601 : 00;
000602 : 00;
000603 : 00;
000604 : 00;
000605 : 00;
000606 : 00;
000607 : 00;
000608 : 00;
000609 : 00;
00060A : 00;
00060B : 00;
00060C : 00;
00060D : 00;
00060E : 00;
00060F : 00;
000610 : 00;
000611 : 00;
000612 : 00;
000613 : 00;
000614 : 00;
000615 : 00;
000616 : 00;
000617 : 00;
000618 : 00;
000619 : 00;
00061A : 00;
00061B : 00;
00061C : 00;
00061D : 00;
00061E : 00;
00061F : 00;
000620 : 03;
000621 : 34;
000622 : 2B;
000623 : 12;
000624 : 6B;
000625 : 21;
000626 : 4B;
000627 : 2B;
000628 : 17;
000629 : 0E;
00062A : 23;
00062B : 02;
00062C : 27;
00062D : 94;
00062E : 72;
00062F : 19;
000630 : 23;
000631 : C6;
000632 : 23;
000633 : 23;
000634 : 23;
000635 : C6;
000636 : 19;
000637 : C6;
000638 : C6;
000639 : 23;
00063A : 23;
00063B : 23;
00063C : 23;
00063D : C6;
00063E : 02;
00063F : 65;
000640 : 07;
000641 : 62;
000642 : 10;
000643 : 41;
000644 : 23;
000645 : 19;
000646 : 23;
000647 : C6;
000648 : CA;
000649 : 3C;
00064A : 08;
00064B : 6E;
00064C : 19;
00064D : 23;
00064E : 23;
00064F : 23;
000650 : 23;
000651 : 23;
000652 : C6;
000653 : C6;
000654 : 23;
000655 : 6E;
000656 : DF;
000657 : D7;
000658 : 96;
000659 : 03;
00065A : 00;
00065B : 00;
00065C : 00;
00065D : 00;
00065E : 00;
00065F : 00;
000660 : 00;
000661 : 00;
000662 : 00;
000663 : 00;
000664 : 00;
000665 : 00;
000666 : 00;
000667 : 00;
000668 : 00;
000669 : 00;
00066A : 00;
00066B : 00;
00066C : 00;
00066D : 00;
00066E : 00;
00066F : 00;
000670 : 00;
000671 : 00;
000672 : 00;
000673 : 00;
000674 : 00;
000675 : 00;
000676 : 00;
000677 : 00;
000678 : 00;
000679 : 00;
00067A : 00;
00067B : 00;
00067C : 00;
00067D : 00;
00067E : 00;
00067F : 00;
000680 : 00;
000681 : 00;
000682 : 00;
000683 : 00;
000684 : 00;
000685 : 00;
000686 : 34;
000687 : 03;
000688 : 1B;
000689 : 08;
00068A : 02;
00068B : 9F;
00068C : 2B;
00068D : 2B;
00068E : 2B;
00068F : 42;
000690 : 6B;
000691 : 6E;
000692 : 10;
000693 : 94;
000694 : 3A;
000695 : 02;
000696 : 23;
000697 : 23;
000698 : 23;
000699 : 23;
00069A : 23;
00069B : 19;
00069C : 19;
00069D : C6;
00069E : C6;
00069F : 19;
0006A0 : 19;
0006A1 : 23;
0006A2 : 23;
0006A3 : 23;
0006A4 : 23;
0006A5 : 41;
0006A6 : 65;
0006A7 : 07;
0006A8 : 34;
0006A9 : 4B;
0006AA : 57;
0006AB : 41;
0006AC : 19;
0006AD : 19;
0006AE : 31;
0006AF : 4B;
0006B0 : 4B;
0006B1 : CA;
0006B2 : C6;
0006B3 : 6E;
0006B4 : 23;
0006B5 : 23;
0006B6 : 23;
0006B7 : 23;
0006B8 : C6;
0006B9 : C6;
0006BA : 23;
0006BB : 19;
0006BC : B1;
0006BD : BA;
0006BE : 96;
0006BF : 15;
0006C0 : 36;
0006C1 : 00;
0006C2 : 00;
0006C3 : 00;
0006C4 : 00;
0006C5 : 00;
0006C6 : 00;
0006C7 : 00;
0006C8 : 00;
0006C9 : 00;
0006CA : 00;
0006CB : 00;
0006CC : 00;
0006CD : 00;
0006CE : 00;
0006CF : 00;
0006D0 : 00;
0006D1 : 00;
0006D2 : 00;
0006D3 : 00;
0006D4 : 00;
0006D5 : 00;
0006D6 : 00;
0006D7 : 00;
0006D8 : 00;
0006D9 : 00;
0006DA : 00;
0006DB : 00;
0006DC : 00;
0006DD : 00;
0006DE : 00;
0006DF : 00;
0006E0 : 00;
0006E1 : 00;
0006E2 : 00;
0006E3 : 00;
0006E4 : 00;
0006E5 : 00;
0006E6 : 00;
0006E7 : 00;
0006E8 : 00;
0006E9 : 00;
0006EA : 00;
0006EB : 00;
0006EC : 34;
0006ED : 03;
0006EE : 3C;
0006EF : 0D;
0006F0 : 23;
0006F1 : A0;
0006F2 : A0;
0006F3 : 72;
0006F4 : 15;
0006F5 : 2B;
0006F6 : 0E;
0006F7 : 6E;
0006F8 : B2;
0006F9 : 1B;
0006FA : 36;
0006FB : 6B;
0006FC : 19;
0006FD : 23;
0006FE : 23;
0006FF : 23;
000700 : C6;
000701 : C6;
000702 : C6;
000703 : 23;
000704 : 23;
000705 : 19;
000706 : 23;
000707 : 23;
000708 : 23;
000709 : 23;
00070A : 23;
00070B : C6;
00070C : C6;
00070D : 6B;
00070E : 08;
00070F : 57;
000710 : 2B;
000711 : 1B;
000712 : 5A;
000713 : 23;
000714 : 19;
000715 : D6;
000716 : 4B;
000717 : 34;
000718 : 57;
000719 : 41;
00071A : 19;
00071B : 19;
00071C : 19;
00071D : 19;
00071E : C6;
00071F : 19;
000720 : 23;
000721 : 23;
000722 : 19;
000723 : CA;
000724 : D7;
000725 : 96;
000726 : 96;
000727 : 00;
000728 : 00;
000729 : 00;
00072A : 00;
00072B : 00;
00072C : 00;
00072D : 00;
00072E : 00;
00072F : 00;
000730 : 00;
000731 : 00;
000732 : 00;
000733 : 00;
000734 : 00;
000735 : 00;
000736 : 00;
000737 : 00;
000738 : 00;
000739 : 00;
00073A : 00;
00073B : 00;
00073C : 00;
00073D : 00;
00073E : 00;
00073F : 00;
000740 : 00;
000741 : 00;
000742 : 00;
000743 : 00;
000744 : 00;
000745 : 00;
000746 : 00;
000747 : 00;
000748 : 00;
000749 : 00;
00074A : 00;
00074B : 00;
00074C : 00;
00074D : 00;
00074E : 00;
00074F : 00;
000750 : 00;
000751 : EE;
000752 : 2B;
000753 : 2B;
000754 : 12;
000755 : 02;
000756 : 02;
000757 : C6;
000758 : 6E;
000759 : 02;
00075A : 9F;
00075B : 03;
00075C : D6;
00075D : 6E;
00075E : 23;
00075F : 57;
000760 : 42;
000761 : 2F;
000762 : C6;
000763 : 23;
000764 : 23;
000765 : C6;
000766 : 23;
000767 : 23;
000768 : C6;
000769 : C6;
00076A : 23;
00076B : 19;
00076C : 23;
00076D : 23;
00076E : 23;
00076F : 23;
000770 : 23;
000771 : 23;
000772 : 23;
000773 : 23;
000774 : 6E;
000775 : C6;
000776 : 31;
000777 : 27;
000778 : 2B;
000779 : 84;
00077A : 23;
00077B : 6E;
00077C : DF;
00077D : 3C;
00077E : 11;
00077F : 15;
000780 : 57;
000781 : D6;
000782 : 25;
000783 : 02;
000784 : 19;
000785 : 23;
000786 : 23;
000787 : 23;
000788 : 19;
000789 : 41;
00078A : 52;
00078B : 96;
00078C : 96;
00078D : 00;
00078E : 00;
00078F : 00;
000790 : 00;
000791 : 00;
000792 : 00;
000793 : 00;
000794 : 00;
000795 : 00;
000796 : 00;
000797 : 00;
000798 : 00;
000799 : 00;
00079A : 00;
00079B : 00;
00079C : 00;
00079D : 00;
00079E : 00;
00079F : 00;
0007A0 : 00;
0007A1 : 00;
0007A2 : 00;
0007A3 : 00;
0007A4 : 00;
0007A5 : 00;
0007A6 : 00;
0007A7 : 00;
0007A8 : 00;
0007A9 : 00;
0007AA : 00;
0007AB : 00;
0007AC : 00;
0007AD : 00;
0007AE : 00;
0007AF : 00;
0007B0 : 00;
0007B1 : 00;
0007B2 : 00;
0007B3 : 00;
0007B4 : 00;
0007B5 : 00;
0007B6 : 00;
0007B7 : 1B;
0007B8 : 44;
0007B9 : 2B;
0007BA : C1;
0007BB : C6;
0007BC : 02;
0007BD : 02;
0007BE : C6;
0007BF : 19;
0007C0 : 12;
0007C1 : 94;
0007C2 : 10;
0007C3 : 45;
0007C4 : 23;
0007C5 : 6B;
0007C6 : 6B;
0007C7 : C6;
0007C8 : C6;
0007C9 : 23;
0007CA : 23;
0007CB : 23;
0007CC : 23;
0007CD : 6E;
0007CE : 6E;
0007CF : 6E;
0007D0 : 19;
0007D1 : 19;
0007D2 : 23;
0007D3 : 23;
0007D4 : 23;
0007D5 : 23;
0007D6 : 23;
0007D7 : 23;
0007D8 : 23;
0007D9 : 23;
0007DA : 23;
0007DB : C6;
0007DC : 6E;
0007DD : 0D;
0007DE : 42;
0007DF : 03;
0007E0 : 10;
0007E1 : 45;
0007E2 : 6E;
0007E3 : 0D;
0007E4 : 72;
0007E5 : AF;
0007E6 : 94;
0007E7 : 11;
0007E8 : 4B;
0007E9 : 1E;
0007EA : 45;
0007EB : 23;
0007EC : 23;
0007ED : 23;
0007EE : 23;
0007EF : 02;
0007F0 : BA;
0007F1 : 96;
0007F2 : AF;
0007F3 : 77;
0007F4 : 00;
0007F5 : 00;
0007F6 : 00;
0007F7 : 00;
0007F8 : 00;
0007F9 : 00;
0007FA : 00;
0007FB : 00;
0007FC : 00;
0007FD : 00;
0007FE : 00;
0007FF : 00;
000800 : 00;
000801 : 00;
000802 : 00;
000803 : 00;
000804 : 00;
000805 : 00;
000806 : 00;
000807 : 00;
000808 : 00;
000809 : 00;
00080A : 00;
00080B : 00;
00080C : 00;
00080D : 00;
00080E : 00;
00080F : 00;
000810 : 00;
000811 : 00;
000812 : 00;
000813 : 00;
000814 : 00;
000815 : 00;
000816 : 00;
000817 : 00;
000818 : 00;
000819 : 00;
00081A : 00;
00081B : 00;
00081C : 00;
00081D : AF;
00081E : 1B;
00081F : 2B;
000820 : 90;
000821 : 19;
000822 : 02;
000823 : 02;
000824 : C6;
000825 : C6;
000826 : 57;
000827 : 03;
000828 : 72;
000829 : 19;
00082A : 02;
00082B : 23;
00082C : C6;
00082D : C6;
00082E : C6;
00082F : 19;
000830 : 23;
000831 : C6;
000832 : 2F;
000833 : 10;
000834 : 65;
000835 : 37;
000836 : 41;
000837 : 19;
000838 : 19;
000839 : 23;
00083A : 23;
00083B : 23;
00083C : 23;
00083D : 23;
00083E : 23;
00083F : 23;
000840 : 23;
000841 : 23;
000842 : 23;
000843 : 19;
000844 : B2;
000845 : 68;
000846 : 15;
000847 : 08;
000848 : 45;
000849 : 45;
00084A : 19;
00084B : 6B;
00084C : 47;
00084D : 84;
00084E : 37;
00084F : 25;
000850 : 23;
000851 : 23;
000852 : 23;
000853 : 23;
000854 : 23;
000855 : 19;
000856 : 72;
000857 : 96;
000858 : 15;
000859 : D7;
00085A : 00;
00085B : 00;
00085C : 00;
00085D : 00;
00085E : 00;
00085F : 00;
000860 : 00;
000861 : 00;
000862 : 00;
000863 : 00;
000864 : 00;
000865 : 00;
000866 : 00;
000867 : 00;
000868 : 00;
000869 : 00;
00086A : 00;
00086B : 00;
00086C : 00;
00086D : 00;
00086E : 00;
00086F : 00;
000870 : 00;
000871 : 00;
000872 : 00;
000873 : 00;
000874 : 00;
000875 : 00;
000876 : 00;
000877 : 00;
000878 : 00;
000879 : 00;
00087A : 00;
00087B : 00;
00087C : 00;
00087D : 00;
00087E : 00;
00087F : 00;
000880 : 00;
000881 : 00;
000882 : 00;
000883 : 3C;
000884 : 36;
000885 : 2B;
000886 : 90;
000887 : 19;
000888 : 02;
000889 : 02;
00088A : 23;
00088B : C6;
00088C : 60;
00088D : 03;
00088E : 10;
00088F : 19;
000890 : 23;
000891 : 23;
000892 : 19;
000893 : 19;
000894 : 19;
000895 : 19;
000896 : 23;
000897 : 19;
000898 : 31;
000899 : 2B;
00089A : 11;
00089B : 11;
00089C : 13;
00089D : F6;
00089E : 41;
00089F : 23;
0008A0 : 19;
0008A1 : 45;
0008A2 : 23;
0008A3 : 02;
0008A4 : 23;
0008A5 : 23;
0008A6 : 23;
0008A7 : 23;
0008A8 : 23;
0008A9 : 23;
0008AA : 6E;
0008AB : 31;
0008AC : 15;
0008AD : 1B;
0008AE : 0E;
0008AF : 45;
0008B0 : 23;
0008B1 : 45;
0008B2 : 6E;
0008B3 : 6E;
0008B4 : 19;
0008B5 : 23;
0008B6 : 23;
0008B7 : 23;
0008B8 : 23;
0008B9 : 23;
0008BA : 23;
0008BB : 19;
0008BC : 1E;
0008BD : 15;
0008BE : 03;
0008BF : 11;
0008C0 : 00;
0008C1 : 00;
0008C2 : 00;
0008C3 : 00;
0008C4 : 00;
0008C5 : 00;
0008C6 : 00;
0008C7 : 00;
0008C8 : 00;
0008C9 : 00;
0008CA : 00;
0008CB : 00;
0008CC : 00;
0008CD : 00;
0008CE : 00;
0008CF : 00;
0008D0 : 00;
0008D1 : 00;
0008D2 : 00;
0008D3 : 00;
0008D4 : 00;
0008D5 : 00;
0008D6 : 00;
0008D7 : 00;
0008D8 : 00;
0008D9 : 00;
0008DA : 00;
0008DB : 00;
0008DC : 00;
0008DD : 00;
0008DE : 00;
0008DF : 00;
0008E0 : 00;
0008E1 : 00;
0008E2 : 00;
0008E3 : 00;
0008E4 : 00;
0008E5 : 00;
0008E6 : 00;
0008E7 : 00;
0008E8 : 00;
0008E9 : 3C;
0008EA : 36;
0008EB : 2B;
0008EC : 72;
0008ED : 6E;
0008EE : 02;
0008EF : 02;
0008F0 : C6;
0008F1 : 6B;
0008F2 : AF;
0008F3 : 03;
0008F4 : 5F;
0008F5 : 19;
0008F6 : 23;
0008F7 : 23;
0008F8 : 19;
0008F9 : 19;
0008FA : 19;
0008FB : 19;
0008FC : 23;
0008FD : 19;
0008FE : B2;
0008FF : 4B;
000900 : 3C;
000901 : BA;
000902 : 03;
000903 : 11;
000904 : 96;
000905 : BA;
000906 : 08;
000907 : 2F;
000908 : 6E;
000909 : 19;
00090A : 23;
00090B : 23;
00090C : 23;
00090D : 23;
00090E : 23;
00090F : 23;
000910 : 23;
000911 : C6;
000912 : 10;
000913 : 03;
000914 : 84;
000915 : 45;
000916 : 23;
000917 : 23;
000918 : 02;
000919 : 23;
00091A : 23;
00091B : 23;
00091C : 23;
00091D : 23;
00091E : 23;
00091F : 23;
000920 : 23;
000921 : 19;
000922 : 08;
000923 : 44;
000924 : AE;
000925 : 99;
000926 : 00;
000927 : 00;
000928 : 00;
000929 : 00;
00092A : 00;
00092B : 00;
00092C : 00;
00092D : 00;
00092E : 00;
00092F : 00;
000930 : 00;
000931 : 00;
000932 : 00;
000933 : 00;
000934 : 00;
000935 : 00;
000936 : 00;
000937 : 00;
000938 : 00;
000939 : 00;
00093A : 00;
00093B : 00;
00093C : 00;
00093D : 00;
00093E : 00;
00093F : 00;
000940 : 00;
000941 : 00;
000942 : 00;
000943 : 00;
000944 : 00;
000945 : 00;
000946 : 00;
000947 : 00;
000948 : 00;
000949 : 00;
00094A : 00;
00094B : 00;
00094C : 00;
00094D : 00;
00094E : 00;
00094F : 27;
000950 : 1B;
000951 : 03;
000952 : 57;
000953 : C6;
000954 : 02;
000955 : 02;
000956 : 19;
000957 : 31;
000958 : 15;
000959 : 2B;
00095A : A3;
00095B : 6E;
00095C : 23;
00095D : 23;
00095E : 23;
00095F : 23;
000960 : 19;
000961 : 19;
000962 : 19;
000963 : 19;
000964 : 21;
000965 : 48;
000966 : FC;
000967 : 8C;
000968 : E9;
000969 : 4F;
00096A : 13;
00096B : AE;
00096C : 03;
00096D : 32;
00096E : 72;
00096F : 41;
000970 : C6;
000971 : 6E;
000972 : 19;
000973 : 23;
000974 : 23;
000975 : 23;
000976 : 02;
000977 : C6;
000978 : 02;
000979 : 47;
00097A : 0D;
00097B : 23;
00097C : 23;
00097D : 23;
00097E : 23;
00097F : 02;
000980 : 02;
000981 : 6E;
000982 : 19;
000983 : 23;
000984 : 23;
000985 : 23;
000986 : 02;
000987 : 19;
000988 : 31;
000989 : 1B;
00098A : 11;
00098B : 99;
00098C : 00;
00098D : 00;
00098E : 00;
00098F : 00;
000990 : 00;
000991 : 00;
000992 : 00;
000993 : 00;
000994 : 00;
000995 : 00;
000996 : 00;
000997 : 00;
000998 : 00;
000999 : 00;
00099A : 00;
00099B : 00;
00099C : 00;
00099D : 00;
00099E : 00;
00099F : 00;
0009A0 : 00;
0009A1 : 00;
0009A2 : 00;
0009A3 : 00;
0009A4 : 00;
0009A5 : 00;
0009A6 : 00;
0009A7 : 00;
0009A8 : 00;
0009A9 : 00;
0009AA : 00;
0009AB : 00;
0009AC : 00;
0009AD : 00;
0009AE : 00;
0009AF : 00;
0009B0 : 00;
0009B1 : 00;
0009B2 : 00;
0009B3 : 00;
0009B4 : 00;
0009B5 : 00;
0009B6 : 94;
0009B7 : 2B;
0009B8 : 3C;
0009B9 : 6B;
0009BA : 23;
0009BB : 02;
0009BC : 23;
0009BD : 41;
0009BE : 1B;
0009BF : 1B;
0009C0 : B2;
0009C1 : 19;
0009C2 : 23;
0009C3 : 23;
0009C4 : 23;
0009C5 : 23;
0009C6 : 23;
0009C7 : 23;
0009C8 : 19;
0009C9 : 41;
0009CA : 2B;
0009CB : 31;
0009CC : 2A;
0009CD : 2A;
0009CE : 2A;
0009CF : 29;
0009D0 : FC;
0009D1 : A3;
0009D2 : 32;
0009D3 : 11;
0009D4 : 3D;
0009D5 : 44;
0009D6 : 12;
0009D7 : 08;
0009D8 : 2F;
0009D9 : 6E;
0009DA : 19;
0009DB : 23;
0009DC : 23;
0009DD : 23;
0009DE : C6;
0009DF : 19;
0009E0 : C6;
0009E1 : 23;
0009E2 : 23;
0009E3 : 23;
0009E4 : B2;
0009E5 : C9;
0009E6 : C9;
0009E7 : 72;
0009E8 : 0E;
0009E9 : C6;
0009EA : 19;
0009EB : 23;
0009EC : 02;
0009ED : 19;
0009EE : 31;
0009EF : 1B;
0009F0 : 11;
0009F1 : 24;
0009F2 : 00;
0009F3 : 00;
0009F4 : 00;
0009F5 : 00;
0009F6 : 00;
0009F7 : 00;
0009F8 : 00;
0009F9 : 00;
0009FA : 00;
0009FB : 00;
0009FC : 00;
0009FD : 00;
0009FE : 00;
0009FF : 00;
000A00 : 00;
000A01 : 00;
000A02 : 00;
000A03 : 00;
000A04 : 00;
000A05 : 00;
000A06 : 00;
000A07 : 00;
000A08 : 00;
000A09 : 00;
000A0A : 00;
000A0B : 00;
000A0C : 00;
000A0D : 00;
000A0E : 00;
000A0F : 00;
000A10 : 00;
000A11 : 00;
000A12 : 00;
000A13 : 00;
000A14 : 00;
000A15 : 00;
000A16 : 00;
000A17 : 00;
000A18 : 00;
000A19 : 00;
000A1A : 00;
000A1B : 00;
000A1C : 2B;
000A1D : 2B;
000A1E : 15;
000A1F : CA;
000A20 : 6E;
000A21 : 02;
000A22 : 23;
000A23 : 23;
000A24 : DF;
000A25 : 31;
000A26 : C6;
000A27 : 23;
000A28 : 23;
000A29 : 23;
000A2A : 23;
000A2B : 23;
000A2C : 23;
000A2D : 23;
000A2E : 6E;
000A2F : 72;
000A30 : 4B;
000A31 : 2D;
000A32 : 2A;
000A33 : 3B;
000A34 : 3B;
000A35 : 3B;
000A36 : 2A;
000A37 : E3;
000A38 : 35;
000A39 : 77;
000A3A : 32;
000A3B : 03;
000A3C : 94;
000A3D : 2B;
000A3E : 32;
000A3F : 72;
000A40 : B2;
000A41 : 19;
000A42 : 19;
000A43 : 23;
000A44 : 23;
000A45 : 23;
000A46 : 23;
000A47 : 23;
000A48 : 23;
000A49 : C6;
000A4A : 2F;
000A4B : F6;
000A4C : 15;
000A4D : 11;
000A4E : 2B;
000A4F : 57;
000A50 : 25;
000A51 : 19;
000A52 : 02;
000A53 : 19;
000A54 : 31;
000A55 : 13;
000A56 : 11;
000A57 : 24;
000A58 : 00;
000A59 : 00;
000A5A : 00;
000A5B : 00;
000A5C : 00;
000A5D : 00;
000A5E : 00;
000A5F : 00;
000A60 : 00;
000A61 : 00;
000A62 : 00;
000A63 : 00;
000A64 : 00;
000A65 : 00;
000A66 : 00;
000A67 : 00;
000A68 : 00;
000A69 : 00;
000A6A : 00;
000A6B : 00;
000A6C : 00;
000A6D : 00;
000A6E : 00;
000A6F : 00;
000A70 : 00;
000A71 : 00;
000A72 : 00;
000A73 : 00;
000A74 : 00;
000A75 : 00;
000A76 : 00;
000A77 : 00;
000A78 : 00;
000A79 : 00;
000A7A : 00;
000A7B : 00;
000A7C : 00;
000A7D : 00;
000A7E : 00;
000A7F : 00;
000A80 : 00;
000A81 : 00;
000A82 : 2B;
000A83 : 2B;
000A84 : 15;
000A85 : 3C;
000A86 : 41;
000A87 : 6E;
000A88 : 02;
000A89 : 02;
000A8A : 23;
000A8B : 19;
000A8C : 23;
000A8D : 23;
000A8E : 23;
000A8F : 23;
000A90 : 23;
000A91 : 23;
000A92 : 23;
000A93 : 23;
000A94 : 23;
000A95 : 42;
000A96 : AF;
000A97 : E3;
000A98 : 3B;
000A99 : 3B;
000A9A : 3B;
000A9B : 88;
000A9C : 56;
000A9D : 60;
000A9E : 62;
000A9F : 56;
000AA0 : E3;
000AA1 : 89;
000AA2 : 4F;
000AA3 : 1B;
000AA4 : 03;
000AA5 : 2B;
000AA6 : 1B;
000AA7 : F6;
000AA8 : 0E;
000AA9 : 23;
000AAA : 23;
000AAB : 23;
000AAC : C6;
000AAD : C6;
000AAE : C6;
000AAF : C6;
000AB0 : C6;
000AB1 : C6;
000AB2 : B2;
000AB3 : CA;
000AB4 : 17;
000AB5 : 34;
000AB6 : 07;
000AB7 : DF;
000AB8 : 23;
000AB9 : C6;
000ABA : 08;
000ABB : 2B;
000ABC : 11;
000ABD : 24;
000ABE : 00;
000ABF : 00;
000AC0 : 00;
000AC1 : 00;
000AC2 : 00;
000AC3 : 00;
000AC4 : 00;
000AC5 : 00;
000AC6 : 00;
000AC7 : 00;
000AC8 : 00;
000AC9 : 00;
000ACA : 00;
000ACB : 00;
000ACC : 00;
000ACD : 00;
000ACE : 00;
000ACF : 00;
000AD0 : 00;
000AD1 : 00;
000AD2 : 00;
000AD3 : 00;
000AD4 : 00;
000AD5 : 00;
000AD6 : 00;
000AD7 : 00;
000AD8 : 00;
000AD9 : 00;
000ADA : 00;
000ADB : 00;
000ADC : 00;
000ADD : 00;
000ADE : 00;
000ADF : 00;
000AE0 : 00;
000AE1 : 00;
000AE2 : 00;
000AE3 : 00;
000AE4 : 00;
000AE5 : 00;
000AE6 : 00;
000AE7 : 00;
000AE8 : 00;
000AE9 : A6;
000AEA : 2B;
000AEB : 15;
000AEC : 42;
000AED : B2;
000AEE : 6E;
000AEF : 23;
000AF0 : 02;
000AF1 : 23;
000AF2 : 23;
000AF3 : 23;
000AF4 : 45;
000AF5 : A0;
000AF6 : 72;
000AF7 : 0D;
000AF8 : 23;
000AF9 : 23;
000AFA : 02;
000AFB : C9;
000AFC : 48;
000AFD : 56;
000AFE : 88;
000AFF : 3B;
000B00 : 3B;
000B01 : 2A;
000B02 : 89;
000B03 : 24;
000B04 : A2;
000B05 : 80;
000B06 : 2A;
000B07 : 2A;
000B08 : F1;
000B09 : FC;
000B0A : 8F;
000B0B : 1B;
000B0C : 2B;
000B0D : 94;
000B0E : 1B;
000B0F : 41;
000B10 : C6;
000B11 : 23;
000B12 : 23;
000B13 : 23;
000B14 : 23;
000B15 : 23;
000B16 : C6;
000B17 : C6;
000B18 : 19;
000B19 : 6E;
000B1A : 02;
000B1B : 37;
000B1C : A6;
000B1D : 17;
000B1E : 2F;
000B1F : 19;
000B20 : CA;
000B21 : A6;
000B22 : 99;
000B23 : 24;
000B24 : 00;
000B25 : 00;
000B26 : 00;
000B27 : 00;
000B28 : 00;
000B29 : 00;
000B2A : 00;
000B2B : 00;
000B2C : 00;
000B2D : 00;
000B2E : 00;
000B2F : 00;
000B30 : 00;
000B31 : 00;
000B32 : 00;
000B33 : 00;
000B34 : 00;
000B35 : 00;
000B36 : 00;
000B37 : 00;
000B38 : 00;
000B39 : 00;
000B3A : 00;
000B3B : 00;
000B3C : 00;
000B3D : 00;
000B3E : 00;
000B3F : 00;
000B40 : 00;
000B41 : 00;
000B42 : 00;
000B43 : 00;
000B44 : 00;
000B45 : 00;
000B46 : 00;
000B47 : 00;
000B48 : 00;
000B49 : 00;
000B4A : 00;
000B4B : 00;
000B4C : 00;
000B4D : 00;
000B4E : 00;
000B4F : 4B;
000B50 : 34;
000B51 : 2B;
000B52 : 4B;
000B53 : 27;
000B54 : 31;
000B55 : C6;
000B56 : 23;
000B57 : 23;
000B58 : 23;
000B59 : 23;
000B5A : 19;
000B5B : 72;
000B5C : 03;
000B5D : 25;
000B5E : C6;
000B5F : 23;
000B60 : C6;
000B61 : 12;
000B62 : 94;
000B63 : 7D;
000B64 : 88;
000B65 : 3B;
000B66 : 3B;
000B67 : 88;
000B68 : 2D;
000B69 : 57;
000B6A : 08;
000B6B : 50;
000B6C : 3B;
000B6D : 3B;
000B6E : 3B;
000B6F : 2A;
000B70 : F1;
000B71 : 1C;
000B72 : 03;
000B73 : 1B;
000B74 : AF;
000B75 : B2;
000B76 : C6;
000B77 : C6;
000B78 : C6;
000B79 : C6;
000B7A : C6;
000B7B : 23;
000B7C : 23;
000B7D : 23;
000B7E : 23;
000B7F : 23;
000B80 : 19;
000B81 : 19;
000B82 : 08;
000B83 : 37;
000B84 : 02;
000B85 : C6;
000B86 : 65;
000B87 : 94;
000B88 : 11;
000B89 : 11;
000B8A : 00;
000B8B : 00;
000B8C : 00;
000B8D : 00;
000B8E : 00;
000B8F : 00;
000B90 : 00;
000B91 : 00;
000B92 : 00;
000B93 : 00;
000B94 : 00;
000B95 : 00;
000B96 : 00;
000B97 : 00;
000B98 : 00;
000B99 : 00;
000B9A : 00;
000B9B : 00;
000B9C : 00;
000B9D : 00;
000B9E : 00;
000B9F : 00;
000BA0 : 00;
000BA1 : 00;
000BA2 : 00;
000BA3 : 00;
000BA4 : 00;
000BA5 : 00;
000BA6 : 00;
000BA7 : 00;
000BA8 : 00;
000BA9 : 00;
000BAA : 00;
000BAB : 00;
000BAC : 00;
000BAD : 00;
000BAE : 00;
000BAF : 00;
000BB0 : 00;
000BB1 : 00;
000BB2 : 00;
000BB3 : 00;
000BB4 : 00;
000BB5 : 00;
000BB6 : 24;
000BB7 : 34;
000BB8 : 2B;
000BB9 : 4B;
000BBA : 1B;
000BBB : 65;
000BBC : 0D;
000BBD : 23;
000BBE : 23;
000BBF : 23;
000BC0 : 19;
000BC1 : 12;
000BC2 : 15;
000BC3 : 0D;
000BC4 : 23;
000BC5 : 02;
000BC6 : 19;
000BC7 : 65;
000BC8 : FD;
000BC9 : 60;
000BCA : 16;
000BCB : 2A;
000BCC : 3B;
000BCD : 3B;
000BCE : 3B;
000BCF : 8C;
000BD0 : 05;
000BD1 : 3B;
000BD2 : 3B;
000BD3 : 3B;
000BD4 : 3B;
000BD5 : 2A;
000BD6 : FC;
000BD7 : 13;
000BD8 : 3C;
000BD9 : B2;
000BDA : 0D;
000BDB : C6;
000BDC : C6;
000BDD : 25;
000BDE : 21;
000BDF : 25;
000BE0 : 6E;
000BE1 : 23;
000BE2 : 23;
000BE3 : 23;
000BE4 : 23;
000BE5 : 23;
000BE6 : 23;
000BE7 : C6;
000BE8 : 19;
000BE9 : 02;
000BEA : 23;
000BEB : 2F;
000BEC : 42;
000BED : 94;
000BEE : 34;
000BEF : 4B;
000BF0 : 00;
000BF1 : 00;
000BF2 : 00;
000BF3 : 00;
000BF4 : 00;
000BF5 : 00;
000BF6 : 00;
000BF7 : 00;
000BF8 : 00;
000BF9 : 00;
000BFA : 00;
000BFB : 00;
000BFC : 00;
000BFD : 00;
000BFE : 00;
000BFF : 00;
000C00 : 00;
000C01 : 00;
000C02 : 00;
000C03 : 00;
000C04 : 00;
000C05 : 00;
000C06 : 00;
000C07 : 00;
000C08 : 00;
000C09 : 00;
000C0A : 00;
000C0B : 00;
000C0C : 00;
000C0D : 00;
000C0E : 00;
000C0F : 00;
000C10 : 00;
000C11 : 00;
000C12 : 00;
000C13 : 00;
000C14 : 00;
000C15 : 00;
000C16 : 00;
000C17 : 00;
000C18 : 00;
000C19 : 00;
000C1A : 00;
000C1B : 00;
000C1C : 00;
000C1D : 24;
000C1E : 13;
000C1F : 1B;
000C20 : 15;
000C21 : 03;
000C22 : 5A;
000C23 : 19;
000C24 : 23;
000C25 : 23;
000C26 : 02;
000C27 : 17;
000C28 : 1B;
000C29 : 6B;
000C2A : 23;
000C2B : 02;
000C2C : 19;
000C2D : D6;
000C2E : 96;
000C2F : 2B;
000C30 : F2;
000C31 : 50;
000C32 : 2A;
000C33 : 88;
000C34 : 3B;
000C35 : 88;
000C36 : 3B;
000C37 : 3B;
000C38 : 3B;
000C39 : 3B;
000C3A : 2A;
000C3B : 16;
000C3C : 62;
000C3D : 11;
000C3E : CA;
000C3F : 6E;
000C40 : 19;
000C41 : 23;
000C42 : 6E;
000C43 : D6;
000C44 : 11;
000C45 : 3C;
000C46 : 41;
000C47 : 6E;
000C48 : 45;
000C49 : 23;
000C4A : 23;
000C4B : 23;
000C4C : 23;
000C4D : 23;
000C4E : 23;
000C4F : 02;
000C50 : 23;
000C51 : 0D;
000C52 : 17;
000C53 : 34;
000C54 : 11;
000C55 : 00;
000C56 : 00;
000C57 : 00;
000C58 : 00;
000C59 : 00;
000C5A : 00;
000C5B : 00;
000C5C : 00;
000C5D : 00;
000C5E : 00;
000C5F : 00;
000C60 : 00;
000C61 : 00;
000C62 : 00;
000C63 : 00;
000C64 : 00;
000C65 : 00;
000C66 : 00;
000C67 : 00;
000C68 : 00;
000C69 : 00;
000C6A : 00;
000C6B : 00;
000C6C : 00;
000C6D : 00;
000C6E : 00;
000C6F : 00;
000C70 : 00;
000C71 : 00;
000C72 : 00;
000C73 : 00;
000C74 : 00;
000C75 : 00;
000C76 : 00;
000C77 : 00;
000C78 : 00;
000C79 : 00;
000C7A : 00;
000C7B : 00;
000C7C : 00;
000C7D : 00;
000C7E : 00;
000C7F : 00;
000C80 : 00;
000C81 : 00;
000C82 : 00;
000C83 : 00;
000C84 : 54;
000C85 : B7;
000C86 : 1B;
000C87 : 1B;
000C88 : 0E;
000C89 : 6E;
000C8A : 23;
000C8B : 23;
000C8C : 02;
000C8D : 17;
000C8E : 1B;
000C8F : 6B;
000C90 : 23;
000C91 : 02;
000C92 : 23;
000C93 : 0D;
000C94 : AF;
000C95 : 44;
000C96 : 13;
000C97 : 4F;
000C98 : 0A;
000C99 : F1;
000C9A : 2A;
000C9B : 2A;
000C9C : 88;
000C9D : 88;
000C9E : 2A;
000C9F : 2A;
000CA0 : 2D;
000CA1 : 57;
000CA2 : 99;
000CA3 : 42;
000CA4 : B1;
000CA5 : 23;
000CA6 : 23;
000CA7 : 23;
000CA8 : 6E;
000CA9 : 08;
000CAA : 94;
000CAB : 03;
000CAC : 48;
000CAD : 1E;
000CAE : 45;
000CAF : 6E;
000CB0 : 23;
000CB1 : 23;
000CB2 : 23;
000CB3 : 23;
000CB4 : 23;
000CB5 : 23;
000CB6 : 23;
000CB7 : 6B;
000CB8 : 27;
000CB9 : 11;
000CBA : 99;
000CBB : 00;
000CBC : 00;
000CBD : 00;
000CBE : 00;
000CBF : 00;
000CC0 : 00;
000CC1 : 00;
000CC2 : 00;
000CC3 : 00;
000CC4 : 00;
000CC5 : 00;
000CC6 : 00;
000CC7 : 00;
000CC8 : 00;
000CC9 : 00;
000CCA : 00;
000CCB : 00;
000CCC : 00;
000CCD : 00;
000CCE : 00;
000CCF : 00;
000CD0 : 00;
000CD1 : 00;
000CD2 : 00;
000CD3 : 00;
000CD4 : 00;
000CD5 : 00;
000CD6 : 00;
000CD7 : 00;
000CD8 : 00;
000CD9 : 00;
000CDA : 00;
000CDB : 00;
000CDC : 00;
000CDD : 00;
000CDE : 00;
000CDF : 00;
000CE0 : 00;
000CE1 : 00;
000CE2 : 00;
000CE3 : 00;
000CE4 : 00;
000CE5 : 00;
000CE6 : 00;
000CE7 : 00;
000CE8 : 00;
000CE9 : 00;
000CEA : 53;
000CEB : 3A;
000CEC : 2B;
000CED : 60;
000CEE : C6;
000CEF : C6;
000CF0 : 23;
000CF1 : 23;
000CF2 : 02;
000CF3 : 09;
000CF4 : 2B;
000CF5 : 41;
000CF6 : 45;
000CF7 : 02;
000CF8 : 02;
000CF9 : 19;
000CFA : 10;
000CFB : 2B;
000CFC : AF;
000CFD : 6A;
000CFE : 1B;
000CFF : 4F;
000D00 : 7E;
000D01 : 35;
000D02 : BB;
000D03 : BB;
000D04 : 35;
000D05 : A3;
000D06 : 48;
000D07 : 99;
000D08 : 17;
000D09 : A0;
000D0A : 45;
000D0B : 23;
000D0C : 23;
000D0D : 19;
000D0E : C6;
000D0F : 62;
000D10 : 34;
000D11 : 07;
000D12 : 03;
000D13 : 03;
000D14 : 57;
000D15 : 0D;
000D16 : 6E;
000D17 : 19;
000D18 : 23;
000D19 : 23;
000D1A : 23;
000D1B : 23;
000D1C : 23;
000D1D : 2F;
000D1E : BA;
000D1F : 11;
000D20 : 99;
000D21 : 00;
000D22 : 00;
000D23 : 00;
000D24 : 00;
000D25 : 00;
000D26 : 00;
000D27 : 00;
000D28 : 00;
000D29 : 00;
000D2A : 00;
000D2B : 00;
000D2C : 00;
000D2D : 00;
000D2E : 00;
000D2F : 00;
000D30 : 00;
000D31 : 00;
000D32 : 00;
000D33 : 00;
000D34 : 00;
000D35 : 00;
000D36 : 00;
000D37 : 00;
000D38 : 00;
000D39 : 00;
000D3A : 00;
000D3B : 00;
000D3C : 00;
000D3D : 00;
000D3E : 00;
000D3F : 00;
000D40 : 00;
000D41 : 00;
000D42 : 00;
000D43 : 00;
000D44 : 00;
000D45 : 00;
000D46 : 00;
000D47 : 00;
000D48 : 00;
000D49 : 00;
000D4A : 00;
000D4B : 00;
000D4C : 00;
000D4D : 00;
000D4E : 00;
000D4F : 00;
000D50 : 00;
000D51 : 11;
000D52 : 94;
000D53 : 10;
000D54 : 6E;
000D55 : 23;
000D56 : 23;
000D57 : 23;
000D58 : 6E;
000D59 : C1;
000D5A : AE;
000D5B : 72;
000D5C : 6E;
000D5D : 23;
000D5E : 02;
000D5F : 23;
000D60 : 2F;
000D61 : 60;
000D62 : 03;
000D63 : 32;
000D64 : 09;
000D65 : C7;
000D66 : 13;
000D67 : 3D;
000D68 : 2B;
000D69 : 2B;
000D6A : 03;
000D6B : 11;
000D6C : 03;
000D6D : 4F;
000D6E : 0D;
000D6F : 19;
000D70 : 23;
000D71 : 23;
000D72 : 23;
000D73 : 19;
000D74 : 08;
000D75 : 34;
000D76 : 4F;
000D77 : 2D;
000D78 : A3;
000D79 : 1B;
000D7A : 03;
000D7B : AF;
000D7C : 08;
000D7D : 6E;
000D7E : 19;
000D7F : 23;
000D80 : 02;
000D81 : 02;
000D82 : 23;
000D83 : 2F;
000D84 : BA;
000D85 : 11;
000D86 : 99;
000D87 : 00;
000D88 : 00;
000D89 : 00;
000D8A : 00;
000D8B : 00;
000D8C : 00;
000D8D : 00;
000D8E : 00;
000D8F : 00;
000D90 : 00;
000D91 : 00;
000D92 : 00;
000D93 : 00;
000D94 : 00;
000D95 : 00;
000D96 : 00;
000D97 : 00;
000D98 : 00;
000D99 : 00;
000D9A : 00;
000D9B : 00;
000D9C : 00;
000D9D : 00;
000D9E : 00;
000D9F : 00;
000DA0 : 00;
000DA1 : 00;
000DA2 : 00;
000DA3 : 00;
000DA4 : 00;
000DA5 : 00;
000DA6 : 00;
000DA7 : 00;
000DA8 : 00;
000DA9 : 00;
000DAA : 00;
000DAB : 00;
000DAC : 00;
000DAD : 00;
000DAE : 00;
000DAF : 00;
000DB0 : 00;
000DB1 : 00;
000DB2 : 00;
000DB3 : 00;
000DB4 : 00;
000DB5 : 00;
000DB6 : 03;
000DB7 : 34;
000DB8 : 15;
000DB9 : 41;
000DBA : 6E;
000DBB : 23;
000DBC : 23;
000DBD : 23;
000DBE : 6E;
000DBF : 31;
000DC0 : 15;
000DC1 : BC;
000DC2 : 08;
000DC3 : 6E;
000DC4 : 23;
000DC5 : 02;
000DC6 : 23;
000DC7 : 6B;
000DC8 : 57;
000DC9 : 2B;
000DCA : 2B;
000DCB : 32;
000DCC : 09;
000DCD : 13;
000DCE : 03;
000DCF : 94;
000DD0 : 15;
000DD1 : 12;
000DD2 : DF;
000DD3 : C6;
000DD4 : 23;
000DD5 : 02;
000DD6 : 02;
000DD7 : 23;
000DD8 : 19;
000DD9 : C6;
000DDA : 42;
000DDB : 2B;
000DDC : FC;
000DDD : 2A;
000DDE : 3B;
000DDF : 7E;
000DE0 : 2B;
000DE1 : 2B;
000DE2 : 13;
000DE3 : 72;
000DE4 : 02;
000DE5 : 6E;
000DE6 : 02;
000DE7 : 02;
000DE8 : 23;
000DE9 : B2;
000DEA : 68;
000DEB : 11;
000DEC : 99;
000DED : 00;
000DEE : 00;
000DEF : 00;
000DF0 : 00;
000DF1 : 00;
000DF2 : 00;
000DF3 : 00;
000DF4 : 00;
000DF5 : 00;
000DF6 : 00;
000DF7 : 00;
000DF8 : 00;
000DF9 : 00;
000DFA : 00;
000DFB : 00;
000DFC : 00;
000DFD : 00;
000DFE : 00;
000DFF : 00;
000E00 : 00;
000E01 : 00;
000E02 : 00;
000E03 : 00;
000E04 : 00;
000E05 : 00;
000E06 : 00;
000E07 : 00;
000E08 : 00;
000E09 : 00;
000E0A : 00;
000E0B : 00;
000E0C : 00;
000E0D : 00;
000E0E : 00;
000E0F : 00;
000E10 : 00;
000E11 : 00;
000E12 : 00;
000E13 : 00;
000E14 : 00;
000E15 : 00;
000E16 : 00;
000E17 : 00;
000E18 : 00;
000E19 : 00;
000E1A : 00;
000E1B : 00;
000E1C : 2B;
000E1D : 03;
000E1E : AF;
000E1F : 6B;
000E20 : 6E;
000E21 : 23;
000E22 : 23;
000E23 : 23;
000E24 : 23;
000E25 : C6;
000E26 : 37;
000E27 : 2B;
000E28 : 4B;
000E29 : 21;
000E2A : 41;
000E2B : 02;
000E2C : 02;
000E2D : 23;
000E2E : 23;
000E2F : 0E;
000E30 : 21;
000E31 : 9F;
000E32 : 3C;
000E33 : 3C;
000E34 : 9F;
000E35 : 72;
000E36 : 0E;
000E37 : C6;
000E38 : 19;
000E39 : C6;
000E3A : 23;
000E3B : 02;
000E3C : 02;
000E3D : 02;
000E3E : 19;
000E3F : 41;
000E40 : 34;
000E41 : 72;
000E42 : F1;
000E43 : 3B;
000E44 : 29;
000E45 : 72;
000E46 : 11;
000E47 : 13;
000E48 : 2B;
000E49 : 34;
000E4A : 60;
000E4B : 41;
000E4C : 19;
000E4D : 23;
000E4E : 23;
000E4F : 5A;
000E50 : 1B;
000E51 : 34;
000E52 : 11;
000E53 : 00;
000E54 : 00;
000E55 : 00;
000E56 : 00;
000E57 : 00;
000E58 : 00;
000E59 : 00;
000E5A : 00;
000E5B : 00;
000E5C : 00;
000E5D : 00;
000E5E : 00;
000E5F : 00;
000E60 : 00;
000E61 : 00;
000E62 : 00;
000E63 : 00;
000E64 : 00;
000E65 : 00;
000E66 : 00;
000E67 : 00;
000E68 : 00;
000E69 : 00;
000E6A : 00;
000E6B : 00;
000E6C : 00;
000E6D : 00;
000E6E : 00;
000E6F : 00;
000E70 : 00;
000E71 : 00;
000E72 : 00;
000E73 : 00;
000E74 : 00;
000E75 : 00;
000E76 : 00;
000E77 : 00;
000E78 : 00;
000E79 : 00;
000E7A : 00;
000E7B : 00;
000E7C : 00;
000E7D : 00;
000E7E : 00;
000E7F : 00;
000E80 : 77;
000E81 : 1B;
000E82 : 15;
000E83 : 15;
000E84 : 12;
000E85 : 02;
000E86 : C6;
000E87 : 23;
000E88 : C6;
000E89 : 23;
000E8A : 23;
000E8B : C6;
000E8C : 02;
000E8D : CA;
000E8E : 48;
000E8F : 11;
000E90 : 2B;
000E91 : CA;
000E92 : 23;
000E93 : 23;
000E94 : 23;
000E95 : 6E;
000E96 : 6E;
000E97 : 23;
000E98 : 02;
000E99 : 02;
000E9A : 02;
000E9B : 19;
000E9C : 19;
000E9D : 19;
000E9E : 02;
000E9F : 31;
000EA0 : 25;
000EA1 : 23;
000EA2 : 02;
000EA3 : 23;
000EA4 : 19;
000EA5 : CA;
000EA6 : 11;
000EA7 : 89;
000EA8 : 2A;
000EA9 : 3B;
000EAA : 29;
000EAB : 84;
000EAC : 03;
000EAD : 7D;
000EAE : 89;
000EAF : 32;
000EB0 : 11;
000EB1 : 48;
000EB2 : 5A;
000EB3 : 02;
000EB4 : 41;
000EB5 : 27;
000EB6 : 2B;
000EB7 : 34;
000EB8 : 00;
000EB9 : 00;
000EBA : 00;
000EBB : 00;
000EBC : 00;
000EBD : 00;
000EBE : 00;
000EBF : 00;
000EC0 : 00;
000EC1 : 00;
000EC2 : 00;
000EC3 : 00;
000EC4 : 00;
000EC5 : 00;
000EC6 : 00;
000EC7 : 00;
000EC8 : 00;
000EC9 : 00;
000ECA : 00;
000ECB : 00;
000ECC : 00;
000ECD : 00;
000ECE : 00;
000ECF : 00;
000ED0 : 00;
000ED1 : 00;
000ED2 : 00;
000ED3 : 00;
000ED4 : 00;
000ED5 : 00;
000ED6 : 00;
000ED7 : 00;
000ED8 : 00;
000ED9 : 00;
000EDA : 00;
000EDB : 00;
000EDC : 00;
000EDD : 00;
000EDE : 00;
000EDF : 00;
000EE0 : 00;
000EE1 : 00;
000EE2 : B3;
000EE3 : 44;
000EE4 : 03;
000EE5 : 44;
000EE6 : 36;
000EE7 : 15;
000EE8 : 44;
000EE9 : 1B;
000EEA : 65;
000EEB : C6;
000EEC : C6;
000EED : 23;
000EEE : 23;
000EEF : 23;
000EF0 : 23;
000EF1 : 23;
000EF2 : 23;
000EF3 : 19;
000EF4 : B2;
000EF5 : 37;
000EF6 : 12;
000EF7 : 31;
000EF8 : C6;
000EF9 : 23;
000EFA : 23;
000EFB : 23;
000EFC : 23;
000EFD : 23;
000EFE : 19;
000EFF : 19;
000F00 : 23;
000F01 : 23;
000F02 : 23;
000F03 : 41;
000F04 : 12;
000F05 : 94;
000F06 : 27;
000F07 : 02;
000F08 : 33;
000F09 : B2;
000F0A : 19;
000F0B : 72;
000F0C : 34;
000F0D : E7;
000F0E : 88;
000F0F : 3B;
000F10 : 3B;
000F11 : E3;
000F12 : E7;
000F13 : 05;
000F14 : 2A;
000F15 : 56;
000F16 : F2;
000F17 : 2B;
000F18 : 2B;
000F19 : C9;
000F1A : 3C;
000F1B : 2B;
000F1C : 34;
000F1D : 11;
000F1E : 00;
000F1F : 00;
000F20 : 00;
000F21 : 00;
000F22 : 00;
000F23 : 00;
000F24 : 00;
000F25 : 00;
000F26 : 00;
000F27 : 00;
000F28 : 00;
000F29 : 00;
000F2A : 00;
000F2B : 00;
000F2C : 00;
000F2D : 00;
000F2E : 00;
000F2F : 00;
000F30 : 00;
000F31 : 00;
000F32 : 00;
000F33 : 00;
000F34 : 00;
000F35 : 00;
000F36 : 00;
000F37 : 00;
000F38 : 00;
000F39 : 00;
000F3A : 00;
000F3B : 00;
000F3C : 00;
000F3D : 00;
000F3E : 00;
000F3F : 00;
000F40 : 00;
000F41 : 00;
000F42 : 00;
000F43 : 00;
000F44 : 00;
000F45 : 52;
000F46 : 52;
000F47 : 96;
000F48 : 96;
000F49 : 96;
000F4A : 96;
000F4B : 96;
000F4C : 44;
000F4D : 1B;
000F4E : 36;
000F4F : 15;
000F50 : 72;
000F51 : 19;
000F52 : 23;
000F53 : 23;
000F54 : 23;
000F55 : 23;
000F56 : 23;
000F57 : 23;
000F58 : 23;
000F59 : 23;
000F5A : 19;
000F5B : 6E;
000F5C : 19;
000F5D : C6;
000F5E : C6;
000F5F : C6;
000F60 : 23;
000F61 : 23;
000F62 : 23;
000F63 : 23;
000F64 : 23;
000F65 : 23;
000F66 : 23;
000F67 : 23;
000F68 : D6;
000F69 : 1B;
000F6A : 03;
000F6B : 94;
000F6C : 12;
000F6D : 02;
000F6E : 62;
000F6F : 17;
000F70 : 02;
000F71 : 72;
000F72 : 11;
000F73 : 89;
000F74 : 88;
000F75 : 3B;
000F76 : 3B;
000F77 : 3B;
000F78 : 88;
000F79 : 3B;
000F7A : 3B;
000F7B : 2A;
000F7C : 50;
000F7D : 60;
000F7E : 94;
000F7F : 2B;
000F80 : A6;
000F81 : 34;
000F82 : 11;
000F83 : 00;
000F84 : 00;
000F85 : 00;
000F86 : 00;
000F87 : 00;
000F88 : 00;
000F89 : 00;
000F8A : 00;
000F8B : 00;
000F8C : 00;
000F8D : 00;
000F8E : 00;
000F8F : 00;
000F90 : 00;
000F91 : 00;
000F92 : 00;
000F93 : 00;
000F94 : 00;
000F95 : 00;
000F96 : 00;
000F97 : 00;
000F98 : 00;
000F99 : 00;
000F9A : 00;
000F9B : 00;
000F9C : 00;
000F9D : 00;
000F9E : 00;
000F9F : 00;
000FA0 : 00;
000FA1 : 00;
000FA2 : 00;
000FA3 : 00;
000FA4 : 00;
000FA5 : 00;
000FA6 : 00;
000FA7 : 00;
000FA8 : 2E;
000FA9 : 44;
000FAA : 03;
000FAB : 96;
000FAC : 15;
000FAD : 96;
000FAE : 44;
000FAF : 7F;
000FB0 : 7F;
000FB1 : 1B;
000FB2 : 1B;
000FB3 : 57;
000FB4 : 4F;
000FB5 : 96;
000FB6 : 72;
000FB7 : 19;
000FB8 : 02;
000FB9 : 23;
000FBA : 23;
000FBB : 23;
000FBC : 23;
000FBD : 23;
000FBE : 23;
000FBF : 23;
000FC0 : 19;
000FC1 : 19;
000FC2 : 19;
000FC3 : C6;
000FC4 : C6;
000FC5 : C6;
000FC6 : C6;
000FC7 : 23;
000FC8 : 23;
000FC9 : 19;
000FCA : 19;
000FCB : 23;
000FCC : 23;
000FCD : 19;
000FCE : 21;
000FCF : 94;
000FD0 : 03;
000FD1 : 15;
000FD2 : 0E;
000FD3 : 08;
000FD4 : 94;
000FD5 : 36;
000FD6 : 02;
000FD7 : 10;
000FD8 : 11;
000FD9 : 57;
000FDA : 50;
000FDB : 88;
000FDC : 3B;
000FDD : 3B;
000FDE : 3B;
000FDF : 05;
000FE0 : 05;
000FE1 : 88;
000FE2 : 2D;
000FE3 : 13;
000FE4 : 34;
000FE5 : 15;
000FE6 : 4B;
000FE7 : 34;
000FE8 : 00;
000FE9 : 00;
000FEA : 00;
000FEB : 00;
000FEC : 00;
000FED : 00;
000FEE : 00;
000FEF : 00;
000FF0 : 00;
000FF1 : 00;
000FF2 : 00;
000FF3 : 00;
000FF4 : 00;
000FF5 : 00;
000FF6 : 00;
000FF7 : 00;
000FF8 : 00;
000FF9 : 00;
000FFA : 00;
000FFB : 00;
000FFC : 00;
000FFD : 00;
000FFE : 00;
000FFF : 00;
001000 : 00;
001001 : 00;
001002 : 00;
001003 : 00;
001004 : 00;
001005 : 00;
001006 : 00;
001007 : 00;
001008 : 00;
001009 : 00;
00100A : 00;
00100B : 00;
00100C : 00;
00100D : 15;
00100E : 44;
00100F : 96;
001010 : 03;
001011 : 44;
001012 : 7F;
001013 : D4;
001014 : 0C;
001015 : CB;
001016 : 1F;
001017 : 1B;
001018 : 52;
001019 : A0;
00101A : 5A;
00101B : 96;
00101C : 65;
00101D : 19;
00101E : 23;
00101F : 23;
001020 : 23;
001021 : 23;
001022 : 23;
001023 : 23;
001024 : C6;
001025 : 23;
001026 : 19;
001027 : 19;
001028 : 19;
001029 : 19;
00102A : C6;
00102B : C6;
00102C : C6;
00102D : 23;
00102E : 23;
00102F : 19;
001030 : 23;
001031 : 23;
001032 : 23;
001033 : 23;
001034 : 02;
001035 : CA;
001036 : 27;
001037 : 84;
001038 : 02;
001039 : 9F;
00103A : 2B;
00103B : AF;
00103C : 2F;
00103D : 1E;
00103E : 34;
00103F : 11;
001040 : FA;
001041 : 8C;
001042 : 88;
001043 : 3B;
001044 : 05;
001045 : 05;
001046 : 88;
001047 : 3B;
001048 : FA;
001049 : 24;
00104A : 24;
00104B : 00;
00104C : 00;
00104D : 00;
00104E : 00;
00104F : 00;
001050 : 00;
001051 : 00;
001052 : 00;
001053 : 00;
001054 : 00;
001055 : 00;
001056 : 00;
001057 : 00;
001058 : 00;
001059 : 00;
00105A : 00;
00105B : 00;
00105C : 00;
00105D : 00;
00105E : 00;
00105F : 00;
001060 : 00;
001061 : 00;
001062 : 00;
001063 : 00;
001064 : 00;
001065 : 00;
001066 : 00;
001067 : 00;
001068 : 00;
001069 : 00;
00106A : 00;
00106B : 00;
00106C : 00;
00106D : 00;
00106E : 00;
00106F : 00;
001070 : 00;
001071 : 96;
001072 : 96;
001073 : 96;
001074 : 15;
001075 : 6A;
001076 : AB;
001077 : 0C;
001078 : 3E;
001079 : 04;
00107A : 04;
00107B : 04;
00107C : 51;
00107D : 96;
00107E : 72;
00107F : C6;
001080 : 08;
001081 : 94;
001082 : 57;
001083 : 19;
001084 : 02;
001085 : 02;
001086 : 02;
001087 : 23;
001088 : 23;
001089 : 23;
00108A : 23;
00108B : 19;
00108C : 45;
00108D : 23;
00108E : 23;
00108F : 23;
001090 : 23;
001091 : 23;
001092 : C6;
001093 : C6;
001094 : C6;
001095 : C6;
001096 : 23;
001097 : 23;
001098 : 02;
001099 : 02;
00109A : 23;
00109B : 6E;
00109C : 02;
00109D : 6E;
00109E : 7E;
00109F : 13;
0010A0 : 2B;
0010A1 : AF;
0010A2 : 6B;
0010A3 : 31;
0010A4 : A6;
0010A5 : 13;
0010A6 : 13;
0010A7 : F2;
0010A8 : 16;
0010A9 : 88;
0010AA : 88;
0010AB : 88;
0010AC : 8C;
0010AD : 7D;
0010AE : 2B;
0010AF : 11;
0010B0 : 34;
0010B1 : 00;
0010B2 : 00;
0010B3 : 00;
0010B4 : 00;
0010B5 : 00;
0010B6 : 00;
0010B7 : 00;
0010B8 : 00;
0010B9 : 00;
0010BA : 00;
0010BB : 00;
0010BC : 00;
0010BD : 00;
0010BE : 00;
0010BF : 00;
0010C0 : 00;
0010C1 : 00;
0010C2 : 00;
0010C3 : 00;
0010C4 : 00;
0010C5 : 00;
0010C6 : 00;
0010C7 : 00;
0010C8 : 00;
0010C9 : 00;
0010CA : 00;
0010CB : 00;
0010CC : 00;
0010CD : 00;
0010CE : 00;
0010CF : 00;
0010D0 : 00;
0010D1 : 00;
0010D2 : 00;
0010D3 : 00;
0010D4 : 00;
0010D5 : 00;
0010D6 : FD;
0010D7 : 2B;
0010D8 : 96;
0010D9 : 1B;
0010DA : 51;
0010DB : 0C;
0010DC : 04;
0010DD : 04;
0010DE : 04;
0010DF : 04;
0010E0 : 04;
0010E1 : 04;
0010E2 : 09;
0010E3 : 15;
0010E4 : 31;
0010E5 : 6E;
0010E6 : 0E;
0010E7 : 96;
0010E8 : 27;
0010E9 : C6;
0010EA : 23;
0010EB : 02;
0010EC : 23;
0010ED : 6B;
0010EE : 25;
0010EF : 02;
0010F0 : 23;
0010F1 : 23;
0010F2 : 19;
0010F3 : 23;
0010F4 : 23;
0010F5 : 23;
0010F6 : 19;
0010F7 : 19;
0010F8 : 23;
0010F9 : 2F;
0010FA : 2F;
0010FB : 2F;
0010FC : C6;
0010FD : 19;
0010FE : 19;
0010FF : 23;
001100 : 02;
001101 : 02;
001102 : 02;
001103 : 23;
001104 : B2;
001105 : 48;
001106 : 34;
001107 : 65;
001108 : 02;
001109 : 02;
00110A : 17;
00110B : 3C;
00110C : 8F;
00110D : 32;
00110E : 32;
00110F : 7E;
001110 : FC;
001111 : E9;
001112 : 1C;
001113 : 13;
001114 : 34;
001115 : 11;
001116 : 00;
001117 : 00;
001118 : 00;
001119 : 00;
00111A : 00;
00111B : 00;
00111C : 00;
00111D : 00;
00111E : 00;
00111F : 00;
001120 : 00;
001121 : 00;
001122 : 00;
001123 : 00;
001124 : 00;
001125 : 00;
001126 : 00;
001127 : 00;
001128 : 00;
001129 : 00;
00112A : 00;
00112B : 00;
00112C : 00;
00112D : 00;
00112E : 00;
00112F : 00;
001130 : 00;
001131 : 00;
001132 : 00;
001133 : 00;
001134 : 00;
001135 : 00;
001136 : 00;
001137 : 00;
001138 : 00;
001139 : 00;
00113A : 11;
00113B : 03;
00113C : 2B;
00113D : 15;
00113E : DB;
00113F : D3;
001140 : 04;
001141 : 04;
001142 : 04;
001143 : 04;
001144 : 04;
001145 : 04;
001146 : 04;
001147 : 04;
001148 : 9B;
001149 : 36;
00114A : B2;
00114B : 6E;
00114C : 6B;
00114D : 36;
00114E : 1B;
00114F : 0D;
001150 : 23;
001151 : 23;
001152 : 23;
001153 : 1A;
001154 : 07;
001155 : 6B;
001156 : C6;
001157 : 23;
001158 : 23;
001159 : 23;
00115A : 45;
00115B : 33;
00115C : D6;
00115D : 65;
00115E : 42;
00115F : 07;
001160 : 87;
001161 : 07;
001162 : 42;
001163 : 72;
001164 : 31;
001165 : 02;
001166 : 6E;
001167 : 23;
001168 : 02;
001169 : 23;
00116A : 6E;
00116B : 0E;
00116C : 1E;
00116D : 2F;
00116E : 02;
00116F : 19;
001170 : 08;
001171 : A6;
001172 : 60;
001173 : FA;
001174 : 57;
001175 : 11;
001176 : 03;
001177 : 11;
001178 : 2B;
001179 : 1B;
00117A : 34;
00117B : 99;
00117C : 00;
00117D : 00;
00117E : 00;
00117F : 00;
001180 : 00;
001181 : 00;
001182 : 00;
001183 : 00;
001184 : 00;
001185 : 00;
001186 : 00;
001187 : 00;
001188 : 00;
001189 : 00;
00118A : 00;
00118B : 00;
00118C : 00;
00118D : 00;
00118E : 00;
00118F : 00;
001190 : 00;
001191 : 00;
001192 : 00;
001193 : 00;
001194 : 00;
001195 : 00;
001196 : 00;
001197 : 00;
001198 : 00;
001199 : 00;
00119A : 00;
00119B : 00;
00119C : 00;
00119D : 00;
00119E : 00;
00119F : 11;
0011A0 : 34;
0011A1 : 2B;
0011A2 : 1B;
0011A3 : 51;
0011A4 : 8B;
0011A5 : 04;
0011A6 : 04;
0011A7 : 04;
0011A8 : 04;
0011A9 : 04;
0011AA : 04;
0011AB : 04;
0011AC : 04;
0011AD : 04;
0011AE : 32;
0011AF : D7;
0011B0 : B2;
0011B1 : C6;
0011B2 : C6;
0011B3 : 42;
0011B4 : 94;
0011B5 : DF;
0011B6 : 19;
0011B7 : 19;
0011B8 : B2;
0011B9 : 2B;
0011BA : 9F;
0011BB : 02;
0011BC : C6;
0011BD : 23;
0011BE : 23;
0011BF : 19;
0011C0 : 25;
0011C1 : C9;
0011C2 : 96;
0011C3 : 96;
0011C4 : 15;
0011C5 : 57;
0011C6 : 57;
0011C7 : 60;
0011C8 : 07;
0011C9 : 94;
0011CA : 03;
0011CB : 3C;
0011CC : 10;
0011CD : 6B;
0011CE : 19;
0011CF : 19;
0011D0 : C6;
0011D1 : C6;
0011D2 : C6;
0011D3 : C6;
0011D4 : 02;
0011D5 : 23;
0011D6 : 23;
0011D7 : 84;
0011D8 : 4B;
0011D9 : 1B;
0011DA : B3;
0011DB : 60;
0011DC : 10;
0011DD : 37;
0011DE : 47;
0011DF : 1A;
0011E0 : 11;
0011E1 : 99;
0011E2 : 00;
0011E3 : 00;
0011E4 : 00;
0011E5 : 00;
0011E6 : 00;
0011E7 : 00;
0011E8 : 00;
0011E9 : 00;
0011EA : 00;
0011EB : 00;
0011EC : 00;
0011ED : 00;
0011EE : 00;
0011EF : 00;
0011F0 : 00;
0011F1 : 00;
0011F2 : 00;
0011F3 : 00;
0011F4 : 00;
0011F5 : 00;
0011F6 : 00;
0011F7 : 00;
0011F8 : 00;
0011F9 : 00;
0011FA : 00;
0011FB : 00;
0011FC : 00;
0011FD : 00;
0011FE : 00;
0011FF : 00;
001200 : 00;
001201 : 00;
001202 : 00;
001203 : 00;
001204 : 24;
001205 : 34;
001206 : 2B;
001207 : 1B;
001208 : 01;
001209 : 3E;
00120A : 04;
00120B : 04;
00120C : 04;
00120D : 04;
00120E : 04;
00120F : 04;
001210 : 04;
001211 : 04;
001212 : 04;
001213 : 04;
001214 : 9B;
001215 : 15;
001216 : 41;
001217 : 19;
001218 : 6E;
001219 : 37;
00121A : 11;
00121B : 57;
00121C : 19;
00121D : 6E;
00121E : 5F;
00121F : 11;
001220 : 37;
001221 : 6E;
001222 : C6;
001223 : 23;
001224 : 23;
001225 : 02;
001226 : 12;
001227 : 96;
001228 : D7;
001229 : 36;
00122A : 32;
00122B : BB;
00122C : F1;
00122D : 29;
00122E : E9;
00122F : 44;
001230 : 1B;
001231 : 1C;
001232 : EE;
001233 : 13;
001234 : 37;
001235 : 0D;
001236 : 19;
001237 : 02;
001238 : 02;
001239 : 02;
00123A : 02;
00123B : 02;
00123C : 23;
00123D : 23;
00123E : 41;
00123F : 72;
001240 : 37;
001241 : 0D;
001242 : 45;
001243 : 23;
001244 : 02;
001245 : 9F;
001246 : 24;
001247 : D1;
001248 : 00;
001249 : 00;
00124A : 00;
00124B : 00;
00124C : 00;
00124D : 00;
00124E : 00;
00124F : 00;
001250 : 00;
001251 : 00;
001252 : 00;
001253 : 00;
001254 : 00;
001255 : 00;
001256 : 00;
001257 : 00;
001258 : 00;
001259 : 00;
00125A : 00;
00125B : 00;
00125C : 00;
00125D : 00;
00125E : 00;
00125F : 00;
001260 : 00;
001261 : 00;
001262 : 00;
001263 : 00;
001264 : 00;
001265 : 00;
001266 : 00;
001267 : 00;
001268 : 00;
001269 : 99;
00126A : 34;
00126B : 2B;
00126C : 48;
00126D : 38;
00126E : E6;
00126F : 04;
001270 : 04;
001271 : 04;
001272 : 04;
001273 : 04;
001274 : 04;
001275 : 04;
001276 : 04;
001277 : 04;
001278 : 04;
001279 : 04;
00127A : 09;
00127B : 03;
00127C : 08;
00127D : 6E;
00127E : 19;
00127F : 41;
001280 : 15;
001281 : 1B;
001282 : A0;
001283 : 7C;
001284 : 65;
001285 : 11;
001286 : 47;
001287 : 6E;
001288 : 23;
001289 : 23;
00128A : 19;
00128B : 0E;
00128C : 44;
00128D : D7;
00128E : B3;
00128F : B3;
001290 : 1B;
001291 : 1C;
001292 : 2D;
001293 : 2D;
001294 : 1C;
001295 : 03;
001296 : 1C;
001297 : 8C;
001298 : 16;
001299 : 5F;
00129A : 2B;
00129B : 48;
00129C : 5F;
00129D : C6;
00129E : 19;
00129F : 02;
0012A0 : 23;
0012A1 : 23;
0012A2 : 02;
0012A3 : 23;
0012A4 : 23;
0012A5 : 45;
0012A6 : 23;
0012A7 : 02;
0012A8 : 02;
0012A9 : 23;
0012AA : 1E;
0012AB : A6;
0012AC : 11;
0012AD : 00;
0012AE : 00;
0012AF : 00;
0012B0 : 00;
0012B1 : 00;
0012B2 : 00;
0012B3 : 00;
0012B4 : 00;
0012B5 : 00;
0012B6 : 00;
0012B7 : 00;
0012B8 : 00;
0012B9 : 00;
0012BA : 00;
0012BB : 00;
0012BC : 00;
0012BD : 00;
0012BE : 00;
0012BF : 00;
0012C0 : 00;
0012C1 : 00;
0012C2 : 00;
0012C3 : 00;
0012C4 : 00;
0012C5 : 00;
0012C6 : 00;
0012C7 : 00;
0012C8 : 00;
0012C9 : 00;
0012CA : 00;
0012CB : 00;
0012CC : 00;
0012CD : 00;
0012CE : 00;
0012CF : AF;
0012D0 : 2B;
0012D1 : 48;
0012D2 : 01;
0012D3 : 3E;
0012D4 : 04;
0012D5 : 04;
0012D6 : 04;
0012D7 : 04;
0012D8 : 04;
0012D9 : 04;
0012DA : 04;
0012DB : 04;
0012DC : 04;
0012DD : 04;
0012DE : 04;
0012DF : 04;
0012E0 : 51;
0012E1 : 03;
0012E2 : 72;
0012E3 : 6E;
0012E4 : 23;
0012E5 : 19;
0012E6 : 12;
0012E7 : AE;
0012E8 : 65;
0012E9 : 6E;
0012EA : 42;
0012EB : 2B;
0012EC : 25;
0012ED : 19;
0012EE : 02;
0012EF : 23;
0012F0 : 6E;
0012F1 : 08;
0012F2 : 2B;
0012F3 : D7;
0012F4 : 36;
0012F5 : B3;
0012F6 : 36;
0012F7 : 44;
0012F8 : AF;
0012F9 : B3;
0012FA : 44;
0012FB : 15;
0012FC : 5F;
0012FD : 2A;
0012FE : 2A;
0012FF : F1;
001300 : 1C;
001301 : 11;
001302 : 11;
001303 : 57;
001304 : 0D;
001305 : 19;
001306 : 23;
001307 : 23;
001308 : 23;
001309 : 23;
00130A : 23;
00130B : 23;
00130C : 02;
00130D : 02;
00130E : 23;
00130F : 31;
001310 : 07;
001311 : 11;
001312 : 2B;
001313 : 00;
001314 : 00;
001315 : 00;
001316 : 00;
001317 : 00;
001318 : 00;
001319 : 00;
00131A : 00;
00131B : 00;
00131C : 00;
00131D : 00;
00131E : 00;
00131F : 00;
001320 : 00;
001321 : 00;
001322 : 00;
001323 : 00;
001324 : 00;
001325 : 00;
001326 : 00;
001327 : 00;
001328 : 00;
001329 : 00;
00132A : 00;
00132B : 00;
00132C : 00;
00132D : 00;
00132E : 00;
00132F : 00;
001330 : 00;
001331 : 00;
001332 : 00;
001333 : 00;
001334 : 09;
001335 : 0B;
001336 : 27;
001337 : 51;
001338 : 3E;
001339 : 04;
00133A : 04;
00133B : 04;
00133C : 04;
00133D : 04;
00133E : 04;
00133F : 04;
001340 : 04;
001341 : 04;
001342 : 04;
001343 : 04;
001344 : 04;
001345 : 04;
001346 : 1F;
001347 : 2B;
001348 : C9;
001349 : C6;
00134A : 23;
00134B : 19;
00134C : 31;
00134D : 2B;
00134E : 1B;
00134F : A3;
001350 : 68;
001351 : 36;
001352 : 0D;
001353 : C6;
001354 : 02;
001355 : 23;
001356 : 19;
001357 : B2;
001358 : 42;
001359 : 1B;
00135A : 44;
00135B : 44;
00135C : 44;
00135D : 1B;
00135E : 1B;
00135F : 1B;
001360 : 36;
001361 : 1B;
001362 : 57;
001363 : 16;
001364 : 50;
001365 : 7E;
001366 : 15;
001367 : 60;
001368 : 5F;
001369 : 3D;
00136A : C9;
00136B : 2F;
00136C : 23;
00136D : 23;
00136E : 23;
00136F : 23;
001370 : 23;
001371 : 23;
001372 : 02;
001373 : 0D;
001374 : 1E;
001375 : 07;
001376 : 34;
001377 : 34;
001378 : 94;
001379 : 00;
00137A : 00;
00137B : 00;
00137C : 00;
00137D : 00;
00137E : 00;
00137F : 00;
001380 : 00;
001381 : 00;
001382 : 00;
001383 : 00;
001384 : 00;
001385 : 00;
001386 : 00;
001387 : 00;
001388 : 00;
001389 : 00;
00138A : 00;
00138B : 00;
00138C : 00;
00138D : 00;
00138E : 00;
00138F : 00;
001390 : 00;
001391 : 00;
001392 : 00;
001393 : 00;
001394 : 00;
001395 : 00;
001396 : 00;
001397 : 00;
001398 : 00;
001399 : 3D;
00139A : 03;
00139B : 32;
00139C : FA;
00139D : 67;
00139E : 04;
00139F : 04;
0013A0 : 04;
0013A1 : 04;
0013A2 : 04;
0013A3 : 04;
0013A4 : 04;
0013A5 : 04;
0013A6 : 04;
0013A7 : 04;
0013A8 : 04;
0013A9 : 04;
0013AA : 04;
0013AB : 04;
0013AC : 8B;
0013AD : 1B;
0013AE : 13;
0013AF : 41;
0013B0 : 19;
0013B1 : 02;
0013B2 : 19;
0013B3 : 72;
0013B4 : 96;
0013B5 : B3;
0013B6 : D7;
0013B7 : 52;
0013B8 : 2F;
0013B9 : 23;
0013BA : 02;
0013BB : C6;
0013BC : C6;
0013BD : C6;
0013BE : 2F;
0013BF : 41;
0013C0 : 08;
0013C1 : 72;
0013C2 : 12;
0013C3 : B3;
0013C4 : 15;
0013C5 : 1B;
0013C6 : 36;
0013C7 : 36;
0013C8 : 1B;
0013C9 : 09;
0013CA : BA;
0013CB : 2B;
0013CC : 03;
0013CD : E9;
0013CE : 2A;
0013CF : 7E;
0013D0 : 34;
0013D1 : 08;
0013D2 : 19;
0013D3 : 02;
0013D4 : 23;
0013D5 : 0D;
0013D6 : 1A;
0013D7 : 62;
0013D8 : 62;
0013D9 : 07;
0013DA : 2B;
0013DB : 11;
0013DC : 34;
0013DD : A6;
0013DE : 00;
0013DF : 00;
0013E0 : 00;
0013E1 : 00;
0013E2 : 00;
0013E3 : 00;
0013E4 : 00;
0013E5 : 00;
0013E6 : 00;
0013E7 : 00;
0013E8 : 00;
0013E9 : 00;
0013EA : 00;
0013EB : 00;
0013EC : 00;
0013ED : 00;
0013EE : 00;
0013EF : 00;
0013F0 : 00;
0013F1 : 00;
0013F2 : 00;
0013F3 : 00;
0013F4 : 00;
0013F5 : 00;
0013F6 : 00;
0013F7 : 00;
0013F8 : 00;
0013F9 : 00;
0013FA : 00;
0013FB : 00;
0013FC : 00;
0013FD : 00;
0013FE : 00;
0013FF : 3D;
001400 : 03;
001401 : 6A;
001402 : 18;
001403 : 0F;
001404 : FE;
001405 : 04;
001406 : 04;
001407 : 04;
001408 : 04;
001409 : 04;
00140A : 04;
00140B : 04;
00140C : 04;
00140D : 04;
00140E : 04;
00140F : 04;
001410 : 04;
001411 : 04;
001412 : 04;
001413 : 7F;
001414 : 03;
001415 : C1;
001416 : 6E;
001417 : 02;
001418 : 23;
001419 : 02;
00141A : 65;
00141B : 44;
00141C : D7;
00141D : 52;
00141E : 2F;
00141F : C6;
001420 : 23;
001421 : C6;
001422 : C6;
001423 : C6;
001424 : 23;
001425 : 19;
001426 : 6E;
001427 : 6E;
001428 : C6;
001429 : 0D;
00142A : 5A;
00142B : C9;
00142C : 15;
00142D : 1B;
00142E : 36;
00142F : 1B;
001430 : 15;
001431 : 1B;
001432 : 44;
001433 : E5;
001434 : 16;
001435 : 7E;
001436 : 34;
001437 : 08;
001438 : 19;
001439 : 02;
00143A : 02;
00143B : 65;
00143C : 11;
00143D : 11;
00143E : 24;
00143F : 24;
001440 : D1;
001441 : 11;
001442 : 00;
001443 : 00;
001444 : 00;
001445 : 00;
001446 : 00;
001447 : 00;
001448 : 00;
001449 : 00;
00144A : 00;
00144B : 00;
00144C : 00;
00144D : 00;
00144E : 00;
00144F : 00;
001450 : 00;
001451 : 00;
001452 : 00;
001453 : 00;
001454 : 00;
001455 : 00;
001456 : 00;
001457 : 00;
001458 : 00;
001459 : 00;
00145A : 00;
00145B : 00;
00145C : 00;
00145D : 00;
00145E : 00;
00145F : 00;
001460 : 00;
001461 : 00;
001462 : 00;
001463 : 00;
001464 : 34;
001465 : 3D;
001466 : 13;
001467 : 01;
001468 : 04;
001469 : 49;
00146A : 0F;
00146B : FE;
00146C : 04;
00146D : 04;
00146E : 04;
00146F : 04;
001470 : 04;
001471 : 04;
001472 : 04;
001473 : 04;
001474 : 04;
001475 : 04;
001476 : 04;
001477 : 04;
001478 : 04;
001479 : 1F;
00147A : 2B;
00147B : 1B;
00147C : B2;
00147D : 23;
00147E : 02;
00147F : 23;
001480 : 23;
001481 : 10;
001482 : D7;
001483 : D7;
001484 : 41;
001485 : 19;
001486 : 23;
001487 : C6;
001488 : C6;
001489 : C6;
00148A : 23;
00148B : 02;
00148C : 02;
00148D : 02;
00148E : 23;
00148F : 23;
001490 : 6E;
001491 : 02;
001492 : 5F;
001493 : 3C;
001494 : 15;
001495 : 1B;
001496 : 36;
001497 : 36;
001498 : D7;
001499 : D7;
00149A : AF;
00149B : 2B;
00149C : 48;
00149D : B2;
00149E : C6;
00149F : 23;
0014A0 : 47;
0014A1 : 13;
0014A2 : 3D;
0014A3 : 11;
0014A4 : 24;
0014A5 : D1;
0014A6 : 11;
0014A7 : 00;
0014A8 : 00;
0014A9 : 00;
0014AA : 00;
0014AB : 00;
0014AC : 00;
0014AD : 00;
0014AE : 00;
0014AF : 00;
0014B0 : 00;
0014B1 : 00;
0014B2 : 00;
0014B3 : 00;
0014B4 : 00;
0014B5 : 00;
0014B6 : 00;
0014B7 : 00;
0014B8 : 00;
0014B9 : 00;
0014BA : 00;
0014BB : 00;
0014BC : 00;
0014BD : 00;
0014BE : 00;
0014BF : 00;
0014C0 : 00;
0014C1 : 00;
0014C2 : 00;
0014C3 : 00;
0014C4 : 00;
0014C5 : 00;
0014C6 : 00;
0014C7 : 00;
0014C8 : 00;
0014C9 : 00;
0014CA : 2B;
0014CB : 2B;
0014CC : 30;
0014CD : 18;
0014CE : 04;
0014CF : 04;
0014D0 : 49;
0014D1 : 0F;
0014D2 : FE;
0014D3 : 04;
0014D4 : 04;
0014D5 : 04;
0014D6 : 04;
0014D7 : 04;
0014D8 : 04;
0014D9 : 04;
0014DA : 04;
0014DB : 04;
0014DC : 04;
0014DD : 04;
0014DE : 04;
0014DF : 76;
0014E0 : EE;
0014E1 : 03;
0014E2 : 65;
0014E3 : 6E;
0014E4 : 23;
0014E5 : 02;
0014E6 : 23;
0014E7 : 6E;
0014E8 : F6;
0014E9 : 94;
0014EA : 10;
0014EB : 6E;
0014EC : 23;
0014ED : C6;
0014EE : C6;
0014EF : C6;
0014F0 : C6;
0014F1 : 23;
0014F2 : 23;
0014F3 : 0D;
0014F4 : 41;
0014F5 : 02;
0014F6 : 45;
0014F7 : 23;
0014F8 : 6E;
0014F9 : 6B;
0014FA : 65;
0014FB : 1B;
0014FC : 1B;
0014FD : 36;
0014FE : 36;
0014FF : D7;
001500 : 1B;
001501 : 44;
001502 : CA;
001503 : C6;
001504 : 23;
001505 : 6B;
001506 : 60;
001507 : 3D;
001508 : 11;
001509 : 00;
00150A : 00;
00150B : 00;
00150C : 00;
00150D : 00;
00150E : 00;
00150F : 00;
001510 : 00;
001511 : 00;
001512 : 00;
001513 : 00;
001514 : 00;
001515 : 00;
001516 : 00;
001517 : 00;
001518 : 00;
001519 : 00;
00151A : 00;
00151B : 00;
00151C : 00;
00151D : 00;
00151E : 00;
00151F : 00;
001520 : 00;
001521 : 00;
001522 : 00;
001523 : 00;
001524 : 00;
001525 : 00;
001526 : 00;
001527 : 00;
001528 : 00;
001529 : 00;
00152A : 00;
00152B : 00;
00152C : 00;
00152D : 00;
00152E : 00;
00152F : 9B;
001530 : 13;
001531 : 13;
001532 : 1F;
001533 : 04;
001534 : 04;
001535 : 04;
001536 : 04;
001537 : 49;
001538 : 0F;
001539 : FE;
00153A : 04;
00153B : 04;
00153C : 04;
00153D : 04;
00153E : 04;
00153F : 04;
001540 : 04;
001541 : 04;
001542 : 04;
001543 : 04;
001544 : 04;
001545 : 04;
001546 : 1F;
001547 : 03;
001548 : 13;
001549 : 0E;
00154A : 6E;
00154B : 23;
00154C : 23;
00154D : 6E;
00154E : 31;
00154F : 03;
001550 : 27;
001551 : 02;
001552 : 19;
001553 : 23;
001554 : C6;
001555 : C6;
001556 : C6;
001557 : 23;
001558 : 19;
001559 : 37;
00155A : 2B;
00155B : 57;
00155C : 0E;
00155D : 23;
00155E : 45;
00155F : 45;
001560 : 19;
001561 : 08;
001562 : 3C;
001563 : 44;
001564 : 36;
001565 : 36;
001566 : 44;
001567 : 57;
001568 : B1;
001569 : 23;
00156A : 23;
00156B : 10;
00156C : 2B;
00156D : 11;
00156E : 11;
00156F : 00;
001570 : 00;
001571 : 00;
001572 : 00;
001573 : 00;
001574 : 00;
001575 : 00;
001576 : 00;
001577 : 00;
001578 : 00;
001579 : 00;
00157A : 00;
00157B : 00;
00157C : 00;
00157D : 00;
00157E : 00;
00157F : 00;
001580 : 00;
001581 : 00;
001582 : 00;
001583 : 00;
001584 : 00;
001585 : 00;
001586 : 00;
001587 : 00;
001588 : 00;
001589 : 00;
00158A : 00;
00158B : 00;
00158C : 00;
00158D : 00;
00158E : 00;
00158F : 00;
001590 : 00;
001591 : 00;
001592 : 00;
001593 : 00;
001594 : 00;
001595 : 13;
001596 : 2B;
001597 : 7F;
001598 : 18;
001599 : 04;
00159A : 04;
00159B : 04;
00159C : 04;
00159D : 04;
00159E : 49;
00159F : 0F;
0015A0 : FE;
0015A1 : 04;
0015A2 : 04;
0015A3 : 04;
0015A4 : 04;
0015A5 : 04;
0015A6 : 04;
0015A7 : 04;
0015A8 : 04;
0015A9 : 04;
0015AA : 04;
0015AB : 04;
0015AC : 3E;
0015AD : DB;
0015AE : 03;
0015AF : 60;
0015B0 : 02;
0015B1 : 45;
0015B2 : 23;
0015B3 : 23;
0015B4 : 02;
0015B5 : 27;
0015B6 : 94;
0015B7 : 1E;
0015B8 : 6E;
0015B9 : 23;
0015BA : 23;
0015BB : 23;
0015BC : 23;
0015BD : 23;
0015BE : C6;
0015BF : 2F;
0015C0 : 1A;
0015C1 : 34;
0015C2 : 2B;
0015C3 : 12;
0015C4 : 31;
0015C5 : 23;
0015C6 : 23;
0015C7 : 6E;
0015C8 : B2;
0015C9 : E4;
0015CA : 1B;
0015CB : 15;
0015CC : 3C;
0015CD : 25;
0015CE : 23;
0015CF : 23;
0015D0 : 25;
0015D1 : 3C;
0015D2 : 3D;
0015D3 : 3D;
0015D4 : 00;
0015D5 : 00;
0015D6 : 00;
0015D7 : 00;
0015D8 : 00;
0015D9 : 00;
0015DA : 00;
0015DB : 00;
0015DC : 00;
0015DD : 00;
0015DE : 00;
0015DF : 00;
0015E0 : 00;
0015E1 : 00;
0015E2 : 00;
0015E3 : 00;
0015E4 : 00;
0015E5 : 00;
0015E6 : 00;
0015E7 : 00;
0015E8 : 00;
0015E9 : 00;
0015EA : 00;
0015EB : 00;
0015EC : 00;
0015ED : 00;
0015EE : 00;
0015EF : 00;
0015F0 : 00;
0015F1 : 00;
0015F2 : 00;
0015F3 : 00;
0015F4 : 00;
0015F5 : 00;
0015F6 : 00;
0015F7 : 00;
0015F8 : 00;
0015F9 : 00;
0015FA : 1B;
0015FB : 2B;
0015FC : 13;
0015FD : 1F;
0015FE : 04;
0015FF : 04;
001600 : 04;
001601 : 04;
001602 : 04;
001603 : 04;
001604 : 04;
001605 : 49;
001606 : A9;
001607 : FE;
001608 : 04;
001609 : 04;
00160A : 04;
00160B : 04;
00160C : 04;
00160D : 04;
00160E : 04;
00160F : 04;
001610 : 04;
001611 : 04;
001612 : 04;
001613 : 0C;
001614 : 13;
001615 : 03;
001616 : 72;
001617 : 6E;
001618 : 23;
001619 : 02;
00161A : 6E;
00161B : 5F;
00161C : 94;
00161D : 07;
00161E : 41;
00161F : 6E;
001620 : 23;
001621 : 23;
001622 : 23;
001623 : 23;
001624 : 02;
001625 : C6;
001626 : C6;
001627 : DF;
001628 : 27;
001629 : 11;
00162A : 2B;
00162B : F6;
00162C : B2;
00162D : 23;
00162E : 19;
00162F : 02;
001630 : 5A;
001631 : 57;
001632 : 31;
001633 : 23;
001634 : 02;
001635 : 4A;
001636 : 4F;
001637 : 3D;
001638 : 3D;
001639 : 2B;
00163A : 00;
00163B : 00;
00163C : 00;
00163D : 00;
00163E : 00;
00163F : 00;
001640 : 00;
001641 : 00;
001642 : 00;
001643 : 00;
001644 : 00;
001645 : 00;
001646 : 00;
001647 : 00;
001648 : 00;
001649 : 00;
00164A : 00;
00164B : 00;
00164C : 00;
00164D : 00;
00164E : 00;
00164F : 00;
001650 : 00;
001651 : 00;
001652 : 00;
001653 : 00;
001654 : 00;
001655 : 00;
001656 : 00;
001657 : 00;
001658 : 00;
001659 : 00;
00165A : 00;
00165B : 00;
00165C : 00;
00165D : 00;
00165E : 00;
00165F : 00;
001660 : 1B;
001661 : 2B;
001662 : 30;
001663 : 18;
001664 : 04;
001665 : 04;
001666 : 04;
001667 : 04;
001668 : 04;
001669 : 04;
00166A : 04;
00166B : 04;
00166C : FE;
00166D : A9;
00166E : FE;
00166F : 04;
001670 : 04;
001671 : 04;
001672 : 04;
001673 : 04;
001674 : 04;
001675 : 04;
001676 : 04;
001677 : 04;
001678 : 04;
001679 : 04;
00167A : D4;
00167B : 96;
00167C : 15;
00167D : 5A;
00167E : 45;
00167F : 23;
001680 : 23;
001681 : C6;
001682 : 57;
001683 : 34;
001684 : 17;
001685 : 25;
001686 : 6E;
001687 : 23;
001688 : 23;
001689 : 23;
00168A : 23;
00168B : 23;
00168C : 23;
00168D : 6E;
00168E : 02;
00168F : CA;
001690 : 48;
001691 : 11;
001692 : 27;
001693 : 2F;
001694 : 23;
001695 : 23;
001696 : 6E;
001697 : 02;
001698 : 23;
001699 : 02;
00169A : 19;
00169B : 08;
00169C : 13;
00169D : 34;
00169E : 3D;
00169F : 00;
0016A0 : 00;
0016A1 : 00;
0016A2 : 00;
0016A3 : 00;
0016A4 : 00;
0016A5 : 00;
0016A6 : 00;
0016A7 : 00;
0016A8 : 00;
0016A9 : 00;
0016AA : 00;
0016AB : 00;
0016AC : 00;
0016AD : 00;
0016AE : 00;
0016AF : 00;
0016B0 : 00;
0016B1 : 00;
0016B2 : 00;
0016B3 : 00;
0016B4 : 00;
0016B5 : 00;
0016B6 : 00;
0016B7 : 00;
0016B8 : 00;
0016B9 : 00;
0016BA : 00;
0016BB : 00;
0016BC : 00;
0016BD : 00;
0016BE : 00;
0016BF : 00;
0016C0 : 00;
0016C1 : 00;
0016C2 : 00;
0016C3 : 00;
0016C4 : 00;
0016C5 : 4B;
0016C6 : 2B;
0016C7 : 2B;
0016C8 : 01;
0016C9 : 04;
0016CA : 04;
0016CB : 04;
0016CC : 04;
0016CD : 04;
0016CE : 04;
0016CF : 04;
0016D0 : 04;
0016D1 : 04;
0016D2 : 04;
0016D3 : FE;
0016D4 : 0F;
0016D5 : FE;
0016D6 : 04;
0016D7 : 04;
0016D8 : 04;
0016D9 : 04;
0016DA : 04;
0016DB : 04;
0016DC : 04;
0016DD : 04;
0016DE : 04;
0016DF : 04;
0016E0 : 04;
0016E1 : 01;
0016E2 : 2B;
0016E3 : 15;
0016E4 : DF;
0016E5 : 19;
0016E6 : 02;
0016E7 : 6E;
0016E8 : 0D;
0016E9 : 27;
0016EA : 03;
0016EB : 3C;
0016EC : 31;
0016ED : 6E;
0016EE : 19;
0016EF : 23;
0016F0 : 23;
0016F1 : 23;
0016F2 : 23;
0016F3 : 23;
0016F4 : 19;
0016F5 : 6E;
0016F6 : B2;
0016F7 : F6;
0016F8 : 12;
0016F9 : 2F;
0016FA : 23;
0016FB : 02;
0016FC : 02;
0016FD : 02;
0016FE : 02;
0016FF : 23;
001700 : 41;
001701 : 3C;
001702 : 11;
001703 : 34;
001704 : 00;
001705 : 00;
001706 : 00;
001707 : 00;
001708 : 00;
001709 : 00;
00170A : 00;
00170B : 00;
00170C : 00;
00170D : 00;
00170E : 00;
00170F : 00;
001710 : 00;
001711 : 00;
001712 : 00;
001713 : 00;
001714 : 00;
001715 : 00;
001716 : 00;
001717 : 00;
001718 : 00;
001719 : 00;
00171A : 00;
00171B : 00;
00171C : 00;
00171D : 00;
00171E : 00;
00171F : 00;
001720 : 00;
001721 : 00;
001722 : 00;
001723 : 00;
001724 : 00;
001725 : 00;
001726 : 00;
001727 : 00;
001728 : 00;
001729 : 00;
00172A : 00;
00172B : 03;
00172C : 03;
00172D : 1B;
00172E : 0C;
00172F : 04;
001730 : 04;
001731 : 04;
001732 : 04;
001733 : 04;
001734 : 04;
001735 : 04;
001736 : 04;
001737 : 04;
001738 : 04;
001739 : 04;
00173A : FE;
00173B : 0F;
00173C : FE;
00173D : 04;
00173E : 04;
00173F : 04;
001740 : 04;
001741 : 04;
001742 : 04;
001743 : 04;
001744 : 04;
001745 : 04;
001746 : 04;
001747 : E6;
001748 : 28;
001749 : 94;
00174A : 17;
00174B : 2F;
00174C : 23;
00174D : 02;
00174E : 6E;
00174F : B2;
001750 : 60;
001751 : 15;
001752 : 1B;
001753 : 72;
001754 : 6B;
001755 : 6E;
001756 : 19;
001757 : 23;
001758 : 23;
001759 : 23;
00175A : 23;
00175B : 23;
00175C : 19;
00175D : C6;
00175E : 02;
00175F : 23;
001760 : 02;
001761 : 02;
001762 : 02;
001763 : 02;
001764 : 23;
001765 : A0;
001766 : C9;
001767 : 34;
001768 : 11;
001769 : 13;
00176A : 00;
00176B : 00;
00176C : 00;
00176D : 00;
00176E : 00;
00176F : 00;
001770 : 00;
001771 : 00;
001772 : 00;
001773 : 00;
001774 : 00;
001775 : 00;
001776 : 00;
001777 : 00;
001778 : 00;
001779 : 00;
00177A : 00;
00177B : 00;
00177C : 00;
00177D : 00;
00177E : 00;
00177F : 00;
001780 : 00;
001781 : 00;
001782 : 00;
001783 : 00;
001784 : 00;
001785 : 00;
001786 : 00;
001787 : 00;
001788 : 00;
001789 : 00;
00178A : 00;
00178B : 00;
00178C : 00;
00178D : 00;
00178E : 00;
00178F : 00;
001790 : 00;
001791 : 03;
001792 : 2B;
001793 : 7F;
001794 : 3E;
001795 : 04;
001796 : 04;
001797 : 04;
001798 : 04;
001799 : 04;
00179A : 04;
00179B : 04;
00179C : 04;
00179D : 04;
00179E : 04;
00179F : 04;
0017A0 : 04;
0017A1 : FE;
0017A2 : 0F;
0017A3 : FE;
0017A4 : 04;
0017A5 : 04;
0017A6 : 04;
0017A7 : 3E;
0017A8 : 8B;
0017A9 : 04;
0017AA : 04;
0017AB : 04;
0017AC : 04;
0017AD : 04;
0017AE : 3E;
0017AF : DB;
0017B0 : 94;
0017B1 : CA;
0017B2 : 6E;
0017B3 : 45;
0017B4 : 23;
0017B5 : 6B;
0017B6 : 72;
0017B7 : 15;
0017B8 : 15;
0017B9 : 96;
0017BA : 68;
0017BB : 5A;
0017BC : 33;
0017BD : 6E;
0017BE : 19;
0017BF : 23;
0017C0 : 23;
0017C1 : 23;
0017C2 : 23;
0017C3 : 23;
0017C4 : 23;
0017C5 : 02;
0017C6 : 02;
0017C7 : 02;
0017C8 : 23;
0017C9 : 45;
0017CA : 25;
0017CB : 42;
0017CC : 3D;
0017CD : 11;
0017CE : 11;
0017CF : 00;
0017D0 : 00;
0017D1 : 00;
0017D2 : 00;
0017D3 : 00;
0017D4 : 00;
0017D5 : 00;
0017D6 : 00;
0017D7 : 00;
0017D8 : 00;
0017D9 : 00;
0017DA : 00;
0017DB : 00;
0017DC : 00;
0017DD : 00;
0017DE : 00;
0017DF : 00;
0017E0 : 00;
0017E1 : 00;
0017E2 : 00;
0017E3 : 00;
0017E4 : 00;
0017E5 : 00;
0017E6 : 00;
0017E7 : 00;
0017E8 : 00;
0017E9 : 00;
0017EA : 00;
0017EB : 00;
0017EC : 00;
0017ED : 00;
0017EE : 00;
0017EF : 00;
0017F0 : 00;
0017F1 : 00;
0017F2 : 00;
0017F3 : 00;
0017F4 : 00;
0017F5 : 00;
0017F6 : AF;
0017F7 : 2B;
0017F8 : 44;
0017F9 : D4;
0017FA : 04;
0017FB : 04;
0017FC : CB;
0017FD : 8B;
0017FE : 3E;
0017FF : 04;
001800 : 04;
001801 : 04;
001802 : 04;
001803 : 04;
001804 : 04;
001805 : 04;
001806 : 04;
001807 : 04;
001808 : FE;
001809 : 0F;
00180A : FE;
00180B : 04;
00180C : 04;
00180D : 38;
00180E : 81;
00180F : 8B;
001810 : 04;
001811 : 04;
001812 : 04;
001813 : 04;
001814 : 04;
001815 : D4;
001816 : 96;
001817 : 3C;
001818 : 0E;
001819 : D6;
00181A : 57;
00181B : 36;
00181C : 15;
00181D : 15;
00181E : 7F;
00181F : B3;
001820 : 2B;
001821 : 03;
001822 : 3C;
001823 : 72;
001824 : 25;
001825 : 23;
001826 : 6E;
001827 : 19;
001828 : 19;
001829 : 23;
00182A : 23;
00182B : 19;
00182C : 19;
00182D : 19;
00182E : 33;
00182F : 1E;
001830 : 32;
001831 : 03;
001832 : 11;
001833 : D1;
001834 : 00;
001835 : 00;
001836 : 00;
001837 : 00;
001838 : 00;
001839 : 00;
00183A : 00;
00183B : 00;
00183C : 00;
00183D : 00;
00183E : 00;
00183F : 00;
001840 : 00;
001841 : 00;
001842 : 00;
001843 : 00;
001844 : 00;
001845 : 00;
001846 : 00;
001847 : 00;
001848 : 00;
001849 : 00;
00184A : 00;
00184B : 00;
00184C : 00;
00184D : 00;
00184E : 00;
00184F : 00;
001850 : 00;
001851 : 00;
001852 : 00;
001853 : 00;
001854 : 00;
001855 : 00;
001856 : 00;
001857 : 00;
001858 : 00;
001859 : 00;
00185A : 00;
00185B : 00;
00185C : 1B;
00185D : 2B;
00185E : 6A;
00185F : 3F;
001860 : 04;
001861 : 04;
001862 : 55;
001863 : 13;
001864 : 01;
001865 : 04;
001866 : 04;
001867 : 04;
001868 : 04;
001869 : 04;
00186A : 04;
00186B : 04;
00186C : 04;
00186D : 04;
00186E : 04;
00186F : 14;
001870 : A9;
001871 : FE;
001872 : 04;
001873 : 28;
001874 : 03;
001875 : 3F;
001876 : 04;
001877 : 26;
001878 : 26;
001879 : 04;
00187A : 04;
00187B : 0C;
00187C : 1B;
00187D : 44;
00187E : D7;
00187F : 96;
001880 : 03;
001881 : 96;
001882 : B3;
001883 : 1F;
001884 : 3E;
001885 : 18;
001886 : D4;
001887 : 6A;
001888 : 03;
001889 : 11;
00188A : 15;
00188B : 42;
00188C : 37;
00188D : 31;
00188E : 0D;
00188F : 2F;
001890 : 2F;
001891 : B2;
001892 : DF;
001893 : 72;
001894 : 27;
001895 : D7;
001896 : 15;
001897 : 03;
001898 : 11;
001899 : 00;
00189A : 00;
00189B : 00;
00189C : 00;
00189D : 00;
00189E : 00;
00189F : 00;
0018A0 : 00;
0018A1 : 00;
0018A2 : 00;
0018A3 : 00;
0018A4 : 00;
0018A5 : 00;
0018A6 : 00;
0018A7 : 00;
0018A8 : 00;
0018A9 : 00;
0018AA : 00;
0018AB : 00;
0018AC : 00;
0018AD : 00;
0018AE : 00;
0018AF : 00;
0018B0 : 00;
0018B1 : 00;
0018B2 : 00;
0018B3 : 00;
0018B4 : 00;
0018B5 : 00;
0018B6 : 00;
0018B7 : 00;
0018B8 : 00;
0018B9 : 00;
0018BA : 00;
0018BB : 00;
0018BC : 00;
0018BD : 00;
0018BE : 00;
0018BF : 00;
0018C0 : 00;
0018C1 : 00;
0018C2 : 94;
0018C3 : 03;
0018C4 : 9B;
0018C5 : E6;
0018C6 : 04;
0018C7 : 04;
0018C8 : 38;
0018C9 : 2B;
0018CA : 01;
0018CB : 04;
0018CC : 04;
0018CD : 04;
0018CE : 04;
0018CF : 04;
0018D0 : 04;
0018D1 : 04;
0018D2 : 04;
0018D3 : 04;
0018D4 : 04;
0018D5 : 04;
0018D6 : 14;
0018D7 : A9;
0018D8 : 49;
0018D9 : 7F;
0018DA : 81;
0018DB : 3F;
0018DC : 04;
0018DD : 26;
0018DE : 26;
0018DF : 04;
0018E0 : 04;
0018E1 : 04;
0018E2 : D3;
0018E3 : 1B;
0018E4 : D7;
0018E5 : B3;
0018E6 : 38;
0018E7 : 8B;
0018E8 : 3E;
0018E9 : 04;
0018EA : 04;
0018EB : 04;
0018EC : DE;
0018ED : 3E;
0018EE : 1F;
0018EF : 7F;
0018F0 : 2B;
0018F1 : 11;
0018F2 : 11;
0018F3 : 2B;
0018F4 : 36;
0018F5 : 68;
0018F6 : 3C;
0018F7 : 1B;
0018F8 : 44;
0018F9 : 15;
0018FA : D7;
0018FB : 1B;
0018FC : 2B;
0018FD : 03;
0018FE : 00;
0018FF : 00;
001900 : 00;
001901 : 00;
001902 : 00;
001903 : 00;
001904 : 00;
001905 : 00;
001906 : 00;
001907 : 00;
001908 : 00;
001909 : 00;
00190A : 00;
00190B : 00;
00190C : 00;
00190D : 00;
00190E : 00;
00190F : 00;
001910 : 00;
001911 : 00;
001912 : 00;
001913 : 00;
001914 : 00;
001915 : 00;
001916 : 00;
001917 : 00;
001918 : 00;
001919 : 00;
00191A : 00;
00191B : 00;
00191C : 00;
00191D : 00;
00191E : 00;
00191F : 00;
001920 : 00;
001921 : 00;
001922 : 00;
001923 : 00;
001924 : 00;
001925 : 00;
001926 : 00;
001927 : 96;
001928 : 03;
001929 : 96;
00192A : D4;
00192B : 04;
00192C : 04;
00192D : 04;
00192E : 51;
00192F : 13;
001930 : 1F;
001931 : 04;
001932 : 04;
001933 : 04;
001934 : 04;
001935 : 04;
001936 : 04;
001937 : 04;
001938 : 04;
001939 : 04;
00193A : 04;
00193B : 04;
00193C : 04;
00193D : FE;
00193E : 0F;
00193F : 57;
001940 : 03;
001941 : 3F;
001942 : 26;
001943 : 26;
001944 : 26;
001945 : 04;
001946 : 04;
001947 : 04;
001948 : 04;
001949 : 7F;
00194A : 44;
00194B : 01;
00194C : 04;
00194D : 04;
00194E : 04;
00194F : 04;
001950 : 04;
001951 : 04;
001952 : 04;
001953 : 04;
001954 : DE;
001955 : 04;
001956 : 18;
001957 : D3;
001958 : 51;
001959 : 7F;
00195A : 6A;
00195B : 81;
00195C : 2B;
00195D : 44;
00195E : 1B;
00195F : 32;
001960 : 09;
001961 : 1B;
001962 : 03;
001963 : 00;
001964 : 00;
001965 : 00;
001966 : 00;
001967 : 00;
001968 : 00;
001969 : 00;
00196A : 00;
00196B : 00;
00196C : 00;
00196D : 00;
00196E : 00;
00196F : 00;
001970 : 00;
001971 : 00;
001972 : 00;
001973 : 00;
001974 : 00;
001975 : 00;
001976 : 00;
001977 : 00;
001978 : 00;
001979 : 00;
00197A : 00;
00197B : 00;
00197C : 00;
00197D : 00;
00197E : 00;
00197F : 00;
001980 : 00;
001981 : 00;
001982 : 00;
001983 : 00;
001984 : 00;
001985 : 00;
001986 : 00;
001987 : 00;
001988 : 00;
001989 : 00;
00198A : 00;
00198B : 00;
00198C : 00;
00198D : 96;
00198E : 03;
00198F : 6A;
001990 : 0C;
001991 : 04;
001992 : 04;
001993 : 04;
001994 : 09;
001995 : 13;
001996 : 55;
001997 : 04;
001998 : 04;
001999 : 04;
00199A : 04;
00199B : 04;
00199C : 04;
00199D : 04;
00199E : 04;
00199F : 04;
0019A0 : 04;
0019A1 : 04;
0019A2 : 04;
0019A3 : 04;
0019A4 : 49;
0019A5 : A3;
0019A6 : 27;
0019A7 : 0C;
0019A8 : 26;
0019A9 : 26;
0019AA : 26;
0019AB : 04;
0019AC : 04;
0019AD : 04;
0019AE : 04;
0019AF : D4;
0019B0 : 9B;
0019B1 : 18;
0019B2 : 04;
0019B3 : 04;
0019B4 : 04;
0019B5 : 04;
0019B6 : 04;
0019B7 : 04;
0019B8 : 04;
0019B9 : 04;
0019BA : 04;
0019BB : 04;
0019BC : 04;
0019BD : 04;
0019BE : 04;
0019BF : 04;
0019C0 : 18;
0019C1 : 0C;
0019C2 : 1F;
0019C3 : D4;
0019C4 : D3;
0019C5 : 18;
0019C6 : 0C;
0019C7 : 1B;
0019C8 : 11;
0019C9 : 00;
0019CA : 00;
0019CB : 00;
0019CC : 00;
0019CD : 00;
0019CE : 00;
0019CF : 00;
0019D0 : 00;
0019D1 : 00;
0019D2 : 00;
0019D3 : 00;
0019D4 : 00;
0019D5 : 00;
0019D6 : 00;
0019D7 : 00;
0019D8 : 00;
0019D9 : 00;
0019DA : 00;
0019DB : 00;
0019DC : 00;
0019DD : 00;
0019DE : 00;
0019DF : 00;
0019E0 : 00;
0019E1 : 00;
0019E2 : 00;
0019E3 : 00;
0019E4 : 00;
0019E5 : 00;
0019E6 : 00;
0019E7 : 00;
0019E8 : 00;
0019E9 : 00;
0019EA : 00;
0019EB : 00;
0019EC : 00;
0019ED : 00;
0019EE : 00;
0019EF : 00;
0019F0 : 00;
0019F1 : 00;
0019F2 : 00;
0019F3 : 36;
0019F4 : 96;
0019F5 : 7F;
0019F6 : 3E;
0019F7 : 04;
0019F8 : 04;
0019F9 : 04;
0019FA : 32;
0019FB : 44;
0019FC : 0C;
0019FD : 04;
0019FE : 04;
0019FF : 04;
001A00 : 04;
001A01 : 04;
001A02 : 04;
001A03 : 04;
001A04 : 04;
001A05 : 04;
001A06 : 04;
001A07 : 04;
001A08 : 04;
001A09 : 04;
001A0A : 18;
001A0B : 73;
001A0C : D5;
001A0D : 67;
001A0E : 26;
001A0F : 04;
001A10 : 04;
001A11 : 04;
001A12 : 04;
001A13 : 04;
001A14 : 04;
001A15 : 04;
001A16 : 04;
001A17 : 04;
001A18 : 04;
001A19 : 04;
001A1A : 04;
001A1B : 04;
001A1C : 04;
001A1D : 04;
001A1E : 04;
001A1F : 04;
001A20 : 04;
001A21 : 04;
001A22 : 04;
001A23 : 04;
001A24 : 04;
001A25 : 04;
001A26 : 04;
001A27 : 04;
001A28 : 04;
001A29 : 04;
001A2A : 04;
001A2B : 04;
001A2C : 8B;
001A2D : 44;
001A2E : 11;
001A2F : 00;
001A30 : 00;
001A31 : 00;
001A32 : 00;
001A33 : 00;
001A34 : 00;
001A35 : 00;
001A36 : 00;
001A37 : 00;
001A38 : 00;
001A39 : 00;
001A3A : 00;
001A3B : 00;
001A3C : 00;
001A3D : 00;
001A3E : 00;
001A3F : 00;
001A40 : 00;
001A41 : 00;
001A42 : 00;
001A43 : 00;
001A44 : 00;
001A45 : 00;
001A46 : 00;
001A47 : 00;
001A48 : 00;
001A49 : 00;
001A4A : 00;
001A4B : 00;
001A4C : 00;
001A4D : 00;
001A4E : 00;
001A4F : 00;
001A50 : 00;
001A51 : 00;
001A52 : 00;
001A53 : 00;
001A54 : 00;
001A55 : 00;
001A56 : 00;
001A57 : 00;
001A58 : 36;
001A59 : 15;
001A5A : 15;
001A5B : 01;
001A5C : 04;
001A5D : 04;
001A5E : 04;
001A5F : 76;
001A60 : DB;
001A61 : 6A;
001A62 : 8B;
001A63 : 04;
001A64 : 04;
001A65 : 04;
001A66 : 04;
001A67 : 04;
001A68 : 04;
001A69 : 04;
001A6A : 04;
001A6B : 04;
001A6C : 04;
001A6D : 04;
001A6E : 04;
001A6F : 04;
001A70 : 18;
001A71 : 44;
001A72 : 9B;
001A73 : B8;
001A74 : FE;
001A75 : CB;
001A76 : 04;
001A77 : 04;
001A78 : 04;
001A79 : 04;
001A7A : 04;
001A7B : 04;
001A7C : 04;
001A7D : 04;
001A7E : 04;
001A7F : 04;
001A80 : 04;
001A81 : 04;
001A82 : 04;
001A83 : 04;
001A84 : 04;
001A85 : 04;
001A86 : 04;
001A87 : 04;
001A88 : 04;
001A89 : 04;
001A8A : 04;
001A8B : 04;
001A8C : 04;
001A8D : 04;
001A8E : 04;
001A8F : 04;
001A90 : 04;
001A91 : 04;
001A92 : 8B;
001A93 : 6A;
001A94 : AE;
001A95 : 94;
001A96 : 00;
001A97 : 00;
001A98 : 00;
001A99 : 00;
001A9A : 00;
001A9B : 00;
001A9C : 00;
001A9D : 00;
001A9E : 00;
001A9F : 00;
001AA0 : 00;
001AA1 : 00;
001AA2 : 00;
001AA3 : 00;
001AA4 : 00;
001AA5 : 00;
001AA6 : 00;
001AA7 : 00;
001AA8 : 00;
001AA9 : 00;
001AAA : 00;
001AAB : 00;
001AAC : 00;
001AAD : 00;
001AAE : 00;
001AAF : 00;
001AB0 : 00;
001AB1 : 00;
001AB2 : 00;
001AB3 : 00;
001AB4 : 00;
001AB5 : 00;
001AB6 : 00;
001AB7 : 00;
001AB8 : 00;
001AB9 : 00;
001ABA : 00;
001ABB : 00;
001ABC : 00;
001ABD : 00;
001ABE : 4B;
001ABF : 94;
001AC0 : 15;
001AC1 : D3;
001AC2 : 04;
001AC3 : 04;
001AC4 : 04;
001AC5 : 18;
001AC6 : 6A;
001AC7 : 6A;
001AC8 : 18;
001AC9 : 04;
001ACA : 04;
001ACB : 04;
001ACC : 04;
001ACD : 04;
001ACE : 04;
001ACF : 04;
001AD0 : 04;
001AD1 : 04;
001AD2 : 04;
001AD3 : 04;
001AD4 : 04;
001AD5 : 04;
001AD6 : 18;
001AD7 : 6A;
001AD8 : 6A;
001AD9 : E1;
001ADA : 0F;
001ADB : FE;
001ADC : 04;
001ADD : 04;
001ADE : 04;
001ADF : 04;
001AE0 : 04;
001AE1 : 04;
001AE2 : 04;
001AE3 : 04;
001AE4 : 04;
001AE5 : 04;
001AE6 : 04;
001AE7 : 04;
001AE8 : 04;
001AE9 : 04;
001AEA : 04;
001AEB : 04;
001AEC : 04;
001AED : 26;
001AEE : 38;
001AEF : 38;
001AF0 : 04;
001AF1 : 04;
001AF2 : 04;
001AF3 : 04;
001AF4 : 04;
001AF5 : 04;
001AF6 : 04;
001AF7 : 04;
001AF8 : CD;
001AF9 : 6A;
001AFA : 96;
001AFB : D7;
001AFC : 00;
001AFD : 00;
001AFE : 00;
001AFF : 00;
001B00 : 00;
001B01 : 00;
001B02 : 00;
001B03 : 00;
001B04 : 00;
001B05 : 00;
001B06 : 00;
001B07 : 00;
001B08 : 00;
001B09 : 00;
001B0A : 00;
001B0B : 00;
001B0C : 00;
001B0D : 00;
001B0E : 00;
001B0F : 00;
001B10 : 00;
001B11 : 00;
001B12 : 00;
001B13 : 00;
001B14 : 00;
001B15 : 00;
001B16 : 00;
001B17 : 00;
001B18 : 00;
001B19 : 00;
001B1A : 00;
001B1B : 00;
001B1C : 00;
001B1D : 00;
001B1E : 00;
001B1F : 00;
001B20 : 00;
001B21 : 00;
001B22 : 00;
001B23 : 00;
001B24 : BA;
001B25 : 4B;
001B26 : 6A;
001B27 : 18;
001B28 : 04;
001B29 : 04;
001B2A : 04;
001B2B : 3F;
001B2C : 1B;
001B2D : DB;
001B2E : 3E;
001B2F : 04;
001B30 : 04;
001B31 : 04;
001B32 : 04;
001B33 : 04;
001B34 : 04;
001B35 : 04;
001B36 : 04;
001B37 : 04;
001B38 : 04;
001B39 : 04;
001B3A : 04;
001B3B : 04;
001B3C : 8B;
001B3D : 1B;
001B3E : 6A;
001B3F : 18;
001B40 : 49;
001B41 : 0F;
001B42 : FE;
001B43 : 04;
001B44 : 04;
001B45 : 04;
001B46 : 04;
001B47 : 04;
001B48 : 04;
001B49 : 04;
001B4A : 04;
001B4B : 04;
001B4C : 04;
001B4D : 04;
001B4E : 04;
001B4F : 04;
001B50 : 04;
001B51 : 04;
001B52 : 04;
001B53 : D3;
001B54 : 2B;
001B55 : 44;
001B56 : 18;
001B57 : 04;
001B58 : 04;
001B59 : 04;
001B5A : 04;
001B5B : 04;
001B5C : 04;
001B5D : 04;
001B5E : 18;
001B5F : B3;
001B60 : 15;
001B61 : 36;
001B62 : 00;
001B63 : 00;
001B64 : 00;
001B65 : 00;
001B66 : 00;
001B67 : 00;
001B68 : 00;
001B69 : 00;
001B6A : 00;
001B6B : 00;
001B6C : 00;
001B6D : 00;
001B6E : 00;
001B6F : 00;
001B70 : 00;
001B71 : 00;
001B72 : 00;
001B73 : 00;
001B74 : 00;
001B75 : 00;
001B76 : 00;
001B77 : 00;
001B78 : 00;
001B79 : 00;
001B7A : 00;
001B7B : 00;
001B7C : 00;
001B7D : 00;
001B7E : 00;
001B7F : 00;
001B80 : 00;
001B81 : 00;
001B82 : 00;
001B83 : 00;
001B84 : 00;
001B85 : 00;
001B86 : 00;
001B87 : 00;
001B88 : 00;
001B89 : 00;
001B8A : 6A;
001B8B : 2B;
001B8C : C7;
001B8D : E6;
001B8E : 04;
001B8F : 04;
001B90 : DE;
001B91 : 0C;
001B92 : 1B;
001B93 : DB;
001B94 : E6;
001B95 : 04;
001B96 : 04;
001B97 : 04;
001B98 : 04;
001B99 : 18;
001B9A : 18;
001B9B : 04;
001B9C : 04;
001B9D : 04;
001B9E : 04;
001B9F : 04;
001BA0 : 04;
001BA1 : 04;
001BA2 : 3F;
001BA3 : 1B;
001BA4 : 6A;
001BA5 : 18;
001BA6 : 04;
001BA7 : 14;
001BA8 : 0F;
001BA9 : FE;
001BAA : 04;
001BAB : 04;
001BAC : 04;
001BAD : 04;
001BAE : 04;
001BAF : 04;
001BB0 : 04;
001BB1 : 04;
001BB2 : 04;
001BB3 : 04;
001BB4 : 04;
001BB5 : 04;
001BB6 : 04;
001BB7 : 04;
001BB8 : 3E;
001BB9 : DB;
001BBA : 44;
001BBB : 28;
001BBC : CB;
001BBD : 04;
001BBE : 04;
001BBF : 04;
001BC0 : 04;
001BC1 : 04;
001BC2 : 04;
001BC3 : 26;
001BC4 : 3E;
001BC5 : DB;
001BC6 : 15;
001BC7 : D7;
001BC8 : 00;
001BC9 : 00;
001BCA : 00;
001BCB : 00;
001BCC : 00;
001BCD : 00;
001BCE : 00;
001BCF : 00;
001BD0 : 00;
001BD1 : 00;
001BD2 : 00;
001BD3 : 00;
001BD4 : 00;
001BD5 : 00;
001BD6 : 00;
001BD7 : 00;
001BD8 : 00;
001BD9 : 00;
001BDA : 00;
001BDB : 00;
001BDC : 00;
001BDD : 00;
001BDE : 00;
001BDF : 00;
001BE0 : 00;
001BE1 : 00;
001BE2 : 00;
001BE3 : 00;
001BE4 : 00;
001BE5 : 00;
001BE6 : 00;
001BE7 : 00;
001BE8 : 00;
001BE9 : 00;
001BEA : 00;
001BEB : 00;
001BEC : 00;
001BED : 00;
001BEE : 00;
001BEF : 00;
001BF0 : 03;
001BF1 : 2B;
001BF2 : 01;
001BF3 : 04;
001BF4 : 04;
001BF5 : 04;
001BF6 : DE;
001BF7 : 55;
001BF8 : 44;
001BF9 : 7F;
001BFA : CB;
001BFB : 04;
001BFC : 04;
001BFD : 04;
001BFE : 8B;
001BFF : 6A;
001C00 : 6A;
001C01 : 8B;
001C02 : 26;
001C03 : 04;
001C04 : 04;
001C05 : 04;
001C06 : 04;
001C07 : 04;
001C08 : 3F;
001C09 : 44;
001C0A : 6A;
001C0B : 3E;
001C0C : 04;
001C0D : 04;
001C0E : 14;
001C0F : 0F;
001C10 : FE;
001C11 : 04;
001C12 : 04;
001C13 : 04;
001C14 : 04;
001C15 : 04;
001C16 : 04;
001C17 : 04;
001C18 : 04;
001C19 : 04;
001C1A : 04;
001C1B : 04;
001C1C : 04;
001C1D : 04;
001C1E : 01;
001C1F : 44;
001C20 : B3;
001C21 : 3F;
001C22 : 04;
001C23 : 04;
001C24 : 04;
001C25 : 04;
001C26 : 04;
001C27 : 04;
001C28 : 04;
001C29 : 26;
001C2A : 3E;
001C2B : 27;
001C2C : 15;
001C2D : 15;
001C2E : 00;
001C2F : 00;
001C30 : 00;
001C31 : 00;
001C32 : 00;
001C33 : 00;
001C34 : 00;
001C35 : 00;
001C36 : 00;
001C37 : 00;
001C38 : 00;
001C39 : 00;
001C3A : 00;
001C3B : 00;
001C3C : 00;
001C3D : 00;
001C3E : 00;
001C3F : 00;
001C40 : 00;
001C41 : 00;
001C42 : 00;
001C43 : 00;
001C44 : 00;
001C45 : 00;
001C46 : 00;
001C47 : 00;
001C48 : 00;
001C49 : 00;
001C4A : 00;
001C4B : 00;
001C4C : 00;
001C4D : 00;
001C4E : 00;
001C4F : 00;
001C50 : 00;
001C51 : 00;
001C52 : 00;
001C53 : 00;
001C54 : 00;
001C55 : 73;
001C56 : 44;
001C57 : 13;
001C58 : D3;
001C59 : 04;
001C5A : 04;
001C5B : 04;
001C5C : DE;
001C5D : 1F;
001C5E : 15;
001C5F : 28;
001C60 : CB;
001C61 : 04;
001C62 : 04;
001C63 : 04;
001C64 : 51;
001C65 : 96;
001C66 : 96;
001C67 : 58;
001C68 : 26;
001C69 : 04;
001C6A : 04;
001C6B : 04;
001C6C : 04;
001C6D : 04;
001C6E : EC;
001C6F : 44;
001C70 : 6A;
001C71 : 3E;
001C72 : 04;
001C73 : 04;
001C74 : 04;
001C75 : 14;
001C76 : 0F;
001C77 : FE;
001C78 : 04;
001C79 : 04;
001C7A : 04;
001C7B : 04;
001C7C : 04;
001C7D : 04;
001C7E : 04;
001C7F : 04;
001C80 : 04;
001C81 : 04;
001C82 : 04;
001C83 : 55;
001C84 : B3;
001C85 : B3;
001C86 : 1F;
001C87 : 04;
001C88 : 04;
001C89 : 04;
001C8A : 04;
001C8B : 04;
001C8C : 04;
001C8D : 04;
001C8E : 04;
001C8F : 04;
001C90 : CB;
001C91 : 9B;
001C92 : 15;
001C93 : 96;
001C94 : 00;
001C95 : 00;
001C96 : 00;
001C97 : 00;
001C98 : 00;
001C99 : 00;
001C9A : 00;
001C9B : 00;
001C9C : 00;
001C9D : 00;
001C9E : 00;
001C9F : 00;
001CA0 : 00;
001CA1 : 00;
001CA2 : 00;
001CA3 : 00;
001CA4 : 00;
001CA5 : 00;
001CA6 : 00;
001CA7 : 00;
001CA8 : 00;
001CA9 : 00;
001CAA : 00;
001CAB : 00;
001CAC : 00;
001CAD : 00;
001CAE : 00;
001CAF : 00;
001CB0 : 00;
001CB1 : 00;
001CB2 : 00;
001CB3 : 00;
001CB4 : 00;
001CB5 : 00;
001CB6 : 00;
001CB7 : 00;
001CB8 : 00;
001CB9 : 00;
001CBA : 00;
001CBB : 36;
001CBC : 2B;
001CBD : 6A;
001CBE : 8B;
001CBF : 04;
001CC0 : 04;
001CC1 : 04;
001CC2 : DE;
001CC3 : D4;
001CC4 : 15;
001CC5 : 28;
001CC6 : 26;
001CC7 : 04;
001CC8 : 04;
001CC9 : 3F;
001CCA : 44;
001CCB : 44;
001CCC : 44;
001CCD : 28;
001CCE : 26;
001CCF : 26;
001CD0 : 26;
001CD1 : 26;
001CD2 : 04;
001CD3 : 04;
001CD4 : EC;
001CD5 : 44;
001CD6 : EE;
001CD7 : 3E;
001CD8 : 04;
001CD9 : 04;
001CDA : 04;
001CDB : 04;
001CDC : 49;
001CDD : 0F;
001CDE : FE;
001CDF : 04;
001CE0 : 04;
001CE1 : 04;
001CE2 : 04;
001CE3 : 04;
001CE4 : 04;
001CE5 : 04;
001CE6 : 04;
001CE7 : 04;
001CE8 : 18;
001CE9 : 7F;
001CEA : 1B;
001CEB : 7F;
001CEC : 76;
001CED : 04;
001CEE : 04;
001CEF : 04;
001CF0 : 04;
001CF1 : 04;
001CF2 : 04;
001CF3 : 04;
001CF4 : 04;
001CF5 : 04;
001CF6 : CB;
001CF7 : 09;
001CF8 : 96;
001CF9 : 94;
001CFA : 00;
001CFB : 00;
001CFC : 00;
001CFD : 00;
001CFE : 00;
001CFF : 00;
001D00 : 00;
001D01 : 00;
001D02 : 00;
001D03 : 00;
001D04 : 00;
001D05 : 00;
001D06 : 00;
001D07 : 00;
001D08 : 00;
001D09 : 00;
001D0A : 00;
001D0B : 00;
001D0C : 00;
001D0D : 00;
001D0E : 00;
001D0F : 00;
001D10 : 00;
001D11 : 00;
001D12 : 00;
001D13 : 00;
001D14 : 00;
001D15 : 00;
001D16 : 00;
001D17 : 00;
001D18 : 00;
001D19 : 00;
001D1A : 00;
001D1B : 00;
001D1C : 00;
001D1D : 00;
001D1E : 00;
001D1F : 00;
001D20 : 00;
001D21 : 11;
001D22 : 03;
001D23 : 32;
001D24 : 3E;
001D25 : 04;
001D26 : 04;
001D27 : 04;
001D28 : 04;
001D29 : 38;
001D2A : 15;
001D2B : DB;
001D2C : 55;
001D2D : CB;
001D2E : 04;
001D2F : 51;
001D30 : 96;
001D31 : 52;
001D32 : 1B;
001D33 : 6A;
001D34 : 3E;
001D35 : 04;
001D36 : E6;
001D37 : 0C;
001D38 : 18;
001D39 : 04;
001D3A : EC;
001D3B : 15;
001D3C : 6A;
001D3D : 3E;
001D3E : 04;
001D3F : 04;
001D40 : 04;
001D41 : 04;
001D42 : 04;
001D43 : 14;
001D44 : 0F;
001D45 : FE;
001D46 : 04;
001D47 : 04;
001D48 : 04;
001D49 : 04;
001D4A : 04;
001D4B : 04;
001D4C : 04;
001D4D : 04;
001D4E : 38;
001D4F : 1B;
001D50 : 36;
001D51 : 7F;
001D52 : 3E;
001D53 : 04;
001D54 : 04;
001D55 : 04;
001D56 : 04;
001D57 : 04;
001D58 : 55;
001D59 : D3;
001D5A : 3E;
001D5B : 04;
001D5C : 04;
001D5D : 51;
001D5E : 96;
001D5F : AE;
001D60 : 00;
001D61 : 00;
001D62 : 00;
001D63 : 00;
001D64 : 00;
001D65 : 00;
001D66 : 00;
001D67 : 00;
001D68 : 00;
001D69 : 00;
001D6A : 00;
001D6B : 00;
001D6C : 00;
001D6D : 00;
001D6E : 00;
001D6F : 00;
001D70 : 00;
001D71 : 00;
001D72 : 00;
001D73 : 00;
001D74 : 00;
001D75 : 00;
001D76 : 00;
001D77 : 00;
001D78 : 00;
001D79 : 00;
001D7A : 00;
001D7B : 00;
001D7C : 00;
001D7D : 00;
001D7E : 00;
001D7F : 00;
001D80 : 00;
001D81 : 00;
001D82 : 00;
001D83 : 00;
001D84 : 00;
001D85 : 00;
001D86 : 7F;
001D87 : 2B;
001D88 : 2B;
001D89 : 51;
001D8A : 04;
001D8B : 04;
001D8C : 04;
001D8D : 04;
001D8E : 04;
001D8F : 01;
001D90 : 44;
001D91 : 1B;
001D92 : 1B;
001D93 : 28;
001D94 : D3;
001D95 : 1B;
001D96 : 2B;
001D97 : A3;
001D98 : 4F;
001D99 : 03;
001D9A : D3;
001D9B : 0C;
001D9C : 7F;
001D9D : 2B;
001D9E : EE;
001D9F : 8B;
001DA0 : EC;
001DA1 : 15;
001DA2 : 6A;
001DA3 : 3E;
001DA4 : 04;
001DA5 : 04;
001DA6 : 04;
001DA7 : 04;
001DA8 : 04;
001DA9 : 04;
001DAA : 14;
001DAB : 0F;
001DAC : FE;
001DAD : 04;
001DAE : 04;
001DAF : 04;
001DB0 : 04;
001DB1 : 04;
001DB2 : 04;
001DB3 : 3F;
001DB4 : B3;
001DB5 : 1B;
001DB6 : 1B;
001DB7 : DB;
001DB8 : 18;
001DB9 : 04;
001DBA : 04;
001DBB : 04;
001DBC : 04;
001DBD : 26;
001DBE : 28;
001DBF : 96;
001DC0 : 7F;
001DC1 : 8B;
001DC2 : 04;
001DC3 : 51;
001DC4 : 96;
001DC5 : AE;
001DC6 : 00;
001DC7 : 00;
001DC8 : 00;
001DC9 : 00;
001DCA : 00;
001DCB : 00;
001DCC : 00;
001DCD : 00;
001DCE : 00;
001DCF : 00;
001DD0 : 00;
001DD1 : 00;
001DD2 : 00;
001DD3 : 00;
001DD4 : 00;
001DD5 : 00;
001DD6 : 00;
001DD7 : 00;
001DD8 : 00;
001DD9 : 00;
001DDA : 00;
001DDB : 00;
001DDC : 00;
001DDD : 00;
001DDE : 00;
001DDF : 00;
001DE0 : 00;
001DE1 : 00;
001DE2 : 00;
001DE3 : 00;
001DE4 : 00;
001DE5 : 00;
001DE6 : 00;
001DE7 : 00;
001DE8 : 00;
001DE9 : 00;
001DEA : 00;
001DEB : 00;
001DEC : 6A;
001DED : 13;
001DEE : 44;
001DEF : 1F;
001DF0 : 04;
001DF1 : 04;
001DF2 : 04;
001DF3 : 04;
001DF4 : 04;
001DF5 : 01;
001DF6 : 96;
001DF7 : 1B;
001DF8 : D7;
001DF9 : 1B;
001DFA : 1B;
001DFB : 15;
001DFC : 9F;
001DFD : 23;
001DFE : DF;
001DFF : 96;
001E00 : 1B;
001E01 : 15;
001E02 : 94;
001E03 : 2B;
001E04 : 15;
001E05 : DB;
001E06 : 28;
001E07 : 44;
001E08 : 6A;
001E09 : 3E;
001E0A : 04;
001E0B : 04;
001E0C : 04;
001E0D : 04;
001E0E : 04;
001E0F : 04;
001E10 : 04;
001E11 : 14;
001E12 : 0F;
001E13 : FE;
001E14 : 04;
001E15 : 04;
001E16 : 04;
001E17 : 04;
001E18 : 04;
001E19 : 51;
001E1A : 1B;
001E1B : 36;
001E1C : 36;
001E1D : B3;
001E1E : 8B;
001E1F : 04;
001E20 : 04;
001E21 : 04;
001E22 : 04;
001E23 : 3E;
001E24 : EE;
001E25 : 44;
001E26 : 44;
001E27 : DB;
001E28 : 0C;
001E29 : 51;
001E2A : 96;
001E2B : 11;
001E2C : 00;
001E2D : 00;
001E2E : 00;
001E2F : 00;
001E30 : 00;
001E31 : 00;
001E32 : 00;
001E33 : 00;
001E34 : 00;
001E35 : 00;
001E36 : 00;
001E37 : 00;
001E38 : 00;
001E39 : 00;
001E3A : 00;
001E3B : 00;
001E3C : 00;
001E3D : 00;
001E3E : 00;
001E3F : 00;
001E40 : 00;
001E41 : 00;
001E42 : 00;
001E43 : 00;
001E44 : 00;
001E45 : 00;
001E46 : 00;
001E47 : 00;
001E48 : 00;
001E49 : 00;
001E4A : 00;
001E4B : 00;
001E4C : 00;
001E4D : 00;
001E4E : 00;
001E4F : 00;
001E50 : 00;
001E51 : 00;
001E52 : 11;
001E53 : 03;
001E54 : 6A;
001E55 : 0C;
001E56 : 04;
001E57 : 04;
001E58 : 04;
001E59 : 04;
001E5A : 04;
001E5B : 3F;
001E5C : 51;
001E5D : 09;
001E5E : D7;
001E5F : 1B;
001E60 : 15;
001E61 : 1B;
001E62 : 08;
001E63 : 6E;
001E64 : 2F;
001E65 : 27;
001E66 : 03;
001E67 : 2B;
001E68 : 57;
001E69 : 08;
001E6A : AF;
001E6B : 1B;
001E6C : D7;
001E6D : 44;
001E6E : 28;
001E6F : 04;
001E70 : 04;
001E71 : 04;
001E72 : 04;
001E73 : 04;
001E74 : 04;
001E75 : 04;
001E76 : 04;
001E77 : 04;
001E78 : 49;
001E79 : 0F;
001E7A : FE;
001E7B : 04;
001E7C : 04;
001E7D : 04;
001E7E : 0C;
001E7F : B3;
001E80 : 2B;
001E81 : 27;
001E82 : 36;
001E83 : 1B;
001E84 : 0C;
001E85 : 04;
001E86 : CB;
001E87 : 04;
001E88 : 04;
001E89 : 8B;
001E8A : 44;
001E8B : B3;
001E8C : AF;
001E8D : 15;
001E8E : AF;
001E8F : DB;
001E90 : 15;
001E91 : 11;
001E92 : 00;
001E93 : 00;
001E94 : 00;
001E95 : 00;
001E96 : 00;
001E97 : 00;
001E98 : 00;
001E99 : 00;
001E9A : 00;
001E9B : 00;
001E9C : 00;
001E9D : 00;
001E9E : 00;
001E9F : 00;
001EA0 : 00;
001EA1 : 00;
001EA2 : 00;
001EA3 : 00;
001EA4 : 00;
001EA5 : 00;
001EA6 : 00;
001EA7 : 00;
001EA8 : 00;
001EA9 : 00;
001EAA : 00;
001EAB : 00;
001EAC : 00;
001EAD : 00;
001EAE : 00;
001EAF : 00;
001EB0 : 00;
001EB1 : 00;
001EB2 : 00;
001EB3 : 00;
001EB4 : 00;
001EB5 : 00;
001EB6 : 00;
001EB7 : 00;
001EB8 : 2B;
001EB9 : 03;
001EBA : EE;
001EBB : 18;
001EBC : 04;
001EBD : 04;
001EBE : 04;
001EBF : 04;
001EC0 : 04;
001EC1 : 04;
001EC2 : 04;
001EC3 : 18;
001EC4 : B3;
001EC5 : 44;
001EC6 : 72;
001EC7 : 31;
001EC8 : 02;
001EC9 : 02;
001ECA : 19;
001ECB : 47;
001ECC : 12;
001ECD : 08;
001ECE : 6E;
001ECF : C6;
001ED0 : 27;
001ED1 : 1B;
001ED2 : B3;
001ED3 : 51;
001ED4 : 8B;
001ED5 : 04;
001ED6 : 04;
001ED7 : 04;
001ED8 : 04;
001ED9 : 04;
001EDA : 04;
001EDB : 04;
001EDC : 04;
001EDD : 04;
001EDE : 04;
001EDF : 49;
001EE0 : 0F;
001EE1 : FE;
001EE2 : 04;
001EE3 : 04;
001EE4 : 01;
001EE5 : 15;
001EE6 : 03;
001EE7 : 24;
001EE8 : 03;
001EE9 : 44;
001EEA : D4;
001EEB : 51;
001EEC : 01;
001EED : 18;
001EEE : DE;
001EEF : D4;
001EF0 : 94;
001EF1 : 65;
001EF2 : 0D;
001EF3 : 60;
001EF4 : 1B;
001EF5 : 1B;
001EF6 : 2B;
001EF7 : 11;
001EF8 : 00;
001EF9 : 00;
001EFA : 00;
001EFB : 00;
001EFC : 00;
001EFD : 00;
001EFE : 00;
001EFF : 00;
001F00 : 00;
001F01 : 00;
001F02 : 00;
001F03 : 00;
001F04 : 00;
001F05 : 00;
001F06 : 00;
001F07 : 00;
001F08 : 00;
001F09 : 00;
001F0A : 00;
001F0B : 00;
001F0C : 00;
001F0D : 00;
001F0E : 00;
001F0F : 00;
001F10 : 00;
001F11 : 00;
001F12 : 00;
001F13 : 00;
001F14 : 00;
001F15 : 00;
001F16 : 00;
001F17 : 00;
001F18 : 00;
001F19 : 00;
001F1A : 00;
001F1B : 00;
001F1C : 00;
001F1D : B7;
001F1E : AF;
001F1F : 2B;
001F20 : 28;
001F21 : 04;
001F22 : 04;
001F23 : 04;
001F24 : 04;
001F25 : 04;
001F26 : 04;
001F27 : 04;
001F28 : 04;
001F29 : 3E;
001F2A : DB;
001F2B : 44;
001F2C : 41;
001F2D : 6E;
001F2E : 02;
001F2F : 02;
001F30 : 23;
001F31 : 19;
001F32 : 23;
001F33 : 6E;
001F34 : C6;
001F35 : 02;
001F36 : 32;
001F37 : 44;
001F38 : 1F;
001F39 : 04;
001F3A : 04;
001F3B : 04;
001F3C : 04;
001F3D : 04;
001F3E : 04;
001F3F : 04;
001F40 : 04;
001F41 : 04;
001F42 : 04;
001F43 : 04;
001F44 : 04;
001F45 : 04;
001F46 : 49;
001F47 : 0F;
001F48 : FE;
001F49 : 18;
001F4A : DB;
001F4B : 2B;
001F4C : 03;
001F4D : 00;
001F4E : 03;
001F4F : 44;
001F50 : 36;
001F51 : D7;
001F52 : D7;
001F53 : 27;
001F54 : 1F;
001F55 : 32;
001F56 : 03;
001F57 : 37;
001F58 : 6E;
001F59 : 31;
001F5A : 1B;
001F5B : 15;
001F5C : 03;
001F5D : 11;
001F5E : 00;
001F5F : 00;
001F60 : 00;
001F61 : 00;
001F62 : 00;
001F63 : 00;
001F64 : 00;
001F65 : 00;
001F66 : 00;
001F67 : 00;
001F68 : 00;
001F69 : 00;
001F6A : 00;
001F6B : 00;
001F6C : 00;
001F6D : 00;
001F6E : 00;
001F6F : 00;
001F70 : 00;
001F71 : 00;
001F72 : 00;
001F73 : 00;
001F74 : 00;
001F75 : 00;
001F76 : 00;
001F77 : 00;
001F78 : 00;
001F79 : 00;
001F7A : 00;
001F7B : 00;
001F7C : 00;
001F7D : 00;
001F7E : 00;
001F7F : 00;
001F80 : 00;
001F81 : 00;
001F82 : 00;
001F83 : BA;
001F84 : 44;
001F85 : 13;
001F86 : 38;
001F87 : 04;
001F88 : 04;
001F89 : 04;
001F8A : 04;
001F8B : 04;
001F8C : 04;
001F8D : 04;
001F8E : 04;
001F8F : 04;
001F90 : 7F;
001F91 : 96;
001F92 : 08;
001F93 : 6E;
001F94 : 02;
001F95 : 23;
001F96 : 23;
001F97 : 23;
001F98 : 23;
001F99 : 23;
001F9A : C6;
001F9B : 02;
001F9C : 27;
001F9D : 44;
001F9E : D3;
001F9F : 04;
001FA0 : 04;
001FA1 : 04;
001FA2 : 04;
001FA3 : 04;
001FA4 : 04;
001FA5 : 04;
001FA6 : 04;
001FA7 : 04;
001FA8 : 04;
001FA9 : 04;
001FAA : 04;
001FAB : 04;
001FAC : 04;
001FAD : 14;
001FAE : A9;
001FAF : EC;
001FB0 : 44;
001FB1 : 6A;
001FB2 : 73;
001FB3 : 00;
001FB4 : 03;
001FB5 : 44;
001FB6 : B3;
001FB7 : B3;
001FB8 : D7;
001FB9 : D7;
001FBA : 15;
001FBB : 15;
001FBC : 4B;
001FBD : 31;
001FBE : 6E;
001FBF : 41;
001FC0 : 1B;
001FC1 : 03;
001FC2 : 2B;
001FC3 : 00;
001FC4 : 00;
001FC5 : 00;
001FC6 : 00;
001FC7 : 00;
001FC8 : 00;
001FC9 : 00;
001FCA : 00;
001FCB : 00;
001FCC : 00;
001FCD : 00;
001FCE : 00;
001FCF : 00;
001FD0 : 00;
001FD1 : 00;
001FD2 : 00;
001FD3 : 00;
001FD4 : 00;
001FD5 : 00;
001FD6 : 00;
001FD7 : 00;
001FD8 : 00;
001FD9 : 00;
001FDA : 00;
001FDB : 00;
001FDC : 00;
001FDD : 00;
001FDE : 00;
001FDF : 00;
001FE0 : 00;
001FE1 : 00;
001FE2 : 00;
001FE3 : 00;
001FE4 : 00;
001FE5 : 00;
001FE6 : 00;
001FE7 : 00;
001FE8 : 00;
001FE9 : 34;
001FEA : 03;
001FEB : 1B;
001FEC : D3;
001FED : 04;
001FEE : 04;
001FEF : 04;
001FF0 : 04;
001FF1 : 04;
001FF2 : 04;
001FF3 : 04;
001FF4 : 04;
001FF5 : 04;
001FF6 : 28;
001FF7 : 03;
001FF8 : 5F;
001FF9 : 6E;
001FFA : 23;
001FFB : 23;
001FFC : 23;
001FFD : C6;
001FFE : C6;
001FFF : C6;
002000 : C6;
002001 : 02;
002002 : C9;
002003 : 15;
002004 : 1F;
002005 : 04;
002006 : 04;
002007 : 04;
002008 : 04;
002009 : 04;
00200A : 04;
00200B : 04;
00200C : 04;
00200D : 04;
00200E : 04;
00200F : 04;
002010 : 04;
002011 : 04;
002012 : 04;
002013 : 04;
002014 : DE;
002015 : FA;
002016 : AF;
002017 : 6A;
002018 : 93;
002019 : 00;
00201A : 13;
00201B : 81;
00201C : 1B;
00201D : 1B;
00201E : 60;
00201F : C1;
002020 : 36;
002021 : 2B;
002022 : 1A;
002023 : 02;
002024 : 19;
002025 : 41;
002026 : 1B;
002027 : 11;
002028 : 11;
002029 : 00;
00202A : 00;
00202B : 00;
00202C : 00;
00202D : 00;
00202E : 00;
00202F : 00;
002030 : 00;
002031 : 00;
002032 : 00;
002033 : 00;
002034 : 00;
002035 : 00;
002036 : 00;
002037 : 00;
002038 : 00;
002039 : 00;
00203A : 00;
00203B : 00;
00203C : 00;
00203D : 00;
00203E : 00;
00203F : 00;
002040 : 00;
002041 : 00;
002042 : 00;
002043 : 00;
002044 : 00;
002045 : 00;
002046 : 00;
002047 : 00;
002048 : 00;
002049 : 00;
00204A : 00;
00204B : 00;
00204C : 00;
00204D : 00;
00204E : 00;
00204F : 11;
002050 : 03;
002051 : 6A;
002052 : 8B;
002053 : 04;
002054 : 04;
002055 : 04;
002056 : 04;
002057 : 04;
002058 : 04;
002059 : 04;
00205A : 04;
00205B : 04;
00205C : 01;
00205D : 03;
00205E : C1;
00205F : 6E;
002060 : 23;
002061 : 23;
002062 : C6;
002063 : C6;
002064 : C6;
002065 : C6;
002066 : C6;
002067 : 02;
002068 : 42;
002069 : 15;
00206A : 1F;
00206B : DE;
00206C : 04;
00206D : 04;
00206E : 04;
00206F : 04;
002070 : 04;
002071 : 04;
002072 : 04;
002073 : 04;
002074 : 04;
002075 : 04;
002076 : 04;
002077 : 04;
002078 : 04;
002079 : 04;
00207A : 8B;
00207B : 09;
00207C : 0B;
00207D : 27;
00207E : 00;
00207F : 00;
002080 : 81;
002081 : 81;
002082 : 1B;
002083 : 13;
002084 : F6;
002085 : 6E;
002086 : B2;
002087 : 31;
002088 : 2F;
002089 : C6;
00208A : 23;
00208B : 0D;
00208C : B3;
00208D : 11;
00208E : 11;
00208F : 00;
002090 : 00;
002091 : 00;
002092 : 00;
002093 : 00;
002094 : 00;
002095 : 00;
002096 : 00;
002097 : 00;
002098 : 00;
002099 : 00;
00209A : 00;
00209B : 00;
00209C : 00;
00209D : 00;
00209E : 00;
00209F : 00;
0020A0 : 00;
0020A1 : 00;
0020A2 : 00;
0020A3 : 00;
0020A4 : 00;
0020A5 : 00;
0020A6 : 00;
0020A7 : 00;
0020A8 : 00;
0020A9 : 00;
0020AA : 00;
0020AB : 00;
0020AC : 00;
0020AD : 00;
0020AE : 00;
0020AF : 00;
0020B0 : 00;
0020B1 : 00;
0020B2 : 00;
0020B3 : 00;
0020B4 : 00;
0020B5 : 03;
0020B6 : 2B;
0020B7 : 32;
0020B8 : 18;
0020B9 : 04;
0020BA : 04;
0020BB : CB;
0020BC : 58;
0020BD : 58;
0020BE : CB;
0020BF : 04;
0020C0 : 04;
0020C1 : 04;
0020C2 : 38;
0020C3 : 03;
0020C4 : E4;
0020C5 : 19;
0020C6 : 23;
0020C7 : C6;
0020C8 : C6;
0020C9 : C6;
0020CA : C6;
0020CB : C6;
0020CC : C6;
0020CD : 23;
0020CE : 62;
0020CF : 15;
0020D0 : 1F;
0020D1 : 04;
0020D2 : 04;
0020D3 : 04;
0020D4 : 04;
0020D5 : 04;
0020D6 : 04;
0020D7 : 04;
0020D8 : 04;
0020D9 : 04;
0020DA : 04;
0020DB : 04;
0020DC : 04;
0020DD : 04;
0020DE : 04;
0020DF : 04;
0020E0 : 55;
0020E1 : 44;
0020E2 : 44;
0020E3 : 5D;
0020E4 : 00;
0020E5 : 00;
0020E6 : 00;
0020E7 : 00;
0020E8 : 48;
0020E9 : 2B;
0020EA : C9;
0020EB : 02;
0020EC : 19;
0020ED : 19;
0020EE : C6;
0020EF : 23;
0020F0 : C6;
0020F1 : 2F;
0020F2 : 32;
0020F3 : 11;
0020F4 : 99;
0020F5 : 00;
0020F6 : 00;
0020F7 : 00;
0020F8 : 00;
0020F9 : 00;
0020FA : 00;
0020FB : 00;
0020FC : 00;
0020FD : 00;
0020FE : 00;
0020FF : 00;
002100 : 00;
002101 : 00;
002102 : 00;
002103 : 00;
002104 : 00;
002105 : 00;
002106 : 00;
002107 : 00;
002108 : 00;
002109 : 00;
00210A : 00;
00210B : 00;
00210C : 00;
00210D : 00;
00210E : 00;
00210F : 00;
002110 : 00;
002111 : 00;
002112 : 00;
002113 : 00;
002114 : 00;
002115 : 00;
002116 : 00;
002117 : 00;
002118 : 00;
002119 : 00;
00211A : 00;
00211B : 03;
00211C : 2B;
00211D : 51;
00211E : 04;
00211F : 04;
002120 : 04;
002121 : D3;
002122 : 44;
002123 : 6A;
002124 : 8B;
002125 : 04;
002126 : 04;
002127 : 04;
002128 : 1F;
002129 : 03;
00212A : BA;
00212B : C6;
00212C : 23;
00212D : C6;
00212E : C6;
00212F : C6;
002130 : C6;
002131 : C6;
002132 : C6;
002133 : C6;
002134 : 12;
002135 : 15;
002136 : 1F;
002137 : 04;
002138 : 04;
002139 : 04;
00213A : 04;
00213B : 04;
00213C : 04;
00213D : 04;
00213E : 04;
00213F : 04;
002140 : 04;
002141 : 04;
002142 : 04;
002143 : 04;
002144 : 04;
002145 : 04;
002146 : 1F;
002147 : 81;
002148 : 11;
002149 : 99;
00214A : 00;
00214B : 00;
00214C : 00;
00214D : 00;
00214E : 3A;
00214F : 15;
002150 : 07;
002151 : 0D;
002152 : C6;
002153 : 23;
002154 : 23;
002155 : 23;
002156 : C6;
002157 : 02;
002158 : 09;
002159 : 11;
00215A : 11;
00215B : 00;
00215C : 00;
00215D : 00;
00215E : 00;
00215F : 00;
002160 : 00;
002161 : 00;
002162 : 00;
002163 : 00;
002164 : 00;
002165 : 00;
002166 : 00;
002167 : 00;
002168 : 00;
002169 : 00;
00216A : 00;
00216B : 00;
00216C : 00;
00216D : 00;
00216E : 00;
00216F : 00;
002170 : 00;
002171 : 00;
002172 : 00;
002173 : 00;
002174 : 00;
002175 : 00;
002176 : 00;
002177 : 00;
002178 : 00;
002179 : 00;
00217A : 00;
00217B : 00;
00217C : 00;
00217D : 00;
00217E : 00;
00217F : 00;
002180 : 00;
002181 : 03;
002182 : 2B;
002183 : 01;
002184 : 04;
002185 : 04;
002186 : 18;
002187 : DB;
002188 : 44;
002189 : 6A;
00218A : 3F;
00218B : 04;
00218C : 04;
00218D : 04;
00218E : 55;
00218F : 96;
002190 : 27;
002191 : C6;
002192 : C6;
002193 : C6;
002194 : C6;
002195 : C6;
002196 : C6;
002197 : C6;
002198 : C6;
002199 : 19;
00219A : 57;
00219B : 15;
00219C : 1F;
00219D : 04;
00219E : 04;
00219F : 04;
0021A0 : 04;
0021A1 : 04;
0021A2 : 04;
0021A3 : 04;
0021A4 : 04;
0021A5 : 04;
0021A6 : 04;
0021A7 : 04;
0021A8 : 04;
0021A9 : 04;
0021AA : 04;
0021AB : 04;
0021AC : 38;
0021AD : 81;
0021AE : AE;
0021AF : FD;
0021B0 : 00;
0021B1 : 00;
0021B2 : 00;
0021B3 : 00;
0021B4 : C1;
0021B5 : 07;
0021B6 : 1B;
0021B7 : 41;
0021B8 : 19;
0021B9 : 23;
0021BA : 23;
0021BB : 23;
0021BC : 23;
0021BD : 23;
0021BE : 12;
0021BF : 34;
0021C0 : 2B;
0021C1 : 00;
0021C2 : 00;
0021C3 : 00;
0021C4 : 00;
0021C5 : 00;
0021C6 : 00;
0021C7 : 00;
0021C8 : 00;
0021C9 : 00;
0021CA : 00;
0021CB : 00;
0021CC : 00;
0021CD : 00;
0021CE : 00;
0021CF : 00;
0021D0 : 00;
0021D1 : 00;
0021D2 : 00;
0021D3 : 00;
0021D4 : 00;
0021D5 : 00;
0021D6 : 00;
0021D7 : 00;
0021D8 : 00;
0021D9 : 00;
0021DA : 00;
0021DB : 00;
0021DC : 00;
0021DD : 00;
0021DE : 00;
0021DF : 00;
0021E0 : 00;
0021E1 : 00;
0021E2 : 00;
0021E3 : 00;
0021E4 : 00;
0021E5 : 00;
0021E6 : 00;
0021E7 : 3D;
0021E8 : 03;
0021E9 : 6A;
0021EA : 01;
0021EB : 0C;
0021EC : 51;
0021ED : 44;
0021EE : 6A;
0021EF : 44;
0021F0 : 0C;
0021F1 : 04;
0021F2 : 04;
0021F3 : 04;
0021F4 : 3F;
0021F5 : 44;
0021F6 : AF;
0021F7 : 2F;
0021F8 : 19;
0021F9 : C6;
0021FA : C6;
0021FB : C6;
0021FC : C6;
0021FD : C6;
0021FE : 19;
0021FF : 19;
002200 : 1A;
002201 : 15;
002202 : D4;
002203 : 04;
002204 : 04;
002205 : 04;
002206 : 04;
002207 : 04;
002208 : 04;
002209 : 04;
00220A : 04;
00220B : 04;
00220C : 04;
00220D : 04;
00220E : 04;
00220F : 04;
002210 : 04;
002211 : 04;
002212 : 01;
002213 : 81;
002214 : 44;
002215 : 2C;
002216 : 00;
002217 : 00;
002218 : 00;
002219 : 00;
00221A : 10;
00221B : 17;
00221C : 15;
00221D : 08;
00221E : 19;
00221F : 23;
002220 : 23;
002221 : 23;
002222 : 23;
002223 : 23;
002224 : 4F;
002225 : 03;
002226 : 15;
002227 : 00;
002228 : 00;
002229 : 00;
00222A : 00;
00222B : 00;
00222C : 00;
00222D : 00;
00222E : 00;
00222F : 00;
002230 : 00;
002231 : 00;
002232 : 00;
002233 : 00;
002234 : 00;
002235 : 00;
002236 : 00;
002237 : 00;
002238 : 00;
002239 : 00;
00223A : 00;
00223B : 00;
00223C : 00;
00223D : 00;
00223E : 00;
00223F : 00;
002240 : 00;
002241 : 00;
002242 : 00;
002243 : 00;
002244 : 00;
002245 : 00;
002246 : 00;
002247 : 00;
002248 : 00;
002249 : 00;
00224A : 00;
00224B : 00;
00224C : 00;
00224D : 11;
00224E : 11;
00224F : 03;
002250 : 2B;
002251 : 1B;
002252 : 1B;
002253 : B3;
002254 : B3;
002255 : 44;
002256 : D3;
002257 : 04;
002258 : 04;
002259 : 04;
00225A : 8B;
00225B : 1B;
00225C : 1B;
00225D : 0D;
00225E : 19;
00225F : C6;
002260 : C6;
002261 : C6;
002262 : C6;
002263 : C6;
002264 : 19;
002265 : 6E;
002266 : 65;
002267 : 96;
002268 : D4;
002269 : 04;
00226A : 04;
00226B : 04;
00226C : 04;
00226D : 04;
00226E : 04;
00226F : CB;
002270 : CB;
002271 : 04;
002272 : 04;
002273 : 04;
002274 : 04;
002275 : 04;
002276 : 04;
002277 : 04;
002278 : 51;
002279 : 44;
00227A : B3;
00227B : BD;
00227C : 00;
00227D : 00;
00227E : 00;
00227F : 00;
002280 : 00;
002281 : 48;
002282 : 44;
002283 : CA;
002284 : 19;
002285 : 23;
002286 : 23;
002287 : 23;
002288 : 23;
002289 : C6;
00228A : 72;
00228B : 2B;
00228C : 03;
00228D : 00;
00228E : 00;
00228F : 00;
002290 : 00;
002291 : 00;
002292 : 00;
002293 : 00;
002294 : 00;
002295 : 00;
002296 : 00;
002297 : 00;
002298 : 00;
002299 : 00;
00229A : 00;
00229B : 00;
00229C : 00;
00229D : 00;
00229E : 00;
00229F : 00;
0022A0 : 00;
0022A1 : 00;
0022A2 : 00;
0022A3 : 00;
0022A4 : 00;
0022A5 : 00;
0022A6 : 00;
0022A7 : 00;
0022A8 : 00;
0022A9 : 00;
0022AA : 00;
0022AB : 00;
0022AC : 00;
0022AD : 00;
0022AE : 00;
0022AF : 00;
0022B0 : 00;
0022B1 : 00;
0022B2 : 00;
0022B3 : 00;
0022B4 : 11;
0022B5 : 03;
0022B6 : 2B;
0022B7 : 1B;
0022B8 : 36;
0022B9 : B3;
0022BA : B3;
0022BB : D7;
0022BC : 01;
0022BD : CB;
0022BE : 04;
0022BF : 04;
0022C0 : 18;
0022C1 : B3;
0022C2 : 44;
0022C3 : 41;
0022C4 : 6E;
0022C5 : C6;
0022C6 : C6;
0022C7 : C6;
0022C8 : C6;
0022C9 : C6;
0022CA : C6;
0022CB : 6E;
0022CC : 37;
0022CD : 96;
0022CE : D4;
0022CF : 04;
0022D0 : 04;
0022D1 : 04;
0022D2 : 04;
0022D3 : 04;
0022D4 : 18;
0022D5 : 28;
0022D6 : 01;
0022D7 : CB;
0022D8 : 04;
0022D9 : 04;
0022DA : 04;
0022DB : 04;
0022DC : 04;
0022DD : 04;
0022DE : 51;
0022DF : 81;
0022E0 : AF;
0022E1 : BD;
0022E2 : 00;
0022E3 : 00;
0022E4 : 00;
0022E5 : 00;
0022E6 : 00;
0022E7 : 68;
0022E8 : 15;
0022E9 : C1;
0022EA : 23;
0022EB : 23;
0022EC : 23;
0022ED : 23;
0022EE : 23;
0022EF : 19;
0022F0 : 10;
0022F1 : 2B;
0022F2 : 94;
0022F3 : 00;
0022F4 : 00;
0022F5 : 00;
0022F6 : 00;
0022F7 : 00;
0022F8 : 00;
0022F9 : 00;
0022FA : 00;
0022FB : 00;
0022FC : 00;
0022FD : 00;
0022FE : 00;
0022FF : 00;
002300 : 00;
002301 : 00;
002302 : 00;
002303 : 00;
002304 : 00;
002305 : 00;
002306 : 00;
002307 : 00;
002308 : 00;
002309 : 00;
00230A : 00;
00230B : 00;
00230C : 00;
00230D : 00;
00230E : 00;
00230F : 00;
002310 : 00;
002311 : 00;
002312 : 00;
002313 : 00;
002314 : 00;
002315 : 00;
002316 : 00;
002317 : 00;
002318 : 00;
002319 : 00;
00231A : 00;
00231B : 00;
00231C : 2B;
00231D : 13;
00231E : AF;
00231F : 1D;
002320 : 6F;
002321 : D7;
002322 : D7;
002323 : 7F;
002324 : 01;
002325 : 1F;
002326 : 58;
002327 : 6A;
002328 : 13;
002329 : A3;
00232A : 6E;
00232B : C6;
00232C : C6;
00232D : C6;
00232E : C6;
00232F : C6;
002330 : C6;
002331 : 6E;
002332 : CA;
002333 : 2B;
002334 : 01;
002335 : 04;
002336 : CB;
002337 : 04;
002338 : 04;
002339 : CB;
00233A : 51;
00233B : 96;
00233C : 44;
00233D : D3;
00233E : 04;
00233F : 04;
002340 : 04;
002341 : 04;
002342 : 04;
002343 : 04;
002344 : 28;
002345 : 81;
002346 : 1B;
002347 : 39;
002348 : 00;
002349 : 00;
00234A : 00;
00234B : 00;
00234C : 00;
00234D : D5;
00234E : 3A;
00234F : F6;
002350 : 2F;
002351 : C6;
002352 : 23;
002353 : 23;
002354 : 23;
002355 : 6E;
002356 : 5A;
002357 : 2B;
002358 : 94;
002359 : 11;
00235A : 00;
00235B : 00;
00235C : 00;
00235D : 00;
00235E : 00;
00235F : 00;
002360 : 00;
002361 : 00;
002362 : 00;
002363 : 00;
002364 : 00;
002365 : 00;
002366 : 00;
002367 : 00;
002368 : 00;
002369 : 00;
00236A : 00;
00236B : 00;
00236C : 00;
00236D : 00;
00236E : 00;
00236F : 00;
002370 : 00;
002371 : 00;
002372 : 00;
002373 : 00;
002374 : 00;
002375 : 00;
002376 : 00;
002377 : 00;
002378 : 00;
002379 : 00;
00237A : 00;
00237B : 00;
00237C : 00;
00237D : 00;
00237E : 00;
00237F : 00;
002380 : 00;
002381 : 00;
002382 : 1B;
002383 : 44;
002384 : 27;
002385 : EA;
002386 : 20;
002387 : 68;
002388 : 44;
002389 : 44;
00238A : 44;
00238B : 1B;
00238C : 1B;
00238D : 6A;
00238E : 44;
00238F : 5F;
002390 : 6E;
002391 : 23;
002392 : 23;
002393 : C6;
002394 : C6;
002395 : C6;
002396 : 23;
002397 : 6E;
002398 : 1E;
002399 : 96;
00239A : 28;
00239B : 04;
00239C : 04;
00239D : CB;
00239E : 04;
00239F : 55;
0023A0 : 44;
0023A1 : 44;
0023A2 : 44;
0023A3 : DB;
0023A4 : 3E;
0023A5 : 04;
0023A6 : 04;
0023A7 : 04;
0023A8 : 18;
0023A9 : D4;
0023AA : 6A;
0023AB : 03;
0023AC : 81;
0023AD : 00;
0023AE : 00;
0023AF : 00;
0023B0 : 00;
0023B1 : 00;
0023B2 : 00;
0023B3 : D5;
0023B4 : B7;
0023B5 : 0B;
0023B6 : 0D;
0023B7 : 19;
0023B8 : C6;
0023B9 : C6;
0023BA : 23;
0023BB : 6E;
0023BC : 08;
0023BD : 13;
0023BE : 94;
0023BF : 11;
0023C0 : 00;
0023C1 : 00;
0023C2 : 00;
0023C3 : 00;
0023C4 : 00;
0023C5 : 00;
0023C6 : 00;
0023C7 : 00;
0023C8 : 00;
0023C9 : 00;
0023CA : 00;
0023CB : 00;
0023CC : 00;
0023CD : 00;
0023CE : 00;
0023CF : 00;
0023D0 : 00;
0023D1 : 00;
0023D2 : 00;
0023D3 : 00;
0023D4 : 00;
0023D5 : 00;
0023D6 : 00;
0023D7 : 00;
0023D8 : 00;
0023D9 : 00;
0023DA : 00;
0023DB : 00;
0023DC : 00;
0023DD : 00;
0023DE : 00;
0023DF : 00;
0023E0 : 00;
0023E1 : 00;
0023E2 : 00;
0023E3 : 00;
0023E4 : 00;
0023E5 : 00;
0023E6 : 00;
0023E7 : 00;
0023E8 : 36;
0023E9 : 1B;
0023EA : 68;
0023EB : 40;
0023EC : 40;
0023ED : EA;
0023EE : 1D;
0023EF : 6F;
0023F0 : 52;
0023F1 : AF;
0023F2 : AF;
0023F3 : B3;
0023F4 : 44;
0023F5 : 37;
0023F6 : 6E;
0023F7 : 02;
0023F8 : 23;
0023F9 : 23;
0023FA : 23;
0023FB : 23;
0023FC : 23;
0023FD : 6E;
0023FE : 08;
0023FF : 15;
002400 : B3;
002401 : 51;
002402 : D3;
002403 : 0C;
002404 : 8B;
002405 : 7F;
002406 : 44;
002407 : B3;
002408 : 6A;
002409 : 44;
00240A : 28;
00240B : D3;
00240C : 1F;
00240D : 28;
00240E : B3;
00240F : D7;
002410 : 44;
002411 : 03;
002412 : 11;
002413 : 00;
002414 : 00;
002415 : 00;
002416 : 00;
002417 : 00;
002418 : 00;
002419 : 40;
00241A : BA;
00241B : 90;
00241C : 2F;
00241D : 19;
00241E : C6;
00241F : C6;
002420 : C6;
002421 : 6E;
002422 : 31;
002423 : 44;
002424 : 11;
002425 : 11;
002426 : 00;
002427 : 00;
002428 : 00;
002429 : 00;
00242A : 00;
00242B : 00;
00242C : 00;
00242D : 00;
00242E : 00;
00242F : 00;
002430 : 00;
002431 : 00;
002432 : 00;
002433 : 00;
002434 : 00;
002435 : 00;
002436 : 00;
002437 : 00;
002438 : 00;
002439 : 00;
00243A : 00;
00243B : 00;
00243C : 00;
00243D : 00;
00243E : 00;
00243F : 00;
002440 : 00;
002441 : 00;
002442 : 00;
002443 : 00;
002444 : 00;
002445 : 00;
002446 : 00;
002447 : 00;
002448 : 00;
002449 : 00;
00244A : 00;
00244B : 00;
00244C : 00;
00244D : 00;
00244E : 3C;
00244F : 15;
002450 : 68;
002451 : 40;
002452 : 40;
002453 : 40;
002454 : 06;
002455 : 06;
002456 : 40;
002457 : 40;
002458 : 20;
002459 : 3A;
00245A : 1B;
00245B : F6;
00245C : 6E;
00245D : 23;
00245E : 23;
00245F : 23;
002460 : 23;
002461 : 23;
002462 : 23;
002463 : 6E;
002464 : 31;
002465 : 1B;
002466 : D7;
002467 : 15;
002468 : 96;
002469 : 44;
00246A : 1B;
00246B : 44;
00246C : B3;
00246D : 7B;
00246E : 27;
00246F : 44;
002470 : 44;
002471 : D7;
002472 : 15;
002473 : 1B;
002474 : 36;
002475 : D7;
002476 : 44;
002477 : 13;
002478 : 00;
002479 : 00;
00247A : 00;
00247B : 00;
00247C : 00;
00247D : 00;
00247E : 00;
00247F : 68;
002480 : 2B;
002481 : C9;
002482 : C6;
002483 : 5E;
002484 : 19;
002485 : C6;
002486 : C6;
002487 : 6E;
002488 : 41;
002489 : 6A;
00248A : 11;
00248B : 11;
00248C : 00;
00248D : 00;
00248E : 00;
00248F : 00;
002490 : 00;
002491 : 00;
002492 : 00;
002493 : 00;
002494 : 00;
002495 : 00;
002496 : 00;
002497 : 00;
002498 : 00;
002499 : 00;
00249A : 00;
00249B : 00;
00249C : 00;
00249D : 00;
00249E : 00;
00249F : 00;
0024A0 : 00;
0024A1 : 00;
0024A2 : 00;
0024A3 : 00;
0024A4 : 00;
0024A5 : 00;
0024A6 : 00;
0024A7 : 00;
0024A8 : 00;
0024A9 : 00;
0024AA : 00;
0024AB : 00;
0024AC : 00;
0024AD : 00;
0024AE : 00;
0024AF : 00;
0024B0 : 00;
0024B1 : 00;
0024B2 : 00;
0024B3 : 00;
0024B4 : 1D;
0024B5 : 1B;
0024B6 : 52;
0024B7 : 20;
0024B8 : 06;
0024B9 : 06;
0024BA : 06;
0024BB : 06;
0024BC : 06;
0024BD : 06;
0024BE : 06;
0024BF : C4;
0024C0 : D7;
0024C1 : 27;
0024C2 : 02;
0024C3 : 23;
0024C4 : 23;
0024C5 : 23;
0024C6 : 23;
0024C7 : 23;
0024C8 : 23;
0024C9 : 19;
0024CA : 0D;
0024CB : 36;
0024CC : D7;
0024CD : 52;
0024CE : 68;
0024CF : 52;
0024D0 : D7;
0024D1 : B3;
0024D2 : 1D;
0024D3 : 06;
0024D4 : EA;
0024D5 : 6F;
0024D6 : D7;
0024D7 : D7;
0024D8 : B3;
0024D9 : 52;
0024DA : 52;
0024DB : D7;
0024DC : 44;
0024DD : D7;
0024DE : 00;
0024DF : 00;
0024E0 : 00;
0024E1 : 00;
0024E2 : 00;
0024E3 : 00;
0024E4 : 00;
0024E5 : BC;
0024E6 : 15;
0024E7 : 4B;
0024E8 : 08;
0024E9 : 0A;
0024EA : 7C;
0024EB : 19;
0024EC : C6;
0024ED : 6E;
0024EE : 0D;
0024EF : DB;
0024F0 : 03;
0024F1 : 36;
0024F2 : 00;
0024F3 : 00;
0024F4 : 00;
0024F5 : 00;
0024F6 : 00;
0024F7 : 00;
0024F8 : 00;
0024F9 : 00;
0024FA : 00;
0024FB : 00;
0024FC : 00;
0024FD : 00;
0024FE : 00;
0024FF : 00;
002500 : 00;
002501 : 00;
002502 : 00;
002503 : 00;
002504 : 00;
002505 : 00;
002506 : 00;
002507 : 00;
002508 : 00;
002509 : 00;
00250A : 00;
00250B : 00;
00250C : 00;
00250D : 00;
00250E : 00;
00250F : 00;
002510 : 00;
002511 : 00;
002512 : 00;
002513 : 00;
002514 : 00;
002515 : 00;
002516 : 00;
002517 : 00;
002518 : 00;
002519 : 00;
00251A : 1D;
00251B : 15;
00251C : 36;
00251D : 20;
00251E : 06;
00251F : 06;
002520 : 06;
002521 : 06;
002522 : 06;
002523 : 06;
002524 : 06;
002525 : 20;
002526 : 36;
002527 : 36;
002528 : B2;
002529 : 19;
00252A : 23;
00252B : 23;
00252C : 23;
00252D : 23;
00252E : 23;
00252F : 19;
002530 : 2F;
002531 : 68;
002532 : 44;
002533 : 1D;
002534 : 06;
002535 : 40;
002536 : EA;
002537 : EA;
002538 : 06;
002539 : 06;
00253A : 06;
00253B : 40;
00253C : 20;
00253D : 20;
00253E : 20;
00253F : 40;
002540 : 1D;
002541 : D7;
002542 : 96;
002543 : 96;
002544 : 00;
002545 : 00;
002546 : 00;
002547 : 00;
002548 : 00;
002549 : 00;
00254A : 00;
00254B : BD;
00254C : 52;
00254D : 2B;
00254E : 72;
00254F : 6E;
002550 : 5E;
002551 : 7C;
002552 : 6E;
002553 : 6E;
002554 : 2F;
002555 : 09;
002556 : 96;
002557 : 52;
002558 : 00;
002559 : 00;
00255A : 00;
00255B : 00;
00255C : 00;
00255D : 00;
00255E : 00;
00255F : 00;
002560 : 00;
002561 : 00;
002562 : 00;
002563 : 00;
002564 : 00;
002565 : 00;
002566 : 00;
002567 : 00;
002568 : 00;
002569 : 00;
00256A : 00;
00256B : 00;
00256C : 00;
00256D : 00;
00256E : 00;
00256F : 00;
002570 : 00;
002571 : 00;
002572 : 00;
002573 : 00;
002574 : 00;
002575 : 00;
002576 : 00;
002577 : 00;
002578 : 00;
002579 : 00;
00257A : 00;
00257B : 00;
00257C : 00;
00257D : 00;
00257E : 00;
00257F : 00;
002580 : 24;
002581 : 2B;
002582 : 36;
002583 : 7B;
002584 : 40;
002585 : 06;
002586 : 06;
002587 : 06;
002588 : 06;
002589 : 06;
00258A : 06;
00258B : EA;
00258C : 52;
00258D : 1B;
00258E : 31;
00258F : 6E;
002590 : 23;
002591 : 23;
002592 : C6;
002593 : C6;
002594 : C6;
002595 : 19;
002596 : 23;
002597 : 42;
002598 : 15;
002599 : 3A;
00259A : 40;
00259B : 40;
00259C : 40;
00259D : 06;
00259E : 06;
00259F : 06;
0025A0 : 06;
0025A1 : 06;
0025A2 : 40;
0025A3 : 40;
0025A4 : 06;
0025A5 : 06;
0025A6 : 7B;
0025A7 : 52;
0025A8 : 96;
0025A9 : AE;
0025AA : 00;
0025AB : 00;
0025AC : 00;
0025AD : 00;
0025AE : 00;
0025AF : 00;
0025B0 : 00;
0025B1 : 4E;
0025B2 : 3A;
0025B3 : 15;
0025B4 : 57;
0025B5 : B1;
0025B6 : 6E;
0025B7 : 5E;
0025B8 : 7C;
0025B9 : 6E;
0025BA : 02;
0025BB : 1D;
0025BC : 96;
0025BD : 15;
0025BE : 00;
0025BF : 00;
0025C0 : 00;
0025C1 : 00;
0025C2 : 00;
0025C3 : 00;
0025C4 : 00;
0025C5 : 00;
0025C6 : 00;
0025C7 : 00;
0025C8 : 00;
0025C9 : 00;
0025CA : 00;
0025CB : 00;
0025CC : 00;
0025CD : 00;
0025CE : 00;
0025CF : 00;
0025D0 : 00;
0025D1 : 00;
0025D2 : 00;
0025D3 : 00;
0025D4 : 00;
0025D5 : 00;
0025D6 : 00;
0025D7 : 00;
0025D8 : 00;
0025D9 : 00;
0025DA : 00;
0025DB : 00;
0025DC : 00;
0025DD : 00;
0025DE : 00;
0025DF : 00;
0025E0 : 00;
0025E1 : 00;
0025E2 : 00;
0025E3 : 00;
0025E4 : 00;
0025E5 : 00;
0025E6 : 11;
0025E7 : 2B;
0025E8 : 36;
0025E9 : C4;
0025EA : 40;
0025EB : 06;
0025EC : 06;
0025ED : 06;
0025EE : 06;
0025EF : 06;
0025F0 : 06;
0025F1 : 40;
0025F2 : 6F;
0025F3 : 44;
0025F4 : 5A;
0025F5 : 6E;
0025F6 : 23;
0025F7 : 23;
0025F8 : C6;
0025F9 : C6;
0025FA : C6;
0025FB : C6;
0025FC : 19;
0025FD : F6;
0025FE : 96;
0025FF : 68;
002600 : 40;
002601 : 40;
002602 : 40;
002603 : 40;
002604 : 06;
002605 : 40;
002606 : 40;
002607 : 40;
002608 : 06;
002609 : 06;
00260A : 06;
00260B : 06;
00260C : EA;
00260D : 52;
00260E : 96;
00260F : 03;
002610 : 00;
002611 : 00;
002612 : 00;
002613 : 00;
002614 : 00;
002615 : 00;
002616 : 00;
002617 : 00;
002618 : 68;
002619 : 15;
00261A : 27;
00261B : 6B;
00261C : 45;
00261D : 6E;
00261E : 5E;
00261F : 7C;
002620 : 02;
002621 : 59;
002622 : 96;
002623 : 94;
002624 : 00;
002625 : 00;
002626 : 00;
002627 : 00;
002628 : 00;
002629 : 00;
00262A : 00;
00262B : 00;
00262C : 00;
00262D : 00;
00262E : 00;
00262F : 00;
002630 : 00;
002631 : 00;
002632 : 00;
002633 : 00;
002634 : 00;
002635 : 00;
002636 : 00;
002637 : 00;
002638 : 00;
002639 : 00;
00263A : 00;
00263B : 00;
00263C : 00;
00263D : 00;
00263E : 00;
00263F : 00;
002640 : 00;
002641 : 00;
002642 : 00;
002643 : 00;
002644 : 00;
002645 : 00;
002646 : 00;
002647 : 00;
002648 : 00;
002649 : 00;
00264A : 00;
00264B : 00;
00264C : 34;
00264D : 2B;
00264E : 36;
00264F : C4;
002650 : 40;
002651 : 06;
002652 : 06;
002653 : 06;
002654 : 06;
002655 : 06;
002656 : 06;
002657 : 06;
002658 : 2C;
002659 : 15;
00265A : 72;
00265B : 6E;
00265C : C6;
00265D : 23;
00265E : C6;
00265F : C6;
002660 : C6;
002661 : C6;
002662 : 6E;
002663 : 10;
002664 : 2B;
002665 : 52;
002666 : 40;
002667 : 40;
002668 : 40;
002669 : EA;
00266A : C4;
00266B : 6F;
00266C : 36;
00266D : C4;
00266E : 06;
00266F : 06;
002670 : 06;
002671 : 06;
002672 : 40;
002673 : 6F;
002674 : 44;
002675 : B3;
002676 : 9B;
002677 : 00;
002678 : 00;
002679 : 00;
00267A : 00;
00267B : 00;
00267C : 00;
00267D : 00;
00267E : 15;
00267F : 15;
002680 : 36;
002681 : 31;
002682 : 19;
002683 : 23;
002684 : 6E;
002685 : 5E;
002686 : 7C;
002687 : C1;
002688 : 96;
002689 : 11;
00268A : 00;
00268B : 00;
00268C : 00;
00268D : 00;
00268E : 00;
00268F : 00;
002690 : 00;
002691 : 00;
002692 : 00;
002693 : 00;
002694 : 00;
002695 : 00;
002696 : 00;
002697 : 00;
002698 : 00;
002699 : 00;
00269A : 00;
00269B : 00;
00269C : 00;
00269D : 00;
00269E : 00;
00269F : 00;
0026A0 : 00;
0026A1 : 00;
0026A2 : 00;
0026A3 : 00;
0026A4 : 00;
0026A5 : 00;
0026A6 : 00;
0026A7 : 00;
0026A8 : 00;
0026A9 : 00;
0026AA : 00;
0026AB : 00;
0026AC : 00;
0026AD : 00;
0026AE : 00;
0026AF : 00;
0026B0 : 00;
0026B1 : 00;
0026B2 : 2B;
0026B3 : 15;
0026B4 : D7;
0026B5 : 1D;
0026B6 : 40;
0026B7 : 06;
0026B8 : 06;
0026B9 : 06;
0026BA : 06;
0026BB : 06;
0026BC : 06;
0026BD : 40;
0026BE : 1D;
0026BF : 15;
0026C0 : 21;
0026C1 : 19;
0026C2 : C6;
0026C3 : C6;
0026C4 : C6;
0026C5 : C6;
0026C6 : C6;
0026C7 : C6;
0026C8 : 6E;
0026C9 : D6;
0026CA : 15;
0026CB : 36;
0026CC : 3A;
0026CD : 6F;
0026CE : 52;
0026CF : 36;
0026D0 : 15;
0026D1 : D7;
0026D2 : 36;
0026D3 : C4;
0026D4 : 06;
0026D5 : 06;
0026D6 : 06;
0026D7 : 06;
0026D8 : 40;
0026D9 : 2C;
0026DA : D7;
0026DB : 44;
0026DC : D7;
0026DD : 00;
0026DE : 00;
0026DF : 00;
0026E0 : 00;
0026E1 : 00;
0026E2 : 00;
0026E3 : 00;
0026E4 : 15;
0026E5 : 1B;
0026E6 : 15;
0026E7 : 72;
0026E8 : 19;
0026E9 : C6;
0026EA : 19;
0026EB : 7C;
0026EC : 0A;
0026ED : A3;
0026EE : 15;
0026EF : 94;
0026F0 : 68;
0026F1 : 00;
0026F2 : 00;
0026F3 : 00;
0026F4 : 00;
0026F5 : 00;
0026F6 : 00;
0026F7 : 00;
0026F8 : 00;
0026F9 : 00;
0026FA : 00;
0026FB : 00;
0026FC : 00;
0026FD : 00;
0026FE : 00;
0026FF : 00;
002700 : 00;
002701 : 00;
002702 : 00;
002703 : 00;
002704 : 00;
002705 : 00;
002706 : 00;
002707 : 00;
002708 : 00;
002709 : 00;
00270A : 00;
00270B : 00;
00270C : 00;
00270D : 00;
00270E : 00;
00270F : 00;
002710 : 00;
002711 : 00;
002712 : 00;
002713 : 00;
002714 : 00;
002715 : 00;
002716 : 00;
002717 : 00;
002718 : 36;
002719 : D7;
00271A : 1B;
00271B : 2C;
00271C : 40;
00271D : 06;
00271E : 06;
00271F : 06;
002720 : 06;
002721 : 06;
002722 : 06;
002723 : 40;
002724 : 3A;
002725 : 15;
002726 : CA;
002727 : 6E;
002728 : C6;
002729 : C6;
00272A : C6;
00272B : C6;
00272C : C6;
00272D : C6;
00272E : 6E;
00272F : 31;
002730 : 1B;
002731 : D7;
002732 : 1B;
002733 : 1B;
002734 : 1B;
002735 : 1B;
002736 : 36;
002737 : 1D;
002738 : EA;
002739 : 40;
00273A : 06;
00273B : 06;
00273C : 06;
00273D : 06;
00273E : 06;
00273F : 1D;
002740 : B3;
002741 : 2B;
002742 : 03;
002743 : 00;
002744 : 00;
002745 : 00;
002746 : 00;
002747 : 00;
002748 : 00;
002749 : 2B;
00274A : 15;
00274B : 1B;
00274C : 36;
00274D : D6;
00274E : 19;
00274F : 23;
002750 : 23;
002751 : C6;
002752 : 7C;
002753 : 89;
002754 : 3A;
002755 : 1B;
002756 : 6F;
002757 : 00;
002758 : 00;
002759 : 00;
00275A : 00;
00275B : 00;
00275C : 00;
00275D : 00;
00275E : 00;
00275F : 00;
002760 : 00;
002761 : 00;
002762 : 00;
002763 : 00;
002764 : 00;
002765 : 00;
002766 : 00;
002767 : 00;
002768 : 00;
002769 : 00;
00276A : 00;
00276B : 00;
00276C : 00;
00276D : 00;
00276E : 00;
00276F : 00;
002770 : 00;
002771 : 00;
002772 : 00;
002773 : 00;
002774 : 00;
002775 : 00;
002776 : 00;
002777 : 00;
002778 : 00;
002779 : 00;
00277A : 00;
00277B : 00;
00277C : 00;
00277D : 00;
00277E : 12;
00277F : 27;
002780 : 1B;
002781 : 3A;
002782 : 40;
002783 : 06;
002784 : 06;
002785 : 06;
002786 : 06;
002787 : 06;
002788 : 06;
002789 : EA;
00278A : 52;
00278B : 36;
00278C : 25;
00278D : 19;
00278E : C6;
00278F : C6;
002790 : C6;
002791 : C6;
002792 : C6;
002793 : C6;
002794 : 6E;
002795 : B2;
002796 : 36;
002797 : 1B;
002798 : AF;
002799 : 6F;
00279A : 3A;
00279B : 1D;
00279C : 20;
00279D : 40;
00279E : 40;
00279F : 06;
0027A0 : 06;
0027A1 : 06;
0027A2 : 06;
0027A3 : 06;
0027A4 : 06;
0027A5 : 7B;
0027A6 : B3;
0027A7 : 44;
0027A8 : 1B;
0027A9 : 00;
0027AA : 00;
0027AB : 00;
0027AC : 00;
0027AD : 00;
0027AE : A6;
0027AF : A6;
0027B0 : 15;
0027B1 : AF;
0027B2 : 1E;
0027B3 : 02;
0027B4 : 23;
0027B5 : 23;
0027B6 : 23;
0027B7 : 23;
0027B8 : 23;
0027B9 : 02;
0027BA : 10;
0027BB : 3A;
0027BC : 68;
0027BD : 00;
0027BE : 00;
0027BF : 00;
0027C0 : 00;
0027C1 : 00;
0027C2 : 00;
0027C3 : 00;
0027C4 : 00;
0027C5 : 00;
0027C6 : 00;
0027C7 : 00;
0027C8 : 00;
0027C9 : 00;
0027CA : 00;
0027CB : 00;
0027CC : 00;
0027CD : 00;
0027CE : 00;
0027CF : 00;
0027D0 : 00;
0027D1 : 00;
0027D2 : 00;
0027D3 : 00;
0027D4 : 00;
0027D5 : 00;
0027D6 : 00;
0027D7 : 00;
0027D8 : 00;
0027D9 : 00;
0027DA : 00;
0027DB : 00;
0027DC : 00;
0027DD : 00;
0027DE : 00;
0027DF : 00;
0027E0 : 00;
0027E1 : 00;
0027E2 : 00;
0027E3 : 00;
0027E4 : 00;
0027E5 : B3;
0027E6 : 15;
0027E7 : 6F;
0027E8 : 40;
0027E9 : 06;
0027EA : 06;
0027EB : 06;
0027EC : 06;
0027ED : 06;
0027EE : 06;
0027EF : 7B;
0027F0 : D7;
0027F1 : 3A;
0027F2 : 02;
0027F3 : C6;
0027F4 : C6;
0027F5 : 19;
0027F6 : 19;
0027F7 : C6;
0027F8 : C6;
0027F9 : C6;
0027FA : 19;
0027FB : 02;
0027FC : 42;
0027FD : 1B;
0027FE : 6F;
0027FF : 40;
002800 : 40;
002801 : 06;
002802 : 06;
002803 : 06;
002804 : 06;
002805 : 06;
002806 : 06;
002807 : 06;
002808 : 06;
002809 : 06;
00280A : 06;
00280B : EA;
00280C : 52;
00280D : 44;
00280E : 44;
00280F : 00;
002810 : 00;
002811 : 00;
002812 : 00;
002813 : 00;
002814 : A6;
002815 : 4B;
002816 : 36;
002817 : 08;
002818 : 23;
002819 : 23;
00281A : 02;
00281B : 23;
00281C : 23;
00281D : 23;
00281E : 23;
00281F : 02;
002820 : C1;
002821 : 0B;
002822 : 0B;
002823 : 00;
002824 : 00;
002825 : 00;
002826 : 00;
002827 : 00;
002828 : 00;
002829 : 00;
00282A : 00;
00282B : 00;
00282C : 00;
00282D : 00;
00282E : 00;
00282F : 00;
002830 : 00;
002831 : 00;
002832 : 00;
002833 : 00;
002834 : 00;
002835 : 00;
002836 : 00;
002837 : 00;
002838 : 00;
002839 : 00;
00283A : 00;
00283B : 00;
00283C : 00;
00283D : 00;
00283E : 00;
00283F : 00;
002840 : 00;
002841 : 00;
002842 : 00;
002843 : 00;
002844 : 00;
002845 : 00;
002846 : 00;
002847 : 00;
002848 : 00;
002849 : 00;
00284A : 00;
00284B : 94;
00284C : 96;
00284D : 68;
00284E : 40;
00284F : 06;
002850 : 06;
002851 : 06;
002852 : 06;
002853 : 06;
002854 : 06;
002855 : 1D;
002856 : 15;
002857 : 4F;
002858 : 19;
002859 : C6;
00285A : 19;
00285B : 19;
00285C : 19;
00285D : 19;
00285E : C6;
00285F : C6;
002860 : 23;
002861 : 6E;
002862 : 4F;
002863 : 44;
002864 : 52;
002865 : 40;
002866 : 40;
002867 : 40;
002868 : 06;
002869 : 06;
00286A : 06;
00286B : 06;
00286C : 06;
00286D : 06;
00286E : 06;
00286F : 06;
002870 : 06;
002871 : 40;
002872 : 3A;
002873 : 44;
002874 : 96;
002875 : 00;
002876 : 00;
002877 : 00;
002878 : 00;
002879 : 11;
00287A : A6;
00287B : 15;
00287C : 37;
00287D : 23;
00287E : 23;
00287F : 02;
002880 : 23;
002881 : 23;
002882 : 23;
002883 : 23;
002884 : 23;
002885 : 23;
002886 : C1;
002887 : D7;
002888 : 3C;
002889 : 00;
00288A : 00;
00288B : 00;
00288C : 00;
00288D : 00;
00288E : 00;
00288F : 00;
002890 : 00;
002891 : 00;
002892 : 00;
002893 : 00;
002894 : 00;
002895 : 00;
002896 : 00;
002897 : 00;
002898 : 00;
002899 : 00;
00289A : 00;
00289B : 00;
00289C : 00;
00289D : 00;
00289E : 00;
00289F : 00;
0028A0 : 00;
0028A1 : 00;
0028A2 : 00;
0028A3 : 00;
0028A4 : 00;
0028A5 : 00;
0028A6 : 00;
0028A7 : 00;
0028A8 : 00;
0028A9 : 00;
0028AA : 00;
0028AB : 00;
0028AC : 00;
0028AD : 00;
0028AE : 00;
0028AF : 00;
0028B0 : 00;
0028B1 : 94;
0028B2 : 96;
0028B3 : 52;
0028B4 : EA;
0028B5 : 06;
0028B6 : 06;
0028B7 : 06;
0028B8 : 06;
0028B9 : 06;
0028BA : 40;
0028BB : 3A;
0028BC : 15;
0028BD : 72;
0028BE : 6E;
0028BF : C6;
0028C0 : 19;
0028C1 : 19;
0028C2 : 19;
0028C3 : 45;
0028C4 : 23;
0028C5 : 23;
0028C6 : 23;
0028C7 : 6E;
0028C8 : 5A;
0028C9 : D7;
0028CA : 36;
0028CB : 20;
0028CC : 06;
0028CD : 06;
0028CE : 06;
0028CF : 06;
0028D0 : 06;
0028D1 : 06;
0028D2 : 06;
0028D3 : 06;
0028D4 : 06;
0028D5 : 06;
0028D6 : 06;
0028D7 : 06;
0028D8 : 1D;
0028D9 : D7;
0028DA : 96;
0028DB : 2B;
0028DC : 00;
0028DD : 00;
0028DE : 00;
0028DF : A6;
0028E0 : 2B;
0028E1 : 3C;
0028E2 : B2;
0028E3 : 23;
0028E4 : 02;
0028E5 : 23;
0028E6 : 23;
0028E7 : 23;
0028E8 : 23;
0028E9 : 23;
0028EA : 23;
0028EB : 19;
0028EC : 10;
0028ED : 96;
0028EE : 03;
0028EF : 34;
0028F0 : 00;
0028F1 : 00;
0028F2 : 00;
0028F3 : 00;
0028F4 : 00;
0028F5 : 00;
0028F6 : 00;
0028F7 : 00;
0028F8 : 00;
0028F9 : 00;
0028FA : 00;
0028FB : 00;
0028FC : 00;
0028FD : 00;
0028FE : 00;
0028FF : 00;
002900 : 00;
002901 : 00;
002902 : 00;
002903 : 00;
002904 : 00;
002905 : 00;
002906 : 00;
002907 : 00;
002908 : 00;
002909 : 00;
00290A : 00;
00290B : 00;
00290C : 00;
00290D : 00;
00290E : 00;
00290F : 00;
002910 : 00;
002911 : 00;
002912 : 00;
002913 : 00;
002914 : 00;
002915 : 00;
002916 : 00;
002917 : 94;
002918 : 96;
002919 : 52;
00291A : 20;
00291B : 06;
00291C : 06;
00291D : 06;
00291E : 06;
00291F : 06;
002920 : 40;
002921 : 6F;
002922 : 15;
002923 : 90;
002924 : 6E;
002925 : C6;
002926 : 19;
002927 : 19;
002928 : 19;
002929 : 45;
00292A : 23;
00292B : 23;
00292C : 23;
00292D : 19;
00292E : 31;
00292F : D7;
002930 : D7;
002931 : C4;
002932 : 06;
002933 : 06;
002934 : 06;
002935 : 06;
002936 : 06;
002937 : 06;
002938 : 06;
002939 : 06;
00293A : 06;
00293B : 06;
00293C : 06;
00293D : 06;
00293E : 7B;
00293F : B3;
002940 : 44;
002941 : 52;
002942 : 00;
002943 : 00;
002944 : 27;
002945 : 4B;
002946 : 94;
002947 : F6;
002948 : C6;
002949 : 02;
00294A : 02;
00294B : 23;
00294C : 23;
00294D : 23;
00294E : 23;
00294F : 23;
002950 : 23;
002951 : 19;
002952 : DF;
002953 : D7;
002954 : 2B;
002955 : 11;
002956 : 00;
002957 : 00;
002958 : 00;
002959 : 00;
00295A : 00;
00295B : 00;
00295C : 00;
00295D : 00;
00295E : 00;
00295F : 00;
002960 : 00;
002961 : 00;
002962 : 00;
002963 : 00;
002964 : 00;
002965 : 00;
002966 : 00;
002967 : 00;
002968 : 00;
002969 : 00;
00296A : 00;
00296B : 00;
00296C : 00;
00296D : 00;
00296E : 00;
00296F : 00;
002970 : 00;
002971 : 00;
002972 : 00;
002973 : 00;
002974 : 00;
002975 : 00;
002976 : 00;
002977 : 00;
002978 : 00;
002979 : 00;
00297A : 00;
00297B : 00;
00297C : 00;
00297D : 96;
00297E : 15;
00297F : 36;
002980 : 20;
002981 : 06;
002982 : 06;
002983 : 06;
002984 : 06;
002985 : 06;
002986 : 40;
002987 : 6F;
002988 : 15;
002989 : 10;
00298A : 6E;
00298B : C6;
00298C : 19;
00298D : 19;
00298E : 19;
00298F : 45;
002990 : 23;
002991 : 23;
002992 : 23;
002993 : 19;
002994 : B2;
002995 : AF;
002996 : D7;
002997 : 2C;
002998 : 06;
002999 : 06;
00299A : 06;
00299B : 06;
00299C : 06;
00299D : 06;
00299E : 06;
00299F : 06;
0029A0 : 06;
0029A1 : 06;
0029A2 : 06;
0029A3 : 40;
0029A4 : 20;
0029A5 : 52;
0029A6 : 44;
0029A7 : 1B;
0029A8 : 00;
0029A9 : 00;
0029AA : 1B;
0029AB : 4B;
0029AC : 94;
0029AD : 72;
0029AE : 6E;
0029AF : 02;
0029B0 : 23;
0029B1 : 23;
0029B2 : 23;
0029B3 : 23;
0029B4 : 23;
0029B5 : 23;
0029B6 : 23;
0029B7 : 19;
0029B8 : 41;
0029B9 : B3;
0029BA : 94;
0029BB : 11;
0029BC : 00;
0029BD : 00;
0029BE : 00;
0029BF : 00;
0029C0 : 00;
0029C1 : 00;
0029C2 : 00;
0029C3 : 00;
0029C4 : 00;
0029C5 : 00;
0029C6 : 00;
0029C7 : 00;
0029C8 : 00;
0029C9 : 00;
0029CA : 00;
0029CB : 00;
0029CC : 00;
0029CD : 00;
0029CE : 00;
0029CF : 00;
0029D0 : 00;
0029D1 : 00;
0029D2 : 00;
0029D3 : 00;
0029D4 : 00;
0029D5 : 00;
0029D6 : 00;
0029D7 : 00;
0029D8 : 00;
0029D9 : 00;
0029DA : 00;
0029DB : 00;
0029DC : 00;
0029DD : 00;
0029DE : 00;
0029DF : 00;
0029E0 : 00;
0029E1 : 00;
0029E2 : 00;
0029E3 : B3;
0029E4 : D7;
0029E5 : 36;
0029E6 : 7B;
0029E7 : 06;
0029E8 : 06;
0029E9 : 06;
0029EA : 06;
0029EB : 06;
0029EC : 40;
0029ED : 27;
0029EE : 15;
0029EF : 10;
0029F0 : 6E;
0029F1 : C6;
0029F2 : 19;
0029F3 : 19;
0029F4 : 19;
0029F5 : 45;
0029F6 : 23;
0029F7 : 23;
0029F8 : 23;
0029F9 : 23;
0029FA : 2F;
0029FB : 09;
0029FC : D7;
0029FD : 6F;
0029FE : 40;
0029FF : 06;
002A00 : 06;
002A01 : 06;
002A02 : 06;
002A03 : 06;
002A04 : 06;
002A05 : 06;
002A06 : 06;
002A07 : 06;
002A08 : 06;
002A09 : 40;
002A0A : 40;
002A0B : 6F;
002A0C : 44;
002A0D : 15;
002A0E : 00;
002A0F : 00;
002A10 : 2B;
002A11 : 2B;
002A12 : 2B;
002A13 : 5F;
002A14 : 19;
002A15 : 02;
002A16 : 23;
002A17 : 02;
002A18 : 02;
002A19 : 23;
002A1A : 23;
002A1B : 23;
002A1C : 23;
002A1D : 19;
002A1E : 0D;
002A1F : AF;
002A20 : 11;
002A21 : 99;
002A22 : 00;
002A23 : 00;
002A24 : 00;
002A25 : 00;
002A26 : 00;
002A27 : 00;
002A28 : 00;
002A29 : 00;
002A2A : 00;
002A2B : 00;
002A2C : 00;
002A2D : 00;
002A2E : 00;
002A2F : 00;
002A30 : 00;
002A31 : 00;
002A32 : 00;
002A33 : 00;
002A34 : 00;
002A35 : 00;
002A36 : 00;
002A37 : 00;
002A38 : 00;
002A39 : 00;
002A3A : 00;
002A3B : 00;
002A3C : 00;
002A3D : 00;
002A3E : 00;
002A3F : 00;
002A40 : 00;
002A41 : 00;
002A42 : 00;
002A43 : 00;
002A44 : 00;
002A45 : 00;
002A46 : 00;
002A47 : 00;
002A48 : 00;
002A49 : EA;
002A4A : 52;
002A4B : D7;
002A4C : C4;
002A4D : 06;
002A4E : 06;
002A4F : 06;
002A50 : 06;
002A51 : 06;
002A52 : 40;
002A53 : 27;
002A54 : 15;
002A55 : 8F;
002A56 : 6E;
002A57 : C6;
002A58 : 19;
002A59 : 23;
002A5A : 45;
002A5B : 45;
002A5C : 23;
002A5D : 23;
002A5E : 23;
002A5F : 23;
002A60 : 02;
002A61 : 73;
002A62 : D7;
002A63 : 52;
002A64 : 20;
002A65 : 06;
002A66 : 06;
002A67 : 06;
002A68 : 06;
002A69 : 06;
002A6A : 06;
002A6B : 06;
002A6C : 06;
002A6D : 06;
002A6E : 06;
002A6F : 40;
002A70 : 40;
002A71 : 1D;
002A72 : 1B;
002A73 : 36;
002A74 : 2C;
002A75 : 00;
002A76 : A6;
002A77 : 2B;
002A78 : 2B;
002A79 : DF;
002A7A : C6;
002A7B : C6;
002A7C : 41;
002A7D : 42;
002A7E : 12;
002A7F : 0D;
002A80 : C6;
002A81 : 02;
002A82 : 23;
002A83 : 19;
002A84 : 2F;
002A85 : 27;
002A86 : 11;
002A87 : 99;
002A88 : 00;
002A89 : 00;
002A8A : 00;
002A8B : 00;
002A8C : 00;
002A8D : 00;
002A8E : 00;
002A8F : 00;
002A90 : 00;
002A91 : 00;
002A92 : 00;
002A93 : 00;
002A94 : 00;
002A95 : 00;
002A96 : 00;
002A97 : 00;
002A98 : 00;
002A99 : 00;
002A9A : 00;
002A9B : 00;
002A9C : 00;
002A9D : 00;
002A9E : 00;
002A9F : 00;
002AA0 : 00;
002AA1 : 00;
002AA2 : 00;
002AA3 : 00;
002AA4 : 00;
002AA5 : 00;
002AA6 : 00;
002AA7 : 00;
002AA8 : 00;
002AA9 : 00;
002AAA : 00;
002AAB : 00;
002AAC : 00;
002AAD : 00;
002AAE : 00;
002AAF : B7;
002AB0 : 6F;
002AB1 : D7;
002AB2 : 1D;
002AB3 : 06;
002AB4 : 06;
002AB5 : 06;
002AB6 : 06;
002AB7 : 06;
002AB8 : 40;
002AB9 : 27;
002ABA : 13;
002ABB : 5F;
002ABC : 6E;
002ABD : 23;
002ABE : 23;
002ABF : 23;
002AC0 : 23;
002AC1 : 45;
002AC2 : 23;
002AC3 : 23;
002AC4 : 23;
002AC5 : C6;
002AC6 : 02;
002AC7 : 73;
002AC8 : D7;
002AC9 : 36;
002ACA : 2C;
002ACB : 40;
002ACC : 06;
002ACD : 06;
002ACE : 06;
002ACF : 06;
002AD0 : 06;
002AD1 : 06;
002AD2 : 06;
002AD3 : 06;
002AD4 : 06;
002AD5 : 06;
002AD6 : 40;
002AD7 : 7B;
002AD8 : 36;
002AD9 : 15;
002ADA : D7;
002ADB : 00;
002ADC : 34;
002ADD : 2B;
002ADE : 1B;
002ADF : 41;
002AE0 : C6;
002AE1 : 19;
002AE2 : C1;
002AE3 : 03;
002AE4 : 94;
002AE5 : 84;
002AE6 : 6E;
002AE7 : 02;
002AE8 : 23;
002AE9 : C6;
002AEA : B1;
002AEB : C9;
002AEC : 11;
002AED : 11;
002AEE : 00;
002AEF : 00;
002AF0 : 00;
002AF1 : 00;
002AF2 : 00;
002AF3 : 00;
002AF4 : 00;
002AF5 : 00;
002AF6 : 00;
002AF7 : 00;
002AF8 : 00;
002AF9 : 00;
002AFA : 00;
002AFB : 00;
002AFC : 00;
002AFD : 00;
002AFE : 00;
002AFF : 00;
002B00 : 00;
002B01 : 00;
002B02 : 00;
002B03 : 00;
002B04 : 00;
002B05 : 00;
002B06 : 00;
002B07 : 00;
002B08 : 00;
002B09 : 00;
002B0A : 00;
002B0B : 00;
002B0C : 00;
002B0D : 00;
002B0E : 00;
002B0F : 00;
002B10 : 00;
002B11 : 00;
002B12 : 00;
002B13 : 00;
002B14 : 00;
002B15 : 00;
002B16 : 15;
002B17 : 15;
002B18 : 1D;
002B19 : 06;
002B1A : 06;
002B1B : 06;
002B1C : 06;
002B1D : 40;
002B1E : EA;
002B1F : 52;
002B20 : 2B;
002B21 : 5F;
002B22 : 6E;
002B23 : 23;
002B24 : 23;
002B25 : 23;
002B26 : 23;
002B27 : 23;
002B28 : 23;
002B29 : 23;
002B2A : 23;
002B2B : C6;
002B2C : 2F;
002B2D : BA;
002B2E : D7;
002B2F : 36;
002B30 : 52;
002B31 : 20;
002B32 : 06;
002B33 : 06;
002B34 : 06;
002B35 : 06;
002B36 : 06;
002B37 : 06;
002B38 : 06;
002B39 : 06;
002B3A : 06;
002B3B : 06;
002B3C : 40;
002B3D : EA;
002B3E : 52;
002B3F : 15;
002B40 : 15;
002B41 : 00;
002B42 : 34;
002B43 : 03;
002B44 : 48;
002B45 : 25;
002B46 : 23;
002B47 : C6;
002B48 : 57;
002B49 : 15;
002B4A : 2B;
002B4B : CA;
002B4C : 6E;
002B4D : 02;
002B4E : 02;
002B4F : 23;
002B50 : B1;
002B51 : 42;
002B52 : 11;
002B53 : 24;
002B54 : 00;
002B55 : 00;
002B56 : 00;
002B57 : 00;
002B58 : 00;
002B59 : 00;
002B5A : 00;
002B5B : 00;
002B5C : 00;
002B5D : 00;
002B5E : 00;
002B5F : 00;
002B60 : 00;
002B61 : 00;
002B62 : 00;
002B63 : 00;
002B64 : 00;
002B65 : 00;
002B66 : 00;
002B67 : 00;
002B68 : 00;
002B69 : 00;
002B6A : 00;
002B6B : 00;
002B6C : 00;
002B6D : 00;
002B6E : 00;
002B6F : 00;
002B70 : 00;
002B71 : 00;
002B72 : 00;
002B73 : 00;
002B74 : 00;
002B75 : 00;
002B76 : 00;
002B77 : 00;
002B78 : 00;
002B79 : 00;
002B7A : 00;
002B7B : 00;
002B7C : 03;
002B7D : 15;
002B7E : 3A;
002B7F : 40;
002B80 : 06;
002B81 : 06;
002B82 : 40;
002B83 : 06;
002B84 : EA;
002B85 : B3;
002B86 : 2B;
002B87 : D6;
002B88 : 6E;
002B89 : 02;
002B8A : 23;
002B8B : 23;
002B8C : 23;
002B8D : 23;
002B8E : 23;
002B8F : 23;
002B90 : 02;
002B91 : 23;
002B92 : 2F;
002B93 : 3A;
002B94 : D7;
002B95 : 36;
002B96 : 36;
002B97 : 1D;
002B98 : 06;
002B99 : 06;
002B9A : 06;
002B9B : 06;
002B9C : 06;
002B9D : 06;
002B9E : 06;
002B9F : 06;
002BA0 : 06;
002BA1 : 06;
002BA2 : 06;
002BA3 : 40;
002BA4 : 3A;
002BA5 : 1B;
002BA6 : 1B;
002BA7 : 00;
002BA8 : 34;
002BA9 : 94;
002BAA : AF;
002BAB : A0;
002BAC : 02;
002BAD : 02;
002BAE : 60;
002BAF : 15;
002BB0 : 1B;
002BB1 : 31;
002BB2 : 19;
002BB3 : 02;
002BB4 : 02;
002BB5 : 02;
002BB6 : 2F;
002BB7 : 42;
002BB8 : 34;
002BB9 : 24;
002BBA : 00;
002BBB : 00;
002BBC : 00;
002BBD : 00;
002BBE : 00;
002BBF : 00;
002BC0 : 00;
002BC1 : 00;
002BC2 : 00;
002BC3 : 00;
002BC4 : 00;
002BC5 : 00;
002BC6 : 00;
002BC7 : 00;
002BC8 : 00;
002BC9 : 00;
002BCA : 00;
002BCB : 00;
002BCC : 00;
002BCD : 00;
002BCE : 00;
002BCF : 00;
002BD0 : 00;
002BD1 : 00;
002BD2 : 00;
002BD3 : 00;
002BD4 : 00;
002BD5 : 00;
002BD6 : 00;
002BD7 : 00;
002BD8 : 00;
002BD9 : 00;
002BDA : 00;
002BDB : 00;
002BDC : 00;
002BDD : 00;
002BDE : 00;
002BDF : 00;
002BE0 : 00;
002BE1 : 00;
002BE2 : 03;
002BE3 : 96;
002BE4 : 6F;
002BE5 : 40;
002BE6 : 06;
002BE7 : 40;
002BE8 : 40;
002BE9 : 06;
002BEA : 1D;
002BEB : 1B;
002BEC : 1B;
002BED : 41;
002BEE : C6;
002BEF : C6;
002BF0 : 41;
002BF1 : 1A;
002BF2 : 0E;
002BF3 : 23;
002BF4 : 23;
002BF5 : 23;
002BF6 : 23;
002BF7 : 23;
002BF8 : 6B;
002BF9 : 27;
002BFA : 1B;
002BFB : 27;
002BFC : 36;
002BFD : 52;
002BFE : EA;
002BFF : 06;
002C00 : 06;
002C01 : 06;
002C02 : 06;
002C03 : 06;
002C04 : 06;
002C05 : 06;
002C06 : 06;
002C07 : 06;
002C08 : 06;
002C09 : 40;
002C0A : 1D;
002C0B : 1B;
002C0C : 1B;
002C0D : B3;
002C0E : A6;
002C0F : 94;
002C10 : AF;
002C11 : 6B;
002C12 : 23;
002C13 : 02;
002C14 : 27;
002C15 : 13;
002C16 : AF;
002C17 : 0D;
002C18 : 19;
002C19 : 31;
002C1A : 12;
002C1B : 41;
002C1C : 2F;
002C1D : 42;
002C1E : 11;
002C1F : 24;
002C20 : 00;
002C21 : 00;
002C22 : 00;
002C23 : 00;
002C24 : 00;
002C25 : 00;
002C26 : 00;
002C27 : 00;
002C28 : 00;
002C29 : 00;
002C2A : 00;
002C2B : 00;
002C2C : 00;
002C2D : 00;
002C2E : 00;
002C2F : 00;
002C30 : 00;
002C31 : 00;
002C32 : 00;
002C33 : 00;
002C34 : 00;
002C35 : 00;
002C36 : 00;
002C37 : 00;
002C38 : 00;
002C39 : 00;
002C3A : 00;
002C3B : 00;
002C3C : 00;
002C3D : 00;
002C3E : 00;
002C3F : 00;
002C40 : 00;
002C41 : 00;
002C42 : 00;
002C43 : 00;
002C44 : 00;
002C45 : 00;
002C46 : 00;
002C47 : 00;
002C48 : 03;
002C49 : 15;
002C4A : 27;
002C4B : 40;
002C4C : 06;
002C4D : 06;
002C4E : 40;
002C4F : 1D;
002C50 : 36;
002C51 : 96;
002C52 : 12;
002C53 : 02;
002C54 : C6;
002C55 : C6;
002C56 : 57;
002C57 : 24;
002C58 : D6;
002C59 : 6E;
002C5A : 2F;
002C5B : 84;
002C5C : 31;
002C5D : C6;
002C5E : 0D;
002C5F : 3C;
002C60 : 36;
002C61 : D5;
002C62 : 68;
002C63 : 1B;
002C64 : 1D;
002C65 : 06;
002C66 : 06;
002C67 : 06;
002C68 : 06;
002C69 : 06;
002C6A : 06;
002C6B : 06;
002C6C : 06;
002C6D : 06;
002C6E : 06;
002C6F : 40;
002C70 : 7B;
002C71 : B3;
002C72 : 15;
002C73 : 15;
002C74 : 4B;
002C75 : 2B;
002C76 : 1B;
002C77 : 08;
002C78 : 02;
002C79 : 1E;
002C7A : 1B;
002C7B : 13;
002C7C : 12;
002C7D : 23;
002C7E : 19;
002C7F : 10;
002C80 : AE;
002C81 : 08;
002C82 : 2F;
002C83 : 42;
002C84 : 11;
002C85 : D1;
002C86 : 00;
002C87 : 00;
002C88 : 00;
002C89 : 00;
002C8A : 00;
002C8B : 00;
002C8C : 00;
002C8D : 00;
002C8E : 00;
002C8F : 00;
002C90 : 00;
002C91 : 00;
002C92 : 00;
002C93 : 00;
002C94 : 00;
002C95 : 00;
002C96 : 00;
002C97 : 00;
002C98 : 00;
002C99 : 00;
002C9A : 00;
002C9B : 00;
002C9C : 00;
002C9D : 00;
002C9E : 00;
002C9F : 00;
002CA0 : 00;
002CA1 : 00;
002CA2 : 00;
002CA3 : 00;
002CA4 : 00;
002CA5 : 00;
002CA6 : 00;
002CA7 : 00;
002CA8 : 00;
002CA9 : 00;
002CAA : 00;
002CAB : 00;
002CAC : 00;
002CAD : 00;
002CAE : 15;
002CAF : 44;
002CB0 : 6F;
002CB1 : 40;
002CB2 : 06;
002CB3 : 40;
002CB4 : 2C;
002CB5 : 1B;
002CB6 : 15;
002CB7 : 48;
002CB8 : 0E;
002CB9 : 19;
002CBA : C6;
002CBB : 2F;
002CBC : 48;
002CBD : 2B;
002CBE : 41;
002CBF : 6E;
002CC0 : 31;
002CC1 : 11;
002CC2 : 21;
002CC3 : 19;
002CC4 : B2;
002CC5 : AF;
002CC6 : 34;
002CC7 : 69;
002CC8 : 15;
002CC9 : 15;
002CCA : 52;
002CCB : EA;
002CCC : 06;
002CCD : 06;
002CCE : 06;
002CCF : 06;
002CD0 : 06;
002CD1 : 06;
002CD2 : 06;
002CD3 : 06;
002CD4 : 06;
002CD5 : 40;
002CD6 : EA;
002CD7 : 52;
002CD8 : 15;
002CD9 : 2B;
002CDA : 1B;
002CDB : 4B;
002CDC : 15;
002CDD : 36;
002CDE : 60;
002CDF : 36;
002CE0 : 1B;
002CE1 : 13;
002CE2 : 5A;
002CE3 : 19;
002CE4 : 19;
002CE5 : 21;
002CE6 : 03;
002CE7 : DF;
002CE8 : 2F;
002CE9 : 9F;
002CEA : 11;
002CEB : 24;
002CEC : 00;
002CED : 00;
002CEE : 00;
002CEF : 00;
002CF0 : 00;
002CF1 : 00;
002CF2 : 00;
002CF3 : 00;
002CF4 : 00;
002CF5 : 00;
002CF6 : 00;
002CF7 : 00;
002CF8 : 00;
002CF9 : 00;
002CFA : 00;
002CFB : 00;
002CFC : 00;
002CFD : 00;
002CFE : 00;
002CFF : 00;
002D00 : 00;
002D01 : 00;
002D02 : 00;
002D03 : 00;
002D04 : 00;
002D05 : 00;
002D06 : 00;
002D07 : 00;
002D08 : 00;
002D09 : 00;
002D0A : 00;
002D0B : 00;
002D0C : 00;
002D0D : 00;
002D0E : 00;
002D0F : 00;
002D10 : 00;
002D11 : 00;
002D12 : 00;
002D13 : BA;
002D14 : B3;
002D15 : 1B;
002D16 : BA;
002D17 : 40;
002D18 : 40;
002D19 : 2C;
002D1A : 44;
002D1B : 44;
002D1C : 32;
002D1D : DF;
002D1E : C6;
002D1F : 02;
002D20 : 6E;
002D21 : D6;
002D22 : 34;
002D23 : 9F;
002D24 : 02;
002D25 : 6E;
002D26 : 37;
002D27 : 11;
002D28 : CA;
002D29 : 19;
002D2A : 41;
002D2B : 1B;
002D2C : 11;
002D2D : 24;
002D2E : 2B;
002D2F : 15;
002D30 : 36;
002D31 : 7B;
002D32 : 06;
002D33 : 06;
002D34 : 06;
002D35 : 06;
002D36 : 06;
002D37 : 06;
002D38 : 06;
002D39 : 06;
002D3A : 06;
002D3B : 40;
002D3C : EA;
002D3D : 68;
002D3E : 15;
002D3F : 2B;
002D40 : 00;
002D41 : 13;
002D42 : 4B;
002D43 : 4B;
002D44 : 13;
002D45 : 48;
002D46 : 1B;
002D47 : AF;
002D48 : A0;
002D49 : 19;
002D4A : C6;
002D4B : 12;
002D4C : 15;
002D4D : 41;
002D4E : B2;
002D4F : 3C;
002D50 : 11;
002D51 : 24;
002D52 : 00;
002D53 : 00;
002D54 : 00;
002D55 : 00;
002D56 : 00;
002D57 : 00;
002D58 : 00;
002D59 : 00;
002D5A : 00;
002D5B : 00;
002D5C : 00;
002D5D : 00;
002D5E : 00;
002D5F : 00;
002D60 : 00;
002D61 : 00;
002D62 : 00;
002D63 : 00;
002D64 : 00;
002D65 : 00;
002D66 : 00;
002D67 : 00;
002D68 : 00;
002D69 : 00;
002D6A : 00;
002D6B : 00;
002D6C : 00;
002D6D : 00;
002D6E : 00;
002D6F : 00;
002D70 : 00;
002D71 : 00;
002D72 : 00;
002D73 : 00;
002D74 : 00;
002D75 : 00;
002D76 : 00;
002D77 : 00;
002D78 : 00;
002D79 : D7;
002D7A : 1B;
002D7B : B3;
002D7C : 7B;
002D7D : 06;
002D7E : 20;
002D7F : D7;
002D80 : B3;
002D81 : 10;
002D82 : 0D;
002D83 : C6;
002D84 : 02;
002D85 : 6E;
002D86 : 41;
002D87 : AF;
002D88 : 11;
002D89 : 84;
002D8A : 6E;
002D8B : C6;
002D8C : 62;
002D8D : A6;
002D8E : 31;
002D8F : 19;
002D90 : 08;
002D91 : 96;
002D92 : 11;
002D93 : 24;
002D94 : 94;
002D95 : 15;
002D96 : 36;
002D97 : C4;
002D98 : 06;
002D99 : 06;
002D9A : 06;
002D9B : 06;
002D9C : 06;
002D9D : 06;
002D9E : 06;
002D9F : 06;
002DA0 : 06;
002DA1 : 06;
002DA2 : 20;
002DA3 : AF;
002DA4 : 15;
002DA5 : 2B;
002DA6 : 00;
002DA7 : 00;
002DA8 : 4B;
002DA9 : 4B;
002DAA : 1B;
002DAB : 1B;
002DAC : 15;
002DAD : 37;
002DAE : 45;
002DAF : 19;
002DB0 : 6B;
002DB1 : 48;
002DB2 : AF;
002DB3 : 6B;
002DB4 : 31;
002DB5 : 1B;
002DB6 : 11;
002DB7 : 24;
002DB8 : 00;
002DB9 : 00;
002DBA : 00;
002DBB : 00;
002DBC : 00;
002DBD : 00;
002DBE : 00;
002DBF : 00;
002DC0 : 00;
002DC1 : 00;
002DC2 : 00;
002DC3 : 00;
002DC4 : 00;
002DC5 : 00;
002DC6 : 00;
002DC7 : 00;
002DC8 : 00;
002DC9 : 00;
002DCA : 00;
002DCB : 00;
002DCC : 00;
002DCD : 00;
002DCE : 00;
002DCF : 00;
002DD0 : 00;
002DD1 : 00;
002DD2 : 00;
002DD3 : 00;
002DD4 : 00;
002DD5 : 00;
002DD6 : 00;
002DD7 : 00;
002DD8 : 00;
002DD9 : 00;
002DDA : 00;
002DDB : 00;
002DDC : 00;
002DDD : 00;
002DDE : 1B;
002DDF : 44;
002DE0 : 1B;
002DE1 : 27;
002DE2 : EA;
002DE3 : 06;
002DE4 : 7B;
002DE5 : D7;
002DE6 : 57;
002DE7 : 6E;
002DE8 : 6E;
002DE9 : 6E;
002DEA : 19;
002DEB : 08;
002DEC : 07;
002DED : 94;
002DEE : 3C;
002DEF : 0D;
002DF0 : 6E;
002DF1 : 25;
002DF2 : 15;
002DF3 : 3C;
002DF4 : 2F;
002DF5 : 19;
002DF6 : 10;
002DF7 : 03;
002DF8 : 2B;
002DF9 : 40;
002DFA : 94;
002DFB : 96;
002DFC : 36;
002DFD : 7B;
002DFE : 06;
002DFF : 06;
002E00 : 06;
002E01 : 06;
002E02 : 06;
002E03 : 06;
002E04 : 06;
002E05 : 06;
002E06 : 06;
002E07 : 06;
002E08 : 7B;
002E09 : B3;
002E0A : 44;
002E0B : 44;
002E0C : 00;
002E0D : 00;
002E0E : 00;
002E0F : 34;
002E10 : 2B;
002E11 : 15;
002E12 : 1A;
002E13 : 33;
002E14 : 23;
002E15 : 6E;
002E16 : 5A;
002E17 : 94;
002E18 : 57;
002E19 : 02;
002E1A : 72;
002E1B : 2B;
002E1C : 11;
002E1D : 24;
002E1E : 00;
002E1F : 00;
002E20 : 00;
002E21 : 00;
002E22 : 00;
002E23 : 00;
002E24 : 00;
002E25 : 00;
002E26 : 00;
002E27 : 00;
002E28 : 00;
002E29 : 00;
002E2A : 00;
002E2B : 00;
002E2C : 00;
002E2D : 00;
002E2E : 00;
002E2F : 00;
002E30 : 00;
002E31 : 00;
002E32 : 00;
002E33 : 00;
002E34 : 00;
002E35 : 00;
002E36 : 00;
002E37 : 00;
002E38 : 00;
002E39 : 00;
002E3A : 00;
002E3B : 00;
002E3C : 00;
002E3D : 00;
002E3E : 00;
002E3F : 00;
002E40 : 00;
002E41 : 00;
002E42 : 00;
002E43 : 00;
002E44 : 48;
002E45 : 15;
002E46 : D7;
002E47 : 1D;
002E48 : 40;
002E49 : 06;
002E4A : 20;
002E4B : 36;
002E4C : 68;
002E4D : 31;
002E4E : B2;
002E4F : 08;
002E50 : 12;
002E51 : 2B;
002E52 : 94;
002E53 : 07;
002E54 : 31;
002E55 : 6E;
002E56 : 6E;
002E57 : 4F;
002E58 : AE;
002E59 : 37;
002E5A : 19;
002E5B : B1;
002E5C : 57;
002E5D : 03;
002E5E : 68;
002E5F : 00;
002E60 : 36;
002E61 : 15;
002E62 : AF;
002E63 : 20;
002E64 : 06;
002E65 : 06;
002E66 : 06;
002E67 : 06;
002E68 : 06;
002E69 : 06;
002E6A : 06;
002E6B : 06;
002E6C : 06;
002E6D : 06;
002E6E : 7B;
002E6F : 36;
002E70 : 4B;
002E71 : 2B;
002E72 : 00;
002E73 : 00;
002E74 : BA;
002E75 : 15;
002E76 : 2B;
002E77 : 65;
002E78 : 33;
002E79 : 23;
002E7A : 45;
002E7B : A0;
002E7C : 17;
002E7D : 15;
002E7E : 47;
002E7F : B2;
002E80 : 3C;
002E81 : 03;
002E82 : 11;
002E83 : 99;
002E84 : 00;
002E85 : 00;
002E86 : 00;
002E87 : 00;
002E88 : 00;
002E89 : 00;
002E8A : 00;
002E8B : 00;
002E8C : 00;
002E8D : 00;
002E8E : 00;
002E8F : 00;
002E90 : 00;
002E91 : 00;
002E92 : 00;
002E93 : 00;
002E94 : 00;
002E95 : 00;
002E96 : 00;
002E97 : 00;
002E98 : 00;
002E99 : 00;
002E9A : 00;
002E9B : 00;
002E9C : 00;
002E9D : 00;
002E9E : 00;
002E9F : 00;
002EA0 : 00;
002EA1 : 00;
002EA2 : 00;
002EA3 : 00;
002EA4 : 00;
002EA5 : 00;
002EA6 : 00;
002EA7 : 00;
002EA8 : 00;
002EA9 : 00;
002EAA : BC;
002EAB : 1B;
002EAC : 52;
002EAD : 20;
002EAE : 06;
002EAF : 06;
002EB0 : 40;
002EB1 : 3A;
002EB2 : 15;
002EB3 : 1B;
002EB4 : 1B;
002EB5 : 2B;
002EB6 : 2B;
002EB7 : 1B;
002EB8 : 57;
002EB9 : 41;
002EBA : 6E;
002EBB : 6E;
002EBC : 1E;
002EBD : 2B;
002EBE : 17;
002EBF : 0D;
002EC0 : 19;
002EC1 : 31;
002EC2 : 48;
002EC3 : 2B;
002EC4 : 68;
002EC5 : 00;
002EC6 : AF;
002EC7 : 1B;
002EC8 : 52;
002EC9 : EA;
002ECA : 06;
002ECB : 06;
002ECC : 06;
002ECD : 06;
002ECE : 06;
002ECF : 06;
002ED0 : 06;
002ED1 : 06;
002ED2 : 06;
002ED3 : 40;
002ED4 : 1D;
002ED5 : 1B;
002ED6 : 48;
002ED7 : 27;
002ED8 : 00;
002ED9 : 00;
002EDA : 12;
002EDB : 1B;
002EDC : 1B;
002EDD : 25;
002EDE : 6E;
002EDF : 45;
002EE0 : 33;
002EE1 : 57;
002EE2 : 15;
002EE3 : F6;
002EE4 : 2F;
002EE5 : F6;
002EE6 : 4B;
002EE7 : 34;
002EE8 : 11;
002EE9 : 00;
002EEA : 00;
002EEB : 00;
002EEC : 00;
002EED : 00;
002EEE : 00;
002EEF : 00;
002EF0 : 00;
002EF1 : 00;
002EF2 : 00;
002EF3 : 00;
002EF4 : 00;
002EF5 : 00;
002EF6 : 00;
002EF7 : 00;
002EF8 : 00;
002EF9 : 00;
002EFA : 00;
002EFB : 00;
002EFC : 00;
002EFD : 00;
002EFE : 00;
002EFF : 00;
002F00 : 00;
002F01 : 00;
002F02 : 00;
002F03 : 00;
002F04 : 00;
002F05 : 00;
002F06 : 00;
002F07 : 00;
002F08 : 00;
002F09 : 00;
002F0A : 00;
002F0B : 00;
002F0C : 00;
002F0D : 00;
002F0E : 00;
002F0F : 48;
002F10 : BC;
002F11 : 48;
002F12 : 2C;
002F13 : 40;
002F14 : 06;
002F15 : 06;
002F16 : 06;
002F17 : 20;
002F18 : 6F;
002F19 : D7;
002F1A : 1B;
002F1B : 1B;
002F1C : 1B;
002F1D : 84;
002F1E : 45;
002F1F : 6E;
002F20 : 02;
002F21 : 10;
002F22 : 1B;
002F23 : 3C;
002F24 : 31;
002F25 : 19;
002F26 : 0D;
002F27 : 12;
002F28 : 2B;
002F29 : 07;
002F2A : 1C;
002F2B : 00;
002F2C : 15;
002F2D : 1B;
002F2E : 27;
002F2F : 40;
002F30 : 06;
002F31 : 06;
002F32 : 06;
002F33 : 06;
002F34 : 06;
002F35 : 06;
002F36 : 06;
002F37 : 06;
002F38 : 06;
002F39 : 40;
002F3A : BA;
002F3B : 1B;
002F3C : 27;
002F3D : 0B;
002F3E : 00;
002F3F : 00;
002F40 : 12;
002F41 : 15;
002F42 : 15;
002F43 : 65;
002F44 : 31;
002F45 : DF;
002F46 : F6;
002F47 : 1B;
002F48 : 1B;
002F49 : 12;
002F4A : 12;
002F4B : 4B;
002F4C : 34;
002F4D : 34;
002F4E : 00;
002F4F : 00;
002F50 : 00;
002F51 : 00;
002F52 : 00;
002F53 : 00;
002F54 : 00;
002F55 : 00;
002F56 : 00;
002F57 : 00;
002F58 : 00;
002F59 : 00;
002F5A : 00;
002F5B : 00;
002F5C : 00;
002F5D : 00;
002F5E : 00;
002F5F : 00;
002F60 : 00;
002F61 : 00;
002F62 : 00;
002F63 : 00;
002F64 : 00;
002F65 : 00;
002F66 : 00;
002F67 : 00;
002F68 : 00;
002F69 : 00;
002F6A : 00;
002F6B : 00;
002F6C : 00;
002F6D : 00;
002F6E : 00;
002F6F : 00;
002F70 : 00;
002F71 : 00;
002F72 : 00;
002F73 : 00;
002F74 : 00;
002F75 : 1B;
002F76 : 1B;
002F77 : 3C;
002F78 : 20;
002F79 : 06;
002F7A : 06;
002F7B : 06;
002F7C : 06;
002F7D : 06;
002F7E : 40;
002F7F : 20;
002F80 : 1D;
002F81 : 52;
002F82 : D7;
002F83 : 72;
002F84 : 6B;
002F85 : 6B;
002F86 : C1;
002F87 : 1B;
002F88 : 1B;
002F89 : 8F;
002F8A : 02;
002F8B : 41;
002F8C : 57;
002F8D : 13;
002F8E : 2B;
002F8F : 27;
002F90 : 00;
002F91 : 00;
002F92 : 94;
002F93 : 1B;
002F94 : 2C;
002F95 : 40;
002F96 : 06;
002F97 : 06;
002F98 : 06;
002F99 : 06;
002F9A : 06;
002F9B : 06;
002F9C : 06;
002F9D : 06;
002F9E : 06;
002F9F : 40;
002FA0 : 6F;
002FA1 : 15;
002FA2 : B3;
002FA3 : 5D;
002FA4 : 00;
002FA5 : 00;
002FA6 : 00;
002FA7 : 34;
002FA8 : 03;
002FA9 : 96;
002FAA : 15;
002FAB : D7;
002FAC : 15;
002FAD : 2B;
002FAE : 2B;
002FAF : 2B;
002FB0 : 34;
002FB1 : 34;
002FB2 : 34;
002FB3 : 00;
002FB4 : 00;
002FB5 : 00;
002FB6 : 00;
002FB7 : 00;
002FB8 : 00;
002FB9 : 00;
002FBA : 00;
002FBB : 00;
002FBC : 00;
002FBD : 00;
002FBE : 00;
002FBF : 00;
002FC0 : 00;
002FC1 : 00;
002FC2 : 00;
002FC3 : 00;
002FC4 : 00;
002FC5 : 00;
002FC6 : 00;
002FC7 : 00;
002FC8 : 00;
002FC9 : 00;
002FCA : 00;
002FCB : 00;
002FCC : 00;
002FCD : 00;
002FCE : 00;
002FCF : 00;
002FD0 : 00;
002FD1 : 00;
002FD2 : 00;
002FD3 : 00;
002FD4 : 00;
002FD5 : 00;
002FD6 : 00;
002FD7 : 00;
002FD8 : 00;
002FD9 : 00;
002FDA : 3C;
002FDB : 36;
002FDC : 1B;
002FDD : 3A;
002FDE : 40;
002FDF : 06;
002FE0 : 06;
002FE1 : 06;
002FE2 : 06;
002FE3 : 06;
002FE4 : 06;
002FE5 : 06;
002FE6 : 06;
002FE7 : 7B;
002FE8 : 36;
002FE9 : 1B;
002FEA : AF;
002FEB : AF;
002FEC : 1B;
002FED : 36;
002FEE : 36;
002FEF : 17;
002FF0 : C9;
002FF1 : 07;
002FF2 : 2B;
002FF3 : 34;
002FF4 : 34;
002FF5 : 00;
002FF6 : 00;
002FF7 : 94;
002FF8 : A6;
002FF9 : 1B;
002FFA : 1D;
002FFB : 06;
002FFC : 06;
002FFD : 06;
002FFE : 06;
002FFF : 06;
003000 : 06;
003001 : 06;
003002 : 06;
003003 : 06;
003004 : 06;
003005 : 40;
003006 : 27;
003007 : 2B;
003008 : 11;
003009 : 00;
00300A : 00;
00300B : 00;
00300C : 00;
00300D : 34;
00300E : 94;
00300F : 94;
003010 : AE;
003011 : 94;
003012 : 94;
003013 : 03;
003014 : 34;
003015 : 34;
003016 : 34;
003017 : 11;
003018 : 00;
003019 : 00;
00301A : 00;
00301B : 00;
00301C : 00;
00301D : 00;
00301E : 00;
00301F : 00;
003020 : 00;
003021 : 00;
003022 : 00;
003023 : 00;
003024 : 00;
003025 : 00;
003026 : 00;
003027 : 00;
003028 : 00;
003029 : 00;
00302A : 00;
00302B : 00;
00302C : 00;
00302D : 00;
00302E : 00;
00302F : 00;
003030 : 00;
003031 : 00;
003032 : 00;
003033 : 00;
003034 : 00;
003035 : 00;
003036 : 00;
003037 : 00;
003038 : 00;
003039 : 00;
00303A : 00;
00303B : 00;
00303C : 00;
00303D : 00;
00303E : 00;
00303F : 00;
003040 : 1B;
003041 : 1B;
003042 : AF;
003043 : 7B;
003044 : 40;
003045 : 06;
003046 : 06;
003047 : 06;
003048 : 06;
003049 : 06;
00304A : 06;
00304B : 06;
00304C : 06;
00304D : 06;
00304E : 1D;
00304F : 36;
003050 : 36;
003051 : 36;
003052 : 36;
003053 : 36;
003054 : 1B;
003055 : 15;
003056 : 2B;
003057 : 2B;
003058 : 34;
003059 : 34;
00305A : 00;
00305B : 00;
00305C : 00;
00305D : 27;
00305E : 15;
00305F : 36;
003060 : 7B;
003061 : 06;
003062 : 06;
003063 : 06;
003064 : 06;
003065 : 06;
003066 : 06;
003067 : 06;
003068 : 06;
003069 : 06;
00306A : 06;
00306B : EA;
00306C : 52;
00306D : 2B;
00306E : 11;
00306F : 00;
003070 : 00;
003071 : 00;
003072 : 00;
003073 : 00;
003074 : 00;
003075 : 34;
003076 : 24;
003077 : 24;
003078 : 11;
003079 : 00;
00307A : 00;
00307B : 00;
00307C : 00;
00307D : 00;
00307E : 00;
00307F : 00;
003080 : 00;
003081 : 00;
003082 : 00;
003083 : 00;
003084 : 00;
003085 : 00;
003086 : 00;
003087 : 00;
003088 : 00;
003089 : 00;
00308A : 00;
00308B : 00;
00308C : 00;
00308D : 00;
00308E : 00;
00308F : 00;
003090 : 00;
003091 : 00;
003092 : 00;
003093 : 00;
003094 : 00;
003095 : 00;
003096 : 00;
003097 : 00;
003098 : 00;
003099 : 00;
00309A : 00;
00309B : 00;
00309C : 00;
00309D : 00;
00309E : 00;
00309F : 00;
0030A0 : 00;
0030A1 : 00;
0030A2 : 00;
0030A3 : 00;
0030A4 : 00;
0030A5 : D7;
0030A6 : 1B;
0030A7 : 1B;
0030A8 : 6F;
0030A9 : EA;
0030AA : 06;
0030AB : 06;
0030AC : 06;
0030AD : 06;
0030AE : 06;
0030AF : 06;
0030B0 : 06;
0030B1 : 06;
0030B2 : 06;
0030B3 : 06;
0030B4 : 06;
0030B5 : 20;
0030B6 : C4;
0030B7 : 73;
0030B8 : 3A;
0030B9 : 36;
0030BA : 15;
0030BB : 1B;
0030BC : 15;
0030BD : 4B;
0030BE : 4B;
0030BF : 00;
0030C0 : 00;
0030C1 : 00;
0030C2 : 00;
0030C3 : AF;
0030C4 : 15;
0030C5 : 52;
0030C6 : EA;
0030C7 : 06;
0030C8 : 06;
0030C9 : 06;
0030CA : 06;
0030CB : 06;
0030CC : 06;
0030CD : 06;
0030CE : 06;
0030CF : 06;
0030D0 : 06;
0030D1 : 20;
0030D2 : AF;
0030D3 : 2B;
0030D4 : 11;
0030D5 : 00;
0030D6 : 00;
0030D7 : 00;
0030D8 : 00;
0030D9 : 00;
0030DA : 00;
0030DB : 00;
0030DC : 00;
0030DD : 00;
0030DE : 00;
0030DF : 00;
0030E0 : 00;
0030E1 : 00;
0030E2 : 00;
0030E3 : 00;
0030E4 : 00;
0030E5 : 00;
0030E6 : 00;
0030E7 : 00;
0030E8 : 00;
0030E9 : 00;
0030EA : 00;
0030EB : 00;
0030EC : 00;
0030ED : 00;
0030EE : 00;
0030EF : 00;
0030F0 : 00;
0030F1 : 00;
0030F2 : 00;
0030F3 : 00;
0030F4 : 00;
0030F5 : 00;
0030F6 : 00;
0030F7 : 00;
0030F8 : 00;
0030F9 : 00;
0030FA : 00;
0030FB : 00;
0030FC : 00;
0030FD : 00;
0030FE : 00;
0030FF : 00;
003100 : 00;
003101 : 00;
003102 : 00;
003103 : 00;
003104 : 00;
003105 : 00;
003106 : 00;
003107 : 00;
003108 : 00;
003109 : 00;
00310A : 00;
00310B : 03;
00310C : 44;
00310D : B3;
00310E : 1D;
00310F : 40;
003110 : 06;
003111 : 06;
003112 : 06;
003113 : 06;
003114 : 06;
003115 : 06;
003116 : 06;
003117 : 06;
003118 : 06;
003119 : 06;
00311A : 06;
00311B : 06;
00311C : 06;
00311D : EA;
00311E : 6F;
00311F : 15;
003120 : 94;
003121 : 00;
003122 : 00;
003123 : 00;
003124 : 00;
003125 : 00;
003126 : 00;
003127 : 00;
003128 : 00;
003129 : 96;
00312A : 15;
00312B : 68;
00312C : 40;
00312D : 06;
00312E : 06;
00312F : 06;
003130 : 06;
003131 : 06;
003132 : 06;
003133 : 06;
003134 : 06;
003135 : 06;
003136 : 06;
003137 : 7B;
003138 : 36;
003139 : 2B;
00313A : A6;
00313B : 00;
00313C : 00;
00313D : 00;
00313E : 00;
00313F : 00;
003140 : 00;
003141 : 00;
003142 : 00;
003143 : 00;
003144 : 00;
003145 : 00;
003146 : 00;
003147 : 00;
003148 : 00;
003149 : 00;
00314A : 00;
00314B : 00;
00314C : 00;
00314D : 00;
00314E : 00;
00314F : 00;
003150 : 00;
003151 : 00;
003152 : 00;
003153 : 00;
003154 : 00;
003155 : 00;
003156 : 00;
003157 : 00;
003158 : 00;
003159 : 00;
00315A : 00;
00315B : 00;
00315C : 00;
00315D : 00;
00315E : 00;
00315F : 00;
003160 : 00;
003161 : 00;
003162 : 00;
003163 : 00;
003164 : 00;
003165 : 00;
003166 : 00;
003167 : 00;
003168 : 00;
003169 : 00;
00316A : 00;
00316B : 00;
00316C : 00;
00316D : 00;
00316E : 00;
00316F : 00;
003170 : 1B;
003171 : 2B;
003172 : 44;
003173 : 68;
003174 : 20;
003175 : 40;
003176 : 06;
003177 : 06;
003178 : 06;
003179 : 06;
00317A : 06;
00317B : 06;
00317C : 06;
00317D : 06;
00317E : 06;
00317F : 06;
003180 : 06;
003181 : 06;
003182 : 40;
003183 : C4;
003184 : 36;
003185 : 2B;
003186 : 94;
003187 : 00;
003188 : 00;
003189 : 00;
00318A : 00;
00318B : 00;
00318C : 00;
00318D : 00;
00318E : E5;
00318F : 1B;
003190 : 15;
003191 : 2C;
003192 : 40;
003193 : 06;
003194 : 06;
003195 : 06;
003196 : 06;
003197 : 06;
003198 : 06;
003199 : 06;
00319A : 06;
00319B : 06;
00319C : 40;
00319D : 7B;
00319E : D7;
00319F : 15;
0031A0 : 48;
0031A1 : 00;
0031A2 : 00;
0031A3 : 00;
0031A4 : 00;
0031A5 : 00;
0031A6 : 00;
0031A7 : 00;
0031A8 : 00;
0031A9 : 00;
0031AA : 00;
0031AB : 00;
0031AC : 00;
0031AD : 00;
0031AE : 00;
0031AF : 00;
0031B0 : 00;
0031B1 : 00;
0031B2 : 00;
0031B3 : 00;
0031B4 : 00;
0031B5 : 00;
0031B6 : 00;
0031B7 : 00;
0031B8 : 00;
0031B9 : 00;
0031BA : 00;
0031BB : 00;
0031BC : 00;
0031BD : 00;
0031BE : 00;
0031BF : 00;
0031C0 : 00;
0031C1 : 00;
0031C2 : 00;
0031C3 : 00;
0031C4 : 00;
0031C5 : 00;
0031C6 : 00;
0031C7 : 00;
0031C8 : 00;
0031C9 : 00;
0031CA : 00;
0031CB : 00;
0031CC : 00;
0031CD : 00;
0031CE : 00;
0031CF : 00;
0031D0 : 00;
0031D1 : 00;
0031D2 : 00;
0031D3 : 00;
0031D4 : 00;
0031D5 : 00;
0031D6 : 13;
0031D7 : 44;
0031D8 : 36;
0031D9 : BA;
0031DA : 40;
0031DB : 40;
0031DC : 06;
0031DD : 06;
0031DE : 06;
0031DF : 06;
0031E0 : 06;
0031E1 : 06;
0031E2 : 06;
0031E3 : 06;
0031E4 : 06;
0031E5 : 06;
0031E6 : 06;
0031E7 : 06;
0031E8 : 20;
0031E9 : 68;
0031EA : 15;
0031EB : 4B;
0031EC : 00;
0031ED : 00;
0031EE : 00;
0031EF : 00;
0031F0 : 00;
0031F1 : 00;
0031F2 : 00;
0031F3 : 00;
0031F4 : F2;
0031F5 : 32;
0031F6 : 1B;
0031F7 : 1D;
0031F8 : 06;
0031F9 : 06;
0031FA : 06;
0031FB : 06;
0031FC : 06;
0031FD : 06;
0031FE : 06;
0031FF : 06;
003200 : 06;
003201 : 40;
003202 : 40;
003203 : 1D;
003204 : 1B;
003205 : 15;
003206 : 68;
003207 : 00;
003208 : 00;
003209 : 00;
00320A : 00;
00320B : 00;
00320C : 00;
00320D : 00;
00320E : 00;
00320F : 00;
003210 : 00;
003211 : 00;
003212 : 00;
003213 : 00;
003214 : 00;
003215 : 00;
003216 : 00;
003217 : 00;
003218 : 00;
003219 : 00;
00321A : 00;
00321B : 00;
00321C : 00;
00321D : 00;
00321E : 00;
00321F : 00;
003220 : 00;
003221 : 00;
003222 : 00;
003223 : 00;
003224 : 00;
003225 : 00;
003226 : 00;
003227 : 00;
003228 : 00;
003229 : 00;
00322A : 00;
00322B : 00;
00322C : 00;
00322D : 00;
00322E : 00;
00322F : 00;
003230 : 00;
003231 : 00;
003232 : 00;
003233 : 00;
003234 : 00;
003235 : 00;
003236 : 00;
003237 : 00;
003238 : 00;
003239 : 00;
00323A : 00;
00323B : 00;
00323C : 2B;
00323D : 44;
00323E : AF;
00323F : 7B;
003240 : 40;
003241 : 40;
003242 : 40;
003243 : 06;
003244 : 06;
003245 : 06;
003246 : 06;
003247 : 06;
003248 : 06;
003249 : 06;
00324A : 06;
00324B : 06;
00324C : 06;
00324D : 40;
00324E : 1D;
00324F : 1B;
003250 : 1B;
003251 : 3C;
003252 : 00;
003253 : 00;
003254 : 00;
003255 : 00;
003256 : 00;
003257 : 00;
003258 : 00;
003259 : 00;
00325A : 9B;
00325B : 1B;
00325C : 36;
00325D : 7B;
00325E : 06;
00325F : 06;
003260 : 06;
003261 : 06;
003262 : 06;
003263 : 06;
003264 : 06;
003265 : 06;
003266 : 06;
003267 : 40;
003268 : 40;
003269 : BA;
00326A : 15;
00326B : 11;
00326C : 00;
00326D : 00;
00326E : 00;
00326F : 00;
003270 : 00;
003271 : 00;
003272 : 00;
003273 : 00;
003274 : 00;
003275 : 00;
003276 : 00;
003277 : 00;
003278 : 00;
003279 : 00;
00327A : 00;
00327B : 00;
00327C : 00;
00327D : 00;
00327E : 00;
00327F : 00;
003280 : 00;
003281 : 00;
003282 : 00;
003283 : 00;
003284 : 00;
003285 : 00;
003286 : 00;
003287 : 00;
003288 : 00;
003289 : 00;
00328A : 00;
00328B : 00;
00328C : 00;
00328D : 00;
00328E : 00;
00328F : 00;
003290 : 00;
003291 : 00;
003292 : 00;
003293 : 00;
003294 : 00;
003295 : 00;
003296 : 00;
003297 : 00;
003298 : 00;
003299 : 00;
00329A : 00;
00329B : 00;
00329C : 00;
00329D : 00;
00329E : 00;
00329F : 00;
0032A0 : 00;
0032A1 : 03;
0032A2 : 2B;
0032A3 : 1B;
0032A4 : 6F;
0032A5 : 40;
0032A6 : EA;
0032A7 : 7B;
0032A8 : 3A;
0032A9 : 7B;
0032AA : 06;
0032AB : 40;
0032AC : 06;
0032AD : 06;
0032AE : 06;
0032AF : 06;
0032B0 : 06;
0032B1 : 06;
0032B2 : 40;
0032B3 : 20;
0032B4 : 3C;
0032B5 : 15;
0032B6 : 3C;
0032B7 : 69;
0032B8 : 00;
0032B9 : 00;
0032BA : 00;
0032BB : 00;
0032BC : 00;
0032BD : 00;
0032BE : 00;
0032BF : 00;
0032C0 : 94;
0032C1 : 15;
0032C2 : 52;
0032C3 : 20;
0032C4 : 40;
0032C5 : EA;
0032C6 : 40;
0032C7 : 06;
0032C8 : 40;
0032C9 : 40;
0032CA : 40;
0032CB : 40;
0032CC : 06;
0032CD : 40;
0032CE : 40;
0032CF : 6F;
0032D0 : 96;
0032D1 : 11;
0032D2 : 00;
0032D3 : 00;
0032D4 : 00;
0032D5 : 00;
0032D6 : 00;
0032D7 : 00;
0032D8 : 00;
0032D9 : 00;
0032DA : 00;
0032DB : 00;
0032DC : 00;
0032DD : 00;
0032DE : 00;
0032DF : 00;
0032E0 : 00;
0032E1 : 00;
0032E2 : 00;
0032E3 : 00;
0032E4 : 00;
0032E5 : 00;
0032E6 : 00;
0032E7 : 00;
0032E8 : 00;
0032E9 : 00;
0032EA : 00;
0032EB : 00;
0032EC : 00;
0032ED : 00;
0032EE : 00;
0032EF : 00;
0032F0 : 00;
0032F1 : 00;
0032F2 : 00;
0032F3 : 00;
0032F4 : 00;
0032F5 : 00;
0032F6 : 00;
0032F7 : 00;
0032F8 : 00;
0032F9 : 00;
0032FA : 00;
0032FB : 00;
0032FC : 00;
0032FD : 00;
0032FE : 00;
0032FF : 00;
003300 : 00;
003301 : 00;
003302 : 00;
003303 : 00;
003304 : 00;
003305 : 00;
003306 : 00;
003307 : 3D;
003308 : 2B;
003309 : 36;
00330A : 3A;
00330B : 1D;
00330C : 68;
00330D : 52;
00330E : 36;
00330F : 3A;
003310 : 40;
003311 : 40;
003312 : 40;
003313 : 40;
003314 : 40;
003315 : EA;
003316 : 20;
003317 : 40;
003318 : 40;
003319 : 2C;
00331A : 1B;
00331B : 2B;
00331C : 2B;
00331D : 00;
00331E : 00;
00331F : 00;
003320 : 00;
003321 : 00;
003322 : 00;
003323 : 00;
003324 : 00;
003325 : 00;
003326 : 2B;
003327 : 15;
003328 : 68;
003329 : 20;
00332A : 3A;
00332B : AF;
00332C : 3C;
00332D : C4;
00332E : 40;
00332F : 40;
003330 : 40;
003331 : 40;
003332 : 20;
003333 : 7B;
003334 : 7B;
003335 : 52;
003336 : 2B;
003337 : 11;
003338 : 00;
003339 : 00;
00333A : 00;
00333B : 00;
00333C : 00;
00333D : 00;
00333E : 00;
00333F : 00;
003340 : 00;
003341 : 00;
003342 : 00;
003343 : 00;
003344 : 00;
003345 : 00;
003346 : 00;
003347 : 00;
003348 : 00;
003349 : 00;
00334A : 00;
00334B : 00;
00334C : 00;
00334D : 00;
00334E : 00;
00334F : 00;
003350 : 00;
003351 : 00;
003352 : 00;
003353 : 00;
003354 : 00;
003355 : 00;
003356 : 00;
003357 : 00;
003358 : 00;
003359 : 00;
00335A : 00;
00335B : 00;
00335C : 00;
00335D : 00;
00335E : 00;
00335F : 00;
003360 : 00;
003361 : 00;
003362 : 00;
003363 : 00;
003364 : 00;
003365 : 00;
003366 : 00;
003367 : 00;
003368 : 00;
003369 : 00;
00336A : 00;
00336B : 00;
00336C : 00;
00336D : 34;
00336E : 2B;
00336F : 36;
003370 : B3;
003371 : D7;
003372 : D7;
003373 : D7;
003374 : 36;
003375 : 36;
003376 : 20;
003377 : 40;
003378 : 40;
003379 : 40;
00337A : C4;
00337B : 68;
00337C : 68;
00337D : 7B;
00337E : 7B;
00337F : 52;
003380 : 15;
003381 : 2B;
003382 : 00;
003383 : 00;
003384 : 00;
003385 : 00;
003386 : 00;
003387 : 00;
003388 : 00;
003389 : 00;
00338A : 00;
00338B : DB;
00338C : 44;
00338D : 1B;
00338E : 52;
00338F : 68;
003390 : 1B;
003391 : 1B;
003392 : 1B;
003393 : 52;
003394 : EA;
003395 : 40;
003396 : 20;
003397 : 6F;
003398 : B3;
003399 : B3;
00339A : 52;
00339B : 36;
00339C : 2B;
00339D : 11;
00339E : 00;
00339F : 00;
0033A0 : 00;
0033A1 : 00;
0033A2 : 00;
0033A3 : 00;
0033A4 : 00;
0033A5 : 00;
0033A6 : 00;
0033A7 : 00;
0033A8 : 00;
0033A9 : 00;
0033AA : 00;
0033AB : 00;
0033AC : 00;
0033AD : 00;
0033AE : 00;
0033AF : 00;
0033B0 : 00;
0033B1 : 00;
0033B2 : 00;
0033B3 : 00;
0033B4 : 00;
0033B5 : 00;
0033B6 : 00;
0033B7 : 00;
0033B8 : 00;
0033B9 : 00;
0033BA : 00;
0033BB : 00;
0033BC : 00;
0033BD : 00;
0033BE : 00;
0033BF : 00;
0033C0 : 00;
0033C1 : 00;
0033C2 : 00;
0033C3 : 00;
0033C4 : 00;
0033C5 : 00;
0033C6 : 00;
0033C7 : 00;
0033C8 : 00;
0033C9 : 00;
0033CA : 00;
0033CB : 00;
0033CC : 00;
0033CD : 00;
0033CE : 00;
0033CF : 00;
0033D0 : 00;
0033D1 : 00;
0033D2 : 00;
0033D3 : BA;
0033D4 : 1B;
0033D5 : D7;
0033D6 : D7;
0033D7 : 52;
0033D8 : 65;
0033D9 : 10;
0033DA : 36;
0033DB : D7;
0033DC : 1D;
0033DD : 40;
0033DE : 20;
0033DF : 3A;
0033E0 : 36;
0033E1 : 36;
0033E2 : 36;
0033E3 : 3A;
0033E4 : 27;
0033E5 : 36;
0033E6 : 4B;
0033E7 : 94;
0033E8 : 00;
0033E9 : 00;
0033EA : 00;
0033EB : 00;
0033EC : 00;
0033ED : 00;
0033EE : 00;
0033EF : 00;
0033F0 : 00;
0033F1 : 13;
0033F2 : 2B;
0033F3 : 1B;
0033F4 : 36;
0033F5 : 1B;
0033F6 : 68;
0033F7 : 57;
0033F8 : D7;
0033F9 : D7;
0033FA : 27;
0033FB : 7B;
0033FC : 52;
0033FD : D7;
0033FE : D7;
0033FF : D7;
003400 : D7;
003401 : D7;
003402 : 2B;
003403 : 15;
003404 : 00;
003405 : 00;
003406 : 00;
003407 : 00;
003408 : 00;
003409 : 00;
00340A : 00;
00340B : 00;
00340C : 00;
00340D : 00;
00340E : 00;
00340F : 00;
003410 : 00;
003411 : 00;
003412 : 00;
003413 : 00;
003414 : 00;
003415 : 00;
003416 : 00;
003417 : 00;
003418 : 00;
003419 : 00;
00341A : 00;
00341B : 00;
00341C : 00;
00341D : 00;
00341E : 00;
00341F : 00;
003420 : 00;
003421 : 00;
003422 : 00;
003423 : 00;
003424 : 00;
003425 : 00;
003426 : 00;
003427 : 00;
003428 : 00;
003429 : 00;
00342A : 00;
00342B : 00;
00342C : 00;
00342D : 00;
00342E : 00;
00342F : 00;
003430 : 00;
003431 : 00;
003432 : 00;
003433 : 00;
003434 : 00;
003435 : 00;
003436 : 00;
003437 : 00;
003438 : 00;
003439 : 69;
00343A : 12;
00343B : 15;
00343C : 57;
00343D : 25;
00343E : 23;
00343F : 02;
003440 : 42;
003441 : 15;
003442 : 36;
003443 : 6F;
003444 : 36;
003445 : 36;
003446 : 1B;
003447 : 36;
003448 : 36;
003449 : AF;
00344A : 36;
00344B : 4B;
00344C : 2B;
00344D : 00;
00344E : 00;
00344F : 00;
003450 : 00;
003451 : 00;
003452 : 00;
003453 : 00;
003454 : 00;
003455 : 00;
003456 : 00;
003457 : 00;
003458 : 2B;
003459 : 15;
00345A : 1B;
00345B : 3C;
00345C : 31;
00345D : 33;
00345E : 12;
00345F : 96;
003460 : 44;
003461 : D7;
003462 : 15;
003463 : 1B;
003464 : 21;
003465 : 09;
003466 : D7;
003467 : 36;
003468 : 1B;
003469 : 1B;
00346A : 00;
00346B : 00;
00346C : 00;
00346D : 00;
00346E : 00;
00346F : 00;
003470 : 00;
003471 : 00;
003472 : 00;
003473 : 00;
003474 : 00;
003475 : 00;
003476 : 00;
003477 : 00;
003478 : 00;
003479 : 00;
00347A : 00;
00347B : 00;
00347C : 00;
00347D : 00;
00347E : 00;
00347F : 00;
003480 : 00;
003481 : 00;
003482 : 00;
003483 : 00;
003484 : 00;
003485 : 00;
003486 : 00;
003487 : 00;
003488 : 00;
003489 : 00;
00348A : 00;
00348B : 00;
00348C : 00;
00348D : 00;
00348E : 00;
00348F : 00;
003490 : 00;
003491 : 00;
003492 : 00;
003493 : 00;
003494 : 00;
003495 : 00;
003496 : 00;
003497 : 00;
003498 : 00;
003499 : 00;
00349A : 00;
00349B : 00;
00349C : 00;
00349D : 00;
00349E : 00;
00349F : F6;
0034A0 : 36;
0034A1 : 15;
0034A2 : 65;
0034A3 : 45;
0034A4 : 23;
0034A5 : 19;
0034A6 : 10;
0034A7 : 2B;
0034A8 : 15;
0034A9 : 15;
0034AA : 15;
0034AB : 15;
0034AC : BA;
0034AD : 27;
0034AE : 1B;
0034AF : 36;
0034B0 : 1B;
0034B1 : 34;
0034B2 : 34;
0034B3 : 00;
0034B4 : 00;
0034B5 : 00;
0034B6 : 00;
0034B7 : 00;
0034B8 : 00;
0034B9 : 00;
0034BA : 00;
0034BB : 00;
0034BC : 00;
0034BD : 00;
0034BE : 00;
0034BF : 2B;
0034C0 : 15;
0034C1 : 60;
0034C2 : 23;
0034C3 : 45;
0034C4 : 25;
0034C5 : C9;
0034C6 : 96;
0034C7 : 15;
0034C8 : 27;
0034C9 : 08;
0034CA : 02;
0034CB : BA;
0034CC : D7;
0034CD : 27;
0034CE : B7;
0034CF : 85;
0034D0 : 00;
0034D1 : 00;
0034D2 : 00;
0034D3 : 00;
0034D4 : 00;
0034D5 : 00;
0034D6 : 00;
0034D7 : 00;
0034D8 : 00;
0034D9 : 00;
0034DA : 00;
0034DB : 00;
0034DC : 00;
0034DD : 00;
0034DE : 00;
0034DF : 00;
0034E0 : 00;
0034E1 : 00;
0034E2 : 00;
0034E3 : 00;
0034E4 : 00;
0034E5 : 00;
0034E6 : 00;
0034E7 : 00;
0034E8 : 00;
0034E9 : 00;
0034EA : 00;
0034EB : 00;
0034EC : 00;
0034ED : 00;
0034EE : 00;
0034EF : 00;
0034F0 : 00;
0034F1 : 00;
0034F2 : 00;
0034F3 : 00;
0034F4 : 00;
0034F5 : 00;
0034F6 : 00;
0034F7 : 00;
0034F8 : 00;
0034F9 : 00;
0034FA : 00;
0034FB : 00;
0034FC : 00;
0034FD : 00;
0034FE : 00;
0034FF : 00;
003500 : 00;
003501 : 00;
003502 : 00;
003503 : 00;
003504 : 03;
003505 : 2B;
003506 : 15;
003507 : 1B;
003508 : 36;
003509 : 37;
00350A : 02;
00350B : 6E;
00350C : 02;
00350D : C1;
00350E : 36;
00350F : AF;
003510 : 57;
003511 : 5F;
003512 : A3;
003513 : C9;
003514 : 36;
003515 : 36;
003516 : 44;
003517 : 03;
003518 : 00;
003519 : 00;
00351A : 00;
00351B : 00;
00351C : 00;
00351D : 00;
00351E : 00;
00351F : 00;
003520 : 00;
003521 : 00;
003522 : 00;
003523 : 00;
003524 : 13;
003525 : 2B;
003526 : 15;
003527 : 3C;
003528 : 31;
003529 : 02;
00352A : 6E;
00352B : 02;
00352C : 41;
00352D : A0;
00352E : 02;
00352F : 0E;
003530 : 12;
003531 : D7;
003532 : D7;
003533 : 52;
003534 : B3;
003535 : D7;
003536 : 44;
003537 : 03;
003538 : 52;
003539 : 00;
00353A : 00;
00353B : 00;
00353C : 00;
00353D : 00;
00353E : 00;
00353F : 00;
003540 : 00;
003541 : 00;
003542 : 00;
003543 : 00;
003544 : 00;
003545 : 00;
003546 : 00;
003547 : 00;
003548 : 00;
003549 : 00;
00354A : 00;
00354B : 00;
00354C : 00;
00354D : 00;
00354E : 00;
00354F : 00;
003550 : 00;
003551 : 00;
003552 : 00;
003553 : 00;
003554 : 00;
003555 : 00;
003556 : 00;
003557 : 00;
003558 : 00;
003559 : 00;
00355A : 00;
00355B : 00;
00355C : 00;
00355D : 00;
00355E : 00;
00355F : 00;
003560 : 00;
003561 : 00;
003562 : 00;
003563 : 00;
003564 : 00;
003565 : 00;
003566 : 00;
003567 : 00;
003568 : 00;
003569 : 00;
00356A : 2B;
00356B : 4B;
00356C : 1B;
00356D : 36;
00356E : D7;
00356F : D7;
003570 : BA;
003571 : 08;
003572 : A0;
003573 : 02;
003574 : B2;
003575 : 7E;
003576 : A3;
003577 : 1C;
003578 : 68;
003579 : D7;
00357A : 36;
00357B : B3;
00357C : B3;
00357D : 1B;
00357E : B3;
00357F : 0B;
003580 : 00;
003581 : 00;
003582 : 00;
003583 : 00;
003584 : 00;
003585 : 00;
003586 : 00;
003587 : 00;
003588 : 00;
003589 : 00;
00358A : 96;
00358B : 15;
00358C : 36;
00358D : D7;
00358E : 52;
00358F : E4;
003590 : 72;
003591 : 5F;
003592 : A4;
003593 : 90;
003594 : BA;
003595 : D7;
003596 : 44;
003597 : B3;
003598 : 27;
003599 : 52;
00359A : D7;
00359B : D7;
00359C : 44;
00359D : 96;
00359E : 44;
00359F : 52;
0035A0 : D7;
0035A1 : 52;
0035A2 : 00;
0035A3 : 00;
0035A4 : 00;
0035A5 : 00;
0035A6 : 00;
0035A7 : 00;
0035A8 : 00;
0035A9 : 00;
0035AA : 00;
0035AB : 00;
0035AC : 00;
0035AD : 00;
0035AE : 00;
0035AF : 00;
0035B0 : 00;
0035B1 : 00;
0035B2 : 00;
0035B3 : 00;
0035B4 : 00;
0035B5 : 00;
0035B6 : 00;
0035B7 : 00;
0035B8 : 00;
0035B9 : 00;
0035BA : 00;
0035BB : 00;
0035BC : 00;
0035BD : 00;
0035BE : 00;
0035BF : 00;
0035C0 : 00;
0035C1 : 00;
0035C2 : 00;
0035C3 : 00;
0035C4 : 00;
0035C5 : 00;
0035C6 : 00;
0035C7 : 00;
0035C8 : 00;
0035C9 : 00;
0035CA : 00;
0035CB : 00;
0035CC : 00;
0035CD : 00;
0035CE : 00;
0035CF : 00;
0035D0 : 2B;
0035D1 : 4B;
0035D2 : AF;
0035D3 : BA;
0035D4 : 52;
0035D5 : 36;
0035D6 : D7;
0035D7 : 44;
0035D8 : 36;
0035D9 : 3C;
0035DA : 17;
0035DB : 07;
0035DC : 15;
0035DD : 15;
0035DE : D7;
0035DF : AF;
0035E0 : 52;
0035E1 : 36;
0035E2 : 36;
0035E3 : 36;
0035E4 : B3;
0035E5 : DB;
0035E6 : B3;
0035E7 : 73;
0035E8 : 00;
0035E9 : 00;
0035EA : 00;
0035EB : 00;
0035EC : 00;
0035ED : 00;
0035EE : 00;
0035EF : 13;
0035F0 : 15;
0035F1 : D7;
0035F2 : 6F;
0035F3 : 52;
0035F4 : D7;
0035F5 : D7;
0035F6 : 44;
0035F7 : 44;
0035F8 : 44;
0035F9 : 44;
0035FA : D7;
0035FB : B3;
0035FC : 27;
0035FD : E4;
0035FE : 1C;
0035FF : 59;
003600 : BA;
003601 : 52;
003602 : 52;
003603 : 52;
003604 : 36;
003605 : 36;
003606 : 44;
003607 : D7;
003608 : D7;
003609 : 15;
00360A : 00;
00360B : 00;
00360C : 00;
00360D : 00;
00360E : 00;
00360F : 00;
003610 : 00;
003611 : 00;
003612 : 00;
003613 : 00;
003614 : 00;
003615 : 00;
003616 : 00;
003617 : 00;
003618 : 00;
003619 : 00;
00361A : 00;
00361B : 00;
00361C : 00;
00361D : 00;
00361E : 00;
00361F : 00;
003620 : 00;
003621 : 00;
003622 : 00;
003623 : 00;
003624 : 00;
003625 : 00;
003626 : 00;
003627 : 00;
003628 : 00;
003629 : 00;
00362A : 00;
00362B : 00;
00362C : 00;
00362D : 00;
00362E : 00;
00362F : 00;
003630 : 00;
003631 : 00;
003632 : 00;
003633 : 00;
003634 : 00;
003635 : 1B;
003636 : 2B;
003637 : 1B;
003638 : C9;
003639 : 0B;
00363A : 59;
00363B : 3A;
00363C : AF;
00363D : 36;
00363E : 36;
00363F : 1B;
003640 : 1B;
003641 : 1B;
003642 : B3;
003643 : 52;
003644 : 3A;
003645 : E4;
003646 : 0B;
003647 : 1D;
003648 : 52;
003649 : B3;
00364A : 1B;
00364B : 1B;
00364C : 1B;
00364D : B3;
00364E : 44;
00364F : 00;
003650 : 00;
003651 : 00;
003652 : 00;
003653 : 00;
003654 : 00;
003655 : 27;
003656 : 15;
003657 : AF;
003658 : 7B;
003659 : D9;
00365A : E4;
00365B : BA;
00365C : 27;
00365D : 27;
00365E : 27;
00365F : 27;
003660 : BA;
003661 : 59;
003662 : 1C;
003663 : 1C;
003664 : 1C;
003665 : 1C;
003666 : 1C;
003667 : 0B;
003668 : 73;
003669 : BA;
00366A : 27;
00366B : 27;
00366C : AF;
00366D : D7;
00366E : 44;
00366F : 2B;
003670 : 03;
003671 : 00;
003672 : 00;
003673 : 00;
003674 : 00;
003675 : 00;
003676 : 00;
003677 : 00;
003678 : 00;
003679 : 00;
00367A : 00;
00367B : 00;
00367C : 00;
00367D : 00;
00367E : 00;
00367F : 00;
003680 : 00;
003681 : 00;
003682 : 00;
003683 : 00;
003684 : 00;
003685 : 00;
003686 : 00;
003687 : 00;
003688 : 00;
003689 : 00;
00368A : 00;
00368B : 00;
00368C : 00;
00368D : 00;
00368E : 00;
00368F : 00;
003690 : 00;
003691 : 00;
003692 : 00;
003693 : 00;
003694 : 00;
003695 : 00;
003696 : 00;
003697 : 00;
003698 : 00;
003699 : 00;
00369A : 00;
00369B : 13;
00369C : 4B;
00369D : 48;
00369E : 73;
00369F : 1C;
0036A0 : 1C;
0036A1 : 1C;
0036A2 : 0B;
0036A3 : 59;
0036A4 : 73;
0036A5 : 73;
0036A6 : 73;
0036A7 : 73;
0036A8 : 59;
0036A9 : D9;
0036AA : 1C;
0036AB : 1C;
0036AC : 1C;
0036AD : 1C;
0036AE : D9;
0036AF : E4;
0036B0 : BA;
0036B1 : 3C;
0036B2 : 36;
0036B3 : 1B;
0036B4 : 44;
0036B5 : 2B;
0036B6 : 00;
0036B7 : 00;
0036B8 : 00;
0036B9 : 00;
0036BA : 00;
0036BB : BA;
0036BC : 1B;
0036BD : 27;
0036BE : D9;
0036BF : 1C;
0036C0 : 1C;
0036C1 : 1C;
0036C2 : 1C;
0036C3 : 1C;
0036C4 : 1C;
0036C5 : 1C;
0036C6 : 1C;
0036C7 : B7;
0036C8 : B7;
0036C9 : 1C;
0036CA : 1C;
0036CB : 1C;
0036CC : 1C;
0036CD : 1C;
0036CE : 1C;
0036CF : 1C;
0036D0 : D9;
0036D1 : 59;
0036D2 : 73;
0036D3 : 27;
0036D4 : B3;
0036D5 : 44;
0036D6 : 03;
0036D7 : 03;
0036D8 : 00;
0036D9 : 00;
0036DA : 00;
0036DB : 00;
0036DC : 00;
0036DD : 00;
0036DE : 00;
0036DF : 00;
0036E0 : 00;
0036E1 : 00;
0036E2 : 00;
0036E3 : 00;
0036E4 : 00;
0036E5 : 00;
0036E6 : 00;
0036E7 : 00;
0036E8 : 00;
0036E9 : 00;
0036EA : 00;
0036EB : 00;
0036EC : 00;
0036ED : 00;
0036EE : 00;
0036EF : 00;
0036F0 : 00;
0036F1 : 00;
0036F2 : 00;
0036F3 : 00;
0036F4 : 00;
0036F5 : 00;
0036F6 : 00;
0036F7 : 00;
0036F8 : 00;
0036F9 : 00;
0036FA : 00;
0036FB : 00;
0036FC : 00;
0036FD : 00;
0036FE : 00;
0036FF : 00;
003700 : 00;
003701 : 2B;
003702 : 15;
003703 : AF;
003704 : 59;
003705 : 1C;
003706 : 1C;
003707 : 1C;
003708 : 1C;
003709 : B7;
00370A : B7;
00370B : 1C;
00370C : B7;
00370D : B7;
00370E : 1C;
00370F : 1C;
003710 : 1C;
003711 : 1C;
003712 : 1C;
003713 : 1C;
003714 : 1C;
003715 : B7;
003716 : 1C;
003717 : 0B;
003718 : 1D;
003719 : AF;
00371A : 1B;
00371B : 44;
00371C : 2B;
00371D : 00;
00371E : 00;
00371F : 00;
003720 : 92;
003721 : 68;
003722 : 36;
003723 : 27;
003724 : 1C;
003725 : 1C;
003726 : 1C;
003727 : 1C;
003728 : 1C;
003729 : 1C;
00372A : 1C;
00372B : B7;
00372C : B7;
00372D : B7;
00372E : B7;
00372F : B7;
003730 : B7;
003731 : B7;
003732 : B7;
003733 : B7;
003734 : 1C;
003735 : 1C;
003736 : 1C;
003737 : 1C;
003738 : 1C;
003739 : D9;
00373A : BA;
00373B : AF;
00373C : 15;
00373D : 2B;
00373E : 32;
00373F : 00;
003740 : 00;
003741 : 00;
003742 : 00;
003743 : 00;
003744 : 00;
003745 : 00;
003746 : 00;
003747 : 00;
003748 : 00;
003749 : 00;
00374A : 00;
00374B : 00;
00374C : 00;
00374D : 00;
00374E : 00;
00374F : 00;
003750 : 00;
003751 : 00;
003752 : 00;
003753 : 00;
003754 : 00;
003755 : 00;
003756 : 00;
003757 : 00;
003758 : 00;
003759 : 00;
00375A : 00;
00375B : 00;
00375C : 00;
00375D : 00;
00375E : 00;
00375F : 00;
003760 : 00;
003761 : 00;
003762 : 00;
003763 : 00;
003764 : 00;
003765 : 00;
003766 : 00;
003767 : 2B;
003768 : BC;
003769 : 68;
00376A : D9;
00376B : 1C;
00376C : 1C;
00376D : 1C;
00376E : 1C;
00376F : B7;
003770 : B7;
003771 : B7;
003772 : 1C;
003773 : B7;
003774 : B7;
003775 : 1C;
003776 : 1C;
003777 : 1C;
003778 : 1C;
003779 : B7;
00377A : B7;
00377B : 1C;
00377C : 1C;
00377D : 1C;
00377E : 1C;
00377F : 0B;
003780 : 27;
003781 : 36;
003782 : 1B;
003783 : BA;
003784 : 00;
003785 : 00;
003786 : 0B;
003787 : 15;
003788 : 36;
003789 : 3A;
00378A : 1C;
00378B : 1C;
00378C : 1C;
00378D : 1C;
00378E : 1C;
00378F : 1C;
003790 : 1C;
003791 : B7;
003792 : B7;
003793 : B7;
003794 : B7;
003795 : B7;
003796 : B7;
003797 : B7;
003798 : B7;
003799 : B7;
00379A : 1C;
00379B : 1C;
00379C : 1C;
00379D : 1C;
00379E : 1C;
00379F : 1C;
0037A0 : 1C;
0037A1 : 27;
0037A2 : 1B;
0037A3 : 2B;
0037A4 : 13;
0037A5 : 00;
0037A6 : 00;
0037A7 : 00;
0037A8 : 00;
0037A9 : 00;
0037AA : 00;
0037AB : 00;
0037AC : 00;
0037AD : 00;
0037AE : 00;
0037AF : 00;
0037B0 : 00;
0037B1 : 00;
0037B2 : 00;
0037B3 : 00;
0037B4 : 00;
0037B5 : 00;
0037B6 : 00;
0037B7 : 00;
0037B8 : 00;
0037B9 : 00;
0037BA : 00;
0037BB : 00;
0037BC : 00;
0037BD : 00;
0037BE : 00;
0037BF : 00;
0037C0 : 00;
0037C1 : 00;
0037C2 : 00;
0037C3 : 00;
0037C4 : 00;
0037C5 : 00;
0037C6 : 00;
0037C7 : 00;
0037C8 : 00;
0037C9 : 00;
0037CA : 00;
0037CB : 00;
0037CC : 00;
0037CD : 15;
0037CE : 1B;
0037CF : 27;
0037D0 : 1C;
0037D1 : 1C;
0037D2 : 1C;
0037D3 : 1C;
0037D4 : 1C;
0037D5 : 1C;
0037D6 : 1C;
0037D7 : 1C;
0037D8 : 1C;
0037D9 : B7;
0037DA : B7;
0037DB : 1C;
0037DC : 1C;
0037DD : 1C;
0037DE : 1C;
0037DF : 1C;
0037E0 : 1C;
0037E1 : B7;
0037E2 : 1C;
0037E3 : 1C;
0037E4 : 1C;
0037E5 : 1C;
0037E6 : 59;
0037E7 : 3C;
0037E8 : 1B;
0037E9 : 27;
0037EA : 00;
0037EB : 00;
0037EC : AE;
0037ED : 96;
0037EE : 1B;
0037EF : 3A;
0037F0 : D9;
0037F1 : 1C;
0037F2 : 1C;
0037F3 : 1C;
0037F4 : 1C;
0037F5 : 1C;
0037F6 : 1C;
0037F7 : B7;
0037F8 : B7;
0037F9 : B7;
0037FA : B7;
0037FB : B7;
0037FC : B7;
0037FD : B7;
0037FE : B7;
0037FF : B7;
003800 : B7;
003801 : 1C;
003802 : 1C;
003803 : 1C;
003804 : 1C;
003805 : 1C;
003806 : 1C;
003807 : 73;
003808 : 36;
003809 : 03;
00380A : 11;
00380B : 00;
00380C : 00;
00380D : 00;
00380E : 00;
00380F : 00;
003810 : 00;
003811 : 00;
003812 : 00;
003813 : 00;
003814 : 00;
003815 : 00;
003816 : 00;
003817 : 00;
003818 : 00;
003819 : 00;
00381A : 00;
00381B : 00;
00381C : 00;
00381D : 00;
00381E : 00;
00381F : 00;
003820 : 00;
003821 : 00;
003822 : 00;
003823 : 00;
003824 : 00;
003825 : 00;
003826 : 00;
003827 : 00;
003828 : 00;
003829 : 00;
00382A : 00;
00382B : 00;
00382C : 00;
00382D : 00;
00382E : 00;
00382F : 00;
003830 : 00;
003831 : 00;
003832 : 00;
003833 : 2B;
003834 : 1B;
003835 : 32;
003836 : 59;
003837 : 1C;
003838 : 1C;
003839 : 1C;
00383A : 1C;
00383B : 1C;
00383C : 1C;
00383D : 1C;
00383E : 1C;
00383F : 1C;
003840 : 1C;
003841 : 1C;
003842 : 1C;
003843 : 1C;
003844 : 1C;
003845 : 1C;
003846 : 1C;
003847 : B7;
003848 : B7;
003849 : B7;
00384A : 1C;
00384B : 1C;
00384C : D9;
00384D : 27;
00384E : 1B;
00384F : 2B;
003850 : 00;
003851 : 00;
003852 : 00;
003853 : A6;
003854 : 15;
003855 : AF;
003856 : 27;
003857 : BA;
003858 : BA;
003859 : 73;
00385A : 59;
00385B : 59;
00385C : D9;
00385D : D9;
00385E : D9;
00385F : 1C;
003860 : 1C;
003861 : 1C;
003862 : 1C;
003863 : 1C;
003864 : 1C;
003865 : 1C;
003866 : 1C;
003867 : 1C;
003868 : 1C;
003869 : 1C;
00386A : D9;
00386B : D9;
00386C : D9;
00386D : BA;
00386E : 36;
00386F : 94;
003870 : 99;
003871 : 00;
003872 : 00;
003873 : 00;
003874 : 00;
003875 : 00;
003876 : 00;
003877 : 00;
003878 : 00;
003879 : 00;
00387A : 00;
00387B : 00;
00387C : 00;
00387D : 00;
00387E : 00;
00387F : 00;
003880 : 00;
003881 : 00;
003882 : 00;
003883 : 00;
003884 : 00;
003885 : 00;
003886 : 00;
003887 : 00;
003888 : 00;
003889 : 00;
00388A : 00;
00388B : 00;
00388C : 00;
00388D : 00;
00388E : 00;
00388F : 00;
003890 : 00;
003891 : 00;
003892 : 00;
003893 : 00;
003894 : 00;
003895 : 00;
003896 : 00;
003897 : 00;
003898 : 00;
003899 : 2B;
00389A : 13;
00389B : 6A;
00389C : 32;
00389D : 27;
00389E : 09;
00389F : BA;
0038A0 : 73;
0038A1 : 59;
0038A2 : 59;
0038A3 : D9;
0038A4 : D9;
0038A5 : 1C;
0038A6 : 1C;
0038A7 : 1C;
0038A8 : 1C;
0038A9 : 1C;
0038AA : 1C;
0038AB : B7;
0038AC : 1C;
0038AD : B7;
0038AE : B7;
0038AF : 1C;
0038B0 : 1C;
0038B1 : 1C;
0038B2 : 1C;
0038B3 : 09;
0038B4 : 1B;
0038B5 : 34;
0038B6 : 00;
0038B7 : 00;
0038B8 : 00;
0038B9 : 94;
0038BA : 2B;
0038BB : 15;
0038BC : 1B;
0038BD : D7;
0038BE : 44;
0038BF : 44;
0038C0 : 6A;
0038C1 : DB;
0038C2 : 9B;
0038C3 : 9B;
0038C4 : 09;
0038C5 : BA;
0038C6 : BA;
0038C7 : BA;
0038C8 : BA;
0038C9 : 73;
0038CA : 73;
0038CB : 73;
0038CC : 73;
0038CD : BA;
0038CE : BA;
0038CF : BA;
0038D0 : 09;
0038D1 : 9B;
0038D2 : 27;
0038D3 : 48;
0038D4 : 2B;
0038D5 : 11;
0038D6 : 11;
0038D7 : 00;
0038D8 : 00;
0038D9 : 00;
0038DA : 00;
0038DB : 00;
0038DC : 00;
0038DD : 00;
0038DE : 00;
0038DF : 00;
0038E0 : 00;
0038E1 : 00;
0038E2 : 00;
0038E3 : 00;
0038E4 : 00;
0038E5 : 00;
0038E6 : 00;
0038E7 : 00;
0038E8 : 00;
0038E9 : 00;
0038EA : 00;
0038EB : 00;
0038EC : 00;
0038ED : 00;
0038EE : 00;
0038EF : 00;
0038F0 : 00;
0038F1 : 00;
0038F2 : 00;
0038F3 : 00;
0038F4 : 00;
0038F5 : 00;
0038F6 : 00;
0038F7 : 00;
0038F8 : 00;
0038F9 : 00;
0038FA : 00;
0038FB : 00;
0038FC : 00;
0038FD : 00;
0038FE : 00;
0038FF : 4B;
003900 : 13;
003901 : 44;
003902 : 1B;
003903 : 1B;
003904 : 48;
003905 : B3;
003906 : AF;
003907 : B3;
003908 : AF;
003909 : AF;
00390A : 32;
00390B : 27;
00390C : 27;
00390D : 09;
00390E : BA;
00390F : 73;
003910 : 73;
003911 : E4;
003912 : E4;
003913 : 59;
003914 : 59;
003915 : E4;
003916 : E4;
003917 : 73;
003918 : 73;
003919 : 27;
00391A : 1B;
00391B : 11;
00391C : 00;
00391D : 00;
00391E : 00;
00391F : 00;
003920 : 15;
003921 : 03;
003922 : 03;
003923 : 03;
003924 : 3D;
003925 : 11;
003926 : 00;
003927 : 00;
003928 : 00;
003929 : 00;
00392A : 00;
00392B : 00;
00392C : 00;
00392D : 00;
00392E : 00;
00392F : 00;
003930 : 00;
003931 : 00;
003932 : 00;
003933 : 00;
003934 : 00;
003935 : 00;
003936 : 00;
003937 : 00;
003938 : 00;
003939 : 03;
00393A : 3D;
00393B : 11;
00393C : 11;
00393D : 00;
00393E : 00;
00393F : 00;
003940 : 00;
003941 : 00;
003942 : 00;
003943 : 00;
003944 : 00;
003945 : 00;
003946 : 00;
003947 : 00;
003948 : 00;
003949 : 00;
00394A : 00;
00394B : 00;
00394C : 00;
00394D : 00;
00394E : 00;
00394F : 00;
003950 : 00;
003951 : 00;
003952 : 00;
003953 : 00;
003954 : 00;
003955 : 00;
003956 : 00;
003957 : 00;
003958 : 00;
003959 : 00;
00395A : 00;
00395B : 00;
00395C : 00;
00395D : 00;
00395E : 00;
00395F : 00;
003960 : 00;
003961 : 00;
003962 : 00;
003963 : 00;
003964 : 00;
003965 : 00;
003966 : 81;
003967 : 81;
003968 : 13;
003969 : 36;
00396A : 36;
00396B : 1B;
00396C : 1B;
00396D : 1B;
00396E : 1B;
00396F : 44;
003970 : 1B;
003971 : 1B;
003972 : 1B;
003973 : 1B;
003974 : 1B;
003975 : 36;
003976 : 1B;
003977 : B3;
003978 : B3;
003979 : AF;
00397A : AF;
00397B : AF;
00397C : B3;
00397D : 36;
00397E : 36;
00397F : 1B;
003980 : 2B;
003981 : 11;
003982 : 00;
003983 : 00;
003984 : 00;
003985 : 00;
003986 : 00;
003987 : 00;
003988 : 00;
003989 : 00;
00398A : 00;
00398B : 00;
00398C : 00;
00398D : 00;
00398E : 00;
00398F : 00;
003990 : 00;
003991 : 00;
003992 : 00;
003993 : 00;
003994 : 00;
003995 : 00;
003996 : 00;
003997 : 00;
003998 : 00;
003999 : 00;
00399A : 00;
00399B : 00;
00399C : 00;
00399D : 00;
00399E : 00;
00399F : 00;
0039A0 : 00;
0039A1 : 00;
0039A2 : 00;
0039A3 : 00;
0039A4 : 00;
0039A5 : 00;
0039A6 : 00;
0039A7 : 00;
0039A8 : 00;
0039A9 : 00;
0039AA : 00;
0039AB : 00;
0039AC : 00;
0039AD : 00;
0039AE : 00;
0039AF : 00;
0039B0 : 00;
0039B1 : 00;
0039B2 : 00;
0039B3 : 00;
0039B4 : 00;
0039B5 : 00;
0039B6 : 00;
0039B7 : 00;
0039B8 : 00;
0039B9 : 00;
0039BA : 00;
0039BB : 00;
0039BC : 00;
0039BD : 00;
0039BE : 00;
0039BF : 00;
0039C0 : 00;
0039C1 : 00;
0039C2 : 00;
0039C3 : 00;
0039C4 : 00;
0039C5 : 00;
0039C6 : 00;
0039C7 : 00;
0039C8 : 00;
0039C9 : 00;
0039CA : 00;
0039CB : 00;
0039CC : 00;
0039CD : 00;
0039CE : 00;
0039CF : BE;
0039D0 : 1B;
0039D1 : 44;
0039D2 : 1B;
0039D3 : 15;
0039D4 : 27;
0039D5 : 44;
0039D6 : 03;
0039D7 : 03;
0039D8 : 03;
0039D9 : 2B;
0039DA : 44;
0039DB : B3;
0039DC : 44;
0039DD : 15;
0039DE : 44;
0039DF : 1B;
0039E0 : 1B;
0039E1 : 44;
0039E2 : 15;
0039E3 : 13;
0039E4 : 13;
0039E5 : 2B;
0039E6 : 3D;
0039E7 : 81;
0039E8 : 00;
0039E9 : 00;
0039EA : 00;
0039EB : 00;
0039EC : 00;
0039ED : 00;
0039EE : 00;
0039EF : 00;
0039F0 : 00;
0039F1 : 00;
0039F2 : 00;
0039F3 : 00;
0039F4 : 00;
0039F5 : 00;
0039F6 : 00;
0039F7 : 00;
0039F8 : 00;
0039F9 : 00;
0039FA : 00;
0039FB : 00;
0039FC : 00;
0039FD : 00;
0039FE : 00;
0039FF : 00;
003A00 : 00;
003A01 : 00;
003A02 : 00;
003A03 : 00;
003A04 : 00;
003A05 : 00;
003A06 : 00;
003A07 : 00;
003A08 : 00;
003A09 : 00;
003A0A : 00;
003A0B : 00;
003A0C : 00;
003A0D : 00;
003A0E : 00;
003A0F : 00;
003A10 : 00;
003A11 : 00;
003A12 : 00;
003A13 : 00;
003A14 : 00;
003A15 : 00;
003A16 : 00;
003A17 : 00;
003A18 : 00;
003A19 : 00;
003A1A : 00;
003A1B : 00;
003A1C : 00;
003A1D : 00;
003A1E : 00;
003A1F : 00;
003A20 : 00;
003A21 : 00;
003A22 : 00;
003A23 : 00;
003A24 : 00;
003A25 : 00;
003A26 : 00;
003A27 : 00;
003A28 : 00;
003A29 : 00;
003A2A : 00;
003A2B : 00;
003A2C : 00;
003A2D : 00;
003A2E : 00;
003A2F : 00;
003A30 : 00;
003A31 : 00;
003A32 : 00;
003A33 : 00;
003A34 : 00;
003A35 : 00;
003A36 : 00;
003A37 : 00;
003A38 : 00;
003A39 : 00;
003A3A : 00;
003A3B : 00;
003A3C : 00;
003A3D : 00;
003A3E : 00;
003A3F : 00;
003A40 : 44;
003A41 : 59;
003A42 : B3;
003A43 : 03;
003A44 : 96;
003A45 : 96;
003A46 : 96;
003A47 : 03;
003A48 : 03;
003A49 : 6A;
003A4A : 32;
003A4B : 00;
003A4C : 00;
003A4D : 00;
003A4E : 00;
003A4F : 00;
003A50 : 00;
003A51 : 00;
003A52 : 00;
003A53 : 00;
003A54 : 00;
003A55 : 00;
003A56 : 00;
003A57 : 00;
003A58 : 00;
003A59 : 00;
003A5A : 00;
003A5B : 00;
003A5C : 00;
003A5D : 00;
003A5E : 00;
003A5F : 00;
003A60 : 00;
003A61 : 00;
003A62 : 00;
003A63 : 00;
003A64 : 00;
003A65 : 00;
003A66 : 00;
003A67 : 00;
003A68 : 00;
003A69 : 00;
003A6A : 00;
003A6B : 00;
003A6C : 00;
003A6D : 00;
003A6E : 00;
003A6F : 00;
003A70 : 00;
003A71 : 00;
003A72 : 00;
003A73 : 00;
003A74 : 00;
003A75 : 00;
003A76 : 00;
003A77 : 00;
003A78 : 00;
003A79 : 00;
003A7A : 00;
003A7B : 00;
003A7C : 00;
003A7D : 00;
003A7E : 00;
003A7F : 00;
003A80 : 00;
003A81 : 00;
003A82 : 00;
003A83 : 00;
003A84 : 00;
003A85 : 00;
003A86 : 00;
003A87 : 00;
003A88 : 00;
003A89 : 00;
003A8A : 00;
003A8B : 00;
003A8C : 00;
003A8D : 00;
003A8E : 00;
003A8F : 00;
003A90 : 00;
003A91 : 00;
003A92 : 00;
003A93 : 00;
003A94 : 00;
003A95 : 00;
003A96 : 00;
003A97 : 00;
003A98 : 00;
003A99 : 00;
003A9A : 00;
003A9B : 00;
003A9C : 00;
003A9D : 00;
003A9E : 00;
003A9F : 00;
003AA0 : 00;
003AA1 : 00;
003AA2 : 00;
003AA3 : 00;
003AA4 : 00;
003AA5 : 00;
003AA6 : 00;
003AA7 : 00;
003AA8 : 00;
003AA9 : 00;
003AAA : 00;
003AAB : 00;
003AAC : 00;
003AAD : 00;
003AAE : 00;
003AAF : 00;
003AB0 : 00;
003AB1 : 00;
003AB2 : 00;
003AB3 : 00;
003AB4 : 00;
003AB5 : 00;
003AB6 : 00;
003AB7 : 00;
003AB8 : 00;
003AB9 : 00;
003ABA : 00;
003ABB : 00;
003ABC : 00;
003ABD : 00;
003ABE : 00;
003ABF : 00;
003AC0 : 00;
003AC1 : 00;
003AC2 : 00;
003AC3 : 00;
003AC4 : 00;
003AC5 : 00;
003AC6 : 00;
003AC7 : 00;
003AC8 : 00;
003AC9 : 00;
003ACA : 00;
003ACB : 00;
003ACC : 00;
003ACD : 00;
003ACE : 00;
003ACF : 00;
003AD0 : 00;
003AD1 : 00;
003AD2 : 00;
003AD3 : 00;
003AD4 : 00;
003AD5 : 00;
003AD6 : 00;
003AD7 : 00;
003AD8 : 00;
003AD9 : 00;
003ADA : 00;
003ADB : 00;
003ADC : 00;
003ADD : 00;
003ADE : 00;
003ADF : 00;
003AE0 : 00;
003AE1 : 00;
003AE2 : 00;
003AE3 : 00;
003AE4 : 00;
003AE5 : 00;
003AE6 : 00;
003AE7 : 00;
003AE8 : 00;
003AE9 : 00;
003AEA : 00;
003AEB : 00;
003AEC : 00;
003AED : 00;
003AEE : 00;
003AEF : 00;
003AF0 : 00;
003AF1 : 00;
003AF2 : 00;
003AF3 : 00;
003AF4 : 00;
003AF5 : 00;
003AF6 : 00;
003AF7 : 00;
003AF8 : 00;
003AF9 : 00;
003AFA : 00;
003AFB : 00;
003AFC : 00;
003AFD : 00;
003AFE : 00;
003AFF : 00;
003B00 : 00;
003B01 : 00;
003B02 : 00;
003B03 : 00;
003B04 : 00;
003B05 : 00;
003B06 : 00;
003B07 : 00;
003B08 : 00;
003B09 : 00;
003B0A : 00;
003B0B : 00;
003B0C : 00;
003B0D : 00;
003B0E : 00;
003B0F : 00;
003B10 : 00;
003B11 : 00;
003B12 : 00;
003B13 : 00;
003B14 : 00;
003B15 : 00;
003B16 : 00;
003B17 : 00;
003B18 : 00;
003B19 : 00;
003B1A : 00;
003B1B : 00;
003B1C : 00;
003B1D : 00;
003B1E : 00;
003B1F : 00;
003B20 : 00;
003B21 : 00;
003B22 : 00;
003B23 : 00;
003B24 : 00;
003B25 : 00;
003B26 : 00;
003B27 : 00;
003B28 : 00;
003B29 : 00;
003B2A : 00;
003B2B : 00;
003B2C : 00;
003B2D : 00;
003B2E : 00;
003B2F : 00;
003B30 : 00;
003B31 : 00;
003B32 : 00;
003B33 : 00;
003B34 : 00;
003B35 : 00;
003B36 : 00;
003B37 : 00;
003B38 : 00;
003B39 : 00;
003B3A : 00;
003B3B : 00;
003B3C : 00;
003B3D : 00;
003B3E : 00;
003B3F : 00;
003B40 : 00;
003B41 : 00;
003B42 : 00;
003B43 : 00;
003B44 : 00;
003B45 : 00;
003B46 : 00;
003B47 : 00;
003B48 : 00;
003B49 : 00;
003B4A : 00;
003B4B : 00;
003B4C : 00;
003B4D : 00;
003B4E : 00;
003B4F : 00;
003B50 : 00;
003B51 : 00;
003B52 : 00;
003B53 : 00;
003B54 : 00;
003B55 : 00;
003B56 : 00;
003B57 : 00;
003B58 : 00;
003B59 : 00;
003B5A : 00;
003B5B : 00;
003B5C : 00;
003B5D : 00;
END;
