WIDTH=8;
DEPTH=11880;
ADDRESS_RADIX=HEX;
DATA_RADIX=HEX;

CONTENT BEGIN
000000 : 00;
000001 : 00;
000002 : 00;
000003 : 00;
000004 : 00;
000005 : 00;
000006 : 00;
000007 : 00;
000008 : 00;
000009 : 00;
00000A : 00;
00000B : 00;
00000C : 00;
00000D : 00;
00000E : 00;
00000F : 00;
000010 : 00;
000011 : 00;
000012 : 00;
000013 : 00;
000014 : 00;
000015 : 00;
000016 : 00;
000017 : 00;
000018 : 00;
000019 : 00;
00001A : 00;
00001B : 00;
00001C : 00;
00001D : 00;
00001E : 00;
00001F : 00;
000020 : 00;
000021 : 00;
000022 : 00;
000023 : 00;
000024 : 00;
000025 : 00;
000026 : 00;
000027 : 00;
000028 : 00;
000029 : 00;
00002A : 00;
00002B : 00;
00002C : 00;
00002D : 00;
00002E : 00;
00002F : 00;
000030 : 00;
000031 : 24;
000032 : AE;
000033 : 03;
000034 : 96;
000035 : 44;
000036 : 1B;
000037 : 1B;
000038 : AF;
000039 : 27;
00003A : BA;
00003B : 57;
00003C : F6;
00003D : 4F;
00003E : F6;
00003F : 57;
000040 : 60;
000041 : 27;
000042 : AF;
000043 : 1B;
000044 : 96;
000045 : 94;
000046 : AE;
000047 : AE;
000048 : 11;
000049 : 24;
00004A : 00;
00004B : 00;
00004C : 00;
00004D : 00;
00004E : 00;
00004F : 00;
000050 : 00;
000051 : 00;
000052 : 00;
000053 : 00;
000054 : 00;
000055 : 00;
000056 : 00;
000057 : 00;
000058 : 00;
000059 : 00;
00005A : 00;
00005B : 00;
00005C : 00;
00005D : 00;
00005E : 00;
00005F : 00;
000060 : 00;
000061 : 00;
000062 : 00;
000063 : 00;
000064 : 00;
000065 : 00;
000066 : 00;
000067 : 00;
000068 : 00;
000069 : 00;
00006A : 00;
00006B : 00;
00006C : 00;
00006D : 00;
00006E : 00;
00006F : 00;
000070 : 00;
000071 : 00;
000072 : 00;
000073 : 00;
000074 : 00;
000075 : 00;
000076 : 00;
000077 : 00;
000078 : 00;
000079 : 00;
00007A : 00;
00007B : 00;
00007C : 00;
00007D : 00;
00007E : 00;
00007F : 00;
000080 : 00;
000081 : 00;
000082 : 00;
000083 : 00;
000084 : 00;
000085 : 00;
000086 : 00;
000087 : 00;
000088 : 00;
000089 : 11;
00008A : 11;
00008B : AE;
00008C : 03;
00008D : 1B;
00008E : AF;
00008F : 27;
000090 : BA;
000091 : 57;
000092 : 4F;
000093 : 72;
000094 : 37;
000095 : 10;
000096 : 8F;
000097 : 5F;
000098 : 8F;
000099 : 10;
00009A : 37;
00009B : C1;
00009C : 4F;
00009D : 12;
00009E : 42;
00009F : 27;
0000A0 : AF;
0000A1 : 15;
0000A2 : 2B;
0000A3 : AE;
0000A4 : 11;
0000A5 : 11;
0000A6 : 24;
0000A7 : 00;
0000A8 : 00;
0000A9 : 00;
0000AA : 00;
0000AB : 00;
0000AC : 00;
0000AD : 00;
0000AE : 00;
0000AF : 00;
0000B0 : 00;
0000B1 : 00;
0000B2 : 00;
0000B3 : 00;
0000B4 : 00;
0000B5 : 00;
0000B6 : 00;
0000B7 : 00;
0000B8 : 00;
0000B9 : 00;
0000BA : 00;
0000BB : 00;
0000BC : 00;
0000BD : 00;
0000BE : 00;
0000BF : 00;
0000C0 : 00;
0000C1 : 00;
0000C2 : 00;
0000C3 : 00;
0000C4 : 00;
0000C5 : 00;
0000C6 : 00;
0000C7 : 00;
0000C8 : 00;
0000C9 : 00;
0000CA : 00;
0000CB : 00;
0000CC : 00;
0000CD : 00;
0000CE : 00;
0000CF : 00;
0000D0 : 00;
0000D1 : 00;
0000D2 : 00;
0000D3 : 00;
0000D4 : 00;
0000D5 : 00;
0000D6 : 00;
0000D7 : 00;
0000D8 : 00;
0000D9 : 00;
0000DA : 00;
0000DB : 00;
0000DC : 00;
0000DD : 00;
0000DE : 00;
0000DF : 00;
0000E0 : 00;
0000E1 : 00;
0000E2 : 2B;
0000E3 : 03;
0000E4 : 2B;
0000E5 : 2B;
0000E6 : 1B;
0000E7 : 32;
0000E8 : 12;
0000E9 : C1;
0000EA : CA;
0000EB : 08;
0000EC : 31;
0000ED : 25;
0000EE : B2;
0000EF : 0D;
0000F0 : 6B;
0000F1 : 2F;
0000F2 : 2F;
0000F3 : 0D;
0000F4 : B2;
0000F5 : 25;
0000F6 : 0E;
0000F7 : 08;
0000F8 : CA;
0000F9 : C1;
0000FA : 12;
0000FB : 68;
0000FC : 36;
0000FD : 15;
0000FE : 03;
0000FF : 03;
000100 : 03;
000101 : 3D;
000102 : 00;
000103 : 00;
000104 : 00;
000105 : 00;
000106 : 00;
000107 : 00;
000108 : 00;
000109 : 00;
00010A : 00;
00010B : 00;
00010C : 00;
00010D : 00;
00010E : 00;
00010F : 00;
000110 : 00;
000111 : 00;
000112 : 00;
000113 : 00;
000114 : 00;
000115 : 00;
000116 : 00;
000117 : 00;
000118 : 00;
000119 : 00;
00011A : 00;
00011B : 00;
00011C : 00;
00011D : 00;
00011E : 00;
00011F : 00;
000120 : 00;
000121 : 00;
000122 : 00;
000123 : 00;
000124 : 00;
000125 : 00;
000126 : 00;
000127 : 00;
000128 : 00;
000129 : 00;
00012A : 00;
00012B : 00;
00012C : 00;
00012D : 00;
00012E : 00;
00012F : 00;
000130 : 00;
000131 : 00;
000132 : 00;
000133 : 00;
000134 : 00;
000135 : 00;
000136 : 00;
000137 : 00;
000138 : 00;
000139 : 00;
00013A : 00;
00013B : 11;
00013C : 03;
00013D : 2B;
00013E : 1B;
00013F : 3C;
000140 : 12;
000141 : 21;
000142 : 5A;
000143 : DF;
000144 : 41;
000145 : 0D;
000146 : 2F;
000147 : 02;
000148 : 23;
000149 : C6;
00014A : C6;
00014B : C6;
00014C : C6;
00014D : C6;
00014E : 23;
00014F : 02;
000150 : 2F;
000151 : 0D;
000152 : 41;
000153 : 31;
000154 : 5F;
000155 : 72;
000156 : F6;
000157 : C9;
000158 : 36;
000159 : 2B;
00015A : 94;
00015B : 11;
00015C : 24;
00015D : 00;
00015E : 00;
00015F : 00;
000160 : 00;
000161 : 00;
000162 : 00;
000163 : 00;
000164 : 00;
000165 : 00;
000166 : 00;
000167 : 00;
000168 : 00;
000169 : 00;
00016A : 00;
00016B : 00;
00016C : 00;
00016D : 00;
00016E : 00;
00016F : 00;
000170 : 00;
000171 : 00;
000172 : 00;
000173 : 00;
000174 : 00;
000175 : 00;
000176 : 00;
000177 : 00;
000178 : 00;
000179 : 00;
00017A : 00;
00017B : 00;
00017C : 00;
00017D : 00;
00017E : 00;
00017F : 00;
000180 : 00;
000181 : 00;
000182 : 00;
000183 : 00;
000184 : 00;
000185 : 00;
000186 : 00;
000187 : 00;
000188 : 00;
000189 : 00;
00018A : 00;
00018B : 00;
00018C : 00;
00018D : 00;
00018E : 00;
00018F : 00;
000190 : 00;
000191 : 00;
000192 : 00;
000193 : 3D;
000194 : 3D;
000195 : 2B;
000196 : 2B;
000197 : 1B;
000198 : 3C;
000199 : 57;
00019A : 84;
00019B : 31;
00019C : 0D;
00019D : 2F;
00019E : 23;
00019F : 23;
0001A0 : 23;
0001A1 : C6;
0001A2 : C6;
0001A3 : C6;
0001A4 : C6;
0001A5 : C6;
0001A6 : C6;
0001A7 : C6;
0001A8 : C6;
0001A9 : C6;
0001AA : C6;
0001AB : C6;
0001AC : 23;
0001AD : 02;
0001AE : 6B;
0001AF : 41;
0001B0 : 5F;
0001B1 : C1;
0001B2 : 60;
0001B3 : AF;
0001B4 : 44;
0001B5 : 03;
0001B6 : 94;
0001B7 : 99;
0001B8 : 99;
0001B9 : 00;
0001BA : 00;
0001BB : 00;
0001BC : 00;
0001BD : 00;
0001BE : 00;
0001BF : 00;
0001C0 : 00;
0001C1 : 00;
0001C2 : 00;
0001C3 : 00;
0001C4 : 00;
0001C5 : 00;
0001C6 : 00;
0001C7 : 00;
0001C8 : 00;
0001C9 : 00;
0001CA : 00;
0001CB : 00;
0001CC : 00;
0001CD : 00;
0001CE : 00;
0001CF : 00;
0001D0 : 00;
0001D1 : 00;
0001D2 : 00;
0001D3 : 00;
0001D4 : 00;
0001D5 : 00;
0001D6 : 00;
0001D7 : 00;
0001D8 : 00;
0001D9 : 00;
0001DA : 00;
0001DB : 00;
0001DC : 00;
0001DD : 00;
0001DE : 00;
0001DF : 00;
0001E0 : 00;
0001E1 : 00;
0001E2 : 00;
0001E3 : 00;
0001E4 : 00;
0001E5 : 00;
0001E6 : 00;
0001E7 : 00;
0001E8 : 00;
0001E9 : 00;
0001EA : 00;
0001EB : 00;
0001EC : 00;
0001ED : 11;
0001EE : 11;
0001EF : 2B;
0001F0 : 1B;
0001F1 : C9;
0001F2 : 65;
0001F3 : 5F;
0001F4 : 41;
0001F5 : 6B;
0001F6 : 02;
0001F7 : 23;
0001F8 : 02;
0001F9 : 2F;
0001FA : 2F;
0001FB : 02;
0001FC : 02;
0001FD : 23;
0001FE : C6;
0001FF : C6;
000200 : C6;
000201 : C6;
000202 : C6;
000203 : 19;
000204 : 19;
000205 : 19;
000206 : 19;
000207 : 19;
000208 : 02;
000209 : 2F;
00020A : B2;
00020B : 31;
00020C : 8F;
00020D : 4F;
00020E : 27;
00020F : 1B;
000210 : 94;
000211 : 99;
000212 : 24;
000213 : 00;
000214 : 00;
000215 : 00;
000216 : 00;
000217 : 00;
000218 : 00;
000219 : 00;
00021A : 00;
00021B : 00;
00021C : 00;
00021D : 00;
00021E : 00;
00021F : 00;
000220 : 00;
000221 : 00;
000222 : 00;
000223 : 00;
000224 : 00;
000225 : 00;
000226 : 00;
000227 : 00;
000228 : 00;
000229 : 00;
00022A : 00;
00022B : 00;
00022C : 00;
00022D : 00;
00022E : 00;
00022F : 00;
000230 : 00;
000231 : 00;
000232 : 00;
000233 : 00;
000234 : 00;
000235 : 00;
000236 : 00;
000237 : 00;
000238 : 00;
000239 : 00;
00023A : 00;
00023B : 00;
00023C : 00;
00023D : 00;
00023E : 00;
00023F : 00;
000240 : 00;
000241 : 00;
000242 : 00;
000243 : 00;
000244 : 00;
000245 : 00;
000246 : 24;
000247 : 03;
000248 : 03;
000249 : 48;
00024A : 27;
00024B : 65;
00024C : 08;
00024D : B2;
00024E : 02;
00024F : 19;
000250 : 23;
000251 : 2F;
000252 : 6B;
000253 : B2;
000254 : B2;
000255 : B2;
000256 : 6B;
000257 : 02;
000258 : 23;
000259 : C6;
00025A : C6;
00025B : C6;
00025C : C6;
00025D : C6;
00025E : C6;
00025F : C6;
000260 : C6;
000261 : C6;
000262 : 19;
000263 : 19;
000264 : C6;
000265 : 02;
000266 : 25;
000267 : D6;
000268 : 4F;
000269 : C9;
00026A : D7;
00026B : 96;
00026C : AE;
00026D : 99;
00026E : 00;
00026F : 00;
000270 : 00;
000271 : 00;
000272 : 00;
000273 : 00;
000274 : 00;
000275 : 00;
000276 : 00;
000277 : 00;
000278 : 00;
000279 : 00;
00027A : 00;
00027B : 00;
00027C : 00;
00027D : 00;
00027E : 00;
00027F : 00;
000280 : 00;
000281 : 00;
000282 : 00;
000283 : 00;
000284 : 00;
000285 : 00;
000286 : 00;
000287 : 00;
000288 : 00;
000289 : 00;
00028A : 00;
00028B : 00;
00028C : 00;
00028D : 00;
00028E : 00;
00028F : 00;
000290 : 00;
000291 : 00;
000292 : 00;
000293 : 00;
000294 : 00;
000295 : 00;
000296 : 00;
000297 : 00;
000298 : 00;
000299 : 00;
00029A : 00;
00029B : 00;
00029C : 00;
00029D : 00;
00029E : 00;
00029F : 00;
0002A0 : 24;
0002A1 : 03;
0002A2 : 2B;
0002A3 : 17;
0002A4 : 65;
0002A5 : 08;
0002A6 : 0D;
0002A7 : 02;
0002A8 : C6;
0002A9 : C6;
0002AA : 2F;
0002AB : 0D;
0002AC : 41;
0002AD : 31;
0002AE : 31;
0002AF : 31;
0002B0 : 41;
0002B1 : 0D;
0002B2 : 02;
0002B3 : C6;
0002B4 : C6;
0002B5 : C6;
0002B6 : C6;
0002B7 : C6;
0002B8 : C6;
0002B9 : C6;
0002BA : C6;
0002BB : C6;
0002BC : C6;
0002BD : 19;
0002BE : 19;
0002BF : C6;
0002C0 : 02;
0002C1 : B2;
0002C2 : A3;
0002C3 : 72;
0002C4 : 3A;
0002C5 : D7;
0002C6 : 03;
0002C7 : AE;
0002C8 : D1;
0002C9 : 00;
0002CA : 00;
0002CB : 00;
0002CC : 00;
0002CD : 00;
0002CE : 00;
0002CF : 00;
0002D0 : 00;
0002D1 : 00;
0002D2 : 00;
0002D3 : 00;
0002D4 : 00;
0002D5 : 00;
0002D6 : 00;
0002D7 : 00;
0002D8 : 00;
0002D9 : 00;
0002DA : 00;
0002DB : 00;
0002DC : 00;
0002DD : 00;
0002DE : 00;
0002DF : 00;
0002E0 : 00;
0002E1 : 00;
0002E2 : 00;
0002E3 : 00;
0002E4 : 00;
0002E5 : 00;
0002E6 : 00;
0002E7 : 00;
0002E8 : 00;
0002E9 : 00;
0002EA : 00;
0002EB : 00;
0002EC : 00;
0002ED : 00;
0002EE : 00;
0002EF : 00;
0002F0 : 00;
0002F1 : 00;
0002F2 : 00;
0002F3 : 00;
0002F4 : 11;
0002F5 : 11;
0002F6 : 99;
0002F7 : 99;
0002F8 : 99;
0002F9 : 11;
0002FA : 11;
0002FB : 13;
0002FC : 3C;
0002FD : 57;
0002FE : D6;
0002FF : B2;
000300 : 23;
000301 : 19;
000302 : C6;
000303 : 02;
000304 : 2F;
000305 : 41;
000306 : 31;
000307 : DF;
000308 : 08;
000309 : 47;
00030A : 31;
00030B : B2;
00030C : 02;
00030D : C6;
00030E : C6;
00030F : C6;
000310 : C6;
000311 : C6;
000312 : C6;
000313 : C6;
000314 : C6;
000315 : C6;
000316 : C6;
000317 : C6;
000318 : C6;
000319 : C6;
00031A : 19;
00031B : 02;
00031C : 0D;
00031D : A3;
00031E : C1;
00031F : 3A;
000320 : 1B;
000321 : 2B;
000322 : 11;
000323 : 11;
000324 : 00;
000325 : 00;
000326 : 00;
000327 : 00;
000328 : 00;
000329 : 00;
00032A : 00;
00032B : 00;
00032C : 00;
00032D : 00;
00032E : 00;
00032F : 00;
000330 : 00;
000331 : 00;
000332 : 00;
000333 : 00;
000334 : 00;
000335 : 00;
000336 : 00;
000337 : 00;
000338 : 00;
000339 : 00;
00033A : 00;
00033B : 00;
00033C : 00;
00033D : 00;
00033E : 00;
00033F : 00;
000340 : 00;
000341 : 00;
000342 : 00;
000343 : 00;
000344 : 00;
000345 : 00;
000346 : 00;
000347 : 00;
000348 : 00;
000349 : 00;
00034A : 00;
00034B : 00;
00034C : 03;
00034D : 34;
00034E : 03;
00034F : 03;
000350 : 2B;
000351 : 2B;
000352 : 2B;
000353 : 2B;
000354 : 03;
000355 : 1B;
000356 : 12;
000357 : CA;
000358 : A0;
000359 : 02;
00035A : 23;
00035B : 19;
00035C : C6;
00035D : 02;
00035E : 0D;
00035F : 41;
000360 : DF;
000361 : DF;
000362 : 08;
000363 : 08;
000364 : 31;
000365 : 25;
000366 : 2F;
000367 : C6;
000368 : C6;
000369 : C6;
00036A : C6;
00036B : C6;
00036C : C6;
00036D : C6;
00036E : C6;
00036F : C6;
000370 : C6;
000371 : C6;
000372 : C6;
000373 : C6;
000374 : C6;
000375 : 23;
000376 : 02;
000377 : B2;
000378 : DF;
000379 : C1;
00037A : 68;
00037B : 1B;
00037C : 94;
00037D : 94;
00037E : 00;
00037F : 00;
000380 : 00;
000381 : 00;
000382 : 00;
000383 : 00;
000384 : 00;
000385 : 00;
000386 : 00;
000387 : 00;
000388 : 00;
000389 : 00;
00038A : 00;
00038B : 00;
00038C : 00;
00038D : 00;
00038E : 00;
00038F : 00;
000390 : 00;
000391 : 00;
000392 : 00;
000393 : 00;
000394 : 00;
000395 : 00;
000396 : 00;
000397 : 00;
000398 : 00;
000399 : 00;
00039A : 00;
00039B : 00;
00039C : 00;
00039D : 00;
00039E : 00;
00039F : 00;
0003A0 : 00;
0003A1 : 00;
0003A2 : 00;
0003A3 : 00;
0003A4 : 00;
0003A5 : 00;
0003A6 : 11;
0003A7 : 11;
0003A8 : 15;
0003A9 : 48;
0003AA : 17;
0003AB : 60;
0003AC : 12;
0003AD : 60;
0003AE : AF;
0003AF : 3C;
0003B0 : F6;
0003B1 : D6;
0003B2 : 33;
0003B3 : 19;
0003B4 : 19;
0003B5 : C6;
0003B6 : 23;
0003B7 : 02;
0003B8 : 2F;
0003B9 : 25;
0003BA : 41;
0003BB : 31;
0003BC : DF;
0003BD : 31;
0003BE : 41;
0003BF : 0D;
0003C0 : 02;
0003C1 : 19;
0003C2 : 19;
0003C3 : 19;
0003C4 : 19;
0003C5 : 19;
0003C6 : C6;
0003C7 : C6;
0003C8 : C6;
0003C9 : 19;
0003CA : 19;
0003CB : 19;
0003CC : C6;
0003CD : C6;
0003CE : 23;
0003CF : 23;
0003D0 : C6;
0003D1 : 02;
0003D2 : B2;
0003D3 : 5F;
0003D4 : F6;
0003D5 : 3C;
0003D6 : 96;
0003D7 : 94;
0003D8 : 99;
0003D9 : 94;
0003DA : 00;
0003DB : 00;
0003DC : 00;
0003DD : 00;
0003DE : 00;
0003DF : 00;
0003E0 : 00;
0003E1 : 00;
0003E2 : 00;
0003E3 : 00;
0003E4 : 00;
0003E5 : 00;
0003E6 : 00;
0003E7 : 00;
0003E8 : 00;
0003E9 : 00;
0003EA : 00;
0003EB : 00;
0003EC : 00;
0003ED : 00;
0003EE : 00;
0003EF : 00;
0003F0 : 00;
0003F1 : 00;
0003F2 : 00;
0003F3 : 00;
0003F4 : 00;
0003F5 : 00;
0003F6 : 00;
0003F7 : 00;
0003F8 : 00;
0003F9 : 00;
0003FA : 00;
0003FB : 00;
0003FC : 00;
0003FD : 00;
0003FE : 00;
0003FF : 24;
000400 : 03;
000401 : 2B;
000402 : 1B;
000403 : 27;
000404 : 12;
000405 : 65;
000406 : 72;
000407 : 72;
000408 : 57;
000409 : BA;
00040A : F6;
00040B : 1E;
00040C : 0D;
00040D : 19;
00040E : 19;
00040F : 19;
000410 : 23;
000411 : 23;
000412 : 02;
000413 : 2F;
000414 : B2;
000415 : 25;
000416 : 25;
000417 : 25;
000418 : 0D;
000419 : 2F;
00041A : 02;
00041B : C6;
00041C : 23;
00041D : 23;
00041E : 23;
00041F : 23;
000420 : 23;
000421 : C6;
000422 : C6;
000423 : C6;
000424 : C6;
000425 : C6;
000426 : C6;
000427 : C6;
000428 : 23;
000429 : 23;
00042A : 23;
00042B : C6;
00042C : 02;
00042D : 41;
00042E : CA;
00042F : BA;
000430 : 1B;
000431 : 15;
000432 : AE;
000433 : 94;
000434 : 00;
000435 : 00;
000436 : 00;
000437 : 00;
000438 : 00;
000439 : 00;
00043A : 00;
00043B : 00;
00043C : 00;
00043D : 00;
00043E : 00;
00043F : 00;
000440 : 00;
000441 : 00;
000442 : 00;
000443 : 00;
000444 : 00;
000445 : 00;
000446 : 00;
000447 : 00;
000448 : 00;
000449 : 00;
00044A : 00;
00044B : 00;
00044C : 00;
00044D : 00;
00044E : 00;
00044F : 00;
000450 : 00;
000451 : 00;
000452 : 00;
000453 : 00;
000454 : 00;
000455 : 00;
000456 : 00;
000457 : 00;
000458 : 11;
000459 : 24;
00045A : 2B;
00045B : 1B;
00045C : 17;
00045D : 1A;
00045E : 21;
00045F : 72;
000460 : 8F;
000461 : D6;
000462 : 5A;
000463 : 37;
000464 : F6;
000465 : 72;
000466 : 41;
000467 : 2F;
000468 : C6;
000469 : 19;
00046A : 23;
00046B : C6;
00046C : 23;
00046D : 02;
00046E : 02;
00046F : 2F;
000470 : 2F;
000471 : 2F;
000472 : 02;
000473 : 02;
000474 : 2F;
000475 : B2;
000476 : 41;
000477 : 25;
000478 : 6B;
000479 : 02;
00047A : 23;
00047B : C6;
00047C : 02;
00047D : B2;
00047E : 0D;
00047F : 2F;
000480 : 23;
000481 : 19;
000482 : 19;
000483 : 23;
000484 : 23;
000485 : C6;
000486 : 23;
000487 : 2F;
000488 : 31;
000489 : C1;
00048A : 68;
00048B : 1B;
00048C : AE;
00048D : 94;
00048E : 00;
00048F : 00;
000490 : 00;
000491 : 00;
000492 : 00;
000493 : 00;
000494 : 00;
000495 : 00;
000496 : 00;
000497 : 00;
000498 : 00;
000499 : 00;
00049A : 00;
00049B : 00;
00049C : 00;
00049D : 00;
00049E : 00;
00049F : 00;
0004A0 : 00;
0004A1 : 00;
0004A2 : 00;
0004A3 : 00;
0004A4 : 00;
0004A5 : 00;
0004A6 : 00;
0004A7 : 00;
0004A8 : 00;
0004A9 : 00;
0004AA : 00;
0004AB : 00;
0004AC : 00;
0004AD : 00;
0004AE : 00;
0004AF : 00;
0004B0 : 00;
0004B1 : 00;
0004B2 : 11;
0004B3 : 99;
0004B4 : 2B;
0004B5 : 3C;
0004B6 : 12;
0004B7 : 84;
0004B8 : CA;
0004B9 : 72;
0004BA : 84;
0004BB : 08;
0004BC : 31;
0004BD : A3;
0004BE : 4F;
0004BF : F6;
0004C0 : 08;
0004C1 : B2;
0004C2 : 23;
0004C3 : 6E;
0004C4 : 23;
0004C5 : C6;
0004C6 : C6;
0004C7 : C6;
0004C8 : C6;
0004C9 : C6;
0004CA : 23;
0004CB : 23;
0004CC : 19;
0004CD : 02;
0004CE : 6B;
0004CF : 0E;
0004D0 : 08;
0004D1 : 08;
0004D2 : 31;
0004D3 : 25;
0004D4 : 6B;
0004D5 : 02;
0004D6 : 0D;
0004D7 : 31;
0004D8 : 31;
0004D9 : 41;
0004DA : 6B;
0004DB : 02;
0004DC : 23;
0004DD : 23;
0004DE : 23;
0004DF : C6;
0004E0 : C6;
0004E1 : 23;
0004E2 : 0D;
0004E3 : CA;
0004E4 : 12;
0004E5 : 36;
0004E6 : 94;
0004E7 : 03;
0004E8 : 00;
0004E9 : 00;
0004EA : 00;
0004EB : 00;
0004EC : 00;
0004ED : 00;
0004EE : 00;
0004EF : 00;
0004F0 : 00;
0004F1 : 00;
0004F2 : 00;
0004F3 : 00;
0004F4 : 00;
0004F5 : 00;
0004F6 : 00;
0004F7 : 00;
0004F8 : 00;
0004F9 : 00;
0004FA : 00;
0004FB : 00;
0004FC : 00;
0004FD : 00;
0004FE : 00;
0004FF : 00;
000500 : 00;
000501 : 00;
000502 : 00;
000503 : 00;
000504 : 00;
000505 : 00;
000506 : 00;
000507 : 00;
000508 : 00;
000509 : 00;
00050A : 00;
00050B : 00;
00050C : 11;
00050D : 99;
00050E : 15;
00050F : 12;
000510 : 21;
000511 : D6;
000512 : 5A;
000513 : 1A;
000514 : 12;
000515 : 4F;
000516 : 08;
000517 : 0E;
000518 : 72;
000519 : 4F;
00051A : CA;
00051B : 41;
00051C : 02;
00051D : 6E;
00051E : 23;
00051F : C6;
000520 : C6;
000521 : C6;
000522 : C6;
000523 : C6;
000524 : 19;
000525 : 19;
000526 : 19;
000527 : 02;
000528 : 6B;
000529 : 0E;
00052A : 1E;
00052B : 37;
00052C : 72;
00052D : 84;
00052E : 08;
00052F : 25;
000530 : 25;
000531 : 08;
000532 : 37;
000533 : 72;
000534 : 08;
000535 : B2;
000536 : 2F;
000537 : 19;
000538 : 19;
000539 : 19;
00053A : C6;
00053B : 19;
00053C : 2F;
00053D : DF;
00053E : 72;
00053F : 68;
000540 : 96;
000541 : 96;
000542 : 24;
000543 : 00;
000544 : 00;
000545 : 00;
000546 : 00;
000547 : 00;
000548 : 00;
000549 : 00;
00054A : 00;
00054B : 00;
00054C : 00;
00054D : 00;
00054E : 00;
00054F : 00;
000550 : 00;
000551 : 00;
000552 : 00;
000553 : 00;
000554 : 00;
000555 : 00;
000556 : 00;
000557 : 00;
000558 : 00;
000559 : 00;
00055A : 00;
00055B : 00;
00055C : 00;
00055D : 00;
00055E : 00;
00055F : 00;
000560 : 00;
000561 : 00;
000562 : 00;
000563 : 00;
000564 : 00;
000565 : 00;
000566 : 03;
000567 : 11;
000568 : 1B;
000569 : F6;
00056A : CA;
00056B : 31;
00056C : 31;
00056D : 84;
00056E : 57;
00056F : 60;
000570 : 5A;
000571 : 0E;
000572 : 5F;
000573 : 10;
000574 : 5A;
000575 : 0E;
000576 : 02;
000577 : 6E;
000578 : 23;
000579 : C6;
00057A : 19;
00057B : 19;
00057C : 19;
00057D : 19;
00057E : 19;
00057F : 45;
000580 : 19;
000581 : 23;
000582 : 02;
000583 : A0;
000584 : 31;
000585 : 1E;
000586 : 84;
000587 : 72;
000588 : 84;
000589 : 08;
00058A : 47;
00058B : 08;
00058C : 84;
00058D : 65;
00058E : 72;
00058F : D6;
000590 : 31;
000591 : 25;
000592 : 0D;
000593 : 2F;
000594 : 23;
000595 : 19;
000596 : 02;
000597 : 25;
000598 : 5F;
000599 : 3A;
00059A : D7;
00059B : 15;
00059C : 99;
00059D : 96;
00059E : 00;
00059F : 00;
0005A0 : 00;
0005A1 : 00;
0005A2 : 00;
0005A3 : 00;
0005A4 : 00;
0005A5 : 00;
0005A6 : 00;
0005A7 : 00;
0005A8 : 00;
0005A9 : 00;
0005AA : 00;
0005AB : 00;
0005AC : 00;
0005AD : 00;
0005AE : 00;
0005AF : 00;
0005B0 : 00;
0005B1 : 00;
0005B2 : 00;
0005B3 : 00;
0005B4 : 00;
0005B5 : 00;
0005B6 : 00;
0005B7 : 00;
0005B8 : 00;
0005B9 : 00;
0005BA : 00;
0005BB : 00;
0005BC : 00;
0005BD : 00;
0005BE : 00;
0005BF : 24;
0005C0 : 2B;
0005C1 : 03;
0005C2 : 36;
0005C3 : 65;
0005C4 : 08;
0005C5 : 0D;
0005C6 : 2F;
0005C7 : 25;
0005C8 : 10;
0005C9 : 12;
0005CA : 10;
0005CB : 31;
0005CC : 31;
0005CD : 31;
0005CE : 31;
0005CF : 25;
0005D0 : 02;
0005D1 : 19;
0005D2 : 23;
0005D3 : 23;
0005D4 : 23;
0005D5 : 02;
0005D6 : 23;
0005D7 : 19;
0005D8 : 19;
0005D9 : 45;
0005DA : 23;
0005DB : 23;
0005DC : 23;
0005DD : 02;
0005DE : 02;
0005DF : 6B;
0005E0 : A0;
0005E1 : 08;
0005E2 : 10;
0005E3 : 72;
0005E4 : 10;
0005E5 : 31;
0005E6 : 47;
0005E7 : CA;
0005E8 : 65;
0005E9 : 1A;
0005EA : 65;
0005EB : 10;
0005EC : 47;
0005ED : A0;
0005EE : 02;
0005EF : 19;
0005F0 : 23;
0005F1 : 6B;
0005F2 : DF;
0005F3 : 12;
0005F4 : 36;
0005F5 : D7;
0005F6 : AE;
0005F7 : 96;
0005F8 : 00;
0005F9 : 00;
0005FA : 00;
0005FB : 00;
0005FC : 00;
0005FD : 00;
0005FE : 00;
0005FF : 00;
000600 : 00;
000601 : 00;
000602 : 00;
000603 : 00;
000604 : 00;
000605 : 00;
000606 : 00;
000607 : 00;
000608 : 00;
000609 : 00;
00060A : 00;
00060B : 00;
00060C : 00;
00060D : 00;
00060E : 00;
00060F : 00;
000610 : 00;
000611 : 00;
000612 : 00;
000613 : 00;
000614 : 00;
000615 : 00;
000616 : 00;
000617 : 00;
000618 : 00;
000619 : 03;
00061A : 44;
00061B : 2B;
00061C : AF;
00061D : 72;
00061E : 31;
00061F : 2F;
000620 : 19;
000621 : 2F;
000622 : 5F;
000623 : 57;
000624 : 37;
000625 : 31;
000626 : A0;
000627 : 0D;
000628 : B2;
000629 : 2F;
00062A : 23;
00062B : 19;
00062C : 02;
00062D : 6B;
00062E : 41;
00062F : 31;
000630 : 31;
000631 : 25;
000632 : 6B;
000633 : 23;
000634 : 45;
000635 : 19;
000636 : 19;
000637 : 19;
000638 : 19;
000639 : C6;
00063A : 02;
00063B : B2;
00063C : 31;
00063D : 10;
00063E : 72;
00063F : 5A;
000640 : 47;
000641 : 31;
000642 : 1E;
000643 : 84;
000644 : 37;
000645 : 10;
000646 : 08;
000647 : 25;
000648 : 02;
000649 : 19;
00064A : 23;
00064B : B1;
00064C : 31;
00064D : 4F;
00064E : 27;
00064F : 1B;
000650 : AE;
000651 : 96;
000652 : 00;
000653 : 00;
000654 : 00;
000655 : 00;
000656 : 00;
000657 : 00;
000658 : 00;
000659 : 00;
00065A : 00;
00065B : 00;
00065C : 00;
00065D : 00;
00065E : 00;
00065F : 00;
000660 : 00;
000661 : 00;
000662 : 00;
000663 : 00;
000664 : 00;
000665 : 00;
000666 : 00;
000667 : 00;
000668 : 00;
000669 : 00;
00066A : 00;
00066B : 00;
00066C : 00;
00066D : 00;
00066E : 00;
00066F : 00;
000670 : 00;
000671 : 00;
000672 : 00;
000673 : 44;
000674 : 1B;
000675 : 15;
000676 : 3C;
000677 : 72;
000678 : 31;
000679 : 2F;
00067A : C6;
00067B : 2F;
00067C : 5F;
00067D : 57;
00067E : 37;
00067F : 31;
000680 : 6B;
000681 : 23;
000682 : 23;
000683 : 23;
000684 : 19;
000685 : 19;
000686 : 02;
000687 : 0E;
000688 : 5A;
000689 : 65;
00068A : 21;
00068B : 5A;
00068C : 31;
00068D : 0D;
00068E : 2F;
00068F : 02;
000690 : 23;
000691 : 23;
000692 : 23;
000693 : 23;
000694 : 23;
000695 : C6;
000696 : 2F;
000697 : DF;
000698 : 10;
000699 : 65;
00069A : 1E;
00069B : A0;
00069C : 0D;
00069D : 25;
00069E : 31;
00069F : 47;
0006A0 : 31;
0006A1 : B2;
0006A2 : 02;
0006A3 : 19;
0006A4 : 23;
0006A5 : 23;
0006A6 : 41;
0006A7 : 72;
0006A8 : 42;
0006A9 : 44;
0006AA : 99;
0006AB : 03;
0006AC : 00;
0006AD : 00;
0006AE : 00;
0006AF : 00;
0006B0 : 00;
0006B1 : 00;
0006B2 : 00;
0006B3 : 00;
0006B4 : 00;
0006B5 : 00;
0006B6 : 00;
0006B7 : 00;
0006B8 : 00;
0006B9 : 00;
0006BA : 00;
0006BB : 00;
0006BC : 00;
0006BD : 00;
0006BE : 00;
0006BF : 00;
0006C0 : 00;
0006C1 : 00;
0006C2 : 00;
0006C3 : 00;
0006C4 : 00;
0006C5 : 00;
0006C6 : 00;
0006C7 : 00;
0006C8 : 00;
0006C9 : 00;
0006CA : 00;
0006CB : 00;
0006CC : 00;
0006CD : D7;
0006CE : D7;
0006CF : 15;
0006D0 : 3C;
0006D1 : 72;
0006D2 : 31;
0006D3 : 2F;
0006D4 : 23;
0006D5 : 0D;
0006D6 : CA;
0006D7 : 12;
0006D8 : 72;
0006D9 : 0E;
0006DA : 2F;
0006DB : 19;
0006DC : 19;
0006DD : 19;
0006DE : 19;
0006DF : 19;
0006E0 : 2F;
0006E1 : 08;
0006E2 : 37;
0006E3 : 72;
0006E4 : 1C;
0006E5 : C1;
0006E6 : 72;
0006E7 : 10;
0006E8 : D6;
0006E9 : 31;
0006EA : B2;
0006EB : 2F;
0006EC : 23;
0006ED : 19;
0006EE : 19;
0006EF : 19;
0006F0 : 02;
0006F1 : B2;
0006F2 : 08;
0006F3 : 37;
0006F4 : 1E;
0006F5 : A0;
0006F6 : 33;
0006F7 : 02;
0006F8 : 6B;
0006F9 : 0D;
0006FA : 6B;
0006FB : 02;
0006FC : 23;
0006FD : 19;
0006FE : 23;
0006FF : 23;
000700 : 25;
000701 : 37;
000702 : 60;
000703 : 15;
000704 : 99;
000705 : AE;
000706 : 00;
000707 : 00;
000708 : 00;
000709 : 00;
00070A : 00;
00070B : 00;
00070C : 00;
00070D : 00;
00070E : 00;
00070F : 00;
000710 : 00;
000711 : 00;
000712 : 00;
000713 : 00;
000714 : 00;
000715 : 00;
000716 : 00;
000717 : 00;
000718 : 00;
000719 : 00;
00071A : 00;
00071B : 00;
00071C : 00;
00071D : 00;
00071E : 00;
00071F : 00;
000720 : 00;
000721 : 00;
000722 : 00;
000723 : 00;
000724 : 00;
000725 : 00;
000726 : 00;
000727 : 52;
000728 : D7;
000729 : 96;
00072A : AF;
00072B : C1;
00072C : DF;
00072D : 2F;
00072E : 02;
00072F : B2;
000730 : 10;
000731 : 12;
000732 : 10;
000733 : 41;
000734 : 02;
000735 : 19;
000736 : 19;
000737 : 19;
000738 : 19;
000739 : 23;
00073A : 0D;
00073B : D6;
00073C : 10;
00073D : A3;
00073E : 77;
00073F : 5F;
000740 : 72;
000741 : 4F;
000742 : 1C;
000743 : 10;
000744 : 08;
000745 : 0E;
000746 : B2;
000747 : 6B;
000748 : 02;
000749 : 23;
00074A : 23;
00074B : 02;
00074C : B2;
00074D : 08;
00074E : DF;
00074F : A0;
000750 : 2F;
000751 : 23;
000752 : 2F;
000753 : 6B;
000754 : 0D;
000755 : 6B;
000756 : 2F;
000757 : 02;
000758 : 23;
000759 : 23;
00075A : A0;
00075B : 84;
00075C : 12;
00075D : 4B;
00075E : 24;
00075F : 11;
000760 : 00;
000761 : 00;
000762 : 00;
000763 : 00;
000764 : 00;
000765 : 00;
000766 : 00;
000767 : 00;
000768 : 00;
000769 : 00;
00076A : 00;
00076B : 00;
00076C : 00;
00076D : 00;
00076E : 00;
00076F : 00;
000770 : 00;
000771 : 00;
000772 : 00;
000773 : 00;
000774 : 00;
000775 : 00;
000776 : 00;
000777 : 00;
000778 : 00;
000779 : 00;
00077A : 00;
00077B : 00;
00077C : 00;
00077D : 00;
00077E : 00;
00077F : 00;
000780 : 00;
000781 : 00;
000782 : 44;
000783 : 94;
000784 : 48;
000785 : F6;
000786 : 5F;
000787 : 6B;
000788 : 02;
000789 : 0D;
00078A : D6;
00078B : 21;
00078C : D6;
00078D : B2;
00078E : 02;
00078F : 19;
000790 : 19;
000791 : 19;
000792 : 23;
000793 : 6B;
000794 : 41;
000795 : D6;
000796 : 7E;
000797 : E7;
000798 : 56;
000799 : BB;
00079A : E9;
00079B : 7E;
00079C : 8F;
00079D : 4F;
00079E : 4F;
00079F : 65;
0007A0 : 84;
0007A1 : 08;
0007A2 : 41;
0007A3 : 6B;
0007A4 : 02;
0007A5 : 23;
0007A6 : 02;
0007A7 : 0D;
0007A8 : 6B;
0007A9 : 2F;
0007AA : 23;
0007AB : 02;
0007AC : 25;
0007AD : 08;
0007AE : CA;
0007AF : 5A;
0007B0 : 31;
0007B1 : B2;
0007B2 : 02;
0007B3 : 23;
0007B4 : B2;
0007B5 : 10;
0007B6 : 12;
0007B7 : 4B;
0007B8 : 24;
0007B9 : 11;
0007BA : 00;
0007BB : 00;
0007BC : 00;
0007BD : 00;
0007BE : 00;
0007BF : 00;
0007C0 : 00;
0007C1 : 00;
0007C2 : 00;
0007C3 : 00;
0007C4 : 00;
0007C5 : 00;
0007C6 : 00;
0007C7 : 00;
0007C8 : 00;
0007C9 : 00;
0007CA : 00;
0007CB : 00;
0007CC : 00;
0007CD : 00;
0007CE : 00;
0007CF : 00;
0007D0 : 00;
0007D1 : 00;
0007D2 : 00;
0007D3 : 00;
0007D4 : 00;
0007D5 : 00;
0007D6 : 00;
0007D7 : 00;
0007D8 : 00;
0007D9 : 00;
0007DA : 00;
0007DB : 00;
0007DC : 94;
0007DD : 11;
0007DE : 1B;
0007DF : 60;
0007E0 : 72;
0007E1 : 41;
0007E2 : 02;
0007E3 : 6B;
0007E4 : 0E;
0007E5 : 08;
0007E6 : 41;
0007E7 : 2F;
0007E8 : 02;
0007E9 : 02;
0007EA : 02;
0007EB : 23;
0007EC : 23;
0007ED : A0;
0007EE : DF;
0007EF : 08;
0007F0 : 89;
0007F1 : E3;
0007F2 : 3B;
0007F3 : 29;
0007F4 : 2D;
0007F5 : 89;
0007F6 : A3;
0007F7 : F2;
0007F8 : 72;
0007F9 : 72;
0007FA : 1C;
0007FB : 72;
0007FC : 8F;
0007FD : 08;
0007FE : 41;
0007FF : 0D;
000800 : 2F;
000801 : 23;
000802 : C6;
000803 : 23;
000804 : 23;
000805 : 02;
000806 : 41;
000807 : 08;
000808 : 72;
000809 : 21;
00080A : 84;
00080B : 08;
00080C : 41;
00080D : 2F;
00080E : A0;
00080F : 84;
000810 : 12;
000811 : 2B;
000812 : 24;
000813 : 11;
000814 : 00;
000815 : 00;
000816 : 00;
000817 : 00;
000818 : 00;
000819 : 00;
00081A : 00;
00081B : 00;
00081C : 00;
00081D : 00;
00081E : 00;
00081F : 00;
000820 : 00;
000821 : 00;
000822 : 00;
000823 : 00;
000824 : 00;
000825 : 00;
000826 : 00;
000827 : 00;
000828 : 00;
000829 : 00;
00082A : 00;
00082B : 00;
00082C : 00;
00082D : 00;
00082E : 00;
00082F : 00;
000830 : 00;
000831 : 00;
000832 : 00;
000833 : 00;
000834 : 00;
000835 : 00;
000836 : 94;
000837 : 11;
000838 : 4B;
000839 : AF;
00083A : 12;
00083B : D6;
00083C : A0;
00083D : 02;
00083E : 2F;
00083F : 6B;
000840 : 2F;
000841 : 02;
000842 : 02;
000843 : 33;
000844 : 6B;
000845 : 2F;
000846 : 02;
000847 : 41;
000848 : D6;
000849 : A3;
00084A : E9;
00084B : 50;
00084C : 2A;
00084D : 05;
00084E : BB;
00084F : 7D;
000850 : 7E;
000851 : 7E;
000852 : E9;
000853 : 89;
000854 : A3;
000855 : 72;
000856 : 57;
000857 : 12;
000858 : 65;
000859 : 08;
00085A : B2;
00085B : 02;
00085C : 19;
00085D : C6;
00085E : C6;
00085F : 02;
000860 : 2F;
000861 : B2;
000862 : DF;
000863 : CA;
000864 : 21;
000865 : 21;
000866 : CA;
000867 : 25;
000868 : 41;
000869 : 37;
00086A : 42;
00086B : 2B;
00086C : 24;
00086D : 99;
00086E : 00;
00086F : 00;
000870 : 00;
000871 : 00;
000872 : 00;
000873 : 00;
000874 : 00;
000875 : 00;
000876 : 00;
000877 : 00;
000878 : 00;
000879 : 00;
00087A : 00;
00087B : 00;
00087C : 00;
00087D : 00;
00087E : 00;
00087F : 00;
000880 : 00;
000881 : 00;
000882 : 00;
000883 : 00;
000884 : 00;
000885 : 00;
000886 : 00;
000887 : 00;
000888 : 00;
000889 : 00;
00088A : 00;
00088B : 00;
00088C : 00;
00088D : 00;
00088E : 00;
00088F : 00;
000890 : A6;
000891 : 34;
000892 : 2B;
000893 : 4B;
000894 : 17;
000895 : 65;
000896 : 1E;
000897 : 41;
000898 : 2F;
000899 : 02;
00089A : 19;
00089B : 02;
00089C : 0D;
00089D : 41;
00089E : 31;
00089F : B2;
0008A0 : 02;
0008A1 : 41;
0008A2 : 5F;
0008A3 : 5F;
0008A4 : 89;
0008A5 : E3;
0008A6 : 2A;
0008A7 : 3B;
0008A8 : 2D;
0008A9 : 89;
0008AA : 7D;
0008AB : 80;
0008AC : 56;
0008AD : 56;
0008AE : 0A;
0008AF : 7E;
0008B0 : 72;
0008B1 : 60;
0008B2 : 12;
0008B3 : CA;
0008B4 : 41;
0008B5 : 2F;
0008B6 : 02;
0008B7 : 02;
0008B8 : 02;
0008B9 : C6;
0008BA : 02;
0008BB : 2F;
0008BC : 0D;
0008BD : 31;
0008BE : D6;
0008BF : CA;
0008C0 : 5A;
0008C1 : 41;
0008C2 : 0E;
0008C3 : 21;
0008C4 : 9F;
0008C5 : A6;
0008C6 : 24;
0008C7 : 99;
0008C8 : 00;
0008C9 : 00;
0008CA : 00;
0008CB : 00;
0008CC : 00;
0008CD : 00;
0008CE : 00;
0008CF : 00;
0008D0 : 00;
0008D1 : 00;
0008D2 : 00;
0008D3 : 00;
0008D4 : 00;
0008D5 : 00;
0008D6 : 00;
0008D7 : 00;
0008D8 : 00;
0008D9 : 00;
0008DA : 00;
0008DB : 00;
0008DC : 00;
0008DD : 00;
0008DE : 00;
0008DF : 00;
0008E0 : 00;
0008E1 : 00;
0008E2 : 00;
0008E3 : 00;
0008E4 : 00;
0008E5 : 00;
0008E6 : 00;
0008E7 : 00;
0008E8 : 00;
0008E9 : 00;
0008EA : 00;
0008EB : D1;
0008EC : 34;
0008ED : 34;
0008EE : 13;
0008EF : 3C;
0008F0 : 57;
0008F1 : 5A;
0008F2 : 0E;
0008F3 : 2F;
0008F4 : 23;
0008F5 : 02;
0008F6 : 41;
0008F7 : D6;
0008F8 : CA;
0008F9 : 31;
0008FA : 2F;
0008FB : 41;
0008FC : 5F;
0008FD : 72;
0008FE : 7E;
0008FF : 56;
000900 : 05;
000901 : 05;
000902 : 16;
000903 : 0A;
000904 : E7;
000905 : 2D;
000906 : 8C;
000907 : 3B;
000908 : 8C;
000909 : E7;
00090A : A3;
00090B : 4F;
00090C : 57;
00090D : 5A;
00090E : 41;
00090F : 6B;
000910 : 0D;
000911 : A0;
000912 : 6B;
000913 : 02;
000914 : 23;
000915 : 23;
000916 : 23;
000917 : 02;
000918 : 6B;
000919 : 41;
00091A : 31;
00091B : A0;
00091C : 31;
00091D : 1A;
00091E : 17;
00091F : A6;
000920 : 24;
000921 : 99;
000922 : 00;
000923 : 00;
000924 : 00;
000925 : 00;
000926 : 00;
000927 : 00;
000928 : 00;
000929 : 00;
00092A : 00;
00092B : 00;
00092C : 00;
00092D : 00;
00092E : 00;
00092F : 00;
000930 : 00;
000931 : 00;
000932 : 00;
000933 : 00;
000934 : 00;
000935 : 00;
000936 : 00;
000937 : 00;
000938 : 00;
000939 : 00;
00093A : 00;
00093B : 00;
00093C : 00;
00093D : 00;
00093E : 00;
00093F : 00;
000940 : 00;
000941 : 00;
000942 : 00;
000943 : 00;
000944 : 00;
000945 : 00;
000946 : 34;
000947 : 11;
000948 : 4B;
000949 : 48;
00094A : 17;
00094B : 57;
00094C : 5A;
00094D : A0;
00094E : 23;
00094F : 02;
000950 : 31;
000951 : CA;
000952 : 37;
000953 : DF;
000954 : B1;
000955 : 0D;
000956 : 08;
000957 : 4F;
000958 : 72;
000959 : 89;
00095A : 56;
00095B : 8C;
00095C : 8C;
00095D : E3;
00095E : 50;
00095F : 29;
000960 : 88;
000961 : 3B;
000962 : E3;
000963 : E9;
000964 : 8F;
000965 : 72;
000966 : 5A;
000967 : 41;
000968 : 0D;
000969 : B2;
00096A : 08;
00096B : 84;
00096C : 08;
00096D : A0;
00096E : 02;
00096F : 19;
000970 : 19;
000971 : 19;
000972 : 23;
000973 : 2F;
000974 : 6B;
000975 : 6B;
000976 : 31;
000977 : 57;
000978 : AF;
000979 : A6;
00097A : 24;
00097B : 99;
00097C : 00;
00097D : 00;
00097E : 00;
00097F : 00;
000980 : 00;
000981 : 00;
000982 : 00;
000983 : 00;
000984 : 00;
000985 : 00;
000986 : 00;
000987 : 00;
000988 : 00;
000989 : 00;
00098A : 00;
00098B : 00;
00098C : 00;
00098D : 00;
00098E : 00;
00098F : 00;
000990 : 00;
000991 : 00;
000992 : 00;
000993 : 00;
000994 : 00;
000995 : 00;
000996 : 00;
000997 : 00;
000998 : 00;
000999 : 00;
00099A : 00;
00099B : 00;
00099C : 00;
00099D : 00;
00099E : 00;
00099F : 00;
0009A0 : 11;
0009A1 : 24;
0009A2 : 1B;
0009A3 : 36;
0009A4 : 36;
0009A5 : 3C;
0009A6 : 72;
0009A7 : 41;
0009A8 : 02;
0009A9 : 02;
0009AA : DF;
0009AB : 10;
0009AC : 37;
0009AD : DF;
0009AE : 02;
0009AF : 2F;
0009B0 : 31;
0009B1 : F6;
0009B2 : 12;
0009B3 : 5F;
0009B4 : 89;
0009B5 : 2D;
0009B6 : E3;
0009B7 : 8C;
0009B8 : 29;
0009B9 : 8C;
0009BA : 50;
0009BB : 56;
0009BC : 35;
0009BD : A3;
0009BE : 21;
0009BF : 1E;
0009C0 : A0;
0009C1 : 02;
0009C2 : 02;
0009C3 : 0E;
0009C4 : 37;
0009C5 : 60;
0009C6 : 65;
0009C7 : 08;
0009C8 : A0;
0009C9 : 2F;
0009CA : 23;
0009CB : 23;
0009CC : 23;
0009CD : C6;
0009CE : 23;
0009CF : 2F;
0009D0 : 31;
0009D1 : 57;
0009D2 : 07;
0009D3 : A6;
0009D4 : 24;
0009D5 : 99;
0009D6 : 00;
0009D7 : 00;
0009D8 : 00;
0009D9 : 00;
0009DA : 00;
0009DB : 00;
0009DC : 00;
0009DD : 00;
0009DE : 00;
0009DF : 00;
0009E0 : 00;
0009E1 : 00;
0009E2 : 00;
0009E3 : 00;
0009E4 : 00;
0009E5 : 00;
0009E6 : 00;
0009E7 : 00;
0009E8 : 00;
0009E9 : 00;
0009EA : 00;
0009EB : 00;
0009EC : 00;
0009ED : 00;
0009EE : 00;
0009EF : 00;
0009F0 : 00;
0009F1 : 00;
0009F2 : 00;
0009F3 : 00;
0009F4 : 00;
0009F5 : 00;
0009F6 : 00;
0009F7 : 00;
0009F8 : 00;
0009F9 : 00;
0009FA : 00;
0009FB : 00;
0009FC : D7;
0009FD : 36;
0009FE : AF;
0009FF : C9;
000A00 : 10;
000A01 : B2;
000A02 : 23;
000A03 : 02;
000A04 : 31;
000A05 : 10;
000A06 : 72;
000A07 : 08;
000A08 : B1;
000A09 : 23;
000A0A : B2;
000A0B : 37;
000A0C : 12;
000A0D : BA;
000A0E : 1C;
000A0F : 77;
000A10 : 7D;
000A11 : 80;
000A12 : 35;
000A13 : 35;
000A14 : E9;
000A15 : 7E;
000A16 : 5F;
000A17 : 37;
000A18 : CA;
000A19 : 31;
000A1A : B1;
000A1B : 19;
000A1C : 6B;
000A1D : 08;
000A1E : 21;
000A1F : 12;
000A20 : 12;
000A21 : 65;
000A22 : CA;
000A23 : 31;
000A24 : 6B;
000A25 : 23;
000A26 : 19;
000A27 : 19;
000A28 : 23;
000A29 : 2F;
000A2A : 31;
000A2B : 57;
000A2C : AF;
000A2D : 2B;
000A2E : 24;
000A2F : 24;
000A30 : 00;
000A31 : 00;
000A32 : 00;
000A33 : 00;
000A34 : 00;
000A35 : 00;
000A36 : 00;
000A37 : 00;
000A38 : 00;
000A39 : 00;
000A3A : 00;
000A3B : 00;
000A3C : 00;
000A3D : 00;
000A3E : 00;
000A3F : 00;
000A40 : 00;
000A41 : 00;
000A42 : 00;
000A43 : 00;
000A44 : 00;
000A45 : 00;
000A46 : 00;
000A47 : 00;
000A48 : 00;
000A49 : 00;
000A4A : 00;
000A4B : 00;
000A4C : 00;
000A4D : 00;
000A4E : 00;
000A4F : 00;
000A50 : 00;
000A51 : 00;
000A52 : 00;
000A53 : 00;
000A54 : 00;
000A55 : 00;
000A56 : 96;
000A57 : 96;
000A58 : 3C;
000A59 : 12;
000A5A : 5F;
000A5B : 2F;
000A5C : 19;
000A5D : 02;
000A5E : 41;
000A5F : 8F;
000A60 : 65;
000A61 : CA;
000A62 : A0;
000A63 : 02;
000A64 : 6B;
000A65 : 47;
000A66 : 21;
000A67 : 09;
000A68 : 09;
000A69 : 57;
000A6A : 1C;
000A6B : 8F;
000A6C : FA;
000A6D : 5F;
000A6E : 8F;
000A6F : 72;
000A70 : 65;
000A71 : 10;
000A72 : 31;
000A73 : 0D;
000A74 : 23;
000A75 : 23;
000A76 : 25;
000A77 : CA;
000A78 : 10;
000A79 : 5F;
000A7A : F2;
000A7B : 1C;
000A7C : 57;
000A7D : 21;
000A7E : 47;
000A7F : A0;
000A80 : 2F;
000A81 : 23;
000A82 : 23;
000A83 : 2F;
000A84 : 31;
000A85 : 57;
000A86 : 36;
000A87 : 2B;
000A88 : 24;
000A89 : 24;
000A8A : 00;
000A8B : 00;
000A8C : 00;
000A8D : 00;
000A8E : 00;
000A8F : 00;
000A90 : 00;
000A91 : 00;
000A92 : 00;
000A93 : 00;
000A94 : 00;
000A95 : 00;
000A96 : 00;
000A97 : 00;
000A98 : 00;
000A99 : 00;
000A9A : 00;
000A9B : 00;
000A9C : 00;
000A9D : 00;
000A9E : 00;
000A9F : 00;
000AA0 : 00;
000AA1 : 00;
000AA2 : 00;
000AA3 : 00;
000AA4 : 00;
000AA5 : 00;
000AA6 : 00;
000AA7 : 00;
000AA8 : 00;
000AA9 : 00;
000AAA : 00;
000AAB : 00;
000AAC : 00;
000AAD : 00;
000AAE : 00;
000AAF : 00;
000AB0 : 11;
000AB1 : 11;
000AB2 : 17;
000AB3 : 65;
000AB4 : 08;
000AB5 : 02;
000AB6 : 6E;
000AB7 : 02;
000AB8 : 0D;
000AB9 : 08;
000ABA : F6;
000ABB : 65;
000ABC : 08;
000ABD : 25;
000ABE : 6B;
000ABF : B2;
000AC0 : 31;
000AC1 : 72;
000AC2 : 57;
000AC3 : 60;
000AC4 : 09;
000AC5 : 09;
000AC6 : 09;
000AC7 : 12;
000AC8 : 4F;
000AC9 : 10;
000ACA : 08;
000ACB : 25;
000ACC : 2F;
000ACD : 23;
000ACE : 23;
000ACF : 2F;
000AD0 : 31;
000AD1 : 72;
000AD2 : 7E;
000AD3 : 35;
000AD4 : E9;
000AD5 : 7E;
000AD6 : 57;
000AD7 : 3C;
000AD8 : 57;
000AD9 : 5A;
000ADA : 41;
000ADB : 2F;
000ADC : 02;
000ADD : 6B;
000ADE : 08;
000ADF : 12;
000AE0 : 48;
000AE1 : A6;
000AE2 : 24;
000AE3 : 24;
000AE4 : 00;
000AE5 : 00;
000AE6 : 00;
000AE7 : 00;
000AE8 : 00;
000AE9 : 00;
000AEA : 00;
000AEB : 00;
000AEC : 00;
000AED : 00;
000AEE : 00;
000AEF : 00;
000AF0 : 00;
000AF1 : 00;
000AF2 : 00;
000AF3 : 00;
000AF4 : 00;
000AF5 : 00;
000AF6 : 00;
000AF7 : 00;
000AF8 : 00;
000AF9 : 00;
000AFA : 00;
000AFB : 00;
000AFC : 00;
000AFD : 00;
000AFE : 00;
000AFF : 00;
000B00 : 00;
000B01 : 00;
000B02 : 00;
000B03 : 00;
000B04 : 00;
000B05 : 00;
000B06 : 00;
000B07 : 99;
000B08 : 94;
000B09 : 96;
000B0A : 03;
000B0B : 03;
000B0C : 27;
000B0D : 72;
000B0E : 31;
000B0F : 02;
000B10 : 6E;
000B11 : 23;
000B12 : 2F;
000B13 : 41;
000B14 : 10;
000B15 : 21;
000B16 : 72;
000B17 : 1E;
000B18 : 41;
000B19 : 6B;
000B1A : 0D;
000B1B : 31;
000B1C : 1E;
000B1D : 37;
000B1E : 65;
000B1F : 65;
000B20 : 65;
000B21 : 21;
000B22 : CA;
000B23 : 08;
000B24 : 31;
000B25 : A0;
000B26 : 2F;
000B27 : 02;
000B28 : B1;
000B29 : B2;
000B2A : 08;
000B2B : 10;
000B2C : 89;
000B2D : 16;
000B2E : 2D;
000B2F : 89;
000B30 : F2;
000B31 : 57;
000B32 : 1C;
000B33 : 37;
000B34 : 5A;
000B35 : 31;
000B36 : 41;
000B37 : 31;
000B38 : 10;
000B39 : C9;
000B3A : 15;
000B3B : 94;
000B3C : 24;
000B3D : 00;
000B3E : 00;
000B3F : 00;
000B40 : 00;
000B41 : 00;
000B42 : 00;
000B43 : 00;
000B44 : 00;
000B45 : 00;
000B46 : 00;
000B47 : 00;
000B48 : 00;
000B49 : 00;
000B4A : 00;
000B4B : 00;
000B4C : 00;
000B4D : 00;
000B4E : 00;
000B4F : 00;
000B50 : 00;
000B51 : 00;
000B52 : 00;
000B53 : 00;
000B54 : 00;
000B55 : 00;
000B56 : 00;
000B57 : 00;
000B58 : 00;
000B59 : 00;
000B5A : 00;
000B5B : 96;
000B5C : 96;
000B5D : 96;
000B5E : 15;
000B5F : 15;
000B60 : 96;
000B61 : 15;
000B62 : 44;
000B63 : 44;
000B64 : 15;
000B65 : 15;
000B66 : 42;
000B67 : CA;
000B68 : 41;
000B69 : 02;
000B6A : 19;
000B6B : 23;
000B6C : 23;
000B6D : 2F;
000B6E : 0E;
000B6F : 5A;
000B70 : 65;
000B71 : 72;
000B72 : D6;
000B73 : B2;
000B74 : 02;
000B75 : 02;
000B76 : 6B;
000B77 : A0;
000B78 : 41;
000B79 : 41;
000B7A : 25;
000B7B : A0;
000B7C : B2;
000B7D : 0E;
000B7E : 08;
000B7F : 47;
000B80 : 41;
000B81 : 0D;
000B82 : 0D;
000B83 : 31;
000B84 : D6;
000B85 : 5F;
000B86 : 35;
000B87 : 50;
000B88 : 16;
000B89 : E7;
000B8A : 7D;
000B8B : 7E;
000B8C : 7E;
000B8D : FA;
000B8E : 4F;
000B8F : 72;
000B90 : 10;
000B91 : 72;
000B92 : 57;
000B93 : AF;
000B94 : 94;
000B95 : 34;
000B96 : 24;
000B97 : 00;
000B98 : 00;
000B99 : 00;
000B9A : 00;
000B9B : 00;
000B9C : 00;
000B9D : 00;
000B9E : 00;
000B9F : 00;
000BA0 : 00;
000BA1 : 00;
000BA2 : 00;
000BA3 : 00;
000BA4 : 00;
000BA5 : 00;
000BA6 : 00;
000BA7 : 00;
000BA8 : 00;
000BA9 : 00;
000BAA : 00;
000BAB : 00;
000BAC : 00;
000BAD : 00;
000BAE : 00;
000BAF : 00;
000BB0 : 00;
000BB1 : 00;
000BB2 : 00;
000BB3 : 00;
000BB4 : 00;
000BB5 : 99;
000BB6 : AE;
000BB7 : 94;
000BB8 : FD;
000BB9 : 96;
000BBA : 44;
000BBB : 44;
000BBC : 1B;
000BBD : 1B;
000BBE : 1B;
000BBF : 1B;
000BC0 : 12;
000BC1 : 5F;
000BC2 : B2;
000BC3 : 23;
000BC4 : 19;
000BC5 : 23;
000BC6 : C6;
000BC7 : 02;
000BC8 : 2F;
000BC9 : 41;
000BCA : 08;
000BCB : 47;
000BCC : 31;
000BCD : 6B;
000BCE : C6;
000BCF : C6;
000BD0 : 23;
000BD1 : 02;
000BD2 : 02;
000BD3 : 2F;
000BD4 : 02;
000BD5 : 6B;
000BD6 : 31;
000BD7 : 10;
000BD8 : 1A;
000BD9 : 72;
000BDA : D6;
000BDB : 47;
000BDC : 47;
000BDD : D6;
000BDE : 5A;
000BDF : 5F;
000BE0 : 35;
000BE1 : 8C;
000BE2 : 29;
000BE3 : E3;
000BE4 : 56;
000BE5 : 2D;
000BE6 : 2D;
000BE7 : E9;
000BE8 : 8F;
000BE9 : 4F;
000BEA : 60;
000BEB : 42;
000BEC : 9F;
000BED : 1B;
000BEE : 11;
000BEF : 11;
000BF0 : 00;
000BF1 : 00;
000BF2 : 00;
000BF3 : 00;
000BF4 : 00;
000BF5 : 00;
000BF6 : 00;
000BF7 : 00;
000BF8 : 00;
000BF9 : 00;
000BFA : 00;
000BFB : 00;
000BFC : 00;
000BFD : 00;
000BFE : 00;
000BFF : 00;
000C00 : 00;
000C01 : 00;
000C02 : 00;
000C03 : 00;
000C04 : 00;
000C05 : 00;
000C06 : 00;
000C07 : 00;
000C08 : 00;
000C09 : 00;
000C0A : 00;
000C0B : 00;
000C0C : 94;
000C0D : 03;
000C0E : 96;
000C0F : 44;
000C10 : 44;
000C11 : 1B;
000C12 : B3;
000C13 : DB;
000C14 : DB;
000C15 : DB;
000C16 : B3;
000C17 : AF;
000C18 : 3C;
000C19 : 3C;
000C1A : 57;
000C1B : D6;
000C1C : B2;
000C1D : 23;
000C1E : 19;
000C1F : 23;
000C20 : 23;
000C21 : 23;
000C22 : 23;
000C23 : 02;
000C24 : 2F;
000C25 : 2F;
000C26 : 2F;
000C27 : 02;
000C28 : C6;
000C29 : C6;
000C2A : C6;
000C2B : 19;
000C2C : 19;
000C2D : 19;
000C2E : 19;
000C2F : 0D;
000C30 : 1E;
000C31 : 57;
000C32 : 17;
000C33 : 57;
000C34 : 84;
000C35 : 72;
000C36 : 72;
000C37 : CA;
000C38 : 10;
000C39 : 72;
000C3A : 89;
000C3B : E3;
000C3C : 29;
000C3D : 05;
000C3E : 05;
000C3F : 3B;
000C40 : 05;
000C41 : BB;
000C42 : 7E;
000C43 : 57;
000C44 : 2B;
000C45 : 94;
000C46 : 2B;
000C47 : 2B;
000C48 : 11;
000C49 : 11;
000C4A : 00;
000C4B : 00;
000C4C : 00;
000C4D : 00;
000C4E : 00;
000C4F : 00;
000C50 : 00;
000C51 : 00;
000C52 : 00;
000C53 : 00;
000C54 : 00;
000C55 : 00;
000C56 : 00;
000C57 : 00;
000C58 : 00;
000C59 : 00;
000C5A : 00;
000C5B : 00;
000C5C : 00;
000C5D : 00;
000C5E : 00;
000C5F : 00;
000C60 : 00;
000C61 : 00;
000C62 : 00;
000C63 : 00;
000C64 : 00;
000C65 : 00;
000C66 : AE;
000C67 : 94;
000C68 : 96;
000C69 : 44;
000C6A : B3;
000C6B : 7F;
000C6C : 51;
000C6D : D4;
000C6E : 1F;
000C6F : 01;
000C70 : 9B;
000C71 : 12;
000C72 : F6;
000C73 : 12;
000C74 : 65;
000C75 : D6;
000C76 : B2;
000C77 : 23;
000C78 : 19;
000C79 : C6;
000C7A : C6;
000C7B : C6;
000C7C : 19;
000C7D : 19;
000C7E : 19;
000C7F : 23;
000C80 : 23;
000C81 : 19;
000C82 : 19;
000C83 : 19;
000C84 : 19;
000C85 : 19;
000C86 : 19;
000C87 : 19;
000C88 : 19;
000C89 : 6B;
000C8A : DF;
000C8B : 10;
000C8C : 65;
000C8D : 72;
000C8E : 72;
000C8F : 57;
000C90 : 12;
000C91 : 10;
000C92 : 37;
000C93 : 57;
000C94 : FA;
000C95 : 35;
000C96 : E3;
000C97 : 3B;
000C98 : 88;
000C99 : 3B;
000C9A : 8C;
000C9B : 0A;
000C9C : FA;
000C9D : 60;
000C9E : 11;
000C9F : 24;
000CA0 : 11;
000CA1 : 11;
000CA2 : 24;
000CA3 : 00;
000CA4 : 00;
000CA5 : 00;
000CA6 : 00;
000CA7 : 00;
000CA8 : 00;
000CA9 : 00;
000CAA : 00;
000CAB : 00;
000CAC : 00;
000CAD : 00;
000CAE : 00;
000CAF : 00;
000CB0 : 00;
000CB1 : 00;
000CB2 : 00;
000CB3 : 00;
000CB4 : 00;
000CB5 : 00;
000CB6 : 00;
000CB7 : 00;
000CB8 : 00;
000CB9 : 00;
000CBA : 00;
000CBB : 00;
000CBC : 00;
000CBD : 99;
000CBE : 94;
000CBF : 94;
000CC0 : 15;
000CC1 : 1B;
000CC2 : DB;
000CC3 : 7F;
000CC4 : 51;
000CC5 : 01;
000CC6 : D3;
000CC7 : 0C;
000CC8 : 3F;
000CC9 : 1F;
000CCA : 51;
000CCB : 1C;
000CCC : 10;
000CCD : C1;
000CCE : 72;
000CCF : 5F;
000CD0 : 41;
000CD1 : 02;
000CD2 : 23;
000CD3 : 02;
000CD4 : 02;
000CD5 : 02;
000CD6 : 23;
000CD7 : 19;
000CD8 : 19;
000CD9 : 19;
000CDA : 19;
000CDB : 23;
000CDC : 02;
000CDD : 2F;
000CDE : 2F;
000CDF : 2F;
000CE0 : 2F;
000CE1 : B1;
000CE2 : 02;
000CE3 : 2F;
000CE4 : A0;
000CE5 : 0E;
000CE6 : DF;
000CE7 : 1E;
000CE8 : 37;
000CE9 : 57;
000CEA : 12;
000CEB : 5A;
000CEC : 84;
000CED : 42;
000CEE : 4F;
000CEF : 7E;
000CF0 : 35;
000CF1 : 56;
000CF2 : E3;
000CF3 : 16;
000CF4 : BB;
000CF5 : E5;
000CF6 : 4F;
000CF7 : 32;
000CF8 : 24;
000CF9 : 24;
000CFA : 00;
000CFB : 00;
000CFC : 00;
000CFD : 00;
000CFE : 00;
000CFF : 00;
000D00 : 00;
000D01 : 00;
000D02 : 00;
000D03 : 00;
000D04 : 00;
000D05 : 00;
000D06 : 00;
000D07 : 00;
000D08 : 00;
000D09 : 00;
000D0A : 00;
000D0B : 00;
000D0C : 00;
000D0D : 00;
000D0E : 00;
000D0F : 00;
000D10 : 00;
000D11 : 00;
000D12 : 00;
000D13 : 00;
000D14 : 00;
000D15 : 00;
000D16 : 11;
000D17 : 11;
000D18 : 94;
000D19 : 2B;
000D1A : 1B;
000D1B : DB;
000D1C : 51;
000D1D : 1F;
000D1E : 0C;
000D1F : 8B;
000D20 : 3E;
000D21 : 3E;
000D22 : 18;
000D23 : D3;
000D24 : 57;
000D25 : 8F;
000D26 : DF;
000D27 : 10;
000D28 : 72;
000D29 : CA;
000D2A : 41;
000D2B : 02;
000D2C : 2F;
000D2D : B2;
000D2E : 25;
000D2F : 0D;
000D30 : 02;
000D31 : 19;
000D32 : 23;
000D33 : 23;
000D34 : 02;
000D35 : 6B;
000D36 : 25;
000D37 : 0E;
000D38 : 31;
000D39 : DF;
000D3A : 31;
000D3B : 25;
000D3C : 0D;
000D3D : 2F;
000D3E : 02;
000D3F : 02;
000D40 : 2F;
000D41 : 0E;
000D42 : 5A;
000D43 : 21;
000D44 : 72;
000D45 : 31;
000D46 : 08;
000D47 : 57;
000D48 : 12;
000D49 : 1C;
000D4A : FA;
000D4B : E5;
000D4C : 89;
000D4D : 7D;
000D4E : A3;
000D4F : 4F;
000D50 : AF;
000D51 : 2B;
000D52 : 24;
000D53 : 00;
000D54 : 00;
000D55 : 00;
000D56 : 00;
000D57 : 00;
000D58 : 00;
000D59 : 00;
000D5A : 00;
000D5B : 00;
000D5C : 00;
000D5D : 00;
000D5E : 00;
000D5F : 00;
000D60 : 00;
000D61 : 00;
000D62 : 00;
000D63 : 00;
000D64 : 00;
000D65 : 00;
000D66 : 00;
000D67 : 00;
000D68 : 00;
000D69 : 00;
000D6A : 00;
000D6B : 00;
000D6C : 00;
000D6D : 00;
000D6E : 00;
000D6F : 24;
000D70 : 11;
000D71 : 94;
000D72 : 13;
000D73 : B3;
000D74 : C7;
000D75 : 01;
000D76 : D3;
000D77 : 8B;
000D78 : 3E;
000D79 : 04;
000D7A : 04;
000D7B : 04;
000D7C : 3E;
000D7D : D3;
000D7E : 59;
000D7F : 5F;
000D80 : 41;
000D81 : 5F;
000D82 : 72;
000D83 : 72;
000D84 : 31;
000D85 : 2F;
000D86 : 25;
000D87 : 47;
000D88 : 47;
000D89 : 41;
000D8A : 02;
000D8B : 19;
000D8C : 23;
000D8D : 6B;
000D8E : 41;
000D8F : D6;
000D90 : CA;
000D91 : CA;
000D92 : 5A;
000D93 : 08;
000D94 : D6;
000D95 : 1E;
000D96 : D6;
000D97 : 31;
000D98 : 41;
000D99 : 6B;
000D9A : 02;
000D9B : 6B;
000D9C : 0E;
000D9D : 08;
000D9E : DF;
000D9F : B2;
000DA0 : 41;
000DA1 : 84;
000DA2 : 1A;
000DA3 : 57;
000DA4 : 4F;
000DA5 : 84;
000DA6 : 08;
000DA7 : 5F;
000DA8 : 65;
000DA9 : 42;
000DAA : 2B;
000DAB : 24;
000DAC : 24;
000DAD : 00;
000DAE : 00;
000DAF : 00;
000DB0 : 00;
000DB1 : 00;
000DB2 : 00;
000DB3 : 00;
000DB4 : 00;
000DB5 : 00;
000DB6 : 00;
000DB7 : 00;
000DB8 : 00;
000DB9 : 00;
000DBA : 00;
000DBB : 00;
000DBC : 00;
000DBD : 00;
000DBE : 00;
000DBF : 00;
000DC0 : 00;
000DC1 : 00;
000DC2 : 00;
000DC3 : 00;
000DC4 : 00;
000DC5 : 00;
000DC6 : 00;
000DC7 : 00;
000DC8 : 2B;
000DC9 : 11;
000DCA : 2B;
000DCB : 2B;
000DCC : 6A;
000DCD : 28;
000DCE : D4;
000DCF : 3F;
000DD0 : 3E;
000DD1 : 04;
000DD2 : 04;
000DD3 : 04;
000DD4 : 04;
000DD5 : 04;
000DD6 : 3E;
000DD7 : D3;
000DD8 : 57;
000DD9 : D6;
000DDA : 41;
000DDB : 08;
000DDC : 10;
000DDD : 65;
000DDE : 08;
000DDF : 6B;
000DE0 : DF;
000DE1 : 37;
000DE2 : CA;
000DE3 : 31;
000DE4 : 02;
000DE5 : 19;
000DE6 : 2F;
000DE7 : 31;
000DE8 : 37;
000DE9 : 12;
000DEA : 09;
000DEB : 4F;
000DEC : F2;
000DED : A3;
000DEE : 10;
000DEF : 4F;
000DF0 : 57;
000DF1 : 21;
000DF2 : 5A;
000DF3 : 31;
000DF4 : A0;
000DF5 : 6B;
000DF6 : 2F;
000DF7 : 2F;
000DF8 : 2F;
000DF9 : 02;
000DFA : 6B;
000DFB : 31;
000DFC : CA;
000DFD : 65;
000DFE : 4F;
000DFF : 72;
000E00 : 8F;
000E01 : CA;
000E02 : 21;
000E03 : 62;
000E04 : 4B;
000E05 : 24;
000E06 : 34;
000E07 : 00;
000E08 : 00;
000E09 : 00;
000E0A : 00;
000E0B : 00;
000E0C : 00;
000E0D : 00;
000E0E : 00;
000E0F : 00;
000E10 : 00;
000E11 : 00;
000E12 : 00;
000E13 : 00;
000E14 : 00;
000E15 : 00;
000E16 : 00;
000E17 : 00;
000E18 : 00;
000E19 : 00;
000E1A : 00;
000E1B : 00;
000E1C : 00;
000E1D : 00;
000E1E : 00;
000E1F : 00;
000E20 : 00;
000E21 : 52;
000E22 : 96;
000E23 : 94;
000E24 : 13;
000E25 : EE;
000E26 : 28;
000E27 : 1F;
000E28 : 3F;
000E29 : 3E;
000E2A : 04;
000E2B : 04;
000E2C : 04;
000E2D : 04;
000E2E : 04;
000E2F : 04;
000E30 : 3E;
000E31 : D3;
000E32 : 57;
000E33 : 5F;
000E34 : 41;
000E35 : 41;
000E36 : 5A;
000E37 : 57;
000E38 : 10;
000E39 : 41;
000E3A : 5A;
000E3B : 21;
000E3C : 5A;
000E3D : 41;
000E3E : 02;
000E3F : 23;
000E40 : B2;
000E41 : 8F;
000E42 : BA;
000E43 : B3;
000E44 : AF;
000E45 : 73;
000E46 : 8F;
000E47 : 7E;
000E48 : 8F;
000E49 : 57;
000E4A : 72;
000E4B : A3;
000E4C : 7E;
000E4D : 31;
000E4E : 5A;
000E4F : 08;
000E50 : 41;
000E51 : 2F;
000E52 : C6;
000E53 : C6;
000E54 : 02;
000E55 : 6B;
000E56 : 41;
000E57 : 08;
000E58 : 08;
000E59 : 47;
000E5A : 31;
000E5B : 08;
000E5C : 21;
000E5D : 62;
000E5E : 4B;
000E5F : 24;
000E60 : A6;
000E61 : 00;
000E62 : 00;
000E63 : 00;
000E64 : 00;
000E65 : 00;
000E66 : 00;
000E67 : 00;
000E68 : 00;
000E69 : 00;
000E6A : 00;
000E6B : 00;
000E6C : 00;
000E6D : 00;
000E6E : 00;
000E6F : 00;
000E70 : 00;
000E71 : 00;
000E72 : 00;
000E73 : 00;
000E74 : 00;
000E75 : 00;
000E76 : 00;
000E77 : 00;
000E78 : 00;
000E79 : 00;
000E7A : 00;
000E7B : 52;
000E7C : AF;
000E7D : 1B;
000E7E : AF;
000E7F : 51;
000E80 : 1F;
000E81 : 18;
000E82 : 04;
000E83 : 04;
000E84 : 04;
000E85 : 04;
000E86 : 04;
000E87 : 04;
000E88 : 04;
000E89 : 04;
000E8A : E6;
000E8B : D3;
000E8C : 51;
000E8D : 10;
000E8E : 41;
000E8F : B2;
000E90 : 08;
000E91 : 57;
000E92 : 72;
000E93 : 08;
000E94 : 72;
000E95 : 65;
000E96 : 08;
000E97 : B2;
000E98 : 02;
000E99 : 02;
000E9A : 41;
000E9B : 72;
000E9C : 32;
000E9D : D7;
000E9E : 52;
000E9F : BA;
000EA0 : F2;
000EA1 : 7E;
000EA2 : F2;
000EA3 : 59;
000EA4 : A3;
000EA5 : 7D;
000EA6 : E9;
000EA7 : 7E;
000EA8 : 65;
000EA9 : 65;
000EAA : 5F;
000EAB : 41;
000EAC : 2F;
000EAD : 02;
000EAE : 23;
000EAF : 23;
000EB0 : 2F;
000EB1 : 6B;
000EB2 : 6B;
000EB3 : 6B;
000EB4 : 0D;
000EB5 : DF;
000EB6 : 65;
000EB7 : 9F;
000EB8 : 2B;
000EB9 : 24;
000EBA : 99;
000EBB : 00;
000EBC : 00;
000EBD : 00;
000EBE : 00;
000EBF : 00;
000EC0 : 00;
000EC1 : 00;
000EC2 : 00;
000EC3 : 00;
000EC4 : 00;
000EC5 : 00;
000EC6 : 00;
000EC7 : 00;
000EC8 : 00;
000EC9 : 00;
000ECA : 00;
000ECB : 00;
000ECC : 00;
000ECD : 00;
000ECE : 00;
000ECF : 00;
000ED0 : 00;
000ED1 : 00;
000ED2 : 00;
000ED3 : 00;
000ED4 : 24;
000ED5 : 27;
000ED6 : 27;
000ED7 : 09;
000ED8 : 51;
000ED9 : 1F;
000EDA : 8B;
000EDB : E6;
000EDC : 04;
000EDD : 04;
000EDE : 04;
000EDF : 04;
000EE0 : 04;
000EE1 : 04;
000EE2 : 04;
000EE3 : 04;
000EE4 : 04;
000EE5 : 55;
000EE6 : 51;
000EE7 : 72;
000EE8 : DF;
000EE9 : 0D;
000EEA : 41;
000EEB : 72;
000EEC : 4F;
000EED : 65;
000EEE : 57;
000EEF : F6;
000EF0 : 08;
000EF1 : 6B;
000EF2 : 02;
000EF3 : 02;
000EF4 : B2;
000EF5 : CA;
000EF6 : 12;
000EF7 : 27;
000EF8 : 68;
000EF9 : 27;
000EFA : BA;
000EFB : E4;
000EFC : 09;
000EFD : 09;
000EFE : 8F;
000EFF : E5;
000F00 : 89;
000F01 : 7E;
000F02 : 1C;
000F03 : 65;
000F04 : 8F;
000F05 : 08;
000F06 : 0E;
000F07 : 2F;
000F08 : C6;
000F09 : 23;
000F0A : 33;
000F0B : A0;
000F0C : 25;
000F0D : 31;
000F0E : 63;
000F0F : 37;
000F10 : 42;
000F11 : 07;
000F12 : A6;
000F13 : 24;
000F14 : 00;
000F15 : 00;
000F16 : 00;
000F17 : 00;
000F18 : 00;
000F19 : 00;
000F1A : 00;
000F1B : 00;
000F1C : 00;
000F1D : 00;
000F1E : 00;
000F1F : 00;
000F20 : 00;
000F21 : 00;
000F22 : 00;
000F23 : 00;
000F24 : 00;
000F25 : 00;
000F26 : 00;
000F27 : 00;
000F28 : 00;
000F29 : 00;
000F2A : 00;
000F2B : 00;
000F2C : 00;
000F2D : 24;
000F2E : 11;
000F2F : AF;
000F30 : 9B;
000F31 : 59;
000F32 : EC;
000F33 : 18;
000F34 : 04;
000F35 : 04;
000F36 : 04;
000F37 : 04;
000F38 : 04;
000F39 : 04;
000F3A : 04;
000F3B : 04;
000F3C : 04;
000F3D : 04;
000F3E : 04;
000F3F : 0C;
000F40 : 01;
000F41 : 4F;
000F42 : 5A;
000F43 : 0D;
000F44 : 0D;
000F45 : D6;
000F46 : C1;
000F47 : 12;
000F48 : 3A;
000F49 : E4;
000F4A : DF;
000F4B : 2F;
000F4C : 02;
000F4D : 02;
000F4E : 6B;
000F4F : 31;
000F50 : 10;
000F51 : 72;
000F52 : 4F;
000F53 : 12;
000F54 : C9;
000F55 : 3C;
000F56 : 36;
000F57 : AF;
000F58 : 0B;
000F59 : 5F;
000F5A : A3;
000F5B : 5F;
000F5C : 1C;
000F5D : 72;
000F5E : 8F;
000F5F : 8F;
000F60 : D6;
000F61 : 0D;
000F62 : 02;
000F63 : 0D;
000F64 : 0E;
000F65 : 08;
000F66 : 1E;
000F67 : 84;
000F68 : 65;
000F69 : 42;
000F6A : 48;
000F6B : 34;
000F6C : 34;
000F6D : 99;
000F6E : 00;
000F6F : 00;
000F70 : 00;
000F71 : 00;
000F72 : 00;
000F73 : 00;
000F74 : 00;
000F75 : 00;
000F76 : 00;
000F77 : 00;
000F78 : 00;
000F79 : 00;
000F7A : 00;
000F7B : 00;
000F7C : 00;
000F7D : 00;
000F7E : 00;
000F7F : 00;
000F80 : 00;
000F81 : 00;
000F82 : 00;
000F83 : 00;
000F84 : 00;
000F85 : 00;
000F86 : 00;
000F87 : 24;
000F88 : 11;
000F89 : 6A;
000F8A : 7F;
000F8B : 1F;
000F8C : E1;
000F8D : DE;
000F8E : 14;
000F8F : DE;
000F90 : 04;
000F91 : 04;
000F92 : 04;
000F93 : 04;
000F94 : 04;
000F95 : 04;
000F96 : 04;
000F97 : 04;
000F98 : 04;
000F99 : 8B;
000F9A : 1F;
000F9B : 57;
000F9C : 72;
000F9D : 41;
000F9E : 2F;
000F9F : A0;
000FA0 : D6;
000FA1 : 4F;
000FA2 : 3A;
000FA3 : 12;
000FA4 : 08;
000FA5 : 2F;
000FA6 : 02;
000FA7 : C6;
000FA8 : 02;
000FA9 : 6B;
000FAA : B2;
000FAB : 41;
000FAC : 0E;
000FAD : DF;
000FAE : 5A;
000FAF : 21;
000FB0 : 12;
000FB1 : 3C;
000FB2 : 27;
000FB3 : 27;
000FB4 : C9;
000FB5 : 12;
000FB6 : 1C;
000FB7 : 8F;
000FB8 : A3;
000FB9 : 10;
000FBA : 8F;
000FBB : B2;
000FBC : 6B;
000FBD : 31;
000FBE : 37;
000FBF : 62;
000FC0 : 9F;
000FC1 : 9F;
000FC2 : 3C;
000FC3 : 48;
000FC4 : 4B;
000FC5 : 99;
000FC6 : 34;
000FC7 : 00;
000FC8 : 00;
000FC9 : 00;
000FCA : 00;
000FCB : 00;
000FCC : 00;
000FCD : 00;
000FCE : 00;
000FCF : 00;
000FD0 : 00;
000FD1 : 00;
000FD2 : 00;
000FD3 : 00;
000FD4 : 00;
000FD5 : 00;
000FD6 : 00;
000FD7 : 00;
000FD8 : 00;
000FD9 : 00;
000FDA : 00;
000FDB : 00;
000FDC : 00;
000FDD : 00;
000FDE : 00;
000FDF : 00;
000FE0 : 00;
000FE1 : 34;
000FE2 : 2B;
000FE3 : EE;
000FE4 : AB;
000FE5 : EC;
000FE6 : 67;
000FE7 : FE;
000FE8 : FE;
000FE9 : 14;
000FEA : DE;
000FEB : 04;
000FEC : 04;
000FED : 04;
000FEE : 04;
000FEF : 04;
000FF0 : 04;
000FF1 : 04;
000FF2 : 04;
000FF3 : 76;
000FF4 : 55;
000FF5 : 51;
000FF6 : 57;
000FF7 : 08;
000FF8 : 6B;
000FF9 : 2F;
000FFA : 41;
000FFB : 5A;
000FFC : 57;
000FFD : E4;
000FFE : D6;
000FFF : 0D;
001000 : 02;
001001 : 19;
001002 : C6;
001003 : C6;
001004 : 23;
001005 : 02;
001006 : 6B;
001007 : 25;
001008 : 0E;
001009 : DF;
00100A : 5A;
00100B : 65;
00100C : 60;
00100D : AF;
00100E : 15;
00100F : B3;
001010 : BA;
001011 : 1C;
001012 : 10;
001013 : 10;
001014 : D6;
001015 : B2;
001016 : 25;
001017 : 84;
001018 : 62;
001019 : 13;
00101A : 34;
00101B : 11;
00101C : 24;
00101D : 24;
00101E : 24;
00101F : 00;
001020 : 00;
001021 : 00;
001022 : 00;
001023 : 00;
001024 : 00;
001025 : 00;
001026 : 00;
001027 : 00;
001028 : 00;
001029 : 00;
00102A : 00;
00102B : 00;
00102C : 00;
00102D : 00;
00102E : 00;
00102F : 00;
001030 : 00;
001031 : 00;
001032 : 00;
001033 : 00;
001034 : 00;
001035 : 00;
001036 : 00;
001037 : 00;
001038 : 00;
001039 : 1B;
00103A : 1B;
00103B : 2B;
00103C : 13;
00103D : 28;
00103E : D4;
00103F : 8B;
001040 : DE;
001041 : FE;
001042 : FE;
001043 : FE;
001044 : 14;
001045 : DE;
001046 : 04;
001047 : 04;
001048 : 04;
001049 : 04;
00104A : 04;
00104B : 04;
00104C : 04;
00104D : 04;
00104E : 8B;
00104F : 01;
001050 : 60;
001051 : 84;
001052 : 0E;
001053 : 02;
001054 : 02;
001055 : 25;
001056 : 10;
001057 : F6;
001058 : 5A;
001059 : 41;
00105A : 02;
00105B : 19;
00105C : C6;
00105D : C6;
00105E : 02;
00105F : 6B;
001060 : A0;
001061 : 31;
001062 : 0E;
001063 : 0D;
001064 : A0;
001065 : 31;
001066 : 10;
001067 : 57;
001068 : 68;
001069 : 36;
00106A : B3;
00106B : AF;
00106C : 60;
00106D : 10;
00106E : 31;
00106F : A0;
001070 : 47;
001071 : 57;
001072 : 30;
001073 : 3D;
001074 : 24;
001075 : 34;
001076 : 11;
001077 : 24;
001078 : 24;
001079 : 00;
00107A : 00;
00107B : 00;
00107C : 00;
00107D : 00;
00107E : 00;
00107F : 00;
001080 : 00;
001081 : 00;
001082 : 00;
001083 : 00;
001084 : 00;
001085 : 00;
001086 : 00;
001087 : 00;
001088 : 00;
001089 : 00;
00108A : 00;
00108B : 00;
00108C : 00;
00108D : 00;
00108E : 00;
00108F : 00;
001090 : 00;
001091 : 00;
001092 : 00;
001093 : 2B;
001094 : 2B;
001095 : 1B;
001096 : 6A;
001097 : 51;
001098 : 0C;
001099 : 3E;
00109A : DE;
00109B : 14;
00109C : FE;
00109D : FE;
00109E : FE;
00109F : 14;
0010A0 : DE;
0010A1 : 04;
0010A2 : 04;
0010A3 : 04;
0010A4 : 04;
0010A5 : 04;
0010A6 : 04;
0010A7 : 04;
0010A8 : 3E;
0010A9 : D3;
0010AA : 51;
0010AB : 4F;
0010AC : 5A;
0010AD : 0D;
0010AE : 23;
0010AF : 2F;
0010B0 : 08;
0010B1 : 72;
0010B2 : 72;
0010B3 : 08;
0010B4 : 2F;
0010B5 : 19;
0010B6 : 19;
0010B7 : 19;
0010B8 : 23;
0010B9 : 2F;
0010BA : 41;
0010BB : 1E;
0010BC : 5A;
0010BD : 08;
0010BE : 31;
0010BF : 41;
0010C0 : 31;
0010C1 : 5F;
0010C2 : C1;
0010C3 : BA;
0010C4 : 3C;
0010C5 : 27;
0010C6 : F6;
0010C7 : 08;
0010C8 : 25;
0010C9 : 31;
0010CA : 84;
0010CB : 9F;
0010CC : 13;
0010CD : A2;
0010CE : 24;
0010CF : 00;
0010D0 : 00;
0010D1 : 00;
0010D2 : 00;
0010D3 : 00;
0010D4 : 00;
0010D5 : 00;
0010D6 : 00;
0010D7 : 00;
0010D8 : 00;
0010D9 : 00;
0010DA : 00;
0010DB : 00;
0010DC : 00;
0010DD : 00;
0010DE : 00;
0010DF : 00;
0010E0 : 00;
0010E1 : 00;
0010E2 : 00;
0010E3 : 00;
0010E4 : 00;
0010E5 : 00;
0010E6 : 00;
0010E7 : 00;
0010E8 : 00;
0010E9 : 00;
0010EA : 00;
0010EB : 00;
0010EC : 00;
0010ED : 2B;
0010EE : 2B;
0010EF : 6A;
0010F0 : 7F;
0010F1 : D4;
0010F2 : 18;
0010F3 : 04;
0010F4 : 04;
0010F5 : DE;
0010F6 : DE;
0010F7 : FE;
0010F8 : FE;
0010F9 : FE;
0010FA : 14;
0010FB : 04;
0010FC : 04;
0010FD : 04;
0010FE : 04;
0010FF : 04;
001100 : 04;
001101 : 04;
001102 : 04;
001103 : 3F;
001104 : D4;
001105 : 60;
001106 : 65;
001107 : 31;
001108 : 2F;
001109 : 02;
00110A : 41;
00110B : CA;
00110C : 65;
00110D : 37;
00110E : 25;
00110F : 02;
001110 : 23;
001111 : 19;
001112 : 23;
001113 : 2F;
001114 : 41;
001115 : CA;
001116 : 65;
001117 : 65;
001118 : 37;
001119 : 08;
00111A : 41;
00111B : A0;
00111C : DF;
00111D : 37;
00111E : 57;
00111F : 65;
001120 : 1E;
001121 : 25;
001122 : A0;
001123 : 5A;
001124 : 57;
001125 : 48;
001126 : 11;
001127 : 11;
001128 : 00;
001129 : 00;
00112A : 00;
00112B : 00;
00112C : 00;
00112D : 00;
00112E : 00;
00112F : 00;
001130 : 00;
001131 : 00;
001132 : 00;
001133 : 00;
001134 : 00;
001135 : 00;
001136 : 00;
001137 : 00;
001138 : 00;
001139 : 00;
00113A : 00;
00113B : 00;
00113C : 00;
00113D : 00;
00113E : 00;
00113F : 00;
001140 : 00;
001141 : 00;
001142 : 00;
001143 : 00;
001144 : 00;
001145 : 00;
001146 : 00;
001147 : 2B;
001148 : 2B;
001149 : EE;
00114A : 51;
00114B : 55;
00114C : E6;
00114D : 04;
00114E : 04;
00114F : 04;
001150 : DE;
001151 : DE;
001152 : FE;
001153 : FE;
001154 : FE;
001155 : 14;
001156 : DE;
001157 : 04;
001158 : 04;
001159 : 04;
00115A : 04;
00115B : 04;
00115C : 04;
00115D : 3E;
00115E : 0C;
00115F : 01;
001160 : 57;
001161 : 37;
001162 : 31;
001163 : 2F;
001164 : 6B;
001165 : 31;
001166 : 21;
001167 : 1A;
001168 : 1E;
001169 : 41;
00116A : 02;
00116B : 19;
00116C : 19;
00116D : 02;
00116E : 2F;
00116F : 41;
001170 : 08;
001171 : 10;
001172 : 21;
001173 : 72;
001174 : D6;
001175 : 41;
001176 : B2;
001177 : 41;
001178 : 08;
001179 : 31;
00117A : 25;
00117B : A0;
00117C : 31;
00117D : 65;
00117E : 17;
00117F : 13;
001180 : 24;
001181 : 11;
001182 : 00;
001183 : 00;
001184 : 00;
001185 : 00;
001186 : 00;
001187 : 00;
001188 : 00;
001189 : 00;
00118A : 00;
00118B : 00;
00118C : 00;
00118D : 00;
00118E : 00;
00118F : 00;
001190 : 00;
001191 : 00;
001192 : 00;
001193 : 00;
001194 : 00;
001195 : 00;
001196 : 00;
001197 : 00;
001198 : 00;
001199 : 00;
00119A : 00;
00119B : 00;
00119C : 00;
00119D : 00;
00119E : 00;
00119F : 94;
0011A0 : 24;
0011A1 : 2B;
0011A2 : 4B;
0011A3 : 7F;
0011A4 : D4;
0011A5 : 3F;
0011A6 : 04;
0011A7 : 04;
0011A8 : 04;
0011A9 : 04;
0011AA : 04;
0011AB : 04;
0011AC : 14;
0011AD : FE;
0011AE : FE;
0011AF : FE;
0011B0 : 14;
0011B1 : DE;
0011B2 : 04;
0011B3 : 04;
0011B4 : 04;
0011B5 : 04;
0011B6 : 04;
0011B7 : 04;
0011B8 : 18;
0011B9 : D3;
0011BA : 01;
0011BB : 57;
0011BC : CA;
0011BD : 25;
0011BE : 2F;
0011BF : B2;
0011C0 : CA;
0011C1 : 65;
0011C2 : 65;
0011C3 : 5A;
0011C4 : 41;
0011C5 : 6B;
0011C6 : 02;
0011C7 : 23;
0011C8 : C6;
0011C9 : 23;
0011CA : 6B;
0011CB : 31;
0011CC : CA;
0011CD : 72;
0011CE : 5A;
0011CF : 41;
0011D0 : 02;
0011D1 : 02;
0011D2 : 33;
0011D3 : 33;
0011D4 : 6B;
0011D5 : 31;
0011D6 : 84;
0011D7 : 42;
0011D8 : 13;
0011D9 : 3D;
0011DA : 24;
0011DB : 11;
0011DC : 00;
0011DD : 00;
0011DE : 00;
0011DF : 00;
0011E0 : 00;
0011E1 : 00;
0011E2 : 00;
0011E3 : 00;
0011E4 : 00;
0011E5 : 00;
0011E6 : 00;
0011E7 : 00;
0011E8 : 00;
0011E9 : 00;
0011EA : 00;
0011EB : 00;
0011EC : 00;
0011ED : 00;
0011EE : 00;
0011EF : 00;
0011F0 : 00;
0011F1 : 00;
0011F2 : 00;
0011F3 : 00;
0011F4 : 00;
0011F5 : 00;
0011F6 : 00;
0011F7 : 00;
0011F8 : 00;
0011F9 : 34;
0011FA : 99;
0011FB : 2B;
0011FC : 1B;
0011FD : 28;
0011FE : 55;
0011FF : 18;
001200 : 04;
001201 : 04;
001202 : 04;
001203 : 04;
001204 : 04;
001205 : 04;
001206 : DE;
001207 : 14;
001208 : FE;
001209 : FE;
00120A : FE;
00120B : 14;
00120C : DE;
00120D : 04;
00120E : 04;
00120F : 04;
001210 : 04;
001211 : 04;
001212 : 04;
001213 : 18;
001214 : D3;
001215 : 51;
001216 : 4F;
001217 : D6;
001218 : 0D;
001219 : 02;
00121A : 41;
00121B : 5A;
00121C : 57;
00121D : 57;
00121E : 72;
00121F : 08;
001220 : B2;
001221 : 2F;
001222 : 19;
001223 : 19;
001224 : 23;
001225 : 2F;
001226 : B2;
001227 : 41;
001228 : 41;
001229 : 0D;
00122A : 02;
00122B : 19;
00122C : 23;
00122D : 33;
00122E : 41;
00122F : 84;
001230 : 62;
001231 : 07;
001232 : 11;
001233 : 11;
001234 : 24;
001235 : 00;
001236 : 00;
001237 : 00;
001238 : 00;
001239 : 00;
00123A : 00;
00123B : 00;
00123C : 00;
00123D : 00;
00123E : 00;
00123F : 00;
001240 : 00;
001241 : 00;
001242 : 00;
001243 : 00;
001244 : 00;
001245 : 00;
001246 : 00;
001247 : 00;
001248 : 00;
001249 : 00;
00124A : 00;
00124B : 00;
00124C : 00;
00124D : 00;
00124E : 00;
00124F : 00;
001250 : 00;
001251 : 00;
001252 : 00;
001253 : 03;
001254 : 11;
001255 : 13;
001256 : EE;
001257 : 51;
001258 : 3F;
001259 : 3E;
00125A : CB;
00125B : 04;
00125C : 04;
00125D : 04;
00125E : 04;
00125F : 04;
001260 : 04;
001261 : 04;
001262 : 14;
001263 : FE;
001264 : FE;
001265 : FE;
001266 : 14;
001267 : 04;
001268 : 3E;
001269 : 18;
00126A : 18;
00126B : CB;
00126C : 04;
00126D : 04;
00126E : 8B;
00126F : 38;
001270 : 57;
001271 : 21;
001272 : DF;
001273 : A0;
001274 : 31;
001275 : 10;
001276 : 60;
001277 : 27;
001278 : BA;
001279 : 21;
00127A : 1E;
00127B : 31;
00127C : 25;
00127D : 0D;
00127E : B1;
00127F : 23;
001280 : 23;
001281 : B1;
001282 : 2F;
001283 : 2F;
001284 : 02;
001285 : 2F;
001286 : 6B;
001287 : 0E;
001288 : 5A;
001289 : 57;
00128A : 07;
00128B : 2B;
00128C : 24;
00128D : 24;
00128E : 00;
00128F : 00;
001290 : 00;
001291 : 00;
001292 : 00;
001293 : 00;
001294 : 00;
001295 : 00;
001296 : 00;
001297 : 00;
001298 : 00;
001299 : 00;
00129A : 00;
00129B : 00;
00129C : 00;
00129D : 00;
00129E : 00;
00129F : 00;
0012A0 : 00;
0012A1 : 00;
0012A2 : 00;
0012A3 : 00;
0012A4 : 00;
0012A5 : 00;
0012A6 : 00;
0012A7 : 00;
0012A8 : 00;
0012A9 : 00;
0012AA : 00;
0012AB : 00;
0012AC : 00;
0012AD : 2B;
0012AE : 94;
0012AF : 1B;
0012B0 : 7F;
0012B1 : D4;
0012B2 : 18;
0012B3 : 3E;
0012B4 : 8B;
0012B5 : 18;
0012B6 : 3E;
0012B7 : 04;
0012B8 : 04;
0012B9 : 04;
0012BA : 04;
0012BB : 04;
0012BC : DE;
0012BD : DE;
0012BE : FE;
0012BF : FE;
0012C0 : FE;
0012C1 : 04;
0012C2 : 8B;
0012C3 : 55;
0012C4 : 55;
0012C5 : 18;
0012C6 : 04;
0012C7 : 04;
0012C8 : 3E;
0012C9 : 0C;
0012CA : 01;
0012CB : BA;
0012CC : C1;
0012CD : CA;
0012CE : 72;
0012CF : 57;
0012D0 : 09;
0012D1 : 9B;
0012D2 : 51;
0012D3 : 09;
0012D4 : 12;
0012D5 : 4F;
0012D6 : 84;
0012D7 : 08;
0012D8 : 41;
0012D9 : 0D;
0012DA : 2F;
0012DB : 2F;
0012DC : 2F;
0012DD : 2F;
0012DE : 0D;
0012DF : 41;
0012E0 : 08;
0012E1 : 72;
0012E2 : 62;
0012E3 : 3C;
0012E4 : 2B;
0012E5 : 11;
0012E6 : 24;
0012E7 : 24;
0012E8 : 00;
0012E9 : 00;
0012EA : 00;
0012EB : 00;
0012EC : 00;
0012ED : 00;
0012EE : 00;
0012EF : 00;
0012F0 : 00;
0012F1 : 00;
0012F2 : 00;
0012F3 : 00;
0012F4 : 00;
0012F5 : 00;
0012F6 : 00;
0012F7 : 00;
0012F8 : 00;
0012F9 : 00;
0012FA : 00;
0012FB : 00;
0012FC : 00;
0012FD : 00;
0012FE : 00;
0012FF : 00;
001300 : 00;
001301 : 00;
001302 : 00;
001303 : 00;
001304 : 00;
001305 : 00;
001306 : 00;
001307 : 03;
001308 : 94;
001309 : 6A;
00130A : 51;
00130B : D3;
00130C : 18;
00130D : 8B;
00130E : D3;
00130F : 55;
001310 : 8B;
001311 : CB;
001312 : 04;
001313 : 04;
001314 : 04;
001315 : 04;
001316 : 04;
001317 : 04;
001318 : DE;
001319 : FE;
00131A : FE;
00131B : 67;
00131C : 3F;
00131D : 1F;
00131E : 58;
00131F : 8B;
001320 : 04;
001321 : 04;
001322 : 26;
001323 : 18;
001324 : 1F;
001325 : 09;
001326 : BA;
001327 : 57;
001328 : 59;
001329 : D4;
00132A : D4;
00132B : 1F;
00132C : D3;
00132D : 1F;
00132E : 01;
00132F : 01;
001330 : 57;
001331 : 65;
001332 : 72;
001333 : CA;
001334 : D6;
001335 : 08;
001336 : 08;
001337 : D6;
001338 : CA;
001339 : 37;
00133A : 4F;
00133B : 60;
00133C : AF;
00133D : 2B;
00133E : 24;
00133F : 24;
001340 : 00;
001341 : 00;
001342 : 00;
001343 : 00;
001344 : 00;
001345 : 00;
001346 : 00;
001347 : 00;
001348 : 00;
001349 : 00;
00134A : 00;
00134B : 00;
00134C : 00;
00134D : 00;
00134E : 00;
00134F : 00;
001350 : 00;
001351 : 00;
001352 : 00;
001353 : 00;
001354 : 00;
001355 : 00;
001356 : 00;
001357 : 00;
001358 : 00;
001359 : 00;
00135A : 00;
00135B : 00;
00135C : 00;
00135D : 00;
00135E : 00;
00135F : 00;
001360 : 24;
001361 : 03;
001362 : 03;
001363 : B3;
001364 : 38;
001365 : 0C;
001366 : 3E;
001367 : 0C;
001368 : 01;
001369 : 1F;
00136A : 0C;
00136B : E6;
00136C : 04;
00136D : 04;
00136E : 04;
00136F : 04;
001370 : 04;
001371 : 04;
001372 : 04;
001373 : DE;
001374 : FE;
001375 : 67;
001376 : EC;
001377 : 1F;
001378 : 38;
001379 : 8B;
00137A : 04;
00137B : 04;
00137C : 04;
00137D : CB;
00137E : 0C;
00137F : 01;
001380 : 9B;
001381 : 9B;
001382 : 38;
001383 : 55;
001384 : 8B;
001385 : 18;
001386 : E6;
001387 : 76;
001388 : 3F;
001389 : D3;
00138A : 01;
00138B : 51;
00138C : 60;
00138D : 60;
00138E : 57;
00138F : 57;
001390 : 57;
001391 : 57;
001392 : BA;
001393 : 09;
001394 : 32;
001395 : 36;
001396 : 2B;
001397 : 03;
001398 : 24;
001399 : 00;
00139A : 00;
00139B : 00;
00139C : 00;
00139D : 00;
00139E : 00;
00139F : 00;
0013A0 : 00;
0013A1 : 00;
0013A2 : 00;
0013A3 : 00;
0013A4 : 00;
0013A5 : 00;
0013A6 : 00;
0013A7 : 00;
0013A8 : 00;
0013A9 : 00;
0013AA : 00;
0013AB : 00;
0013AC : 00;
0013AD : 00;
0013AE : 00;
0013AF : 00;
0013B0 : 00;
0013B1 : 00;
0013B2 : 00;
0013B3 : 00;
0013B4 : 00;
0013B5 : 00;
0013B6 : 00;
0013B7 : 00;
0013B8 : 00;
0013B9 : 00;
0013BA : 99;
0013BB : 96;
0013BC : 44;
0013BD : DB;
0013BE : 1F;
0013BF : 8B;
0013C0 : 3E;
0013C1 : 55;
0013C2 : 51;
0013C3 : D4;
0013C4 : 3F;
0013C5 : CB;
0013C6 : 04;
0013C7 : 04;
0013C8 : 04;
0013C9 : 04;
0013CA : 04;
0013CB : 04;
0013CC : 04;
0013CD : DE;
0013CE : 14;
0013CF : 67;
0013D0 : FA;
0013D1 : EC;
0013D2 : 1F;
0013D3 : 8B;
0013D4 : 26;
0013D5 : 04;
0013D6 : 04;
0013D7 : 04;
0013D8 : 18;
0013D9 : D3;
0013DA : D4;
0013DB : D4;
0013DC : 0C;
0013DD : 18;
0013DE : CB;
0013DF : 04;
0013E0 : 04;
0013E1 : 04;
0013E2 : E6;
0013E3 : 18;
0013E4 : 3F;
0013E5 : 55;
0013E6 : D3;
0013E7 : 1F;
0013E8 : 1F;
0013E9 : D4;
0013EA : 01;
0013EB : 01;
0013EC : 01;
0013ED : 51;
0013EE : C7;
0013EF : DB;
0013F0 : 03;
0013F1 : 99;
0013F2 : 00;
0013F3 : 00;
0013F4 : 00;
0013F5 : 00;
0013F6 : 00;
0013F7 : 00;
0013F8 : 00;
0013F9 : 00;
0013FA : 00;
0013FB : 00;
0013FC : 00;
0013FD : 00;
0013FE : 00;
0013FF : 00;
001400 : 00;
001401 : 00;
001402 : 00;
001403 : 00;
001404 : 00;
001405 : 00;
001406 : 00;
001407 : 00;
001408 : 00;
001409 : 00;
00140A : 00;
00140B : 00;
00140C : 00;
00140D : 00;
00140E : 00;
00140F : 00;
001410 : 00;
001411 : 00;
001412 : 00;
001413 : 00;
001414 : 94;
001415 : 15;
001416 : 6A;
001417 : 28;
001418 : 55;
001419 : 18;
00141A : 3E;
00141B : 55;
00141C : 51;
00141D : 1F;
00141E : 8B;
00141F : 04;
001420 : 04;
001421 : 04;
001422 : 04;
001423 : 04;
001424 : 04;
001425 : 04;
001426 : 04;
001427 : 04;
001428 : DE;
001429 : 04;
00142A : FA;
00142B : EC;
00142C : EC;
00142D : 76;
00142E : 04;
00142F : 04;
001430 : 04;
001431 : 04;
001432 : 3E;
001433 : 18;
001434 : 0C;
001435 : 3F;
001436 : 3E;
001437 : 04;
001438 : 04;
001439 : 04;
00143A : 04;
00143B : 04;
00143C : 04;
00143D : 04;
00143E : 04;
00143F : CB;
001440 : 3E;
001441 : 18;
001442 : 8B;
001443 : 0C;
001444 : 55;
001445 : 55;
001446 : 0C;
001447 : D3;
001448 : 01;
001449 : 7F;
00144A : 03;
00144B : 99;
00144C : 00;
00144D : 00;
00144E : 00;
00144F : 00;
001450 : 00;
001451 : 00;
001452 : 00;
001453 : 00;
001454 : 00;
001455 : 00;
001456 : 00;
001457 : 00;
001458 : 00;
001459 : 00;
00145A : 00;
00145B : 00;
00145C : 00;
00145D : 00;
00145E : 00;
00145F : 00;
001460 : 00;
001461 : 00;
001462 : 00;
001463 : 00;
001464 : 00;
001465 : 00;
001466 : 00;
001467 : 00;
001468 : 00;
001469 : 00;
00146A : 00;
00146B : 00;
00146C : 00;
00146D : AE;
00146E : 94;
00146F : 15;
001470 : DB;
001471 : 51;
001472 : 0C;
001473 : E6;
001474 : 3E;
001475 : D3;
001476 : 51;
001477 : 1F;
001478 : 18;
001479 : 04;
00147A : 04;
00147B : 04;
00147C : 04;
00147D : 04;
00147E : 04;
00147F : 04;
001480 : 04;
001481 : 04;
001482 : 04;
001483 : 18;
001484 : EC;
001485 : EC;
001486 : EC;
001487 : E1;
001488 : DE;
001489 : 04;
00148A : 04;
00148B : 04;
00148C : 04;
00148D : 04;
00148E : E6;
00148F : E6;
001490 : 04;
001491 : 04;
001492 : 04;
001493 : 04;
001494 : 04;
001495 : 04;
001496 : 04;
001497 : 04;
001498 : 04;
001499 : E6;
00149A : 3E;
00149B : CB;
00149C : CB;
00149D : 3E;
00149E : 3E;
00149F : 3E;
0014A0 : E6;
0014A1 : 8B;
0014A2 : D4;
0014A3 : 28;
0014A4 : 03;
0014A5 : 99;
0014A6 : 00;
0014A7 : 00;
0014A8 : 00;
0014A9 : 00;
0014AA : 00;
0014AB : 00;
0014AC : 00;
0014AD : 00;
0014AE : 00;
0014AF : 00;
0014B0 : 00;
0014B1 : 00;
0014B2 : 00;
0014B3 : 00;
0014B4 : 00;
0014B5 : 00;
0014B6 : 00;
0014B7 : 00;
0014B8 : 00;
0014B9 : 00;
0014BA : 00;
0014BB : 00;
0014BC : 00;
0014BD : 00;
0014BE : 00;
0014BF : 00;
0014C0 : 00;
0014C1 : 00;
0014C2 : 00;
0014C3 : 00;
0014C4 : 00;
0014C5 : 00;
0014C6 : 00;
0014C7 : 27;
0014C8 : 94;
0014C9 : 1B;
0014CA : 7F;
0014CB : 01;
0014CC : 8B;
0014CD : 04;
0014CE : 18;
0014CF : D3;
0014D0 : 51;
0014D1 : 1F;
0014D2 : 18;
0014D3 : 04;
0014D4 : 04;
0014D5 : 04;
0014D6 : 04;
0014D7 : 04;
0014D8 : 04;
0014D9 : 04;
0014DA : 04;
0014DB : 04;
0014DC : 04;
0014DD : 18;
0014DE : 1F;
0014DF : 1F;
0014E0 : EC;
0014E1 : 67;
0014E2 : FE;
0014E3 : DE;
0014E4 : 04;
0014E5 : 04;
0014E6 : 04;
0014E7 : 04;
0014E8 : 04;
0014E9 : 04;
0014EA : 04;
0014EB : 04;
0014EC : 04;
0014ED : 04;
0014EE : 04;
0014EF : 04;
0014F0 : 04;
0014F1 : CB;
0014F2 : 18;
0014F3 : 0C;
0014F4 : 8B;
0014F5 : E6;
0014F6 : 04;
0014F7 : 04;
0014F8 : 04;
0014F9 : 04;
0014FA : 04;
0014FB : 18;
0014FC : 1F;
0014FD : 28;
0014FE : 96;
0014FF : AE;
001500 : 00;
001501 : 00;
001502 : 00;
001503 : 00;
001504 : 00;
001505 : 00;
001506 : 00;
001507 : 00;
001508 : 00;
001509 : 00;
00150A : 00;
00150B : 00;
00150C : 00;
00150D : 00;
00150E : 00;
00150F : 00;
001510 : 00;
001511 : 00;
001512 : 00;
001513 : 00;
001514 : 00;
001515 : 00;
001516 : 00;
001517 : 00;
001518 : 00;
001519 : 00;
00151A : 00;
00151B : 00;
00151C : 00;
00151D : 00;
00151E : 00;
00151F : 00;
001520 : 00;
001521 : 09;
001522 : 2B;
001523 : 1B;
001524 : 28;
001525 : 1F;
001526 : 18;
001527 : 04;
001528 : 18;
001529 : 1F;
00152A : 51;
00152B : 1F;
00152C : 18;
00152D : 04;
00152E : 04;
00152F : 04;
001530 : 04;
001531 : 04;
001532 : 04;
001533 : 04;
001534 : 04;
001535 : 04;
001536 : 04;
001537 : 18;
001538 : D4;
001539 : 38;
00153A : 1F;
00153B : E1;
00153C : FE;
00153D : FE;
00153E : DE;
00153F : 04;
001540 : 04;
001541 : 04;
001542 : 04;
001543 : 04;
001544 : 04;
001545 : 04;
001546 : 04;
001547 : 04;
001548 : 04;
001549 : 04;
00154A : 04;
00154B : 18;
00154C : 55;
00154D : 01;
00154E : 1F;
00154F : 18;
001550 : 04;
001551 : 04;
001552 : 04;
001553 : 04;
001554 : 04;
001555 : 18;
001556 : 1F;
001557 : 09;
001558 : 15;
001559 : FD;
00155A : 36;
00155B : 00;
00155C : 00;
00155D : 00;
00155E : 00;
00155F : 00;
001560 : 00;
001561 : 00;
001562 : 00;
001563 : 00;
001564 : 00;
001565 : 00;
001566 : 00;
001567 : 00;
001568 : 00;
001569 : 00;
00156A : 00;
00156B : 00;
00156C : 00;
00156D : 00;
00156E : 00;
00156F : 00;
001570 : 00;
001571 : 00;
001572 : 00;
001573 : 00;
001574 : 00;
001575 : 00;
001576 : 00;
001577 : 00;
001578 : 00;
001579 : 00;
00157A : 00;
00157B : AF;
00157C : 2B;
00157D : 6A;
00157E : 51;
00157F : 55;
001580 : 3E;
001581 : 04;
001582 : 18;
001583 : 1F;
001584 : 51;
001585 : D3;
001586 : 3E;
001587 : 04;
001588 : CB;
001589 : 18;
00158A : 8B;
00158B : 8B;
00158C : 3E;
00158D : 04;
00158E : 04;
00158F : 04;
001590 : 04;
001591 : 8B;
001592 : D4;
001593 : 01;
001594 : 1F;
001595 : 76;
001596 : FE;
001597 : FE;
001598 : 49;
001599 : DE;
00159A : DE;
00159B : 04;
00159C : 04;
00159D : 04;
00159E : 04;
00159F : 04;
0015A0 : 04;
0015A1 : 04;
0015A2 : 04;
0015A3 : 04;
0015A4 : 3E;
0015A5 : 0C;
0015A6 : 38;
0015A7 : 51;
0015A8 : 1F;
0015A9 : 18;
0015AA : 04;
0015AB : 04;
0015AC : 04;
0015AD : 04;
0015AE : 04;
0015AF : 18;
0015B0 : 1F;
0015B1 : 09;
0015B2 : D7;
0015B3 : FD;
0015B4 : FD;
0015B5 : 00;
0015B6 : 00;
0015B7 : 00;
0015B8 : 00;
0015B9 : 00;
0015BA : 00;
0015BB : 00;
0015BC : 00;
0015BD : 00;
0015BE : 00;
0015BF : 00;
0015C0 : 00;
0015C1 : 00;
0015C2 : 00;
0015C3 : 00;
0015C4 : 00;
0015C5 : 00;
0015C6 : 00;
0015C7 : 00;
0015C8 : 00;
0015C9 : 00;
0015CA : 00;
0015CB : 00;
0015CC : 00;
0015CD : 00;
0015CE : 00;
0015CF : 00;
0015D0 : 00;
0015D1 : 00;
0015D2 : 00;
0015D3 : 00;
0015D4 : D7;
0015D5 : 1B;
0015D6 : 2B;
0015D7 : 6A;
0015D8 : 01;
0015D9 : 0C;
0015DA : CB;
0015DB : 04;
0015DC : 18;
0015DD : 1F;
0015DE : 51;
0015DF : D3;
0015E0 : 3E;
0015E1 : 04;
0015E2 : 18;
0015E3 : D3;
0015E4 : D4;
0015E5 : 1F;
0015E6 : 8B;
0015E7 : 04;
0015E8 : 04;
0015E9 : 04;
0015EA : 04;
0015EB : 8B;
0015EC : D4;
0015ED : 01;
0015EE : 1F;
0015EF : 18;
0015F0 : DE;
0015F1 : FE;
0015F2 : FE;
0015F3 : FE;
0015F4 : 14;
0015F5 : 04;
0015F6 : 04;
0015F7 : 04;
0015F8 : 04;
0015F9 : 04;
0015FA : 04;
0015FB : 04;
0015FC : 04;
0015FD : 04;
0015FE : 18;
0015FF : D4;
001600 : 51;
001601 : 01;
001602 : 55;
001603 : 3E;
001604 : 04;
001605 : 04;
001606 : 04;
001607 : 04;
001608 : 04;
001609 : 18;
00160A : D3;
00160B : 51;
00160C : D7;
00160D : FD;
00160E : 94;
00160F : 00;
001610 : 00;
001611 : 00;
001612 : 00;
001613 : 00;
001614 : 00;
001615 : 00;
001616 : 00;
001617 : 00;
001618 : 00;
001619 : 00;
00161A : 00;
00161B : 00;
00161C : 00;
00161D : 00;
00161E : 00;
00161F : 00;
001620 : 00;
001621 : 00;
001622 : 00;
001623 : 00;
001624 : 00;
001625 : 00;
001626 : 00;
001627 : 00;
001628 : 00;
001629 : 00;
00162A : 00;
00162B : 00;
00162C : 00;
00162D : 00;
00162E : FD;
00162F : 15;
001630 : 44;
001631 : EE;
001632 : D4;
001633 : 8B;
001634 : 04;
001635 : 04;
001636 : 8B;
001637 : D4;
001638 : 28;
001639 : D3;
00163A : 3E;
00163B : 3E;
00163C : 0C;
00163D : 51;
00163E : 7F;
00163F : 51;
001640 : 55;
001641 : CB;
001642 : 04;
001643 : 04;
001644 : 04;
001645 : 8B;
001646 : D4;
001647 : 01;
001648 : 1F;
001649 : 18;
00164A : DE;
00164B : 14;
00164C : 49;
00164D : FE;
00164E : FE;
00164F : DE;
001650 : DE;
001651 : 04;
001652 : 04;
001653 : 04;
001654 : 04;
001655 : 04;
001656 : 04;
001657 : 18;
001658 : 55;
001659 : 51;
00165A : 51;
00165B : D3;
00165C : 18;
00165D : 04;
00165E : 04;
00165F : 04;
001660 : 04;
001661 : 04;
001662 : 04;
001663 : 18;
001664 : D3;
001665 : 51;
001666 : D7;
001667 : FD;
001668 : 99;
001669 : 00;
00166A : 00;
00166B : 00;
00166C : 00;
00166D : 00;
00166E : 00;
00166F : 00;
001670 : 00;
001671 : 00;
001672 : 00;
001673 : 00;
001674 : 00;
001675 : 00;
001676 : 00;
001677 : 00;
001678 : 00;
001679 : 00;
00167A : 00;
00167B : 00;
00167C : 00;
00167D : 00;
00167E : 00;
00167F : 00;
001680 : 00;
001681 : 00;
001682 : 00;
001683 : 00;
001684 : 00;
001685 : 00;
001686 : 00;
001687 : 00;
001688 : 94;
001689 : 15;
00168A : 1B;
00168B : 32;
00168C : 1F;
00168D : 18;
00168E : 04;
00168F : 04;
001690 : 3F;
001691 : D4;
001692 : 28;
001693 : D4;
001694 : 8B;
001695 : 8B;
001696 : 1F;
001697 : 9B;
001698 : AF;
001699 : 7F;
00169A : 1F;
00169B : 18;
00169C : 18;
00169D : 18;
00169E : 3E;
00169F : 0C;
0016A0 : 01;
0016A1 : 01;
0016A2 : 1F;
0016A3 : 18;
0016A4 : 04;
0016A5 : DE;
0016A6 : DE;
0016A7 : FE;
0016A8 : FE;
0016A9 : FE;
0016AA : DE;
0016AB : DE;
0016AC : 04;
0016AD : 04;
0016AE : 04;
0016AF : 04;
0016B0 : CB;
0016B1 : 0C;
0016B2 : 01;
0016B3 : 9B;
0016B4 : 51;
0016B5 : 0C;
0016B6 : 3E;
0016B7 : 04;
0016B8 : 04;
0016B9 : CB;
0016BA : 18;
0016BB : 18;
0016BC : 3E;
0016BD : 18;
0016BE : D3;
0016BF : 51;
0016C0 : 44;
0016C1 : FD;
0016C2 : 24;
0016C3 : 00;
0016C4 : 00;
0016C5 : 00;
0016C6 : 00;
0016C7 : 00;
0016C8 : 00;
0016C9 : 00;
0016CA : 00;
0016CB : 00;
0016CC : 00;
0016CD : 00;
0016CE : 00;
0016CF : 00;
0016D0 : 00;
0016D1 : 00;
0016D2 : 00;
0016D3 : 00;
0016D4 : 00;
0016D5 : 00;
0016D6 : 00;
0016D7 : 00;
0016D8 : 00;
0016D9 : 00;
0016DA : 00;
0016DB : 00;
0016DC : 00;
0016DD : 00;
0016DE : 00;
0016DF : 00;
0016E0 : 00;
0016E1 : 00;
0016E2 : 94;
0016E3 : 2B;
0016E4 : 6A;
0016E5 : C7;
0016E6 : D3;
0016E7 : E6;
0016E8 : 04;
0016E9 : E6;
0016EA : 0C;
0016EB : 01;
0016EC : DB;
0016ED : 28;
0016EE : D4;
0016EF : 38;
0016F0 : 01;
0016F1 : 60;
0016F2 : 09;
0016F3 : 09;
0016F4 : 01;
0016F5 : D3;
0016F6 : 58;
0016F7 : 58;
0016F8 : D3;
0016F9 : 1F;
0016FA : 51;
0016FB : 51;
0016FC : 1F;
0016FD : 18;
0016FE : 04;
0016FF : 04;
001700 : DE;
001701 : DE;
001702 : FE;
001703 : FE;
001704 : FE;
001705 : 14;
001706 : DE;
001707 : 04;
001708 : 04;
001709 : 04;
00170A : 18;
00170B : 1F;
00170C : C7;
00170D : 32;
00170E : 51;
00170F : 3F;
001710 : CB;
001711 : 04;
001712 : 04;
001713 : 3E;
001714 : 55;
001715 : 58;
001716 : D3;
001717 : 55;
001718 : D3;
001719 : 51;
00171A : 44;
00171B : 94;
00171C : 24;
00171D : 00;
00171E : 00;
00171F : 00;
001720 : 00;
001721 : 00;
001722 : 00;
001723 : 00;
001724 : 00;
001725 : 00;
001726 : 00;
001727 : 00;
001728 : 00;
001729 : 00;
00172A : 00;
00172B : 00;
00172C : 00;
00172D : 00;
00172E : 00;
00172F : 00;
001730 : 00;
001731 : 00;
001732 : 00;
001733 : 00;
001734 : 00;
001735 : 00;
001736 : 00;
001737 : 00;
001738 : 00;
001739 : 00;
00173A : 00;
00173B : 00;
00173C : 11;
00173D : 03;
00173E : EE;
00173F : 51;
001740 : 0C;
001741 : 04;
001742 : 04;
001743 : CB;
001744 : 8B;
001745 : D4;
001746 : 32;
001747 : 32;
001748 : C7;
001749 : C7;
00174A : 51;
00174B : 65;
00174C : 21;
00174D : 4F;
00174E : 57;
00174F : 51;
001750 : 51;
001751 : 51;
001752 : 51;
001753 : 51;
001754 : 28;
001755 : 51;
001756 : 1F;
001757 : 18;
001758 : 04;
001759 : 04;
00175A : 04;
00175B : DE;
00175C : 14;
00175D : FE;
00175E : FE;
00175F : FE;
001760 : DE;
001761 : DE;
001762 : 04;
001763 : 3E;
001764 : 0C;
001765 : 51;
001766 : AF;
001767 : AF;
001768 : 51;
001769 : 0C;
00176A : 3E;
00176B : 04;
00176C : CB;
00176D : CD;
00176E : 38;
00176F : 28;
001770 : 51;
001771 : 01;
001772 : D4;
001773 : 28;
001774 : 44;
001775 : 94;
001776 : 24;
001777 : 24;
001778 : 00;
001779 : 00;
00177A : 00;
00177B : 00;
00177C : 00;
00177D : 00;
00177E : 00;
00177F : 00;
001780 : 00;
001781 : 00;
001782 : 00;
001783 : 00;
001784 : 00;
001785 : 00;
001786 : 00;
001787 : 00;
001788 : 00;
001789 : 00;
00178A : 00;
00178B : 00;
00178C : 00;
00178D : 00;
00178E : 00;
00178F : 00;
001790 : 00;
001791 : 00;
001792 : 00;
001793 : 00;
001794 : 00;
001795 : 00;
001796 : 11;
001797 : 2B;
001798 : 7F;
001799 : 01;
00179A : 3F;
00179B : 04;
00179C : 04;
00179D : 04;
00179E : 18;
00179F : D3;
0017A0 : 51;
0017A1 : 32;
0017A2 : AF;
0017A3 : 32;
0017A4 : 57;
0017A5 : D6;
0017A6 : 08;
0017A7 : CA;
0017A8 : 4F;
0017A9 : 09;
0017AA : 57;
0017AB : 57;
0017AC : 09;
0017AD : 32;
0017AE : DB;
0017AF : 51;
0017B0 : 55;
0017B1 : 76;
0017B2 : 04;
0017B3 : 04;
0017B4 : 04;
0017B5 : 04;
0017B6 : DE;
0017B7 : DE;
0017B8 : FE;
0017B9 : FE;
0017BA : FE;
0017BB : 14;
0017BC : 04;
0017BD : 8B;
0017BE : D4;
0017BF : 28;
0017C0 : 1B;
0017C1 : 6A;
0017C2 : 28;
0017C3 : D3;
0017C4 : 8B;
0017C5 : 3E;
0017C6 : 3E;
0017C7 : 3F;
0017C8 : 01;
0017C9 : 32;
0017CA : 09;
0017CB : 09;
0017CC : 9B;
0017CD : DB;
0017CE : 13;
0017CF : 03;
0017D0 : 24;
0017D1 : 00;
0017D2 : 00;
0017D3 : 00;
0017D4 : 00;
0017D5 : 00;
0017D6 : 00;
0017D7 : 00;
0017D8 : 00;
0017D9 : 00;
0017DA : 00;
0017DB : 00;
0017DC : 00;
0017DD : 00;
0017DE : 00;
0017DF : 00;
0017E0 : 00;
0017E1 : 00;
0017E2 : 00;
0017E3 : 00;
0017E4 : 00;
0017E5 : 00;
0017E6 : 00;
0017E7 : 00;
0017E8 : 00;
0017E9 : 00;
0017EA : 00;
0017EB : 00;
0017EC : 00;
0017ED : 00;
0017EE : 00;
0017EF : 20;
0017F0 : 03;
0017F1 : 13;
0017F2 : 28;
0017F3 : D4;
0017F4 : 8B;
0017F5 : 04;
0017F6 : 04;
0017F7 : 04;
0017F8 : E6;
0017F9 : 8B;
0017FA : D3;
0017FB : 51;
0017FC : 27;
0017FD : 57;
0017FE : CA;
0017FF : 41;
001800 : A0;
001801 : 31;
001802 : 1E;
001803 : 37;
001804 : 5A;
001805 : 10;
001806 : 12;
001807 : 32;
001808 : 28;
001809 : 1F;
00180A : 8B;
00180B : E6;
00180C : 04;
00180D : 04;
00180E : 04;
00180F : 04;
001810 : 04;
001811 : DE;
001812 : DE;
001813 : FE;
001814 : FE;
001815 : 49;
001816 : 04;
001817 : 0C;
001818 : 51;
001819 : DB;
00181A : 44;
00181B : 1B;
00181C : 32;
00181D : 01;
00181E : 1F;
00181F : 55;
001820 : 55;
001821 : 1F;
001822 : 51;
001823 : BA;
001824 : 4F;
001825 : 57;
001826 : 32;
001827 : 1B;
001828 : 2B;
001829 : 03;
00182A : 24;
00182B : 00;
00182C : 00;
00182D : 00;
00182E : 00;
00182F : 00;
001830 : 00;
001831 : 00;
001832 : 00;
001833 : 00;
001834 : 00;
001835 : 00;
001836 : 00;
001837 : 00;
001838 : 00;
001839 : 00;
00183A : 00;
00183B : 00;
00183C : 00;
00183D : 00;
00183E : 00;
00183F : 00;
001840 : 00;
001841 : 00;
001842 : 00;
001843 : 00;
001844 : 00;
001845 : 00;
001846 : 00;
001847 : 00;
001848 : 68;
001849 : 52;
00184A : 15;
00184B : 1B;
00184C : 28;
00184D : D3;
00184E : 18;
00184F : 04;
001850 : 04;
001851 : 04;
001852 : 04;
001853 : 04;
001854 : 18;
001855 : D4;
001856 : 60;
001857 : 10;
001858 : 41;
001859 : 2F;
00185A : 02;
00185B : 2F;
00185C : 0D;
00185D : A0;
00185E : 0D;
00185F : 31;
001860 : 4F;
001861 : 51;
001862 : 1F;
001863 : 3F;
001864 : CB;
001865 : 04;
001866 : 04;
001867 : 04;
001868 : 04;
001869 : 04;
00186A : 04;
00186B : 04;
00186C : DE;
00186D : DE;
00186E : FE;
00186F : 49;
001870 : 67;
001871 : EC;
001872 : 7F;
001873 : 6A;
001874 : 2B;
001875 : 13;
001876 : 6A;
001877 : DB;
001878 : 9B;
001879 : 51;
00187A : 51;
00187B : 51;
00187C : 57;
00187D : 21;
00187E : D6;
00187F : 84;
001880 : 32;
001881 : 44;
001882 : 2B;
001883 : 11;
001884 : 24;
001885 : 00;
001886 : 00;
001887 : 00;
001888 : 00;
001889 : 00;
00188A : 00;
00188B : 00;
00188C : 00;
00188D : 00;
00188E : 00;
00188F : 00;
001890 : 00;
001891 : 00;
001892 : 00;
001893 : 00;
001894 : 00;
001895 : 00;
001896 : 00;
001897 : 00;
001898 : 00;
001899 : 00;
00189A : 00;
00189B : 00;
00189C : 00;
00189D : 00;
00189E : 00;
00189F : 00;
0018A0 : 00;
0018A1 : 00;
0018A2 : 94;
0018A3 : A6;
0018A4 : 15;
0018A5 : 1B;
0018A6 : 51;
0018A7 : 0C;
0018A8 : 3E;
0018A9 : 04;
0018AA : 04;
0018AB : 04;
0018AC : 04;
0018AD : 04;
0018AE : 3E;
0018AF : 1F;
0018B0 : 51;
0018B1 : 8F;
0018B2 : 25;
0018B3 : 02;
0018B4 : 19;
0018B5 : 02;
0018B6 : 02;
0018B7 : 02;
0018B8 : 02;
0018B9 : 41;
0018BA : 4F;
0018BB : 51;
0018BC : 55;
0018BD : 18;
0018BE : 04;
0018BF : 04;
0018C0 : 04;
0018C1 : 04;
0018C2 : 04;
0018C3 : 04;
0018C4 : 04;
0018C5 : 04;
0018C6 : 04;
0018C7 : DE;
0018C8 : 14;
0018C9 : DE;
0018CA : E1;
0018CB : EC;
0018CC : 9B;
0018CD : 6A;
0018CE : 2B;
0018CF : 81;
0018D0 : 44;
0018D1 : 6A;
0018D2 : 32;
0018D3 : 09;
0018D4 : 09;
0018D5 : 60;
0018D6 : 65;
0018D7 : 5A;
0018D8 : 31;
0018D9 : 5A;
0018DA : 27;
0018DB : 15;
0018DC : 03;
0018DD : 11;
0018DE : 00;
0018DF : 00;
0018E0 : 00;
0018E1 : 00;
0018E2 : 00;
0018E3 : 00;
0018E4 : 00;
0018E5 : 00;
0018E6 : 00;
0018E7 : 00;
0018E8 : 00;
0018E9 : 00;
0018EA : 00;
0018EB : 00;
0018EC : 00;
0018ED : 00;
0018EE : 00;
0018EF : 00;
0018F0 : 00;
0018F1 : 00;
0018F2 : 00;
0018F3 : 00;
0018F4 : 00;
0018F5 : 00;
0018F6 : 00;
0018F7 : 00;
0018F8 : 00;
0018F9 : 00;
0018FA : 00;
0018FB : 00;
0018FC : 99;
0018FD : 99;
0018FE : 13;
0018FF : 6A;
001900 : 01;
001901 : 3F;
001902 : 3E;
001903 : 04;
001904 : 04;
001905 : 04;
001906 : 04;
001907 : 04;
001908 : 3E;
001909 : 1F;
00190A : 51;
00190B : 10;
00190C : 41;
00190D : 02;
00190E : 19;
00190F : C6;
001910 : C6;
001911 : C6;
001912 : 02;
001913 : 0E;
001914 : 4F;
001915 : 01;
001916 : 0C;
001917 : 3E;
001918 : 04;
001919 : 04;
00191A : 04;
00191B : 04;
00191C : 04;
00191D : 04;
00191E : 04;
00191F : 04;
001920 : 04;
001921 : 04;
001922 : DE;
001923 : 04;
001924 : 18;
001925 : 1F;
001926 : 09;
001927 : AF;
001928 : 44;
001929 : 81;
00192A : 44;
00192B : 1B;
00192C : 27;
00192D : 57;
00192E : F6;
00192F : 65;
001930 : 5A;
001931 : 31;
001932 : 25;
001933 : D6;
001934 : 42;
001935 : 1B;
001936 : 34;
001937 : 24;
001938 : 00;
001939 : 00;
00193A : 00;
00193B : 00;
00193C : 00;
00193D : 00;
00193E : 00;
00193F : 00;
001940 : 00;
001941 : 00;
001942 : 00;
001943 : 00;
001944 : 00;
001945 : 00;
001946 : 00;
001947 : 00;
001948 : 00;
001949 : 00;
00194A : 00;
00194B : 00;
00194C : 00;
00194D : 00;
00194E : 00;
00194F : 00;
001950 : 00;
001951 : 00;
001952 : 00;
001953 : 00;
001954 : 00;
001955 : 00;
001956 : 24;
001957 : 99;
001958 : 13;
001959 : EE;
00195A : 38;
00195B : 18;
00195C : 3E;
00195D : 3E;
00195E : 8B;
00195F : 8B;
001960 : 3E;
001961 : 04;
001962 : 3E;
001963 : D3;
001964 : 51;
001965 : 10;
001966 : 31;
001967 : 02;
001968 : 19;
001969 : C6;
00196A : C6;
00196B : C6;
00196C : 02;
00196D : 41;
00196E : 65;
00196F : 01;
001970 : 0C;
001971 : 3E;
001972 : 04;
001973 : 04;
001974 : 04;
001975 : 04;
001976 : 04;
001977 : 04;
001978 : 04;
001979 : 04;
00197A : 04;
00197B : 04;
00197C : 04;
00197D : 18;
00197E : D3;
00197F : 01;
001980 : 27;
001981 : 36;
001982 : 1B;
001983 : 81;
001984 : 13;
001985 : 1B;
001986 : 60;
001987 : 37;
001988 : D6;
001989 : 41;
00198A : B2;
00198B : 0D;
00198C : 0D;
00198D : 08;
00198E : 60;
00198F : 1B;
001990 : 34;
001991 : 24;
001992 : 00;
001993 : 00;
001994 : 00;
001995 : 00;
001996 : 00;
001997 : 00;
001998 : 00;
001999 : 00;
00199A : 00;
00199B : 00;
00199C : 00;
00199D : 00;
00199E : 00;
00199F : 00;
0019A0 : 00;
0019A1 : 00;
0019A2 : 00;
0019A3 : 00;
0019A4 : 00;
0019A5 : 00;
0019A6 : 00;
0019A7 : 00;
0019A8 : 00;
0019A9 : 00;
0019AA : 00;
0019AB : 00;
0019AC : 00;
0019AD : 00;
0019AE : 00;
0019AF : 00;
0019B0 : 24;
0019B1 : 99;
0019B2 : 6A;
0019B3 : 7F;
0019B4 : 1F;
0019B5 : 18;
0019B6 : 18;
0019B7 : 3F;
0019B8 : 1F;
0019B9 : D3;
0019BA : 18;
0019BB : 04;
0019BC : E6;
0019BD : D3;
0019BE : 51;
0019BF : 72;
0019C0 : 31;
0019C1 : 2F;
0019C2 : 19;
0019C3 : C6;
0019C4 : C6;
0019C5 : C6;
0019C6 : 02;
0019C7 : 41;
0019C8 : 65;
0019C9 : 01;
0019CA : 0C;
0019CB : 3E;
0019CC : 04;
0019CD : 04;
0019CE : 04;
0019CF : 04;
0019D0 : 04;
0019D1 : 04;
0019D2 : 04;
0019D3 : 04;
0019D4 : 04;
0019D5 : 04;
0019D6 : 04;
0019D7 : 8B;
0019D8 : D4;
0019D9 : 28;
0019DA : B3;
0019DB : 96;
0019DC : 6A;
0019DD : 6A;
0019DE : 13;
0019DF : 1B;
0019E0 : 12;
0019E1 : 10;
0019E2 : 41;
0019E3 : 02;
0019E4 : 19;
0019E5 : 02;
0019E6 : 2F;
0019E7 : 08;
0019E8 : 12;
0019E9 : 48;
0019EA : 34;
0019EB : 24;
0019EC : 00;
0019ED : 00;
0019EE : 00;
0019EF : 00;
0019F0 : 00;
0019F1 : 00;
0019F2 : 00;
0019F3 : 00;
0019F4 : 00;
0019F5 : 00;
0019F6 : 00;
0019F7 : 00;
0019F8 : 00;
0019F9 : 00;
0019FA : 00;
0019FB : 00;
0019FC : 00;
0019FD : 00;
0019FE : 00;
0019FF : 00;
001A00 : 00;
001A01 : 00;
001A02 : 00;
001A03 : 00;
001A04 : 00;
001A05 : 00;
001A06 : 00;
001A07 : 00;
001A08 : 00;
001A09 : 00;
001A0A : 99;
001A0B : 99;
001A0C : 6A;
001A0D : 7F;
001A0E : 1F;
001A0F : 8B;
001A10 : 0C;
001A11 : 1F;
001A12 : 28;
001A13 : 51;
001A14 : 0C;
001A15 : E6;
001A16 : CB;
001A17 : 55;
001A18 : 01;
001A19 : 72;
001A1A : DF;
001A1B : 2F;
001A1C : 6E;
001A1D : C6;
001A1E : 19;
001A1F : C6;
001A20 : 02;
001A21 : 41;
001A22 : 21;
001A23 : 59;
001A24 : EC;
001A25 : 18;
001A26 : 04;
001A27 : 04;
001A28 : 04;
001A29 : 04;
001A2A : 04;
001A2B : 04;
001A2C : 04;
001A2D : 04;
001A2E : 04;
001A2F : 04;
001A30 : 04;
001A31 : 8B;
001A32 : 01;
001A33 : 7F;
001A34 : 81;
001A35 : 99;
001A36 : 73;
001A37 : 00;
001A38 : 1B;
001A39 : 48;
001A3A : 12;
001A3B : 37;
001A3C : 31;
001A3D : 02;
001A3E : 19;
001A3F : 23;
001A40 : 2F;
001A41 : 47;
001A42 : 57;
001A43 : AF;
001A44 : 03;
001A45 : 24;
001A46 : 00;
001A47 : 00;
001A48 : 00;
001A49 : 00;
001A4A : 00;
001A4B : 00;
001A4C : 00;
001A4D : 00;
001A4E : 00;
001A4F : 00;
001A50 : 00;
001A51 : 00;
001A52 : 00;
001A53 : 00;
001A54 : 00;
001A55 : 00;
001A56 : 00;
001A57 : 00;
001A58 : 00;
001A59 : 00;
001A5A : 00;
001A5B : 00;
001A5C : 00;
001A5D : 00;
001A5E : 00;
001A5F : 00;
001A60 : 00;
001A61 : 00;
001A62 : 00;
001A63 : 00;
001A64 : 99;
001A65 : 99;
001A66 : 6A;
001A67 : EE;
001A68 : 51;
001A69 : 1F;
001A6A : 38;
001A6B : 28;
001A6C : DB;
001A6D : 28;
001A6E : 0C;
001A6F : 3E;
001A70 : 04;
001A71 : 0C;
001A72 : 01;
001A73 : 1C;
001A74 : 08;
001A75 : 2F;
001A76 : 6E;
001A77 : C6;
001A78 : 19;
001A79 : C6;
001A7A : 23;
001A7B : 41;
001A7C : 21;
001A7D : 59;
001A7E : EC;
001A7F : 18;
001A80 : 04;
001A81 : 04;
001A82 : 04;
001A83 : 04;
001A84 : 04;
001A85 : 04;
001A86 : 04;
001A87 : 04;
001A88 : 04;
001A89 : 04;
001A8A : 04;
001A8B : 3F;
001A8C : 01;
001A8D : 7F;
001A8E : 44;
001A8F : AE;
001A90 : 00;
001A91 : 00;
001A92 : 1B;
001A93 : 48;
001A94 : 60;
001A95 : 21;
001A96 : 31;
001A97 : 02;
001A98 : 19;
001A99 : 23;
001A9A : 02;
001A9B : 31;
001A9C : 57;
001A9D : 3C;
001A9E : 03;
001A9F : 99;
001AA0 : 00;
001AA1 : 00;
001AA2 : 00;
001AA3 : 00;
001AA4 : 00;
001AA5 : 00;
001AA6 : 00;
001AA7 : 00;
001AA8 : 00;
001AA9 : 00;
001AAA : 00;
001AAB : 00;
001AAC : 00;
001AAD : 00;
001AAE : 00;
001AAF : 00;
001AB0 : 00;
001AB1 : 00;
001AB2 : 00;
001AB3 : 00;
001AB4 : 00;
001AB5 : 00;
001AB6 : 00;
001AB7 : 00;
001AB8 : 00;
001AB9 : 00;
001ABA : 00;
001ABB : 00;
001ABC : 00;
001ABD : 00;
001ABE : A2;
001ABF : 11;
001AC0 : 03;
001AC1 : 13;
001AC2 : EE;
001AC3 : 7F;
001AC4 : 32;
001AC5 : DB;
001AC6 : B3;
001AC7 : 28;
001AC8 : 55;
001AC9 : 18;
001ACA : 04;
001ACB : 0C;
001ACC : D4;
001ACD : 1C;
001ACE : D6;
001ACF : 2F;
001AD0 : 19;
001AD1 : C6;
001AD2 : 19;
001AD3 : C6;
001AD4 : 23;
001AD5 : 25;
001AD6 : 72;
001AD7 : 59;
001AD8 : 55;
001AD9 : 18;
001ADA : 04;
001ADB : 04;
001ADC : 04;
001ADD : 3E;
001ADE : 3E;
001ADF : 3E;
001AE0 : CB;
001AE1 : 04;
001AE2 : 04;
001AE3 : 04;
001AE4 : 04;
001AE5 : 0C;
001AE6 : 51;
001AE7 : 7F;
001AE8 : 6A;
001AE9 : 96;
001AEA : 00;
001AEB : 00;
001AEC : 15;
001AED : 1B;
001AEE : 42;
001AEF : 65;
001AF0 : DF;
001AF1 : 2F;
001AF2 : C6;
001AF3 : 23;
001AF4 : 02;
001AF5 : 31;
001AF6 : 4F;
001AF7 : 32;
001AF8 : 03;
001AF9 : 99;
001AFA : 00;
001AFB : 00;
001AFC : 00;
001AFD : 00;
001AFE : 00;
001AFF : 00;
001B00 : 00;
001B01 : 00;
001B02 : 00;
001B03 : 00;
001B04 : 00;
001B05 : 00;
001B06 : 00;
001B07 : 00;
001B08 : 00;
001B09 : 00;
001B0A : 00;
001B0B : 00;
001B0C : 00;
001B0D : 00;
001B0E : 00;
001B0F : 00;
001B10 : 00;
001B11 : 00;
001B12 : 00;
001B13 : 00;
001B14 : 00;
001B15 : 00;
001B16 : 00;
001B17 : 00;
001B18 : A2;
001B19 : A2;
001B1A : 3D;
001B1B : 03;
001B1C : 13;
001B1D : 6A;
001B1E : B3;
001B1F : AF;
001B20 : B3;
001B21 : 9B;
001B22 : 01;
001B23 : 55;
001B24 : 0C;
001B25 : 1F;
001B26 : 51;
001B27 : 4F;
001B28 : 5F;
001B29 : 6B;
001B2A : 19;
001B2B : C6;
001B2C : C6;
001B2D : C6;
001B2E : C6;
001B2F : 25;
001B30 : 72;
001B31 : 4F;
001B32 : 55;
001B33 : 18;
001B34 : 04;
001B35 : 04;
001B36 : 3E;
001B37 : 55;
001B38 : D3;
001B39 : 55;
001B3A : CD;
001B3B : 04;
001B3C : 04;
001B3D : 04;
001B3E : 04;
001B3F : 0C;
001B40 : 51;
001B41 : DB;
001B42 : 6A;
001B43 : 15;
001B44 : 00;
001B45 : 00;
001B46 : 6F;
001B47 : 3A;
001B48 : 12;
001B49 : 65;
001B4A : 08;
001B4B : 2F;
001B4C : 23;
001B4D : 23;
001B4E : 02;
001B4F : 31;
001B50 : 65;
001B51 : 27;
001B52 : 03;
001B53 : 99;
001B54 : 00;
001B55 : 00;
001B56 : 00;
001B57 : 00;
001B58 : 00;
001B59 : 00;
001B5A : 00;
001B5B : 00;
001B5C : 00;
001B5D : 00;
001B5E : 00;
001B5F : 00;
001B60 : 00;
001B61 : 00;
001B62 : 00;
001B63 : 00;
001B64 : 00;
001B65 : 00;
001B66 : 00;
001B67 : 00;
001B68 : 00;
001B69 : 00;
001B6A : 00;
001B6B : 00;
001B6C : 00;
001B6D : 00;
001B6E : 00;
001B6F : 00;
001B70 : 00;
001B71 : 00;
001B72 : 00;
001B73 : 00;
001B74 : 11;
001B75 : 03;
001B76 : 2B;
001B77 : 1B;
001B78 : AF;
001B79 : 27;
001B7A : 6F;
001B7B : 27;
001B7C : 9B;
001B7D : 51;
001B7E : 38;
001B7F : 51;
001B80 : 28;
001B81 : 57;
001B82 : CA;
001B83 : 0D;
001B84 : 19;
001B85 : C6;
001B86 : C6;
001B87 : C6;
001B88 : 19;
001B89 : B2;
001B8A : 37;
001B8B : 4F;
001B8C : D3;
001B8D : 8B;
001B8E : CB;
001B8F : 3E;
001B90 : 0C;
001B91 : 01;
001B92 : 28;
001B93 : 51;
001B94 : D3;
001B95 : 3E;
001B96 : CB;
001B97 : 3E;
001B98 : 18;
001B99 : D3;
001B9A : 28;
001B9B : B3;
001B9C : 1B;
001B9D : 96;
001B9E : 00;
001B9F : 00;
001BA0 : 7B;
001BA1 : 7B;
001BA2 : 7B;
001BA3 : C1;
001BA4 : 08;
001BA5 : 2F;
001BA6 : 23;
001BA7 : C6;
001BA8 : 02;
001BA9 : 0E;
001BAA : 21;
001BAB : C9;
001BAC : 03;
001BAD : 24;
001BAE : 00;
001BAF : 00;
001BB0 : 00;
001BB1 : 00;
001BB2 : 00;
001BB3 : 00;
001BB4 : 00;
001BB5 : 00;
001BB6 : 00;
001BB7 : 00;
001BB8 : 00;
001BB9 : 00;
001BBA : 00;
001BBB : 00;
001BBC : 00;
001BBD : 00;
001BBE : 00;
001BBF : 00;
001BC0 : 00;
001BC1 : 00;
001BC2 : 00;
001BC3 : 00;
001BC4 : 00;
001BC5 : 00;
001BC6 : 00;
001BC7 : 00;
001BC8 : 00;
001BC9 : 00;
001BCA : 00;
001BCB : 00;
001BCC : 00;
001BCD : 00;
001BCE : 00;
001BCF : 44;
001BD0 : 13;
001BD1 : 1B;
001BD2 : 27;
001BD3 : 1D;
001BD4 : 1D;
001BD5 : 1D;
001BD6 : BA;
001BD7 : 9B;
001BD8 : 09;
001BD9 : 32;
001BDA : 32;
001BDB : BA;
001BDC : 10;
001BDD : B2;
001BDE : C6;
001BDF : 23;
001BE0 : 23;
001BE1 : 23;
001BE2 : 19;
001BE3 : B2;
001BE4 : 10;
001BE5 : 57;
001BE6 : 01;
001BE7 : D3;
001BE8 : 0C;
001BE9 : 0C;
001BEA : 1F;
001BEB : 28;
001BEC : DB;
001BED : DB;
001BEE : 01;
001BEF : D3;
001BF0 : 0C;
001BF1 : 55;
001BF2 : 1F;
001BF3 : 51;
001BF4 : DB;
001BF5 : 6A;
001BF6 : 44;
001BF7 : 03;
001BF8 : 00;
001BF9 : 00;
001BFA : EA;
001BFB : EA;
001BFC : 0B;
001BFD : 72;
001BFE : DF;
001BFF : 2F;
001C00 : C6;
001C01 : 19;
001C02 : C6;
001C03 : 41;
001C04 : 72;
001C05 : 60;
001C06 : 03;
001C07 : 24;
001C08 : 00;
001C09 : 00;
001C0A : 00;
001C0B : 00;
001C0C : 00;
001C0D : 00;
001C0E : 00;
001C0F : 00;
001C10 : 00;
001C11 : 00;
001C12 : 00;
001C13 : 00;
001C14 : 00;
001C15 : 00;
001C16 : 00;
001C17 : 00;
001C18 : 00;
001C19 : 00;
001C1A : 00;
001C1B : 00;
001C1C : 00;
001C1D : 00;
001C1E : 00;
001C1F : 00;
001C20 : 00;
001C21 : 00;
001C22 : 00;
001C23 : 00;
001C24 : 00;
001C25 : 00;
001C26 : 00;
001C27 : 00;
001C28 : 00;
001C29 : 3C;
001C2A : 1B;
001C2B : 36;
001C2C : 3A;
001C2D : 1D;
001C2E : 20;
001C2F : 20;
001C30 : C4;
001C31 : 1D;
001C32 : 3A;
001C33 : 6F;
001C34 : 27;
001C35 : BA;
001C36 : 72;
001C37 : B2;
001C38 : 02;
001C39 : 23;
001C3A : 23;
001C3B : 23;
001C3C : 19;
001C3D : 0D;
001C3E : CA;
001C3F : 57;
001C40 : 9B;
001C41 : 51;
001C42 : D4;
001C43 : 01;
001C44 : 51;
001C45 : 27;
001C46 : 52;
001C47 : DB;
001C48 : 9B;
001C49 : 51;
001C4A : 01;
001C4B : 51;
001C4C : 9B;
001C4D : DB;
001C4E : 1B;
001C4F : 81;
001C50 : 03;
001C51 : 24;
001C52 : 00;
001C53 : 00;
001C54 : 7B;
001C55 : 7B;
001C56 : E4;
001C57 : 0B;
001C58 : A3;
001C59 : 2F;
001C5A : C6;
001C5B : 6E;
001C5C : C6;
001C5D : 41;
001C5E : 84;
001C5F : 60;
001C60 : 03;
001C61 : 99;
001C62 : 00;
001C63 : 00;
001C64 : 00;
001C65 : 00;
001C66 : 00;
001C67 : 00;
001C68 : 00;
001C69 : 00;
001C6A : 00;
001C6B : 00;
001C6C : 00;
001C6D : 00;
001C6E : 00;
001C6F : 00;
001C70 : 00;
001C71 : 00;
001C72 : 00;
001C73 : 00;
001C74 : 00;
001C75 : 00;
001C76 : 00;
001C77 : 00;
001C78 : 00;
001C79 : 00;
001C7A : 00;
001C7B : 00;
001C7C : 00;
001C7D : 00;
001C7E : 00;
001C7F : 00;
001C80 : 00;
001C81 : 00;
001C82 : 00;
001C83 : BA;
001C84 : 48;
001C85 : AF;
001C86 : 3A;
001C87 : 1D;
001C88 : EA;
001C89 : 40;
001C8A : 40;
001C8B : EA;
001C8C : EA;
001C8D : 7B;
001C8E : 1D;
001C8F : BA;
001C90 : C1;
001C91 : 41;
001C92 : 02;
001C93 : 23;
001C94 : 23;
001C95 : 23;
001C96 : 19;
001C97 : 0D;
001C98 : 5F;
001C99 : E4;
001C9A : 52;
001C9B : 52;
001C9C : 9B;
001C9D : 9B;
001C9E : 27;
001C9F : BA;
001CA0 : 1D;
001CA1 : BA;
001CA2 : 6F;
001CA3 : 27;
001CA4 : 27;
001CA5 : 27;
001CA6 : 52;
001CA7 : B3;
001CA8 : 1B;
001CA9 : 44;
001CAA : 2B;
001CAB : 00;
001CAC : 00;
001CAD : 00;
001CAE : 96;
001CAF : 36;
001CB0 : 3C;
001CB1 : 3A;
001CB2 : 5F;
001CB3 : 0D;
001CB4 : C6;
001CB5 : 7C;
001CB6 : 6E;
001CB7 : B2;
001CB8 : 10;
001CB9 : 57;
001CBA : 15;
001CBB : 11;
001CBC : 00;
001CBD : 00;
001CBE : 00;
001CBF : 00;
001CC0 : 00;
001CC1 : 00;
001CC2 : 00;
001CC3 : 00;
001CC4 : 00;
001CC5 : 00;
001CC6 : 00;
001CC7 : 00;
001CC8 : 00;
001CC9 : 00;
001CCA : 00;
001CCB : 00;
001CCC : 00;
001CCD : 00;
001CCE : 00;
001CCF : 00;
001CD0 : 00;
001CD1 : 00;
001CD2 : 00;
001CD3 : 00;
001CD4 : 00;
001CD5 : 00;
001CD6 : 00;
001CD7 : 00;
001CD8 : 00;
001CD9 : 00;
001CDA : 00;
001CDB : 00;
001CDC : 00;
001CDD : 12;
001CDE : 1B;
001CDF : 36;
001CE0 : 27;
001CE1 : 1D;
001CE2 : EA;
001CE3 : 06;
001CE4 : 06;
001CE5 : 06;
001CE6 : 06;
001CE7 : 40;
001CE8 : 7B;
001CE9 : BA;
001CEA : 4F;
001CEB : 31;
001CEC : 2F;
001CED : 23;
001CEE : C6;
001CEF : C6;
001CF0 : 19;
001CF1 : 6B;
001CF2 : D6;
001CF3 : F6;
001CF4 : 68;
001CF5 : 68;
001CF6 : 2C;
001CF7 : 1D;
001CF8 : 1D;
001CF9 : 7B;
001CFA : 20;
001CFB : 7B;
001CFC : 1D;
001CFD : 2C;
001CFE : 2C;
001CFF : 2C;
001D00 : 6F;
001D01 : 52;
001D02 : D7;
001D03 : 96;
001D04 : 96;
001D05 : 00;
001D06 : 00;
001D07 : 00;
001D08 : 24;
001D09 : 94;
001D0A : 15;
001D0B : 3C;
001D0C : 90;
001D0D : 41;
001D0E : C6;
001D0F : 7C;
001D10 : 7C;
001D11 : B2;
001D12 : 5F;
001D13 : 57;
001D14 : 1B;
001D15 : AE;
001D16 : 68;
001D17 : 00;
001D18 : 00;
001D19 : 00;
001D1A : 00;
001D1B : 00;
001D1C : 00;
001D1D : 00;
001D1E : 00;
001D1F : 00;
001D20 : 00;
001D21 : 00;
001D22 : 00;
001D23 : 00;
001D24 : 00;
001D25 : 00;
001D26 : 00;
001D27 : 00;
001D28 : 00;
001D29 : 00;
001D2A : 00;
001D2B : 00;
001D2C : 00;
001D2D : 00;
001D2E : 00;
001D2F : 00;
001D30 : 00;
001D31 : 00;
001D32 : 00;
001D33 : 00;
001D34 : 00;
001D35 : 00;
001D36 : 00;
001D37 : 3C;
001D38 : 2B;
001D39 : 1B;
001D3A : 68;
001D3B : 1D;
001D3C : 20;
001D3D : 06;
001D3E : 06;
001D3F : 06;
001D40 : 06;
001D41 : 40;
001D42 : 20;
001D43 : 2C;
001D44 : F6;
001D45 : DF;
001D46 : 6B;
001D47 : 23;
001D48 : 19;
001D49 : C6;
001D4A : 19;
001D4B : 2F;
001D4C : DF;
001D4D : C1;
001D4E : 6F;
001D4F : 2C;
001D50 : 20;
001D51 : EA;
001D52 : EA;
001D53 : 40;
001D54 : 40;
001D55 : 40;
001D56 : EA;
001D57 : EA;
001D58 : EA;
001D59 : 20;
001D5A : 1D;
001D5B : 68;
001D5C : D7;
001D5D : 96;
001D5E : 96;
001D5F : 00;
001D60 : 00;
001D61 : 00;
001D62 : BD;
001D63 : 6F;
001D64 : 15;
001D65 : AF;
001D66 : 65;
001D67 : DF;
001D68 : 2F;
001D69 : 7C;
001D6A : 7C;
001D6B : 2F;
001D6C : D6;
001D6D : 4F;
001D6E : 1B;
001D6F : 03;
001D70 : 94;
001D71 : 00;
001D72 : 00;
001D73 : 00;
001D74 : 00;
001D75 : 00;
001D76 : 00;
001D77 : 00;
001D78 : 00;
001D79 : 00;
001D7A : 00;
001D7B : 00;
001D7C : 00;
001D7D : 00;
001D7E : 00;
001D7F : 00;
001D80 : 00;
001D81 : 00;
001D82 : 00;
001D83 : 00;
001D84 : 00;
001D85 : 00;
001D86 : 00;
001D87 : 00;
001D88 : 00;
001D89 : 00;
001D8A : 00;
001D8B : 00;
001D8C : 00;
001D8D : 00;
001D8E : 00;
001D8F : 00;
001D90 : 00;
001D91 : 99;
001D92 : 94;
001D93 : 15;
001D94 : 68;
001D95 : 2C;
001D96 : 20;
001D97 : 06;
001D98 : 06;
001D99 : 06;
001D9A : 06;
001D9B : 40;
001D9C : 20;
001D9D : 2C;
001D9E : E4;
001D9F : 08;
001DA0 : B2;
001DA1 : 23;
001DA2 : 19;
001DA3 : C6;
001DA4 : 6E;
001DA5 : 2F;
001DA6 : 31;
001DA7 : 72;
001DA8 : 3A;
001DA9 : 1D;
001DAA : 20;
001DAB : 40;
001DAC : EA;
001DAD : 20;
001DAE : 20;
001DAF : 20;
001DB0 : EA;
001DB1 : 40;
001DB2 : 06;
001DB3 : 40;
001DB4 : C4;
001DB5 : 6F;
001DB6 : D7;
001DB7 : 44;
001DB8 : 44;
001DB9 : 00;
001DBA : 00;
001DBB : 00;
001DBC : 00;
001DBD : 40;
001DBE : 96;
001DBF : 36;
001DC0 : F6;
001DC1 : 5A;
001DC2 : 0D;
001DC3 : 7C;
001DC4 : 7C;
001DC5 : 2F;
001DC6 : A3;
001DC7 : 0B;
001DC8 : 1B;
001DC9 : 94;
001DCA : 24;
001DCB : 00;
001DCC : 00;
001DCD : 00;
001DCE : 00;
001DCF : 00;
001DD0 : 00;
001DD1 : 00;
001DD2 : 00;
001DD3 : 00;
001DD4 : 00;
001DD5 : 00;
001DD6 : 00;
001DD7 : 00;
001DD8 : 00;
001DD9 : 00;
001DDA : 00;
001DDB : 00;
001DDC : 00;
001DDD : 00;
001DDE : 00;
001DDF : 00;
001DE0 : 00;
001DE1 : 00;
001DE2 : 00;
001DE3 : 00;
001DE4 : 00;
001DE5 : 00;
001DE6 : 00;
001DE7 : 00;
001DE8 : 00;
001DE9 : 00;
001DEA : 00;
001DEB : 15;
001DEC : 94;
001DED : 15;
001DEE : 52;
001DEF : 2C;
001DF0 : 20;
001DF1 : 06;
001DF2 : 06;
001DF3 : 06;
001DF4 : 06;
001DF5 : 06;
001DF6 : EA;
001DF7 : 2C;
001DF8 : E4;
001DF9 : D6;
001DFA : A0;
001DFB : 23;
001DFC : 19;
001DFD : C6;
001DFE : 6E;
001DFF : 02;
001E00 : 41;
001E01 : 90;
001E02 : C9;
001E03 : 3A;
001E04 : C4;
001E05 : 7B;
001E06 : C4;
001E07 : 1D;
001E08 : 1D;
001E09 : C4;
001E0A : 20;
001E0B : 40;
001E0C : 06;
001E0D : 40;
001E0E : 7B;
001E0F : 2C;
001E10 : B3;
001E11 : 44;
001E12 : 44;
001E13 : 6A;
001E14 : 00;
001E15 : 00;
001E16 : 00;
001E17 : 94;
001E18 : 94;
001E19 : 1B;
001E1A : 12;
001E1B : 37;
001E1C : 25;
001E1D : 6E;
001E1E : 7C;
001E1F : C6;
001E20 : 41;
001E21 : 72;
001E22 : 36;
001E23 : 03;
001E24 : 24;
001E25 : 24;
001E26 : 00;
001E27 : 00;
001E28 : 00;
001E29 : 00;
001E2A : 00;
001E2B : 00;
001E2C : 00;
001E2D : 00;
001E2E : 00;
001E2F : 00;
001E30 : 00;
001E31 : 00;
001E32 : 00;
001E33 : 00;
001E34 : 00;
001E35 : 00;
001E36 : 00;
001E37 : 00;
001E38 : 00;
001E39 : 00;
001E3A : 00;
001E3B : 00;
001E3C : 00;
001E3D : 00;
001E3E : 00;
001E3F : 00;
001E40 : 00;
001E41 : 00;
001E42 : 00;
001E43 : 00;
001E44 : 00;
001E45 : 15;
001E46 : 96;
001E47 : 1B;
001E48 : 52;
001E49 : 3A;
001E4A : 20;
001E4B : 06;
001E4C : 06;
001E4D : 06;
001E4E : 06;
001E4F : 06;
001E50 : EA;
001E51 : 2C;
001E52 : E4;
001E53 : D6;
001E54 : B2;
001E55 : 23;
001E56 : 19;
001E57 : C6;
001E58 : 19;
001E59 : 02;
001E5A : B2;
001E5B : CA;
001E5C : C9;
001E5D : 52;
001E5E : 6F;
001E5F : 6F;
001E60 : 6F;
001E61 : 3A;
001E62 : 2C;
001E63 : C4;
001E64 : 20;
001E65 : 40;
001E66 : 06;
001E67 : 40;
001E68 : 20;
001E69 : 1D;
001E6A : 52;
001E6B : 44;
001E6C : 44;
001E6D : 3D;
001E6E : 00;
001E6F : 00;
001E70 : 99;
001E71 : 94;
001E72 : 94;
001E73 : 15;
001E74 : 42;
001E75 : 37;
001E76 : 41;
001E77 : 19;
001E78 : 6E;
001E79 : C6;
001E7A : B2;
001E7B : 10;
001E7C : C9;
001E7D : 36;
001E7E : 2B;
001E7F : 24;
001E80 : 00;
001E81 : 00;
001E82 : 00;
001E83 : 00;
001E84 : 00;
001E85 : 00;
001E86 : 00;
001E87 : 00;
001E88 : 00;
001E89 : 00;
001E8A : 00;
001E8B : 00;
001E8C : 00;
001E8D : 00;
001E8E : 00;
001E8F : 00;
001E90 : 00;
001E91 : 00;
001E92 : 00;
001E93 : 00;
001E94 : 00;
001E95 : 00;
001E96 : 00;
001E97 : 00;
001E98 : 00;
001E99 : 00;
001E9A : 00;
001E9B : 00;
001E9C : 00;
001E9D : 00;
001E9E : 00;
001E9F : 1B;
001EA0 : 44;
001EA1 : 36;
001EA2 : 52;
001EA3 : 3A;
001EA4 : 20;
001EA5 : 40;
001EA6 : 06;
001EA7 : 06;
001EA8 : 06;
001EA9 : 40;
001EAA : EA;
001EAB : 1D;
001EAC : F6;
001EAD : 08;
001EAE : 0D;
001EAF : C6;
001EB0 : 19;
001EB1 : C6;
001EB2 : 19;
001EB3 : 02;
001EB4 : 0D;
001EB5 : 5F;
001EB6 : 42;
001EB7 : AF;
001EB8 : 52;
001EB9 : 68;
001EBA : 27;
001EBB : 3A;
001EBC : 1D;
001EBD : 20;
001EBE : 40;
001EBF : 06;
001EC0 : 06;
001EC1 : 40;
001EC2 : EA;
001EC3 : 1D;
001EC4 : 52;
001EC5 : D7;
001EC6 : 44;
001EC7 : 03;
001EC8 : 00;
001EC9 : 00;
001ECA : 94;
001ECB : A6;
001ECC : 1B;
001ECD : 3C;
001ECE : F6;
001ECF : 5A;
001ED0 : 25;
001ED1 : 23;
001ED2 : 6E;
001ED3 : C6;
001ED4 : 2F;
001ED5 : A4;
001ED6 : E4;
001ED7 : 3A;
001ED8 : 36;
001ED9 : 03;
001EDA : 00;
001EDB : 00;
001EDC : 00;
001EDD : 00;
001EDE : 00;
001EDF : 00;
001EE0 : 00;
001EE1 : 00;
001EE2 : 00;
001EE3 : 00;
001EE4 : 00;
001EE5 : 00;
001EE6 : 00;
001EE7 : 00;
001EE8 : 00;
001EE9 : 00;
001EEA : 00;
001EEB : 00;
001EEC : 00;
001EED : 00;
001EEE : 00;
001EEF : 00;
001EF0 : 00;
001EF1 : 00;
001EF2 : 00;
001EF3 : 00;
001EF4 : 00;
001EF5 : 00;
001EF6 : 00;
001EF7 : 00;
001EF8 : 00;
001EF9 : D7;
001EFA : 44;
001EFB : 36;
001EFC : 52;
001EFD : 3A;
001EFE : 20;
001EFF : 40;
001F00 : 06;
001F01 : 06;
001F02 : 06;
001F03 : 40;
001F04 : 20;
001F05 : 1D;
001F06 : 0B;
001F07 : 31;
001F08 : 2F;
001F09 : C6;
001F0A : 19;
001F0B : 19;
001F0C : 19;
001F0D : 23;
001F0E : 6B;
001F0F : 08;
001F10 : 12;
001F11 : 27;
001F12 : 3A;
001F13 : 1D;
001F14 : 7B;
001F15 : 20;
001F16 : EA;
001F17 : 40;
001F18 : 06;
001F19 : 06;
001F1A : 06;
001F1B : 06;
001F1C : 40;
001F1D : C4;
001F1E : 27;
001F1F : 36;
001F20 : 44;
001F21 : 03;
001F22 : 11;
001F23 : 00;
001F24 : 94;
001F25 : 2B;
001F26 : 3C;
001F27 : 12;
001F28 : CA;
001F29 : 41;
001F2A : 2F;
001F2B : 23;
001F2C : C6;
001F2D : 02;
001F2E : 2F;
001F2F : A3;
001F30 : C1;
001F31 : E4;
001F32 : 27;
001F33 : B3;
001F34 : 00;
001F35 : 00;
001F36 : 00;
001F37 : 00;
001F38 : 00;
001F39 : 00;
001F3A : 00;
001F3B : 00;
001F3C : 00;
001F3D : 00;
001F3E : 00;
001F3F : 00;
001F40 : 00;
001F41 : 00;
001F42 : 00;
001F43 : 00;
001F44 : 00;
001F45 : 00;
001F46 : 00;
001F47 : 00;
001F48 : 00;
001F49 : 00;
001F4A : 00;
001F4B : 00;
001F4C : 00;
001F4D : 00;
001F4E : 00;
001F4F : 00;
001F50 : 00;
001F51 : 00;
001F52 : 00;
001F53 : 00;
001F54 : 96;
001F55 : D7;
001F56 : 52;
001F57 : 6F;
001F58 : 7B;
001F59 : 40;
001F5A : 06;
001F5B : 06;
001F5C : 06;
001F5D : EA;
001F5E : 7B;
001F5F : 1D;
001F60 : C1;
001F61 : 41;
001F62 : 02;
001F63 : C6;
001F64 : 19;
001F65 : 19;
001F66 : 19;
001F67 : 23;
001F68 : 02;
001F69 : DF;
001F6A : F6;
001F6B : 3A;
001F6C : 2C;
001F6D : 7B;
001F6E : 40;
001F6F : 40;
001F70 : 06;
001F71 : 06;
001F72 : 06;
001F73 : 06;
001F74 : 06;
001F75 : 06;
001F76 : 40;
001F77 : 7B;
001F78 : 6F;
001F79 : B3;
001F7A : 44;
001F7B : 03;
001F7C : 11;
001F7D : 24;
001F7E : 2B;
001F7F : BC;
001F80 : 62;
001F81 : 84;
001F82 : 31;
001F83 : 2F;
001F84 : 02;
001F85 : 23;
001F86 : 23;
001F87 : 02;
001F88 : 2F;
001F89 : DF;
001F8A : C1;
001F8B : 1D;
001F8C : 36;
001F8D : 96;
001F8E : 00;
001F8F : 00;
001F90 : 00;
001F91 : 00;
001F92 : 00;
001F93 : 00;
001F94 : 00;
001F95 : 00;
001F96 : 00;
001F97 : 00;
001F98 : 00;
001F99 : 00;
001F9A : 00;
001F9B : 00;
001F9C : 00;
001F9D : 00;
001F9E : 00;
001F9F : 00;
001FA0 : 00;
001FA1 : 00;
001FA2 : 00;
001FA3 : 00;
001FA4 : 00;
001FA5 : 00;
001FA6 : 00;
001FA7 : 00;
001FA8 : 00;
001FA9 : 00;
001FAA : 00;
001FAB : 00;
001FAC : 00;
001FAD : 00;
001FAE : 99;
001FAF : 15;
001FB0 : 36;
001FB1 : 68;
001FB2 : 7B;
001FB3 : 40;
001FB4 : 06;
001FB5 : 06;
001FB6 : 06;
001FB7 : 20;
001FB8 : C4;
001FB9 : 1D;
001FBA : 72;
001FBB : B2;
001FBC : C6;
001FBD : 19;
001FBE : 19;
001FBF : 19;
001FC0 : 19;
001FC1 : 19;
001FC2 : 02;
001FC3 : 31;
001FC4 : 65;
001FC5 : BA;
001FC6 : 2C;
001FC7 : 20;
001FC8 : 06;
001FC9 : 06;
001FCA : 06;
001FCB : 06;
001FCC : 06;
001FCD : 06;
001FCE : 06;
001FCF : 06;
001FD0 : 06;
001FD1 : 20;
001FD2 : 3A;
001FD3 : 52;
001FD4 : 44;
001FD5 : 03;
001FD6 : 11;
001FD7 : 99;
001FD8 : BC;
001FD9 : 3C;
001FDA : 65;
001FDB : 31;
001FDC : 6B;
001FDD : 23;
001FDE : 23;
001FDF : 23;
001FE0 : 23;
001FE1 : 23;
001FE2 : 2F;
001FE3 : 08;
001FE4 : 4F;
001FE5 : C9;
001FE6 : 03;
001FE7 : AE;
001FE8 : 00;
001FE9 : 00;
001FEA : 00;
001FEB : 00;
001FEC : 00;
001FED : 00;
001FEE : 00;
001FEF : 00;
001FF0 : 00;
001FF1 : 00;
001FF2 : 00;
001FF3 : 00;
001FF4 : 00;
001FF5 : 00;
001FF6 : 00;
001FF7 : 00;
001FF8 : 00;
001FF9 : 00;
001FFA : 00;
001FFB : 00;
001FFC : 00;
001FFD : 00;
001FFE : 00;
001FFF : 00;
002000 : 00;
002001 : 00;
002002 : 00;
002003 : 00;
002004 : 00;
002005 : 00;
002006 : 00;
002007 : 00;
002008 : 99;
002009 : 96;
00200A : D7;
00200B : 68;
00200C : C4;
00200D : 40;
00200E : 06;
00200F : 06;
002010 : 06;
002011 : 20;
002012 : C4;
002013 : 1D;
002014 : 37;
002015 : B2;
002016 : C6;
002017 : 19;
002018 : 19;
002019 : 19;
00201A : 19;
00201B : 19;
00201C : 23;
00201D : 41;
00201E : 72;
00201F : 1D;
002020 : 2C;
002021 : 20;
002022 : 06;
002023 : 06;
002024 : 06;
002025 : 06;
002026 : 06;
002027 : 06;
002028 : 06;
002029 : 06;
00202A : 06;
00202B : EA;
00202C : 1D;
00202D : 68;
00202E : D7;
00202F : 96;
002030 : 11;
002031 : 99;
002032 : 48;
002033 : 9F;
002034 : 37;
002035 : A0;
002036 : 02;
002037 : 45;
002038 : 19;
002039 : 19;
00203A : 23;
00203B : C6;
00203C : 02;
00203D : DF;
00203E : C1;
00203F : C9;
002040 : 94;
002041 : 99;
002042 : 00;
002043 : 00;
002044 : 00;
002045 : 00;
002046 : 00;
002047 : 00;
002048 : 00;
002049 : 00;
00204A : 00;
00204B : 00;
00204C : 00;
00204D : 00;
00204E : 00;
00204F : 00;
002050 : 00;
002051 : 00;
002052 : 00;
002053 : 00;
002054 : 00;
002055 : 00;
002056 : 00;
002057 : 00;
002058 : 00;
002059 : 00;
00205A : 00;
00205B : 00;
00205C : 00;
00205D : 00;
00205E : 00;
00205F : 00;
002060 : 00;
002061 : 00;
002062 : AE;
002063 : 15;
002064 : 36;
002065 : 68;
002066 : C4;
002067 : 40;
002068 : 06;
002069 : 06;
00206A : 06;
00206B : 20;
00206C : 1D;
00206D : E4;
00206E : 90;
00206F : B2;
002070 : 19;
002071 : 19;
002072 : 19;
002073 : 19;
002074 : 23;
002075 : 19;
002076 : 19;
002077 : B2;
002078 : CA;
002079 : E4;
00207A : 6F;
00207B : 7B;
00207C : 40;
00207D : 06;
00207E : 06;
00207F : 06;
002080 : 06;
002081 : 06;
002082 : 06;
002083 : 06;
002084 : 06;
002085 : EA;
002086 : 1D;
002087 : 6F;
002088 : D7;
002089 : 44;
00208A : 94;
00208B : 11;
00208C : 07;
00208D : 60;
00208E : CA;
00208F : 6B;
002090 : 02;
002091 : 02;
002092 : 02;
002093 : 02;
002094 : 23;
002095 : C6;
002096 : 02;
002097 : 31;
002098 : 72;
002099 : 42;
00209A : AE;
00209B : 99;
00209C : 00;
00209D : 00;
00209E : 00;
00209F : 00;
0020A0 : 00;
0020A1 : 00;
0020A2 : 00;
0020A3 : 00;
0020A4 : 00;
0020A5 : 00;
0020A6 : 00;
0020A7 : 00;
0020A8 : 00;
0020A9 : 00;
0020AA : 00;
0020AB : 00;
0020AC : 00;
0020AD : 00;
0020AE : 00;
0020AF : 00;
0020B0 : 00;
0020B1 : 00;
0020B2 : 00;
0020B3 : 00;
0020B4 : 00;
0020B5 : 00;
0020B6 : 00;
0020B7 : 00;
0020B8 : 00;
0020B9 : 00;
0020BA : 00;
0020BB : 00;
0020BC : B3;
0020BD : 52;
0020BE : 36;
0020BF : 68;
0020C0 : C4;
0020C1 : EA;
0020C2 : 06;
0020C3 : 06;
0020C4 : 06;
0020C5 : 20;
0020C6 : 1D;
0020C7 : E4;
0020C8 : 10;
0020C9 : B2;
0020CA : 19;
0020CB : 19;
0020CC : 19;
0020CD : 45;
0020CE : 23;
0020CF : 19;
0020D0 : 19;
0020D1 : B2;
0020D2 : 5F;
0020D3 : F6;
0020D4 : 6F;
0020D5 : C4;
0020D6 : 40;
0020D7 : 06;
0020D8 : 06;
0020D9 : 06;
0020DA : 06;
0020DB : 06;
0020DC : 06;
0020DD : 06;
0020DE : 06;
0020DF : 40;
0020E0 : 7B;
0020E1 : 3A;
0020E2 : 36;
0020E3 : 44;
0020E4 : 2B;
0020E5 : 11;
0020E6 : 07;
0020E7 : 12;
0020E8 : 5A;
0020E9 : 6B;
0020EA : 6B;
0020EB : 41;
0020EC : 41;
0020ED : A0;
0020EE : 2F;
0020EF : 19;
0020F0 : 23;
0020F1 : 41;
0020F2 : 10;
0020F3 : 60;
0020F4 : 11;
0020F5 : 24;
0020F6 : 00;
0020F7 : 00;
0020F8 : 00;
0020F9 : 00;
0020FA : 00;
0020FB : 00;
0020FC : 00;
0020FD : 00;
0020FE : 00;
0020FF : 00;
002100 : 00;
002101 : 00;
002102 : 00;
002103 : 00;
002104 : 00;
002105 : 00;
002106 : 00;
002107 : 00;
002108 : 00;
002109 : 00;
00210A : 00;
00210B : 00;
00210C : 00;
00210D : 00;
00210E : 00;
00210F : 00;
002110 : 00;
002111 : 00;
002112 : 00;
002113 : 00;
002114 : 00;
002115 : 00;
002116 : 6F;
002117 : 52;
002118 : 52;
002119 : 68;
00211A : C4;
00211B : 20;
00211C : 06;
00211D : 06;
00211E : 06;
00211F : 20;
002120 : 1D;
002121 : E4;
002122 : 10;
002123 : B2;
002124 : 19;
002125 : 19;
002126 : 19;
002127 : 45;
002128 : 23;
002129 : 19;
00212A : 19;
00212B : 0D;
00212C : 08;
00212D : F6;
00212E : 68;
00212F : 1D;
002130 : 20;
002131 : 40;
002132 : 06;
002133 : 06;
002134 : 06;
002135 : 06;
002136 : 06;
002137 : 06;
002138 : 06;
002139 : 40;
00213A : 20;
00213B : 2C;
00213C : B3;
00213D : D7;
00213E : 96;
00213F : 11;
002140 : 3C;
002141 : F6;
002142 : D6;
002143 : 6B;
002144 : 41;
002145 : 5A;
002146 : 5A;
002147 : 47;
002148 : 6B;
002149 : 19;
00214A : 23;
00214B : 41;
00214C : 10;
00214D : 60;
00214E : 11;
00214F : 24;
002150 : 00;
002151 : 00;
002152 : 00;
002153 : 00;
002154 : 00;
002155 : 00;
002156 : 00;
002157 : 00;
002158 : 00;
002159 : 00;
00215A : 00;
00215B : 00;
00215C : 00;
00215D : 00;
00215E : 00;
00215F : 00;
002160 : 00;
002161 : 00;
002162 : 00;
002163 : 00;
002164 : 00;
002165 : 00;
002166 : 00;
002167 : 00;
002168 : 00;
002169 : 00;
00216A : 00;
00216B : 00;
00216C : 00;
00216D : 00;
00216E : 00;
00216F : 00;
002170 : 73;
002171 : 52;
002172 : 36;
002173 : 52;
002174 : 1D;
002175 : 20;
002176 : 40;
002177 : 06;
002178 : 40;
002179 : 7B;
00217A : 1D;
00217B : E4;
00217C : 10;
00217D : B2;
00217E : 19;
00217F : 19;
002180 : 19;
002181 : 23;
002182 : 23;
002183 : 23;
002184 : 19;
002185 : 0D;
002186 : 08;
002187 : F6;
002188 : 52;
002189 : 3A;
00218A : 7B;
00218B : 40;
00218C : 06;
00218D : 06;
00218E : 06;
00218F : 06;
002190 : 06;
002191 : 06;
002192 : 06;
002193 : 40;
002194 : 20;
002195 : 1D;
002196 : 52;
002197 : 36;
002198 : 96;
002199 : 11;
00219A : 3C;
00219B : 65;
00219C : 08;
00219D : 0D;
00219E : 08;
00219F : 1A;
0021A0 : 57;
0021A1 : 10;
0021A2 : B2;
0021A3 : 19;
0021A4 : 23;
0021A5 : 41;
0021A6 : CA;
0021A7 : 42;
0021A8 : 11;
0021A9 : 24;
0021AA : 00;
0021AB : 00;
0021AC : 00;
0021AD : 00;
0021AE : 00;
0021AF : 00;
0021B0 : 00;
0021B1 : 00;
0021B2 : 00;
0021B3 : 00;
0021B4 : 00;
0021B5 : 00;
0021B6 : 00;
0021B7 : 00;
0021B8 : 00;
0021B9 : 00;
0021BA : 00;
0021BB : 00;
0021BC : 00;
0021BD : 00;
0021BE : 00;
0021BF : 00;
0021C0 : 00;
0021C1 : 00;
0021C2 : 00;
0021C3 : 00;
0021C4 : 00;
0021C5 : 00;
0021C6 : 00;
0021C7 : 00;
0021C8 : 00;
0021C9 : 00;
0021CA : A4;
0021CB : 36;
0021CC : 44;
0021CD : 52;
0021CE : 1D;
0021CF : 20;
0021D0 : 40;
0021D1 : 06;
0021D2 : 40;
0021D3 : 7B;
0021D4 : BA;
0021D5 : E4;
0021D6 : 10;
0021D7 : B2;
0021D8 : 02;
0021D9 : 2F;
0021DA : 2F;
0021DB : 02;
0021DC : 23;
0021DD : 23;
0021DE : 23;
0021DF : B2;
0021E0 : D6;
0021E1 : E4;
0021E2 : 52;
0021E3 : 68;
0021E4 : 1D;
0021E5 : EA;
0021E6 : 06;
0021E7 : 06;
0021E8 : 06;
0021E9 : 06;
0021EA : 06;
0021EB : 06;
0021EC : 06;
0021ED : 06;
0021EE : 40;
0021EF : C4;
0021F0 : 68;
0021F1 : 36;
0021F2 : 15;
0021F3 : 11;
0021F4 : 17;
0021F5 : 21;
0021F6 : 08;
0021F7 : B2;
0021F8 : 5A;
0021F9 : 42;
0021FA : 12;
0021FB : 37;
0021FC : 25;
0021FD : 02;
0021FE : 6B;
0021FF : 31;
002200 : CA;
002201 : 42;
002202 : 34;
002203 : 24;
002204 : 00;
002205 : 00;
002206 : 00;
002207 : 00;
002208 : 00;
002209 : 00;
00220A : 00;
00220B : 00;
00220C : 00;
00220D : 00;
00220E : 00;
00220F : 00;
002210 : 00;
002211 : 00;
002212 : 00;
002213 : 00;
002214 : 00;
002215 : 00;
002216 : 00;
002217 : 00;
002218 : 00;
002219 : 00;
00221A : 00;
00221B : 00;
00221C : 00;
00221D : 00;
00221E : 00;
00221F : 00;
002220 : 00;
002221 : 00;
002222 : 00;
002223 : 00;
002224 : 00;
002225 : 2B;
002226 : 96;
002227 : 36;
002228 : 2C;
002229 : 7B;
00222A : 40;
00222B : 06;
00222C : 40;
00222D : 1D;
00222E : 3A;
00222F : F6;
002230 : 5A;
002231 : 0D;
002232 : 6B;
002233 : 31;
002234 : 41;
002235 : 0D;
002236 : 2F;
002237 : 02;
002238 : 02;
002239 : B2;
00223A : 5F;
00223B : F6;
00223C : 52;
00223D : 52;
00223E : 2C;
00223F : 20;
002240 : 40;
002241 : 06;
002242 : 06;
002243 : 06;
002244 : 06;
002245 : 06;
002246 : 06;
002247 : 06;
002248 : 40;
002249 : 7B;
00224A : 6F;
00224B : 52;
00224C : 15;
00224D : 11;
00224E : 17;
00224F : 21;
002250 : 08;
002251 : 25;
002252 : 10;
002253 : 42;
002254 : 1A;
002255 : CA;
002256 : 41;
002257 : B2;
002258 : 31;
002259 : 08;
00225A : 10;
00225B : 42;
00225C : 34;
00225D : 24;
00225E : 00;
00225F : 00;
002260 : 00;
002261 : 00;
002262 : 00;
002263 : 00;
002264 : 00;
002265 : 00;
002266 : 00;
002267 : 00;
002268 : 00;
002269 : 00;
00226A : 00;
00226B : 00;
00226C : 00;
00226D : 00;
00226E : 00;
00226F : 00;
002270 : 00;
002271 : 00;
002272 : 00;
002273 : 00;
002274 : 00;
002275 : 00;
002276 : 00;
002277 : 00;
002278 : 00;
002279 : 00;
00227A : 00;
00227B : 00;
00227C : 00;
00227D : 00;
00227E : 00;
00227F : 2B;
002280 : 2B;
002281 : 36;
002282 : 2C;
002283 : 7B;
002284 : 40;
002285 : EA;
002286 : 7B;
002287 : 3A;
002288 : C9;
002289 : 72;
00228A : DF;
00228B : 0D;
00228C : 0E;
00228D : 84;
00228E : 08;
00228F : 25;
002290 : 41;
002291 : 41;
002292 : B2;
002293 : 31;
002294 : CA;
002295 : F6;
002296 : 3C;
002297 : 36;
002298 : 6F;
002299 : C4;
00229A : 20;
00229B : 40;
00229C : 06;
00229D : 06;
00229E : 06;
00229F : 06;
0022A0 : 06;
0022A1 : 06;
0022A2 : 40;
0022A3 : 7B;
0022A4 : 3A;
0022A5 : 68;
0022A6 : 15;
0022A7 : 94;
0022A8 : 3C;
0022A9 : 57;
0022AA : 37;
0022AB : 1E;
0022AC : 4F;
0022AD : C9;
0022AE : 21;
0022AF : 08;
0022B0 : 31;
0022B1 : 31;
0022B2 : 1E;
0022B3 : CA;
0022B4 : 84;
0022B5 : 60;
0022B6 : 34;
0022B7 : 24;
0022B8 : 00;
0022B9 : 00;
0022BA : 00;
0022BB : 00;
0022BC : 00;
0022BD : 00;
0022BE : 00;
0022BF : 00;
0022C0 : 00;
0022C1 : 00;
0022C2 : 00;
0022C3 : 00;
0022C4 : 00;
0022C5 : 00;
0022C6 : 00;
0022C7 : 00;
0022C8 : 00;
0022C9 : 00;
0022CA : 00;
0022CB : 00;
0022CC : 00;
0022CD : 00;
0022CE : 00;
0022CF : 00;
0022D0 : 00;
0022D1 : 00;
0022D2 : 00;
0022D3 : 00;
0022D4 : 00;
0022D5 : 00;
0022D6 : 00;
0022D7 : 00;
0022D8 : 00;
0022D9 : 44;
0022DA : 44;
0022DB : B3;
0022DC : BA;
0022DD : 7B;
0022DE : EA;
0022DF : 7B;
0022E0 : 3A;
0022E1 : 27;
0022E2 : 12;
0022E3 : 5F;
0022E4 : 25;
0022E5 : B2;
0022E6 : D6;
0022E7 : 57;
0022E8 : 84;
0022E9 : 0E;
0022EA : 08;
0022EB : 1E;
0022EC : DF;
0022ED : 47;
0022EE : 10;
0022EF : F6;
0022F0 : AF;
0022F1 : 1B;
0022F2 : 52;
0022F3 : 2C;
0022F4 : 7B;
0022F5 : 40;
0022F6 : 06;
0022F7 : 06;
0022F8 : 06;
0022F9 : 06;
0022FA : 06;
0022FB : 06;
0022FC : 06;
0022FD : 20;
0022FE : 1D;
0022FF : 68;
002300 : 15;
002301 : 03;
002302 : 48;
002303 : C9;
002304 : 12;
002305 : 57;
002306 : 42;
002307 : C9;
002308 : 10;
002309 : 31;
00230A : DF;
00230B : 1E;
00230C : 72;
00230D : 37;
00230E : 37;
00230F : 62;
002310 : 11;
002311 : 24;
002312 : 00;
002313 : 00;
002314 : 00;
002315 : 00;
002316 : 00;
002317 : 00;
002318 : 00;
002319 : 00;
00231A : 00;
00231B : 00;
00231C : 00;
00231D : 00;
00231E : 00;
00231F : 00;
002320 : 00;
002321 : 00;
002322 : 00;
002323 : 00;
002324 : 00;
002325 : 00;
002326 : 00;
002327 : 00;
002328 : 00;
002329 : 00;
00232A : 00;
00232B : 00;
00232C : 00;
00232D : 00;
00232E : 00;
00232F : 00;
002330 : 00;
002331 : 00;
002332 : 15;
002333 : 1B;
002334 : 1B;
002335 : 52;
002336 : 1D;
002337 : 7B;
002338 : 7B;
002339 : 1D;
00233A : BA;
00233B : 65;
00233C : 5A;
00233D : 41;
00233E : 0D;
00233F : 31;
002340 : 37;
002341 : 12;
002342 : 5A;
002343 : 41;
002344 : CA;
002345 : 72;
002346 : 08;
002347 : 08;
002348 : 37;
002349 : 57;
00234A : 15;
00234B : 2B;
00234C : 36;
00234D : 3A;
00234E : C4;
00234F : 40;
002350 : 06;
002351 : 06;
002352 : 06;
002353 : 06;
002354 : 06;
002355 : 06;
002356 : 06;
002357 : 20;
002358 : 1D;
002359 : 68;
00235A : 15;
00235B : 2B;
00235C : 1B;
00235D : 07;
00235E : 3C;
00235F : 3C;
002360 : 17;
002361 : 12;
002362 : 08;
002363 : 25;
002364 : 08;
002365 : 10;
002366 : 72;
002367 : 72;
002368 : 72;
002369 : 60;
00236A : 11;
00236B : 24;
00236C : 00;
00236D : 00;
00236E : 00;
00236F : 00;
002370 : 00;
002371 : 00;
002372 : 00;
002373 : 00;
002374 : 00;
002375 : 00;
002376 : 00;
002377 : 00;
002378 : 00;
002379 : 00;
00237A : 00;
00237B : 00;
00237C : 00;
00237D : 00;
00237E : 00;
00237F : 00;
002380 : 00;
002381 : 00;
002382 : 00;
002383 : 00;
002384 : 00;
002385 : 00;
002386 : 00;
002387 : 00;
002388 : 00;
002389 : 00;
00238A : 00;
00238B : 00;
00238C : 15;
00238D : 1B;
00238E : B3;
00238F : 68;
002390 : C4;
002391 : 7B;
002392 : 1D;
002393 : 1D;
002394 : F6;
002395 : 5A;
002396 : 41;
002397 : B2;
002398 : 0E;
002399 : 10;
00239A : 65;
00239B : 65;
00239C : 08;
00239D : 0E;
00239E : 37;
00239F : 65;
0023A0 : 08;
0023A1 : 08;
0023A2 : C1;
0023A3 : BA;
0023A4 : 94;
0023A5 : 11;
0023A6 : 36;
0023A7 : 6F;
0023A8 : 1D;
0023A9 : 40;
0023AA : 06;
0023AB : 06;
0023AC : 06;
0023AD : 06;
0023AE : 06;
0023AF : 06;
0023B0 : 06;
0023B1 : 20;
0023B2 : 1D;
0023B3 : 68;
0023B4 : 44;
0023B5 : 2B;
0023B6 : 2B;
0023B7 : 2B;
0023B8 : 15;
0023B9 : 48;
0023BA : 42;
0023BB : 21;
0023BC : 0E;
0023BD : A0;
0023BE : 5A;
0023BF : 37;
0023C0 : 37;
0023C1 : 72;
0023C2 : 65;
0023C3 : 9F;
0023C4 : 11;
0023C5 : 24;
0023C6 : 00;
0023C7 : 00;
0023C8 : 00;
0023C9 : 00;
0023CA : 00;
0023CB : 00;
0023CC : 00;
0023CD : 00;
0023CE : 00;
0023CF : 00;
0023D0 : 00;
0023D1 : 00;
0023D2 : 00;
0023D3 : 00;
0023D4 : 00;
0023D5 : 00;
0023D6 : 00;
0023D7 : 00;
0023D8 : 00;
0023D9 : 00;
0023DA : 00;
0023DB : 00;
0023DC : 00;
0023DD : 00;
0023DE : 00;
0023DF : 00;
0023E0 : 00;
0023E1 : 00;
0023E2 : 00;
0023E3 : 00;
0023E4 : 00;
0023E5 : 00;
0023E6 : 15;
0023E7 : 1B;
0023E8 : AF;
0023E9 : 6F;
0023EA : 7B;
0023EB : 20;
0023EC : 1D;
0023ED : E4;
0023EE : C1;
0023EF : D6;
0023F0 : 31;
0023F1 : D6;
0023F2 : 72;
0023F3 : 12;
0023F4 : 4F;
0023F5 : 1E;
0023F6 : 31;
0023F7 : 47;
0023F8 : 72;
0023F9 : 21;
0023FA : DF;
0023FB : 08;
0023FC : F6;
0023FD : C9;
0023FE : 15;
0023FF : 03;
002400 : 36;
002401 : 6F;
002402 : 1D;
002403 : 40;
002404 : 06;
002405 : 06;
002406 : 06;
002407 : 06;
002408 : 06;
002409 : 06;
00240A : 06;
00240B : 20;
00240C : BA;
00240D : 68;
00240E : 44;
00240F : 2B;
002410 : 03;
002411 : 2B;
002412 : 48;
002413 : 27;
002414 : 21;
002415 : 31;
002416 : 46;
002417 : 41;
002418 : 37;
002419 : 21;
00241A : 10;
00241B : 21;
00241C : 60;
00241D : 07;
00241E : 11;
00241F : 24;
002420 : 00;
002421 : 00;
002422 : 00;
002423 : 00;
002424 : 00;
002425 : 00;
002426 : 00;
002427 : 00;
002428 : 00;
002429 : 00;
00242A : 00;
00242B : 00;
00242C : 00;
00242D : 00;
00242E : 00;
00242F : 00;
002430 : 00;
002431 : 00;
002432 : 00;
002433 : 00;
002434 : 00;
002435 : 00;
002436 : 00;
002437 : 00;
002438 : 00;
002439 : 00;
00243A : 00;
00243B : 00;
00243C : 00;
00243D : 00;
00243E : 00;
00243F : 4B;
002440 : 15;
002441 : 1B;
002442 : 68;
002443 : 2C;
002444 : 20;
002445 : EA;
002446 : C4;
002447 : E4;
002448 : 4F;
002449 : 72;
00244A : 10;
00244B : 65;
00244C : 57;
00244D : 1A;
00244E : 84;
00244F : 31;
002450 : 08;
002451 : 8F;
002452 : 72;
002453 : 10;
002454 : 31;
002455 : D6;
002456 : 12;
002457 : 3C;
002458 : 1B;
002459 : 15;
00245A : 36;
00245B : 3A;
00245C : C4;
00245D : 40;
00245E : 06;
00245F : 06;
002460 : 06;
002461 : 06;
002462 : 06;
002463 : 06;
002464 : 40;
002465 : 7B;
002466 : 3A;
002467 : 3C;
002468 : 1B;
002469 : 13;
00246A : 2B;
00246B : 15;
00246C : 3C;
00246D : 12;
00246E : CA;
00246F : 41;
002470 : 0E;
002471 : D6;
002472 : F6;
002473 : F6;
002474 : 72;
002475 : F6;
002476 : 17;
002477 : 1B;
002478 : 99;
002479 : 24;
00247A : 00;
00247B : 00;
00247C : 00;
00247D : 00;
00247E : 00;
00247F : 00;
002480 : 00;
002481 : 00;
002482 : 00;
002483 : 00;
002484 : 00;
002485 : 00;
002486 : 00;
002487 : 00;
002488 : 00;
002489 : 00;
00248A : 00;
00248B : 00;
00248C : 00;
00248D : 00;
00248E : 00;
00248F : 00;
002490 : 00;
002491 : 00;
002492 : 00;
002493 : 00;
002494 : 00;
002495 : 00;
002496 : 00;
002497 : 00;
002498 : 4B;
002499 : BC;
00249A : 1B;
00249B : 36;
00249C : 3A;
00249D : C4;
00249E : EA;
00249F : 40;
0024A0 : 20;
0024A1 : 1D;
0024A2 : 3A;
0024A3 : 27;
0024A4 : 27;
0024A5 : C9;
0024A6 : 1A;
0024A7 : 1E;
0024A8 : 31;
0024A9 : 31;
0024AA : 10;
0024AB : 65;
0024AC : CA;
0024AD : 08;
0024AE : 08;
0024AF : 37;
0024B0 : 9F;
0024B1 : 1B;
0024B2 : 1B;
0024B3 : 15;
0024B4 : 36;
0024B5 : 3A;
0024B6 : 7B;
0024B7 : 40;
0024B8 : 06;
0024B9 : 06;
0024BA : 06;
0024BB : 06;
0024BC : 06;
0024BD : 06;
0024BE : 40;
0024BF : 7B;
0024C0 : 3A;
0024C1 : 3C;
0024C2 : 48;
0024C3 : 1B;
0024C4 : 96;
0024C5 : 15;
0024C6 : 17;
0024C7 : 12;
0024C8 : 84;
0024C9 : 08;
0024CA : CA;
0024CB : 4F;
0024CC : 60;
0024CD : 60;
0024CE : 57;
0024CF : 42;
0024D0 : 1B;
0024D1 : 2B;
0024D2 : 24;
0024D3 : 24;
0024D4 : 00;
0024D5 : 00;
0024D6 : 00;
0024D7 : 00;
0024D8 : 00;
0024D9 : 00;
0024DA : 00;
0024DB : 00;
0024DC : 00;
0024DD : 00;
0024DE : 00;
0024DF : 00;
0024E0 : 00;
0024E1 : 00;
0024E2 : 00;
0024E3 : 00;
0024E4 : 00;
0024E5 : 00;
0024E6 : 00;
0024E7 : 00;
0024E8 : 00;
0024E9 : 00;
0024EA : 00;
0024EB : 00;
0024EC : 00;
0024ED : 00;
0024EE : 00;
0024EF : 00;
0024F0 : 00;
0024F1 : 00;
0024F2 : 13;
0024F3 : 1B;
0024F4 : 36;
0024F5 : 3C;
0024F6 : 2C;
0024F7 : 20;
0024F8 : 40;
0024F9 : 06;
0024FA : 40;
0024FB : 20;
0024FC : 1D;
0024FD : 6F;
0024FE : 68;
0024FF : 27;
002500 : 57;
002501 : 5A;
002502 : 1E;
002503 : 10;
002504 : F6;
002505 : 12;
002506 : 72;
002507 : CA;
002508 : 72;
002509 : 57;
00250A : AF;
00250B : 13;
00250C : 1B;
00250D : 15;
00250E : AF;
00250F : 1D;
002510 : 20;
002511 : 40;
002512 : 06;
002513 : 06;
002514 : 06;
002515 : 06;
002516 : 06;
002517 : 06;
002518 : 40;
002519 : 7B;
00251A : 27;
00251B : AF;
00251C : 48;
00251D : 1B;
00251E : 2B;
00251F : 15;
002520 : AF;
002521 : C9;
002522 : F6;
002523 : 21;
002524 : 57;
002525 : 27;
002526 : 3C;
002527 : 3C;
002528 : 17;
002529 : 3C;
00252A : 2B;
00252B : 11;
00252C : 24;
00252D : 24;
00252E : 00;
00252F : 00;
002530 : 00;
002531 : 00;
002532 : 00;
002533 : 00;
002534 : 00;
002535 : 00;
002536 : 00;
002537 : 00;
002538 : 00;
002539 : 00;
00253A : 00;
00253B : 00;
00253C : 00;
00253D : 00;
00253E : 00;
00253F : 00;
002540 : 00;
002541 : 00;
002542 : 00;
002543 : 00;
002544 : 00;
002545 : 00;
002546 : 00;
002547 : 00;
002548 : 00;
002549 : 00;
00254A : 00;
00254B : 00;
00254C : 1B;
00254D : 1B;
00254E : AF;
00254F : 68;
002550 : C4;
002551 : 40;
002552 : 06;
002553 : 06;
002554 : 06;
002555 : 40;
002556 : EA;
002557 : 20;
002558 : 1D;
002559 : 3A;
00255A : BA;
00255B : 4F;
00255C : F6;
00255D : 42;
00255E : 27;
00255F : 42;
002560 : 57;
002561 : 1A;
002562 : 42;
002563 : 07;
002564 : 13;
002565 : 2B;
002566 : 15;
002567 : 15;
002568 : 52;
002569 : 1D;
00256A : 20;
00256B : 06;
00256C : 06;
00256D : 06;
00256E : 06;
00256F : 06;
002570 : 06;
002571 : 06;
002572 : 40;
002573 : C4;
002574 : 68;
002575 : 36;
002576 : 44;
002577 : 2B;
002578 : 94;
002579 : 2B;
00257A : 4B;
00257B : 15;
00257C : 1B;
00257D : 36;
00257E : 1B;
00257F : 15;
002580 : 15;
002581 : 4B;
002582 : 4B;
002583 : 2B;
002584 : 34;
002585 : 11;
002586 : 00;
002587 : 00;
002588 : 00;
002589 : 00;
00258A : 00;
00258B : 00;
00258C : 00;
00258D : 00;
00258E : 00;
00258F : 00;
002590 : 00;
002591 : 00;
002592 : 00;
002593 : 00;
002594 : 00;
002595 : 00;
002596 : 00;
002597 : 00;
002598 : 00;
002599 : 00;
00259A : 00;
00259B : 00;
00259C : 00;
00259D : 00;
00259E : 00;
00259F : 00;
0025A0 : 00;
0025A1 : 00;
0025A2 : 00;
0025A3 : 00;
0025A4 : 00;
0025A5 : 03;
0025A6 : 44;
0025A7 : 1B;
0025A8 : 52;
0025A9 : 3A;
0025AA : 7B;
0025AB : 40;
0025AC : 06;
0025AD : 06;
0025AE : 06;
0025AF : 06;
0025B0 : 06;
0025B1 : 40;
0025B2 : 20;
0025B3 : C4;
0025B4 : 1D;
0025B5 : 1D;
0025B6 : 3A;
0025B7 : 52;
0025B8 : AF;
0025B9 : AF;
0025BA : 27;
0025BB : 9F;
0025BC : 07;
0025BD : 4B;
0025BE : 2B;
0025BF : 2B;
0025C0 : 1B;
0025C1 : D7;
0025C2 : 68;
0025C3 : C4;
0025C4 : EA;
0025C5 : 06;
0025C6 : 06;
0025C7 : 06;
0025C8 : 06;
0025C9 : 06;
0025CA : 06;
0025CB : 06;
0025CC : 40;
0025CD : 1D;
0025CE : 52;
0025CF : 1B;
0025D0 : 03;
0025D1 : 11;
0025D2 : D1;
0025D3 : 34;
0025D4 : 94;
0025D5 : 94;
0025D6 : 94;
0025D7 : 94;
0025D8 : 94;
0025D9 : 94;
0025DA : 03;
0025DB : 34;
0025DC : 11;
0025DD : 24;
0025DE : 24;
0025DF : 24;
0025E0 : 00;
0025E1 : 00;
0025E2 : 00;
0025E3 : 00;
0025E4 : 00;
0025E5 : 00;
0025E6 : 00;
0025E7 : 00;
0025E8 : 00;
0025E9 : 00;
0025EA : 00;
0025EB : 00;
0025EC : 00;
0025ED : 00;
0025EE : 00;
0025EF : 00;
0025F0 : 00;
0025F1 : 00;
0025F2 : 00;
0025F3 : 00;
0025F4 : 00;
0025F5 : 00;
0025F6 : 00;
0025F7 : 00;
0025F8 : 00;
0025F9 : 00;
0025FA : 00;
0025FB : 00;
0025FC : 00;
0025FD : 00;
0025FE : 03;
0025FF : 2B;
002600 : 44;
002601 : D7;
002602 : 27;
002603 : 1D;
002604 : EA;
002605 : 06;
002606 : 06;
002607 : 06;
002608 : 06;
002609 : 06;
00260A : 06;
00260B : 06;
00260C : 40;
00260D : 20;
00260E : 7B;
00260F : 1D;
002610 : 6F;
002611 : 52;
002612 : 36;
002613 : 15;
002614 : 2B;
002615 : 03;
002616 : 34;
002617 : 11;
002618 : 34;
002619 : 44;
00261A : D7;
00261B : 36;
00261C : 68;
00261D : 7B;
00261E : 40;
00261F : 06;
002620 : 06;
002621 : 06;
002622 : 06;
002623 : 06;
002624 : 06;
002625 : 40;
002626 : EA;
002627 : 1D;
002628 : AF;
002629 : 1B;
00262A : 34;
00262B : 24;
00262C : 00;
00262D : 00;
00262E : 99;
00262F : 24;
002630 : 24;
002631 : 24;
002632 : 24;
002633 : 24;
002634 : 24;
002635 : 24;
002636 : 24;
002637 : 00;
002638 : 00;
002639 : 00;
00263A : 00;
00263B : 00;
00263C : 00;
00263D : 00;
00263E : 00;
00263F : 00;
002640 : 00;
002641 : 00;
002642 : 00;
002643 : 00;
002644 : 00;
002645 : 00;
002646 : 00;
002647 : 00;
002648 : 00;
002649 : 00;
00264A : 00;
00264B : 00;
00264C : 00;
00264D : 00;
00264E : 00;
00264F : 00;
002650 : 00;
002651 : 00;
002652 : 00;
002653 : 00;
002654 : 00;
002655 : 00;
002656 : 00;
002657 : 00;
002658 : 03;
002659 : 2B;
00265A : 1B;
00265B : B3;
00265C : 3A;
00265D : 7B;
00265E : 40;
00265F : 06;
002660 : 06;
002661 : 06;
002662 : 06;
002663 : 06;
002664 : 06;
002665 : 06;
002666 : 06;
002667 : 40;
002668 : EA;
002669 : 7B;
00266A : 2C;
00266B : 52;
00266C : 1B;
00266D : 15;
00266E : 94;
00266F : 99;
002670 : 99;
002671 : 24;
002672 : AE;
002673 : 44;
002674 : 36;
002675 : 52;
002676 : 6F;
002677 : 20;
002678 : 40;
002679 : 06;
00267A : 06;
00267B : 06;
00267C : 06;
00267D : 06;
00267E : 06;
00267F : 40;
002680 : EA;
002681 : 1D;
002682 : 36;
002683 : 1B;
002684 : 2B;
002685 : 11;
002686 : 00;
002687 : 00;
002688 : 00;
002689 : 00;
00268A : 00;
00268B : 00;
00268C : 00;
00268D : 00;
00268E : 00;
00268F : 00;
002690 : 00;
002691 : 00;
002692 : 00;
002693 : 00;
002694 : 00;
002695 : 00;
002696 : 00;
002697 : 00;
002698 : 00;
002699 : 00;
00269A : 00;
00269B : 00;
00269C : 00;
00269D : 00;
00269E : 00;
00269F : 00;
0026A0 : 00;
0026A1 : 00;
0026A2 : 00;
0026A3 : 00;
0026A4 : 00;
0026A5 : 00;
0026A6 : 00;
0026A7 : 00;
0026A8 : 00;
0026A9 : 00;
0026AA : 00;
0026AB : 00;
0026AC : 00;
0026AD : 00;
0026AE : 00;
0026AF : 00;
0026B0 : 00;
0026B1 : 00;
0026B2 : 2B;
0026B3 : 2B;
0026B4 : D7;
0026B5 : 52;
0026B6 : 1D;
0026B7 : EA;
0026B8 : 40;
0026B9 : 06;
0026BA : 06;
0026BB : 06;
0026BC : 06;
0026BD : 06;
0026BE : 06;
0026BF : 06;
0026C0 : 06;
0026C1 : 06;
0026C2 : 40;
0026C3 : 7B;
0026C4 : 2C;
0026C5 : AF;
0026C6 : 1B;
0026C7 : 2B;
0026C8 : 24;
0026C9 : 00;
0026CA : 00;
0026CB : 00;
0026CC : BA;
0026CD : 1B;
0026CE : 36;
0026CF : 52;
0026D0 : 3A;
0026D1 : 20;
0026D2 : 06;
0026D3 : 06;
0026D4 : 06;
0026D5 : 06;
0026D6 : 06;
0026D7 : 06;
0026D8 : 06;
0026D9 : 40;
0026DA : 20;
0026DB : BA;
0026DC : 36;
0026DD : 15;
0026DE : 2B;
0026DF : 34;
0026E0 : 00;
0026E1 : 00;
0026E2 : 00;
0026E3 : 00;
0026E4 : 00;
0026E5 : 00;
0026E6 : 00;
0026E7 : 00;
0026E8 : 00;
0026E9 : 00;
0026EA : 00;
0026EB : 00;
0026EC : 00;
0026ED : 00;
0026EE : 00;
0026EF : 00;
0026F0 : 00;
0026F1 : 00;
0026F2 : 00;
0026F3 : 00;
0026F4 : 00;
0026F5 : 00;
0026F6 : 00;
0026F7 : 00;
0026F8 : 00;
0026F9 : 00;
0026FA : 00;
0026FB : 00;
0026FC : 00;
0026FD : 00;
0026FE : 00;
0026FF : 00;
002700 : 00;
002701 : 00;
002702 : 00;
002703 : 00;
002704 : 00;
002705 : 00;
002706 : 00;
002707 : 00;
002708 : 00;
002709 : 00;
00270A : 03;
00270B : 00;
00270C : 2B;
00270D : 44;
00270E : B3;
00270F : 6F;
002710 : 1D;
002711 : EA;
002712 : 40;
002713 : 40;
002714 : 06;
002715 : 06;
002716 : 06;
002717 : 06;
002718 : 06;
002719 : 06;
00271A : 06;
00271B : 06;
00271C : EA;
00271D : 1D;
00271E : 27;
00271F : 36;
002720 : 15;
002721 : 2B;
002722 : 00;
002723 : 00;
002724 : 00;
002725 : 00;
002726 : 1C;
002727 : 1B;
002728 : B3;
002729 : 68;
00272A : 1D;
00272B : 20;
00272C : 06;
00272D : 06;
00272E : 06;
00272F : 06;
002730 : 06;
002731 : 06;
002732 : 06;
002733 : 40;
002734 : 7B;
002735 : 3A;
002736 : 36;
002737 : 15;
002738 : 2B;
002739 : 24;
00273A : 00;
00273B : 00;
00273C : 00;
00273D : 00;
00273E : 00;
00273F : 00;
002740 : 00;
002741 : 00;
002742 : 00;
002743 : 00;
002744 : 00;
002745 : 00;
002746 : 00;
002747 : 00;
002748 : 00;
002749 : 00;
00274A : 00;
00274B : 00;
00274C : 00;
00274D : 00;
00274E : 00;
00274F : 00;
002750 : 00;
002751 : 00;
002752 : 00;
002753 : 00;
002754 : 00;
002755 : 00;
002756 : 00;
002757 : 00;
002758 : 00;
002759 : 00;
00275A : 00;
00275B : 00;
00275C : 00;
00275D : 00;
00275E : 00;
00275F : 00;
002760 : 00;
002761 : 00;
002762 : 00;
002763 : 00;
002764 : 34;
002765 : 24;
002766 : 2B;
002767 : 44;
002768 : AF;
002769 : 3A;
00276A : 1D;
00276B : 7B;
00276C : 7B;
00276D : 20;
00276E : 40;
00276F : 06;
002770 : 06;
002771 : 06;
002772 : 06;
002773 : 06;
002774 : 40;
002775 : 40;
002776 : 7B;
002777 : 3A;
002778 : AF;
002779 : 1B;
00277A : 4B;
00277B : 13;
00277C : 00;
00277D : 00;
00277E : 00;
00277F : 00;
002780 : C7;
002781 : 1B;
002782 : 36;
002783 : 27;
002784 : 1D;
002785 : 7B;
002786 : 20;
002787 : EA;
002788 : 40;
002789 : 40;
00278A : 06;
00278B : 40;
00278C : 40;
00278D : EA;
00278E : 7B;
00278F : 6F;
002790 : 1B;
002791 : 2B;
002792 : 34;
002793 : 00;
002794 : 00;
002795 : 00;
002796 : 00;
002797 : 00;
002798 : 00;
002799 : 00;
00279A : 00;
00279B : 00;
00279C : 00;
00279D : 00;
00279E : 00;
00279F : 00;
0027A0 : 00;
0027A1 : 00;
0027A2 : 00;
0027A3 : 00;
0027A4 : 00;
0027A5 : 00;
0027A6 : 00;
0027A7 : 00;
0027A8 : 00;
0027A9 : 00;
0027AA : 00;
0027AB : 00;
0027AC : 00;
0027AD : 00;
0027AE : 00;
0027AF : 00;
0027B0 : 00;
0027B1 : 00;
0027B2 : 00;
0027B3 : 00;
0027B4 : 00;
0027B5 : 00;
0027B6 : 00;
0027B7 : 00;
0027B8 : 00;
0027B9 : 00;
0027BA : 00;
0027BB : 00;
0027BC : 00;
0027BD : 00;
0027BE : 03;
0027BF : 11;
0027C0 : 13;
0027C1 : 1B;
0027C2 : AF;
0027C3 : 3A;
0027C4 : 2C;
0027C5 : 2C;
0027C6 : 2C;
0027C7 : 1D;
0027C8 : 20;
0027C9 : 40;
0027CA : 40;
0027CB : 40;
0027CC : EA;
0027CD : EA;
0027CE : EA;
0027CF : 20;
0027D0 : 1D;
0027D1 : 68;
0027D2 : 1B;
0027D3 : 1B;
0027D4 : 4B;
0027D5 : 1B;
0027D6 : 00;
0027D7 : 00;
0027D8 : 00;
0027D9 : 00;
0027DA : 2B;
0027DB : 15;
0027DC : D7;
0027DD : 68;
0027DE : 3A;
0027DF : 1D;
0027E0 : 1D;
0027E1 : C4;
0027E2 : 20;
0027E3 : 40;
0027E4 : 40;
0027E5 : EA;
0027E6 : 20;
0027E7 : 7B;
0027E8 : 1D;
0027E9 : 68;
0027EA : 15;
0027EB : 03;
0027EC : 11;
0027ED : 00;
0027EE : 00;
0027EF : 00;
0027F0 : 00;
0027F1 : 00;
0027F2 : 00;
0027F3 : 00;
0027F4 : 00;
0027F5 : 00;
0027F6 : 00;
0027F7 : 00;
0027F8 : 00;
0027F9 : 00;
0027FA : 00;
0027FB : 00;
0027FC : 00;
0027FD : 00;
0027FE : 00;
0027FF : 00;
002800 : 00;
002801 : 00;
002802 : 00;
002803 : 00;
002804 : 00;
002805 : 00;
002806 : 00;
002807 : 00;
002808 : 00;
002809 : 00;
00280A : 00;
00280B : 00;
00280C : 00;
00280D : 00;
00280E : 00;
00280F : 00;
002810 : 00;
002811 : 00;
002812 : 00;
002813 : 00;
002814 : 00;
002815 : 00;
002816 : 00;
002817 : 00;
002818 : 1B;
002819 : 1B;
00281A : 1B;
00281B : 1B;
00281C : AF;
00281D : 27;
00281E : 3A;
00281F : BA;
002820 : 27;
002821 : 3A;
002822 : C4;
002823 : 20;
002824 : 20;
002825 : 7B;
002826 : 1D;
002827 : 1D;
002828 : 1D;
002829 : 1D;
00282A : 3A;
00282B : 36;
00282C : 15;
00282D : 1B;
00282E : 4B;
00282F : 00;
002830 : 00;
002831 : 00;
002832 : 00;
002833 : 24;
002834 : 2B;
002835 : 15;
002836 : 1B;
002837 : 52;
002838 : 27;
002839 : 3A;
00283A : 3A;
00283B : 6F;
00283C : 1D;
00283D : 7B;
00283E : C4;
00283F : 1D;
002840 : 2C;
002841 : 6F;
002842 : 68;
002843 : B3;
002844 : 15;
002845 : 03;
002846 : 11;
002847 : 00;
002848 : 00;
002849 : 00;
00284A : 00;
00284B : 00;
00284C : 00;
00284D : 00;
00284E : 00;
00284F : 00;
002850 : 00;
002851 : 00;
002852 : 00;
002853 : 00;
002854 : 00;
002855 : 00;
002856 : 00;
002857 : 00;
002858 : 00;
002859 : 00;
00285A : 00;
00285B : 00;
00285C : 00;
00285D : 00;
00285E : 00;
00285F : 00;
002860 : 00;
002861 : 00;
002862 : 00;
002863 : 00;
002864 : 00;
002865 : 00;
002866 : 00;
002867 : 00;
002868 : 00;
002869 : 00;
00286A : 00;
00286B : 00;
00286C : 00;
00286D : 00;
00286E : 00;
00286F : 00;
002870 : 00;
002871 : 00;
002872 : 3C;
002873 : 27;
002874 : AF;
002875 : 1B;
002876 : AF;
002877 : C9;
002878 : E4;
002879 : 4F;
00287A : 12;
00287B : 27;
00287C : 2C;
00287D : C4;
00287E : C4;
00287F : 2C;
002880 : 27;
002881 : 27;
002882 : 27;
002883 : 68;
002884 : 3C;
002885 : 1B;
002886 : 2B;
002887 : 2B;
002888 : 00;
002889 : 00;
00288A : 00;
00288B : 00;
00288C : 00;
00288D : A2;
00288E : 2B;
00288F : 15;
002890 : 1B;
002891 : 36;
002892 : 68;
002893 : 12;
002894 : 12;
002895 : 27;
002896 : 3A;
002897 : 2C;
002898 : 3A;
002899 : 3A;
00289A : 27;
00289B : 52;
00289C : B3;
00289D : D7;
00289E : 44;
00289F : 15;
0028A0 : 11;
0028A1 : 00;
0028A2 : 00;
0028A3 : 00;
0028A4 : 00;
0028A5 : 00;
0028A6 : 00;
0028A7 : 00;
0028A8 : 00;
0028A9 : 00;
0028AA : 00;
0028AB : 00;
0028AC : 00;
0028AD : 00;
0028AE : 00;
0028AF : 00;
0028B0 : 00;
0028B1 : 00;
0028B2 : 00;
0028B3 : 00;
0028B4 : 00;
0028B5 : 00;
0028B6 : 00;
0028B7 : 00;
0028B8 : 00;
0028B9 : 00;
0028BA : 00;
0028BB : 00;
0028BC : 00;
0028BD : 00;
0028BE : 00;
0028BF : 00;
0028C0 : 00;
0028C1 : 00;
0028C2 : 00;
0028C3 : 00;
0028C4 : 00;
0028C5 : 00;
0028C6 : 00;
0028C7 : 00;
0028C8 : 00;
0028C9 : 00;
0028CA : 00;
0028CB : 00;
0028CC : BA;
0028CD : 12;
0028CE : 3C;
0028CF : 36;
0028D0 : C9;
0028D1 : 65;
0028D2 : 1E;
0028D3 : 31;
0028D4 : 37;
0028D5 : 3A;
0028D6 : 68;
0028D7 : 68;
0028D8 : 27;
0028D9 : 27;
0028DA : 68;
0028DB : 3C;
0028DC : AF;
0028DD : 36;
0028DE : 48;
0028DF : 15;
0028E0 : 2B;
0028E1 : 94;
0028E2 : 00;
0028E3 : 00;
0028E4 : 00;
0028E5 : 00;
0028E6 : 00;
0028E7 : 00;
0028E8 : 2B;
0028E9 : 2B;
0028EA : 1B;
0028EB : AF;
0028EC : 12;
0028ED : 10;
0028EE : CA;
0028EF : 65;
0028F0 : 12;
0028F1 : 27;
0028F2 : BA;
0028F3 : 57;
0028F4 : 57;
0028F5 : BA;
0028F6 : 52;
0028F7 : B3;
0028F8 : AF;
0028F9 : AF;
0028FA : 00;
0028FB : 00;
0028FC : 00;
0028FD : 00;
0028FE : 00;
0028FF : 00;
002900 : 00;
002901 : 00;
002902 : 00;
002903 : 00;
002904 : 00;
002905 : 00;
002906 : 00;
002907 : 00;
002908 : 00;
002909 : 00;
00290A : 00;
00290B : 00;
00290C : 00;
00290D : 00;
00290E : 00;
00290F : 00;
002910 : 00;
002911 : 00;
002912 : 00;
002913 : 00;
002914 : 00;
002915 : 00;
002916 : 00;
002917 : 00;
002918 : 00;
002919 : 00;
00291A : 00;
00291B : 00;
00291C : 00;
00291D : 00;
00291E : 00;
00291F : 00;
002920 : 00;
002921 : 00;
002922 : 00;
002923 : 00;
002924 : 00;
002925 : 00;
002926 : 17;
002927 : 17;
002928 : AF;
002929 : 36;
00292A : C9;
00292B : 21;
00292C : 08;
00292D : 25;
00292E : D6;
00292F : 4F;
002930 : 3A;
002931 : 27;
002932 : 27;
002933 : C9;
002934 : 27;
002935 : AF;
002936 : 36;
002937 : 1B;
002938 : 1B;
002939 : 4B;
00293A : 34;
00293B : 4B;
00293C : 00;
00293D : 00;
00293E : 00;
00293F : 00;
002940 : 00;
002941 : 00;
002942 : 34;
002943 : 03;
002944 : 15;
002945 : AF;
002946 : 12;
002947 : 1E;
002948 : 47;
002949 : CA;
00294A : 65;
00294B : 12;
00294C : 57;
00294D : 4F;
00294E : 4F;
00294F : 12;
002950 : 52;
002951 : B3;
002952 : 52;
002953 : 52;
002954 : 44;
002955 : 15;
002956 : 44;
002957 : 44;
002958 : D7;
002959 : 00;
00295A : 00;
00295B : 00;
00295C : 00;
00295D : 00;
00295E : 00;
00295F : 00;
002960 : 00;
002961 : 00;
002962 : 00;
002963 : 00;
002964 : 00;
002965 : 00;
002966 : 00;
002967 : 00;
002968 : 00;
002969 : 00;
00296A : 00;
00296B : 00;
00296C : 00;
00296D : 00;
00296E : 00;
00296F : 00;
002970 : 00;
002971 : 00;
002972 : 00;
002973 : 00;
002974 : 00;
002975 : 00;
002976 : 00;
002977 : 00;
002978 : 00;
002979 : 00;
00297A : 00;
00297B : 00;
00297C : 00;
00297D : 00;
00297E : 00;
00297F : 00;
002980 : 15;
002981 : 4B;
002982 : 1B;
002983 : 1B;
002984 : 3C;
002985 : 12;
002986 : 72;
002987 : 08;
002988 : 08;
002989 : 8F;
00298A : C1;
00298B : 4F;
00298C : 4F;
00298D : 57;
00298E : BA;
00298F : 3C;
002990 : 36;
002991 : 1B;
002992 : 1B;
002993 : 1B;
002994 : B3;
002995 : 9B;
002996 : 00;
002997 : 00;
002998 : 00;
002999 : 00;
00299A : 00;
00299B : 00;
00299C : 03;
00299D : 96;
00299E : 15;
00299F : 36;
0029A0 : C9;
0029A1 : 72;
0029A2 : 5A;
0029A3 : 5F;
0029A4 : 8F;
0029A5 : 72;
0029A6 : 72;
0029A7 : 65;
0029A8 : 12;
0029A9 : 27;
0029AA : 52;
0029AB : 52;
0029AC : B3;
0029AD : 36;
0029AE : D7;
0029AF : 1B;
0029B0 : D7;
0029B1 : D7;
0029B2 : D7;
0029B3 : D7;
0029B4 : 00;
0029B5 : 00;
0029B6 : 00;
0029B7 : 00;
0029B8 : 00;
0029B9 : 00;
0029BA : 00;
0029BB : 00;
0029BC : 00;
0029BD : 00;
0029BE : 00;
0029BF : 00;
0029C0 : 00;
0029C1 : 00;
0029C2 : 00;
0029C3 : 00;
0029C4 : 00;
0029C5 : 00;
0029C6 : 00;
0029C7 : 00;
0029C8 : 00;
0029C9 : 00;
0029CA : 00;
0029CB : 00;
0029CC : 00;
0029CD : 00;
0029CE : 00;
0029CF : 00;
0029D0 : 00;
0029D1 : 00;
0029D2 : 00;
0029D3 : 00;
0029D4 : 00;
0029D5 : 00;
0029D6 : 00;
0029D7 : 00;
0029D8 : 00;
0029D9 : 00;
0029DA : 4B;
0029DB : 4B;
0029DC : 1B;
0029DD : 36;
0029DE : 3C;
0029DF : 27;
0029E0 : E4;
0029E1 : C1;
0029E2 : 72;
0029E3 : 72;
0029E4 : 4F;
0029E5 : 57;
0029E6 : 57;
0029E7 : 12;
0029E8 : BA;
0029E9 : 27;
0029EA : AF;
0029EB : B3;
0029EC : 36;
0029ED : 36;
0029EE : 36;
0029EF : 1B;
0029F0 : 1B;
0029F1 : 44;
0029F2 : 03;
0029F3 : 00;
0029F4 : 00;
0029F5 : 3D;
0029F6 : 1B;
0029F7 : 1B;
0029F8 : D7;
0029F9 : 52;
0029FA : 27;
0029FB : E4;
0029FC : 0B;
0029FD : 1C;
0029FE : 1C;
0029FF : 1C;
002A00 : 4F;
002A01 : E4;
002A02 : BA;
002A03 : BA;
002A04 : BA;
002A05 : 09;
002A06 : 27;
002A07 : 27;
002A08 : 52;
002A09 : 52;
002A0A : B3;
002A0B : B3;
002A0C : D7;
002A0D : 44;
002A0E : 96;
002A0F : 03;
002A10 : 00;
002A11 : 00;
002A12 : 00;
002A13 : 00;
002A14 : 00;
002A15 : 00;
002A16 : 00;
002A17 : 00;
002A18 : 00;
002A19 : 00;
002A1A : 00;
002A1B : 00;
002A1C : 00;
002A1D : 00;
002A1E : 00;
002A1F : 00;
002A20 : 00;
002A21 : 00;
002A22 : 00;
002A23 : 00;
002A24 : 00;
002A25 : 00;
002A26 : 00;
002A27 : 00;
002A28 : 00;
002A29 : 00;
002A2A : 00;
002A2B : 00;
002A2C : 00;
002A2D : 00;
002A2E : 00;
002A2F : 00;
002A30 : 00;
002A31 : 00;
002A32 : 00;
002A33 : 24;
002A34 : 4B;
002A35 : 4B;
002A36 : 48;
002A37 : 27;
002A38 : 09;
002A39 : 3A;
002A3A : 27;
002A3B : 27;
002A3C : C9;
002A3D : 09;
002A3E : 09;
002A3F : C9;
002A40 : 27;
002A41 : 27;
002A42 : 3A;
002A43 : BA;
002A44 : 09;
002A45 : 27;
002A46 : 52;
002A47 : AF;
002A48 : B3;
002A49 : 36;
002A4A : 1B;
002A4B : 1B;
002A4C : 44;
002A4D : 00;
002A4E : 00;
002A4F : 1B;
002A50 : 48;
002A51 : 36;
002A52 : AF;
002A53 : 6F;
002A54 : BA;
002A55 : BA;
002A56 : BA;
002A57 : BA;
002A58 : 9B;
002A59 : 9B;
002A5A : BA;
002A5B : BA;
002A5C : 73;
002A5D : 59;
002A5E : 59;
002A5F : 59;
002A60 : 73;
002A61 : BA;
002A62 : 3A;
002A63 : 27;
002A64 : 27;
002A65 : AF;
002A66 : B3;
002A67 : 1B;
002A68 : 44;
002A69 : 2B;
002A6A : 34;
002A6B : 00;
002A6C : 00;
002A6D : 00;
002A6E : 00;
002A6F : 00;
002A70 : 00;
002A71 : 00;
002A72 : 00;
002A73 : 00;
002A74 : 00;
002A75 : 00;
002A76 : 00;
002A77 : 00;
002A78 : 00;
002A79 : 00;
002A7A : 00;
002A7B : 00;
002A7C : 00;
002A7D : 00;
002A7E : 00;
002A7F : 00;
002A80 : 00;
002A81 : 00;
002A82 : 00;
002A83 : 00;
002A84 : 00;
002A85 : 00;
002A86 : 00;
002A87 : 00;
002A88 : 00;
002A89 : 00;
002A8A : 00;
002A8B : 00;
002A8C : 2B;
002A8D : 34;
002A8E : 4B;
002A8F : 1B;
002A90 : AF;
002A91 : BA;
002A92 : E4;
002A93 : E4;
002A94 : 73;
002A95 : BA;
002A96 : BA;
002A97 : BA;
002A98 : BA;
002A99 : BA;
002A9A : 73;
002A9B : 73;
002A9C : E4;
002A9D : 59;
002A9E : 59;
002A9F : 73;
002AA0 : BA;
002AA1 : BA;
002AA2 : 27;
002AA3 : AF;
002AA4 : B3;
002AA5 : 1B;
002AA6 : 44;
002AA7 : 2B;
002AA8 : 11;
002AA9 : AF;
002AAA : AF;
002AAB : AF;
002AAC : 68;
002AAD : BA;
002AAE : 59;
002AAF : E4;
002AB0 : 73;
002AB1 : 73;
002AB2 : 73;
002AB3 : 73;
002AB4 : 73;
002AB5 : 59;
002AB6 : D9;
002AB7 : 1C;
002AB8 : 1C;
002AB9 : 1C;
002ABA : D9;
002ABB : 0B;
002ABC : 59;
002ABD : 73;
002ABE : 73;
002ABF : BA;
002AC0 : 27;
002AC1 : AF;
002AC2 : 1B;
002AC3 : 15;
002AC4 : 2B;
002AC5 : 3D;
002AC6 : 00;
002AC7 : 00;
002AC8 : 00;
002AC9 : 00;
002ACA : 00;
002ACB : 00;
002ACC : 00;
002ACD : 00;
002ACE : 00;
002ACF : 00;
002AD0 : 00;
002AD1 : 00;
002AD2 : 00;
002AD3 : 00;
002AD4 : 00;
002AD5 : 00;
002AD6 : 00;
002AD7 : 00;
002AD8 : 00;
002AD9 : 00;
002ADA : 00;
002ADB : 00;
002ADC : 00;
002ADD : 00;
002ADE : 00;
002ADF : 00;
002AE0 : 00;
002AE1 : 00;
002AE2 : 00;
002AE3 : 00;
002AE4 : 00;
002AE5 : 00;
002AE6 : 2B;
002AE7 : 34;
002AE8 : 15;
002AE9 : 48;
002AEA : 3C;
002AEB : E4;
002AEC : 0B;
002AED : 1C;
002AEE : 1C;
002AEF : D9;
002AF0 : 0B;
002AF1 : 0B;
002AF2 : 0B;
002AF3 : 0B;
002AF4 : D9;
002AF5 : 1C;
002AF6 : 1C;
002AF7 : 1C;
002AF8 : 1C;
002AF9 : D9;
002AFA : 0B;
002AFB : E4;
002AFC : BA;
002AFD : 27;
002AFE : AF;
002AFF : B3;
002B00 : 1B;
002B01 : 1B;
002B02 : 44;
002B03 : 36;
002B04 : AF;
002B05 : 3C;
002B06 : 27;
002B07 : 73;
002B08 : 1C;
002B09 : 1C;
002B0A : 1C;
002B0B : 1C;
002B0C : 1C;
002B0D : 1C;
002B0E : 1C;
002B0F : 1C;
002B10 : B7;
002B11 : B7;
002B12 : 1C;
002B13 : 1C;
002B14 : 1C;
002B15 : 1C;
002B16 : 1C;
002B17 : 1C;
002B18 : D9;
002B19 : 59;
002B1A : BA;
002B1B : 27;
002B1C : B3;
002B1D : 15;
002B1E : 2B;
002B1F : 11;
002B20 : 00;
002B21 : 00;
002B22 : 00;
002B23 : 00;
002B24 : 00;
002B25 : 00;
002B26 : 00;
002B27 : 00;
002B28 : 00;
002B29 : 00;
002B2A : 00;
002B2B : 00;
002B2C : 00;
002B2D : 00;
002B2E : 00;
002B2F : 00;
002B30 : 00;
002B31 : 00;
002B32 : 00;
002B33 : 00;
002B34 : 00;
002B35 : 00;
002B36 : 00;
002B37 : 00;
002B38 : 00;
002B39 : 00;
002B3A : 00;
002B3B : 00;
002B3C : 00;
002B3D : 00;
002B3E : 00;
002B3F : 00;
002B40 : 4B;
002B41 : 94;
002B42 : BC;
002B43 : 36;
002B44 : 27;
002B45 : E4;
002B46 : 1C;
002B47 : 1C;
002B48 : 1C;
002B49 : 1C;
002B4A : 1C;
002B4B : 1C;
002B4C : 1C;
002B4D : 1C;
002B4E : 1C;
002B4F : 1C;
002B50 : 1C;
002B51 : 1C;
002B52 : 1C;
002B53 : 1C;
002B54 : 1C;
002B55 : 1C;
002B56 : 0B;
002B57 : E4;
002B58 : BA;
002B59 : 27;
002B5A : AF;
002B5B : 1B;
002B5C : 1B;
002B5D : 15;
002B5E : 1B;
002B5F : AF;
002B60 : 27;
002B61 : 73;
002B62 : D9;
002B63 : 1C;
002B64 : 1C;
002B65 : 1C;
002B66 : 1C;
002B67 : 1C;
002B68 : 1C;
002B69 : B7;
002B6A : B7;
002B6B : B7;
002B6C : B7;
002B6D : B7;
002B6E : B7;
002B6F : B7;
002B70 : 1C;
002B71 : 1C;
002B72 : 1C;
002B73 : 1C;
002B74 : 59;
002B75 : BA;
002B76 : 27;
002B77 : 1B;
002B78 : 15;
002B79 : 11;
002B7A : 24;
002B7B : 00;
002B7C : 00;
002B7D : 00;
002B7E : 00;
002B7F : 00;
002B80 : 00;
002B81 : 00;
002B82 : 00;
002B83 : 00;
002B84 : 00;
002B85 : 00;
002B86 : 00;
002B87 : 00;
002B88 : 00;
002B89 : 00;
002B8A : 00;
002B8B : 00;
002B8C : 00;
002B8D : 00;
002B8E : 00;
002B8F : 00;
002B90 : 00;
002B91 : 00;
002B92 : 00;
002B93 : 00;
002B94 : 00;
002B95 : 00;
002B96 : 00;
002B97 : 00;
002B98 : 00;
002B99 : 00;
002B9A : 4B;
002B9B : 94;
002B9C : 1B;
002B9D : 36;
002B9E : 27;
002B9F : 73;
002BA0 : D9;
002BA1 : 1C;
002BA2 : 1C;
002BA3 : 1C;
002BA4 : 1C;
002BA5 : 1C;
002BA6 : 1C;
002BA7 : 1C;
002BA8 : 1C;
002BA9 : 1C;
002BAA : 1C;
002BAB : 1C;
002BAC : 1C;
002BAD : B7;
002BAE : B7;
002BAF : B7;
002BB0 : 1C;
002BB1 : 1C;
002BB2 : E4;
002BB3 : 09;
002BB4 : 3C;
002BB5 : 1B;
002BB6 : 1B;
002BB7 : 94;
002BB8 : 15;
002BB9 : 36;
002BBA : 68;
002BBB : BA;
002BBC : 59;
002BBD : 0B;
002BBE : D9;
002BBF : D9;
002BC0 : 1C;
002BC1 : 1C;
002BC2 : 1C;
002BC3 : 1C;
002BC4 : 1C;
002BC5 : 1C;
002BC6 : 1C;
002BC7 : 1C;
002BC8 : 1C;
002BC9 : 1C;
002BCA : 1C;
002BCB : 1C;
002BCC : 1C;
002BCD : 1C;
002BCE : 0B;
002BCF : 73;
002BD0 : 27;
002BD1 : 1B;
002BD2 : 15;
002BD3 : 11;
002BD4 : 24;
002BD5 : 00;
002BD6 : 00;
002BD7 : 00;
002BD8 : 00;
002BD9 : 00;
002BDA : 00;
002BDB : 00;
002BDC : 00;
002BDD : 00;
002BDE : 00;
002BDF : 00;
002BE0 : 00;
002BE1 : 00;
002BE2 : 00;
002BE3 : 00;
002BE4 : 00;
002BE5 : 00;
002BE6 : 00;
002BE7 : 00;
002BE8 : 00;
002BE9 : 00;
002BEA : 00;
002BEB : 00;
002BEC : 00;
002BED : 00;
002BEE : 00;
002BEF : 00;
002BF0 : 00;
002BF1 : 00;
002BF2 : 00;
002BF3 : 00;
002BF4 : 2B;
002BF5 : 94;
002BF6 : 1B;
002BF7 : 48;
002BF8 : 3C;
002BF9 : BA;
002BFA : 73;
002BFB : 59;
002BFC : 59;
002BFD : 0B;
002BFE : D9;
002BFF : D9;
002C00 : 1C;
002C01 : 1C;
002C02 : 1C;
002C03 : 1C;
002C04 : 1C;
002C05 : 1C;
002C06 : 1C;
002C07 : 1C;
002C08 : 1C;
002C09 : 1C;
002C0A : 1C;
002C0B : 1C;
002C0C : 59;
002C0D : BA;
002C0E : 32;
002C0F : 1B;
002C10 : 13;
002C11 : 99;
002C12 : 2B;
002C13 : 1B;
002C14 : 36;
002C15 : 68;
002C16 : 27;
002C17 : BA;
002C18 : BA;
002C19 : 73;
002C1A : 59;
002C1B : 59;
002C1C : D9;
002C1D : D9;
002C1E : D9;
002C1F : D9;
002C20 : D9;
002C21 : D9;
002C22 : D9;
002C23 : D9;
002C24 : D9;
002C25 : D9;
002C26 : D9;
002C27 : D9;
002C28 : 59;
002C29 : BA;
002C2A : 3C;
002C2B : 44;
002C2C : 2B;
002C2D : 99;
002C2E : 24;
002C2F : 00;
002C30 : 00;
002C31 : 00;
002C32 : 00;
002C33 : 00;
002C34 : 00;
002C35 : 00;
002C36 : 00;
002C37 : 00;
002C38 : 00;
002C39 : 00;
002C3A : 00;
002C3B : 00;
002C3C : 00;
002C3D : 00;
002C3E : 00;
002C3F : 00;
002C40 : 00;
002C41 : 00;
002C42 : 00;
002C43 : 00;
002C44 : 00;
002C45 : 00;
002C46 : 00;
002C47 : 00;
002C48 : 00;
002C49 : 00;
002C4A : 00;
002C4B : 00;
002C4C : 00;
002C4D : 00;
002C4E : 2B;
002C4F : 03;
002C50 : 13;
002C51 : 1B;
002C52 : AF;
002C53 : 27;
002C54 : 09;
002C55 : BA;
002C56 : BA;
002C57 : BA;
002C58 : 73;
002C59 : 73;
002C5A : 73;
002C5B : 73;
002C5C : 73;
002C5D : 59;
002C5E : 59;
002C5F : 59;
002C60 : 59;
002C61 : 0B;
002C62 : 0B;
002C63 : 0B;
002C64 : 0B;
002C65 : 59;
002C66 : 73;
002C67 : 09;
002C68 : AF;
002C69 : 1B;
002C6A : 4B;
002C6B : 24;
002C6C : 2B;
002C6D : 15;
002C6E : 1B;
002C6F : B3;
002C70 : AF;
002C71 : 32;
002C72 : 27;
002C73 : BA;
002C74 : 73;
002C75 : 59;
002C76 : 59;
002C77 : 59;
002C78 : 59;
002C79 : 59;
002C7A : 59;
002C7B : 59;
002C7C : 59;
002C7D : 59;
002C7E : 59;
002C7F : 59;
002C80 : 59;
002C81 : 59;
002C82 : 73;
002C83 : 09;
002C84 : AF;
002C85 : 15;
002C86 : 03;
002C87 : 99;
002C88 : 24;
002C89 : 00;
002C8A : 00;
002C8B : 00;
002C8C : 00;
002C8D : 00;
002C8E : 00;
002C8F : 00;
002C90 : 00;
002C91 : 00;
002C92 : 00;
002C93 : 00;
002C94 : 00;
002C95 : 00;
002C96 : 00;
002C97 : 00;
002C98 : 00;
002C99 : 00;
002C9A : 00;
002C9B : 00;
002C9C : 00;
002C9D : 00;
002C9E : 00;
002C9F : 00;
002CA0 : 00;
002CA1 : 00;
002CA2 : 00;
002CA3 : 00;
002CA4 : 00;
002CA5 : 00;
002CA6 : 00;
002CA7 : 00;
002CA8 : 00;
002CA9 : 3D;
002CAA : 13;
002CAB : 1B;
002CAC : 1B;
002CAD : B3;
002CAE : AF;
002CAF : AF;
002CB0 : AF;
002CB1 : AF;
002CB2 : AF;
002CB3 : DB;
002CB4 : 32;
002CB5 : 27;
002CB6 : 27;
002CB7 : 27;
002CB8 : 27;
002CB9 : 09;
002CBA : 09;
002CBB : BA;
002CBC : BA;
002CBD : BA;
002CBE : BA;
002CBF : 09;
002CC0 : 27;
002CC1 : 32;
002CC2 : 48;
002CC3 : 4B;
002CC4 : 2B;
002CC5 : 00;
002CC6 : 2B;
002CC7 : 96;
002CC8 : 15;
002CC9 : 44;
002CCA : 44;
002CCB : 44;
002CCC : 1B;
002CCD : DB;
002CCE : 9B;
002CCF : BA;
002CD0 : 73;
002CD1 : 73;
002CD2 : 73;
002CD3 : 73;
002CD4 : 73;
002CD5 : 73;
002CD6 : 73;
002CD7 : 73;
002CD8 : 73;
002CD9 : 73;
002CDA : 73;
002CDB : 73;
002CDC : 9B;
002CDD : AF;
002CDE : 13;
002CDF : 03;
002CE0 : 03;
002CE1 : 99;
002CE2 : 24;
002CE3 : 00;
002CE4 : 00;
002CE5 : 00;
002CE6 : 00;
002CE7 : 00;
002CE8 : 00;
002CE9 : 00;
002CEA : 00;
002CEB : 00;
002CEC : 00;
002CED : 00;
002CEE : 00;
002CEF : 00;
002CF0 : 00;
002CF1 : 00;
002CF2 : 00;
002CF3 : 00;
002CF4 : 00;
002CF5 : 00;
002CF6 : 00;
002CF7 : 00;
002CF8 : 00;
002CF9 : 00;
002CFA : 00;
002CFB : 00;
002CFC : 00;
002CFD : 00;
002CFE : 00;
002CFF : 00;
002D00 : 00;
002D01 : 00;
002D02 : 00;
002D03 : 00;
002D04 : 13;
002D05 : 13;
002D06 : 44;
002D07 : 1B;
002D08 : 1B;
002D09 : 1B;
002D0A : 1B;
002D0B : 36;
002D0C : 6A;
002D0D : 6A;
002D0E : 1B;
002D0F : B3;
002D10 : B3;
002D11 : AF;
002D12 : AF;
002D13 : AF;
002D14 : AF;
002D15 : 3C;
002D16 : 32;
002D17 : 32;
002D18 : 32;
002D19 : AF;
002D1A : AF;
002D1B : B3;
002D1C : 1B;
002D1D : 2B;
002D1E : 2B;
002D1F : 00;
002D20 : 00;
002D21 : 03;
002D22 : AE;
002D23 : 11;
002D24 : 11;
002D25 : 24;
002D26 : 24;
002D27 : 24;
002D28 : 00;
002D29 : 00;
002D2A : 00;
002D2B : 00;
002D2C : 00;
002D2D : 00;
002D2E : 00;
002D2F : 00;
002D30 : 00;
002D31 : 00;
002D32 : 00;
002D33 : 00;
002D34 : 00;
002D35 : 00;
002D36 : 24;
002D37 : 24;
002D38 : 24;
002D39 : 11;
002D3A : 11;
002D3B : 11;
002D3C : 00;
002D3D : 00;
002D3E : 00;
002D3F : 00;
002D40 : 00;
002D41 : 00;
002D42 : 00;
002D43 : 00;
002D44 : 00;
002D45 : 00;
002D46 : 00;
002D47 : 00;
002D48 : 00;
002D49 : 00;
002D4A : 00;
002D4B : 00;
002D4C : 00;
002D4D : 00;
002D4E : 00;
002D4F : 00;
002D50 : 00;
002D51 : 00;
002D52 : 00;
002D53 : 00;
002D54 : 00;
002D55 : 00;
002D56 : 00;
002D57 : 00;
002D58 : 00;
002D59 : 00;
002D5A : 00;
002D5B : 00;
002D5C : 00;
002D5D : 00;
002D5E : 00;
002D5F : 13;
002D60 : 1B;
002D61 : 1B;
002D62 : 1B;
002D63 : 1B;
002D64 : 1B;
002D65 : 1B;
002D66 : 1B;
002D67 : 44;
002D68 : 15;
002D69 : 2B;
002D6A : 2B;
002D6B : 44;
002D6C : 1B;
002D6D : 1B;
002D6E : 1B;
002D6F : 1B;
002D70 : 1B;
002D71 : 1B;
002D72 : 1B;
002D73 : 44;
002D74 : 44;
002D75 : 13;
002D76 : 13;
002D77 : 3D;
002D78 : 3D;
002D79 : 00;
002D7A : 00;
002D7B : 00;
002D7C : 03;
002D7D : 03;
002D7E : 03;
002D7F : 03;
002D80 : 03;
002D81 : 00;
002D82 : 00;
002D83 : 00;
002D84 : 00;
002D85 : 00;
002D86 : 00;
002D87 : 00;
002D88 : 00;
002D89 : 00;
002D8A : 00;
002D8B : 00;
002D8C : 00;
002D8D : 00;
002D8E : 00;
002D8F : 00;
002D90 : 00;
002D91 : 00;
002D92 : 03;
002D93 : 3D;
002D94 : 00;
002D95 : 00;
002D96 : 00;
002D97 : 00;
002D98 : 00;
002D99 : 00;
002D9A : 00;
002D9B : 00;
002D9C : 00;
002D9D : 00;
002D9E : 00;
002D9F : 00;
002DA0 : 00;
002DA1 : 00;
002DA2 : 00;
002DA3 : 00;
002DA4 : 00;
002DA5 : 00;
002DA6 : 00;
002DA7 : 00;
002DA8 : 00;
002DA9 : 00;
002DAA : 00;
002DAB : 00;
002DAC : 00;
002DAD : 00;
002DAE : 00;
002DAF : 00;
002DB0 : 00;
002DB1 : 00;
002DB2 : 00;
002DB3 : 00;
002DB4 : 00;
002DB5 : 00;
002DB6 : 00;
002DB7 : 00;
002DB8 : 00;
002DB9 : 00;
002DBA : 00;
002DBB : 00;
002DBC : 00;
002DBD : AE;
002DBE : 03;
002DBF : 2B;
002DC0 : 15;
002DC1 : 96;
002DC2 : 03;
002DC3 : 03;
002DC4 : 03;
002DC5 : 2B;
002DC6 : 44;
002DC7 : 15;
002DC8 : 15;
002DC9 : 15;
002DCA : 15;
002DCB : 96;
002DCC : 2B;
002DCD : 2B;
002DCE : 2B;
002DCF : 2B;
002DD0 : 2B;
002DD1 : 3D;
002DD2 : 3D;
002DD3 : 00;
002DD4 : 00;
002DD5 : 00;
002DD6 : 00;
002DD7 : 00;
002DD8 : 00;
002DD9 : 00;
002DDA : 00;
002DDB : 00;
002DDC : 00;
002DDD : 00;
002DDE : 00;
002DDF : 00;
002DE0 : 00;
002DE1 : 00;
002DE2 : 00;
002DE3 : 00;
002DE4 : 00;
002DE5 : 00;
002DE6 : 00;
002DE7 : 00;
002DE8 : 00;
002DE9 : 00;
002DEA : 00;
002DEB : 00;
002DEC : 00;
002DED : 00;
002DEE : 00;
002DEF : 00;
002DF0 : 00;
002DF1 : 00;
002DF2 : 00;
002DF3 : 00;
002DF4 : 00;
002DF5 : 00;
002DF6 : 00;
002DF7 : 00;
002DF8 : 00;
002DF9 : 00;
002DFA : 00;
002DFB : 00;
002DFC : 00;
002DFD : 00;
002DFE : 00;
002DFF : 00;
002E00 : 00;
002E01 : 00;
002E02 : 00;
002E03 : 00;
002E04 : 00;
002E05 : 00;
002E06 : 00;
002E07 : 00;
002E08 : 00;
002E09 : 00;
002E0A : 00;
002E0B : 00;
002E0C : 00;
002E0D : 00;
002E0E : 00;
002E0F : 00;
002E10 : 00;
002E11 : 00;
002E12 : 00;
002E13 : 00;
002E14 : 00;
002E15 : 00;
002E16 : 00;
002E17 : 00;
002E18 : 00;
002E19 : 00;
002E1A : 00;
002E1B : 00;
002E1C : 00;
002E1D : 00;
002E1E : 00;
002E1F : 00;
002E20 : 00;
002E21 : 00;
002E22 : 00;
002E23 : 00;
002E24 : 00;
002E25 : 00;
002E26 : 00;
002E27 : 00;
002E28 : 00;
002E29 : 00;
002E2A : 00;
002E2B : 00;
002E2C : 00;
002E2D : 00;
002E2E : 00;
002E2F : 00;
002E30 : 00;
002E31 : 00;
002E32 : 00;
002E33 : 00;
002E34 : 00;
002E35 : 00;
002E36 : 00;
002E37 : 00;
002E38 : 00;
002E39 : 00;
002E3A : 00;
002E3B : 00;
002E3C : 00;
002E3D : 00;
002E3E : 00;
002E3F : 00;
002E40 : 00;
002E41 : 00;
002E42 : 00;
002E43 : 00;
002E44 : 00;
002E45 : 00;
002E46 : 00;
002E47 : 00;
002E48 : 00;
002E49 : 00;
002E4A : 00;
002E4B : 00;
002E4C : 00;
002E4D : 00;
002E4E : 00;
002E4F : 00;
002E50 : 00;
002E51 : 00;
002E52 : 00;
002E53 : 00;
002E54 : 00;
002E55 : 00;
002E56 : 00;
002E57 : 00;
002E58 : 00;
002E59 : 00;
002E5A : 00;
002E5B : 00;
002E5C : 00;
002E5D : 00;
002E5E : 00;
002E5F : 00;
002E60 : 00;
002E61 : 00;
002E62 : 00;
002E63 : 00;
002E64 : 00;
002E65 : 00;
002E66 : 00;
002E67 : 00;
END;
