WIDTH=8;
DEPTH=9440;
ADDRESS_RADIX=HEX;
DATA_RADIX=HEX;

CONTENT BEGIN
000000 : 00;
000001 : 00;
000002 : 00;
000003 : 00;
000004 : 00;
000005 : 00;
000006 : 00;
000007 : 00;
000008 : 00;
000009 : 00;
00000A : 00;
00000B : 00;
00000C : 00;
00000D : 00;
00000E : 00;
00000F : 00;
000010 : 00;
000011 : 00;
000012 : 00;
000013 : 00;
000014 : 00;
000015 : 00;
000016 : 00;
000017 : 00;
000018 : 00;
000019 : 00;
00001A : 00;
00001B : 00;
00001C : 00;
00001D : 00;
00001E : 00;
00001F : 00;
000020 : 00;
000021 : 00;
000022 : 00;
000023 : 00;
000024 : 00;
000025 : 00;
000026 : 00;
000027 : 00;
000028 : 00;
000029 : 00;
00002A : 00;
00002B : 99;
00002C : AE;
00002D : 03;
00002E : 96;
00002F : 44;
000030 : 1B;
000031 : 36;
000032 : 32;
000033 : 09;
000034 : 12;
000035 : F6;
000036 : 4F;
000037 : 4F;
000038 : 57;
000039 : 60;
00003A : 17;
00003B : 36;
00003C : 15;
00003D : 2B;
00003E : 94;
00003F : AE;
000040 : AE;
000041 : D1;
000042 : 00;
000043 : 00;
000044 : 00;
000045 : 00;
000046 : 00;
000047 : 00;
000048 : 00;
000049 : 00;
00004A : 00;
00004B : 00;
00004C : 00;
00004D : 00;
00004E : 00;
00004F : 00;
000050 : 00;
000051 : 00;
000052 : 00;
000053 : 00;
000054 : 00;
000055 : 00;
000056 : 00;
000057 : 00;
000058 : 00;
000059 : 00;
00005A : 00;
00005B : 00;
00005C : 00;
00005D : 00;
00005E : 00;
00005F : 00;
000060 : 00;
000061 : 00;
000062 : 00;
000063 : 00;
000064 : 00;
000065 : 00;
000066 : 00;
000067 : 00;
000068 : 00;
000069 : 00;
00006A : 00;
00006B : 00;
00006C : 00;
00006D : 00;
00006E : 00;
00006F : 00;
000070 : 00;
000071 : 00;
000072 : 00;
000073 : 00;
000074 : 00;
000075 : 00;
000076 : 00;
000077 : 00;
000078 : 00;
000079 : 00;
00007A : 11;
00007B : 11;
00007C : 03;
00007D : 44;
00007E : AF;
00007F : 60;
000080 : 57;
000081 : 4F;
000082 : 72;
000083 : 10;
000084 : 5A;
000085 : D6;
000086 : 08;
000087 : D6;
000088 : 5F;
000089 : CA;
00008A : 37;
00008B : 65;
00008C : 57;
00008D : BA;
00008E : 68;
00008F : 1B;
000090 : 03;
000091 : AE;
000092 : 11;
000093 : 11;
000094 : 00;
000095 : 00;
000096 : 00;
000097 : 00;
000098 : 00;
000099 : 00;
00009A : 00;
00009B : 00;
00009C : 00;
00009D : 00;
00009E : 00;
00009F : 00;
0000A0 : 00;
0000A1 : 00;
0000A2 : 00;
0000A3 : 00;
0000A4 : 00;
0000A5 : 00;
0000A6 : 00;
0000A7 : 00;
0000A8 : 00;
0000A9 : 00;
0000AA : 00;
0000AB : 00;
0000AC : 00;
0000AD : 00;
0000AE : 00;
0000AF : 00;
0000B0 : 00;
0000B1 : 00;
0000B2 : 00;
0000B3 : 00;
0000B4 : 00;
0000B5 : 00;
0000B6 : 00;
0000B7 : 00;
0000B8 : 00;
0000B9 : 00;
0000BA : 00;
0000BB : 00;
0000BC : 00;
0000BD : 00;
0000BE : 00;
0000BF : 00;
0000C0 : 00;
0000C1 : 00;
0000C2 : 00;
0000C3 : 00;
0000C4 : 00;
0000C5 : 00;
0000C6 : 00;
0000C7 : 00;
0000C8 : 34;
0000C9 : 2B;
0000CA : 2B;
0000CB : 44;
0000CC : 48;
0000CD : 27;
0000CE : 57;
0000CF : 37;
0000D0 : D6;
0000D1 : 31;
0000D2 : B2;
0000D3 : 6B;
0000D4 : 2F;
0000D5 : 02;
0000D6 : 02;
0000D7 : 02;
0000D8 : 02;
0000D9 : 2F;
0000DA : 0D;
0000DB : 41;
0000DC : DF;
0000DD : 10;
0000DE : 4F;
0000DF : 3A;
0000E0 : 3C;
0000E1 : 1B;
0000E2 : 15;
0000E3 : 03;
0000E4 : 03;
0000E5 : 11;
0000E6 : 00;
0000E7 : 00;
0000E8 : 00;
0000E9 : 00;
0000EA : 00;
0000EB : 00;
0000EC : 00;
0000ED : 00;
0000EE : 00;
0000EF : 00;
0000F0 : 00;
0000F1 : 00;
0000F2 : 00;
0000F3 : 00;
0000F4 : 00;
0000F5 : 00;
0000F6 : 00;
0000F7 : 00;
0000F8 : 00;
0000F9 : 00;
0000FA : 00;
0000FB : 00;
0000FC : 00;
0000FD : 00;
0000FE : 00;
0000FF : 00;
000100 : 00;
000101 : 00;
000102 : 00;
000103 : 00;
000104 : 00;
000105 : 00;
000106 : 00;
000107 : 00;
000108 : 00;
000109 : 00;
00010A : 00;
00010B : 00;
00010C : 00;
00010D : 00;
00010E : 00;
00010F : 00;
000110 : 00;
000111 : 00;
000112 : 00;
000113 : 00;
000114 : 00;
000115 : 00;
000116 : 00;
000117 : 00;
000118 : 03;
000119 : 03;
00011A : 13;
00011B : AF;
00011C : 57;
00011D : 84;
00011E : DF;
00011F : 25;
000120 : 6B;
000121 : 2F;
000122 : 02;
000123 : 23;
000124 : C6;
000125 : C6;
000126 : C6;
000127 : C6;
000128 : C6;
000129 : 23;
00012A : 02;
00012B : 02;
00012C : 2F;
00012D : B2;
00012E : 41;
00012F : D6;
000130 : 72;
000131 : 12;
000132 : B3;
000133 : 2B;
000134 : 11;
000135 : 11;
000136 : 00;
000137 : 00;
000138 : 00;
000139 : 00;
00013A : 00;
00013B : 00;
00013C : 00;
00013D : 00;
00013E : 00;
00013F : 00;
000140 : 00;
000141 : 00;
000142 : 00;
000143 : 00;
000144 : 00;
000145 : 00;
000146 : 00;
000147 : 00;
000148 : 00;
000149 : 00;
00014A : 00;
00014B : 00;
00014C : 00;
00014D : 00;
00014E : 00;
00014F : 00;
000150 : 00;
000151 : 00;
000152 : 00;
000153 : 00;
000154 : 00;
000155 : 00;
000156 : 00;
000157 : 00;
000158 : 00;
000159 : 00;
00015A : 00;
00015B : 00;
00015C : 00;
00015D : 00;
00015E : 00;
00015F : 00;
000160 : 00;
000161 : 00;
000162 : 00;
000163 : 00;
000164 : 00;
000165 : 00;
000166 : 03;
000167 : 11;
000168 : 2B;
000169 : 1B;
00016A : 27;
00016B : F6;
00016C : 5A;
00016D : 41;
00016E : 2F;
00016F : 23;
000170 : C6;
000171 : 23;
000172 : 02;
000173 : 23;
000174 : 23;
000175 : C6;
000176 : C6;
000177 : C6;
000178 : C6;
000179 : 19;
00017A : 19;
00017B : 19;
00017C : 6E;
00017D : 19;
00017E : 02;
00017F : 0D;
000180 : 31;
000181 : CA;
000182 : F6;
000183 : 27;
000184 : 1B;
000185 : 03;
000186 : 99;
000187 : 24;
000188 : 00;
000189 : 00;
00018A : 00;
00018B : 00;
00018C : 00;
00018D : 00;
00018E : 00;
00018F : 00;
000190 : 00;
000191 : 00;
000192 : 00;
000193 : 00;
000194 : 00;
000195 : 00;
000196 : 00;
000197 : 00;
000198 : 00;
000199 : 00;
00019A : 00;
00019B : 00;
00019C : 00;
00019D : 00;
00019E : 00;
00019F : 00;
0001A0 : 00;
0001A1 : 00;
0001A2 : 00;
0001A3 : 00;
0001A4 : 00;
0001A5 : 00;
0001A6 : 00;
0001A7 : 00;
0001A8 : 00;
0001A9 : 00;
0001AA : 00;
0001AB : 00;
0001AC : 00;
0001AD : 00;
0001AE : 00;
0001AF : 00;
0001B0 : 00;
0001B1 : 00;
0001B2 : 00;
0001B3 : 00;
0001B4 : 00;
0001B5 : 00;
0001B6 : 03;
0001B7 : 03;
0001B8 : 1B;
0001B9 : 3C;
0001BA : 65;
0001BB : 08;
0001BC : 0D;
0001BD : 02;
0001BE : 23;
0001BF : 02;
0001C0 : 2F;
0001C1 : 0D;
0001C2 : 0D;
0001C3 : 6B;
0001C4 : 02;
0001C5 : 23;
0001C6 : C6;
0001C7 : C6;
0001C8 : C6;
0001C9 : C6;
0001CA : C6;
0001CB : C6;
0001CC : C6;
0001CD : C6;
0001CE : C6;
0001CF : C6;
0001D0 : 02;
0001D1 : 0D;
0001D2 : DF;
0001D3 : C1;
0001D4 : 27;
0001D5 : 1B;
0001D6 : 94;
0001D7 : AE;
0001D8 : 99;
0001D9 : 00;
0001DA : 00;
0001DB : 00;
0001DC : 00;
0001DD : 00;
0001DE : 00;
0001DF : 00;
0001E0 : 00;
0001E1 : 00;
0001E2 : 00;
0001E3 : 00;
0001E4 : 00;
0001E5 : 00;
0001E6 : 00;
0001E7 : 00;
0001E8 : 00;
0001E9 : 00;
0001EA : 00;
0001EB : 00;
0001EC : 00;
0001ED : 00;
0001EE : 00;
0001EF : 00;
0001F0 : 00;
0001F1 : 00;
0001F2 : 00;
0001F3 : 00;
0001F4 : 00;
0001F5 : 00;
0001F6 : 00;
0001F7 : 00;
0001F8 : 00;
0001F9 : 00;
0001FA : 00;
0001FB : 00;
0001FC : 00;
0001FD : 00;
0001FE : 00;
0001FF : 00;
000200 : 00;
000201 : 00;
000202 : 00;
000203 : 00;
000204 : 00;
000205 : 24;
000206 : 03;
000207 : 2B;
000208 : 17;
000209 : 65;
00020A : 08;
00020B : 0D;
00020C : 02;
00020D : 19;
00020E : 02;
00020F : 0D;
000210 : 25;
000211 : 31;
000212 : 31;
000213 : 41;
000214 : 0D;
000215 : 02;
000216 : C6;
000217 : C6;
000218 : C6;
000219 : C6;
00021A : C6;
00021B : C6;
00021C : C6;
00021D : C6;
00021E : C6;
00021F : 19;
000220 : 19;
000221 : 02;
000222 : 6B;
000223 : 31;
000224 : 10;
000225 : BA;
000226 : D7;
000227 : 94;
000228 : 11;
000229 : 00;
00022A : 00;
00022B : 00;
00022C : 00;
00022D : 00;
00022E : 00;
00022F : 00;
000230 : 00;
000231 : 00;
000232 : 00;
000233 : 00;
000234 : 00;
000235 : 00;
000236 : 00;
000237 : 00;
000238 : 00;
000239 : 00;
00023A : 00;
00023B : 00;
00023C : 00;
00023D : 00;
00023E : 00;
00023F : 00;
000240 : 00;
000241 : 00;
000242 : 00;
000243 : 00;
000244 : 00;
000245 : 00;
000246 : 00;
000247 : 00;
000248 : 00;
000249 : 00;
00024A : 00;
00024B : 00;
00024C : 00;
00024D : 00;
00024E : 00;
00024F : 00;
000250 : 11;
000251 : 11;
000252 : 99;
000253 : 99;
000254 : 99;
000255 : 11;
000256 : 2B;
000257 : AF;
000258 : 57;
000259 : 08;
00025A : 0D;
00025B : 19;
00025C : C6;
00025D : C6;
00025E : 2F;
00025F : 25;
000260 : 31;
000261 : DF;
000262 : 08;
000263 : DF;
000264 : 41;
000265 : 2F;
000266 : C6;
000267 : C6;
000268 : C6;
000269 : C6;
00026A : C6;
00026B : C6;
00026C : C6;
00026D : C6;
00026E : C6;
00026F : C6;
000270 : C6;
000271 : 19;
000272 : 19;
000273 : 2F;
000274 : 41;
000275 : 72;
000276 : BA;
000277 : 1B;
000278 : 03;
000279 : 11;
00027A : 34;
00027B : 00;
00027C : 00;
00027D : 00;
00027E : 00;
00027F : 00;
000280 : 00;
000281 : 00;
000282 : 00;
000283 : 00;
000284 : 00;
000285 : 00;
000286 : 00;
000287 : 00;
000288 : 00;
000289 : 00;
00028A : 00;
00028B : 00;
00028C : 00;
00028D : 00;
00028E : 00;
00028F : 00;
000290 : 00;
000291 : 00;
000292 : 00;
000293 : 00;
000294 : 00;
000295 : 00;
000296 : 00;
000297 : 00;
000298 : 00;
000299 : 00;
00029A : 00;
00029B : 00;
00029C : 00;
00029D : 00;
00029E : 00;
00029F : 34;
0002A0 : 03;
0002A1 : 03;
0002A2 : 2B;
0002A3 : 2B;
0002A4 : 2B;
0002A5 : 03;
0002A6 : 44;
0002A7 : 12;
0002A8 : CA;
0002A9 : 0D;
0002AA : 23;
0002AB : 19;
0002AC : C6;
0002AD : 02;
0002AE : 2F;
0002AF : 41;
0002B0 : DF;
0002B1 : DF;
0002B2 : 08;
0002B3 : DF;
0002B4 : 41;
0002B5 : 6B;
0002B6 : C6;
0002B7 : C6;
0002B8 : C6;
0002B9 : C6;
0002BA : C6;
0002BB : C6;
0002BC : C6;
0002BD : C6;
0002BE : C6;
0002BF : C6;
0002C0 : C6;
0002C1 : C6;
0002C2 : 23;
0002C3 : 23;
0002C4 : 2F;
0002C5 : 0E;
0002C6 : 72;
0002C7 : 68;
0002C8 : 15;
0002C9 : 94;
0002CA : 94;
0002CB : 00;
0002CC : 00;
0002CD : 00;
0002CE : 00;
0002CF : 00;
0002D0 : 00;
0002D1 : 00;
0002D2 : 00;
0002D3 : 00;
0002D4 : 00;
0002D5 : 00;
0002D6 : 00;
0002D7 : 00;
0002D8 : 00;
0002D9 : 00;
0002DA : 00;
0002DB : 00;
0002DC : 00;
0002DD : 00;
0002DE : 00;
0002DF : 00;
0002E0 : 00;
0002E1 : 00;
0002E2 : 00;
0002E3 : 00;
0002E4 : 00;
0002E5 : 00;
0002E6 : 00;
0002E7 : 00;
0002E8 : 00;
0002E9 : 00;
0002EA : 00;
0002EB : 00;
0002EC : 00;
0002ED : 00;
0002EE : 11;
0002EF : 11;
0002F0 : 15;
0002F1 : AF;
0002F2 : 42;
0002F3 : 12;
0002F4 : 57;
0002F5 : 27;
0002F6 : AF;
0002F7 : 57;
0002F8 : D6;
0002F9 : B1;
0002FA : 19;
0002FB : 19;
0002FC : C6;
0002FD : 02;
0002FE : 2F;
0002FF : B2;
000300 : 41;
000301 : 31;
000302 : 31;
000303 : 41;
000304 : B2;
000305 : 2F;
000306 : C6;
000307 : 19;
000308 : 19;
000309 : 19;
00030A : 19;
00030B : C6;
00030C : C6;
00030D : 19;
00030E : 19;
00030F : 19;
000310 : C6;
000311 : C6;
000312 : 23;
000313 : C6;
000314 : 23;
000315 : 2F;
000316 : 08;
000317 : 4F;
000318 : 3C;
000319 : 03;
00031A : 2B;
00031B : 99;
00031C : 00;
00031D : 00;
00031E : 00;
00031F : 00;
000320 : 00;
000321 : 00;
000322 : 00;
000323 : 00;
000324 : 00;
000325 : 00;
000326 : 00;
000327 : 00;
000328 : 00;
000329 : 00;
00032A : 00;
00032B : 00;
00032C : 00;
00032D : 00;
00032E : 00;
00032F : 00;
000330 : 00;
000331 : 00;
000332 : 00;
000333 : 00;
000334 : 00;
000335 : 00;
000336 : 00;
000337 : 00;
000338 : 00;
000339 : 00;
00033A : 00;
00033B : 00;
00033C : 00;
00033D : 24;
00033E : 34;
00033F : 2B;
000340 : 07;
000341 : 60;
000342 : 1A;
000343 : 72;
000344 : 84;
000345 : 65;
000346 : 57;
000347 : F6;
000348 : 5A;
000349 : 6B;
00034A : 23;
00034B : 19;
00034C : 23;
00034D : 23;
00034E : 02;
00034F : 2F;
000350 : 0D;
000351 : B2;
000352 : B2;
000353 : 0D;
000354 : 2F;
000355 : 02;
000356 : 02;
000357 : B1;
000358 : 02;
000359 : 02;
00035A : 23;
00035B : 23;
00035C : 23;
00035D : 02;
00035E : 02;
00035F : 23;
000360 : C6;
000361 : C6;
000362 : 23;
000363 : 23;
000364 : 23;
000365 : C6;
000366 : B2;
000367 : D6;
000368 : 12;
000369 : 1B;
00036A : 96;
00036B : AE;
00036C : 00;
00036D : 00;
00036E : 00;
00036F : 00;
000370 : 00;
000371 : 00;
000372 : 00;
000373 : 00;
000374 : 00;
000375 : 00;
000376 : 00;
000377 : 00;
000378 : 00;
000379 : 00;
00037A : 00;
00037B : 00;
00037C : 00;
00037D : 00;
00037E : 00;
00037F : 00;
000380 : 00;
000381 : 00;
000382 : 00;
000383 : 00;
000384 : 00;
000385 : 00;
000386 : 00;
000387 : 00;
000388 : 00;
000389 : 00;
00038A : 00;
00038B : 00;
00038C : 00;
00038D : 24;
00038E : 03;
00038F : 48;
000390 : 42;
000391 : 72;
000392 : 37;
000393 : 84;
000394 : 08;
000395 : 08;
000396 : 5F;
000397 : F6;
000398 : C1;
000399 : 41;
00039A : 2F;
00039B : 19;
00039C : 23;
00039D : 23;
00039E : C6;
00039F : 23;
0003A0 : 02;
0003A1 : 02;
0003A2 : 02;
0003A3 : 02;
0003A4 : 02;
0003A5 : 2F;
0003A6 : A0;
0003A7 : 31;
0003A8 : 0E;
0003A9 : B2;
0003AA : 02;
0003AB : 23;
0003AC : 02;
0003AD : A0;
0003AE : 41;
0003AF : 6B;
0003B0 : 02;
0003B1 : 19;
0003B2 : 23;
0003B3 : 23;
0003B4 : 23;
0003B5 : C6;
0003B6 : 02;
0003B7 : 25;
0003B8 : C1;
0003B9 : 27;
0003BA : 15;
0003BB : AE;
0003BC : 00;
0003BD : 00;
0003BE : 00;
0003BF : 00;
0003C0 : 00;
0003C1 : 00;
0003C2 : 00;
0003C3 : 00;
0003C4 : 00;
0003C5 : 00;
0003C6 : 00;
0003C7 : 00;
0003C8 : 00;
0003C9 : 00;
0003CA : 00;
0003CB : 00;
0003CC : 00;
0003CD : 00;
0003CE : 00;
0003CF : 00;
0003D0 : 00;
0003D1 : 00;
0003D2 : 00;
0003D3 : 00;
0003D4 : 00;
0003D5 : 00;
0003D6 : 00;
0003D7 : 00;
0003D8 : 00;
0003D9 : 00;
0003DA : 00;
0003DB : 00;
0003DC : 00;
0003DD : 99;
0003DE : 2B;
0003DF : C9;
0003E0 : 4F;
0003E1 : 1E;
0003E2 : 84;
0003E3 : 65;
0003E4 : 72;
0003E5 : 08;
0003E6 : 0E;
0003E7 : C1;
0003E8 : F6;
0003E9 : 08;
0003EA : 0D;
0003EB : 6E;
0003EC : 23;
0003ED : 23;
0003EE : C6;
0003EF : 19;
0003F0 : 19;
0003F1 : C6;
0003F2 : 19;
0003F3 : 19;
0003F4 : C6;
0003F5 : 2F;
0003F6 : 41;
0003F7 : 1E;
0003F8 : CA;
0003F9 : 1E;
0003FA : 47;
0003FB : A0;
0003FC : 6B;
0003FD : 31;
0003FE : D6;
0003FF : D6;
000400 : 41;
000401 : 2F;
000402 : 23;
000403 : 19;
000404 : 19;
000405 : C6;
000406 : 19;
000407 : 2F;
000408 : 5F;
000409 : E4;
00040A : D7;
00040B : 94;
00040C : 24;
00040D : 11;
00040E : 00;
00040F : 00;
000410 : 00;
000411 : 00;
000412 : 00;
000413 : 00;
000414 : 00;
000415 : 00;
000416 : 00;
000417 : 00;
000418 : 00;
000419 : 00;
00041A : 00;
00041B : 00;
00041C : 00;
00041D : 00;
00041E : 00;
00041F : 00;
000420 : 00;
000421 : 00;
000422 : 00;
000423 : 00;
000424 : 00;
000425 : 00;
000426 : 00;
000427 : 00;
000428 : 00;
000429 : 00;
00042A : 00;
00042B : 00;
00042C : 00;
00042D : 11;
00042E : 2B;
00042F : 12;
000430 : 10;
000431 : 31;
000432 : 5A;
000433 : 57;
000434 : 42;
000435 : 72;
000436 : 41;
000437 : CA;
000438 : 72;
000439 : 5A;
00043A : B2;
00043B : 6E;
00043C : 23;
00043D : 23;
00043E : C6;
00043F : C6;
000440 : C6;
000441 : 23;
000442 : 23;
000443 : 23;
000444 : 23;
000445 : 02;
000446 : A0;
000447 : 08;
000448 : 37;
000449 : 21;
00044A : 72;
00044B : D6;
00044C : 0E;
00044D : 08;
00044E : 37;
00044F : 1A;
000450 : CA;
000451 : 31;
000452 : 0D;
000453 : 2F;
000454 : 02;
000455 : 23;
000456 : 19;
000457 : 02;
000458 : 31;
000459 : 72;
00045A : 52;
00045B : 96;
00045C : AE;
00045D : 94;
00045E : 00;
00045F : 00;
000460 : 00;
000461 : 00;
000462 : 00;
000463 : 00;
000464 : 00;
000465 : 00;
000466 : 00;
000467 : 00;
000468 : 00;
000469 : 00;
00046A : 00;
00046B : 00;
00046C : 00;
00046D : 00;
00046E : 00;
00046F : 00;
000470 : 00;
000471 : 00;
000472 : 00;
000473 : 00;
000474 : 00;
000475 : 00;
000476 : 00;
000477 : 00;
000478 : 00;
000479 : 00;
00047A : 00;
00047B : 03;
00047C : 11;
00047D : 03;
00047E : 1B;
00047F : 4F;
000480 : 08;
000481 : 0D;
000482 : B2;
000483 : 08;
000484 : 57;
000485 : 21;
000486 : 31;
000487 : DF;
000488 : 08;
000489 : DF;
00048A : 0D;
00048B : 19;
00048C : 23;
00048D : C6;
00048E : C6;
00048F : C6;
000490 : 19;
000491 : 19;
000492 : 19;
000493 : 45;
000494 : 23;
000495 : 23;
000496 : 02;
000497 : 6B;
000498 : 25;
000499 : 31;
00049A : 5A;
00049B : 37;
00049C : 84;
00049D : 47;
00049E : 47;
00049F : 84;
0004A0 : 65;
0004A1 : 65;
0004A2 : 37;
0004A3 : 08;
0004A4 : 25;
0004A5 : B1;
0004A6 : 19;
0004A7 : 23;
0004A8 : 0D;
0004A9 : 5F;
0004AA : 27;
0004AB : D7;
0004AC : 03;
0004AD : 96;
0004AE : 00;
0004AF : 00;
0004B0 : 00;
0004B1 : 00;
0004B2 : 00;
0004B3 : 00;
0004B4 : 00;
0004B5 : 00;
0004B6 : 00;
0004B7 : 00;
0004B8 : 00;
0004B9 : 00;
0004BA : 00;
0004BB : 00;
0004BC : 00;
0004BD : 00;
0004BE : 00;
0004BF : 00;
0004C0 : 00;
0004C1 : 00;
0004C2 : 00;
0004C3 : 00;
0004C4 : 00;
0004C5 : 00;
0004C6 : 00;
0004C7 : 00;
0004C8 : 00;
0004C9 : 00;
0004CA : 00;
0004CB : 15;
0004CC : 2B;
0004CD : 2B;
0004CE : 1B;
0004CF : C1;
0004D0 : 31;
0004D1 : 02;
0004D2 : C6;
0004D3 : 25;
0004D4 : 4F;
0004D5 : 65;
0004D6 : 31;
0004D7 : 25;
0004D8 : B2;
0004D9 : B2;
0004DA : 2F;
0004DB : 19;
0004DC : C6;
0004DD : 2F;
0004DE : B2;
0004DF : 41;
0004E0 : 41;
0004E1 : 0D;
0004E2 : B1;
0004E3 : 23;
0004E4 : 45;
0004E5 : 19;
0004E6 : 19;
0004E7 : 19;
0004E8 : 23;
0004E9 : 2F;
0004EA : 41;
0004EB : 5A;
0004EC : 72;
0004ED : 5A;
0004EE : 47;
0004EF : 47;
0004F0 : CA;
0004F1 : 21;
0004F2 : 72;
0004F3 : 5A;
0004F4 : 31;
0004F5 : 2F;
0004F6 : 19;
0004F7 : 23;
0004F8 : 2F;
0004F9 : 08;
0004FA : 12;
0004FB : AF;
0004FC : 94;
0004FD : 03;
0004FE : 00;
0004FF : 00;
000500 : 00;
000501 : 00;
000502 : 00;
000503 : 00;
000504 : 00;
000505 : 00;
000506 : 00;
000507 : 00;
000508 : 00;
000509 : 00;
00050A : 00;
00050B : 00;
00050C : 00;
00050D : 00;
00050E : 00;
00050F : 00;
000510 : 00;
000511 : 00;
000512 : 00;
000513 : 00;
000514 : 00;
000515 : 00;
000516 : 00;
000517 : 00;
000518 : 00;
000519 : 00;
00051A : 00;
00051B : 1B;
00051C : 44;
00051D : 44;
00051E : 36;
00051F : 72;
000520 : 41;
000521 : 02;
000522 : C6;
000523 : 25;
000524 : 65;
000525 : 65;
000526 : DF;
000527 : 6B;
000528 : 23;
000529 : 23;
00052A : 23;
00052B : 19;
00052C : C6;
00052D : 25;
00052E : 1E;
00052F : 21;
000530 : 72;
000531 : D6;
000532 : 41;
000533 : 6B;
000534 : B1;
000535 : 23;
000536 : 23;
000537 : 23;
000538 : 23;
000539 : 23;
00053A : 02;
00053B : 25;
00053C : 5F;
00053D : 21;
00053E : CA;
00053F : A0;
000540 : 0D;
000541 : 25;
000542 : 47;
000543 : 31;
000544 : 41;
000545 : 2F;
000546 : 23;
000547 : 23;
000548 : 02;
000549 : 31;
00054A : F6;
00054B : 3C;
00054C : AE;
00054D : AE;
00054E : 00;
00054F : 00;
000550 : 00;
000551 : 00;
000552 : 00;
000553 : 00;
000554 : 00;
000555 : 00;
000556 : 00;
000557 : 00;
000558 : 00;
000559 : 00;
00055A : 00;
00055B : 00;
00055C : 00;
00055D : 00;
00055E : 00;
00055F : 00;
000560 : 00;
000561 : 00;
000562 : 00;
000563 : 00;
000564 : 00;
000565 : 00;
000566 : 00;
000567 : 00;
000568 : 00;
000569 : 00;
00056A : 00;
00056B : D7;
00056C : D7;
00056D : 15;
00056E : 36;
00056F : 72;
000570 : 0E;
000571 : 02;
000572 : 02;
000573 : 41;
000574 : 57;
000575 : 4F;
000576 : 31;
000577 : 2F;
000578 : 19;
000579 : 19;
00057A : 19;
00057B : 19;
00057C : 23;
00057D : 31;
00057E : 37;
00057F : 72;
000580 : 1C;
000581 : C1;
000582 : 72;
000583 : 10;
000584 : 47;
000585 : 25;
000586 : 2F;
000587 : 23;
000588 : 19;
000589 : 19;
00058A : 19;
00058B : 2F;
00058C : 41;
00058D : 10;
00058E : 5A;
00058F : 25;
000590 : 33;
000591 : 02;
000592 : 6B;
000593 : 6B;
000594 : 2F;
000595 : 23;
000596 : 19;
000597 : 23;
000598 : 23;
000599 : 0E;
00059A : 65;
00059B : 17;
00059C : 11;
00059D : 11;
00059E : 00;
00059F : 00;
0005A0 : 00;
0005A1 : 00;
0005A2 : 00;
0005A3 : 00;
0005A4 : 00;
0005A5 : 00;
0005A6 : 00;
0005A7 : 00;
0005A8 : 00;
0005A9 : 00;
0005AA : 00;
0005AB : 00;
0005AC : 00;
0005AD : 00;
0005AE : 00;
0005AF : 00;
0005B0 : 00;
0005B1 : 00;
0005B2 : 00;
0005B3 : 00;
0005B4 : 00;
0005B5 : 00;
0005B6 : 00;
0005B7 : 00;
0005B8 : 00;
0005B9 : 00;
0005BA : 00;
0005BB : D7;
0005BC : B3;
0005BD : 96;
0005BE : 1B;
0005BF : 65;
0005C0 : DF;
0005C1 : 02;
0005C2 : 02;
0005C3 : 31;
0005C4 : F6;
0005C5 : C1;
0005C6 : 41;
0005C7 : 2F;
0005C8 : 19;
0005C9 : 19;
0005CA : 19;
0005CB : 23;
0005CC : 2F;
0005CD : 47;
0005CE : 8F;
0005CF : 7E;
0005D0 : 7E;
0005D1 : A3;
0005D2 : F2;
0005D3 : 1C;
0005D4 : 72;
0005D5 : 8F;
0005D6 : 08;
0005D7 : 41;
0005D8 : 0D;
0005D9 : 2F;
0005DA : 02;
0005DB : 23;
0005DC : 2F;
0005DD : 31;
0005DE : 31;
0005DF : A0;
0005E0 : 02;
0005E1 : 23;
0005E2 : 6B;
0005E3 : A0;
0005E4 : 25;
0005E5 : 0D;
0005E6 : 2F;
0005E7 : 23;
0005E8 : 23;
0005E9 : 41;
0005EA : 21;
0005EB : 32;
0005EC : 99;
0005ED : 99;
0005EE : 00;
0005EF : 00;
0005F0 : 00;
0005F1 : 00;
0005F2 : 00;
0005F3 : 00;
0005F4 : 00;
0005F5 : 00;
0005F6 : 00;
0005F7 : 00;
0005F8 : 00;
0005F9 : 00;
0005FA : 00;
0005FB : 00;
0005FC : 00;
0005FD : 00;
0005FE : 00;
0005FF : 00;
000600 : 00;
000601 : 00;
000602 : 00;
000603 : 00;
000604 : 00;
000605 : 00;
000606 : 00;
000607 : 00;
000608 : 00;
000609 : 00;
00060A : 00;
00060B : 00;
00060C : 00;
00060D : AE;
00060E : 15;
00060F : 57;
000610 : 5A;
000611 : 6B;
000612 : 02;
000613 : 41;
000614 : 10;
000615 : 5A;
000616 : B2;
000617 : 02;
000618 : 23;
000619 : 23;
00061A : 19;
00061B : 02;
00061C : 25;
00061D : 08;
00061E : 7E;
00061F : 2D;
000620 : 50;
000621 : 56;
000622 : 35;
000623 : 7E;
000624 : 72;
000625 : 57;
000626 : 57;
000627 : 65;
000628 : 5A;
000629 : 31;
00062A : 0D;
00062B : 02;
00062C : 02;
00062D : 2F;
00062E : 2F;
00062F : 02;
000630 : 23;
000631 : 2F;
000632 : 31;
000633 : CA;
000634 : 72;
000635 : 1E;
000636 : 0E;
000637 : 2F;
000638 : 23;
000639 : 41;
00063A : 72;
00063B : 9F;
00063C : 99;
00063D : 99;
00063E : 00;
00063F : 00;
000640 : 00;
000641 : 00;
000642 : 00;
000643 : 00;
000644 : 00;
000645 : 00;
000646 : 00;
000647 : 00;
000648 : 00;
000649 : 00;
00064A : 00;
00064B : 00;
00064C : 00;
00064D : 00;
00064E : 00;
00064F : 00;
000650 : 00;
000651 : 00;
000652 : 00;
000653 : 00;
000654 : 00;
000655 : 00;
000656 : 00;
000657 : 00;
000658 : 00;
000659 : 00;
00065A : 00;
00065B : 00;
00065C : 00;
00065D : 11;
00065E : 2B;
00065F : 17;
000660 : 65;
000661 : 41;
000662 : 2F;
000663 : 6B;
000664 : 41;
000665 : 25;
000666 : 2F;
000667 : 02;
000668 : 02;
000669 : 2F;
00066A : 23;
00066B : 2F;
00066C : DF;
00066D : 08;
00066E : 7D;
00066F : E3;
000670 : 2A;
000671 : 29;
000672 : E7;
000673 : 7E;
000674 : FA;
000675 : A3;
000676 : A3;
000677 : 10;
000678 : 1C;
000679 : 72;
00067A : 10;
00067B : 47;
00067C : B2;
00067D : 02;
00067E : 19;
00067F : 19;
000680 : C6;
000681 : 02;
000682 : 41;
000683 : 08;
000684 : 37;
000685 : 21;
000686 : 84;
000687 : 47;
000688 : 0D;
000689 : 0E;
00068A : 21;
00068B : 17;
00068C : 24;
00068D : 24;
00068E : 00;
00068F : 00;
000690 : 00;
000691 : 00;
000692 : 00;
000693 : 00;
000694 : 00;
000695 : 00;
000696 : 00;
000697 : 00;
000698 : 00;
000699 : 00;
00069A : 00;
00069B : 00;
00069C : 00;
00069D : 00;
00069E : 00;
00069F : 00;
0006A0 : 00;
0006A1 : 00;
0006A2 : 00;
0006A3 : 00;
0006A4 : 00;
0006A5 : 00;
0006A6 : 00;
0006A7 : 00;
0006A8 : 00;
0006A9 : 00;
0006AA : 00;
0006AB : 00;
0006AC : 00;
0006AD : 34;
0006AE : 2B;
0006AF : 1B;
0006B0 : 42;
0006B1 : 8F;
0006B2 : 41;
0006B3 : 2F;
0006B4 : 02;
0006B5 : 23;
0006B6 : 23;
0006B7 : 2F;
0006B8 : B2;
0006B9 : 25;
0006BA : 2F;
0006BB : 6B;
0006BC : 08;
0006BD : 5F;
0006BE : 7D;
0006BF : E3;
0006C0 : 2A;
0006C1 : 29;
0006C2 : 35;
0006C3 : E5;
0006C4 : E5;
0006C5 : 35;
0006C6 : BB;
0006C7 : 89;
0006C8 : 5F;
0006C9 : 57;
0006CA : 42;
0006CB : 65;
0006CC : 31;
0006CD : 2F;
0006CE : C6;
0006CF : 02;
0006D0 : 23;
0006D1 : C6;
0006D2 : 2F;
0006D3 : B2;
0006D4 : 31;
0006D5 : 10;
0006D6 : 21;
0006D7 : 84;
0006D8 : 41;
0006D9 : 31;
0006DA : 1A;
0006DB : 3C;
0006DC : 24;
0006DD : 24;
0006DE : 00;
0006DF : 00;
0006E0 : 00;
0006E1 : 00;
0006E2 : 00;
0006E3 : 00;
0006E4 : 00;
0006E5 : 00;
0006E6 : 00;
0006E7 : 00;
0006E8 : 00;
0006E9 : 00;
0006EA : 00;
0006EB : 00;
0006EC : 00;
0006ED : 00;
0006EE : 00;
0006EF : 00;
0006F0 : 00;
0006F1 : 00;
0006F2 : 00;
0006F3 : 00;
0006F4 : 00;
0006F5 : 00;
0006F6 : 00;
0006F7 : 00;
0006F8 : 00;
0006F9 : 00;
0006FA : 00;
0006FB : 00;
0006FC : 00;
0006FD : 34;
0006FE : A6;
0006FF : 2B;
000700 : 48;
000701 : 60;
000702 : 37;
000703 : 31;
000704 : 6B;
000705 : 23;
000706 : 23;
000707 : 25;
000708 : 08;
000709 : D6;
00070A : B2;
00070B : 2F;
00070C : 08;
00070D : 10;
00070E : A3;
00070F : 56;
000710 : 3B;
000711 : 05;
000712 : BB;
000713 : 80;
000714 : 35;
000715 : E3;
000716 : 29;
000717 : 50;
000718 : 35;
000719 : 5F;
00071A : 12;
00071B : 4F;
00071C : DF;
00071D : 0D;
00071E : 2F;
00071F : 6B;
000720 : 02;
000721 : C6;
000722 : 23;
000723 : 02;
000724 : 2F;
000725 : B2;
000726 : 31;
000727 : 47;
000728 : 25;
000729 : 47;
00072A : 12;
00072B : 07;
00072C : 24;
00072D : 24;
00072E : 00;
00072F : 00;
000730 : 00;
000731 : 00;
000732 : 00;
000733 : 00;
000734 : 00;
000735 : 00;
000736 : 00;
000737 : 00;
000738 : 00;
000739 : 00;
00073A : 00;
00073B : 00;
00073C : 00;
00073D : 00;
00073E : 00;
00073F : 00;
000740 : 00;
000741 : 00;
000742 : 00;
000743 : 00;
000744 : 00;
000745 : 00;
000746 : 00;
000747 : 00;
000748 : 00;
000749 : 00;
00074A : 00;
00074B : 00;
00074C : 00;
00074D : 00;
00074E : 34;
00074F : 11;
000750 : 4B;
000751 : 07;
000752 : 60;
000753 : 72;
000754 : 0E;
000755 : 02;
000756 : 02;
000757 : 31;
000758 : CA;
000759 : 10;
00075A : 25;
00075B : 2F;
00075C : 31;
00075D : 72;
00075E : 72;
00075F : E9;
000760 : E3;
000761 : 29;
000762 : E3;
000763 : 16;
000764 : E3;
000765 : 05;
000766 : 88;
000767 : 50;
000768 : E9;
000769 : 8F;
00076A : 72;
00076B : 1E;
00076C : 25;
00076D : 0D;
00076E : 31;
00076F : 1E;
000770 : 31;
000771 : 6B;
000772 : 23;
000773 : 19;
000774 : 19;
000775 : C6;
000776 : 2F;
000777 : B2;
000778 : 0D;
000779 : 08;
00077A : 42;
00077B : 48;
00077C : 24;
00077D : 24;
00077E : 00;
00077F : 00;
000780 : 00;
000781 : 00;
000782 : 00;
000783 : 00;
000784 : 00;
000785 : 00;
000786 : 00;
000787 : 00;
000788 : 00;
000789 : 00;
00078A : 00;
00078B : 00;
00078C : 00;
00078D : 00;
00078E : 00;
00078F : 00;
000790 : 00;
000791 : 00;
000792 : 00;
000793 : 00;
000794 : 00;
000795 : 00;
000796 : 00;
000797 : 00;
000798 : 00;
000799 : 00;
00079A : 00;
00079B : 00;
00079C : 00;
00079D : 00;
00079E : 34;
00079F : 24;
0007A0 : 1B;
0007A1 : 36;
0007A2 : 36;
0007A3 : 60;
0007A4 : 08;
0007A5 : 2F;
0007A6 : 02;
0007A7 : 31;
0007A8 : 84;
0007A9 : 37;
0007AA : 41;
0007AB : 02;
0007AC : 25;
0007AD : 72;
0007AE : BA;
0007AF : 5F;
0007B0 : E9;
0007B1 : 16;
0007B2 : 50;
0007B3 : 29;
0007B4 : 29;
0007B5 : 29;
0007B6 : E3;
0007B7 : E7;
0007B8 : A3;
0007B9 : 21;
0007BA : 47;
0007BB : 6B;
0007BC : 02;
0007BD : B2;
0007BE : CA;
0007BF : 62;
0007C0 : 72;
0007C1 : DF;
0007C2 : 6B;
0007C3 : 23;
0007C4 : 23;
0007C5 : 23;
0007C6 : C6;
0007C7 : 02;
0007C8 : 6B;
0007C9 : 08;
0007CA : 42;
0007CB : 1B;
0007CC : 24;
0007CD : 24;
0007CE : 00;
0007CF : 00;
0007D0 : 00;
0007D1 : 00;
0007D2 : 00;
0007D3 : 00;
0007D4 : 00;
0007D5 : 00;
0007D6 : 00;
0007D7 : 00;
0007D8 : 00;
0007D9 : 00;
0007DA : 00;
0007DB : 00;
0007DC : 00;
0007DD : 00;
0007DE : 00;
0007DF : 00;
0007E0 : 00;
0007E1 : 00;
0007E2 : 00;
0007E3 : 00;
0007E4 : 00;
0007E5 : 00;
0007E6 : 00;
0007E7 : 00;
0007E8 : 00;
0007E9 : 00;
0007EA : 00;
0007EB : 00;
0007EC : 00;
0007ED : 00;
0007EE : 00;
0007EF : 00;
0007F0 : D7;
0007F1 : 36;
0007F2 : 3C;
0007F3 : 57;
0007F4 : 31;
0007F5 : 02;
0007F6 : 02;
0007F7 : 31;
0007F8 : 84;
0007F9 : 72;
0007FA : 0E;
0007FB : 23;
0007FC : 2F;
0007FD : D6;
0007FE : 57;
0007FF : 60;
000800 : 1C;
000801 : 7E;
000802 : 89;
000803 : 35;
000804 : 35;
000805 : E9;
000806 : E5;
000807 : 5F;
000808 : 37;
000809 : 5A;
00080A : A0;
00080B : 23;
00080C : 02;
00080D : 31;
00080E : 72;
00080F : 12;
000810 : 57;
000811 : 21;
000812 : 1E;
000813 : 25;
000814 : 02;
000815 : 19;
000816 : 19;
000817 : 23;
000818 : 2F;
000819 : 08;
00081A : 42;
00081B : 48;
00081C : 24;
00081D : 24;
00081E : 00;
00081F : 00;
000820 : 00;
000821 : 00;
000822 : 00;
000823 : 00;
000824 : 00;
000825 : 00;
000826 : 00;
000827 : 00;
000828 : 00;
000829 : 00;
00082A : 00;
00082B : 00;
00082C : 00;
00082D : 00;
00082E : 00;
00082F : 00;
000830 : 00;
000831 : 00;
000832 : 00;
000833 : 00;
000834 : 00;
000835 : 00;
000836 : 00;
000837 : 00;
000838 : 00;
000839 : 00;
00083A : 00;
00083B : 00;
00083C : 00;
00083D : 00;
00083E : 00;
00083F : 00;
000840 : 03;
000841 : 15;
000842 : C9;
000843 : 65;
000844 : 41;
000845 : C6;
000846 : 23;
000847 : 41;
000848 : CA;
000849 : 4F;
00084A : D6;
00084B : 0D;
00084C : 2F;
00084D : 41;
00084E : 84;
00084F : 60;
000850 : 09;
000851 : 57;
000852 : 1C;
000853 : F2;
000854 : 8F;
000855 : F2;
000856 : 10;
000857 : 72;
000858 : 5A;
000859 : 41;
00085A : B1;
00085B : 19;
00085C : 2F;
00085D : 1E;
00085E : 10;
00085F : A3;
000860 : 5F;
000861 : 1C;
000862 : 57;
000863 : 37;
000864 : 31;
000865 : 6B;
000866 : 02;
000867 : 23;
000868 : 2F;
000869 : 08;
00086A : 42;
00086B : 1B;
00086C : 24;
00086D : 24;
00086E : 00;
00086F : 00;
000870 : 00;
000871 : 00;
000872 : 00;
000873 : 00;
000874 : 00;
000875 : 00;
000876 : 00;
000877 : 00;
000878 : 00;
000879 : 00;
00087A : 00;
00087B : 00;
00087C : 00;
00087D : 00;
00087E : 00;
00087F : 00;
000880 : 00;
000881 : 00;
000882 : 00;
000883 : 00;
000884 : 00;
000885 : 00;
000886 : 00;
000887 : 00;
000888 : 00;
000889 : 00;
00088A : 00;
00088B : 00;
00088C : 00;
00088D : 03;
00088E : 96;
00088F : 00;
000890 : 11;
000891 : 03;
000892 : 60;
000893 : 10;
000894 : B2;
000895 : 6E;
000896 : 23;
000897 : 6B;
000898 : 08;
000899 : F6;
00089A : 72;
00089B : 08;
00089C : B2;
00089D : 6B;
00089E : 41;
00089F : CA;
0008A0 : 4F;
0008A1 : 60;
0008A2 : 09;
0008A3 : 9F;
0008A4 : 09;
0008A5 : 57;
0008A6 : 10;
0008A7 : 31;
0008A8 : B2;
0008A9 : B1;
0008AA : 23;
0008AB : B1;
0008AC : 25;
0008AD : 37;
0008AE : A3;
0008AF : FC;
0008B0 : 35;
0008B1 : 7E;
0008B2 : 09;
0008B3 : 9F;
0008B4 : 65;
0008B5 : 47;
0008B6 : 0D;
0008B7 : 02;
0008B8 : B2;
0008B9 : 5A;
0008BA : 17;
0008BB : 15;
0008BC : 24;
0008BD : 24;
0008BE : 00;
0008BF : 00;
0008C0 : 00;
0008C1 : 00;
0008C2 : 00;
0008C3 : 00;
0008C4 : 00;
0008C5 : 00;
0008C6 : 00;
0008C7 : 00;
0008C8 : 00;
0008C9 : 00;
0008CA : 00;
0008CB : 00;
0008CC : 00;
0008CD : 00;
0008CE : 00;
0008CF : 00;
0008D0 : 00;
0008D1 : 00;
0008D2 : 00;
0008D3 : 00;
0008D4 : 00;
0008D5 : 00;
0008D6 : 00;
0008D7 : 00;
0008D8 : 00;
0008D9 : 00;
0008DA : 00;
0008DB : 00;
0008DC : 00;
0008DD : 99;
0008DE : 94;
0008DF : 96;
0008E0 : 03;
0008E1 : 2B;
0008E2 : 57;
0008E3 : D6;
0008E4 : 6B;
0008E5 : 6E;
0008E6 : 23;
0008E7 : 02;
0008E8 : 25;
0008E9 : 5A;
0008EA : 21;
0008EB : 72;
0008EC : D6;
0008ED : 25;
0008EE : 2F;
0008EF : A0;
0008F0 : 31;
0008F1 : D6;
0008F2 : 5A;
0008F3 : CA;
0008F4 : 5A;
0008F5 : 08;
0008F6 : 31;
0008F7 : 31;
0008F8 : 41;
0008F9 : 0D;
0008FA : 02;
0008FB : 0D;
0008FC : 31;
0008FD : 8F;
0008FE : 7D;
0008FF : E3;
000900 : 56;
000901 : 89;
000902 : 8F;
000903 : F2;
000904 : 8F;
000905 : 72;
000906 : 5A;
000907 : 47;
000908 : 1E;
000909 : 65;
00090A : 07;
00090B : 2B;
00090C : 24;
00090D : 24;
00090E : 00;
00090F : 00;
000910 : 00;
000911 : 00;
000912 : 00;
000913 : 00;
000914 : 00;
000915 : 00;
000916 : 00;
000917 : 00;
000918 : 00;
000919 : 00;
00091A : 00;
00091B : 00;
00091C : 00;
00091D : 00;
00091E : 00;
00091F : 00;
000920 : 00;
000921 : 00;
000922 : 00;
000923 : 00;
000924 : 00;
000925 : 00;
000926 : 00;
000927 : 00;
000928 : AE;
000929 : AE;
00092A : FD;
00092B : 96;
00092C : 15;
00092D : 44;
00092E : 44;
00092F : 1B;
000930 : 1B;
000931 : 1B;
000932 : F6;
000933 : 08;
000934 : 2F;
000935 : 6E;
000936 : 23;
000937 : C6;
000938 : 02;
000939 : 25;
00093A : 1E;
00093B : 37;
00093C : 1E;
00093D : 41;
00093E : 02;
00093F : 23;
000940 : 02;
000941 : 2F;
000942 : 6B;
000943 : 6B;
000944 : 6B;
000945 : B2;
000946 : 31;
000947 : 10;
000948 : 1E;
000949 : 31;
00094A : 25;
00094B : 31;
00094C : 08;
00094D : 5A;
00094E : 89;
00094F : 8C;
000950 : 50;
000951 : BB;
000952 : 35;
000953 : 80;
000954 : 89;
000955 : F2;
000956 : 4F;
000957 : 65;
000958 : 1A;
000959 : 42;
00095A : 4B;
00095B : 11;
00095C : 24;
00095D : 00;
00095E : 00;
00095F : 00;
000960 : 00;
000961 : 00;
000962 : 00;
000963 : 00;
000964 : 00;
000965 : 00;
000966 : 00;
000967 : 00;
000968 : 00;
000969 : 00;
00096A : 00;
00096B : 00;
00096C : 00;
00096D : 00;
00096E : 00;
00096F : 00;
000970 : 00;
000971 : 00;
000972 : 00;
000973 : 00;
000974 : 00;
000975 : 00;
000976 : 00;
000977 : 96;
000978 : 96;
000979 : 96;
00097A : 15;
00097B : 44;
00097C : 6A;
00097D : 6A;
00097E : 6A;
00097F : B3;
000980 : AF;
000981 : AF;
000982 : 65;
000983 : 31;
000984 : 2F;
000985 : 19;
000986 : 23;
000987 : 23;
000988 : 23;
000989 : 02;
00098A : 6B;
00098B : 0D;
00098C : 0D;
00098D : 2F;
00098E : C6;
00098F : 23;
000990 : 23;
000991 : 23;
000992 : 23;
000993 : 23;
000994 : 2F;
000995 : DF;
000996 : 65;
000997 : 9F;
000998 : 1A;
000999 : CA;
00099A : 84;
00099B : CA;
00099C : 5A;
00099D : 10;
00099E : 7D;
00099F : 50;
0009A0 : 05;
0009A1 : 29;
0009A2 : 8C;
0009A3 : 29;
0009A4 : 16;
0009A5 : E5;
0009A6 : 65;
0009A7 : 48;
0009A8 : 1B;
0009A9 : 1B;
0009AA : 2B;
0009AB : 11;
0009AC : 00;
0009AD : 00;
0009AE : 00;
0009AF : 00;
0009B0 : 00;
0009B1 : 00;
0009B2 : 00;
0009B3 : 00;
0009B4 : 00;
0009B5 : 00;
0009B6 : 00;
0009B7 : 00;
0009B8 : 00;
0009B9 : 00;
0009BA : 00;
0009BB : 00;
0009BC : 00;
0009BD : 00;
0009BE : 00;
0009BF : 00;
0009C0 : 00;
0009C1 : 00;
0009C2 : 00;
0009C3 : 00;
0009C4 : 00;
0009C5 : 99;
0009C6 : 94;
0009C7 : 03;
0009C8 : 44;
0009C9 : 6A;
0009CA : 7F;
0009CB : 51;
0009CC : 01;
0009CD : 51;
0009CE : 7F;
0009CF : 60;
0009D0 : 12;
0009D1 : BA;
0009D2 : 72;
0009D3 : 31;
0009D4 : 2F;
0009D5 : 19;
0009D6 : C6;
0009D7 : C6;
0009D8 : C6;
0009D9 : 19;
0009DA : 19;
0009DB : 23;
0009DC : 23;
0009DD : C6;
0009DE : 19;
0009DF : 19;
0009E0 : 19;
0009E1 : 19;
0009E2 : 19;
0009E3 : 19;
0009E4 : 02;
0009E5 : 31;
0009E6 : 37;
0009E7 : 57;
0009E8 : 65;
0009E9 : 72;
0009EA : 57;
0009EB : 65;
0009EC : 8F;
0009ED : 4F;
0009EE : 5F;
0009EF : E7;
0009F0 : 50;
0009F1 : 88;
0009F2 : 88;
0009F3 : 3B;
0009F4 : E3;
0009F5 : 7E;
0009F6 : 4F;
0009F7 : 34;
0009F8 : 99;
0009F9 : 11;
0009FA : 11;
0009FB : 24;
0009FC : 00;
0009FD : 00;
0009FE : 00;
0009FF : 00;
000A00 : 00;
000A01 : 00;
000A02 : 00;
000A03 : 00;
000A04 : 00;
000A05 : 00;
000A06 : 00;
000A07 : 00;
000A08 : 00;
000A09 : 00;
000A0A : 00;
000A0B : 00;
000A0C : 00;
000A0D : 00;
000A0E : 00;
000A0F : 00;
000A10 : 00;
000A11 : 00;
000A12 : 00;
000A13 : AE;
000A14 : 94;
000A15 : 96;
000A16 : 44;
000A17 : 6A;
000A18 : DB;
000A19 : 28;
000A1A : 01;
000A1B : D3;
000A1C : 0C;
000A1D : D3;
000A1E : 51;
000A1F : 1C;
000A20 : 90;
000A21 : 65;
000A22 : 37;
000A23 : DF;
000A24 : 2F;
000A25 : C6;
000A26 : 02;
000A27 : 02;
000A28 : 02;
000A29 : 23;
000A2A : 19;
000A2B : 19;
000A2C : 19;
000A2D : 23;
000A2E : 23;
000A2F : 02;
000A30 : B1;
000A31 : B1;
000A32 : B1;
000A33 : 02;
000A34 : 02;
000A35 : B2;
000A36 : 31;
000A37 : 08;
000A38 : 5A;
000A39 : 72;
000A3A : 60;
000A3B : 65;
000A3C : 1E;
000A3D : 62;
000A3E : 57;
000A3F : 7E;
000A40 : E7;
000A41 : E3;
000A42 : 50;
000A43 : 16;
000A44 : 35;
000A45 : 8F;
000A46 : 9F;
000A47 : 11;
000A48 : 24;
000A49 : 00;
000A4A : 00;
000A4B : 00;
000A4C : 00;
000A4D : 00;
000A4E : 00;
000A4F : 00;
000A50 : 00;
000A51 : 00;
000A52 : 00;
000A53 : 00;
000A54 : 00;
000A55 : 00;
000A56 : 00;
000A57 : 00;
000A58 : 00;
000A59 : 00;
000A5A : 00;
000A5B : 00;
000A5C : 00;
000A5D : 00;
000A5E : 00;
000A5F : 00;
000A60 : 00;
000A61 : 00;
000A62 : 11;
000A63 : 94;
000A64 : 94;
000A65 : 44;
000A66 : DB;
000A67 : 51;
000A68 : 1F;
000A69 : 0C;
000A6A : 18;
000A6B : 3E;
000A6C : 3E;
000A6D : 0C;
000A6E : 51;
000A6F : 10;
000A70 : 08;
000A71 : 37;
000A72 : 72;
000A73 : D6;
000A74 : 2F;
000A75 : 02;
000A76 : 0D;
000A77 : A0;
000A78 : 0D;
000A79 : 23;
000A7A : 19;
000A7B : 23;
000A7C : 23;
000A7D : 2F;
000A7E : B2;
000A7F : 41;
000A80 : 31;
000A81 : 31;
000A82 : 41;
000A83 : A0;
000A84 : 2F;
000A85 : 02;
000A86 : 02;
000A87 : 2F;
000A88 : 0E;
000A89 : 8F;
000A8A : 65;
000A8B : 5A;
000A8C : 31;
000A8D : 65;
000A8E : 62;
000A8F : 1C;
000A90 : A3;
000A91 : E5;
000A92 : 89;
000A93 : 7E;
000A94 : F2;
000A95 : 9F;
000A96 : 4B;
000A97 : D1;
000A98 : 00;
000A99 : 00;
000A9A : 00;
000A9B : 00;
000A9C : 00;
000A9D : 00;
000A9E : 00;
000A9F : 00;
000AA0 : 00;
000AA1 : 00;
000AA2 : 00;
000AA3 : 00;
000AA4 : 00;
000AA5 : 00;
000AA6 : 00;
000AA7 : 00;
000AA8 : 00;
000AA9 : 00;
000AAA : 00;
000AAB : 00;
000AAC : 00;
000AAD : 00;
000AAE : 00;
000AAF : 00;
000AB0 : 00;
000AB1 : 24;
000AB2 : 11;
000AB3 : 2B;
000AB4 : 1B;
000AB5 : 7F;
000AB6 : 01;
000AB7 : D3;
000AB8 : 8B;
000AB9 : 3E;
000ABA : 04;
000ABB : 04;
000ABC : 04;
000ABD : 0C;
000ABE : 57;
000ABF : 5F;
000AC0 : 41;
000AC1 : 5A;
000AC2 : 72;
000AC3 : 10;
000AC4 : 0D;
000AC5 : 0D;
000AC6 : 47;
000AC7 : 08;
000AC8 : 41;
000AC9 : 02;
000ACA : 19;
000ACB : 2F;
000ACC : 25;
000ACD : 08;
000ACE : 10;
000ACF : 10;
000AD0 : 5A;
000AD1 : 08;
000AD2 : 5A;
000AD3 : 5A;
000AD4 : 08;
000AD5 : 31;
000AD6 : 0D;
000AD7 : 02;
000AD8 : 6B;
000AD9 : 0E;
000ADA : DF;
000ADB : 41;
000ADC : B2;
000ADD : 1E;
000ADE : 65;
000ADF : 57;
000AE0 : 4F;
000AE1 : 10;
000AE2 : 08;
000AE3 : 84;
000AE4 : 57;
000AE5 : 1B;
000AE6 : 24;
000AE7 : 11;
000AE8 : 00;
000AE9 : 00;
000AEA : 00;
000AEB : 00;
000AEC : 00;
000AED : 00;
000AEE : 00;
000AEF : 00;
000AF0 : 00;
000AF1 : 00;
000AF2 : 00;
000AF3 : 00;
000AF4 : 00;
000AF5 : 00;
000AF6 : 00;
000AF7 : 00;
000AF8 : 00;
000AF9 : 00;
000AFA : 00;
000AFB : 00;
000AFC : 00;
000AFD : 00;
000AFE : 00;
000AFF : 00;
000B00 : 2B;
000B01 : 34;
000B02 : 2B;
000B03 : 1B;
000B04 : C7;
000B05 : D4;
000B06 : 3F;
000B07 : 3E;
000B08 : 04;
000B09 : 04;
000B0A : 04;
000B0B : 04;
000B0C : CB;
000B0D : 0C;
000B0E : 51;
000B0F : 5F;
000B10 : 41;
000B11 : 08;
000B12 : 72;
000B13 : 21;
000B14 : 25;
000B15 : 0E;
000B16 : 37;
000B17 : CA;
000B18 : 31;
000B19 : 02;
000B1A : 23;
000B1B : B2;
000B1C : CA;
000B1D : 12;
000B1E : 27;
000B1F : 57;
000B20 : 8F;
000B21 : A3;
000B22 : 72;
000B23 : 57;
000B24 : 4F;
000B25 : 10;
000B26 : 47;
000B27 : 41;
000B28 : 0D;
000B29 : 2F;
000B2A : 02;
000B2B : 02;
000B2C : 02;
000B2D : 25;
000B2E : D6;
000B2F : 21;
000B30 : 65;
000B31 : 37;
000B32 : 5A;
000B33 : 37;
000B34 : 1A;
000B35 : 07;
000B36 : 11;
000B37 : 34;
000B38 : 00;
000B39 : 00;
000B3A : 00;
000B3B : 00;
000B3C : 00;
000B3D : 00;
000B3E : 00;
000B3F : 00;
000B40 : 00;
000B41 : 00;
000B42 : 00;
000B43 : 00;
000B44 : 00;
000B45 : 00;
000B46 : 00;
000B47 : 00;
000B48 : 00;
000B49 : 00;
000B4A : 00;
000B4B : 00;
000B4C : 00;
000B4D : 00;
000B4E : 00;
000B4F : 52;
000B50 : 15;
000B51 : 2B;
000B52 : 6A;
000B53 : 28;
000B54 : 1F;
000B55 : 8B;
000B56 : E6;
000B57 : 04;
000B58 : 04;
000B59 : 04;
000B5A : 04;
000B5B : 04;
000B5C : 04;
000B5D : 0C;
000B5E : 51;
000B5F : 8F;
000B60 : 41;
000B61 : 41;
000B62 : 37;
000B63 : 57;
000B64 : DF;
000B65 : 08;
000B66 : 65;
000B67 : 1E;
000B68 : 25;
000B69 : 23;
000B6A : 02;
000B6B : 31;
000B6C : 57;
000B6D : B3;
000B6E : B3;
000B6F : BA;
000B70 : 5F;
000B71 : 7E;
000B72 : 72;
000B73 : 1C;
000B74 : A3;
000B75 : E5;
000B76 : 7E;
000B77 : 10;
000B78 : 8F;
000B79 : 31;
000B7A : 2F;
000B7B : C6;
000B7C : 23;
000B7D : 02;
000B7E : 0D;
000B7F : 41;
000B80 : 0E;
000B81 : 41;
000B82 : 25;
000B83 : 5A;
000B84 : 57;
000B85 : 07;
000B86 : 24;
000B87 : 34;
000B88 : 00;
000B89 : 00;
000B8A : 00;
000B8B : 00;
000B8C : 00;
000B8D : 00;
000B8E : 00;
000B8F : 00;
000B90 : 00;
000B91 : 00;
000B92 : 00;
000B93 : 00;
000B94 : 00;
000B95 : 00;
000B96 : 00;
000B97 : 00;
000B98 : 00;
000B99 : 00;
000B9A : 00;
000B9B : 00;
000B9C : 00;
000B9D : 00;
000B9E : 00;
000B9F : 27;
000BA0 : 27;
000BA1 : 32;
000BA2 : 09;
000BA3 : 1F;
000BA4 : 8B;
000BA5 : 04;
000BA6 : 04;
000BA7 : 04;
000BA8 : 04;
000BA9 : 04;
000BAA : 04;
000BAB : 04;
000BAC : 04;
000BAD : 3F;
000BAE : 51;
000BAF : 72;
000BB0 : 31;
000BB1 : 0D;
000BB2 : 5F;
000BB3 : 57;
000BB4 : 10;
000BB5 : 72;
000BB6 : F6;
000BB7 : 08;
000BB8 : 0D;
000BB9 : 23;
000BBA : 2F;
000BBB : DF;
000BBC : 12;
000BBD : AF;
000BBE : AF;
000BBF : 09;
000BC0 : 1C;
000BC1 : 5F;
000BC2 : E4;
000BC3 : 1C;
000BC4 : 7E;
000BC5 : E9;
000BC6 : 7D;
000BC7 : 65;
000BC8 : 65;
000BC9 : 1E;
000BCA : 41;
000BCB : 6B;
000BCC : 23;
000BCD : 23;
000BCE : 02;
000BCF : 6B;
000BD0 : 0D;
000BD1 : A0;
000BD2 : 31;
000BD3 : 37;
000BD4 : 42;
000BD5 : BC;
000BD6 : 24;
000BD7 : 99;
000BD8 : 00;
000BD9 : 00;
000BDA : 00;
000BDB : 00;
000BDC : 00;
000BDD : 00;
000BDE : 00;
000BDF : 00;
000BE0 : 00;
000BE1 : 00;
000BE2 : 00;
000BE3 : 00;
000BE4 : 00;
000BE5 : 00;
000BE6 : 00;
000BE7 : 00;
000BE8 : 00;
000BE9 : 00;
000BEA : 00;
000BEB : 00;
000BEC : 00;
000BED : 24;
000BEE : 24;
000BEF : 32;
000BF0 : 09;
000BF1 : 59;
000BF2 : 1F;
000BF3 : 18;
000BF4 : 04;
000BF5 : 04;
000BF6 : 04;
000BF7 : 04;
000BF8 : 04;
000BF9 : 04;
000BFA : 04;
000BFB : 04;
000BFC : 04;
000BFD : 8B;
000BFE : 01;
000BFF : 65;
000C00 : 08;
000C01 : 2F;
000C02 : 31;
000C03 : 72;
000C04 : F6;
000C05 : BA;
000C06 : 12;
000C07 : 08;
000C08 : 2F;
000C09 : 23;
000C0A : 02;
000C0B : 41;
000C0C : 37;
000C0D : 57;
000C0E : BA;
000C0F : 27;
000C10 : 32;
000C11 : AF;
000C12 : 1B;
000C13 : BA;
000C14 : A3;
000C15 : B2;
000C16 : 7E;
000C17 : 72;
000C18 : 72;
000C19 : 8F;
000C1A : 5A;
000C1B : 0E;
000C1C : 02;
000C1D : 02;
000C1E : 0D;
000C1F : 0E;
000C20 : DF;
000C21 : 1E;
000C22 : 21;
000C23 : 42;
000C24 : 4B;
000C25 : A6;
000C26 : 24;
000C27 : 00;
000C28 : 00;
000C29 : 00;
000C2A : 00;
000C2B : 00;
000C2C : 00;
000C2D : 00;
000C2E : 00;
000C2F : 00;
000C30 : 00;
000C31 : 00;
000C32 : 00;
000C33 : 00;
000C34 : 00;
000C35 : 00;
000C36 : 00;
000C37 : 00;
000C38 : 00;
000C39 : 00;
000C3A : 00;
000C3B : 00;
000C3C : 00;
000C3D : 24;
000C3E : 24;
000C3F : 6A;
000C40 : C7;
000C41 : EC;
000C42 : E1;
000C43 : DE;
000C44 : DE;
000C45 : 04;
000C46 : 04;
000C47 : 04;
000C48 : 04;
000C49 : 04;
000C4A : 04;
000C4B : 04;
000C4C : 04;
000C4D : 18;
000C4E : 1F;
000C4F : 59;
000C50 : 10;
000C51 : 0D;
000C52 : 6B;
000C53 : 47;
000C54 : 65;
000C55 : 60;
000C56 : BA;
000C57 : 08;
000C58 : 2F;
000C59 : 23;
000C5A : 02;
000C5B : 2F;
000C5C : 41;
000C5D : 31;
000C5E : 08;
000C5F : 5A;
000C60 : 72;
000C61 : 12;
000C62 : 3C;
000C63 : 68;
000C64 : 12;
000C65 : 59;
000C66 : 4F;
000C67 : 1C;
000C68 : 8F;
000C69 : FA;
000C6A : 84;
000C6B : DF;
000C6C : 02;
000C6D : A0;
000C6E : D6;
000C6F : 65;
000C70 : 1A;
000C71 : 62;
000C72 : 9F;
000C73 : 07;
000C74 : 34;
000C75 : 11;
000C76 : AE;
000C77 : 00;
000C78 : 00;
000C79 : 00;
000C7A : 00;
000C7B : 00;
000C7C : 00;
000C7D : 00;
000C7E : 00;
000C7F : 00;
000C80 : 00;
000C81 : 00;
000C82 : 00;
000C83 : 00;
000C84 : 00;
000C85 : 00;
000C86 : 00;
000C87 : 00;
000C88 : 00;
000C89 : 00;
000C8A : 00;
000C8B : 00;
000C8C : 00;
000C8D : 2B;
000C8E : 3D;
000C8F : 6A;
000C90 : AB;
000C91 : 3F;
000C92 : 49;
000C93 : FE;
000C94 : 14;
000C95 : DE;
000C96 : 04;
000C97 : 04;
000C98 : 04;
000C99 : 04;
000C9A : 04;
000C9B : 04;
000C9C : 04;
000C9D : E6;
000C9E : 0C;
000C9F : 51;
000CA0 : 4F;
000CA1 : 0E;
000CA2 : 2F;
000CA3 : 0D;
000CA4 : D6;
000CA5 : F6;
000CA6 : BA;
000CA7 : D6;
000CA8 : 6B;
000CA9 : 23;
000CAA : 19;
000CAB : C6;
000CAC : 23;
000CAD : 02;
000CAE : 6B;
000CAF : A0;
000CB0 : 31;
000CB1 : D6;
000CB2 : 72;
000CB3 : 12;
000CB4 : 3C;
000CB5 : 1B;
000CB6 : 36;
000CB7 : 73;
000CB8 : 72;
000CB9 : 8F;
000CBA : 10;
000CBB : 31;
000CBC : 6B;
000CBD : 08;
000CBE : 65;
000CBF : 48;
000CC0 : 34;
000CC1 : 34;
000CC2 : 24;
000CC3 : 24;
000CC4 : 24;
000CC5 : 00;
000CC6 : 00;
000CC7 : 00;
000CC8 : 00;
000CC9 : 00;
000CCA : 00;
000CCB : 00;
000CCC : 00;
000CCD : 00;
000CCE : 00;
000CCF : 00;
000CD0 : 00;
000CD1 : 00;
000CD2 : 00;
000CD3 : 00;
000CD4 : 00;
000CD5 : 00;
000CD6 : 00;
000CD7 : 00;
000CD8 : 00;
000CD9 : 00;
000CDA : 00;
000CDB : 00;
000CDC : AF;
000CDD : 13;
000CDE : 13;
000CDF : 7F;
000CE0 : 1F;
000CE1 : 18;
000CE2 : 14;
000CE3 : FE;
000CE4 : FE;
000CE5 : 14;
000CE6 : DE;
000CE7 : 04;
000CE8 : 04;
000CE9 : 04;
000CEA : 04;
000CEB : 04;
000CEC : 04;
000CED : 04;
000CEE : 18;
000CEF : 38;
000CF0 : 60;
000CF1 : 5A;
000CF2 : A0;
000CF3 : 02;
000CF4 : 6B;
000CF5 : 5F;
000CF6 : F6;
000CF7 : CA;
000CF8 : 41;
000CF9 : 23;
000CFA : 19;
000CFB : C6;
000CFC : C6;
000CFD : 02;
000CFE : B2;
000CFF : 31;
000D00 : 41;
000D01 : 0D;
000D02 : 25;
000D03 : 08;
000D04 : 4F;
000D05 : 27;
000D06 : 36;
000D07 : B3;
000D08 : 32;
000D09 : 12;
000D0A : 5F;
000D0B : 41;
000D0C : 41;
000D0D : 72;
000D0E : 32;
000D0F : 2B;
000D10 : A2;
000D11 : 34;
000D12 : 24;
000D13 : 24;
000D14 : 00;
000D15 : 00;
000D16 : 00;
000D17 : 00;
000D18 : 00;
000D19 : 00;
000D1A : 00;
000D1B : 00;
000D1C : 00;
000D1D : 00;
000D1E : 00;
000D1F : 00;
000D20 : 00;
000D21 : 00;
000D22 : 00;
000D23 : 00;
000D24 : 00;
000D25 : 00;
000D26 : 00;
000D27 : 00;
000D28 : 00;
000D29 : 00;
000D2A : 00;
000D2B : 00;
000D2C : 03;
000D2D : 13;
000D2E : 6A;
000D2F : 51;
000D30 : 0C;
000D31 : 3E;
000D32 : DE;
000D33 : 14;
000D34 : FE;
000D35 : FE;
000D36 : 14;
000D37 : DE;
000D38 : 04;
000D39 : 04;
000D3A : 04;
000D3B : 04;
000D3C : 04;
000D3D : 04;
000D3E : E6;
000D3F : D3;
000D40 : 51;
000D41 : 4F;
000D42 : 08;
000D43 : 02;
000D44 : 23;
000D45 : 0E;
000D46 : 72;
000D47 : 72;
000D48 : 08;
000D49 : 02;
000D4A : 19;
000D4B : 19;
000D4C : C6;
000D4D : 02;
000D4E : 25;
000D4F : 1E;
000D50 : CA;
000D51 : 08;
000D52 : 31;
000D53 : 0E;
000D54 : DF;
000D55 : 37;
000D56 : 12;
000D57 : 3C;
000D58 : 27;
000D59 : 65;
000D5A : 0E;
000D5B : 41;
000D5C : 1E;
000D5D : 62;
000D5E : 13;
000D5F : 11;
000D60 : 24;
000D61 : 00;
000D62 : 00;
000D63 : 00;
000D64 : 00;
000D65 : 00;
000D66 : 00;
000D67 : 00;
000D68 : 00;
000D69 : 00;
000D6A : 00;
000D6B : 00;
000D6C : 00;
000D6D : 00;
000D6E : 00;
000D6F : 00;
000D70 : 00;
000D71 : 00;
000D72 : 00;
000D73 : 00;
000D74 : 00;
000D75 : 00;
000D76 : 00;
000D77 : 00;
000D78 : 00;
000D79 : 00;
000D7A : 00;
000D7B : 00;
000D7C : 94;
000D7D : 1B;
000D7E : 7F;
000D7F : D4;
000D80 : 18;
000D81 : 04;
000D82 : 04;
000D83 : DE;
000D84 : 14;
000D85 : FE;
000D86 : FE;
000D87 : 14;
000D88 : DE;
000D89 : 04;
000D8A : 04;
000D8B : 04;
000D8C : 04;
000D8D : 04;
000D8E : 04;
000D8F : 8B;
000D90 : 1F;
000D91 : 60;
000D92 : 37;
000D93 : 25;
000D94 : 02;
000D95 : 0D;
000D96 : D6;
000D97 : 65;
000D98 : 37;
000D99 : 25;
000D9A : 02;
000D9B : 19;
000D9C : C6;
000D9D : 02;
000D9E : B2;
000D9F : 1E;
000DA0 : 21;
000DA1 : 65;
000DA2 : 10;
000DA3 : 31;
000DA4 : B2;
000DA5 : 41;
000DA6 : 5F;
000DA7 : 4F;
000DA8 : 72;
000DA9 : 08;
000DAA : 0D;
000DAB : 31;
000DAC : 65;
000DAD : 3C;
000DAE : 11;
000DAF : 11;
000DB0 : 00;
000DB1 : 00;
000DB2 : 00;
000DB3 : 00;
000DB4 : 00;
000DB5 : 00;
000DB6 : 00;
000DB7 : 00;
000DB8 : 00;
000DB9 : 00;
000DBA : 00;
000DBB : 00;
000DBC : 00;
000DBD : 00;
000DBE : 00;
000DBF : 00;
000DC0 : 00;
000DC1 : 00;
000DC2 : 00;
000DC3 : 00;
000DC4 : 00;
000DC5 : 00;
000DC6 : 00;
000DC7 : 00;
000DC8 : 00;
000DC9 : 00;
000DCA : 00;
000DCB : 2B;
000DCC : 2B;
000DCD : 6A;
000DCE : 51;
000DCF : 55;
000DD0 : 04;
000DD1 : 04;
000DD2 : 04;
000DD3 : 04;
000DD4 : DE;
000DD5 : 14;
000DD6 : FE;
000DD7 : FE;
000DD8 : 14;
000DD9 : DE;
000DDA : 04;
000DDB : 04;
000DDC : 04;
000DDD : 04;
000DDE : 04;
000DDF : CB;
000DE0 : 0C;
000DE1 : 01;
000DE2 : 57;
000DE3 : 84;
000DE4 : A0;
000DE5 : 2F;
000DE6 : 41;
000DE7 : 72;
000DE8 : 1A;
000DE9 : CA;
000DEA : 25;
000DEB : 23;
000DEC : 19;
000DED : C6;
000DEE : 02;
000DEF : 0D;
000DF0 : 31;
000DF1 : 5A;
000DF2 : 65;
000DF3 : 72;
000DF4 : DF;
000DF5 : B2;
000DF6 : 6B;
000DF7 : 0E;
000DF8 : 25;
000DF9 : 0D;
000DFA : 41;
000DFB : 84;
000DFC : 9F;
000DFD : 13;
000DFE : A2;
000DFF : 11;
000E00 : 00;
000E01 : 00;
000E02 : 00;
000E03 : 00;
000E04 : 00;
000E05 : 00;
000E06 : 00;
000E07 : 00;
000E08 : 00;
000E09 : 00;
000E0A : 00;
000E0B : 00;
000E0C : 00;
000E0D : 00;
000E0E : 00;
000E0F : 00;
000E10 : 00;
000E11 : 00;
000E12 : 00;
000E13 : 00;
000E14 : 00;
000E15 : 00;
000E16 : 00;
000E17 : 00;
000E18 : 00;
000E19 : 00;
000E1A : 99;
000E1B : 34;
000E1C : 2B;
000E1D : EE;
000E1E : D4;
000E1F : 8B;
000E20 : 04;
000E21 : 04;
000E22 : 04;
000E23 : 04;
000E24 : 04;
000E25 : DE;
000E26 : 14;
000E27 : FE;
000E28 : FE;
000E29 : 14;
000E2A : DE;
000E2B : 04;
000E2C : 04;
000E2D : 04;
000E2E : 04;
000E2F : 04;
000E30 : 3E;
000E31 : 55;
000E32 : 01;
000E33 : 57;
000E34 : 08;
000E35 : 0D;
000E36 : 2F;
000E37 : 47;
000E38 : 72;
000E39 : 1A;
000E3A : 10;
000E3B : 31;
000E3C : 0D;
000E3D : 02;
000E3E : 19;
000E3F : 19;
000E40 : 2F;
000E41 : 25;
000E42 : D6;
000E43 : 5A;
000E44 : 31;
000E45 : 6B;
000E46 : 19;
000E47 : 02;
000E48 : 02;
000E49 : A0;
000E4A : 5A;
000E4B : 57;
000E4C : 13;
000E4D : 3D;
000E4E : 24;
000E4F : A2;
000E50 : 00;
000E51 : 00;
000E52 : 00;
000E53 : 00;
000E54 : 00;
000E55 : 00;
000E56 : 00;
000E57 : 00;
000E58 : 00;
000E59 : 00;
000E5A : 00;
000E5B : 00;
000E5C : 00;
000E5D : 00;
000E5E : 00;
000E5F : 00;
000E60 : 00;
000E61 : 00;
000E62 : 00;
000E63 : 00;
000E64 : 00;
000E65 : 00;
000E66 : 00;
000E67 : 00;
000E68 : 00;
000E69 : 00;
000E6A : 11;
000E6B : 94;
000E6C : 44;
000E6D : 7F;
000E6E : 55;
000E6F : 3E;
000E70 : 04;
000E71 : 04;
000E72 : 04;
000E73 : 04;
000E74 : 04;
000E75 : 04;
000E76 : DE;
000E77 : 14;
000E78 : FE;
000E79 : FE;
000E7A : 14;
000E7B : DE;
000E7C : 04;
000E7D : 04;
000E7E : 3E;
000E7F : 04;
000E80 : 04;
000E81 : 3E;
000E82 : D3;
000E83 : 51;
000E84 : 21;
000E85 : DF;
000E86 : 2F;
000E87 : A0;
000E88 : 5A;
000E89 : 60;
000E8A : 60;
000E8B : 21;
000E8C : 08;
000E8D : A0;
000E8E : 2F;
000E8F : 02;
000E90 : 23;
000E91 : 23;
000E92 : 2F;
000E93 : 0D;
000E94 : 0D;
000E95 : 02;
000E96 : 02;
000E97 : 02;
000E98 : A0;
000E99 : 08;
000E9A : 57;
000E9B : 07;
000E9C : 34;
000E9D : 24;
000E9E : 00;
000E9F : 00;
000EA0 : 00;
000EA1 : 00;
000EA2 : 00;
000EA3 : 00;
000EA4 : 00;
000EA5 : 00;
000EA6 : 00;
000EA7 : 00;
000EA8 : 00;
000EA9 : 00;
000EAA : 00;
000EAB : 00;
000EAC : 00;
000EAD : 00;
000EAE : 00;
000EAF : 00;
000EB0 : 00;
000EB1 : 00;
000EB2 : 00;
000EB3 : 00;
000EB4 : 00;
000EB5 : 00;
000EB6 : 00;
000EB7 : 00;
000EB8 : 00;
000EB9 : 00;
000EBA : 94;
000EBB : 03;
000EBC : EE;
000EBD : 51;
000EBE : 3F;
000EBF : 3E;
000EC0 : 18;
000EC1 : 3E;
000EC2 : CB;
000EC3 : 04;
000EC4 : 04;
000EC5 : 04;
000EC6 : 04;
000EC7 : DE;
000EC8 : 14;
000EC9 : FE;
000ECA : FE;
000ECB : 14;
000ECC : 3E;
000ECD : 0C;
000ECE : 0C;
000ECF : 18;
000ED0 : 04;
000ED1 : 04;
000ED2 : 8B;
000ED3 : D4;
000ED4 : 57;
000ED5 : 72;
000ED6 : 08;
000ED7 : CA;
000ED8 : 4F;
000ED9 : 27;
000EDA : 9B;
000EDB : 60;
000EDC : 57;
000EDD : 72;
000EDE : 1E;
000EDF : 31;
000EE0 : B2;
000EE1 : 2F;
000EE2 : B1;
000EE3 : B1;
000EE4 : B1;
000EE5 : 2F;
000EE6 : 0D;
000EE7 : 0E;
000EE8 : 8F;
000EE9 : 57;
000EEA : 3C;
000EEB : 2B;
000EEC : 11;
000EED : 24;
000EEE : 00;
000EEF : 00;
000EF0 : 00;
000EF1 : 00;
000EF2 : 00;
000EF3 : 00;
000EF4 : 00;
000EF5 : 00;
000EF6 : 00;
000EF7 : 00;
000EF8 : 00;
000EF9 : 00;
000EFA : 00;
000EFB : 00;
000EFC : 00;
000EFD : 00;
000EFE : 00;
000EFF : 00;
000F00 : 00;
000F01 : 00;
000F02 : 00;
000F03 : 00;
000F04 : 00;
000F05 : 00;
000F06 : 00;
000F07 : 00;
000F08 : 00;
000F09 : 00;
000F0A : 94;
000F0B : 2B;
000F0C : 7F;
000F0D : D4;
000F0E : 18;
000F0F : 18;
000F10 : 55;
000F11 : 0C;
000F12 : 18;
000F13 : 04;
000F14 : 04;
000F15 : 04;
000F16 : 04;
000F17 : 04;
000F18 : DE;
000F19 : 14;
000F1A : FE;
000F1B : FE;
000F1C : 18;
000F1D : D3;
000F1E : 58;
000F1F : 8B;
000F20 : 04;
000F21 : 04;
000F22 : 3E;
000F23 : 0C;
000F24 : 51;
000F25 : BA;
000F26 : 4F;
000F27 : 4F;
000F28 : 57;
000F29 : 01;
000F2A : D4;
000F2B : D4;
000F2C : 01;
000F2D : 51;
000F2E : 4F;
000F2F : 72;
000F30 : 5A;
000F31 : 08;
000F32 : 31;
000F33 : 31;
000F34 : 31;
000F35 : DF;
000F36 : 5F;
000F37 : 72;
000F38 : 12;
000F39 : AF;
000F3A : 2B;
000F3B : 24;
000F3C : 24;
000F3D : 00;
000F3E : 00;
000F3F : 00;
000F40 : 00;
000F41 : 00;
000F42 : 00;
000F43 : 00;
000F44 : 00;
000F45 : 00;
000F46 : 00;
000F47 : 00;
000F48 : 00;
000F49 : 00;
000F4A : 00;
000F4B : 00;
000F4C : 00;
000F4D : 00;
000F4E : 00;
000F4F : 00;
000F50 : 00;
000F51 : 00;
000F52 : 00;
000F53 : 00;
000F54 : 00;
000F55 : 00;
000F56 : 00;
000F57 : 00;
000F58 : 00;
000F59 : 24;
000F5A : 03;
000F5B : 96;
000F5C : 28;
000F5D : D3;
000F5E : 18;
000F5F : 3F;
000F60 : 01;
000F61 : 1F;
000F62 : 8B;
000F63 : 04;
000F64 : 04;
000F65 : 04;
000F66 : 04;
000F67 : 04;
000F68 : 04;
000F69 : 04;
000F6A : 14;
000F6B : FE;
000F6C : E1;
000F6D : 1F;
000F6E : 38;
000F6F : 3F;
000F70 : 04;
000F71 : 04;
000F72 : 04;
000F73 : 18;
000F74 : D4;
000F75 : 9B;
000F76 : 9B;
000F77 : 01;
000F78 : 55;
000F79 : 8B;
000F7A : 18;
000F7B : 3E;
000F7C : 8B;
000F7D : D3;
000F7E : 38;
000F7F : 51;
000F80 : 60;
000F81 : 62;
000F82 : 57;
000F83 : 4F;
000F84 : 57;
000F85 : 12;
000F86 : 60;
000F87 : 32;
000F88 : B3;
000F89 : 2B;
000F8A : 2B;
000F8B : 24;
000F8C : 00;
000F8D : 00;
000F8E : 00;
000F8F : 00;
000F90 : 00;
000F91 : 00;
000F92 : 00;
000F93 : 00;
000F94 : 00;
000F95 : 00;
000F96 : 00;
000F97 : 00;
000F98 : 00;
000F99 : 00;
000F9A : 00;
000F9B : 00;
000F9C : 00;
000F9D : 00;
000F9E : 00;
000F9F : 00;
000FA0 : 00;
000FA1 : 00;
000FA2 : 00;
000FA3 : 00;
000FA4 : 00;
000FA5 : 00;
000FA6 : 00;
000FA7 : 00;
000FA8 : 03;
000FA9 : AE;
000FAA : 96;
000FAB : 1B;
000FAC : 01;
000FAD : 3F;
000FAE : 3E;
000FAF : 0C;
000FB0 : 51;
000FB1 : 1F;
000FB2 : 18;
000FB3 : 04;
000FB4 : 04;
000FB5 : 04;
000FB6 : 04;
000FB7 : 04;
000FB8 : 04;
000FB9 : 04;
000FBA : DE;
000FBB : 14;
000FBC : E1;
000FBD : EC;
000FBE : 1F;
000FBF : 8B;
000FC0 : 26;
000FC1 : 04;
000FC2 : 04;
000FC3 : CB;
000FC4 : 0C;
000FC5 : D4;
000FC6 : D4;
000FC7 : 0C;
000FC8 : 3E;
000FC9 : 04;
000FCA : 04;
000FCB : 04;
000FCC : 04;
000FCD : 18;
000FCE : 8B;
000FCF : 55;
000FD0 : D3;
000FD1 : 1F;
000FD2 : D4;
000FD3 : D4;
000FD4 : 01;
000FD5 : 01;
000FD6 : 01;
000FD7 : 28;
000FD8 : B3;
000FD9 : 94;
000FDA : 11;
000FDB : 00;
000FDC : 00;
000FDD : 00;
000FDE : 00;
000FDF : 00;
000FE0 : 00;
000FE1 : 00;
000FE2 : 00;
000FE3 : 00;
000FE4 : 00;
000FE5 : 00;
000FE6 : 00;
000FE7 : 00;
000FE8 : 00;
000FE9 : 00;
000FEA : 00;
000FEB : 00;
000FEC : 00;
000FED : 00;
000FEE : 00;
000FEF : 00;
000FF0 : 00;
000FF1 : 00;
000FF2 : 00;
000FF3 : 00;
000FF4 : 00;
000FF5 : 00;
000FF6 : 00;
000FF7 : 00;
000FF8 : 94;
000FF9 : 94;
000FFA : 44;
000FFB : DB;
000FFC : D4;
000FFD : 18;
000FFE : 3E;
000FFF : 55;
001000 : 51;
001001 : D3;
001002 : 18;
001003 : 04;
001004 : 04;
001005 : 04;
001006 : 04;
001007 : 04;
001008 : 04;
001009 : 04;
00100A : 04;
00100B : 04;
00100C : 18;
00100D : EC;
00100E : EC;
00100F : 76;
001010 : 04;
001011 : 04;
001012 : 04;
001013 : 04;
001014 : 18;
001015 : 8B;
001016 : 3F;
001017 : E6;
001018 : 04;
001019 : 04;
00101A : 04;
00101B : 04;
00101C : 04;
00101D : 04;
00101E : 04;
00101F : 04;
001020 : 3E;
001021 : 18;
001022 : 8B;
001023 : 0C;
001024 : 55;
001025 : 0C;
001026 : 55;
001027 : 01;
001028 : 7F;
001029 : AE;
00102A : 99;
00102B : 00;
00102C : 00;
00102D : 00;
00102E : 00;
00102F : 00;
001030 : 00;
001031 : 00;
001032 : 00;
001033 : 00;
001034 : 00;
001035 : 00;
001036 : 00;
001037 : 00;
001038 : 00;
001039 : 00;
00103A : 00;
00103B : 00;
00103C : 00;
00103D : 00;
00103E : 00;
00103F : 00;
001040 : 00;
001041 : 00;
001042 : 00;
001043 : 00;
001044 : 00;
001045 : 00;
001046 : 00;
001047 : 00;
001048 : 96;
001049 : 94;
00104A : 1B;
00104B : 7F;
00104C : 1F;
00104D : 3E;
00104E : 3E;
00104F : 55;
001050 : 51;
001051 : D3;
001052 : 18;
001053 : 04;
001054 : 04;
001055 : 04;
001056 : 04;
001057 : 04;
001058 : 04;
001059 : 04;
00105A : 04;
00105B : 04;
00105C : EC;
00105D : 1F;
00105E : EC;
00105F : E1;
001060 : 14;
001061 : 04;
001062 : 04;
001063 : 04;
001064 : 04;
001065 : 04;
001066 : 04;
001067 : 04;
001068 : 04;
001069 : 04;
00106A : 04;
00106B : 04;
00106C : 04;
00106D : 04;
00106E : 04;
00106F : 3E;
001070 : 3E;
001071 : 04;
001072 : 04;
001073 : 04;
001074 : 04;
001075 : 04;
001076 : 18;
001077 : 1F;
001078 : 28;
001079 : 94;
00107A : 99;
00107B : 00;
00107C : 00;
00107D : 00;
00107E : 00;
00107F : 00;
001080 : 00;
001081 : 00;
001082 : 00;
001083 : 00;
001084 : 00;
001085 : 00;
001086 : 00;
001087 : 00;
001088 : 00;
001089 : 00;
00108A : 00;
00108B : 00;
00108C : 00;
00108D : 00;
00108E : 00;
00108F : 00;
001090 : 00;
001091 : 00;
001092 : 00;
001093 : 00;
001094 : 00;
001095 : 00;
001096 : 00;
001097 : 00;
001098 : 32;
001099 : 2B;
00109A : 6A;
00109B : 51;
00109C : 55;
00109D : 04;
00109E : 3E;
00109F : D3;
0010A0 : 51;
0010A1 : 55;
0010A2 : 3E;
0010A3 : 04;
0010A4 : 04;
0010A5 : 04;
0010A6 : 04;
0010A7 : 04;
0010A8 : 04;
0010A9 : 04;
0010AA : 04;
0010AB : 04;
0010AC : 55;
0010AD : D4;
0010AE : EC;
0010AF : E1;
0010B0 : FE;
0010B1 : DE;
0010B2 : DE;
0010B3 : 04;
0010B4 : 04;
0010B5 : 04;
0010B6 : 04;
0010B7 : 04;
0010B8 : 04;
0010B9 : 04;
0010BA : 04;
0010BB : 04;
0010BC : 04;
0010BD : CB;
0010BE : 8B;
0010BF : 55;
0010C0 : 0C;
0010C1 : 3E;
0010C2 : 04;
0010C3 : 04;
0010C4 : 04;
0010C5 : 04;
0010C6 : 3E;
0010C7 : 1F;
0010C8 : 28;
0010C9 : 96;
0010CA : FD;
0010CB : 00;
0010CC : 00;
0010CD : 00;
0010CE : 00;
0010CF : 00;
0010D0 : 00;
0010D1 : 00;
0010D2 : 00;
0010D3 : 00;
0010D4 : 00;
0010D5 : 00;
0010D6 : 00;
0010D7 : 00;
0010D8 : 00;
0010D9 : 00;
0010DA : 00;
0010DB : 00;
0010DC : 00;
0010DD : 00;
0010DE : 00;
0010DF : 00;
0010E0 : 00;
0010E1 : 00;
0010E2 : 00;
0010E3 : 00;
0010E4 : 00;
0010E5 : 00;
0010E6 : 00;
0010E7 : 00;
0010E8 : 32;
0010E9 : 2B;
0010EA : EE;
0010EB : 01;
0010EC : 3F;
0010ED : 04;
0010EE : 76;
0010EF : 1F;
0010F0 : 51;
0010F1 : 55;
0010F2 : 3E;
0010F3 : 04;
0010F4 : 04;
0010F5 : 3E;
0010F6 : 3E;
0010F7 : CB;
0010F8 : 04;
0010F9 : 04;
0010FA : 04;
0010FB : 04;
0010FC : D3;
0010FD : 01;
0010FE : 1F;
0010FF : E1;
001100 : FE;
001101 : FE;
001102 : 14;
001103 : 04;
001104 : 04;
001105 : 04;
001106 : 04;
001107 : 04;
001108 : 04;
001109 : 04;
00110A : 04;
00110B : 04;
00110C : 04;
00110D : 18;
00110E : D3;
00110F : 51;
001110 : 1F;
001111 : 3E;
001112 : 04;
001113 : 04;
001114 : 04;
001115 : 04;
001116 : 3E;
001117 : 1F;
001118 : 9B;
001119 : 15;
00111A : FD;
00111B : 00;
00111C : 00;
00111D : 00;
00111E : 00;
00111F : 00;
001120 : 00;
001121 : 00;
001122 : 00;
001123 : 00;
001124 : 00;
001125 : 00;
001126 : 00;
001127 : 00;
001128 : 00;
001129 : 00;
00112A : 00;
00112B : 00;
00112C : 00;
00112D : 00;
00112E : 00;
00112F : 00;
001130 : 00;
001131 : 00;
001132 : 00;
001133 : 00;
001134 : 00;
001135 : 00;
001136 : 00;
001137 : 52;
001138 : 1B;
001139 : 2B;
00113A : EE;
00113B : 1F;
00113C : 18;
00113D : 04;
00113E : 18;
00113F : 1F;
001140 : 51;
001141 : 55;
001142 : CB;
001143 : 04;
001144 : 8B;
001145 : D3;
001146 : 55;
001147 : 8B;
001148 : 04;
001149 : 04;
00114A : 04;
00114B : 04;
00114C : D3;
00114D : 01;
00114E : D4;
00114F : 18;
001150 : 14;
001151 : FE;
001152 : FE;
001153 : 14;
001154 : DE;
001155 : 04;
001156 : 04;
001157 : 04;
001158 : 04;
001159 : 04;
00115A : 04;
00115B : 04;
00115C : CB;
00115D : 55;
00115E : 01;
00115F : 01;
001160 : 55;
001161 : E6;
001162 : 04;
001163 : 04;
001164 : 04;
001165 : 04;
001166 : 3E;
001167 : D3;
001168 : 09;
001169 : 15;
00116A : FD;
00116B : 00;
00116C : 00;
00116D : 00;
00116E : 00;
00116F : 00;
001170 : 00;
001171 : 00;
001172 : 00;
001173 : 00;
001174 : 00;
001175 : 00;
001176 : 00;
001177 : 00;
001178 : 00;
001179 : 00;
00117A : 00;
00117B : 00;
00117C : 00;
00117D : 00;
00117E : 00;
00117F : 00;
001180 : 00;
001181 : 00;
001182 : 00;
001183 : 00;
001184 : 00;
001185 : 00;
001186 : 00;
001187 : 96;
001188 : 15;
001189 : 44;
00118A : 7F;
00118B : 55;
00118C : 3E;
00118D : 04;
00118E : 18;
00118F : 1F;
001190 : 51;
001191 : 0C;
001192 : E6;
001193 : 3E;
001194 : D3;
001195 : 51;
001196 : 51;
001197 : 55;
001198 : 26;
001199 : 04;
00119A : 04;
00119B : 04;
00119C : D3;
00119D : 01;
00119E : D4;
00119F : 8B;
0011A0 : DE;
0011A1 : 49;
0011A2 : FE;
0011A3 : FE;
0011A4 : 14;
0011A5 : DE;
0011A6 : 04;
0011A7 : 04;
0011A8 : 04;
0011A9 : 04;
0011AA : 04;
0011AB : 04;
0011AC : 8B;
0011AD : D4;
0011AE : 28;
0011AF : 1F;
0011B0 : 8B;
0011B1 : 04;
0011B2 : 04;
0011B3 : 04;
0011B4 : 04;
0011B5 : 04;
0011B6 : 3E;
0011B7 : D3;
0011B8 : 51;
0011B9 : 15;
0011BA : FD;
0011BB : 00;
0011BC : 00;
0011BD : 00;
0011BE : 00;
0011BF : 00;
0011C0 : 00;
0011C1 : 00;
0011C2 : 00;
0011C3 : 00;
0011C4 : 00;
0011C5 : 00;
0011C6 : 00;
0011C7 : 00;
0011C8 : 00;
0011C9 : 00;
0011CA : 00;
0011CB : 00;
0011CC : 00;
0011CD : 00;
0011CE : 00;
0011CF : 00;
0011D0 : 00;
0011D1 : 00;
0011D2 : 00;
0011D3 : 00;
0011D4 : 00;
0011D5 : 00;
0011D6 : 00;
0011D7 : 94;
0011D8 : 15;
0011D9 : 1B;
0011DA : 28;
0011DB : 0C;
0011DC : CB;
0011DD : 04;
0011DE : 8B;
0011DF : D4;
0011E0 : 28;
0011E1 : D3;
0011E2 : 18;
0011E3 : 3F;
0011E4 : 01;
0011E5 : DB;
0011E6 : 7F;
0011E7 : 1F;
0011E8 : 18;
0011E9 : 3E;
0011EA : 3E;
0011EB : 3E;
0011EC : 1F;
0011ED : 01;
0011EE : D4;
0011EF : 8B;
0011F0 : 04;
0011F1 : DE;
0011F2 : 14;
0011F3 : FE;
0011F4 : FE;
0011F5 : 14;
0011F6 : 04;
0011F7 : 04;
0011F8 : 04;
0011F9 : 04;
0011FA : 04;
0011FB : 18;
0011FC : 1F;
0011FD : 51;
0011FE : 28;
0011FF : 0C;
001200 : 3E;
001201 : 04;
001202 : 04;
001203 : CB;
001204 : 18;
001205 : 3E;
001206 : 18;
001207 : 55;
001208 : 51;
001209 : 15;
00120A : FD;
00120B : 00;
00120C : 00;
00120D : 00;
00120E : 00;
00120F : 00;
001210 : 00;
001211 : 00;
001212 : 00;
001213 : 00;
001214 : 00;
001215 : 00;
001216 : 00;
001217 : 00;
001218 : 00;
001219 : 00;
00121A : 00;
00121B : 00;
00121C : 00;
00121D : 00;
00121E : 00;
00121F : 00;
001220 : 00;
001221 : 00;
001222 : 00;
001223 : 00;
001224 : 00;
001225 : 00;
001226 : 00;
001227 : 94;
001228 : 2B;
001229 : 6A;
00122A : 51;
00122B : 8B;
00122C : 04;
00122D : 04;
00122E : 8B;
00122F : 01;
001230 : DB;
001231 : 51;
001232 : D4;
001233 : 38;
001234 : 51;
001235 : 09;
001236 : 09;
001237 : 01;
001238 : D3;
001239 : 58;
00123A : 1F;
00123B : D3;
00123C : 01;
00123D : 51;
00123E : D4;
00123F : 8B;
001240 : 04;
001241 : 04;
001242 : DE;
001243 : 14;
001244 : FE;
001245 : FE;
001246 : 14;
001247 : DE;
001248 : 04;
001249 : 04;
00124A : 04;
00124B : 0C;
00124C : 51;
00124D : 32;
00124E : 28;
00124F : 0C;
001250 : 04;
001251 : 04;
001252 : 04;
001253 : 8B;
001254 : 1F;
001255 : D3;
001256 : 55;
001257 : D3;
001258 : 51;
001259 : 15;
00125A : 94;
00125B : 24;
00125C : 00;
00125D : 00;
00125E : 00;
00125F : 00;
001260 : 00;
001261 : 00;
001262 : 00;
001263 : 00;
001264 : 00;
001265 : 00;
001266 : 00;
001267 : 00;
001268 : 00;
001269 : 00;
00126A : 00;
00126B : 00;
00126C : 00;
00126D : 00;
00126E : 00;
00126F : 00;
001270 : 00;
001271 : 00;
001272 : 00;
001273 : 00;
001274 : 00;
001275 : 00;
001276 : 00;
001277 : 11;
001278 : 2B;
001279 : DB;
00127A : 01;
00127B : 18;
00127C : 04;
00127D : 04;
00127E : 8B;
00127F : D4;
001280 : 32;
001281 : 32;
001282 : 7F;
001283 : 09;
001284 : 4F;
001285 : 72;
001286 : 4F;
001287 : 57;
001288 : 51;
001289 : 51;
00128A : 51;
00128B : 51;
00128C : 28;
00128D : 51;
00128E : 1F;
00128F : 18;
001290 : 04;
001291 : 04;
001292 : 04;
001293 : DE;
001294 : 49;
001295 : FE;
001296 : FE;
001297 : 14;
001298 : DE;
001299 : 04;
00129A : 18;
00129B : 1F;
00129C : 7F;
00129D : B3;
00129E : 09;
00129F : 0C;
0012A0 : 3E;
0012A1 : 04;
0012A2 : E6;
0012A3 : 0C;
0012A4 : AB;
0012A5 : 51;
0012A6 : 01;
0012A7 : 01;
0012A8 : 7F;
0012A9 : 96;
0012AA : 94;
0012AB : 24;
0012AC : 00;
0012AD : 00;
0012AE : 00;
0012AF : 00;
0012B0 : 00;
0012B1 : 00;
0012B2 : 00;
0012B3 : 00;
0012B4 : 00;
0012B5 : 00;
0012B6 : 00;
0012B7 : 00;
0012B8 : 00;
0012B9 : 00;
0012BA : 00;
0012BB : 00;
0012BC : 00;
0012BD : 00;
0012BE : 00;
0012BF : 00;
0012C0 : 00;
0012C1 : 00;
0012C2 : 00;
0012C3 : 00;
0012C4 : 00;
0012C5 : 00;
0012C6 : 00;
0012C7 : 11;
0012C8 : 2B;
0012C9 : 28;
0012CA : 1F;
0012CB : 3E;
0012CC : 04;
0012CD : 04;
0012CE : 3E;
0012CF : 55;
0012D0 : 01;
0012D1 : 32;
0012D2 : AF;
0012D3 : 60;
0012D4 : CA;
0012D5 : 31;
0012D6 : D6;
0012D7 : 65;
0012D8 : 60;
0012D9 : 4F;
0012DA : 57;
0012DB : 27;
0012DC : DB;
0012DD : 28;
0012DE : D3;
0012DF : 18;
0012E0 : 04;
0012E1 : 04;
0012E2 : 04;
0012E3 : 04;
0012E4 : DE;
0012E5 : 14;
0012E6 : FE;
0012E7 : FE;
0012E8 : 14;
0012E9 : 04;
0012EA : 0C;
0012EB : 51;
0012EC : B3;
0012ED : 1B;
0012EE : 7F;
0012EF : 1F;
0012F0 : 8B;
0012F1 : 18;
0012F2 : 18;
0012F3 : D3;
0012F4 : 9B;
0012F5 : 9B;
0012F6 : 09;
0012F7 : 7F;
0012F8 : B3;
0012F9 : 2B;
0012FA : 03;
0012FB : 24;
0012FC : 00;
0012FD : 00;
0012FE : 00;
0012FF : 00;
001300 : 00;
001301 : 00;
001302 : 00;
001303 : 00;
001304 : 00;
001305 : 00;
001306 : 00;
001307 : 00;
001308 : 00;
001309 : 00;
00130A : 00;
00130B : 00;
00130C : 00;
00130D : 00;
00130E : 00;
00130F : 00;
001310 : 00;
001311 : 00;
001312 : 00;
001313 : 00;
001314 : 00;
001315 : 00;
001316 : 00;
001317 : 2B;
001318 : 44;
001319 : AB;
00131A : D3;
00131B : 3E;
00131C : 04;
00131D : 04;
00131E : 04;
00131F : 18;
001320 : 55;
001321 : 51;
001322 : 60;
001323 : 37;
001324 : 0E;
001325 : 6B;
001326 : 25;
001327 : DF;
001328 : 1E;
001329 : DF;
00132A : 10;
00132B : 09;
00132C : 28;
00132D : 1F;
00132E : 8B;
00132F : CB;
001330 : 04;
001331 : 04;
001332 : 04;
001333 : 04;
001334 : 04;
001335 : DE;
001336 : 49;
001337 : FE;
001338 : 49;
001339 : 04;
00133A : 1F;
00133B : 7F;
00133C : 1B;
00133D : 44;
00133E : B3;
00133F : 51;
001340 : 01;
001341 : 1F;
001342 : 1F;
001343 : 01;
001344 : BA;
001345 : 65;
001346 : 65;
001347 : 32;
001348 : 1B;
001349 : 2B;
00134A : 03;
00134B : 00;
00134C : 00;
00134D : 00;
00134E : 00;
00134F : 00;
001350 : 00;
001351 : 00;
001352 : 00;
001353 : 00;
001354 : 00;
001355 : 00;
001356 : 00;
001357 : 00;
001358 : 00;
001359 : 00;
00135A : 00;
00135B : 00;
00135C : 00;
00135D : 00;
00135E : 00;
00135F : 00;
001360 : 00;
001361 : 00;
001362 : 00;
001363 : 00;
001364 : 00;
001365 : 1B;
001366 : D7;
001367 : 15;
001368 : 1B;
001369 : 01;
00136A : 0C;
00136B : 04;
00136C : 04;
00136D : 04;
00136E : 04;
00136F : 04;
001370 : 18;
001371 : 01;
001372 : 59;
001373 : DF;
001374 : 6B;
001375 : 23;
001376 : 02;
001377 : 2F;
001378 : 6B;
001379 : 2F;
00137A : 08;
00137B : BA;
00137C : D4;
00137D : 3F;
00137E : CB;
00137F : 04;
001380 : 04;
001381 : 04;
001382 : 04;
001383 : 04;
001384 : 04;
001385 : 04;
001386 : DE;
001387 : 49;
001388 : 49;
001389 : E1;
00138A : D4;
00138B : DB;
00138C : 44;
00138D : 2B;
00138E : 44;
00138F : B3;
001390 : 32;
001391 : 09;
001392 : 09;
001393 : BA;
001394 : 65;
001395 : 08;
001396 : 1E;
001397 : 27;
001398 : 15;
001399 : 03;
00139A : 11;
00139B : 00;
00139C : 00;
00139D : 00;
00139E : 00;
00139F : 00;
0013A0 : 00;
0013A1 : 00;
0013A2 : 00;
0013A3 : 00;
0013A4 : 00;
0013A5 : 00;
0013A6 : 00;
0013A7 : 00;
0013A8 : 00;
0013A9 : 00;
0013AA : 00;
0013AB : 00;
0013AC : 00;
0013AD : 00;
0013AE : 00;
0013AF : 00;
0013B0 : 00;
0013B1 : 00;
0013B2 : 00;
0013B3 : 00;
0013B4 : 00;
0013B5 : 94;
0013B6 : 99;
0013B7 : 13;
0013B8 : 6A;
0013B9 : 38;
0013BA : 8B;
0013BB : 04;
0013BC : 04;
0013BD : 04;
0013BE : 04;
0013BF : 04;
0013C0 : 3E;
0013C1 : D4;
0013C2 : 59;
0013C3 : DF;
0013C4 : 6B;
0013C5 : 19;
0013C6 : 23;
0013C7 : 23;
0013C8 : 02;
0013C9 : 2F;
0013CA : 08;
0013CB : 57;
0013CC : 1F;
0013CD : 18;
0013CE : 04;
0013CF : 04;
0013D0 : 04;
0013D1 : 04;
0013D2 : 04;
0013D3 : 04;
0013D4 : 04;
0013D5 : 04;
0013D6 : 04;
0013D7 : DE;
0013D8 : 04;
0013D9 : 18;
0013DA : D4;
0013DB : 32;
0013DC : B3;
0013DD : 2B;
0013DE : 44;
0013DF : 1B;
0013E0 : 27;
0013E1 : 12;
0013E2 : BA;
0013E3 : 4F;
0013E4 : 1E;
0013E5 : 0E;
0013E6 : 08;
0013E7 : 42;
0013E8 : 15;
0013E9 : 11;
0013EA : 24;
0013EB : 00;
0013EC : 00;
0013ED : 00;
0013EE : 00;
0013EF : 00;
0013F0 : 00;
0013F1 : 00;
0013F2 : 00;
0013F3 : 00;
0013F4 : 00;
0013F5 : 00;
0013F6 : 00;
0013F7 : 00;
0013F8 : 00;
0013F9 : 00;
0013FA : 00;
0013FB : 00;
0013FC : 00;
0013FD : 00;
0013FE : 00;
0013FF : 00;
001400 : 00;
001401 : 00;
001402 : 00;
001403 : 00;
001404 : 00;
001405 : 11;
001406 : 24;
001407 : 13;
001408 : EE;
001409 : 1F;
00140A : 18;
00140B : CB;
00140C : 3E;
00140D : 18;
00140E : E6;
00140F : 04;
001410 : 3E;
001411 : D4;
001412 : 59;
001413 : 08;
001414 : 0D;
001415 : 19;
001416 : C6;
001417 : 19;
001418 : C6;
001419 : 2F;
00141A : 08;
00141B : 57;
00141C : 1F;
00141D : 18;
00141E : 04;
00141F : 04;
001420 : 04;
001421 : 04;
001422 : 04;
001423 : 04;
001424 : 04;
001425 : 04;
001426 : 04;
001427 : 04;
001428 : 76;
001429 : EC;
00142A : 59;
00142B : 52;
00142C : AF;
00142D : 81;
00142E : 13;
00142F : 44;
001430 : 42;
001431 : 72;
001432 : CA;
001433 : DF;
001434 : 25;
001435 : 0D;
001436 : 31;
001437 : 12;
001438 : 1B;
001439 : 24;
00143A : 24;
00143B : 00;
00143C : 00;
00143D : 00;
00143E : 00;
00143F : 00;
001440 : 00;
001441 : 00;
001442 : 00;
001443 : 00;
001444 : 00;
001445 : 00;
001446 : 00;
001447 : 00;
001448 : 00;
001449 : 00;
00144A : 00;
00144B : 00;
00144C : 00;
00144D : 00;
00144E : 00;
00144F : 00;
001450 : 00;
001451 : 00;
001452 : 00;
001453 : 00;
001454 : 00;
001455 : 11;
001456 : 24;
001457 : 1B;
001458 : 7F;
001459 : D3;
00145A : 18;
00145B : 18;
00145C : 0C;
00145D : D3;
00145E : 18;
00145F : 04;
001460 : 3E;
001461 : 1F;
001462 : 59;
001463 : 5F;
001464 : B2;
001465 : 19;
001466 : C6;
001467 : C6;
001468 : C6;
001469 : 02;
00146A : 08;
00146B : 57;
00146C : 1F;
00146D : 18;
00146E : 04;
00146F : 04;
001470 : 04;
001471 : 04;
001472 : 04;
001473 : 04;
001474 : 04;
001475 : 04;
001476 : 04;
001477 : 04;
001478 : 8B;
001479 : D4;
00147A : 28;
00147B : D7;
00147C : D7;
00147D : 3D;
00147E : 13;
00147F : 13;
001480 : 12;
001481 : 5A;
001482 : B2;
001483 : C6;
001484 : 02;
001485 : 2F;
001486 : 31;
001487 : 12;
001488 : 48;
001489 : 24;
00148A : 24;
00148B : 00;
00148C : 00;
00148D : 00;
00148E : 00;
00148F : 00;
001490 : 00;
001491 : 00;
001492 : 00;
001493 : 00;
001494 : 00;
001495 : 00;
001496 : 00;
001497 : 00;
001498 : 00;
001499 : 00;
00149A : 00;
00149B : 00;
00149C : 00;
00149D : 00;
00149E : 00;
00149F : 00;
0014A0 : 00;
0014A1 : 00;
0014A2 : 00;
0014A3 : 00;
0014A4 : 00;
0014A5 : 11;
0014A6 : 24;
0014A7 : 6A;
0014A8 : 7F;
0014A9 : D3;
0014AA : 18;
0014AB : 55;
0014AC : 01;
0014AD : 51;
0014AE : 0C;
0014AF : 3E;
0014B0 : E6;
0014B1 : 1F;
0014B2 : 59;
0014B3 : 8F;
0014B4 : B2;
0014B5 : 19;
0014B6 : C6;
0014B7 : 19;
0014B8 : C6;
0014B9 : 02;
0014BA : 08;
0014BB : 57;
0014BC : 1F;
0014BD : 18;
0014BE : 04;
0014BF : 04;
0014C0 : 04;
0014C1 : 04;
0014C2 : 04;
0014C3 : 04;
0014C4 : 04;
0014C5 : 04;
0014C6 : 04;
0014C7 : 04;
0014C8 : 3F;
0014C9 : 51;
0014CA : DB;
0014CB : 03;
0014CC : AE;
0014CD : 00;
0014CE : 36;
0014CF : 1B;
0014D0 : 12;
0014D1 : 10;
0014D2 : B2;
0014D3 : 19;
0014D4 : 23;
0014D5 : 02;
0014D6 : 0E;
0014D7 : 57;
0014D8 : AF;
0014D9 : 11;
0014DA : 24;
0014DB : 00;
0014DC : 00;
0014DD : 00;
0014DE : 00;
0014DF : 00;
0014E0 : 00;
0014E1 : 00;
0014E2 : 00;
0014E3 : 00;
0014E4 : 00;
0014E5 : 00;
0014E6 : 00;
0014E7 : 00;
0014E8 : 00;
0014E9 : 00;
0014EA : 00;
0014EB : 00;
0014EC : 00;
0014ED : 00;
0014EE : 00;
0014EF : 00;
0014F0 : 00;
0014F1 : 00;
0014F2 : 00;
0014F3 : 00;
0014F4 : 00;
0014F5 : 11;
0014F6 : 24;
0014F7 : 13;
0014F8 : EE;
0014F9 : 01;
0014FA : 1F;
0014FB : 01;
0014FC : 7F;
0014FD : DB;
0014FE : D3;
0014FF : 3E;
001500 : 04;
001501 : D3;
001502 : 59;
001503 : 10;
001504 : 41;
001505 : 19;
001506 : 19;
001507 : 19;
001508 : C6;
001509 : 02;
00150A : DF;
00150B : 57;
00150C : 1F;
00150D : 8B;
00150E : 04;
00150F : 04;
001510 : 04;
001511 : 04;
001512 : 04;
001513 : 04;
001514 : 04;
001515 : 04;
001516 : 04;
001517 : 04;
001518 : 0C;
001519 : AB;
00151A : EE;
00151B : 03;
00151C : 03;
00151D : 00;
00151E : AF;
00151F : 1B;
001520 : 60;
001521 : 72;
001522 : 25;
001523 : 19;
001524 : 23;
001525 : 02;
001526 : 41;
001527 : F6;
001528 : 3C;
001529 : AE;
00152A : 99;
00152B : 00;
00152C : 00;
00152D : 00;
00152E : 00;
00152F : 00;
001530 : 00;
001531 : 00;
001532 : 00;
001533 : 00;
001534 : 00;
001535 : 00;
001536 : 00;
001537 : 00;
001538 : 00;
001539 : 00;
00153A : 00;
00153B : 00;
00153C : 00;
00153D : 00;
00153E : 00;
00153F : 00;
001540 : 00;
001541 : 00;
001542 : 00;
001543 : 00;
001544 : 00;
001545 : 11;
001546 : A2;
001547 : 03;
001548 : 13;
001549 : EE;
00154A : 32;
00154B : DB;
00154C : B3;
00154D : DB;
00154E : 1F;
00154F : 18;
001550 : E6;
001551 : D3;
001552 : D4;
001553 : 72;
001554 : 41;
001555 : 19;
001556 : C6;
001557 : 19;
001558 : C6;
001559 : 23;
00155A : DF;
00155B : 4F;
00155C : 1F;
00155D : 8B;
00155E : 04;
00155F : 04;
001560 : 04;
001561 : 18;
001562 : 18;
001563 : 3E;
001564 : 04;
001565 : 04;
001566 : 04;
001567 : 04;
001568 : 0C;
001569 : AB;
00156A : DB;
00156B : 44;
00156C : 44;
00156D : 00;
00156E : 1B;
00156F : 1B;
001570 : 60;
001571 : C1;
001572 : 41;
001573 : 23;
001574 : 23;
001575 : 23;
001576 : 41;
001577 : 65;
001578 : 32;
001579 : AE;
00157A : 99;
00157B : 00;
00157C : 00;
00157D : 00;
00157E : 00;
00157F : 00;
001580 : 00;
001581 : 00;
001582 : 00;
001583 : 00;
001584 : 00;
001585 : 00;
001586 : 00;
001587 : 00;
001588 : 00;
001589 : 00;
00158A : 00;
00158B : 00;
00158C : 00;
00158D : 00;
00158E : 00;
00158F : 00;
001590 : 00;
001591 : 00;
001592 : 00;
001593 : 00;
001594 : 00;
001595 : 00;
001596 : A2;
001597 : 3D;
001598 : 03;
001599 : 13;
00159A : 6A;
00159B : AF;
00159C : 52;
00159D : DB;
00159E : 51;
00159F : 1F;
0015A0 : 55;
0015A1 : 38;
0015A2 : 51;
0015A3 : C1;
0015A4 : 41;
0015A5 : C6;
0015A6 : C6;
0015A7 : C6;
0015A8 : C6;
0015A9 : 23;
0015AA : 31;
0015AB : 4F;
0015AC : 1F;
0015AD : 8B;
0015AE : 04;
0015AF : 04;
0015B0 : 18;
0015B1 : D3;
0015B2 : 58;
0015B3 : 55;
0015B4 : 3E;
0015B5 : 04;
0015B6 : 04;
0015B7 : 04;
0015B8 : 0C;
0015B9 : 28;
0015BA : DB;
0015BB : 44;
0015BC : 44;
0015BD : 00;
0015BE : BA;
0015BF : BA;
0015C0 : E4;
0015C1 : C1;
0015C2 : 41;
0015C3 : 02;
0015C4 : 23;
0015C5 : 23;
0015C6 : 41;
0015C7 : 65;
0015C8 : 27;
0015C9 : AE;
0015CA : 99;
0015CB : 00;
0015CC : 00;
0015CD : 00;
0015CE : 00;
0015CF : 00;
0015D0 : 00;
0015D1 : 00;
0015D2 : 00;
0015D3 : 00;
0015D4 : 00;
0015D5 : 00;
0015D6 : 00;
0015D7 : 00;
0015D8 : 00;
0015D9 : 00;
0015DA : 00;
0015DB : 00;
0015DC : 00;
0015DD : 00;
0015DE : 00;
0015DF : 00;
0015E0 : 00;
0015E1 : 00;
0015E2 : 00;
0015E3 : 00;
0015E4 : 00;
0015E5 : 00;
0015E6 : 00;
0015E7 : 24;
0015E8 : 03;
0015E9 : 2B;
0015EA : 1B;
0015EB : 27;
0015EC : 3A;
0015ED : 3A;
0015EE : 9B;
0015EF : 51;
0015F0 : 01;
0015F1 : 28;
0015F2 : 09;
0015F3 : 4F;
0015F4 : 31;
0015F5 : C6;
0015F6 : C6;
0015F7 : C6;
0015F8 : C6;
0015F9 : 23;
0015FA : 31;
0015FB : 65;
0015FC : D4;
0015FD : 55;
0015FE : 18;
0015FF : 18;
001600 : 55;
001601 : 28;
001602 : 7F;
001603 : 51;
001604 : 0C;
001605 : 18;
001606 : 18;
001607 : 3F;
001608 : 1F;
001609 : 7F;
00160A : 6A;
00160B : 44;
00160C : 44;
00160D : 00;
00160E : EA;
00160F : EA;
001610 : 0B;
001611 : 72;
001612 : 41;
001613 : 02;
001614 : C6;
001615 : C6;
001616 : A0;
001617 : 72;
001618 : C9;
001619 : 11;
00161A : 99;
00161B : 00;
00161C : 00;
00161D : 00;
00161E : 00;
00161F : 00;
001620 : 00;
001621 : 00;
001622 : 00;
001623 : 00;
001624 : 00;
001625 : 00;
001626 : 00;
001627 : 00;
001628 : 00;
001629 : 00;
00162A : 00;
00162B : 00;
00162C : 00;
00162D : 00;
00162E : 00;
00162F : 00;
001630 : 00;
001631 : 00;
001632 : 00;
001633 : 00;
001634 : 00;
001635 : 00;
001636 : 00;
001637 : 9B;
001638 : 1B;
001639 : 1B;
00163A : AF;
00163B : 3A;
00163C : C4;
00163D : 7B;
00163E : 1D;
00163F : 3A;
001640 : 27;
001641 : 32;
001642 : 27;
001643 : 57;
001644 : DF;
001645 : 02;
001646 : 23;
001647 : 23;
001648 : 23;
001649 : 23;
00164A : 31;
00164B : 65;
00164C : 51;
00164D : 01;
00164E : D3;
00164F : D3;
001650 : 01;
001651 : DB;
001652 : B3;
001653 : 7F;
001654 : 01;
001655 : 1F;
001656 : 1F;
001657 : 51;
001658 : 7F;
001659 : 6A;
00165A : 13;
00165B : 03;
00165C : 03;
00165D : 00;
00165E : 0B;
00165F : EA;
001660 : 0B;
001661 : 90;
001662 : 41;
001663 : C6;
001664 : C6;
001665 : 6E;
001666 : B2;
001667 : 84;
001668 : 60;
001669 : 11;
00166A : 99;
00166B : 00;
00166C : 00;
00166D : 00;
00166E : 00;
00166F : 00;
001670 : 00;
001671 : 00;
001672 : 00;
001673 : 00;
001674 : 00;
001675 : 00;
001676 : 00;
001677 : 00;
001678 : 00;
001679 : 00;
00167A : 00;
00167B : 00;
00167C : 00;
00167D : 00;
00167E : 00;
00167F : 00;
001680 : 00;
001681 : 00;
001682 : 00;
001683 : 00;
001684 : 00;
001685 : 00;
001686 : 00;
001687 : 00;
001688 : 27;
001689 : 1B;
00168A : AF;
00168B : 2C;
00168C : 7B;
00168D : 40;
00168E : 20;
00168F : 20;
001690 : 7B;
001691 : 1D;
001692 : 3A;
001693 : 12;
001694 : 08;
001695 : 02;
001696 : 23;
001697 : 23;
001698 : 23;
001699 : 19;
00169A : 41;
00169B : 72;
00169C : 09;
00169D : 27;
00169E : 51;
00169F : 09;
0016A0 : 09;
0016A1 : 3A;
0016A2 : 3A;
0016A3 : 27;
0016A4 : 9B;
0016A5 : 9B;
0016A6 : 09;
0016A7 : 32;
0016A8 : B3;
0016A9 : 44;
0016AA : 2B;
0016AB : A2;
0016AC : 00;
0016AD : 00;
0016AE : 3A;
0016AF : 3A;
0016B0 : 3A;
0016B1 : F6;
0016B2 : 31;
0016B3 : 2F;
0016B4 : 6E;
0016B5 : 6E;
0016B6 : 0D;
0016B7 : 10;
0016B8 : 12;
0016B9 : 03;
0016BA : AE;
0016BB : 00;
0016BC : 00;
0016BD : 00;
0016BE : 00;
0016BF : 00;
0016C0 : 00;
0016C1 : 00;
0016C2 : 00;
0016C3 : 00;
0016C4 : 00;
0016C5 : 00;
0016C6 : 00;
0016C7 : 00;
0016C8 : 00;
0016C9 : 00;
0016CA : 00;
0016CB : 00;
0016CC : 00;
0016CD : 00;
0016CE : 00;
0016CF : 00;
0016D0 : 00;
0016D1 : 00;
0016D2 : 00;
0016D3 : 00;
0016D4 : 00;
0016D5 : 00;
0016D6 : 00;
0016D7 : 00;
0016D8 : BA;
0016D9 : 48;
0016DA : AF;
0016DB : 3A;
0016DC : 7B;
0016DD : 06;
0016DE : 06;
0016DF : 06;
0016E0 : 40;
0016E1 : 20;
0016E2 : 1D;
0016E3 : BA;
0016E4 : 5F;
0016E5 : 6B;
0016E6 : 23;
0016E7 : C6;
0016E8 : C6;
0016E9 : 19;
0016EA : 25;
0016EB : 90;
0016EC : 3A;
0016ED : 52;
0016EE : 6F;
0016EF : 3A;
0016F0 : 2C;
0016F1 : 7B;
0016F2 : 7B;
0016F3 : 1D;
0016F4 : 3A;
0016F5 : 6F;
0016F6 : 3A;
0016F7 : 68;
0016F8 : B3;
0016F9 : 44;
0016FA : 96;
0016FB : 00;
0016FC : 00;
0016FD : 00;
0016FE : 99;
0016FF : 99;
001700 : 1B;
001701 : C9;
001702 : D6;
001703 : 2F;
001704 : 7C;
001705 : 7C;
001706 : 6B;
001707 : 5F;
001708 : 57;
001709 : 96;
00170A : 03;
00170B : 00;
00170C : 00;
00170D : 00;
00170E : 00;
00170F : 00;
001710 : 00;
001711 : 00;
001712 : 00;
001713 : 00;
001714 : 00;
001715 : 00;
001716 : 00;
001717 : 00;
001718 : 00;
001719 : 00;
00171A : 00;
00171B : 00;
00171C : 00;
00171D : 00;
00171E : 00;
00171F : 00;
001720 : 00;
001721 : 00;
001722 : 00;
001723 : 00;
001724 : 00;
001725 : 00;
001726 : 00;
001727 : 00;
001728 : AF;
001729 : 4B;
00172A : 36;
00172B : 3A;
00172C : 7B;
00172D : 40;
00172E : 06;
00172F : 06;
001730 : 06;
001731 : 40;
001732 : C4;
001733 : BA;
001734 : CA;
001735 : B2;
001736 : 02;
001737 : 19;
001738 : C6;
001739 : 19;
00173A : B2;
00173B : CA;
00173C : BA;
00173D : 6F;
00173E : 20;
00173F : 20;
001740 : EA;
001741 : 40;
001742 : 40;
001743 : EA;
001744 : 20;
001745 : 20;
001746 : 20;
001747 : 1D;
001748 : 52;
001749 : 44;
00174A : 03;
00174B : 00;
00174C : 00;
00174D : 00;
00174E : 6F;
00174F : 68;
001750 : 15;
001751 : 68;
001752 : 10;
001753 : 25;
001754 : 7C;
001755 : 7C;
001756 : 02;
001757 : 08;
001758 : E4;
001759 : 44;
00175A : 96;
00175B : 00;
00175C : 00;
00175D : 00;
00175E : 00;
00175F : 00;
001760 : 00;
001761 : 00;
001762 : 00;
001763 : 00;
001764 : 00;
001765 : 00;
001766 : 00;
001767 : 00;
001768 : 00;
001769 : 00;
00176A : 00;
00176B : 00;
00176C : 00;
00176D : 00;
00176E : 00;
00176F : 00;
001770 : 00;
001771 : 00;
001772 : 00;
001773 : 00;
001774 : 00;
001775 : 00;
001776 : 00;
001777 : 00;
001778 : 94;
001779 : 03;
00177A : 36;
00177B : 6F;
00177C : 7B;
00177D : 40;
00177E : 06;
00177F : 06;
001780 : 06;
001781 : 40;
001782 : 7B;
001783 : 3A;
001784 : 90;
001785 : 41;
001786 : 02;
001787 : 19;
001788 : 19;
001789 : 19;
00178A : 0D;
00178B : D6;
00178C : 12;
00178D : 3A;
00178E : 20;
00178F : 40;
001790 : EA;
001791 : 20;
001792 : 20;
001793 : 20;
001794 : 40;
001795 : 06;
001796 : 40;
001797 : C4;
001798 : 6F;
001799 : D7;
00179A : 96;
00179B : 6A;
00179C : 00;
00179D : 00;
00179E : 00;
00179F : 69;
0017A0 : 96;
0017A1 : 3C;
0017A2 : 21;
0017A3 : DF;
0017A4 : 19;
0017A5 : 7C;
0017A6 : C6;
0017A7 : A3;
0017A8 : 4F;
0017A9 : 15;
0017AA : 03;
0017AB : 00;
0017AC : 00;
0017AD : 00;
0017AE : 00;
0017AF : 00;
0017B0 : 00;
0017B1 : 00;
0017B2 : 00;
0017B3 : 00;
0017B4 : 00;
0017B5 : 00;
0017B6 : 00;
0017B7 : 00;
0017B8 : 00;
0017B9 : 00;
0017BA : 00;
0017BB : 00;
0017BC : 00;
0017BD : 00;
0017BE : 00;
0017BF : 00;
0017C0 : 00;
0017C1 : 00;
0017C2 : 00;
0017C3 : 00;
0017C4 : 00;
0017C5 : 00;
0017C6 : 00;
0017C7 : 00;
0017C8 : 15;
0017C9 : 94;
0017CA : D7;
0017CB : 27;
0017CC : C4;
0017CD : 40;
0017CE : 06;
0017CF : 06;
0017D0 : 06;
0017D1 : 40;
0017D2 : 20;
0017D3 : 3A;
0017D4 : 72;
0017D5 : 41;
0017D6 : 02;
0017D7 : 19;
0017D8 : 19;
0017D9 : 19;
0017DA : 2F;
0017DB : DF;
0017DC : 57;
0017DD : 27;
0017DE : C4;
0017DF : 7B;
0017E0 : C4;
0017E1 : 1D;
0017E2 : 1D;
0017E3 : C4;
0017E4 : 40;
0017E5 : 06;
0017E6 : 40;
0017E7 : 20;
0017E8 : 2C;
0017E9 : B3;
0017EA : 44;
0017EB : 44;
0017EC : 44;
0017ED : 00;
0017EE : 00;
0017EF : 99;
0017F0 : 94;
0017F1 : 36;
0017F2 : F6;
0017F3 : D6;
0017F4 : 02;
0017F5 : 7C;
0017F6 : C6;
0017F7 : 41;
0017F8 : C1;
0017F9 : 1B;
0017FA : 2B;
0017FB : 24;
0017FC : 00;
0017FD : 00;
0017FE : 00;
0017FF : 00;
001800 : 00;
001801 : 00;
001802 : 00;
001803 : 00;
001804 : 00;
001805 : 00;
001806 : 00;
001807 : 00;
001808 : 00;
001809 : 00;
00180A : 00;
00180B : 00;
00180C : 00;
00180D : 00;
00180E : 00;
00180F : 00;
001810 : 00;
001811 : 00;
001812 : 00;
001813 : 00;
001814 : 00;
001815 : 00;
001816 : 00;
001817 : 00;
001818 : 1B;
001819 : 15;
00181A : 36;
00181B : 27;
00181C : C4;
00181D : 40;
00181E : 06;
00181F : 06;
001820 : 06;
001821 : 40;
001822 : 7B;
001823 : 3A;
001824 : 37;
001825 : 41;
001826 : 02;
001827 : 19;
001828 : C6;
001829 : 19;
00182A : 2F;
00182B : 31;
00182C : F6;
00182D : AF;
00182E : 68;
00182F : 68;
001830 : 27;
001831 : 3A;
001832 : 1D;
001833 : 20;
001834 : 40;
001835 : 06;
001836 : 06;
001837 : 20;
001838 : 1D;
001839 : B3;
00183A : 44;
00183B : 2B;
00183C : 03;
00183D : 00;
00183E : 94;
00183F : 94;
001840 : 94;
001841 : 36;
001842 : 57;
001843 : D6;
001844 : 2F;
001845 : 6E;
001846 : C6;
001847 : B2;
001848 : 10;
001849 : 27;
00184A : 36;
00184B : 99;
00184C : 15;
00184D : 00;
00184E : 00;
00184F : 00;
001850 : 00;
001851 : 00;
001852 : 00;
001853 : 00;
001854 : 00;
001855 : 00;
001856 : 00;
001857 : 00;
001858 : 00;
001859 : 00;
00185A : 00;
00185B : 00;
00185C : 00;
00185D : 00;
00185E : 00;
00185F : 00;
001860 : 00;
001861 : 00;
001862 : 00;
001863 : 00;
001864 : 00;
001865 : 00;
001866 : 00;
001867 : 00;
001868 : D7;
001869 : 44;
00186A : 36;
00186B : 68;
00186C : 1D;
00186D : 40;
00186E : 06;
00186F : 06;
001870 : 06;
001871 : 40;
001872 : 7B;
001873 : BA;
001874 : 10;
001875 : B2;
001876 : 02;
001877 : 19;
001878 : 19;
001879 : 19;
00187A : 02;
00187B : 41;
00187C : 4F;
00187D : 3C;
00187E : 68;
00187F : 27;
001880 : 3A;
001881 : 1D;
001882 : 7B;
001883 : EA;
001884 : 40;
001885 : 06;
001886 : 06;
001887 : EA;
001888 : 1D;
001889 : 52;
00188A : 1B;
00188B : 2B;
00188C : 2B;
00188D : 00;
00188E : 94;
00188F : A6;
001890 : 36;
001891 : 42;
001892 : 37;
001893 : 31;
001894 : 2F;
001895 : 19;
001896 : C6;
001897 : 2F;
001898 : A4;
001899 : E4;
00189A : 3A;
00189B : 96;
00189C : 52;
00189D : 00;
00189E : 00;
00189F : 00;
0018A0 : 00;
0018A1 : 00;
0018A2 : 00;
0018A3 : 00;
0018A4 : 00;
0018A5 : 00;
0018A6 : 00;
0018A7 : 00;
0018A8 : 00;
0018A9 : 00;
0018AA : 00;
0018AB : 00;
0018AC : 00;
0018AD : 00;
0018AE : 00;
0018AF : 00;
0018B0 : 00;
0018B1 : 00;
0018B2 : 00;
0018B3 : 00;
0018B4 : 00;
0018B5 : 00;
0018B6 : 00;
0018B7 : 00;
0018B8 : 1B;
0018B9 : 44;
0018BA : 36;
0018BB : 52;
0018BC : 1D;
0018BD : 40;
0018BE : 06;
0018BF : 06;
0018C0 : 06;
0018C1 : EA;
0018C2 : 7B;
0018C3 : 1D;
0018C4 : 5F;
0018C5 : 2F;
0018C6 : 23;
0018C7 : 19;
0018C8 : 19;
0018C9 : 19;
0018CA : 23;
0018CB : B2;
0018CC : 72;
0018CD : 27;
0018CE : 3A;
0018CF : C4;
0018D0 : 20;
0018D1 : 40;
0018D2 : 40;
0018D3 : 06;
0018D4 : 06;
0018D5 : 06;
0018D6 : 06;
0018D7 : 40;
0018D8 : 7B;
0018D9 : 52;
0018DA : 36;
0018DB : 2B;
0018DC : 2B;
0018DD : 00;
0018DE : A6;
0018DF : 4B;
0018E0 : C9;
0018E1 : 21;
0018E2 : 31;
0018E3 : 2F;
0018E4 : 02;
0018E5 : 23;
0018E6 : 23;
0018E7 : 2F;
0018E8 : A3;
0018E9 : C1;
0018EA : 1D;
0018EB : D7;
0018EC : 27;
0018ED : 00;
0018EE : 00;
0018EF : 00;
0018F0 : 00;
0018F1 : 00;
0018F2 : 00;
0018F3 : 00;
0018F4 : 00;
0018F5 : 00;
0018F6 : 00;
0018F7 : 00;
0018F8 : 00;
0018F9 : 00;
0018FA : 00;
0018FB : 00;
0018FC : 00;
0018FD : 00;
0018FE : 00;
0018FF : 00;
001900 : 00;
001901 : 00;
001902 : 00;
001903 : 00;
001904 : 00;
001905 : 00;
001906 : 00;
001907 : 00;
001908 : 96;
001909 : AE;
00190A : D7;
00190B : 52;
00190C : 1D;
00190D : 40;
00190E : 06;
00190F : 06;
001910 : 06;
001911 : 20;
001912 : 1D;
001913 : E4;
001914 : 08;
001915 : 02;
001916 : C6;
001917 : 19;
001918 : 19;
001919 : 19;
00191A : 23;
00191B : 6B;
00191C : 10;
00191D : BA;
00191E : 2C;
00191F : 20;
001920 : 40;
001921 : 06;
001922 : 06;
001923 : 06;
001924 : 06;
001925 : 06;
001926 : 06;
001927 : 40;
001928 : 7B;
001929 : 6F;
00192A : B3;
00192B : 96;
00192C : 96;
00192D : 24;
00192E : 4B;
00192F : 48;
001930 : 1A;
001931 : 08;
001932 : 6B;
001933 : 23;
001934 : 23;
001935 : 23;
001936 : 23;
001937 : 2F;
001938 : 08;
001939 : F6;
00193A : 27;
00193B : AE;
00193C : 15;
00193D : 00;
00193E : 00;
00193F : 00;
001940 : 00;
001941 : 00;
001942 : 00;
001943 : 00;
001944 : 00;
001945 : 00;
001946 : 00;
001947 : 00;
001948 : 00;
001949 : 00;
00194A : 00;
00194B : 00;
00194C : 00;
00194D : 00;
00194E : 00;
00194F : 00;
001950 : 00;
001951 : 00;
001952 : 00;
001953 : 00;
001954 : 00;
001955 : 00;
001956 : 00;
001957 : 00;
001958 : 94;
001959 : 99;
00195A : 15;
00195B : 36;
00195C : 2C;
00195D : EA;
00195E : 06;
00195F : 06;
001960 : 06;
001961 : 20;
001962 : 1D;
001963 : F6;
001964 : DF;
001965 : 02;
001966 : 19;
001967 : 19;
001968 : 19;
001969 : 19;
00196A : 19;
00196B : 2F;
00196C : 5F;
00196D : E4;
00196E : 2C;
00196F : 20;
001970 : 06;
001971 : 06;
001972 : 06;
001973 : 06;
001974 : 06;
001975 : 06;
001976 : 06;
001977 : 06;
001978 : 20;
001979 : 3A;
00197A : 52;
00197B : 15;
00197C : 96;
00197D : 24;
00197E : BC;
00197F : 17;
001980 : 37;
001981 : B2;
001982 : 02;
001983 : 45;
001984 : 23;
001985 : 23;
001986 : 23;
001987 : 02;
001988 : 08;
001989 : F6;
00198A : AF;
00198B : 99;
00198C : 03;
00198D : 00;
00198E : 00;
00198F : 00;
001990 : 00;
001991 : 00;
001992 : 00;
001993 : 00;
001994 : 00;
001995 : 00;
001996 : 00;
001997 : 00;
001998 : 00;
001999 : 00;
00199A : 00;
00199B : 00;
00199C : 00;
00199D : 00;
00199E : 00;
00199F : 00;
0019A0 : 00;
0019A1 : 00;
0019A2 : 00;
0019A3 : 00;
0019A4 : 00;
0019A5 : 00;
0019A6 : 00;
0019A7 : 00;
0019A8 : 96;
0019A9 : AE;
0019AA : D7;
0019AB : 36;
0019AC : 2C;
0019AD : 20;
0019AE : 06;
0019AF : 06;
0019B0 : 06;
0019B1 : 20;
0019B2 : 1D;
0019B3 : F6;
0019B4 : DF;
0019B5 : 23;
0019B6 : 19;
0019B7 : 19;
0019B8 : 19;
0019B9 : 23;
0019BA : 19;
0019BB : 02;
0019BC : 08;
0019BD : 4F;
0019BE : 3A;
0019BF : 7B;
0019C0 : 40;
0019C1 : 06;
0019C2 : 06;
0019C3 : 06;
0019C4 : 06;
0019C5 : 06;
0019C6 : 06;
0019C7 : 06;
0019C8 : EA;
0019C9 : 1D;
0019CA : 52;
0019CB : 44;
0019CC : 44;
0019CD : 24;
0019CE : 1B;
0019CF : 42;
0019D0 : CA;
0019D1 : 2F;
0019D2 : 23;
0019D3 : 23;
0019D4 : 23;
0019D5 : 23;
0019D6 : C6;
0019D7 : 02;
0019D8 : DF;
0019D9 : 65;
0019DA : 3C;
0019DB : 99;
0019DC : 94;
0019DD : 00;
0019DE : 00;
0019DF : 00;
0019E0 : 00;
0019E1 : 00;
0019E2 : 00;
0019E3 : 00;
0019E4 : 00;
0019E5 : 00;
0019E6 : 00;
0019E7 : 00;
0019E8 : 00;
0019E9 : 00;
0019EA : 00;
0019EB : 00;
0019EC : 00;
0019ED : 00;
0019EE : 00;
0019EF : 00;
0019F0 : 00;
0019F1 : 00;
0019F2 : 00;
0019F3 : 00;
0019F4 : 00;
0019F5 : 00;
0019F6 : 00;
0019F7 : 00;
0019F8 : 36;
0019F9 : 36;
0019FA : 36;
0019FB : 52;
0019FC : 2C;
0019FD : 20;
0019FE : 40;
0019FF : 06;
001A00 : 06;
001A01 : 7B;
001A02 : 1D;
001A03 : 4F;
001A04 : 31;
001A05 : 23;
001A06 : 19;
001A07 : 19;
001A08 : 45;
001A09 : 23;
001A0A : 19;
001A0B : 02;
001A0C : 31;
001A0D : C1;
001A0E : 6F;
001A0F : C4;
001A10 : 40;
001A11 : 06;
001A12 : 06;
001A13 : 06;
001A14 : 06;
001A15 : 06;
001A16 : 06;
001A17 : 06;
001A18 : 40;
001A19 : C4;
001A1A : 68;
001A1B : 1B;
001A1C : 1B;
001A1D : 99;
001A1E : 1B;
001A1F : 12;
001A20 : 5F;
001A21 : 2F;
001A22 : B2;
001A23 : 41;
001A24 : 25;
001A25 : 2F;
001A26 : C6;
001A27 : 23;
001A28 : 31;
001A29 : 72;
001A2A : 3C;
001A2B : 24;
001A2C : 03;
001A2D : 00;
001A2E : 00;
001A2F : 00;
001A30 : 00;
001A31 : 00;
001A32 : 00;
001A33 : 00;
001A34 : 00;
001A35 : 00;
001A36 : 00;
001A37 : 00;
001A38 : 00;
001A39 : 00;
001A3A : 00;
001A3B : 00;
001A3C : 00;
001A3D : 00;
001A3E : 00;
001A3F : 00;
001A40 : 00;
001A41 : 00;
001A42 : 00;
001A43 : 00;
001A44 : 00;
001A45 : 00;
001A46 : 00;
001A47 : 00;
001A48 : 6F;
001A49 : 6F;
001A4A : 52;
001A4B : 52;
001A4C : 2C;
001A4D : 20;
001A4E : 40;
001A4F : 06;
001A50 : 06;
001A51 : 7B;
001A52 : 1D;
001A53 : 4F;
001A54 : 31;
001A55 : 23;
001A56 : 19;
001A57 : 19;
001A58 : 45;
001A59 : 23;
001A5A : 19;
001A5B : 02;
001A5C : 31;
001A5D : 72;
001A5E : 27;
001A5F : 2C;
001A60 : 20;
001A61 : 06;
001A62 : 06;
001A63 : 06;
001A64 : 06;
001A65 : 06;
001A66 : 06;
001A67 : 06;
001A68 : 40;
001A69 : 7B;
001A6A : 6F;
001A6B : D7;
001A6C : D7;
001A6D : 99;
001A6E : 48;
001A6F : 57;
001A70 : 08;
001A71 : 6B;
001A72 : 47;
001A73 : CA;
001A74 : 1E;
001A75 : A0;
001A76 : C6;
001A77 : C6;
001A78 : 41;
001A79 : 37;
001A7A : 3C;
001A7B : 24;
001A7C : 11;
001A7D : 00;
001A7E : 00;
001A7F : 00;
001A80 : 00;
001A81 : 00;
001A82 : 00;
001A83 : 00;
001A84 : 00;
001A85 : 00;
001A86 : 00;
001A87 : 00;
001A88 : 00;
001A89 : 00;
001A8A : 00;
001A8B : 00;
001A8C : 00;
001A8D : 00;
001A8E : 00;
001A8F : 00;
001A90 : 00;
001A91 : 00;
001A92 : 00;
001A93 : 00;
001A94 : 00;
001A95 : 00;
001A96 : 00;
001A97 : 00;
001A98 : 00;
001A99 : 1D;
001A9A : B3;
001A9B : 36;
001A9C : 3A;
001A9D : 7B;
001A9E : 40;
001A9F : 06;
001AA0 : 40;
001AA1 : 7B;
001AA2 : 1D;
001AA3 : 4F;
001AA4 : 31;
001AA5 : 23;
001AA6 : 19;
001AA7 : 23;
001AA8 : 23;
001AA9 : 23;
001AAA : 19;
001AAB : 02;
001AAC : 31;
001AAD : C1;
001AAE : 68;
001AAF : 6F;
001AB0 : 7B;
001AB1 : 40;
001AB2 : 06;
001AB3 : 06;
001AB4 : 06;
001AB5 : 06;
001AB6 : 06;
001AB7 : 06;
001AB8 : 40;
001AB9 : 20;
001ABA : 3A;
001ABB : 36;
001ABC : D7;
001ABD : 99;
001ABE : 07;
001ABF : 65;
001AC0 : 08;
001AC1 : B2;
001AC2 : 37;
001AC3 : 12;
001AC4 : 65;
001AC5 : 31;
001AC6 : 23;
001AC7 : C6;
001AC8 : 41;
001AC9 : 37;
001ACA : 3C;
001ACB : 24;
001ACC : 11;
001ACD : 00;
001ACE : 00;
001ACF : 00;
001AD0 : 00;
001AD1 : 00;
001AD2 : 00;
001AD3 : 00;
001AD4 : 00;
001AD5 : 00;
001AD6 : 00;
001AD7 : 00;
001AD8 : 00;
001AD9 : 00;
001ADA : 00;
001ADB : 00;
001ADC : 00;
001ADD : 00;
001ADE : 00;
001ADF : 00;
001AE0 : 00;
001AE1 : 00;
001AE2 : 00;
001AE3 : 00;
001AE4 : 00;
001AE5 : 00;
001AE6 : 00;
001AE7 : 00;
001AE8 : 00;
001AE9 : 37;
001AEA : 1B;
001AEB : 1B;
001AEC : 6F;
001AED : 7B;
001AEE : 40;
001AEF : 06;
001AF0 : 40;
001AF1 : 1D;
001AF2 : BA;
001AF3 : 65;
001AF4 : 31;
001AF5 : 02;
001AF6 : 0D;
001AF7 : 6B;
001AF8 : 2F;
001AF9 : 23;
001AFA : 19;
001AFB : 02;
001AFC : 31;
001AFD : C1;
001AFE : 68;
001AFF : 68;
001B00 : 1D;
001B01 : 40;
001B02 : 06;
001B03 : 06;
001B04 : 06;
001B05 : 06;
001B06 : 06;
001B07 : 06;
001B08 : 06;
001B09 : EA;
001B0A : 1D;
001B0B : 52;
001B0C : D7;
001B0D : 11;
001B0E : 07;
001B0F : 21;
001B10 : DF;
001B11 : A0;
001B12 : 21;
001B13 : 42;
001B14 : 65;
001B15 : 31;
001B16 : 2F;
001B17 : 0D;
001B18 : 31;
001B19 : 37;
001B1A : 07;
001B1B : 24;
001B1C : 11;
001B1D : 00;
001B1E : 00;
001B1F : 00;
001B20 : 00;
001B21 : 00;
001B22 : 00;
001B23 : 00;
001B24 : 00;
001B25 : 00;
001B26 : 00;
001B27 : 00;
001B28 : 00;
001B29 : 00;
001B2A : 00;
001B2B : 00;
001B2C : 00;
001B2D : 00;
001B2E : 00;
001B2F : 00;
001B30 : 00;
001B31 : 00;
001B32 : 00;
001B33 : 00;
001B34 : 00;
001B35 : 00;
001B36 : 00;
001B37 : 00;
001B38 : 00;
001B39 : 00;
001B3A : 2B;
001B3B : 15;
001B3C : 27;
001B3D : C4;
001B3E : 40;
001B3F : 40;
001B40 : 20;
001B41 : 2C;
001B42 : BA;
001B43 : 72;
001B44 : 41;
001B45 : 6B;
001B46 : DF;
001B47 : 31;
001B48 : 0D;
001B49 : 6B;
001B4A : 2F;
001B4B : 6B;
001B4C : DF;
001B4D : C1;
001B4E : 68;
001B4F : 52;
001B50 : 3A;
001B51 : 20;
001B52 : 40;
001B53 : 06;
001B54 : 06;
001B55 : 06;
001B56 : 06;
001B57 : 06;
001B58 : 06;
001B59 : 40;
001B5A : 1D;
001B5B : 27;
001B5C : 36;
001B5D : AE;
001B5E : 07;
001B5F : 65;
001B60 : D6;
001B61 : 0E;
001B62 : 1A;
001B63 : 60;
001B64 : 37;
001B65 : 31;
001B66 : 25;
001B67 : DF;
001B68 : D6;
001B69 : 37;
001B6A : 3C;
001B6B : 24;
001B6C : 11;
001B6D : 00;
001B6E : 00;
001B6F : 00;
001B70 : 00;
001B71 : 00;
001B72 : 00;
001B73 : 00;
001B74 : 00;
001B75 : 00;
001B76 : 00;
001B77 : 00;
001B78 : 00;
001B79 : 00;
001B7A : 00;
001B7B : 00;
001B7C : 00;
001B7D : 00;
001B7E : 00;
001B7F : 00;
001B80 : 00;
001B81 : 00;
001B82 : 00;
001B83 : 00;
001B84 : 00;
001B85 : 00;
001B86 : 00;
001B87 : 00;
001B88 : 00;
001B89 : 00;
001B8A : 96;
001B8B : 44;
001B8C : 27;
001B8D : C4;
001B8E : EA;
001B8F : 20;
001B90 : 1D;
001B91 : 68;
001B92 : 12;
001B93 : 08;
001B94 : B2;
001B95 : 41;
001B96 : 21;
001B97 : CA;
001B98 : 41;
001B99 : 47;
001B9A : 31;
001B9B : 41;
001B9C : D6;
001B9D : 21;
001B9E : 68;
001B9F : 36;
001BA0 : 68;
001BA1 : 1D;
001BA2 : 20;
001BA3 : 06;
001BA4 : 06;
001BA5 : 06;
001BA6 : 06;
001BA7 : 06;
001BA8 : 06;
001BA9 : 40;
001BAA : 7B;
001BAB : 3A;
001BAC : 36;
001BAD : 94;
001BAE : 48;
001BAF : 60;
001BB0 : 65;
001BB1 : 72;
001BB2 : 09;
001BB3 : 12;
001BB4 : D6;
001BB5 : 31;
001BB6 : 08;
001BB7 : 10;
001BB8 : 84;
001BB9 : 37;
001BBA : 3C;
001BBB : 24;
001BBC : 11;
001BBD : 00;
001BBE : 00;
001BBF : 00;
001BC0 : 00;
001BC1 : 00;
001BC2 : 00;
001BC3 : 00;
001BC4 : 00;
001BC5 : 00;
001BC6 : 00;
001BC7 : 00;
001BC8 : 00;
001BC9 : 00;
001BCA : 00;
001BCB : 00;
001BCC : 00;
001BCD : 00;
001BCE : 00;
001BCF : 00;
001BD0 : 00;
001BD1 : 00;
001BD2 : 00;
001BD3 : 00;
001BD4 : 00;
001BD5 : 00;
001BD6 : 00;
001BD7 : 00;
001BD8 : 00;
001BD9 : 15;
001BDA : 1B;
001BDB : D7;
001BDC : 6F;
001BDD : 7B;
001BDE : 20;
001BDF : C4;
001BE0 : BA;
001BE1 : 57;
001BE2 : 10;
001BE3 : 25;
001BE4 : A0;
001BE5 : 08;
001BE6 : 57;
001BE7 : 84;
001BE8 : 0E;
001BE9 : CA;
001BEA : CA;
001BEB : DF;
001BEC : 5A;
001BED : 65;
001BEE : AF;
001BEF : 15;
001BF0 : 52;
001BF1 : 2C;
001BF2 : 20;
001BF3 : 06;
001BF4 : 06;
001BF5 : 06;
001BF6 : 06;
001BF7 : 06;
001BF8 : 06;
001BF9 : 40;
001BFA : 7B;
001BFB : 3A;
001BFC : 36;
001BFD : 2B;
001BFE : 1B;
001BFF : 3C;
001C00 : 27;
001C01 : C9;
001C02 : 17;
001C03 : 65;
001C04 : 31;
001C05 : 31;
001C06 : 5A;
001C07 : 72;
001C08 : 72;
001C09 : 72;
001C0A : 3C;
001C0B : 24;
001C0C : 34;
001C0D : 00;
001C0E : 00;
001C0F : 00;
001C10 : 00;
001C11 : 00;
001C12 : 00;
001C13 : 00;
001C14 : 00;
001C15 : 00;
001C16 : 00;
001C17 : 00;
001C18 : 00;
001C19 : 00;
001C1A : 00;
001C1B : 00;
001C1C : 00;
001C1D : 00;
001C1E : 00;
001C1F : 00;
001C20 : 00;
001C21 : 00;
001C22 : 00;
001C23 : 00;
001C24 : 00;
001C25 : 00;
001C26 : 00;
001C27 : 00;
001C28 : 1B;
001C29 : 44;
001C2A : D7;
001C2B : B3;
001C2C : 3A;
001C2D : 7B;
001C2E : C4;
001C2F : 1D;
001C30 : 57;
001C31 : 5A;
001C32 : 41;
001C33 : 0D;
001C34 : 47;
001C35 : 72;
001C36 : 1A;
001C37 : 1E;
001C38 : 41;
001C39 : 21;
001C3A : 37;
001C3B : DF;
001C3C : 10;
001C3D : F6;
001C3E : 15;
001C3F : 11;
001C40 : 36;
001C41 : 3A;
001C42 : 7B;
001C43 : 06;
001C44 : 06;
001C45 : 06;
001C46 : 06;
001C47 : 06;
001C48 : 06;
001C49 : 40;
001C4A : 7B;
001C4B : 3A;
001C4C : 36;
001C4D : 2B;
001C4E : 4B;
001C4F : 4B;
001C50 : 15;
001C51 : 48;
001C52 : 42;
001C53 : CA;
001C54 : A0;
001C55 : 47;
001C56 : 37;
001C57 : 37;
001C58 : 72;
001C59 : 65;
001C5A : 07;
001C5B : 24;
001C5C : 11;
001C5D : 00;
001C5E : 00;
001C5F : 00;
001C60 : 00;
001C61 : 00;
001C62 : 00;
001C63 : 00;
001C64 : 00;
001C65 : 00;
001C66 : 00;
001C67 : 00;
001C68 : 00;
001C69 : 00;
001C6A : 00;
001C6B : 00;
001C6C : 00;
001C6D : 00;
001C6E : 00;
001C6F : 00;
001C70 : 00;
001C71 : 00;
001C72 : 00;
001C73 : 00;
001C74 : 00;
001C75 : 00;
001C76 : 00;
001C77 : 00;
001C78 : 44;
001C79 : 15;
001C7A : 36;
001C7B : 52;
001C7C : 1D;
001C7D : 20;
001C7E : 1D;
001C7F : 1D;
001C80 : C1;
001C81 : 08;
001C82 : 31;
001C83 : D6;
001C84 : 65;
001C85 : 57;
001C86 : 10;
001C87 : DF;
001C88 : DF;
001C89 : 65;
001C8A : 37;
001C8B : 31;
001C8C : 90;
001C8D : BA;
001C8E : 1B;
001C8F : 94;
001C90 : 36;
001C91 : 3A;
001C92 : 7B;
001C93 : 06;
001C94 : 06;
001C95 : 06;
001C96 : 06;
001C97 : 06;
001C98 : 06;
001C99 : 40;
001C9A : 7B;
001C9B : 3A;
001C9C : 36;
001C9D : 2B;
001C9E : 2B;
001C9F : 2B;
001CA0 : 48;
001CA1 : C9;
001CA2 : 84;
001CA3 : 0E;
001CA4 : 0D;
001CA5 : 1E;
001CA6 : 65;
001CA7 : 10;
001CA8 : 21;
001CA9 : 60;
001CAA : 1B;
001CAB : 24;
001CAC : 11;
001CAD : 00;
001CAE : 00;
001CAF : 00;
001CB0 : 00;
001CB1 : 00;
001CB2 : 00;
001CB3 : 00;
001CB4 : 00;
001CB5 : 00;
001CB6 : 00;
001CB7 : 00;
001CB8 : 00;
001CB9 : 00;
001CBA : 00;
001CBB : 00;
001CBC : 00;
001CBD : 00;
001CBE : 00;
001CBF : 00;
001CC0 : 00;
001CC1 : 00;
001CC2 : 00;
001CC3 : 00;
001CC4 : 00;
001CC5 : 00;
001CC6 : 00;
001CC7 : 00;
001CC8 : BC;
001CC9 : 15;
001CCA : 36;
001CCB : 6F;
001CCC : 7B;
001CCD : 40;
001CCE : C4;
001CCF : 1D;
001CD0 : 4F;
001CD1 : 10;
001CD2 : 37;
001CD3 : F6;
001CD4 : 57;
001CD5 : 21;
001CD6 : 47;
001CD7 : 47;
001CD8 : CA;
001CD9 : 72;
001CDA : 1E;
001CDB : 31;
001CDC : 21;
001CDD : 27;
001CDE : 1B;
001CDF : 15;
001CE0 : 36;
001CE1 : 3A;
001CE2 : 7B;
001CE3 : 06;
001CE4 : 06;
001CE5 : 06;
001CE6 : 06;
001CE7 : 06;
001CE8 : 06;
001CE9 : 40;
001CEA : C4;
001CEB : 27;
001CEC : 36;
001CED : 13;
001CEE : 15;
001CEF : 15;
001CF0 : 3C;
001CF1 : 12;
001CF2 : 08;
001CF3 : 25;
001CF4 : 31;
001CF5 : 21;
001CF6 : 57;
001CF7 : 72;
001CF8 : 1A;
001CF9 : 3C;
001CFA : 4B;
001CFB : 24;
001CFC : 11;
001CFD : 00;
001CFE : 00;
001CFF : 00;
001D00 : 00;
001D01 : 00;
001D02 : 00;
001D03 : 00;
001D04 : 00;
001D05 : 00;
001D06 : 00;
001D07 : 00;
001D08 : 00;
001D09 : 00;
001D0A : 00;
001D0B : 00;
001D0C : 00;
001D0D : 00;
001D0E : 00;
001D0F : 00;
001D10 : 00;
001D11 : 00;
001D12 : 00;
001D13 : 00;
001D14 : 00;
001D15 : 00;
001D16 : 00;
001D17 : 4B;
001D18 : 1B;
001D19 : 1B;
001D1A : AF;
001D1B : 1D;
001D1C : 20;
001D1D : 40;
001D1E : 20;
001D1F : C4;
001D20 : 3A;
001D21 : 27;
001D22 : 17;
001D23 : 60;
001D24 : 84;
001D25 : 31;
001D26 : 31;
001D27 : 10;
001D28 : 65;
001D29 : 5A;
001D2A : 08;
001D2B : 1E;
001D2C : 12;
001D2D : 48;
001D2E : 36;
001D2F : 15;
001D30 : AF;
001D31 : 1D;
001D32 : 20;
001D33 : 06;
001D34 : 06;
001D35 : 06;
001D36 : 06;
001D37 : 06;
001D38 : 06;
001D39 : 40;
001D3A : 1D;
001D3B : 68;
001D3C : AF;
001D3D : 1B;
001D3E : 15;
001D3F : 15;
001D40 : 17;
001D41 : 57;
001D42 : 5A;
001D43 : D6;
001D44 : 21;
001D45 : 12;
001D46 : 42;
001D47 : 12;
001D48 : C9;
001D49 : 4B;
001D4A : 34;
001D4B : 24;
001D4C : 11;
001D4D : 00;
001D4E : 00;
001D4F : 00;
001D50 : 00;
001D51 : 00;
001D52 : 00;
001D53 : 00;
001D54 : 00;
001D55 : 00;
001D56 : 00;
001D57 : 00;
001D58 : 00;
001D59 : 00;
001D5A : 00;
001D5B : 00;
001D5C : 00;
001D5D : 00;
001D5E : 00;
001D5F : 00;
001D60 : 00;
001D61 : 00;
001D62 : 00;
001D63 : 00;
001D64 : 00;
001D65 : 00;
001D66 : 00;
001D67 : 1B;
001D68 : 1B;
001D69 : 36;
001D6A : 68;
001D6B : 7B;
001D6C : 40;
001D6D : 06;
001D6E : 40;
001D6F : 20;
001D70 : C4;
001D71 : 3A;
001D72 : 27;
001D73 : C9;
001D74 : 21;
001D75 : 5A;
001D76 : 72;
001D77 : 57;
001D78 : 12;
001D79 : 37;
001D7A : 37;
001D7B : 1A;
001D7C : 17;
001D7D : 13;
001D7E : 1B;
001D7F : 15;
001D80 : 52;
001D81 : 1D;
001D82 : EA;
001D83 : 06;
001D84 : 06;
001D85 : 06;
001D86 : 06;
001D87 : 06;
001D88 : 06;
001D89 : 40;
001D8A : 1D;
001D8B : 52;
001D8C : B3;
001D8D : 1B;
001D8E : 15;
001D8F : 15;
001D90 : AF;
001D91 : 27;
001D92 : 57;
001D93 : 57;
001D94 : 27;
001D95 : AF;
001D96 : AF;
001D97 : 3C;
001D98 : 07;
001D99 : 34;
001D9A : 11;
001D9B : 24;
001D9C : 00;
001D9D : 00;
001D9E : 00;
001D9F : 00;
001DA0 : 00;
001DA1 : 00;
001DA2 : 00;
001DA3 : 00;
001DA4 : 00;
001DA5 : 00;
001DA6 : 00;
001DA7 : 00;
001DA8 : 00;
001DA9 : 00;
001DAA : 00;
001DAB : 00;
001DAC : 00;
001DAD : 00;
001DAE : 00;
001DAF : 00;
001DB0 : 00;
001DB1 : 00;
001DB2 : 00;
001DB3 : 00;
001DB4 : 00;
001DB5 : 00;
001DB6 : 00;
001DB7 : 1B;
001DB8 : 1B;
001DB9 : 3C;
001DBA : 3A;
001DBB : 20;
001DBC : 40;
001DBD : 06;
001DBE : 06;
001DBF : 06;
001DC0 : 40;
001DC1 : 20;
001DC2 : 1D;
001DC3 : BA;
001DC4 : 57;
001DC5 : 57;
001DC6 : 27;
001DC7 : 3C;
001DC8 : C9;
001DC9 : 57;
001DCA : 62;
001DCB : 07;
001DCC : 13;
001DCD : 2B;
001DCE : 15;
001DCF : 1B;
001DD0 : 52;
001DD1 : C4;
001DD2 : 40;
001DD3 : 06;
001DD4 : 06;
001DD5 : 06;
001DD6 : 06;
001DD7 : 06;
001DD8 : 06;
001DD9 : EA;
001DDA : BA;
001DDB : AF;
001DDC : 1B;
001DDD : 3D;
001DDE : 34;
001DDF : 34;
001DE0 : 2B;
001DE1 : 2B;
001DE2 : 15;
001DE3 : 15;
001DE4 : 2B;
001DE5 : 2B;
001DE6 : 2B;
001DE7 : 34;
001DE8 : 34;
001DE9 : 11;
001DEA : D1;
001DEB : 00;
001DEC : 00;
001DED : 00;
001DEE : 00;
001DEF : 00;
001DF0 : 00;
001DF1 : 00;
001DF2 : 00;
001DF3 : 00;
001DF4 : 00;
001DF5 : 00;
001DF6 : 00;
001DF7 : 00;
001DF8 : 00;
001DF9 : 00;
001DFA : 00;
001DFB : 00;
001DFC : 00;
001DFD : 00;
001DFE : 00;
001DFF : 00;
001E00 : 00;
001E01 : 00;
001E02 : 00;
001E03 : 00;
001E04 : 00;
001E05 : 44;
001E06 : 03;
001E07 : 44;
001E08 : 1B;
001E09 : 27;
001E0A : 1D;
001E0B : EA;
001E0C : 06;
001E0D : 06;
001E0E : 06;
001E0F : 06;
001E10 : 06;
001E11 : 40;
001E12 : EA;
001E13 : C4;
001E14 : 1D;
001E15 : 3A;
001E16 : 52;
001E17 : 36;
001E18 : 48;
001E19 : 07;
001E1A : 48;
001E1B : 4B;
001E1C : 2B;
001E1D : 2B;
001E1E : 1B;
001E1F : 36;
001E20 : 68;
001E21 : 7B;
001E22 : 40;
001E23 : 06;
001E24 : 06;
001E25 : 06;
001E26 : 06;
001E27 : 06;
001E28 : 40;
001E29 : EA;
001E2A : 3A;
001E2B : 36;
001E2C : 15;
001E2D : 24;
001E2E : 34;
001E2F : 34;
001E30 : 94;
001E31 : 94;
001E32 : 03;
001E33 : 03;
001E34 : 03;
001E35 : 03;
001E36 : 34;
001E37 : 11;
001E38 : 11;
001E39 : D1;
001E3A : 00;
001E3B : 00;
001E3C : 00;
001E3D : 00;
001E3E : 00;
001E3F : 00;
001E40 : 00;
001E41 : 00;
001E42 : 00;
001E43 : 00;
001E44 : 00;
001E45 : 00;
001E46 : 00;
001E47 : 00;
001E48 : 00;
001E49 : 00;
001E4A : 00;
001E4B : 00;
001E4C : 00;
001E4D : 00;
001E4E : 00;
001E4F : 00;
001E50 : 00;
001E51 : 00;
001E52 : 00;
001E53 : 00;
001E54 : 00;
001E55 : 44;
001E56 : 03;
001E57 : 1B;
001E58 : 36;
001E59 : 3A;
001E5A : 7B;
001E5B : 40;
001E5C : 06;
001E5D : 06;
001E5E : 06;
001E5F : 06;
001E60 : 06;
001E61 : 06;
001E62 : 06;
001E63 : EA;
001E64 : 7B;
001E65 : 2C;
001E66 : 52;
001E67 : D7;
001E68 : 15;
001E69 : 94;
001E6A : 99;
001E6B : 24;
001E6C : 24;
001E6D : 1B;
001E6E : D7;
001E6F : 36;
001E70 : 6F;
001E71 : 20;
001E72 : 40;
001E73 : 06;
001E74 : 06;
001E75 : 06;
001E76 : 06;
001E77 : 06;
001E78 : 40;
001E79 : 20;
001E7A : 3A;
001E7B : 1B;
001E7C : 15;
001E7D : 24;
001E7E : 00;
001E7F : 00;
001E80 : 00;
001E81 : 00;
001E82 : 00;
001E83 : 00;
001E84 : 00;
001E85 : 00;
001E86 : 00;
001E87 : 00;
001E88 : 00;
001E89 : 00;
001E8A : 00;
001E8B : 00;
001E8C : 00;
001E8D : 00;
001E8E : 00;
001E8F : 00;
001E90 : 00;
001E91 : 00;
001E92 : 00;
001E93 : 00;
001E94 : 00;
001E95 : 00;
001E96 : 00;
001E97 : 00;
001E98 : 00;
001E99 : 00;
001E9A : 00;
001E9B : 00;
001E9C : 00;
001E9D : 00;
001E9E : 00;
001E9F : 00;
001EA0 : 00;
001EA1 : 00;
001EA2 : 00;
001EA3 : 00;
001EA4 : 00;
001EA5 : 2B;
001EA6 : 2B;
001EA7 : 1B;
001EA8 : 52;
001EA9 : 1D;
001EAA : EA;
001EAB : 40;
001EAC : 06;
001EAD : 06;
001EAE : 06;
001EAF : 06;
001EB0 : 06;
001EB1 : 06;
001EB2 : 06;
001EB3 : 06;
001EB4 : EA;
001EB5 : 1D;
001EB6 : 52;
001EB7 : 1B;
001EB8 : 2B;
001EB9 : 94;
001EBA : 00;
001EBB : 34;
001EBC : 00;
001EBD : 1B;
001EBE : 36;
001EBF : 52;
001EC0 : 3A;
001EC1 : 20;
001EC2 : 06;
001EC3 : 06;
001EC4 : 06;
001EC5 : 06;
001EC6 : 06;
001EC7 : 06;
001EC8 : 40;
001EC9 : 20;
001ECA : 6F;
001ECB : 1B;
001ECC : 15;
001ECD : 34;
001ECE : 00;
001ECF : 00;
001ED0 : 00;
001ED1 : 00;
001ED2 : 00;
001ED3 : 00;
001ED4 : 00;
001ED5 : 00;
001ED6 : 00;
001ED7 : 00;
001ED8 : 00;
001ED9 : 00;
001EDA : 00;
001EDB : 00;
001EDC : 00;
001EDD : 00;
001EDE : 00;
001EDF : 00;
001EE0 : 00;
001EE1 : 00;
001EE2 : 00;
001EE3 : 00;
001EE4 : 00;
001EE5 : 00;
001EE6 : 00;
001EE7 : 00;
001EE8 : 00;
001EE9 : 00;
001EEA : 00;
001EEB : 00;
001EEC : 00;
001EED : 00;
001EEE : 00;
001EEF : 00;
001EF0 : 00;
001EF1 : 00;
001EF2 : 00;
001EF3 : 00;
001EF4 : 00;
001EF5 : 2B;
001EF6 : 13;
001EF7 : 36;
001EF8 : 27;
001EF9 : 7B;
001EFA : 40;
001EFB : 40;
001EFC : 06;
001EFD : 06;
001EFE : 06;
001EFF : 06;
001F00 : 06;
001F01 : 06;
001F02 : 06;
001F03 : 40;
001F04 : 7B;
001F05 : 3A;
001F06 : 36;
001F07 : 15;
001F08 : 2B;
001F09 : 00;
001F0A : 00;
001F0B : 00;
001F0C : 00;
001F0D : B3;
001F0E : 36;
001F0F : 68;
001F10 : 1D;
001F11 : 40;
001F12 : 06;
001F13 : 06;
001F14 : 06;
001F15 : 06;
001F16 : 06;
001F17 : 06;
001F18 : 40;
001F19 : 7B;
001F1A : 27;
001F1B : 1B;
001F1C : 15;
001F1D : 24;
001F1E : 00;
001F1F : 00;
001F20 : 00;
001F21 : 00;
001F22 : 00;
001F23 : 00;
001F24 : 00;
001F25 : 00;
001F26 : 00;
001F27 : 00;
001F28 : 00;
001F29 : 00;
001F2A : 00;
001F2B : 00;
001F2C : 00;
001F2D : 00;
001F2E : 00;
001F2F : 00;
001F30 : 00;
001F31 : 00;
001F32 : 00;
001F33 : 00;
001F34 : 00;
001F35 : 00;
001F36 : 00;
001F37 : 00;
001F38 : 00;
001F39 : 00;
001F3A : 00;
001F3B : 00;
001F3C : 00;
001F3D : 00;
001F3E : 00;
001F3F : 00;
001F40 : 00;
001F41 : 00;
001F42 : 00;
001F43 : 00;
001F44 : 24;
001F45 : 2B;
001F46 : 44;
001F47 : B3;
001F48 : 3A;
001F49 : C4;
001F4A : 20;
001F4B : 20;
001F4C : EA;
001F4D : 06;
001F4E : 06;
001F4F : 06;
001F50 : 06;
001F51 : 06;
001F52 : 40;
001F53 : EA;
001F54 : 1D;
001F55 : 68;
001F56 : 48;
001F57 : 4B;
001F58 : 4B;
001F59 : 00;
001F5A : 00;
001F5B : 00;
001F5C : 00;
001F5D : 1B;
001F5E : 36;
001F5F : 27;
001F60 : 1D;
001F61 : 20;
001F62 : EA;
001F63 : 40;
001F64 : 40;
001F65 : 06;
001F66 : 40;
001F67 : 40;
001F68 : EA;
001F69 : C4;
001F6A : 68;
001F6B : 15;
001F6C : 2B;
001F6D : 00;
001F6E : 00;
001F6F : 00;
001F70 : 00;
001F71 : 00;
001F72 : 00;
001F73 : 00;
001F74 : 00;
001F75 : 00;
001F76 : 00;
001F77 : 00;
001F78 : 00;
001F79 : 00;
001F7A : 00;
001F7B : 00;
001F7C : 00;
001F7D : 00;
001F7E : 00;
001F7F : 00;
001F80 : 00;
001F81 : 00;
001F82 : 00;
001F83 : 00;
001F84 : 00;
001F85 : 00;
001F86 : 00;
001F87 : 00;
001F88 : 00;
001F89 : 00;
001F8A : 00;
001F8B : 00;
001F8C : 00;
001F8D : 00;
001F8E : 00;
001F8F : 00;
001F90 : 00;
001F91 : 00;
001F92 : 00;
001F93 : 00;
001F94 : 11;
001F95 : 2B;
001F96 : 1B;
001F97 : AF;
001F98 : 3A;
001F99 : 2C;
001F9A : 2C;
001F9B : 2C;
001F9C : 7B;
001F9D : 40;
001F9E : 40;
001F9F : 40;
001FA0 : EA;
001FA1 : EA;
001FA2 : 20;
001FA3 : 7B;
001FA4 : 3A;
001FA5 : 36;
001FA6 : 1B;
001FA7 : 4B;
001FA8 : 4B;
001FA9 : 00;
001FAA : 00;
001FAB : 00;
001FAC : 00;
001FAD : 15;
001FAE : 1B;
001FAF : 68;
001FB0 : 3A;
001FB1 : 1D;
001FB2 : 1D;
001FB3 : C4;
001FB4 : EA;
001FB5 : 40;
001FB6 : EA;
001FB7 : 20;
001FB8 : 7B;
001FB9 : 2C;
001FBA : 52;
001FBB : 2B;
001FBC : 03;
001FBD : 00;
001FBE : 00;
001FBF : 00;
001FC0 : 00;
001FC1 : 00;
001FC2 : 00;
001FC3 : 00;
001FC4 : 00;
001FC5 : 00;
001FC6 : 00;
001FC7 : 00;
001FC8 : 00;
001FC9 : 00;
001FCA : 00;
001FCB : 00;
001FCC : 00;
001FCD : 00;
001FCE : 00;
001FCF : 00;
001FD0 : 00;
001FD1 : 00;
001FD2 : 00;
001FD3 : 00;
001FD4 : 00;
001FD5 : 00;
001FD6 : 00;
001FD7 : 00;
001FD8 : 00;
001FD9 : 00;
001FDA : 00;
001FDB : 00;
001FDC : 00;
001FDD : 00;
001FDE : 00;
001FDF : 00;
001FE0 : 00;
001FE1 : 00;
001FE2 : 00;
001FE3 : 00;
001FE4 : 1B;
001FE5 : 1B;
001FE6 : 1B;
001FE7 : 36;
001FE8 : 27;
001FE9 : BA;
001FEA : BA;
001FEB : 27;
001FEC : 1D;
001FED : 20;
001FEE : 20;
001FEF : 7B;
001FF0 : 2C;
001FF1 : 1D;
001FF2 : 1D;
001FF3 : 3A;
001FF4 : 68;
001FF5 : 15;
001FF6 : 15;
001FF7 : 4B;
001FF8 : 00;
001FF9 : 00;
001FFA : 00;
001FFB : 2B;
001FFC : 3D;
001FFD : 15;
001FFE : 1B;
001FFF : AF;
002000 : 68;
002001 : C9;
002002 : 27;
002003 : 6F;
002004 : 1D;
002005 : C4;
002006 : 1D;
002007 : 3A;
002008 : 6F;
002009 : 52;
00200A : D7;
00200B : 2B;
00200C : 03;
00200D : 00;
00200E : 00;
00200F : 00;
002010 : 00;
002011 : 00;
002012 : 00;
002013 : 00;
002014 : 00;
002015 : 00;
002016 : 00;
002017 : 00;
002018 : 00;
002019 : 00;
00201A : 00;
00201B : 00;
00201C : 00;
00201D : 00;
00201E : 00;
00201F : 00;
002020 : 00;
002021 : 00;
002022 : 00;
002023 : 00;
002024 : 00;
002025 : 00;
002026 : 00;
002027 : 00;
002028 : 00;
002029 : 00;
00202A : 00;
00202B : 00;
00202C : 00;
00202D : 00;
00202E : 00;
00202F : 00;
002030 : 00;
002031 : 00;
002032 : 00;
002033 : 00;
002034 : 60;
002035 : 3C;
002036 : 36;
002037 : 3C;
002038 : 12;
002039 : C1;
00203A : 72;
00203B : 3A;
00203C : 3A;
00203D : 2C;
00203E : 1D;
00203F : 3A;
002040 : 68;
002041 : 68;
002042 : 68;
002043 : 3C;
002044 : 36;
002045 : 2B;
002046 : 2B;
002047 : 00;
002048 : 00;
002049 : 00;
00204A : 00;
00204B : 2B;
00204C : 3D;
00204D : 15;
00204E : 1B;
00204F : 36;
002050 : 27;
002051 : F6;
002052 : 57;
002053 : C9;
002054 : 3A;
002055 : 3A;
002056 : 3A;
002057 : 3A;
002058 : 27;
002059 : B3;
00205A : D7;
00205B : 1B;
00205C : 15;
00205D : 00;
00205E : 00;
00205F : 00;
002060 : 00;
002061 : 00;
002062 : 00;
002063 : 00;
002064 : 00;
002065 : 00;
002066 : 00;
002067 : 00;
002068 : 00;
002069 : 00;
00206A : 00;
00206B : 00;
00206C : 00;
00206D : 00;
00206E : 00;
00206F : 00;
002070 : 00;
002071 : 00;
002072 : 00;
002073 : 00;
002074 : 00;
002075 : 00;
002076 : 00;
002077 : 00;
002078 : 00;
002079 : 00;
00207A : 00;
00207B : 00;
00207C : 00;
00207D : 00;
00207E : 00;
00207F : 00;
002080 : 00;
002081 : 00;
002082 : 00;
002083 : 00;
002084 : 12;
002085 : 27;
002086 : 36;
002087 : C9;
002088 : 72;
002089 : 31;
00208A : 0E;
00208B : 65;
00208C : C9;
00208D : 52;
00208E : 68;
00208F : 27;
002090 : 68;
002091 : AF;
002092 : 36;
002093 : 1B;
002094 : 1B;
002095 : 2B;
002096 : 2B;
002097 : 00;
002098 : 00;
002099 : 00;
00209A : 00;
00209B : 00;
00209C : 00;
00209D : 03;
00209E : 15;
00209F : AF;
0020A0 : 12;
0020A1 : 08;
0020A2 : 1E;
0020A3 : 65;
0020A4 : BA;
0020A5 : BA;
0020A6 : F6;
0020A7 : 4F;
0020A8 : 12;
0020A9 : 52;
0020AA : AF;
0020AB : 32;
0020AC : AF;
0020AD : 00;
0020AE : D7;
0020AF : D7;
0020B0 : 00;
0020B1 : 00;
0020B2 : 00;
0020B3 : 00;
0020B4 : 00;
0020B5 : 00;
0020B6 : 00;
0020B7 : 00;
0020B8 : 00;
0020B9 : 00;
0020BA : 00;
0020BB : 00;
0020BC : 00;
0020BD : 00;
0020BE : 00;
0020BF : 00;
0020C0 : 00;
0020C1 : 00;
0020C2 : 00;
0020C3 : 00;
0020C4 : 00;
0020C5 : 00;
0020C6 : 00;
0020C7 : 00;
0020C8 : 00;
0020C9 : 00;
0020CA : 00;
0020CB : 00;
0020CC : 00;
0020CD : 00;
0020CE : 00;
0020CF : 00;
0020D0 : 00;
0020D1 : 00;
0020D2 : 00;
0020D3 : 00;
0020D4 : 48;
0020D5 : 48;
0020D6 : 1B;
0020D7 : 3C;
0020D8 : F6;
0020D9 : 08;
0020DA : 31;
0020DB : 5A;
0020DC : 65;
0020DD : 12;
0020DE : 12;
0020DF : BA;
0020E0 : C9;
0020E1 : AF;
0020E2 : 1B;
0020E3 : 1B;
0020E4 : 44;
0020E5 : 4B;
0020E6 : 00;
0020E7 : 00;
0020E8 : 00;
0020E9 : 00;
0020EA : 00;
0020EB : 00;
0020EC : 00;
0020ED : 03;
0020EE : 15;
0020EF : 36;
0020F0 : BA;
0020F1 : 5A;
0020F2 : 08;
0020F3 : 8F;
0020F4 : 72;
0020F5 : 65;
0020F6 : 65;
0020F7 : 57;
0020F8 : 09;
0020F9 : 52;
0020FA : B3;
0020FB : B3;
0020FC : D7;
0020FD : 44;
0020FE : 44;
0020FF : 44;
002100 : D7;
002101 : 00;
002102 : 00;
002103 : 00;
002104 : 00;
002105 : 00;
002106 : 00;
002107 : 00;
002108 : 00;
002109 : 00;
00210A : 00;
00210B : 00;
00210C : 00;
00210D : 00;
00210E : 00;
00210F : 00;
002110 : 00;
002111 : 00;
002112 : 00;
002113 : 00;
002114 : 00;
002115 : 00;
002116 : 00;
002117 : 00;
002118 : 00;
002119 : 00;
00211A : 00;
00211B : 00;
00211C : 00;
00211D : 00;
00211E : 00;
00211F : 00;
002120 : 00;
002121 : 00;
002122 : 00;
002123 : 00;
002124 : 4B;
002125 : 15;
002126 : 1B;
002127 : AF;
002128 : C9;
002129 : 65;
00212A : CA;
00212B : 5A;
00212C : 72;
00212D : 4F;
00212E : 4F;
00212F : E4;
002130 : BA;
002131 : 3C;
002132 : B3;
002133 : 36;
002134 : D7;
002135 : B3;
002136 : B3;
002137 : 1B;
002138 : 44;
002139 : 2B;
00213A : 00;
00213B : 4B;
00213C : 3D;
00213D : 15;
00213E : 1B;
00213F : 36;
002140 : C9;
002141 : 0B;
002142 : 90;
002143 : 10;
002144 : 10;
002145 : 72;
002146 : 4F;
002147 : BA;
002148 : 09;
002149 : 27;
00214A : 27;
00214B : 52;
00214C : B3;
00214D : B3;
00214E : B3;
00214F : B3;
002150 : D7;
002151 : 44;
002152 : 96;
002153 : 24;
002154 : 00;
002155 : 00;
002156 : 00;
002157 : 00;
002158 : 00;
002159 : 00;
00215A : 00;
00215B : 00;
00215C : 00;
00215D : 00;
00215E : 00;
00215F : 00;
002160 : 00;
002161 : 00;
002162 : 00;
002163 : 00;
002164 : 00;
002165 : 00;
002166 : 00;
002167 : 00;
002168 : 00;
002169 : 00;
00216A : 00;
00216B : 00;
00216C : 00;
00216D : 00;
00216E : 00;
00216F : 00;
002170 : 00;
002171 : 00;
002172 : 34;
002173 : 11;
002174 : 4B;
002175 : 1B;
002176 : 3C;
002177 : 27;
002178 : 3A;
002179 : 3A;
00217A : 60;
00217B : BA;
00217C : 60;
00217D : 60;
00217E : 09;
00217F : 27;
002180 : 3A;
002181 : 09;
002182 : 27;
002183 : AF;
002184 : B3;
002185 : B3;
002186 : 36;
002187 : 1B;
002188 : 44;
002189 : 44;
00218A : 00;
00218B : 1B;
00218C : 1B;
00218D : 1B;
00218E : 36;
00218F : 27;
002190 : BA;
002191 : BA;
002192 : BA;
002193 : BA;
002194 : BA;
002195 : BA;
002196 : BA;
002197 : 73;
002198 : E4;
002199 : 59;
00219A : 73;
00219B : BA;
00219C : 3A;
00219D : 27;
00219E : 52;
00219F : B3;
0021A0 : D7;
0021A1 : 44;
0021A2 : 96;
0021A3 : 11;
0021A4 : 03;
0021A5 : 00;
0021A6 : 00;
0021A7 : 00;
0021A8 : 00;
0021A9 : 00;
0021AA : 00;
0021AB : 00;
0021AC : 00;
0021AD : 00;
0021AE : 00;
0021AF : 00;
0021B0 : 00;
0021B1 : 00;
0021B2 : 00;
0021B3 : 00;
0021B4 : 00;
0021B5 : 00;
0021B6 : 00;
0021B7 : 00;
0021B8 : 00;
0021B9 : 00;
0021BA : 00;
0021BB : 00;
0021BC : 00;
0021BD : 00;
0021BE : 00;
0021BF : 00;
0021C0 : 00;
0021C1 : 00;
0021C2 : 2B;
0021C3 : 03;
0021C4 : 15;
0021C5 : 48;
0021C6 : 09;
0021C7 : E4;
0021C8 : E4;
0021C9 : BA;
0021CA : BA;
0021CB : BA;
0021CC : BA;
0021CD : BA;
0021CE : BA;
0021CF : 73;
0021D0 : 73;
0021D1 : E4;
0021D2 : 73;
0021D3 : BA;
0021D4 : BA;
0021D5 : 27;
0021D6 : AF;
0021D7 : B3;
0021D8 : 1B;
0021D9 : 44;
0021DA : 03;
0021DB : 36;
0021DC : AF;
0021DD : AF;
0021DE : 52;
0021DF : BA;
0021E0 : E4;
0021E1 : 73;
0021E2 : 73;
0021E3 : 73;
0021E4 : 73;
0021E5 : 73;
0021E6 : 73;
0021E7 : 0B;
0021E8 : 1C;
0021E9 : 1C;
0021EA : 1C;
0021EB : 0B;
0021EC : 59;
0021ED : 73;
0021EE : BA;
0021EF : 09;
0021F0 : 27;
0021F1 : B3;
0021F2 : 1B;
0021F3 : 2B;
0021F4 : 2B;
0021F5 : 00;
0021F6 : 00;
0021F7 : 00;
0021F8 : 00;
0021F9 : 00;
0021FA : 00;
0021FB : 00;
0021FC : 00;
0021FD : 00;
0021FE : 00;
0021FF : 00;
002200 : 00;
002201 : 00;
002202 : 00;
002203 : 00;
002204 : 00;
002205 : 00;
002206 : 00;
002207 : 00;
002208 : 00;
002209 : 00;
00220A : 00;
00220B : 00;
00220C : 00;
00220D : 00;
00220E : 00;
00220F : 00;
002210 : 00;
002211 : 00;
002212 : 2B;
002213 : 2B;
002214 : 1B;
002215 : AF;
002216 : BA;
002217 : 0B;
002218 : 1C;
002219 : 1C;
00221A : D9;
00221B : 0B;
00221C : 0B;
00221D : 0B;
00221E : D9;
00221F : 1C;
002220 : 1C;
002221 : 1C;
002222 : 1C;
002223 : D9;
002224 : 59;
002225 : 73;
002226 : 09;
002227 : 32;
002228 : B3;
002229 : 1B;
00222A : 44;
00222B : 36;
00222C : AF;
00222D : AF;
00222E : 27;
00222F : 73;
002230 : 1C;
002231 : 1C;
002232 : 1C;
002233 : 1C;
002234 : 1C;
002235 : 1C;
002236 : 1C;
002237 : B7;
002238 : B7;
002239 : 1C;
00223A : 1C;
00223B : 1C;
00223C : 1C;
00223D : 1C;
00223E : D9;
00223F : 59;
002240 : BA;
002241 : 27;
002242 : 36;
002243 : 15;
002244 : 2B;
002245 : 00;
002246 : 00;
002247 : 00;
002248 : 00;
002249 : 00;
00224A : 00;
00224B : 00;
00224C : 00;
00224D : 00;
00224E : 00;
00224F : 00;
002250 : 00;
002251 : 00;
002252 : 00;
002253 : 00;
002254 : 00;
002255 : 00;
002256 : 00;
002257 : 00;
002258 : 00;
002259 : 00;
00225A : 00;
00225B : 00;
00225C : 00;
00225D : 00;
00225E : 00;
00225F : 00;
002260 : 00;
002261 : 00;
002262 : 2B;
002263 : A6;
002264 : 48;
002265 : 3C;
002266 : 73;
002267 : 1C;
002268 : 1C;
002269 : 1C;
00226A : 1C;
00226B : 1C;
00226C : 1C;
00226D : 1C;
00226E : 1C;
00226F : 1C;
002270 : 1C;
002271 : 1C;
002272 : 1C;
002273 : 1C;
002274 : 1C;
002275 : D9;
002276 : 59;
002277 : BA;
002278 : 27;
002279 : AF;
00227A : 1B;
00227B : 1B;
00227C : 15;
00227D : 36;
00227E : 68;
00227F : 73;
002280 : D9;
002281 : 1C;
002282 : 1C;
002283 : 1C;
002284 : 1C;
002285 : 1C;
002286 : B7;
002287 : B7;
002288 : B7;
002289 : B7;
00228A : B7;
00228B : B7;
00228C : 1C;
00228D : 1C;
00228E : 1C;
00228F : 1C;
002290 : 59;
002291 : BA;
002292 : AF;
002293 : 15;
002294 : 2B;
002295 : 24;
002296 : 00;
002297 : 00;
002298 : 00;
002299 : 00;
00229A : 00;
00229B : 00;
00229C : 00;
00229D : 00;
00229E : 00;
00229F : 00;
0022A0 : 00;
0022A1 : 00;
0022A2 : 00;
0022A3 : 00;
0022A4 : 00;
0022A5 : 00;
0022A6 : 00;
0022A7 : 00;
0022A8 : 00;
0022A9 : 00;
0022AA : 00;
0022AB : 00;
0022AC : 00;
0022AD : 00;
0022AE : 00;
0022AF : 00;
0022B0 : 00;
0022B1 : 00;
0022B2 : 2B;
0022B3 : 2B;
0022B4 : 48;
0022B5 : 3C;
0022B6 : BA;
0022B7 : 0B;
0022B8 : D9;
0022B9 : 1C;
0022BA : 1C;
0022BB : 1C;
0022BC : 1C;
0022BD : 1C;
0022BE : 1C;
0022BF : 1C;
0022C0 : 1C;
0022C1 : 1C;
0022C2 : 1C;
0022C3 : B7;
0022C4 : B7;
0022C5 : B7;
0022C6 : 1C;
0022C7 : 59;
0022C8 : 09;
0022C9 : AF;
0022CA : 1B;
0022CB : 15;
0022CC : A6;
0022CD : 1B;
0022CE : AF;
0022CF : BA;
0022D0 : 73;
0022D1 : 59;
0022D2 : 0B;
0022D3 : D9;
0022D4 : 1C;
0022D5 : 1C;
0022D6 : 1C;
0022D7 : 1C;
0022D8 : 1C;
0022D9 : 1C;
0022DA : 1C;
0022DB : 1C;
0022DC : 1C;
0022DD : 1C;
0022DE : 1C;
0022DF : 1C;
0022E0 : 0B;
0022E1 : 73;
0022E2 : AF;
0022E3 : 15;
0022E4 : 03;
0022E5 : 24;
0022E6 : 00;
0022E7 : 00;
0022E8 : 00;
0022E9 : 00;
0022EA : 00;
0022EB : 00;
0022EC : 00;
0022ED : 00;
0022EE : 00;
0022EF : 00;
0022F0 : 00;
0022F1 : 00;
0022F2 : 00;
0022F3 : 00;
0022F4 : 00;
0022F5 : 00;
0022F6 : 00;
0022F7 : 00;
0022F8 : 00;
0022F9 : 00;
0022FA : 00;
0022FB : 00;
0022FC : 00;
0022FD : 00;
0022FE : 00;
0022FF : 00;
002300 : 00;
002301 : 00;
002302 : 2B;
002303 : 2B;
002304 : 1B;
002305 : AF;
002306 : 27;
002307 : 73;
002308 : 73;
002309 : 59;
00230A : 59;
00230B : 0B;
00230C : D9;
00230D : D9;
00230E : D9;
00230F : D9;
002310 : 1C;
002311 : 1C;
002312 : 1C;
002313 : 1C;
002314 : 1C;
002315 : 1C;
002316 : 1C;
002317 : 59;
002318 : BA;
002319 : AF;
00231A : 1B;
00231B : 2B;
00231C : 94;
00231D : 15;
00231E : 1B;
00231F : AF;
002320 : 27;
002321 : 9B;
002322 : BA;
002323 : 73;
002324 : 59;
002325 : 59;
002326 : D9;
002327 : D9;
002328 : D9;
002329 : D9;
00232A : D9;
00232B : D9;
00232C : D9;
00232D : D9;
00232E : 0B;
00232F : 59;
002330 : E4;
002331 : BA;
002332 : B3;
002333 : 15;
002334 : 94;
002335 : 24;
002336 : 00;
002337 : 00;
002338 : 00;
002339 : 00;
00233A : 00;
00233B : 00;
00233C : 00;
00233D : 00;
00233E : 00;
00233F : 00;
002340 : 00;
002341 : 00;
002342 : 00;
002343 : 00;
002344 : 00;
002345 : 00;
002346 : 00;
002347 : 00;
002348 : 00;
002349 : 00;
00234A : 00;
00234B : 00;
00234C : 00;
00234D : 00;
00234E : 00;
00234F : 00;
002350 : 00;
002351 : 00;
002352 : 2B;
002353 : 2B;
002354 : 1B;
002355 : 1B;
002356 : AF;
002357 : 27;
002358 : 27;
002359 : 27;
00235A : 9B;
00235B : 9B;
00235C : 09;
00235D : 09;
00235E : BA;
00235F : BA;
002360 : BA;
002361 : 73;
002362 : 73;
002363 : 73;
002364 : 73;
002365 : 73;
002366 : 73;
002367 : BA;
002368 : 27;
002369 : 48;
00236A : 4B;
00236B : 34;
00236C : 99;
00236D : 15;
00236E : 44;
00236F : 1B;
002370 : B3;
002371 : AF;
002372 : 27;
002373 : BA;
002374 : 73;
002375 : 59;
002376 : 59;
002377 : 59;
002378 : 59;
002379 : 59;
00237A : 59;
00237B : 59;
00237C : 59;
00237D : 59;
00237E : 59;
00237F : 59;
002380 : BA;
002381 : 27;
002382 : 1B;
002383 : 2B;
002384 : 11;
002385 : 24;
002386 : 00;
002387 : 00;
002388 : 00;
002389 : 00;
00238A : 00;
00238B : 00;
00238C : 00;
00238D : 00;
00238E : 00;
00238F : 00;
002390 : 00;
002391 : 00;
002392 : 00;
002393 : 00;
002394 : 00;
002395 : 00;
002396 : 00;
002397 : 00;
002398 : 00;
002399 : 00;
00239A : 00;
00239B : 00;
00239C : 00;
00239D : 00;
00239E : 00;
00239F : 00;
0023A0 : 00;
0023A1 : 00;
0023A2 : 2B;
0023A3 : 2B;
0023A4 : 13;
0023A5 : 44;
0023A6 : 1B;
0023A7 : 1B;
0023A8 : B3;
0023A9 : B3;
0023AA : B3;
0023AB : B3;
0023AC : B3;
0023AD : B3;
0023AE : AF;
0023AF : AF;
0023B0 : 32;
0023B1 : 27;
0023B2 : 27;
0023B3 : 27;
0023B4 : 27;
0023B5 : 27;
0023B6 : 27;
0023B7 : 32;
0023B8 : AF;
0023B9 : 1B;
0023BA : 2B;
0023BB : 34;
0023BC : 00;
0023BD : 03;
0023BE : 03;
0023BF : 03;
0023C0 : 11;
0023C1 : 11;
0023C2 : 24;
0023C3 : 24;
0023C4 : 24;
0023C5 : 24;
0023C6 : A2;
0023C7 : 11;
0023C8 : 3D;
0023C9 : 3D;
0023CA : 3D;
0023CB : 3D;
0023CC : 3D;
0023CD : 3D;
0023CE : A2;
0023CF : 24;
0023D0 : 24;
0023D1 : 11;
0023D2 : 11;
0023D3 : 11;
0023D4 : 11;
0023D5 : 24;
0023D6 : 00;
0023D7 : 00;
0023D8 : 00;
0023D9 : 00;
0023DA : 00;
0023DB : 00;
0023DC : 00;
0023DD : 00;
0023DE : 00;
0023DF : 00;
0023E0 : 00;
0023E1 : 00;
0023E2 : 00;
0023E3 : 00;
0023E4 : 00;
0023E5 : 00;
0023E6 : 00;
0023E7 : 00;
0023E8 : 00;
0023E9 : 00;
0023EA : 00;
0023EB : 00;
0023EC : 00;
0023ED : 00;
0023EE : 00;
0023EF : 00;
0023F0 : 00;
0023F1 : 00;
0023F2 : 00;
0023F3 : 2B;
0023F4 : 13;
0023F5 : 44;
0023F6 : 1B;
0023F7 : 1B;
0023F8 : 1B;
0023F9 : 1B;
0023FA : 1B;
0023FB : 1B;
0023FC : 1B;
0023FD : 44;
0023FE : 44;
0023FF : 1B;
002400 : 36;
002401 : 1B;
002402 : 1B;
002403 : D7;
002404 : 1B;
002405 : 1B;
002406 : 1B;
002407 : 1B;
002408 : 1B;
002409 : 13;
00240A : 2B;
00240B : 3D;
00240C : 00;
00240D : 03;
00240E : 03;
00240F : 03;
002410 : 03;
002411 : 11;
002412 : A2;
002413 : 24;
002414 : 3D;
002415 : 81;
002416 : 6A;
002417 : 6A;
002418 : 6A;
002419 : 6A;
00241A : 6A;
00241B : 6A;
00241C : 6A;
00241D : 6A;
00241E : 6A;
00241F : 13;
002420 : 03;
002421 : 3D;
002422 : 11;
002423 : 11;
002424 : 11;
002425 : 00;
002426 : 00;
002427 : 00;
002428 : 00;
002429 : 00;
00242A : 00;
00242B : 00;
00242C : 00;
00242D : 00;
00242E : 00;
00242F : 00;
002430 : 00;
002431 : 00;
002432 : 00;
002433 : 00;
002434 : 00;
002435 : 00;
002436 : 00;
002437 : 00;
002438 : 00;
002439 : 00;
00243A : 00;
00243B : 00;
00243C : 00;
00243D : 00;
00243E : 00;
00243F : 00;
002440 : 00;
002441 : 00;
002442 : 00;
002443 : 00;
002444 : 00;
002445 : 00;
002446 : 00;
002447 : 00;
002448 : AE;
002449 : 03;
00244A : 96;
00244B : 44;
00244C : 2B;
00244D : 03;
00244E : 94;
00244F : 2B;
002450 : 44;
002451 : 15;
002452 : 15;
002453 : 15;
002454 : 96;
002455 : 2B;
002456 : 2B;
002457 : 2B;
002458 : 2B;
002459 : 2B;
00245A : 3D;
00245B : 00;
00245C : 00;
00245D : 00;
00245E : 00;
00245F : 00;
002460 : 00;
002461 : 00;
002462 : 00;
002463 : 00;
002464 : 00;
002465 : 00;
002466 : 00;
002467 : 00;
002468 : 00;
002469 : 00;
00246A : 00;
00246B : 00;
00246C : 00;
00246D : 00;
00246E : 00;
00246F : 00;
002470 : 00;
002471 : 00;
002472 : 00;
002473 : 00;
002474 : 00;
002475 : 00;
002476 : 00;
002477 : 00;
002478 : 00;
002479 : 00;
00247A : 00;
00247B : 00;
00247C : 00;
00247D : 00;
00247E : 00;
00247F : 00;
002480 : 00;
002481 : 00;
002482 : 00;
002483 : 00;
002484 : 00;
002485 : 00;
002486 : 00;
002487 : 00;
002488 : 00;
002489 : 00;
00248A : 00;
00248B : 00;
00248C : 00;
00248D : 00;
00248E : 00;
00248F : 00;
002490 : 00;
002491 : 00;
002492 : 00;
002493 : 00;
002494 : 00;
002495 : 00;
002496 : 00;
002497 : 00;
002498 : 00;
002499 : 00;
00249A : 00;
00249B : 00;
00249C : 00;
00249D : 00;
00249E : 00;
00249F : 00;
0024A0 : 00;
0024A1 : 00;
0024A2 : 00;
0024A3 : 00;
0024A4 : 00;
0024A5 : 00;
0024A6 : 00;
0024A7 : 00;
0024A8 : 00;
0024A9 : 00;
0024AA : 00;
0024AB : 00;
0024AC : 00;
0024AD : 00;
0024AE : 00;
0024AF : 00;
0024B0 : 00;
0024B1 : 00;
0024B2 : 00;
0024B3 : 00;
0024B4 : 00;
0024B5 : 00;
0024B6 : 00;
0024B7 : 00;
0024B8 : 00;
0024B9 : 00;
0024BA : 00;
0024BB : 00;
0024BC : 00;
0024BD : 00;
0024BE : 00;
0024BF : 00;
0024C0 : 00;
0024C1 : 00;
0024C2 : 00;
0024C3 : 00;
0024C4 : 00;
0024C5 : 00;
0024C6 : 00;
0024C7 : 00;
0024C8 : 00;
0024C9 : 00;
0024CA : 00;
0024CB : 00;
0024CC : 00;
0024CD : 00;
0024CE : 00;
0024CF : 00;
0024D0 : 00;
0024D1 : 00;
0024D2 : 00;
0024D3 : 00;
0024D4 : 00;
0024D5 : 00;
0024D6 : 00;
0024D7 : 00;
0024D8 : 00;
0024D9 : 00;
0024DA : 00;
0024DB : 00;
0024DC : 00;
0024DD : 00;
0024DE : 00;
0024DF : 00;
END;
