WIDTH=8;
DEPTH=15198;
ADDRESS_RADIX=HEX;
DATA_RADIX=HEX;

CONTENT BEGIN
000000 : 00;
000001 : 00;
000002 : 00;
000003 : 00;
000004 : 00;
000005 : 00;
000006 : 00;
000007 : 00;
000008 : 00;
000009 : 00;
00000A : 00;
00000B : 00;
00000C : 00;
00000D : 00;
00000E : 00;
00000F : 00;
000010 : 00;
000011 : 00;
000012 : 00;
000013 : 00;
000014 : 00;
000015 : 00;
000016 : 00;
000017 : 00;
000018 : 00;
000019 : 00;
00001A : 00;
00001B : 00;
00001C : 00;
00001D : 00;
00001E : 00;
00001F : 00;
000020 : 00;
000021 : 00;
000022 : 00;
000023 : 00;
000024 : 00;
000025 : 00;
000026 : 00;
000027 : 00;
000028 : 00;
000029 : 00;
00002A : 00;
00002B : 00;
00002C : 00;
00002D : 00;
00002E : 00;
00002F : 00;
000030 : 00;
000031 : 00;
000032 : 00;
000033 : 00;
000034 : 00;
000035 : 00;
000036 : 00;
000037 : 00;
000038 : 00;
000039 : 00;
00003A : 00;
00003B : 4D;
00003C : 8E;
00003D : B0;
00003E : EB;
00003F : 94;
000040 : 03;
000041 : 82;
000042 : 03;
000043 : 03;
000044 : 75;
000045 : 75;
000046 : 03;
000047 : 94;
000048 : DA;
000049 : 22;
00004A : 22;
00004B : 94;
00004C : FB;
00004D : A6;
00004E : 82;
00004F : FB;
000050 : 00;
000051 : 00;
000052 : 00;
000053 : 00;
000054 : 00;
000055 : 00;
000056 : 00;
000057 : 00;
000058 : 00;
000059 : 00;
00005A : 00;
00005B : 00;
00005C : 00;
00005D : 00;
00005E : 00;
00005F : 00;
000060 : 00;
000061 : 00;
000062 : 00;
000063 : 00;
000064 : 00;
000065 : 00;
000066 : 00;
000067 : 00;
000068 : 00;
000069 : 00;
00006A : 00;
00006B : 00;
00006C : 00;
00006D : 00;
00006E : 00;
00006F : 00;
000070 : 00;
000071 : 00;
000072 : 00;
000073 : 00;
000074 : 00;
000075 : 00;
000076 : 00;
000077 : 00;
000078 : 00;
000079 : 00;
00007A : 00;
00007B : 00;
00007C : 00;
00007D : 00;
00007E : 00;
00007F : 00;
000080 : 00;
000081 : 00;
000082 : 00;
000083 : 00;
000084 : 00;
000085 : 00;
000086 : 00;
000087 : 00;
000088 : 00;
000089 : 00;
00008A : 00;
00008B : 00;
00008C : 00;
00008D : 00;
00008E : 00;
00008F : 00;
000090 : 00;
000091 : 00;
000092 : 00;
000093 : 00;
000094 : 00;
000095 : 00;
000096 : 00;
000097 : 00;
000098 : 00;
000099 : 00;
00009A : 00;
00009B : 00;
00009C : 00;
00009D : 00;
00009E : 00;
00009F : 81;
0000A0 : 03;
0000A1 : 4D;
0000A2 : 4D;
0000A3 : 4D;
0000A4 : 4D;
0000A5 : E2;
0000A6 : 07;
0000A7 : A8;
0000A8 : 4F;
0000A9 : F9;
0000AA : 10;
0000AB : 10;
0000AC : 10;
0000AD : 10;
0000AE : 21;
0000AF : 57;
0000B0 : 27;
0000B1 : 1B;
0000B2 : E0;
0000B3 : F8;
0000B4 : E0;
0000B5 : E0;
0000B6 : E0;
0000B7 : E0;
0000B8 : 00;
0000B9 : 00;
0000BA : 00;
0000BB : 00;
0000BC : 00;
0000BD : 00;
0000BE : 00;
0000BF : 00;
0000C0 : 00;
0000C1 : 00;
0000C2 : 00;
0000C3 : 00;
0000C4 : 00;
0000C5 : 00;
0000C6 : 00;
0000C7 : 00;
0000C8 : 00;
0000C9 : 00;
0000CA : 00;
0000CB : 00;
0000CC : 00;
0000CD : 00;
0000CE : 00;
0000CF : 00;
0000D0 : 00;
0000D1 : 00;
0000D2 : 00;
0000D3 : 00;
0000D4 : 00;
0000D5 : 00;
0000D6 : 00;
0000D7 : 00;
0000D8 : 00;
0000D9 : 00;
0000DA : 00;
0000DB : 00;
0000DC : 00;
0000DD : 00;
0000DE : 00;
0000DF : 00;
0000E0 : 00;
0000E1 : 00;
0000E2 : 00;
0000E3 : 00;
0000E4 : 00;
0000E5 : 00;
0000E6 : 00;
0000E7 : 00;
0000E8 : 00;
0000E9 : 00;
0000EA : 00;
0000EB : 00;
0000EC : 00;
0000ED : 00;
0000EE : 00;
0000EF : 00;
0000F0 : 00;
0000F1 : 00;
0000F2 : 00;
0000F3 : 00;
0000F4 : 00;
0000F5 : 00;
0000F6 : 00;
0000F7 : 00;
0000F8 : 00;
0000F9 : 00;
0000FA : 00;
0000FB : 00;
0000FC : 00;
0000FD : 00;
0000FE : 00;
0000FF : 00;
000100 : 00;
000101 : 00;
000102 : 00;
000103 : 00;
000104 : 94;
000105 : 03;
000106 : 4D;
000107 : 4D;
000108 : 8D;
000109 : C9;
00010A : 72;
00010B : 47;
00010C : B2;
00010D : C8;
00010E : 23;
00010F : 7A;
000110 : 19;
000111 : 19;
000112 : 19;
000113 : 19;
000114 : 7A;
000115 : 23;
000116 : F5;
000117 : 25;
000118 : 1E;
000119 : 12;
00011A : 36;
00011B : FD;
00011C : FD;
00011D : E0;
00011E : 94;
00011F : FB;
000120 : 00;
000121 : 00;
000122 : 00;
000123 : 00;
000124 : 00;
000125 : 00;
000126 : 00;
000127 : 00;
000128 : 00;
000129 : 00;
00012A : 00;
00012B : 00;
00012C : 00;
00012D : 00;
00012E : 00;
00012F : 00;
000130 : 00;
000131 : 00;
000132 : 00;
000133 : 00;
000134 : 00;
000135 : 00;
000136 : 00;
000137 : 00;
000138 : 00;
000139 : 00;
00013A : 00;
00013B : 00;
00013C : 00;
00013D : 00;
00013E : 00;
00013F : 00;
000140 : 00;
000141 : 00;
000142 : 00;
000143 : 00;
000144 : 00;
000145 : 00;
000146 : 00;
000147 : 00;
000148 : 00;
000149 : 00;
00014A : 00;
00014B : 00;
00014C : 00;
00014D : 00;
00014E : 00;
00014F : 00;
000150 : 00;
000151 : 00;
000152 : 00;
000153 : 00;
000154 : 00;
000155 : 00;
000156 : 00;
000157 : 00;
000158 : 00;
000159 : 00;
00015A : 00;
00015B : 00;
00015C : 00;
00015D : 00;
00015E : 00;
00015F : 00;
000160 : 00;
000161 : 00;
000162 : 00;
000163 : 00;
000164 : 00;
000165 : 00;
000166 : 00;
000167 : 00;
000168 : 94;
000169 : 3D;
00016A : 2B;
00016B : 2B;
00016C : ED;
00016D : 57;
00016E : DF;
00016F : 2F;
000170 : 64;
000171 : A7;
000172 : 7A;
000173 : 23;
000174 : 23;
000175 : 23;
000176 : 23;
000177 : 23;
000178 : 23;
000179 : 23;
00017A : 23;
00017B : 23;
00017C : 23;
00017D : 43;
00017E : 7A;
00017F : C6;
000180 : 25;
000181 : 90;
000182 : 68;
000183 : CC;
000184 : E0;
000185 : E0;
000186 : 94;
000187 : 75;
000188 : 00;
000189 : 00;
00018A : 00;
00018B : 00;
00018C : 00;
00018D : 00;
00018E : 00;
00018F : 00;
000190 : 00;
000191 : 00;
000192 : 00;
000193 : 00;
000194 : 00;
000195 : 00;
000196 : 00;
000197 : 00;
000198 : 00;
000199 : 00;
00019A : 00;
00019B : 00;
00019C : 00;
00019D : 00;
00019E : 00;
00019F : 00;
0001A0 : 00;
0001A1 : 00;
0001A2 : 00;
0001A3 : 00;
0001A4 : 00;
0001A5 : 00;
0001A6 : 00;
0001A7 : 00;
0001A8 : 00;
0001A9 : 00;
0001AA : 00;
0001AB : 00;
0001AC : 00;
0001AD : 00;
0001AE : 00;
0001AF : 00;
0001B0 : 00;
0001B1 : 00;
0001B2 : 00;
0001B3 : 00;
0001B4 : 00;
0001B5 : 00;
0001B6 : 00;
0001B7 : 00;
0001B8 : 00;
0001B9 : 00;
0001BA : 00;
0001BB : 00;
0001BC : 00;
0001BD : 00;
0001BE : 00;
0001BF : 00;
0001C0 : 00;
0001C1 : 00;
0001C2 : 00;
0001C3 : 00;
0001C4 : 00;
0001C5 : 00;
0001C6 : 00;
0001C7 : 00;
0001C8 : 00;
0001C9 : 00;
0001CA : 00;
0001CB : 00;
0001CC : 00;
0001CD : 75;
0001CE : 75;
0001CF : 2B;
0001D0 : BC;
0001D1 : C9;
0001D2 : AA;
0001D3 : 4A;
0001D4 : A7;
0001D5 : 98;
0001D6 : 98;
0001D7 : 98;
0001D8 : 79;
0001D9 : 79;
0001DA : 23;
0001DB : 23;
0001DC : 23;
0001DD : 23;
0001DE : 23;
0001DF : 23;
0001E0 : 23;
0001E1 : 79;
0001E2 : 79;
0001E3 : 79;
0001E4 : 79;
0001E5 : 23;
0001E6 : 7A;
0001E7 : 19;
0001E8 : 91;
0001E9 : 1E;
0001EA : 6F;
0001EB : 15;
0001EC : 03;
0001ED : 03;
0001EE : 94;
0001EF : A2;
0001F0 : 00;
0001F1 : 00;
0001F2 : 00;
0001F3 : 00;
0001F4 : 00;
0001F5 : 00;
0001F6 : 00;
0001F7 : 00;
0001F8 : 00;
0001F9 : 00;
0001FA : 00;
0001FB : 00;
0001FC : 00;
0001FD : 00;
0001FE : 00;
0001FF : 00;
000200 : 00;
000201 : 00;
000202 : 00;
000203 : 00;
000204 : 00;
000205 : 00;
000206 : 00;
000207 : 00;
000208 : 00;
000209 : 00;
00020A : 00;
00020B : 00;
00020C : 00;
00020D : 00;
00020E : 00;
00020F : 00;
000210 : 00;
000211 : 00;
000212 : 00;
000213 : 00;
000214 : 00;
000215 : 00;
000216 : 00;
000217 : 00;
000218 : 00;
000219 : 00;
00021A : 00;
00021B : 00;
00021C : 00;
00021D : 00;
00021E : 00;
00021F : 00;
000220 : 00;
000221 : 00;
000222 : 00;
000223 : 00;
000224 : 00;
000225 : 00;
000226 : 00;
000227 : 00;
000228 : 00;
000229 : 00;
00022A : 00;
00022B : 00;
00022C : 00;
00022D : 00;
00022E : 00;
00022F : 00;
000230 : 00;
000231 : 00;
000232 : 3D;
000233 : 75;
000234 : E2;
000235 : 8E;
000236 : 65;
000237 : 46;
000238 : A7;
000239 : 98;
00023A : 98;
00023B : 98;
00023C : 98;
00023D : 98;
00023E : 23;
00023F : 23;
000240 : 23;
000241 : 23;
000242 : 23;
000243 : 23;
000244 : 23;
000245 : 23;
000246 : 23;
000247 : 23;
000248 : 23;
000249 : 23;
00024A : 23;
00024B : 23;
00024C : 79;
00024D : 79;
00024E : 7A;
00024F : 19;
000250 : 91;
000251 : 10;
000252 : 07;
000253 : 82;
000254 : 94;
000255 : 66;
000256 : 24;
000257 : 00;
000258 : 00;
000259 : 00;
00025A : 00;
00025B : 00;
00025C : 00;
00025D : 00;
00025E : 00;
00025F : 00;
000260 : 00;
000261 : 00;
000262 : 00;
000263 : 00;
000264 : 00;
000265 : 00;
000266 : 00;
000267 : 00;
000268 : 00;
000269 : 00;
00026A : 00;
00026B : 00;
00026C : 00;
00026D : 00;
00026E : 00;
00026F : 00;
000270 : 00;
000271 : 00;
000272 : 00;
000273 : 00;
000274 : 00;
000275 : 00;
000276 : 00;
000277 : 00;
000278 : 00;
000279 : 00;
00027A : 00;
00027B : 00;
00027C : 00;
00027D : 00;
00027E : 00;
00027F : 00;
000280 : 00;
000281 : 00;
000282 : 00;
000283 : 00;
000284 : 00;
000285 : 00;
000286 : 00;
000287 : 00;
000288 : 00;
000289 : 00;
00028A : 00;
00028B : 00;
00028C : 00;
00028D : 00;
00028E : 00;
00028F : 00;
000290 : 00;
000291 : 00;
000292 : 00;
000293 : 00;
000294 : 00;
000295 : 00;
000296 : 00;
000297 : 3D;
000298 : F4;
000299 : E2;
00029A : 07;
00029B : 5A;
00029C : 98;
00029D : A7;
00029E : 98;
00029F : 98;
0002A0 : 98;
0002A1 : 98;
0002A2 : 98;
0002A3 : 02;
0002A4 : 79;
0002A5 : 23;
0002A6 : 23;
0002A7 : 23;
0002A8 : 23;
0002A9 : 23;
0002AA : 23;
0002AB : 23;
0002AC : 23;
0002AD : 23;
0002AE : 23;
0002AF : 23;
0002B0 : 23;
0002B1 : 23;
0002B2 : 23;
0002B3 : 23;
0002B4 : 23;
0002B5 : C6;
0002B6 : 7A;
0002B7 : 19;
0002B8 : D8;
0002B9 : A8;
0002BA : 4D;
0002BB : 94;
0002BC : 66;
0002BD : 22;
0002BE : 00;
0002BF : 00;
0002C0 : 00;
0002C1 : 00;
0002C2 : 00;
0002C3 : 00;
0002C4 : 00;
0002C5 : 00;
0002C6 : 00;
0002C7 : 00;
0002C8 : 00;
0002C9 : 00;
0002CA : 00;
0002CB : 00;
0002CC : 00;
0002CD : 00;
0002CE : 00;
0002CF : 00;
0002D0 : 00;
0002D1 : 00;
0002D2 : 00;
0002D3 : 00;
0002D4 : 00;
0002D5 : 00;
0002D6 : 00;
0002D7 : 00;
0002D8 : 00;
0002D9 : 00;
0002DA : 00;
0002DB : 00;
0002DC : 00;
0002DD : 00;
0002DE : 00;
0002DF : 00;
0002E0 : 00;
0002E1 : 00;
0002E2 : 00;
0002E3 : 00;
0002E4 : 00;
0002E5 : 00;
0002E6 : 00;
0002E7 : 00;
0002E8 : 00;
0002E9 : 00;
0002EA : 00;
0002EB : 00;
0002EC : 00;
0002ED : 00;
0002EE : 00;
0002EF : 00;
0002F0 : 00;
0002F1 : 00;
0002F2 : 00;
0002F3 : 00;
0002F4 : 00;
0002F5 : 00;
0002F6 : 00;
0002F7 : 00;
0002F8 : 00;
0002F9 : 00;
0002FA : 00;
0002FB : 00;
0002FC : DA;
0002FD : 3D;
0002FE : E2;
0002FF : F3;
000300 : 08;
000301 : A7;
000302 : 64;
000303 : 98;
000304 : 98;
000305 : 98;
000306 : 98;
000307 : 2F;
000308 : 25;
000309 : 31;
00030A : 31;
00030B : B9;
00030C : F5;
00030D : 23;
00030E : 23;
00030F : 23;
000310 : 23;
000311 : 23;
000312 : 23;
000313 : 23;
000314 : 23;
000315 : 23;
000316 : 23;
000317 : 23;
000318 : 23;
000319 : 23;
00031A : 23;
00031B : 23;
00031C : 23;
00031D : 79;
00031E : 7A;
00031F : 91;
000320 : 65;
000321 : AD;
000322 : FD;
000323 : 22;
000324 : 22;
000325 : 00;
000326 : 00;
000327 : 00;
000328 : 00;
000329 : 00;
00032A : 00;
00032B : 00;
00032C : 00;
00032D : 00;
00032E : 00;
00032F : 00;
000330 : 00;
000331 : 00;
000332 : 00;
000333 : 00;
000334 : 00;
000335 : 00;
000336 : 00;
000337 : 00;
000338 : 00;
000339 : 00;
00033A : 00;
00033B : 00;
00033C : 00;
00033D : 00;
00033E : 00;
00033F : 00;
000340 : 00;
000341 : 00;
000342 : 00;
000343 : 00;
000344 : 00;
000345 : 00;
000346 : 00;
000347 : 00;
000348 : 00;
000349 : 00;
00034A : 00;
00034B : 00;
00034C : 00;
00034D : 00;
00034E : 00;
00034F : 00;
000350 : 00;
000351 : 00;
000352 : 00;
000353 : 00;
000354 : 00;
000355 : 00;
000356 : 00;
000357 : 00;
000358 : 00;
000359 : 00;
00035A : 00;
00035B : 00;
00035C : 00;
00035D : 00;
00035E : 00;
00035F : 00;
000360 : 00;
000361 : BF;
000362 : BF;
000363 : 2B;
000364 : 07;
000365 : 08;
000366 : A7;
000367 : 98;
000368 : 79;
000369 : 79;
00036A : 79;
00036B : DC;
00036C : 91;
00036D : DF;
00036E : 63;
00036F : 63;
000370 : 63;
000371 : D6;
000372 : DF;
000373 : F5;
000374 : 23;
000375 : 23;
000376 : 23;
000377 : 23;
000378 : 23;
000379 : 23;
00037A : 23;
00037B : 23;
00037C : 23;
00037D : 23;
00037E : 23;
00037F : 23;
000380 : 23;
000381 : 23;
000382 : 23;
000383 : 23;
000384 : 79;
000385 : 23;
000386 : C8;
000387 : 90;
000388 : F7;
000389 : FD;
00038A : 22;
00038B : A2;
00038C : 00;
00038D : 00;
00038E : 00;
00038F : 00;
000390 : 00;
000391 : 00;
000392 : 00;
000393 : 00;
000394 : 00;
000395 : 00;
000396 : 00;
000397 : 00;
000398 : 00;
000399 : 00;
00039A : 00;
00039B : 00;
00039C : 00;
00039D : 00;
00039E : 00;
00039F : 00;
0003A0 : 00;
0003A1 : 00;
0003A2 : 00;
0003A3 : 00;
0003A4 : 00;
0003A5 : 00;
0003A6 : 00;
0003A7 : 00;
0003A8 : 00;
0003A9 : 00;
0003AA : 00;
0003AB : 00;
0003AC : 00;
0003AD : 00;
0003AE : 00;
0003AF : 00;
0003B0 : 00;
0003B1 : 00;
0003B2 : 00;
0003B3 : 00;
0003B4 : 00;
0003B5 : 00;
0003B6 : 00;
0003B7 : 00;
0003B8 : 00;
0003B9 : 00;
0003BA : 00;
0003BB : 00;
0003BC : 00;
0003BD : 00;
0003BE : 00;
0003BF : 00;
0003C0 : 00;
0003C1 : 00;
0003C2 : 00;
0003C3 : 00;
0003C4 : 00;
0003C5 : 00;
0003C6 : 00;
0003C7 : BF;
0003C8 : A6;
0003C9 : ED;
0003CA : 5A;
0003CB : A7;
0003CC : 98;
0003CD : 79;
0003CE : 23;
0003CF : 23;
0003D0 : 79;
0003D1 : C8;
0003D2 : 9C;
0003D3 : 63;
0003D4 : 63;
0003D5 : 63;
0003D6 : 63;
0003D7 : 63;
0003D8 : D6;
0003D9 : 25;
0003DA : 23;
0003DB : 23;
0003DC : 23;
0003DD : 23;
0003DE : 23;
0003DF : 23;
0003E0 : 23;
0003E1 : 23;
0003E2 : 23;
0003E3 : 23;
0003E4 : 23;
0003E5 : 23;
0003E6 : 23;
0003E7 : 23;
0003E8 : 23;
0003E9 : 23;
0003EA : 23;
0003EB : 79;
0003EC : 23;
0003ED : 79;
0003EE : 90;
0003EF : F7;
0003F0 : 82;
0003F1 : BF;
0003F2 : 34;
0003F3 : 00;
0003F4 : 00;
0003F5 : 00;
0003F6 : 00;
0003F7 : 00;
0003F8 : 00;
0003F9 : 00;
0003FA : 00;
0003FB : 00;
0003FC : 00;
0003FD : 00;
0003FE : 00;
0003FF : 00;
000400 : 00;
000401 : 00;
000402 : 00;
000403 : 00;
000404 : 00;
000405 : 00;
000406 : 00;
000407 : 00;
000408 : 00;
000409 : 00;
00040A : 00;
00040B : 00;
00040C : 00;
00040D : 00;
00040E : 00;
00040F : 00;
000410 : 00;
000411 : 00;
000412 : 00;
000413 : 00;
000414 : 00;
000415 : 00;
000416 : 00;
000417 : 00;
000418 : 00;
000419 : 00;
00041A : 00;
00041B : 00;
00041C : 00;
00041D : 00;
00041E : 00;
00041F : 00;
000420 : 00;
000421 : 00;
000422 : 00;
000423 : 00;
000424 : 00;
000425 : 00;
000426 : 00;
000427 : 82;
000428 : FB;
000429 : BF;
00042A : FB;
00042B : 75;
00042C : 94;
00042D : 94;
00042E : 4D;
00042F : 72;
000430 : 98;
000431 : 98;
000432 : 98;
000433 : 79;
000434 : 23;
000435 : 79;
000436 : 23;
000437 : 0D;
000438 : 08;
000439 : 63;
00043A : 63;
00043B : 63;
00043C : 63;
00043D : 63;
00043E : D6;
00043F : D8;
000440 : C6;
000441 : 23;
000442 : 23;
000443 : 23;
000444 : 23;
000445 : 23;
000446 : 23;
000447 : 23;
000448 : 23;
000449 : 43;
00044A : 23;
00044B : 23;
00044C : 23;
00044D : 23;
00044E : 23;
00044F : 23;
000450 : 79;
000451 : 79;
000452 : 02;
000453 : 23;
000454 : 02;
000455 : C1;
000456 : AD;
000457 : E0;
000458 : A6;
000459 : 00;
00045A : 00;
00045B : 00;
00045C : 00;
00045D : 00;
00045E : 00;
00045F : 00;
000460 : 00;
000461 : 00;
000462 : 00;
000463 : 00;
000464 : 00;
000465 : 00;
000466 : 00;
000467 : 00;
000468 : 00;
000469 : 00;
00046A : 00;
00046B : 00;
00046C : 00;
00046D : 00;
00046E : 00;
00046F : 00;
000470 : 00;
000471 : 00;
000472 : 00;
000473 : 00;
000474 : 00;
000475 : 00;
000476 : 00;
000477 : 00;
000478 : 00;
000479 : 00;
00047A : 00;
00047B : 00;
00047C : 00;
00047D : 00;
00047E : 00;
00047F : 00;
000480 : 00;
000481 : 00;
000482 : 00;
000483 : 00;
000484 : 00;
000485 : 00;
000486 : 00;
000487 : 00;
000488 : 00;
000489 : 00;
00048A : 00;
00048B : 75;
00048C : 03;
00048D : 03;
00048E : E0;
00048F : E0;
000490 : E0;
000491 : 82;
000492 : 2B;
000493 : 2B;
000494 : 9F;
000495 : E8;
000496 : A7;
000497 : 98;
000498 : 98;
000499 : 98;
00049A : 79;
00049B : 79;
00049C : 79;
00049D : 91;
00049E : DF;
00049F : 63;
0004A0 : 63;
0004A1 : 63;
0004A2 : 63;
0004A3 : 63;
0004A4 : 63;
0004A5 : 25;
0004A6 : C6;
0004A7 : 23;
0004A8 : 23;
0004A9 : 23;
0004AA : 23;
0004AB : 23;
0004AC : 23;
0004AD : 23;
0004AE : 23;
0004AF : 23;
0004B0 : 23;
0004B1 : 23;
0004B2 : 23;
0004B3 : 23;
0004B4 : 23;
0004B5 : 23;
0004B6 : 23;
0004B7 : 79;
0004B8 : 79;
0004B9 : 79;
0004BA : 23;
0004BB : 2F;
0004BC : 12;
0004BD : CC;
0004BE : E0;
0004BF : BF;
0004C0 : 00;
0004C1 : 00;
0004C2 : 00;
0004C3 : 00;
0004C4 : 00;
0004C5 : 00;
0004C6 : 00;
0004C7 : 00;
0004C8 : 00;
0004C9 : 00;
0004CA : 00;
0004CB : 00;
0004CC : 00;
0004CD : 00;
0004CE : 00;
0004CF : 00;
0004D0 : 00;
0004D1 : 00;
0004D2 : 00;
0004D3 : 00;
0004D4 : 00;
0004D5 : 00;
0004D6 : 00;
0004D7 : 00;
0004D8 : 00;
0004D9 : 00;
0004DA : 00;
0004DB : 00;
0004DC : 00;
0004DD : 00;
0004DE : 00;
0004DF : 00;
0004E0 : 00;
0004E1 : 00;
0004E2 : 00;
0004E3 : 00;
0004E4 : 00;
0004E5 : 00;
0004E6 : 00;
0004E7 : 00;
0004E8 : 00;
0004E9 : 00;
0004EA : 00;
0004EB : 00;
0004EC : 00;
0004ED : 00;
0004EE : 00;
0004EF : 00;
0004F0 : 11;
0004F1 : 34;
0004F2 : 82;
0004F3 : 4B;
0004F4 : 1B;
0004F5 : 07;
0004F6 : 07;
0004F7 : 1B;
0004F8 : 15;
0004F9 : E2;
0004FA : 9F;
0004FB : B1;
0004FC : 64;
0004FD : 98;
0004FE : 98;
0004FF : 23;
000500 : 23;
000501 : 79;
000502 : 79;
000503 : 79;
000504 : 0D;
000505 : 9C;
000506 : DF;
000507 : 08;
000508 : 63;
000509 : 08;
00050A : D8;
00050B : 86;
00050C : C6;
00050D : 23;
00050E : 64;
00050F : 64;
000510 : DC;
000511 : DC;
000512 : 23;
000513 : 23;
000514 : 23;
000515 : 23;
000516 : 23;
000517 : 23;
000518 : 23;
000519 : 23;
00051A : 23;
00051B : 23;
00051C : 79;
00051D : 79;
00051E : 79;
00051F : 79;
000520 : 79;
000521 : 7A;
000522 : 25;
000523 : 3C;
000524 : FD;
000525 : FB;
000526 : 22;
000527 : 00;
000528 : 00;
000529 : 00;
00052A : 00;
00052B : 00;
00052C : 00;
00052D : 00;
00052E : 00;
00052F : 00;
000530 : 00;
000531 : 00;
000532 : 00;
000533 : 00;
000534 : 00;
000535 : 00;
000536 : 00;
000537 : 00;
000538 : 00;
000539 : 00;
00053A : 00;
00053B : 00;
00053C : 00;
00053D : 00;
00053E : 00;
00053F : 00;
000540 : 00;
000541 : 00;
000542 : 00;
000543 : 00;
000544 : 00;
000545 : 00;
000546 : 00;
000547 : 00;
000548 : 00;
000549 : 00;
00054A : 00;
00054B : 00;
00054C : 00;
00054D : 00;
00054E : 00;
00054F : 00;
000550 : 00;
000551 : 00;
000552 : 00;
000553 : 00;
000554 : 00;
000555 : CC;
000556 : BF;
000557 : 75;
000558 : 48;
000559 : 65;
00055A : B9;
00055B : 6B;
00055C : 6B;
00055D : A0;
00055E : F9;
00055F : 44;
000560 : 82;
000561 : 37;
000562 : A7;
000563 : 98;
000564 : 98;
000565 : 23;
000566 : 23;
000567 : 43;
000568 : 23;
000569 : 23;
00056A : 23;
00056B : 79;
00056C : F5;
00056D : 2F;
00056E : 91;
00056F : 2F;
000570 : 79;
000571 : C6;
000572 : C6;
000573 : 23;
000574 : 64;
000575 : DC;
000576 : DC;
000577 : DC;
000578 : 79;
000579 : 23;
00057A : 23;
00057B : 23;
00057C : 23;
00057D : 7A;
00057E : 23;
00057F : 23;
000580 : 23;
000581 : 23;
000582 : 23;
000583 : 23;
000584 : 79;
000585 : 79;
000586 : 79;
000587 : 79;
000588 : 45;
000589 : 5A;
00058A : AD;
00058B : FD;
00058C : E0;
00058D : 00;
00058E : 00;
00058F : 00;
000590 : 00;
000591 : 00;
000592 : 00;
000593 : 00;
000594 : 00;
000595 : 00;
000596 : 00;
000597 : 00;
000598 : 00;
000599 : 00;
00059A : 00;
00059B : 00;
00059C : 00;
00059D : 00;
00059E : 00;
00059F : 00;
0005A0 : 00;
0005A1 : 00;
0005A2 : 00;
0005A3 : 00;
0005A4 : 00;
0005A5 : 00;
0005A6 : 00;
0005A7 : 00;
0005A8 : 00;
0005A9 : 00;
0005AA : 00;
0005AB : 00;
0005AC : 00;
0005AD : 00;
0005AE : 00;
0005AF : 00;
0005B0 : 00;
0005B1 : 00;
0005B2 : 00;
0005B3 : 00;
0005B4 : 00;
0005B5 : 00;
0005B6 : 00;
0005B7 : 00;
0005B8 : 00;
0005B9 : 00;
0005BA : 00;
0005BB : 11;
0005BC : 94;
0005BD : 8A;
0005BE : 37;
0005BF : A5;
0005C0 : 0E;
0005C1 : 47;
0005C2 : 6B;
0005C3 : 45;
0005C4 : 43;
0005C5 : 84;
0005C6 : FD;
0005C7 : 44;
0005C8 : D8;
0005C9 : A7;
0005CA : 23;
0005CB : 23;
0005CC : 43;
0005CD : 43;
0005CE : 23;
0005CF : 23;
0005D0 : 7A;
0005D1 : 23;
0005D2 : 23;
0005D3 : 23;
0005D4 : 23;
0005D5 : 23;
0005D6 : 23;
0005D7 : C6;
0005D8 : C6;
0005D9 : F5;
0005DA : E8;
0005DB : DC;
0005DC : A7;
0005DD : 64;
0005DE : DC;
0005DF : 02;
0005E0 : 02;
0005E1 : 23;
0005E2 : F5;
0005E3 : 91;
0005E4 : 19;
0005E5 : 23;
0005E6 : 79;
0005E7 : 79;
0005E8 : 79;
0005E9 : 79;
0005EA : 79;
0005EB : 79;
0005EC : 79;
0005ED : 79;
0005EE : 64;
0005EF : F5;
0005F0 : BA;
0005F1 : AD;
0005F2 : E0;
0005F3 : 22;
0005F4 : 00;
0005F5 : 00;
0005F6 : 00;
0005F7 : 00;
0005F8 : 00;
0005F9 : 00;
0005FA : 00;
0005FB : 00;
0005FC : 00;
0005FD : 00;
0005FE : 00;
0005FF : 00;
000600 : 00;
000601 : 00;
000602 : 00;
000603 : 00;
000604 : 00;
000605 : 00;
000606 : 00;
000607 : 00;
000608 : 00;
000609 : 00;
00060A : 00;
00060B : 00;
00060C : 00;
00060D : 00;
00060E : 00;
00060F : 00;
000610 : 00;
000611 : 00;
000612 : 00;
000613 : 00;
000614 : 00;
000615 : 00;
000616 : 00;
000617 : 00;
000618 : 00;
000619 : 00;
00061A : 00;
00061B : 00;
00061C : 00;
00061D : 00;
00061E : 00;
00061F : 00;
000620 : 03;
000621 : BF;
000622 : 82;
000623 : C2;
000624 : 6B;
000625 : B6;
000626 : F4;
000627 : A6;
000628 : 9A;
000629 : 31;
00062A : 43;
00062B : 33;
00062C : 27;
00062D : F8;
00062E : 21;
00062F : A7;
000630 : 79;
000631 : 23;
000632 : 43;
000633 : 43;
000634 : 43;
000635 : 23;
000636 : 7A;
000637 : 23;
000638 : 23;
000639 : 79;
00063A : 79;
00063B : 79;
00063C : 79;
00063D : 23;
00063E : 79;
00063F : 1A;
000640 : 87;
000641 : 42;
000642 : 37;
000643 : 41;
000644 : 98;
000645 : 64;
000646 : 02;
000647 : 23;
000648 : 84;
000649 : 07;
00064A : 08;
00064B : 45;
00064C : 43;
00064D : 79;
00064E : 79;
00064F : 79;
000650 : 79;
000651 : 79;
000652 : 23;
000653 : 98;
000654 : 98;
000655 : A7;
000656 : 08;
000657 : F7;
000658 : 82;
000659 : 22;
00065A : 00;
00065B : 00;
00065C : 00;
00065D : 00;
00065E : 00;
00065F : 00;
000660 : 00;
000661 : 00;
000662 : 00;
000663 : 00;
000664 : 00;
000665 : 00;
000666 : 00;
000667 : 00;
000668 : 00;
000669 : 00;
00066A : 00;
00066B : 00;
00066C : 00;
00066D : 00;
00066E : 00;
00066F : 00;
000670 : 00;
000671 : 00;
000672 : 00;
000673 : 00;
000674 : 00;
000675 : 00;
000676 : 00;
000677 : 00;
000678 : 00;
000679 : 00;
00067A : 00;
00067B : 00;
00067C : 00;
00067D : 00;
00067E : 00;
00067F : 00;
000680 : 00;
000681 : 00;
000682 : 00;
000683 : 00;
000684 : 00;
000685 : 00;
000686 : 11;
000687 : 94;
000688 : 8A;
000689 : D6;
00068A : F5;
00068B : D0;
00068C : F4;
00068D : A6;
00068E : 94;
00068F : 9F;
000690 : 91;
000691 : 45;
000692 : 90;
000693 : F8;
000694 : C9;
000695 : C8;
000696 : 23;
000697 : 23;
000698 : 43;
000699 : 43;
00069A : 43;
00069B : 43;
00069C : 64;
00069D : 23;
00069E : 23;
00069F : 64;
0006A0 : 64;
0006A1 : 23;
0006A2 : 23;
0006A3 : 43;
0006A4 : 23;
0006A5 : 0E;
0006A6 : 1A;
0006A7 : F0;
0006A8 : BF;
0006A9 : F4;
0006AA : 57;
0006AB : 41;
0006AC : 64;
0006AD : 64;
0006AE : 47;
0006AF : F4;
0006B0 : F4;
0006B1 : 84;
0006B2 : 23;
0006B3 : A7;
0006B4 : DC;
0006B5 : 98;
0006B6 : 98;
0006B7 : 98;
0006B8 : 98;
0006B9 : 98;
0006BA : 98;
0006BB : 64;
0006BC : F5;
0006BD : 3A;
0006BE : CC;
0006BF : 4D;
0006C0 : 36;
0006C1 : 00;
0006C2 : 00;
0006C3 : 00;
0006C4 : 00;
0006C5 : 00;
0006C6 : 00;
0006C7 : 00;
0006C8 : 00;
0006C9 : 00;
0006CA : 00;
0006CB : 00;
0006CC : 00;
0006CD : 00;
0006CE : 00;
0006CF : 00;
0006D0 : 00;
0006D1 : 00;
0006D2 : 00;
0006D3 : 00;
0006D4 : 00;
0006D5 : 00;
0006D6 : 00;
0006D7 : 00;
0006D8 : 00;
0006D9 : 00;
0006DA : 00;
0006DB : 00;
0006DC : 00;
0006DD : 00;
0006DE : 00;
0006DF : 00;
0006E0 : 00;
0006E1 : 00;
0006E2 : 00;
0006E3 : 00;
0006E4 : 00;
0006E5 : 00;
0006E6 : 00;
0006E7 : 00;
0006E8 : 00;
0006E9 : 00;
0006EA : 00;
0006EB : 00;
0006EC : 66;
0006ED : FB;
0006EE : 3C;
0006EF : B2;
0006F0 : 79;
0006F1 : A0;
0006F2 : B9;
0006F3 : 21;
0006F4 : 4B;
0006F5 : F4;
0006F6 : 31;
0006F7 : 45;
0006F8 : 25;
0006F9 : 8A;
0006FA : 8D;
0006FB : 0D;
0006FC : 43;
0006FD : 23;
0006FE : 43;
0006FF : 43;
000700 : 23;
000701 : 23;
000702 : 23;
000703 : 79;
000704 : 23;
000705 : 98;
000706 : 98;
000707 : DC;
000708 : DC;
000709 : 79;
00070A : 79;
00070B : 43;
00070C : 7A;
00070D : 6B;
00070E : AA;
00070F : 57;
000710 : 75;
000711 : 95;
000712 : 5A;
000713 : DC;
000714 : 45;
000715 : 5A;
000716 : F4;
000717 : 9E;
000718 : 62;
000719 : 41;
00071A : 64;
00071B : A7;
00071C : 64;
00071D : 98;
00071E : 98;
00071F : 98;
000720 : 98;
000721 : 98;
000722 : A7;
000723 : 10;
000724 : AD;
000725 : FD;
000726 : 82;
000727 : 00;
000728 : 00;
000729 : 00;
00072A : 00;
00072B : 00;
00072C : 00;
00072D : 00;
00072E : 00;
00072F : 00;
000730 : 00;
000731 : 00;
000732 : 00;
000733 : 00;
000734 : 00;
000735 : 00;
000736 : 00;
000737 : 00;
000738 : 00;
000739 : 00;
00073A : 00;
00073B : 00;
00073C : 00;
00073D : 00;
00073E : 00;
00073F : 00;
000740 : 00;
000741 : 00;
000742 : 00;
000743 : 00;
000744 : 00;
000745 : 00;
000746 : 00;
000747 : 00;
000748 : 00;
000749 : 00;
00074A : 00;
00074B : 00;
00074C : 00;
00074D : 00;
00074E : 00;
00074F : 00;
000750 : 00;
000751 : 6A;
000752 : 03;
000753 : E0;
000754 : 12;
000755 : C8;
000756 : C8;
000757 : 79;
000758 : 7A;
000759 : C8;
00075A : 17;
00075B : FB;
00075C : 1E;
00075D : 45;
00075E : DC;
00075F : 57;
000760 : 9F;
000761 : 91;
000762 : 23;
000763 : 79;
000764 : 23;
000765 : 23;
000766 : 79;
000767 : 79;
000768 : 23;
000769 : 23;
00076A : 98;
00076B : 98;
00076C : 98;
00076D : DC;
00076E : DC;
00076F : DC;
000770 : 79;
000771 : 79;
000772 : 79;
000773 : 43;
000774 : 45;
000775 : 7A;
000776 : 9C;
000777 : 17;
000778 : 94;
000779 : 37;
00077A : DC;
00077B : 45;
00077C : 08;
00077D : 07;
00077E : 66;
00077F : 2B;
000780 : 57;
000781 : 1E;
000782 : B9;
000783 : B1;
000784 : 98;
000785 : 98;
000786 : 98;
000787 : 98;
000788 : A7;
000789 : D8;
00078A : 83;
00078B : FD;
00078C : FD;
00078D : 00;
00078E : 00;
00078F : 00;
000790 : 00;
000791 : 00;
000792 : 00;
000793 : 00;
000794 : 00;
000795 : 00;
000796 : 00;
000797 : 00;
000798 : 00;
000799 : 00;
00079A : 00;
00079B : 00;
00079C : 00;
00079D : 00;
00079E : 00;
00079F : 00;
0007A0 : 00;
0007A1 : 00;
0007A2 : 00;
0007A3 : 00;
0007A4 : 00;
0007A5 : 00;
0007A6 : 00;
0007A7 : 00;
0007A8 : 00;
0007A9 : 00;
0007AA : 00;
0007AB : 00;
0007AC : 00;
0007AD : 00;
0007AE : 00;
0007AF : 00;
0007B0 : 00;
0007B1 : 00;
0007B2 : 00;
0007B3 : 00;
0007B4 : 00;
0007B5 : 00;
0007B6 : 00;
0007B7 : 95;
0007B8 : E2;
0007B9 : E0;
0007BA : 65;
0007BB : 7A;
0007BC : C8;
0007BD : C8;
0007BE : 02;
0007BF : 7A;
0007C0 : C2;
0007C1 : 22;
0007C2 : 37;
0007C3 : AC;
0007C4 : DC;
0007C5 : 6B;
0007C6 : 0D;
0007C7 : C6;
0007C8 : 23;
0007C9 : 79;
0007CA : 79;
0007CB : 79;
0007CC : 23;
0007CD : 7A;
0007CE : 19;
0007CF : 19;
0007D0 : A7;
0007D1 : 98;
0007D2 : 4A;
0007D3 : 4A;
0007D4 : 4A;
0007D5 : DC;
0007D6 : DC;
0007D7 : 79;
0007D8 : 79;
0007D9 : 79;
0007DA : 02;
0007DB : 79;
0007DC : 19;
0007DD : 0D;
0007DE : 9F;
0007DF : 94;
0007E0 : 84;
0007E1 : AC;
0007E2 : 45;
0007E3 : 46;
0007E4 : 21;
0007E5 : F0;
0007E6 : 22;
0007E7 : 66;
0007E8 : F4;
0007E9 : 5A;
0007EA : 64;
0007EB : 98;
0007EC : 98;
0007ED : 98;
0007EE : 79;
0007EF : F5;
0007F0 : BA;
0007F1 : FD;
0007F2 : 83;
0007F3 : 77;
0007F4 : 00;
0007F5 : 00;
0007F6 : 00;
0007F7 : 00;
0007F8 : 00;
0007F9 : 00;
0007FA : 00;
0007FB : 00;
0007FC : 00;
0007FD : 00;
0007FE : 00;
0007FF : 00;
000800 : 00;
000801 : 00;
000802 : 00;
000803 : 00;
000804 : 00;
000805 : 00;
000806 : 00;
000807 : 00;
000808 : 00;
000809 : 00;
00080A : 00;
00080B : 00;
00080C : 00;
00080D : 00;
00080E : 00;
00080F : 00;
000810 : 00;
000811 : 00;
000812 : 00;
000813 : 00;
000814 : 00;
000815 : 00;
000816 : 00;
000817 : 00;
000818 : 00;
000819 : 00;
00081A : 00;
00081B : 00;
00081C : 00;
00081D : 07;
00081E : 44;
00081F : 82;
000820 : F9;
000821 : 7A;
000822 : 02;
000823 : 02;
000824 : 79;
000825 : 7A;
000826 : 62;
000827 : 22;
000828 : 21;
000829 : 64;
00082A : A5;
00082B : DC;
00082C : 23;
00082D : 98;
00082E : 23;
00082F : 64;
000830 : 98;
000831 : 23;
000832 : 91;
000833 : 84;
000834 : B6;
000835 : 72;
000836 : 41;
000837 : A7;
000838 : A7;
000839 : 4A;
00083A : 4A;
00083B : 4A;
00083C : 4A;
00083D : DC;
00083E : 79;
00083F : 79;
000840 : 79;
000841 : 79;
000842 : 79;
000843 : 7A;
000844 : B2;
000845 : 3C;
000846 : 82;
000847 : 1E;
000848 : AC;
000849 : AC;
00084A : AC;
00084B : 6B;
00084C : AA;
00084D : 37;
00084E : 72;
00084F : B9;
000850 : DC;
000851 : 98;
000852 : 98;
000853 : 98;
000854 : 02;
000855 : 7A;
000856 : F9;
000857 : 4D;
000858 : 4D;
000859 : 8D;
00085A : 00;
00085B : 00;
00085C : 00;
00085D : 00;
00085E : 00;
00085F : 00;
000860 : 00;
000861 : 00;
000862 : 00;
000863 : 00;
000864 : 00;
000865 : 00;
000866 : 00;
000867 : 00;
000868 : 00;
000869 : 00;
00086A : 00;
00086B : 00;
00086C : 00;
00086D : 00;
00086E : 00;
00086F : 00;
000870 : 00;
000871 : 00;
000872 : 00;
000873 : 00;
000874 : 00;
000875 : 00;
000876 : 00;
000877 : 00;
000878 : 00;
000879 : 00;
00087A : 00;
00087B : 00;
00087C : 00;
00087D : 00;
00087E : 00;
00087F : 00;
000880 : 00;
000881 : 00;
000882 : 00;
000883 : 3C;
000884 : 8E;
000885 : 82;
000886 : F9;
000887 : 7A;
000888 : 02;
000889 : 02;
00088A : 79;
00088B : 23;
00088C : A8;
00088D : AE;
00088E : 37;
00088F : 64;
000890 : 02;
000891 : 98;
000892 : 98;
000893 : 98;
000894 : 64;
000895 : 98;
000896 : 98;
000897 : 7A;
000898 : 31;
000899 : 34;
00089A : 66;
00089B : 66;
00089C : 2B;
00089D : F6;
00089E : 9C;
00089F : 4A;
0008A0 : A7;
0008A1 : DC;
0008A2 : 4A;
0008A3 : 02;
0008A4 : 02;
0008A5 : 02;
0008A6 : 79;
0008A7 : 79;
0008A8 : 79;
0008A9 : 79;
0008AA : 19;
0008AB : DF;
0008AC : 15;
0008AD : BC;
0008AE : 31;
0008AF : DC;
0008B0 : 4A;
0008B1 : DC;
0008B2 : 45;
0008B3 : 45;
0008B4 : 43;
0008B5 : 23;
0008B6 : 02;
0008B7 : 98;
0008B8 : 98;
0008B9 : 98;
0008BA : 02;
0008BB : 7A;
0008BC : 5A;
0008BD : 15;
0008BE : 22;
0008BF : 99;
0008C0 : 00;
0008C1 : 00;
0008C2 : 00;
0008C3 : 00;
0008C4 : 00;
0008C5 : 00;
0008C6 : 00;
0008C7 : 00;
0008C8 : 00;
0008C9 : 00;
0008CA : 00;
0008CB : 00;
0008CC : 00;
0008CD : 00;
0008CE : 00;
0008CF : 00;
0008D0 : 00;
0008D1 : 00;
0008D2 : 00;
0008D3 : 00;
0008D4 : 00;
0008D5 : 00;
0008D6 : 00;
0008D7 : 00;
0008D8 : 00;
0008D9 : 00;
0008DA : 00;
0008DB : 00;
0008DC : 00;
0008DD : 00;
0008DE : 00;
0008DF : 00;
0008E0 : 00;
0008E1 : 00;
0008E2 : 00;
0008E3 : 00;
0008E4 : 00;
0008E5 : 00;
0008E6 : 00;
0008E7 : 00;
0008E8 : 00;
0008E9 : AF;
0008EA : 8E;
0008EB : 03;
0008EC : 21;
0008ED : 19;
0008EE : 02;
0008EF : 02;
0008F0 : 23;
0008F1 : 0D;
0008F2 : 07;
0008F3 : 94;
0008F4 : 5A;
0008F5 : 45;
0008F6 : 4A;
0008F7 : 98;
0008F8 : 98;
0008F9 : 98;
0008FA : 98;
0008FB : 98;
0008FC : 98;
0008FD : A7;
0008FE : A0;
0008FF : D2;
000900 : 9A;
000901 : A8;
000902 : DA;
000903 : 66;
000904 : 4D;
000905 : A8;
000906 : D6;
000907 : 91;
000908 : 45;
000909 : AC;
00090A : 79;
00090B : 02;
00090C : 79;
00090D : 79;
00090E : 02;
00090F : 02;
000910 : 79;
000911 : 7A;
000912 : 37;
000913 : FB;
000914 : 37;
000915 : AC;
000916 : A5;
000917 : A5;
000918 : 02;
000919 : 02;
00091A : 02;
00091B : 02;
00091C : 02;
00091D : 02;
00091E : 98;
00091F : 4A;
000920 : 02;
000921 : 43;
000922 : AA;
000923 : EB;
000924 : 22;
000925 : 71;
000926 : 00;
000927 : 00;
000928 : 00;
000929 : 00;
00092A : 00;
00092B : 00;
00092C : 00;
00092D : 00;
00092E : 00;
00092F : 00;
000930 : 00;
000931 : 00;
000932 : 00;
000933 : 00;
000934 : 00;
000935 : 00;
000936 : 00;
000937 : 00;
000938 : 00;
000939 : 00;
00093A : 00;
00093B : 00;
00093C : 00;
00093D : 00;
00093E : 00;
00093F : 00;
000940 : 00;
000941 : 00;
000942 : 00;
000943 : 00;
000944 : 00;
000945 : 00;
000946 : 00;
000947 : 00;
000948 : 00;
000949 : 00;
00094A : 00;
00094B : 00;
00094C : 00;
00094D : 00;
00094E : 00;
00094F : 27;
000950 : 44;
000951 : 94;
000952 : 12;
000953 : 23;
000954 : 02;
000955 : 02;
000956 : 7A;
000957 : DF;
000958 : 4B;
000959 : E0;
00095A : 08;
00095B : 7A;
00095C : 02;
00095D : 98;
00095E : 98;
00095F : 98;
000960 : 98;
000961 : 98;
000962 : 98;
000963 : A7;
000964 : B6;
000965 : 87;
000966 : FC;
000967 : 50;
000968 : E9;
000969 : 4F;
00096A : 2B;
00096B : 66;
00096C : 03;
00096D : F3;
00096E : 21;
00096F : 41;
000970 : 23;
000971 : 19;
000972 : AC;
000973 : 79;
000974 : 02;
000975 : 02;
000976 : 02;
000977 : 23;
000978 : C8;
000979 : AA;
00097A : A0;
00097B : AC;
00097C : DC;
00097D : A5;
00097E : DC;
00097F : F5;
000980 : A5;
000981 : AC;
000982 : 45;
000983 : 79;
000984 : 02;
000985 : 02;
000986 : 02;
000987 : 43;
000988 : 47;
000989 : BC;
00098A : 66;
00098B : 71;
00098C : 00;
00098D : 00;
00098E : 00;
00098F : 00;
000990 : 00;
000991 : 00;
000992 : 00;
000993 : 00;
000994 : 00;
000995 : 00;
000996 : 00;
000997 : 00;
000998 : 00;
000999 : 00;
00099A : 00;
00099B : 00;
00099C : 00;
00099D : 00;
00099E : 00;
00099F : 00;
0009A0 : 00;
0009A1 : 00;
0009A2 : 00;
0009A3 : 00;
0009A4 : 00;
0009A5 : 00;
0009A6 : 00;
0009A7 : 00;
0009A8 : 00;
0009A9 : 00;
0009AA : 00;
0009AB : 00;
0009AC : 00;
0009AD : 00;
0009AE : 00;
0009AF : 00;
0009B0 : 00;
0009B1 : 00;
0009B2 : 00;
0009B3 : 00;
0009B4 : 00;
0009B5 : 00;
0009B6 : BF;
0009B7 : E0;
0009B8 : 07;
0009B9 : 0D;
0009BA : 43;
0009BB : 02;
0009BC : 43;
0009BD : 0E;
0009BE : BC;
0009BF : BC;
0009C0 : 25;
0009C1 : 43;
0009C2 : 02;
0009C3 : DC;
0009C4 : DC;
0009C5 : 79;
0009C6 : 98;
0009C7 : 98;
0009C8 : A7;
0009C9 : 0E;
0009CA : A6;
0009CB : DF;
0009CC : 3B;
0009CD : 3B;
0009CE : 3B;
0009CF : 8C;
0009D0 : FC;
0009D1 : A3;
0009D2 : DB;
0009D3 : 9E;
0009D4 : 9E;
0009D5 : E2;
0009D6 : 62;
0009D7 : AA;
0009D8 : 2F;
0009D9 : 19;
0009DA : 7A;
0009DB : 79;
0009DC : 79;
0009DD : 02;
0009DE : 23;
0009DF : 43;
0009E0 : 23;
0009E1 : DC;
0009E2 : DC;
0009E3 : AC;
0009E4 : 25;
0009E5 : 9F;
0009E6 : 9F;
0009E7 : 21;
0009E8 : 0E;
0009E9 : 23;
0009EA : 64;
0009EB : DC;
0009EC : 02;
0009ED : 43;
0009EE : 31;
0009EF : E2;
0009F0 : 66;
0009F1 : 71;
0009F2 : 00;
0009F3 : 00;
0009F4 : 00;
0009F5 : 00;
0009F6 : 00;
0009F7 : 00;
0009F8 : 00;
0009F9 : 00;
0009FA : 00;
0009FB : 00;
0009FC : 00;
0009FD : 00;
0009FE : 00;
0009FF : 00;
000A00 : 00;
000A01 : 00;
000A02 : 00;
000A03 : 00;
000A04 : 00;
000A05 : 00;
000A06 : 00;
000A07 : 00;
000A08 : 00;
000A09 : 00;
000A0A : 00;
000A0B : 00;
000A0C : 00;
000A0D : 00;
000A0E : 00;
000A0F : 00;
000A10 : 00;
000A11 : 00;
000A12 : 00;
000A13 : 00;
000A14 : 00;
000A15 : 00;
000A16 : 00;
000A17 : 00;
000A18 : 00;
000A19 : 00;
000A1A : 00;
000A1B : 00;
000A1C : 34;
000A1D : E0;
000A1E : 15;
000A1F : 84;
000A20 : 45;
000A21 : 02;
000A22 : A5;
000A23 : DC;
000A24 : 08;
000A25 : 47;
000A26 : 23;
000A27 : 02;
000A28 : 02;
000A29 : DC;
000A2A : DC;
000A2B : DC;
000A2C : 79;
000A2D : 79;
000A2E : 45;
000A2F : 21;
000A30 : F4;
000A31 : BB;
000A32 : 3B;
000A33 : 05;
000A34 : 70;
000A35 : 3B;
000A36 : 2A;
000A37 : 16;
000A38 : 35;
000A39 : A3;
000A3A : 30;
000A3B : DA;
000A3C : 22;
000A3D : 03;
000A3E : 3C;
000A3F : F9;
000A40 : 25;
000A41 : 7A;
000A42 : 45;
000A43 : 02;
000A44 : 79;
000A45 : 79;
000A46 : 79;
000A47 : 79;
000A48 : 23;
000A49 : 43;
000A4A : 0D;
000A4B : 57;
000A4C : 15;
000A4D : 66;
000A4E : A6;
000A4F : 57;
000A50 : 25;
000A51 : 64;
000A52 : A5;
000A53 : 43;
000A54 : DF;
000A55 : 2B;
000A56 : 66;
000A57 : 71;
000A58 : 00;
000A59 : 00;
000A5A : 00;
000A5B : 00;
000A5C : 00;
000A5D : 00;
000A5E : 00;
000A5F : 00;
000A60 : 00;
000A61 : 00;
000A62 : 00;
000A63 : 00;
000A64 : 00;
000A65 : 00;
000A66 : 00;
000A67 : 00;
000A68 : 00;
000A69 : 00;
000A6A : 00;
000A6B : 00;
000A6C : 00;
000A6D : 00;
000A6E : 00;
000A6F : 00;
000A70 : 00;
000A71 : 00;
000A72 : 00;
000A73 : 00;
000A74 : 00;
000A75 : 00;
000A76 : 00;
000A77 : 00;
000A78 : 00;
000A79 : 00;
000A7A : 00;
000A7B : 00;
000A7C : 00;
000A7D : 00;
000A7E : 00;
000A7F : 00;
000A80 : 00;
000A81 : 00;
000A82 : 2B;
000A83 : A6;
000A84 : 4B;
000A85 : 07;
000A86 : B9;
000A87 : 45;
000A88 : 02;
000A89 : 02;
000A8A : 43;
000A8B : 43;
000A8C : 79;
000A8D : 02;
000A8E : 02;
000A8F : DC;
000A90 : DC;
000A91 : 02;
000A92 : 02;
000A93 : 79;
000A94 : 23;
000A95 : 42;
000A96 : 07;
000A97 : 16;
000A98 : 3B;
000A99 : 05;
000A9A : 70;
000A9B : C5;
000A9C : 56;
000A9D : DD;
000A9E : C2;
000A9F : 2D;
000AA0 : 16;
000AA1 : 89;
000AA2 : 4F;
000AA3 : BC;
000AA4 : AE;
000AA5 : 03;
000AA6 : BC;
000AA7 : 57;
000AA8 : 9C;
000AA9 : 79;
000AAA : 79;
000AAB : 79;
000AAC : 23;
000AAD : 23;
000AAE : 23;
000AAF : 23;
000AB0 : C6;
000AB1 : C6;
000AB2 : B2;
000AB3 : CA;
000AB4 : 9A;
000AB5 : 11;
000AB6 : 87;
000AB7 : 08;
000AB8 : A5;
000AB9 : 7A;
000ABA : D6;
000ABB : A6;
000ABC : D1;
000ABD : 71;
000ABE : 00;
000ABF : 00;
000AC0 : 00;
000AC1 : 00;
000AC2 : 00;
000AC3 : 00;
000AC4 : 00;
000AC5 : 00;
000AC6 : 00;
000AC7 : 00;
000AC8 : 00;
000AC9 : 00;
000ACA : 00;
000ACB : 00;
000ACC : 00;
000ACD : 00;
000ACE : 00;
000ACF : 00;
000AD0 : 00;
000AD1 : 00;
000AD2 : 00;
000AD3 : 00;
000AD4 : 00;
000AD5 : 00;
000AD6 : 00;
000AD7 : 00;
000AD8 : 00;
000AD9 : 00;
000ADA : 00;
000ADB : 00;
000ADC : 00;
000ADD : 00;
000ADE : 00;
000ADF : 00;
000AE0 : 00;
000AE1 : 00;
000AE2 : 00;
000AE3 : 00;
000AE4 : 00;
000AE5 : 00;
000AE6 : 00;
000AE7 : 00;
000AE8 : 00;
000AE9 : 34;
000AEA : 34;
000AEB : 4B;
000AEC : 9F;
000AED : A0;
000AEE : 45;
000AEF : 79;
000AF0 : 02;
000AF1 : 02;
000AF2 : 02;
000AF3 : DC;
000AF4 : 64;
000AF5 : B9;
000AF6 : 21;
000AF7 : B2;
000AF8 : 98;
000AF9 : 98;
000AFA : C8;
000AFB : 27;
000AFC : 1B;
000AFD : 56;
000AFE : 3B;
000AFF : 05;
000B00 : 05;
000B01 : 88;
000B02 : 7D;
000B03 : 71;
000B04 : 24;
000B05 : 80;
000B06 : 88;
000B07 : 88;
000B08 : 8C;
000B09 : FC;
000B0A : F2;
000B0B : ED;
000B0C : 82;
000B0D : 22;
000B0E : BC;
000B0F : D8;
000B10 : 23;
000B11 : 79;
000B12 : 79;
000B13 : 79;
000B14 : 79;
000B15 : 79;
000B16 : 23;
000B17 : 23;
000B18 : A7;
000B19 : 19;
000B1A : C8;
000B1B : 37;
000B1C : 34;
000B1D : 9A;
000B1E : 91;
000B1F : 7A;
000B20 : 84;
000B21 : 34;
000B22 : 24;
000B23 : 71;
000B24 : 00;
000B25 : 00;
000B26 : 00;
000B27 : 00;
000B28 : 00;
000B29 : 00;
000B2A : 00;
000B2B : 00;
000B2C : 00;
000B2D : 00;
000B2E : 00;
000B2F : 00;
000B30 : 00;
000B31 : 00;
000B32 : 00;
000B33 : 00;
000B34 : 00;
000B35 : 00;
000B36 : 00;
000B37 : 00;
000B38 : 00;
000B39 : 00;
000B3A : 00;
000B3B : 00;
000B3C : 00;
000B3D : 00;
000B3E : 00;
000B3F : 00;
000B40 : 00;
000B41 : 00;
000B42 : 00;
000B43 : 00;
000B44 : 00;
000B45 : 00;
000B46 : 00;
000B47 : 00;
000B48 : 00;
000B49 : 00;
000B4A : 00;
000B4B : 00;
000B4C : 00;
000B4D : 00;
000B4E : 00;
000B4F : F4;
000B50 : 11;
000B51 : 34;
000B52 : F4;
000B53 : D0;
000B54 : DF;
000B55 : 23;
000B56 : DC;
000B57 : 02;
000B58 : DC;
000B59 : DC;
000B5A : A7;
000B5B : 21;
000B5C : 94;
000B5D : D8;
000B5E : 98;
000B5F : 98;
000B60 : 79;
000B61 : A8;
000B62 : FB;
000B63 : 7D;
000B64 : C5;
000B65 : 05;
000B66 : 05;
000B67 : C5;
000B68 : BB;
000B69 : 62;
000B6A : D6;
000B6B : 50;
000B6C : 70;
000B6D : 70;
000B6E : 70;
000B6F : 2A;
000B70 : 8C;
000B71 : 4F;
000B72 : 94;
000B73 : ED;
000B74 : F0;
000B75 : 25;
000B76 : 23;
000B77 : 79;
000B78 : 23;
000B79 : 23;
000B7A : 79;
000B7B : 79;
000B7C : 79;
000B7D : 79;
000B7E : 98;
000B7F : 98;
000B80 : 64;
000B81 : 19;
000B82 : D6;
000B83 : 72;
000B84 : F5;
000B85 : 23;
000B86 : 1A;
000B87 : BF;
000B88 : D1;
000B89 : D1;
000B8A : 00;
000B8B : 00;
000B8C : 00;
000B8D : 00;
000B8E : 00;
000B8F : 00;
000B90 : 00;
000B91 : 00;
000B92 : 00;
000B93 : 00;
000B94 : 00;
000B95 : 00;
000B96 : 00;
000B97 : 00;
000B98 : 00;
000B99 : 00;
000B9A : 00;
000B9B : 00;
000B9C : 00;
000B9D : 00;
000B9E : 00;
000B9F : 00;
000BA0 : 00;
000BA1 : 00;
000BA2 : 00;
000BA3 : 00;
000BA4 : 00;
000BA5 : 00;
000BA6 : 00;
000BA7 : 00;
000BA8 : 00;
000BA9 : 00;
000BAA : 00;
000BAB : 00;
000BAC : 00;
000BAD : 00;
000BAE : 00;
000BAF : 00;
000BB0 : 00;
000BB1 : 00;
000BB2 : 00;
000BB3 : 00;
000BB4 : 00;
000BB5 : 00;
000BB6 : 71;
000BB7 : 11;
000BB8 : 34;
000BB9 : 2B;
000BBA : ED;
000BBB : B6;
000BBC : 46;
000BBD : DC;
000BBE : 02;
000BBF : DC;
000BC0 : 64;
000BC1 : 42;
000BC2 : D2;
000BC3 : B2;
000BC4 : 98;
000BC5 : C8;
000BC6 : 7A;
000BC7 : F6;
000BC8 : F8;
000BC9 : 42;
000BCA : 16;
000BCB : C5;
000BCC : 70;
000BCD : 70;
000BCE : 70;
000BCF : 50;
000BD0 : 29;
000BD1 : 70;
000BD2 : 05;
000BD3 : 05;
000BD4 : 70;
000BD5 : 88;
000BD6 : FC;
000BD7 : D2;
000BD8 : 9A;
000BD9 : A0;
000BDA : B2;
000BDB : 23;
000BDC : 23;
000BDD : D8;
000BDE : B6;
000BDF : D8;
000BE0 : 19;
000BE1 : 79;
000BE2 : 02;
000BE3 : 98;
000BE4 : 98;
000BE5 : 98;
000BE6 : 98;
000BE7 : 79;
000BE8 : 7A;
000BE9 : 02;
000BEA : 79;
000BEB : 2F;
000BEC : 9F;
000BED : BF;
000BEE : BF;
000BEF : D2;
000BF0 : 00;
000BF1 : 00;
000BF2 : 00;
000BF3 : 00;
000BF4 : 00;
000BF5 : 00;
000BF6 : 00;
000BF7 : 00;
000BF8 : 00;
000BF9 : 00;
000BFA : 00;
000BFB : 00;
000BFC : 00;
000BFD : 00;
000BFE : 00;
000BFF : 00;
000C00 : 00;
000C01 : 00;
000C02 : 00;
000C03 : 00;
000C04 : 00;
000C05 : 00;
000C06 : 00;
000C07 : 00;
000C08 : 00;
000C09 : 00;
000C0A : 00;
000C0B : 00;
000C0C : 00;
000C0D : 00;
000C0E : 00;
000C0F : 00;
000C10 : 00;
000C11 : 00;
000C12 : 00;
000C13 : 00;
000C14 : 00;
000C15 : 00;
000C16 : 00;
000C17 : 00;
000C18 : 00;
000C19 : 00;
000C1A : 00;
000C1B : 00;
000C1C : 00;
000C1D : 71;
000C1E : D2;
000C1F : BC;
000C20 : 2B;
000C21 : 94;
000C22 : CA;
000C23 : 64;
000C24 : 02;
000C25 : 79;
000C26 : C8;
000C27 : 17;
000C28 : 1B;
000C29 : 0D;
000C2A : 4A;
000C2B : C8;
000C2C : 7A;
000C2D : 1E;
000C2E : FD;
000C2F : 82;
000C30 : F2;
000C31 : E3;
000C32 : 88;
000C33 : 70;
000C34 : 70;
000C35 : 70;
000C36 : 70;
000C37 : 70;
000C38 : 05;
000C39 : 70;
000C3A : 88;
000C3B : 16;
000C3C : 42;
000C3D : 24;
000C3E : 84;
000C3F : 6E;
000C40 : 7A;
000C41 : 79;
000C42 : 19;
000C43 : 1E;
000C44 : D1;
000C45 : 07;
000C46 : 0E;
000C47 : 45;
000C48 : DC;
000C49 : 4A;
000C4A : 98;
000C4B : 98;
000C4C : DC;
000C4D : 79;
000C4E : 79;
000C4F : 02;
000C50 : 02;
000C51 : 46;
000C52 : 3C;
000C53 : 66;
000C54 : 24;
000C55 : 00;
000C56 : 00;
000C57 : 00;
000C58 : 00;
000C59 : 00;
000C5A : 00;
000C5B : 00;
000C5C : 00;
000C5D : 00;
000C5E : 00;
000C5F : 00;
000C60 : 00;
000C61 : 00;
000C62 : 00;
000C63 : 00;
000C64 : 00;
000C65 : 00;
000C66 : 00;
000C67 : 00;
000C68 : 00;
000C69 : 00;
000C6A : 00;
000C6B : 00;
000C6C : 00;
000C6D : 00;
000C6E : 00;
000C6F : 00;
000C70 : 00;
000C71 : 00;
000C72 : 00;
000C73 : 00;
000C74 : 00;
000C75 : 00;
000C76 : 00;
000C77 : 00;
000C78 : 00;
000C79 : 00;
000C7A : 00;
000C7B : 00;
000C7C : 00;
000C7D : 00;
000C7E : 00;
000C7F : 00;
000C80 : 00;
000C81 : 00;
000C82 : 00;
000C83 : 00;
000C84 : 54;
000C85 : 9D;
000C86 : 44;
000C87 : E2;
000C88 : 9C;
000C89 : 7A;
000C8A : 79;
000C8B : 23;
000C8C : 33;
000C8D : 9A;
000C8E : BC;
000C8F : 0D;
000C90 : 4A;
000C91 : C8;
000C92 : 98;
000C93 : 0D;
000C94 : 07;
000C95 : EB;
000C96 : 2B;
000C97 : 4F;
000C98 : 0A;
000C99 : 8C;
000C9A : 88;
000C9B : 88;
000C9C : C5;
000C9D : C5;
000C9E : 88;
000C9F : 88;
000CA0 : BB;
000CA1 : 57;
000CA2 : 24;
000CA3 : 9F;
000CA4 : E8;
000CA5 : DC;
000CA6 : 98;
000CA7 : 98;
000CA8 : 19;
000CA9 : D6;
000CAA : FB;
000CAB : FB;
000CAC : ED;
000CAD : 5A;
000CAE : 64;
000CAF : A7;
000CB0 : DC;
000CB1 : DC;
000CB2 : 79;
000CB3 : 79;
000CB4 : 79;
000CB5 : 02;
000CB6 : DC;
000CB7 : 6B;
000CB8 : 17;
000CB9 : 66;
000CBA : 24;
000CBB : 00;
000CBC : 00;
000CBD : 00;
000CBE : 00;
000CBF : 00;
000CC0 : 00;
000CC1 : 00;
000CC2 : 00;
000CC3 : 00;
000CC4 : 00;
000CC5 : 00;
000CC6 : 00;
000CC7 : 00;
000CC8 : 00;
000CC9 : 00;
000CCA : 00;
000CCB : 00;
000CCC : 00;
000CCD : 00;
000CCE : 00;
000CCF : 00;
000CD0 : 00;
000CD1 : 00;
000CD2 : 00;
000CD3 : 00;
000CD4 : 00;
000CD5 : 00;
000CD6 : 00;
000CD7 : 00;
000CD8 : 00;
000CD9 : 00;
000CDA : 00;
000CDB : 00;
000CDC : 00;
000CDD : 00;
000CDE : 00;
000CDF : 00;
000CE0 : 00;
000CE1 : 00;
000CE2 : 00;
000CE3 : 00;
000CE4 : 00;
000CE5 : 00;
000CE6 : 00;
000CE7 : 00;
000CE8 : 00;
000CE9 : 00;
000CEA : 53;
000CEB : 6F;
000CEC : E0;
000CED : 42;
000CEE : 79;
000CEF : 43;
000CF0 : 23;
000CF1 : 23;
000CF2 : A5;
000CF3 : 9F;
000CF4 : 03;
000CF5 : D8;
000CF6 : AC;
000CF7 : B1;
000CF8 : B1;
000CF9 : A7;
000CFA : 37;
000CFB : 75;
000CFC : F3;
000CFD : 6A;
000CFE : 95;
000CFF : 4F;
000D00 : 7E;
000D01 : 35;
000D02 : E7;
000D03 : E7;
000D04 : 35;
000D05 : A3;
000D06 : ED;
000D07 : 24;
000D08 : 17;
000D09 : 25;
000D0A : DC;
000D0B : 4A;
000D0C : 4A;
000D0D : 64;
000D0E : 98;
000D0F : 42;
000D10 : BF;
000D11 : F0;
000D12 : BF;
000D13 : 94;
000D14 : 57;
000D15 : 46;
000D16 : 19;
000D17 : 64;
000D18 : 79;
000D19 : 79;
000D1A : 02;
000D1B : 02;
000D1C : 02;
000D1D : 2F;
000D1E : A8;
000D1F : 66;
000D20 : 24;
000D21 : 00;
000D22 : 00;
000D23 : 00;
000D24 : 00;
000D25 : 00;
000D26 : 00;
000D27 : 00;
000D28 : 00;
000D29 : 00;
000D2A : 00;
000D2B : 00;
000D2C : 00;
000D2D : 00;
000D2E : 00;
000D2F : 00;
000D30 : 00;
000D31 : 00;
000D32 : 00;
000D33 : 00;
000D34 : 00;
000D35 : 00;
000D36 : 00;
000D37 : 00;
000D38 : 00;
000D39 : 00;
000D3A : 00;
000D3B : 00;
000D3C : 00;
000D3D : 00;
000D3E : 00;
000D3F : 00;
000D40 : 00;
000D41 : 00;
000D42 : 00;
000D43 : 00;
000D44 : 00;
000D45 : 00;
000D46 : 00;
000D47 : 00;
000D48 : 00;
000D49 : 00;
000D4A : 00;
000D4B : 00;
000D4C : 00;
000D4D : 00;
000D4E : 00;
000D4F : 00;
000D50 : 00;
000D51 : 66;
000D52 : 22;
000D53 : 10;
000D54 : 19;
000D55 : 79;
000D56 : 23;
000D57 : 23;
000D58 : 45;
000D59 : 65;
000D5A : 22;
000D5B : 21;
000D5C : 45;
000D5D : B1;
000D5E : B1;
000D5F : 02;
000D60 : 2F;
000D61 : 42;
000D62 : 94;
000D63 : F3;
000D64 : C7;
000D65 : 32;
000D66 : 95;
000D67 : DA;
000D68 : 3D;
000D69 : 3D;
000D6A : DA;
000D6B : 99;
000D6C : 94;
000D6D : F6;
000D6E : 46;
000D6F : 98;
000D70 : B1;
000D71 : 4A;
000D72 : 4A;
000D73 : A7;
000D74 : AA;
000D75 : 66;
000D76 : 4F;
000D77 : 2D;
000D78 : A3;
000D79 : 95;
000D7A : DA;
000D7B : 07;
000D7C : AA;
000D7D : 45;
000D7E : 45;
000D7F : 79;
000D80 : 02;
000D81 : 02;
000D82 : 02;
000D83 : 2F;
000D84 : C9;
000D85 : 66;
000D86 : 24;
000D87 : 00;
000D88 : 00;
000D89 : 00;
000D8A : 00;
000D8B : 00;
000D8C : 00;
000D8D : 00;
000D8E : 00;
000D8F : 00;
000D90 : 00;
000D91 : 00;
000D92 : 00;
000D93 : 00;
000D94 : 00;
000D95 : 00;
000D96 : 00;
000D97 : 00;
000D98 : 00;
000D99 : 00;
000D9A : 00;
000D9B : 00;
000D9C : 00;
000D9D : 00;
000D9E : 00;
000D9F : 00;
000DA0 : 00;
000DA1 : 00;
000DA2 : 00;
000DA3 : 00;
000DA4 : 00;
000DA5 : 00;
000DA6 : 00;
000DA7 : 00;
000DA8 : 00;
000DA9 : 00;
000DAA : 00;
000DAB : 00;
000DAC : 00;
000DAD : 00;
000DAE : 00;
000DAF : 00;
000DB0 : 00;
000DB1 : 00;
000DB2 : 00;
000DB3 : 00;
000DB4 : 00;
000DB5 : 00;
000DB6 : 3D;
000DB7 : BF;
000DB8 : 2B;
000DB9 : 9C;
000DBA : 19;
000DBB : 23;
000DBC : 23;
000DBD : 79;
000DBE : 45;
000DBF : 9C;
000DC0 : 15;
000DC1 : D2;
000DC2 : D6;
000DC3 : 45;
000DC4 : 23;
000DC5 : C8;
000DC6 : DC;
000DC7 : 46;
000DC8 : 57;
000DC9 : F4;
000DCA : F4;
000DCB : DB;
000DCC : DD;
000DCD : 2B;
000DCE : DA;
000DCF : BF;
000DD0 : 2B;
000DD1 : A8;
000DD2 : DF;
000DD3 : 23;
000DD4 : 98;
000DD5 : B1;
000DD6 : B1;
000DD7 : 4A;
000DD8 : 98;
000DD9 : 4A;
000DDA : 9F;
000DDB : A6;
000DDC : 0A;
000DDD : 2A;
000DDE : F1;
000DDF : 7E;
000DE0 : 3D;
000DE1 : 75;
000DE2 : 2B;
000DE3 : 21;
000DE4 : C8;
000DE5 : A7;
000DE6 : 02;
000DE7 : C8;
000DE8 : 02;
000DE9 : A0;
000DEA : 3C;
000DEB : 66;
000DEC : 24;
000DED : 00;
000DEE : 00;
000DEF : 00;
000DF0 : 00;
000DF1 : 00;
000DF2 : 00;
000DF3 : 00;
000DF4 : 00;
000DF5 : 00;
000DF6 : 00;
000DF7 : 00;
000DF8 : 00;
000DF9 : 00;
000DFA : 00;
000DFB : 00;
000DFC : 00;
000DFD : 00;
000DFE : 00;
000DFF : 00;
000E00 : 00;
000E01 : 00;
000E02 : 00;
000E03 : 00;
000E04 : 00;
000E05 : 00;
000E06 : 00;
000E07 : 00;
000E08 : 00;
000E09 : 00;
000E0A : 00;
000E0B : 00;
000E0C : 00;
000E0D : 00;
000E0E : 00;
000E0F : 00;
000E10 : 00;
000E11 : 00;
000E12 : 00;
000E13 : 00;
000E14 : 00;
000E15 : 00;
000E16 : 00;
000E17 : 00;
000E18 : 00;
000E19 : 00;
000E1A : 00;
000E1B : 00;
000E1C : 3D;
000E1D : 94;
000E1E : 07;
000E1F : 0D;
000E20 : 7A;
000E21 : 23;
000E22 : 23;
000E23 : 79;
000E24 : 23;
000E25 : C6;
000E26 : 72;
000E27 : A6;
000E28 : 4B;
000E29 : 65;
000E2A : B9;
000E2B : 33;
000E2C : A5;
000E2D : 43;
000E2E : 43;
000E2F : 31;
000E30 : B6;
000E31 : D0;
000E32 : 07;
000E33 : 07;
000E34 : D0;
000E35 : 65;
000E36 : 9C;
000E37 : 79;
000E38 : A7;
000E39 : 23;
000E3A : 02;
000E3B : B1;
000E3C : B1;
000E3D : B1;
000E3E : 64;
000E3F : 9C;
000E40 : BF;
000E41 : 65;
000E42 : 29;
000E43 : 3B;
000E44 : 8C;
000E45 : 21;
000E46 : 9E;
000E47 : E2;
000E48 : 3D;
000E49 : 9E;
000E4A : 42;
000E4B : D8;
000E4C : 64;
000E4D : A5;
000E4E : AC;
000E4F : 5A;
000E50 : 8A;
000E51 : 66;
000E52 : 99;
000E53 : 00;
000E54 : 00;
000E55 : 00;
000E56 : 00;
000E57 : 00;
000E58 : 00;
000E59 : 00;
000E5A : 00;
000E5B : 00;
000E5C : 00;
000E5D : 00;
000E5E : 00;
000E5F : 00;
000E60 : 00;
000E61 : 00;
000E62 : 00;
000E63 : 00;
000E64 : 00;
000E65 : 00;
000E66 : 00;
000E67 : 00;
000E68 : 00;
000E69 : 00;
000E6A : 00;
000E6B : 00;
000E6C : 00;
000E6D : 00;
000E6E : 00;
000E6F : 00;
000E70 : 00;
000E71 : 00;
000E72 : 00;
000E73 : 00;
000E74 : 00;
000E75 : 00;
000E76 : 00;
000E77 : 00;
000E78 : 00;
000E79 : 00;
000E7A : 00;
000E7B : 00;
000E7C : 00;
000E7D : 00;
000E7E : 00;
000E7F : 00;
000E80 : 77;
000E81 : BC;
000E82 : 2B;
000E83 : 4D;
000E84 : C2;
000E85 : C8;
000E86 : 23;
000E87 : 23;
000E88 : 23;
000E89 : 79;
000E8A : 79;
000E8B : 23;
000E8C : C8;
000E8D : CA;
000E8E : 1B;
000E8F : D1;
000E90 : 34;
000E91 : 84;
000E92 : 43;
000E93 : A5;
000E94 : 79;
000E95 : 45;
000E96 : 45;
000E97 : DC;
000E98 : F5;
000E99 : F5;
000E9A : C8;
000E9B : 7A;
000E9C : 7A;
000E9D : 64;
000E9E : C8;
000E9F : 47;
000EA0 : B9;
000EA1 : 4A;
000EA2 : B1;
000EA3 : B1;
000EA4 : A7;
000EA5 : CA;
000EA6 : D1;
000EA7 : 89;
000EA8 : 3B;
000EA9 : 70;
000EAA : 29;
000EAB : F9;
000EAC : DA;
000EAD : 7D;
000EAE : 89;
000EAF : 30;
000EB0 : A2;
000EB1 : ED;
000EB2 : 5A;
000EB3 : 33;
000EB4 : 41;
000EB5 : 27;
000EB6 : A6;
000EB7 : 11;
000EB8 : 00;
000EB9 : 00;
000EBA : 00;
000EBB : 00;
000EBC : 00;
000EBD : 00;
000EBE : 00;
000EBF : 00;
000EC0 : 00;
000EC1 : 00;
000EC2 : 00;
000EC3 : 00;
000EC4 : 00;
000EC5 : 00;
000EC6 : 00;
000EC7 : 00;
000EC8 : 00;
000EC9 : 00;
000ECA : 00;
000ECB : 00;
000ECC : 00;
000ECD : 00;
000ECE : 00;
000ECF : 00;
000ED0 : 00;
000ED1 : 00;
000ED2 : 00;
000ED3 : 00;
000ED4 : 00;
000ED5 : 00;
000ED6 : 00;
000ED7 : 00;
000ED8 : 00;
000ED9 : 00;
000EDA : 00;
000EDB : 00;
000EDC : 00;
000EDD : 00;
000EDE : 00;
000EDF : 00;
000EE0 : 00;
000EE1 : 00;
000EE2 : 61;
000EE3 : EB;
000EE4 : 94;
000EE5 : EB;
000EE6 : 8D;
000EE7 : 4B;
000EE8 : EB;
000EE9 : 8A;
000EEA : F6;
000EEB : 23;
000EEC : 23;
000EED : 23;
000EEE : 23;
000EEF : 79;
000EF0 : 79;
000EF1 : 79;
000EF2 : 79;
000EF3 : 7A;
000EF4 : 25;
000EF5 : 72;
000EF6 : 12;
000EF7 : DF;
000EF8 : 23;
000EF9 : 79;
000EFA : 79;
000EFB : 02;
000EFC : 79;
000EFD : 23;
000EFE : 64;
000EFF : 98;
000F00 : 4A;
000F01 : 4A;
000F02 : 98;
000F03 : 0E;
000F04 : C2;
000F05 : BF;
000F06 : 17;
000F07 : 33;
000F08 : E8;
000F09 : A0;
000F0A : 19;
000F0B : 21;
000F0C : 34;
000F0D : E7;
000F0E : C5;
000F0F : 05;
000F10 : 70;
000F11 : 16;
000F12 : E7;
000F13 : 29;
000F14 : 88;
000F15 : 56;
000F16 : F2;
000F17 : 75;
000F18 : 75;
000F19 : D0;
000F1A : 9A;
000F1B : A6;
000F1C : BF;
000F1D : D1;
000F1E : 00;
000F1F : 00;
000F20 : 00;
000F21 : 00;
000F22 : 00;
000F23 : 00;
000F24 : 00;
000F25 : 00;
000F26 : 00;
000F27 : 00;
000F28 : 00;
000F29 : 00;
000F2A : 00;
000F2B : 00;
000F2C : 00;
000F2D : 00;
000F2E : 00;
000F2F : 00;
000F30 : 00;
000F31 : 00;
000F32 : 00;
000F33 : 00;
000F34 : 00;
000F35 : 00;
000F36 : 00;
000F37 : 00;
000F38 : 00;
000F39 : 00;
000F3A : 00;
000F3B : 00;
000F3C : 00;
000F3D : 00;
000F3E : 00;
000F3F : 00;
000F40 : 00;
000F41 : 00;
000F42 : 00;
000F43 : 00;
000F44 : 00;
000F45 : 52;
000F46 : 83;
000F47 : FD;
000F48 : 4D;
000F49 : 82;
000F4A : 82;
000F4B : 4D;
000F4C : E2;
000F4D : 8A;
000F4E : 48;
000F4F : AD;
000F50 : 21;
000F51 : 7A;
000F52 : 79;
000F53 : 79;
000F54 : 79;
000F55 : 79;
000F56 : 79;
000F57 : 79;
000F58 : 79;
000F59 : 79;
000F5A : A7;
000F5B : 19;
000F5C : 64;
000F5D : C6;
000F5E : 79;
000F5F : 23;
000F60 : 79;
000F61 : 79;
000F62 : 79;
000F63 : 98;
000F64 : 98;
000F65 : 98;
000F66 : 4A;
000F67 : DC;
000F68 : 5A;
000F69 : D2;
000F6A : 94;
000F6B : 22;
000F6C : C2;
000F6D : A5;
000F6E : C2;
000F6F : 17;
000F70 : 02;
000F71 : 21;
000F72 : A2;
000F73 : 89;
000F74 : C5;
000F75 : 05;
000F76 : 05;
000F77 : 70;
000F78 : C5;
000F79 : 70;
000F7A : 05;
000F7B : 88;
000F7C : E3;
000F7D : DD;
000F7E : FB;
000F7F : E0;
000F80 : 34;
000F81 : 11;
000F82 : D1;
000F83 : 00;
000F84 : 00;
000F85 : 00;
000F86 : 00;
000F87 : 00;
000F88 : 00;
000F89 : 00;
000F8A : 00;
000F8B : 00;
000F8C : 00;
000F8D : 00;
000F8E : 00;
000F8F : 00;
000F90 : 00;
000F91 : 00;
000F92 : 00;
000F93 : 00;
000F94 : 00;
000F95 : 00;
000F96 : 00;
000F97 : 00;
000F98 : 00;
000F99 : 00;
000F9A : 00;
000F9B : 00;
000F9C : 00;
000F9D : 00;
000F9E : 00;
000F9F : 00;
000FA0 : 00;
000FA1 : 00;
000FA2 : 00;
000FA3 : 00;
000FA4 : 00;
000FA5 : 00;
000FA6 : 00;
000FA7 : 00;
000FA8 : 2E;
000FA9 : 96;
000FAA : 03;
000FAB : FD;
000FAC : CC;
000FAD : FD;
000FAE : EB;
000FAF : EE;
000FB0 : 7F;
000FB1 : 8D;
000FB2 : 44;
000FB3 : 57;
000FB4 : 4F;
000FB5 : FD;
000FB6 : 21;
000FB7 : 7A;
000FB8 : 79;
000FB9 : 79;
000FBA : 79;
000FBB : 79;
000FBC : 79;
000FBD : 79;
000FBE : 79;
000FBF : 79;
000FC0 : 98;
000FC1 : 98;
000FC2 : 98;
000FC3 : 98;
000FC4 : 23;
000FC5 : 79;
000FC6 : 79;
000FC7 : 79;
000FC8 : 98;
000FC9 : 98;
000FCA : 98;
000FCB : 98;
000FCC : DC;
000FCD : 64;
000FCE : B6;
000FCF : 66;
000FD0 : FB;
000FD1 : 4B;
000FD2 : 0E;
000FD3 : 1E;
000FD4 : 22;
000FD5 : 8D;
000FD6 : F5;
000FD7 : 84;
000FD8 : 99;
000FD9 : 62;
000FDA : E3;
000FDB : 70;
000FDC : 05;
000FDD : 05;
000FDE : 05;
000FDF : 05;
000FE0 : 05;
000FE1 : C5;
000FE2 : BB;
000FE3 : 95;
000FE4 : 66;
000FE5 : 15;
000FE6 : F4;
000FE7 : 34;
000FE8 : 00;
000FE9 : 00;
000FEA : 00;
000FEB : 00;
000FEC : 00;
000FED : 00;
000FEE : 00;
000FEF : 00;
000FF0 : 00;
000FF1 : 00;
000FF2 : 00;
000FF3 : 00;
000FF4 : 00;
000FF5 : 00;
000FF6 : 00;
000FF7 : 00;
000FF8 : 00;
000FF9 : 00;
000FFA : 00;
000FFB : 00;
000FFC : 00;
000FFD : 00;
000FFE : 00;
000FFF : 00;
001000 : 00;
001001 : 00;
001002 : 00;
001003 : 00;
001004 : 00;
001005 : 00;
001006 : 00;
001007 : 00;
001008 : 00;
001009 : 00;
00100A : 00;
00100B : 00;
00100C : 00;
00100D : 82;
00100E : 44;
00100F : 4D;
001010 : 03;
001011 : EB;
001012 : 32;
001013 : FF;
001014 : 0C;
001015 : 97;
001016 : 58;
001017 : 44;
001018 : AF;
001019 : 25;
00101A : 5A;
00101B : F8;
00101C : B6;
00101D : 7A;
00101E : 79;
00101F : 02;
001020 : 02;
001021 : 79;
001022 : 79;
001023 : 79;
001024 : 23;
001025 : 98;
001026 : 64;
001027 : 98;
001028 : 98;
001029 : 98;
00102A : 98;
00102B : 98;
00102C : 98;
00102D : 79;
00102E : 98;
00102F : 98;
001030 : 98;
001031 : 98;
001032 : 02;
001033 : 43;
001034 : F5;
001035 : CA;
001036 : 17;
001037 : 37;
001038 : A5;
001039 : D0;
00103A : E0;
00103B : 07;
00103C : F5;
00103D : 5A;
00103E : BF;
00103F : A2;
001040 : 8F;
001041 : 8C;
001042 : C5;
001043 : 05;
001044 : 05;
001045 : 05;
001046 : 70;
001047 : F1;
001048 : 8F;
001049 : 71;
00104A : 71;
00104B : 00;
00104C : 00;
00104D : 00;
00104E : 00;
00104F : 00;
001050 : 00;
001051 : 00;
001052 : 00;
001053 : 00;
001054 : 00;
001055 : 00;
001056 : 00;
001057 : 00;
001058 : 00;
001059 : 00;
00105A : 00;
00105B : 00;
00105C : 00;
00105D : 00;
00105E : 00;
00105F : 00;
001060 : 00;
001061 : 00;
001062 : 00;
001063 : 00;
001064 : 00;
001065 : 00;
001066 : 00;
001067 : 00;
001068 : 00;
001069 : 00;
00106A : 00;
00106B : 00;
00106C : 00;
00106D : 00;
00106E : 00;
00106F : 00;
001070 : 00;
001071 : 03;
001072 : 03;
001073 : 82;
001074 : 4D;
001075 : B4;
001076 : AB;
001077 : 55;
001078 : 76;
001079 : CE;
00107A : 74;
00107B : 4C;
00107C : C3;
00107D : FD;
00107E : 21;
00107F : 23;
001080 : 1E;
001081 : F8;
001082 : 57;
001083 : 7A;
001084 : 02;
001085 : 02;
001086 : 02;
001087 : 02;
001088 : 23;
001089 : 79;
00108A : 98;
00108B : 64;
00108C : 64;
00108D : DC;
00108E : 98;
00108F : 98;
001090 : 98;
001091 : 98;
001092 : 98;
001093 : 98;
001094 : 98;
001095 : 98;
001096 : 98;
001097 : 98;
001098 : 02;
001099 : A5;
00109A : 79;
00109B : 45;
00109C : 33;
00109D : 43;
00109E : B9;
00109F : 2B;
0010A0 : 82;
0010A1 : F0;
0010A2 : 91;
0010A3 : 31;
0010A4 : 34;
0010A5 : 95;
0010A6 : 81;
0010A7 : F2;
0010A8 : 56;
0010A9 : C5;
0010AA : C5;
0010AB : C5;
0010AC : 8C;
0010AD : 7D;
0010AE : 3D;
0010AF : 24;
0010B0 : 11;
0010B1 : 00;
0010B2 : 00;
0010B3 : 00;
0010B4 : 00;
0010B5 : 00;
0010B6 : 00;
0010B7 : 00;
0010B8 : 00;
0010B9 : 00;
0010BA : 00;
0010BB : 00;
0010BC : 00;
0010BD : 00;
0010BE : 00;
0010BF : 00;
0010C0 : 00;
0010C1 : 00;
0010C2 : 00;
0010C3 : 00;
0010C4 : 00;
0010C5 : 00;
0010C6 : 00;
0010C7 : 00;
0010C8 : 00;
0010C9 : 00;
0010CA : 00;
0010CB : 00;
0010CC : 00;
0010CD : 00;
0010CE : 00;
0010CF : 00;
0010D0 : 00;
0010D1 : 00;
0010D2 : 00;
0010D3 : 00;
0010D4 : 00;
0010D5 : 00;
0010D6 : F8;
0010D7 : E0;
0010D8 : 82;
0010D9 : 44;
0010DA : 28;
0010DB : 0C;
0010DC : CB;
0010DD : 04;
0010DE : 26;
0010DF : 26;
0010E0 : 26;
0010E1 : E6;
0010E2 : C7;
0010E3 : 15;
0010E4 : DF;
0010E5 : 7A;
0010E6 : 9C;
0010E7 : 82;
0010E8 : 17;
0010E9 : 79;
0010EA : 79;
0010EB : C8;
0010EC : 98;
0010ED : 6B;
0010EE : B9;
0010EF : 02;
0010F0 : 79;
0010F1 : DC;
0010F2 : 98;
0010F3 : DC;
0010F4 : DC;
0010F5 : DC;
0010F6 : A7;
0010F7 : A7;
0010F8 : 98;
0010F9 : 2F;
0010FA : 91;
0010FB : F5;
0010FC : 98;
0010FD : A7;
0010FE : AC;
0010FF : DC;
001100 : A5;
001101 : 02;
001102 : 02;
001103 : 43;
001104 : B2;
001105 : F0;
001106 : BF;
001107 : 1A;
001108 : A5;
001109 : F5;
00110A : 9A;
00110B : 07;
00110C : F2;
00110D : 9A;
00110E : 30;
00110F : 7E;
001110 : FC;
001111 : E9;
001112 : 65;
001113 : 2B;
001114 : BF;
001115 : 24;
001116 : 00;
001117 : 00;
001118 : 00;
001119 : 00;
00111A : 00;
00111B : 00;
00111C : 00;
00111D : 00;
00111E : 00;
00111F : 00;
001120 : 00;
001121 : 00;
001122 : 00;
001123 : 00;
001124 : 00;
001125 : 00;
001126 : 00;
001127 : 00;
001128 : 00;
001129 : 00;
00112A : 00;
00112B : 00;
00112C : 00;
00112D : 00;
00112E : 00;
00112F : 00;
001130 : 00;
001131 : 00;
001132 : 00;
001133 : 00;
001134 : 00;
001135 : 00;
001136 : 00;
001137 : 00;
001138 : 00;
001139 : 00;
00113A : 9E;
00113B : FB;
00113C : E0;
00113D : 15;
00113E : F3;
00113F : 1F;
001140 : 97;
001141 : 78;
001142 : EF;
001143 : 04;
001144 : 74;
001145 : 26;
001146 : 74;
001147 : E6;
001148 : 32;
001149 : 48;
00114A : B2;
00114B : 7A;
00114C : 0D;
00114D : F0;
00114E : E2;
00114F : 0D;
001150 : 98;
001151 : 4A;
001152 : 4A;
001153 : 57;
001154 : 87;
001155 : 0D;
001156 : 23;
001157 : 79;
001158 : 98;
001159 : DC;
00115A : AC;
00115B : E8;
00115C : 1E;
00115D : B6;
00115E : 9F;
00115F : 87;
001160 : D2;
001161 : 87;
001162 : 9F;
001163 : 21;
001164 : 31;
001165 : F5;
001166 : 45;
001167 : 23;
001168 : 02;
001169 : 02;
00116A : 7A;
00116B : 9C;
00116C : 1E;
00116D : 91;
00116E : 02;
00116F : 7A;
001170 : D6;
001171 : 34;
001172 : 42;
001173 : 5F;
001174 : 57;
001175 : 9E;
001176 : 94;
001177 : 66;
001178 : 94;
001179 : ED;
00117A : BF;
00117B : 24;
00117C : 00;
00117D : 00;
00117E : 00;
00117F : 00;
001180 : 00;
001181 : 00;
001182 : 00;
001183 : 00;
001184 : 00;
001185 : 00;
001186 : 00;
001187 : 00;
001188 : 00;
001189 : 00;
00118A : 00;
00118B : 00;
00118C : 00;
00118D : 00;
00118E : 00;
00118F : 00;
001190 : 00;
001191 : 00;
001192 : 00;
001193 : 00;
001194 : 00;
001195 : 00;
001196 : 00;
001197 : 00;
001198 : 00;
001199 : 00;
00119A : 00;
00119B : 00;
00119C : 00;
00119D : 00;
00119E : 00;
00119F : 99;
0011A0 : 11;
0011A1 : A6;
0011A2 : BC;
0011A3 : 28;
0011A4 : 8B;
0011A5 : 04;
0011A6 : EF;
0011A7 : 04;
0011A8 : 04;
0011A9 : 04;
0011AA : 74;
0011AB : 04;
0011AC : 74;
0011AD : E6;
0011AE : 32;
0011AF : 1B;
0011B0 : 0D;
0011B1 : 7A;
0011B2 : 79;
0011B3 : 9F;
0011B4 : 22;
0011B5 : 08;
0011B6 : A7;
0011B7 : 64;
0011B8 : 25;
0011B9 : 34;
0011BA : D0;
0011BB : 02;
0011BC : 23;
0011BD : 79;
0011BE : 02;
0011BF : 64;
0011C0 : D8;
0011C1 : C9;
0011C2 : 4D;
0011C3 : 4D;
0011C4 : E2;
0011C5 : 62;
0011C6 : 62;
0011C7 : DD;
0011C8 : F0;
0011C9 : 22;
0011CA : 94;
0011CB : 9A;
0011CC : 84;
0011CD : 46;
0011CE : 7A;
0011CF : 64;
0011D0 : 79;
0011D1 : 7A;
0011D2 : 7A;
0011D3 : 23;
0011D4 : C8;
0011D5 : 02;
0011D6 : 79;
0011D7 : 37;
0011D8 : F4;
0011D9 : BC;
0011DA : 8E;
0011DB : 42;
0011DC : 84;
0011DD : 72;
0011DE : 47;
0011DF : 1A;
0011E0 : D1;
0011E1 : 24;
0011E2 : 00;
0011E3 : 00;
0011E4 : 00;
0011E5 : 00;
0011E6 : 00;
0011E7 : 00;
0011E8 : 00;
0011E9 : 00;
0011EA : 00;
0011EB : 00;
0011EC : 00;
0011ED : 00;
0011EE : 00;
0011EF : 00;
0011F0 : 00;
0011F1 : 00;
0011F2 : 00;
0011F3 : 00;
0011F4 : 00;
0011F5 : 00;
0011F6 : 00;
0011F7 : 00;
0011F8 : 00;
0011F9 : 00;
0011FA : 00;
0011FB : 00;
0011FC : 00;
0011FD : 00;
0011FE : 00;
0011FF : 00;
001200 : 00;
001201 : 00;
001202 : 00;
001203 : 00;
001204 : 71;
001205 : 11;
001206 : A6;
001207 : ED;
001208 : 01;
001209 : 76;
00120A : EF;
00120B : 74;
00120C : EF;
00120D : 04;
00120E : 78;
00120F : 74;
001210 : 74;
001211 : 04;
001212 : 74;
001213 : E6;
001214 : 32;
001215 : 4B;
001216 : D8;
001217 : 7A;
001218 : 19;
001219 : 72;
00121A : 66;
00121B : 57;
00121C : 64;
00121D : 19;
00121E : 5A;
00121F : 99;
001220 : 72;
001221 : 19;
001222 : 79;
001223 : 79;
001224 : 79;
001225 : A5;
001226 : C2;
001227 : 4D;
001228 : D7;
001229 : 48;
00122A : 3C;
00122B : FC;
00122C : 29;
00122D : 8C;
00122E : E9;
00122F : E2;
001230 : ED;
001231 : 65;
001232 : 6A;
001233 : 95;
001234 : 72;
001235 : 0D;
001236 : 7A;
001237 : 79;
001238 : 02;
001239 : 02;
00123A : 02;
00123B : 02;
00123C : 02;
00123D : 79;
00123E : 0E;
00123F : 72;
001240 : 72;
001241 : 46;
001242 : AC;
001243 : DC;
001244 : E8;
001245 : D0;
001246 : 71;
001247 : 24;
001248 : 00;
001249 : 00;
00124A : 00;
00124B : 00;
00124C : 00;
00124D : 00;
00124E : 00;
00124F : 00;
001250 : 00;
001251 : 00;
001252 : 00;
001253 : 00;
001254 : 00;
001255 : 00;
001256 : 00;
001257 : 00;
001258 : 00;
001259 : 00;
00125A : 00;
00125B : 00;
00125C : 00;
00125D : 00;
00125E : 00;
00125F : 00;
001260 : 00;
001261 : 00;
001262 : 00;
001263 : 00;
001264 : 00;
001265 : 00;
001266 : 00;
001267 : 00;
001268 : 00;
001269 : 24;
00126A : BF;
00126B : A6;
00126C : ED;
00126D : 01;
00126E : 97;
00126F : 74;
001270 : 74;
001271 : EF;
001272 : 04;
001273 : 78;
001274 : 78;
001275 : 78;
001276 : 74;
001277 : 74;
001278 : 74;
001279 : C0;
00127A : C7;
00127B : FB;
00127C : 63;
00127D : 19;
00127E : 45;
00127F : 41;
001280 : 4B;
001281 : EB;
001282 : 25;
001283 : 6E;
001284 : F6;
001285 : 66;
001286 : 08;
001287 : 19;
001288 : 79;
001289 : 79;
00128A : 7A;
00128B : 31;
00128C : E2;
00128D : 6C;
00128E : 36;
00128F : 83;
001290 : 44;
001291 : 0B;
001292 : 2D;
001293 : BB;
001294 : 65;
001295 : 94;
001296 : 65;
001297 : 8C;
001298 : 56;
001299 : 8F;
00129A : 3D;
00129B : F0;
00129C : 5A;
00129D : 79;
00129E : 43;
00129F : 02;
0012A0 : 79;
0012A1 : 79;
0012A2 : 02;
0012A3 : A5;
0012A4 : AC;
0012A5 : AC;
0012A6 : DC;
0012A7 : 33;
0012A8 : 33;
0012A9 : DC;
0012AA : 5A;
0012AB : 34;
0012AC : D1;
0012AD : 00;
0012AE : 00;
0012AF : 00;
0012B0 : 00;
0012B1 : 00;
0012B2 : 00;
0012B3 : 00;
0012B4 : 00;
0012B5 : 00;
0012B6 : 00;
0012B7 : 00;
0012B8 : 00;
0012B9 : 00;
0012BA : 00;
0012BB : 00;
0012BC : 00;
0012BD : 00;
0012BE : 00;
0012BF : 00;
0012C0 : 00;
0012C1 : 00;
0012C2 : 00;
0012C3 : 00;
0012C4 : 00;
0012C5 : 00;
0012C6 : 00;
0012C7 : 00;
0012C8 : 00;
0012C9 : 00;
0012CA : 00;
0012CB : 00;
0012CC : 00;
0012CD : 00;
0012CE : 00;
0012CF : B3;
0012D0 : 75;
0012D1 : ED;
0012D2 : 01;
0012D3 : 97;
0012D4 : C0;
0012D5 : C0;
0012D6 : EF;
0012D7 : EF;
0012D8 : EF;
0012D9 : 78;
0012DA : 78;
0012DB : 78;
0012DC : 74;
0012DD : 74;
0012DE : 4C;
0012DF : EF;
0012E0 : C3;
0012E1 : FB;
0012E2 : 21;
0012E3 : 19;
0012E4 : 02;
0012E5 : 64;
0012E6 : C2;
0012E7 : 22;
0012E8 : 65;
0012E9 : 6E;
0012EA : C9;
0012EB : E0;
0012EC : D8;
0012ED : 7A;
0012EE : 02;
0012EF : 79;
0012F0 : 19;
0012F1 : D6;
0012F2 : 75;
0012F3 : 8D;
0012F4 : D7;
0012F5 : 36;
0012F6 : D7;
0012F7 : EB;
0012F8 : AF;
0012F9 : 8E;
0012FA : E2;
0012FB : 4D;
0012FC : 8F;
0012FD : 88;
0012FE : 2A;
0012FF : 8C;
001300 : 0B;
001301 : 99;
001302 : A2;
001303 : 62;
001304 : 0D;
001305 : 43;
001306 : 79;
001307 : 02;
001308 : 02;
001309 : 4A;
00130A : B1;
00130B : B1;
00130C : B1;
00130D : B1;
00130E : AC;
00130F : 31;
001310 : 87;
001311 : D1;
001312 : FB;
001313 : 00;
001314 : 00;
001315 : 00;
001316 : 00;
001317 : 00;
001318 : 00;
001319 : 00;
00131A : 00;
00131B : 00;
00131C : 00;
00131D : 00;
00131E : 00;
00131F : 00;
001320 : 00;
001321 : 00;
001322 : 00;
001323 : 00;
001324 : 00;
001325 : 00;
001326 : 00;
001327 : 00;
001328 : 00;
001329 : 00;
00132A : 00;
00132B : 00;
00132C : 00;
00132D : 00;
00132E : 00;
00132F : 00;
001330 : 00;
001331 : 00;
001332 : 00;
001333 : 00;
001334 : C9;
001335 : 59;
001336 : 27;
001337 : AB;
001338 : 76;
001339 : 74;
00133A : C0;
00133B : C0;
00133C : EF;
00133D : EF;
00133E : EF;
00133F : EF;
001340 : 74;
001341 : 74;
001342 : 74;
001343 : 74;
001344 : C0;
001345 : EF;
001346 : 1F;
001347 : 03;
001348 : D0;
001349 : C6;
00134A : 02;
00134B : A7;
00134C : DF;
00134D : 75;
00134E : 44;
00134F : AA;
001350 : 3C;
001351 : F7;
001352 : 0D;
001353 : 23;
001354 : 02;
001355 : 79;
001356 : 7A;
001357 : 25;
001358 : 9F;
001359 : 44;
00135A : 96;
00135B : EB;
00135C : EB;
00135D : 44;
00135E : 1B;
00135F : 8D;
001360 : 8E;
001361 : EB;
001362 : 57;
001363 : 56;
001364 : 50;
001365 : 7E;
001366 : 4B;
001367 : 42;
001368 : 8F;
001369 : 34;
00136A : 9F;
00136B : 91;
00136C : 79;
00136D : 98;
00136E : 4A;
00136F : 4A;
001370 : B1;
001371 : B1;
001372 : B1;
001373 : 46;
001374 : 1E;
001375 : 87;
001376 : D1;
001377 : 11;
001378 : F8;
001379 : 00;
00137A : 00;
00137B : 00;
00137C : 00;
00137D : 00;
00137E : 00;
00137F : 00;
001380 : 00;
001381 : 00;
001382 : 00;
001383 : 00;
001384 : 00;
001385 : 00;
001386 : 00;
001387 : 00;
001388 : 00;
001389 : 00;
00138A : 00;
00138B : 00;
00138C : 00;
00138D : 00;
00138E : 00;
00138F : 00;
001390 : 00;
001391 : 00;
001392 : 00;
001393 : 00;
001394 : 00;
001395 : 00;
001396 : 00;
001397 : 00;
001398 : 00;
001399 : 9E;
00139A : DA;
00139B : F3;
00139C : FA;
00139D : E1;
00139E : EF;
00139F : C0;
0013A0 : C0;
0013A1 : EF;
0013A2 : EF;
0013A3 : EF;
0013A4 : EF;
0013A5 : 74;
0013A6 : 74;
0013A7 : 74;
0013A8 : C0;
0013A9 : C0;
0013AA : C0;
0013AB : 74;
0013AC : 8B;
0013AD : 13;
0013AE : 2B;
0013AF : 9C;
0013B0 : 7A;
0013B1 : 02;
0013B2 : A7;
0013B3 : 21;
0013B4 : 4D;
0013B5 : 83;
0013B6 : 6C;
0013B7 : 52;
0013B8 : 91;
0013B9 : 79;
0013BA : 02;
0013BB : 79;
0013BC : 23;
0013BD : 7A;
0013BE : 91;
0013BF : 0E;
0013C0 : 1E;
0013C1 : 21;
0013C2 : 12;
0013C3 : 8E;
0013C4 : 4D;
0013C5 : 44;
0013C6 : 8D;
0013C7 : 8D;
0013C8 : EB;
0013C9 : C9;
0013CA : A8;
0013CB : F4;
0013CC : FB;
0013CD : 89;
0013CE : 2A;
0013CF : 7E;
0013D0 : 11;
0013D1 : 08;
0013D2 : 7A;
0013D3 : C8;
0013D4 : 98;
0013D5 : A0;
0013D6 : 1A;
0013D7 : C2;
0013D8 : DD;
0013D9 : 87;
0013DA : 34;
0013DB : D1;
0013DC : 11;
0013DD : 34;
0013DE : 00;
0013DF : 00;
0013E0 : 00;
0013E1 : 00;
0013E2 : 00;
0013E3 : 00;
0013E4 : 00;
0013E5 : 00;
0013E6 : 00;
0013E7 : 00;
0013E8 : 00;
0013E9 : 00;
0013EA : 00;
0013EB : 00;
0013EC : 00;
0013ED : 00;
0013EE : 00;
0013EF : 00;
0013F0 : 00;
0013F1 : 00;
0013F2 : 00;
0013F3 : 00;
0013F4 : 00;
0013F5 : 00;
0013F6 : 00;
0013F7 : 00;
0013F8 : 00;
0013F9 : 00;
0013FA : 00;
0013FB : 00;
0013FC : 00;
0013FD : 00;
0013FE : 00;
0013FF : 9E;
001400 : 3D;
001401 : 6A;
001402 : 18;
001403 : A9;
001404 : FE;
001405 : EF;
001406 : EF;
001407 : EF;
001408 : EF;
001409 : EF;
00140A : EF;
00140B : 74;
00140C : 74;
00140D : C0;
00140E : C0;
00140F : C0;
001410 : C0;
001411 : C0;
001412 : E6;
001413 : 7F;
001414 : AE;
001415 : 65;
001416 : 19;
001417 : C8;
001418 : DC;
001419 : C8;
00141A : B6;
00141B : 15;
00141C : 6C;
00141D : AF;
00141E : 91;
00141F : 23;
001420 : 79;
001421 : 23;
001422 : 23;
001423 : 23;
001424 : 23;
001425 : 43;
001426 : 45;
001427 : 45;
001428 : 43;
001429 : B2;
00142A : CA;
00142B : D0;
00142C : 15;
00142D : 8A;
00142E : 1B;
00142F : 8A;
001430 : 15;
001431 : 8A;
001432 : EB;
001433 : E5;
001434 : 16;
001435 : 7E;
001436 : 34;
001437 : D6;
001438 : 7A;
001439 : C8;
00143A : B1;
00143B : 1A;
00143C : A2;
00143D : 24;
00143E : 24;
00143F : 24;
001440 : 24;
001441 : D1;
001442 : 00;
001443 : 00;
001444 : 00;
001445 : 00;
001446 : 00;
001447 : 00;
001448 : 00;
001449 : 00;
00144A : 00;
00144B : 00;
00144C : 00;
00144D : 00;
00144E : 00;
00144F : 00;
001450 : 00;
001451 : 00;
001452 : 00;
001453 : 00;
001454 : 00;
001455 : 00;
001456 : 00;
001457 : 00;
001458 : 00;
001459 : 00;
00145A : 00;
00145B : 00;
00145C : 00;
00145D : 00;
00145E : 00;
00145F : 00;
001460 : 00;
001461 : 00;
001462 : 00;
001463 : 00;
001464 : 9E;
001465 : 9E;
001466 : 81;
001467 : 01;
001468 : E6;
001469 : 14;
00146A : A9;
00146B : FE;
00146C : EF;
00146D : EF;
00146E : EF;
00146F : EF;
001470 : EF;
001471 : 74;
001472 : 74;
001473 : C0;
001474 : C0;
001475 : C0;
001476 : C0;
001477 : C0;
001478 : 78;
001479 : D4;
00147A : 03;
00147B : ED;
00147C : B2;
00147D : DC;
00147E : 33;
00147F : DC;
001480 : 02;
001481 : 10;
001482 : 6C;
001483 : 6C;
001484 : 9C;
001485 : 7A;
001486 : 79;
001487 : 23;
001488 : 23;
001489 : 23;
00148A : 23;
00148B : 02;
00148C : A5;
00148D : 02;
00148E : DC;
00148F : 23;
001490 : 45;
001491 : F5;
001492 : 5A;
001493 : 3C;
001494 : 15;
001495 : 1B;
001496 : 48;
001497 : 48;
001498 : 6C;
001499 : D7;
00149A : F3;
00149B : 75;
00149C : ED;
00149D : 25;
00149E : 79;
00149F : 79;
0014A0 : AA;
0014A1 : 95;
0014A2 : 9E;
0014A3 : A2;
0014A4 : 71;
0014A5 : 24;
0014A6 : 24;
0014A7 : 00;
0014A8 : 00;
0014A9 : 00;
0014AA : 00;
0014AB : 00;
0014AC : 00;
0014AD : 00;
0014AE : 00;
0014AF : 00;
0014B0 : 00;
0014B1 : 00;
0014B2 : 00;
0014B3 : 00;
0014B4 : 00;
0014B5 : 00;
0014B6 : 00;
0014B7 : 00;
0014B8 : 00;
0014B9 : 00;
0014BA : 00;
0014BB : 00;
0014BC : 00;
0014BD : 00;
0014BE : 00;
0014BF : 00;
0014C0 : 00;
0014C1 : 00;
0014C2 : 00;
0014C3 : 00;
0014C4 : 00;
0014C5 : 00;
0014C6 : 00;
0014C7 : 00;
0014C8 : 00;
0014C9 : 00;
0014CA : 3D;
0014CB : 3D;
0014CC : EE;
0014CD : CD;
0014CE : EF;
0014CF : EF;
0014D0 : 14;
0014D1 : A9;
0014D2 : FE;
0014D3 : 78;
0014D4 : EF;
0014D5 : EF;
0014D6 : EF;
0014D7 : 74;
0014D8 : 74;
0014D9 : 74;
0014DA : C0;
0014DB : C0;
0014DC : C0;
0014DD : C0;
0014DE : 74;
0014DF : 76;
0014E0 : 6A;
0014E1 : AE;
0014E2 : B6;
0014E3 : 45;
0014E4 : A5;
0014E5 : A5;
0014E6 : DC;
0014E7 : 45;
0014E8 : F6;
0014E9 : F8;
0014EA : 10;
0014EB : 19;
0014EC : 79;
0014ED : 23;
0014EE : 23;
0014EF : 23;
0014F0 : 23;
0014F1 : 79;
0014F2 : 23;
0014F3 : B2;
0014F4 : 41;
0014F5 : 02;
0014F6 : AC;
0014F7 : AC;
0014F8 : 45;
0014F9 : 6B;
0014FA : B6;
0014FB : EB;
0014FC : 44;
0014FD : D7;
0014FE : D7;
0014FF : D7;
001500 : 44;
001501 : E2;
001502 : 84;
001503 : 23;
001504 : 02;
001505 : 6B;
001506 : DD;
001507 : 9E;
001508 : 9E;
001509 : 00;
00150A : 00;
00150B : 00;
00150C : 00;
00150D : 00;
00150E : 00;
00150F : 00;
001510 : 00;
001511 : 00;
001512 : 00;
001513 : 00;
001514 : 00;
001515 : 00;
001516 : 00;
001517 : 00;
001518 : 00;
001519 : 00;
00151A : 00;
00151B : 00;
00151C : 00;
00151D : 00;
00151E : 00;
00151F : 00;
001520 : 00;
001521 : 00;
001522 : 00;
001523 : 00;
001524 : 00;
001525 : 00;
001526 : 00;
001527 : 00;
001528 : 00;
001529 : 00;
00152A : 00;
00152B : 00;
00152C : 00;
00152D : 00;
00152E : 00;
00152F : C7;
001530 : 95;
001531 : 95;
001532 : 58;
001533 : EF;
001534 : EF;
001535 : EF;
001536 : 78;
001537 : 14;
001538 : A9;
001539 : 49;
00153A : 78;
00153B : 78;
00153C : 74;
00153D : 74;
00153E : 74;
00153F : 74;
001540 : 74;
001541 : 74;
001542 : 74;
001543 : 4C;
001544 : 4C;
001545 : EF;
001546 : FF;
001547 : 03;
001548 : 2B;
001549 : 9C;
00154A : 45;
00154B : A5;
00154C : B1;
00154D : 45;
00154E : DF;
00154F : E0;
001550 : 17;
001551 : C8;
001552 : 64;
001553 : 79;
001554 : 23;
001555 : 23;
001556 : 23;
001557 : 23;
001558 : 7A;
001559 : 37;
00155A : 34;
00155B : 57;
00155C : 0E;
00155D : DC;
00155E : AC;
00155F : AC;
001560 : 43;
001561 : D6;
001562 : AF;
001563 : AD;
001564 : 48;
001565 : 8E;
001566 : EB;
001567 : 57;
001568 : 2F;
001569 : 4A;
00156A : 4A;
00156B : 84;
00156C : 3D;
00156D : A2;
00156E : A2;
00156F : 00;
001570 : 00;
001571 : 00;
001572 : 00;
001573 : 00;
001574 : 00;
001575 : 00;
001576 : 00;
001577 : 00;
001578 : 00;
001579 : 00;
00157A : 00;
00157B : 00;
00157C : 00;
00157D : 00;
00157E : 00;
00157F : 00;
001580 : 00;
001581 : 00;
001582 : 00;
001583 : 00;
001584 : 00;
001585 : 00;
001586 : 00;
001587 : 00;
001588 : 00;
001589 : 00;
00158A : 00;
00158B : 00;
00158C : 00;
00158D : 00;
00158E : 00;
00158F : 00;
001590 : 00;
001591 : 00;
001592 : 00;
001593 : 00;
001594 : 00;
001595 : 95;
001596 : F4;
001597 : 32;
001598 : 18;
001599 : EF;
00159A : EF;
00159B : EF;
00159C : 78;
00159D : 78;
00159E : 14;
00159F : A9;
0015A0 : 49;
0015A1 : 78;
0015A2 : 78;
0015A3 : 78;
0015A4 : 74;
0015A5 : 74;
0015A6 : 74;
0015A7 : 74;
0015A8 : 74;
0015A9 : 4C;
0015AA : 4C;
0015AB : 04;
0015AC : 97;
0015AD : EE;
0015AE : AE;
0015AF : 9F;
0015B0 : A5;
0015B1 : AC;
0015B2 : 4A;
0015B3 : DC;
0015B4 : F5;
0015B5 : 17;
0015B6 : BF;
0015B7 : 5A;
0015B8 : 19;
0015B9 : DC;
0015BA : DC;
0015BB : 23;
0015BC : 23;
0015BD : 23;
0015BE : 7A;
0015BF : 0D;
0015C0 : 57;
0015C1 : 11;
0015C2 : 34;
0015C3 : 12;
0015C4 : 31;
0015C5 : 02;
0015C6 : 23;
0015C7 : 45;
0015C8 : 25;
0015C9 : 12;
0015CA : 8A;
0015CB : 4D;
0015CC : 07;
0015CD : 41;
0015CE : 4A;
0015CF : B1;
0015D0 : 41;
0015D1 : 07;
0015D2 : 9E;
0015D3 : 9E;
0015D4 : 00;
0015D5 : 00;
0015D6 : 00;
0015D7 : 00;
0015D8 : 00;
0015D9 : 00;
0015DA : 00;
0015DB : 00;
0015DC : 00;
0015DD : 00;
0015DE : 00;
0015DF : 00;
0015E0 : 00;
0015E1 : 00;
0015E2 : 00;
0015E3 : 00;
0015E4 : 00;
0015E5 : 00;
0015E6 : 00;
0015E7 : 00;
0015E8 : 00;
0015E9 : 00;
0015EA : 00;
0015EB : 00;
0015EC : 00;
0015ED : 00;
0015EE : 00;
0015EF : 00;
0015F0 : 00;
0015F1 : 00;
0015F2 : 00;
0015F3 : 00;
0015F4 : 00;
0015F5 : 00;
0015F6 : 00;
0015F7 : 00;
0015F8 : 00;
0015F9 : 00;
0015FA : 95;
0015FB : 3D;
0015FC : 2B;
0015FD : D4;
0015FE : EF;
0015FF : EF;
001600 : EF;
001601 : 04;
001602 : 78;
001603 : 78;
001604 : EF;
001605 : 14;
001606 : A9;
001607 : 49;
001608 : 78;
001609 : 78;
00160A : 78;
00160B : 74;
00160C : 74;
00160D : 74;
00160E : 74;
00160F : 74;
001610 : 4C;
001611 : 4C;
001612 : 78;
001613 : 55;
001614 : 95;
001615 : 03;
001616 : 21;
001617 : 45;
001618 : 4A;
001619 : A5;
00161A : 19;
00161B : 1E;
00161C : BF;
00161D : 87;
00161E : 41;
00161F : 45;
001620 : DC;
001621 : DC;
001622 : 79;
001623 : 79;
001624 : 79;
001625 : 7A;
001626 : 23;
001627 : 08;
001628 : 17;
001629 : 66;
00162A : 75;
00162B : F6;
00162C : B2;
00162D : 02;
00162E : 7A;
00162F : 02;
001630 : CA;
001631 : 57;
001632 : 31;
001633 : DC;
001634 : B1;
001635 : B1;
001636 : 1A;
001637 : DA;
001638 : DA;
001639 : 3D;
00163A : 00;
00163B : 00;
00163C : 00;
00163D : 00;
00163E : 00;
00163F : 00;
001640 : 00;
001641 : 00;
001642 : 00;
001643 : 00;
001644 : 00;
001645 : 00;
001646 : 00;
001647 : 00;
001648 : 00;
001649 : 00;
00164A : 00;
00164B : 00;
00164C : 00;
00164D : 00;
00164E : 00;
00164F : 00;
001650 : 00;
001651 : 00;
001652 : 00;
001653 : 00;
001654 : 00;
001655 : 00;
001656 : 00;
001657 : 00;
001658 : 00;
001659 : 00;
00165A : 00;
00165B : 00;
00165C : 00;
00165D : 00;
00165E : 00;
00165F : 00;
001660 : E2;
001661 : A6;
001662 : 30;
001663 : CD;
001664 : EF;
001665 : EF;
001666 : EF;
001667 : 04;
001668 : 04;
001669 : 78;
00166A : 78;
00166B : 78;
00166C : 14;
00166D : A9;
00166E : FE;
00166F : 78;
001670 : 78;
001671 : 78;
001672 : 74;
001673 : 74;
001674 : 04;
001675 : 04;
001676 : 04;
001677 : 4C;
001678 : 4C;
001679 : 04;
00167A : FF;
00167B : 4D;
00167C : 82;
00167D : CA;
00167E : AC;
00167F : 02;
001680 : 23;
001681 : 23;
001682 : 62;
001683 : BF;
001684 : 9A;
001685 : B9;
001686 : 45;
001687 : AC;
001688 : DC;
001689 : 02;
00168A : 79;
00168B : 02;
00168C : 23;
00168D : 19;
00168E : C8;
00168F : CA;
001690 : 1B;
001691 : 99;
001692 : 27;
001693 : 91;
001694 : 79;
001695 : 43;
001696 : 43;
001697 : A5;
001698 : DC;
001699 : C8;
00169A : 64;
00169B : D6;
00169C : 2B;
00169D : 9E;
00169E : DA;
00169F : 00;
0016A0 : 00;
0016A1 : 00;
0016A2 : 00;
0016A3 : 00;
0016A4 : 00;
0016A5 : 00;
0016A6 : 00;
0016A7 : 00;
0016A8 : 00;
0016A9 : 00;
0016AA : 00;
0016AB : 00;
0016AC : 00;
0016AD : 00;
0016AE : 00;
0016AF : 00;
0016B0 : 00;
0016B1 : 00;
0016B2 : 00;
0016B3 : 00;
0016B4 : 00;
0016B5 : 00;
0016B6 : 00;
0016B7 : 00;
0016B8 : 00;
0016B9 : 00;
0016BA : 00;
0016BB : 00;
0016BC : 00;
0016BD : 00;
0016BE : 00;
0016BF : 00;
0016C0 : 00;
0016C1 : 00;
0016C2 : 00;
0016C3 : 00;
0016C4 : 00;
0016C5 : F4;
0016C6 : A6;
0016C7 : 2B;
0016C8 : 51;
0016C9 : CE;
0016CA : 4C;
0016CB : 04;
0016CC : 04;
0016CD : 04;
0016CE : 74;
0016CF : 74;
0016D0 : 78;
0016D1 : 78;
0016D2 : 78;
0016D3 : 49;
0016D4 : A9;
0016D5 : FE;
0016D6 : 78;
0016D7 : EF;
0016D8 : EF;
0016D9 : EF;
0016DA : 4C;
0016DB : 4C;
0016DC : 04;
0016DD : 4C;
0016DE : 4C;
0016DF : 04;
0016E0 : E6;
0016E1 : 51;
0016E2 : E0;
0016E3 : 4B;
0016E4 : 47;
0016E5 : AC;
0016E6 : C8;
0016E7 : 45;
0016E8 : B2;
0016E9 : 17;
0016EA : 94;
0016EB : 9A;
0016EC : 47;
0016ED : 45;
0016EE : AC;
0016EF : 02;
0016F0 : 02;
0016F1 : 98;
0016F2 : 98;
0016F3 : 98;
0016F4 : 64;
0016F5 : 19;
0016F6 : B2;
0016F7 : F6;
0016F8 : C2;
0016F9 : 2F;
0016FA : 79;
0016FB : 02;
0016FC : A5;
0016FD : A5;
0016FE : 33;
0016FF : AC;
001700 : 0E;
001701 : 07;
001702 : 9E;
001703 : 9E;
001704 : 00;
001705 : 00;
001706 : 00;
001707 : 00;
001708 : 00;
001709 : 00;
00170A : 00;
00170B : 00;
00170C : 00;
00170D : 00;
00170E : 00;
00170F : 00;
001710 : 00;
001711 : 00;
001712 : 00;
001713 : 00;
001714 : 00;
001715 : 00;
001716 : 00;
001717 : 00;
001718 : 00;
001719 : 00;
00171A : 00;
00171B : 00;
00171C : 00;
00171D : 00;
00171E : 00;
00171F : 00;
001720 : 00;
001721 : 00;
001722 : 00;
001723 : 00;
001724 : 00;
001725 : 00;
001726 : 00;
001727 : 00;
001728 : 00;
001729 : 00;
00172A : 00;
00172B : 3D;
00172C : DA;
00172D : 13;
00172E : 55;
00172F : 78;
001730 : 4C;
001731 : 04;
001732 : 04;
001733 : 78;
001734 : 74;
001735 : 74;
001736 : 74;
001737 : 78;
001738 : 78;
001739 : 78;
00173A : 49;
00173B : A9;
00173C : FE;
00173D : 78;
00173E : 78;
00173F : EF;
001740 : EF;
001741 : EF;
001742 : EF;
001743 : 4C;
001744 : 4C;
001745 : 4C;
001746 : 04;
001747 : 97;
001748 : 28;
001749 : 22;
00174A : 17;
00174B : E8;
00174C : DC;
00174D : C8;
00174E : 45;
00174F : B2;
001750 : C9;
001751 : 15;
001752 : 44;
001753 : 21;
001754 : 6B;
001755 : A7;
001756 : 64;
001757 : 4A;
001758 : 4A;
001759 : 4A;
00175A : 4A;
00175B : 4A;
00175C : 64;
00175D : 98;
00175E : F5;
00175F : 79;
001760 : 02;
001761 : 02;
001762 : A5;
001763 : A5;
001764 : AC;
001765 : B9;
001766 : 9F;
001767 : 9E;
001768 : 11;
001769 : 2B;
00176A : 00;
00176B : 00;
00176C : 00;
00176D : 00;
00176E : 00;
00176F : 00;
001770 : 00;
001771 : 00;
001772 : 00;
001773 : 00;
001774 : 00;
001775 : 00;
001776 : 00;
001777 : 00;
001778 : 00;
001779 : 00;
00177A : 00;
00177B : 00;
00177C : 00;
00177D : 00;
00177E : 00;
00177F : 00;
001780 : 00;
001781 : 00;
001782 : 00;
001783 : 00;
001784 : 00;
001785 : 00;
001786 : 00;
001787 : 00;
001788 : 00;
001789 : 00;
00178A : 00;
00178B : 00;
00178C : 00;
00178D : 00;
00178E : 00;
00178F : 00;
001790 : 00;
001791 : 3D;
001792 : 75;
001793 : 32;
001794 : 97;
001795 : 74;
001796 : 4C;
001797 : 04;
001798 : 78;
001799 : 74;
00179A : 74;
00179B : 74;
00179C : 74;
00179D : 74;
00179E : 78;
00179F : 78;
0017A0 : 78;
0017A1 : 14;
0017A2 : A9;
0017A3 : FE;
0017A4 : 78;
0017A5 : EF;
0017A6 : EF;
0017A7 : 97;
0017A8 : 3F;
0017A9 : E6;
0017AA : 4C;
0017AB : 4C;
0017AC : 4C;
0017AD : 74;
0017AE : 76;
0017AF : DB;
0017B0 : 22;
0017B1 : 84;
0017B2 : 45;
0017B3 : AC;
0017B4 : DC;
0017B5 : 6B;
0017B6 : 21;
0017B7 : 8A;
0017B8 : AD;
0017B9 : FD;
0017BA : 3C;
0017BB : CA;
0017BC : 6B;
0017BD : A7;
0017BE : A7;
0017BF : 98;
0017C0 : 4A;
0017C1 : 4A;
0017C2 : 4A;
0017C3 : 4A;
0017C4 : 4A;
0017C5 : C8;
0017C6 : C8;
0017C7 : 02;
0017C8 : DC;
0017C9 : AC;
0017CA : B9;
0017CB : 9F;
0017CC : DA;
0017CD : A2;
0017CE : D1;
0017CF : 00;
0017D0 : 00;
0017D1 : 00;
0017D2 : 00;
0017D3 : 00;
0017D4 : 00;
0017D5 : 00;
0017D6 : 00;
0017D7 : 00;
0017D8 : 00;
0017D9 : 00;
0017DA : 00;
0017DB : 00;
0017DC : 00;
0017DD : 00;
0017DE : 00;
0017DF : 00;
0017E0 : 00;
0017E1 : 00;
0017E2 : 00;
0017E3 : 00;
0017E4 : 00;
0017E5 : 00;
0017E6 : 00;
0017E7 : 00;
0017E8 : 00;
0017E9 : 00;
0017EA : 00;
0017EB : 00;
0017EC : 00;
0017ED : 00;
0017EE : 00;
0017EF : 00;
0017F0 : 00;
0017F1 : 00;
0017F2 : 00;
0017F3 : 00;
0017F4 : 00;
0017F5 : 00;
0017F6 : 07;
0017F7 : 94;
0017F8 : 2B;
0017F9 : FF;
0017FA : EF;
0017FB : 4C;
0017FC : 3E;
0017FD : 3F;
0017FE : 76;
0017FF : EF;
001800 : 74;
001801 : 74;
001802 : 74;
001803 : 74;
001804 : 74;
001805 : 78;
001806 : 04;
001807 : 74;
001808 : 14;
001809 : A9;
00180A : FE;
00180B : EF;
00180C : EF;
00180D : 38;
00180E : 81;
00180F : 3F;
001810 : 78;
001811 : 26;
001812 : 26;
001813 : 26;
001814 : 78;
001815 : FF;
001816 : FD;
001817 : 3C;
001818 : 0E;
001819 : 1E;
00181A : 12;
00181B : 1B;
00181C : 82;
00181D : 15;
00181E : 32;
00181F : B3;
001820 : E0;
001821 : 94;
001822 : 07;
001823 : 72;
001824 : D8;
001825 : DC;
001826 : 45;
001827 : A7;
001828 : 98;
001829 : 4A;
00182A : 4A;
00182B : 98;
00182C : A7;
00182D : 45;
00182E : E8;
00182F : 5A;
001830 : 3C;
001831 : 94;
001832 : 11;
001833 : 24;
001834 : 00;
001835 : 00;
001836 : 00;
001837 : 00;
001838 : 00;
001839 : 00;
00183A : 00;
00183B : 00;
00183C : 00;
00183D : 00;
00183E : 00;
00183F : 00;
001840 : 00;
001841 : 00;
001842 : 00;
001843 : 00;
001844 : 00;
001845 : 00;
001846 : 00;
001847 : 00;
001848 : 00;
001849 : 00;
00184A : 00;
00184B : 00;
00184C : 00;
00184D : 00;
00184E : 00;
00184F : 00;
001850 : 00;
001851 : 00;
001852 : 00;
001853 : 00;
001854 : 00;
001855 : 00;
001856 : 00;
001857 : 00;
001858 : 00;
001859 : 00;
00185A : 00;
00185B : 00;
00185C : BC;
00185D : 75;
00185E : B4;
00185F : 3F;
001860 : EF;
001861 : C0;
001862 : 55;
001863 : 81;
001864 : 51;
001865 : 74;
001866 : 74;
001867 : 74;
001868 : 74;
001869 : 74;
00186A : 74;
00186B : 04;
00186C : 04;
00186D : 04;
00186E : 26;
00186F : 14;
001870 : A9;
001871 : FE;
001872 : 4C;
001873 : 7F;
001874 : 3D;
001875 : 0C;
001876 : 74;
001877 : 26;
001878 : 26;
001879 : 26;
00187A : 78;
00187B : 0C;
00187C : 44;
00187D : 96;
00187E : 8D;
00187F : 4D;
001880 : F8;
001881 : 4D;
001882 : 6A;
001883 : FF;
001884 : 76;
001885 : 18;
001886 : FF;
001887 : 6A;
001888 : 94;
001889 : 66;
00188A : 4B;
00188B : 9F;
00188C : 37;
00188D : 31;
00188E : 46;
00188F : 2F;
001890 : 2F;
001891 : 25;
001892 : 08;
001893 : 21;
001894 : 27;
001895 : 6C;
001896 : 2B;
001897 : 34;
001898 : A2;
001899 : 00;
00189A : 00;
00189B : 00;
00189C : 00;
00189D : 00;
00189E : 00;
00189F : 00;
0018A0 : 00;
0018A1 : 00;
0018A2 : 00;
0018A3 : 00;
0018A4 : 00;
0018A5 : 00;
0018A6 : 00;
0018A7 : 00;
0018A8 : 00;
0018A9 : 00;
0018AA : 00;
0018AB : 00;
0018AC : 00;
0018AD : 00;
0018AE : 00;
0018AF : 00;
0018B0 : 00;
0018B1 : 00;
0018B2 : 00;
0018B3 : 00;
0018B4 : 00;
0018B5 : 00;
0018B6 : 00;
0018B7 : 00;
0018B8 : 00;
0018B9 : 00;
0018BA : 00;
0018BB : 00;
0018BC : 00;
0018BD : 00;
0018BE : 00;
0018BF : 00;
0018C0 : 00;
0018C1 : 00;
0018C2 : 22;
0018C3 : 03;
0018C4 : C7;
0018C5 : 97;
0018C6 : C0;
0018C7 : C0;
0018C8 : A1;
0018C9 : 3D;
0018CA : 01;
0018CB : EF;
0018CC : 74;
0018CD : 74;
0018CE : 74;
0018CF : 74;
0018D0 : 74;
0018D1 : 04;
0018D2 : 04;
0018D3 : 04;
0018D4 : 78;
0018D5 : 26;
0018D6 : 14;
0018D7 : A9;
0018D8 : 49;
0018D9 : 7F;
0018DA : 2B;
0018DB : 0C;
0018DC : 78;
0018DD : 26;
0018DE : 26;
0018DF : 26;
0018E0 : 74;
0018E1 : 26;
0018E2 : 1F;
0018E3 : 8D;
0018E4 : 8D;
0018E5 : D7;
0018E6 : A1;
0018E7 : 3F;
0018E8 : 76;
0018E9 : 04;
0018EA : 04;
0018EB : 78;
0018EC : 78;
0018ED : 76;
0018EE : 58;
0018EF : EE;
0018F0 : F4;
0018F1 : 66;
0018F2 : 99;
0018F3 : E0;
0018F4 : 8D;
0018F5 : 3C;
0018F6 : 3C;
0018F7 : 8D;
0018F8 : EB;
0018F9 : 15;
0018FA : 6C;
0018FB : 1B;
0018FC : 75;
0018FD : DA;
0018FE : 00;
0018FF : 00;
001900 : 00;
001901 : 00;
001902 : 00;
001903 : 00;
001904 : 00;
001905 : 00;
001906 : 00;
001907 : 00;
001908 : 00;
001909 : 00;
00190A : 00;
00190B : 00;
00190C : 00;
00190D : 00;
00190E : 00;
00190F : 00;
001910 : 00;
001911 : 00;
001912 : 00;
001913 : 00;
001914 : 00;
001915 : 00;
001916 : 00;
001917 : 00;
001918 : 00;
001919 : 00;
00191A : 00;
00191B : 00;
00191C : 00;
00191D : 00;
00191E : 00;
00191F : 00;
001920 : 00;
001921 : 00;
001922 : 00;
001923 : 00;
001924 : 00;
001925 : 00;
001926 : 00;
001927 : 4D;
001928 : 94;
001929 : 4D;
00192A : FF;
00192B : C0;
00192C : E6;
00192D : E6;
00192E : AB;
00192F : 81;
001930 : 58;
001931 : 78;
001932 : 74;
001933 : 74;
001934 : 74;
001935 : 74;
001936 : 74;
001937 : 74;
001938 : 74;
001939 : 74;
00193A : 04;
00193B : 04;
00193C : 26;
00193D : 14;
00193E : A9;
00193F : C3;
001940 : 75;
001941 : 0C;
001942 : 78;
001943 : 26;
001944 : 26;
001945 : 26;
001946 : 26;
001947 : 26;
001948 : CB;
001949 : 32;
00194A : 96;
00194B : 01;
00194C : 74;
00194D : 78;
00194E : 78;
00194F : 04;
001950 : EF;
001951 : EF;
001952 : 74;
001953 : 78;
001954 : 78;
001955 : CB;
001956 : 8B;
001957 : 1F;
001958 : AB;
001959 : EE;
00195A : 13;
00195B : 81;
00195C : 75;
00195D : E2;
00195E : 44;
00195F : 32;
001960 : C7;
001961 : BC;
001962 : FB;
001963 : 00;
001964 : 00;
001965 : 00;
001966 : 00;
001967 : 00;
001968 : 00;
001969 : 00;
00196A : 00;
00196B : 00;
00196C : 00;
00196D : 00;
00196E : 00;
00196F : 00;
001970 : 00;
001971 : 00;
001972 : 00;
001973 : 00;
001974 : 00;
001975 : 00;
001976 : 00;
001977 : 00;
001978 : 00;
001979 : 00;
00197A : 00;
00197B : 00;
00197C : 00;
00197D : 00;
00197E : 00;
00197F : 00;
001980 : 00;
001981 : 00;
001982 : 00;
001983 : 00;
001984 : 00;
001985 : 00;
001986 : 00;
001987 : 00;
001988 : 00;
001989 : 00;
00198A : 00;
00198B : 00;
00198C : 00;
00198D : 03;
00198E : 03;
00198F : B4;
001990 : 0C;
001991 : C0;
001992 : CE;
001993 : E6;
001994 : C7;
001995 : 95;
001996 : 55;
001997 : 78;
001998 : 4C;
001999 : 74;
00199A : 74;
00199B : 74;
00199C : 74;
00199D : 74;
00199E : 74;
00199F : 74;
0019A0 : 74;
0019A1 : 74;
0019A2 : 74;
0019A3 : 78;
0019A4 : DE;
0019A5 : FA;
0019A6 : 27;
0019A7 : 55;
0019A8 : 78;
0019A9 : 26;
0019AA : 26;
0019AB : 26;
0019AC : 74;
0019AD : 26;
0019AE : EF;
0019AF : D4;
0019B0 : C7;
0019B1 : 18;
0019B2 : 04;
0019B3 : 4C;
0019B4 : 04;
0019B5 : 04;
0019B6 : EF;
0019B7 : EF;
0019B8 : EF;
0019B9 : EF;
0019BA : C0;
0019BB : 4C;
0019BC : 74;
0019BD : 78;
0019BE : 78;
0019BF : CB;
0019C0 : CD;
0019C1 : 0C;
0019C2 : 58;
0019C3 : FF;
0019C4 : D3;
0019C5 : 18;
0019C6 : 0C;
0019C7 : 13;
0019C8 : 66;
0019C9 : 00;
0019CA : 00;
0019CB : 00;
0019CC : 00;
0019CD : 00;
0019CE : 00;
0019CF : 00;
0019D0 : 00;
0019D1 : 00;
0019D2 : 00;
0019D3 : 00;
0019D4 : 00;
0019D5 : 00;
0019D6 : 00;
0019D7 : 00;
0019D8 : 00;
0019D9 : 00;
0019DA : 00;
0019DB : 00;
0019DC : 00;
0019DD : 00;
0019DE : 00;
0019DF : 00;
0019E0 : 00;
0019E1 : 00;
0019E2 : 00;
0019E3 : 00;
0019E4 : 00;
0019E5 : 00;
0019E6 : 00;
0019E7 : 00;
0019E8 : 00;
0019E9 : 00;
0019EA : 00;
0019EB : 00;
0019EC : 00;
0019ED : 00;
0019EE : 00;
0019EF : 00;
0019F0 : 00;
0019F1 : 00;
0019F2 : 00;
0019F3 : 36;
0019F4 : 82;
0019F5 : 32;
0019F6 : 76;
0019F7 : 4C;
0019F8 : 4C;
0019F9 : 97;
0019FA : 32;
0019FB : 13;
0019FC : 0C;
0019FD : 78;
0019FE : 4C;
0019FF : 74;
001A00 : 74;
001A01 : 74;
001A02 : 04;
001A03 : 74;
001A04 : 74;
001A05 : 74;
001A06 : 74;
001A07 : 74;
001A08 : 74;
001A09 : 78;
001A0A : 18;
001A0B : BA;
001A0C : 5F;
001A0D : 67;
001A0E : 26;
001A0F : 26;
001A10 : 26;
001A11 : 74;
001A12 : 74;
001A13 : 26;
001A14 : 04;
001A15 : E6;
001A16 : 97;
001A17 : 04;
001A18 : EF;
001A19 : 74;
001A1A : 74;
001A1B : 74;
001A1C : 74;
001A1D : EF;
001A1E : EF;
001A1F : EF;
001A20 : C0;
001A21 : C0;
001A22 : C0;
001A23 : C0;
001A24 : 4C;
001A25 : 4C;
001A26 : 78;
001A27 : 78;
001A28 : 78;
001A29 : EF;
001A2A : 74;
001A2B : 78;
001A2C : 3F;
001A2D : 13;
001A2E : 66;
001A2F : 00;
001A30 : 00;
001A31 : 00;
001A32 : 00;
001A33 : 00;
001A34 : 00;
001A35 : 00;
001A36 : 00;
001A37 : 00;
001A38 : 00;
001A39 : 00;
001A3A : 00;
001A3B : 00;
001A3C : 00;
001A3D : 00;
001A3E : 00;
001A3F : 00;
001A40 : 00;
001A41 : 00;
001A42 : 00;
001A43 : 00;
001A44 : 00;
001A45 : 00;
001A46 : 00;
001A47 : 00;
001A48 : 00;
001A49 : 00;
001A4A : 00;
001A4B : 00;
001A4C : 00;
001A4D : 00;
001A4E : 00;
001A4F : 00;
001A50 : 00;
001A51 : 00;
001A52 : 00;
001A53 : 00;
001A54 : 00;
001A55 : 00;
001A56 : 00;
001A57 : 00;
001A58 : 48;
001A59 : 8A;
001A5A : 82;
001A5B : C3;
001A5C : 4C;
001A5D : 4C;
001A5E : 04;
001A5F : 76;
001A60 : DB;
001A61 : 13;
001A62 : 3F;
001A63 : 04;
001A64 : 4C;
001A65 : 74;
001A66 : 74;
001A67 : 04;
001A68 : 04;
001A69 : 74;
001A6A : 74;
001A6B : 74;
001A6C : 74;
001A6D : 74;
001A6E : 74;
001A6F : 78;
001A70 : 18;
001A71 : 13;
001A72 : C7;
001A73 : B8;
001A74 : FE;
001A75 : CB;
001A76 : 04;
001A77 : 74;
001A78 : 74;
001A79 : 74;
001A7A : 4C;
001A7B : 04;
001A7C : EF;
001A7D : EF;
001A7E : 74;
001A7F : 74;
001A80 : 74;
001A81 : 74;
001A82 : 78;
001A83 : EF;
001A84 : EF;
001A85 : EF;
001A86 : 4C;
001A87 : C0;
001A88 : 4C;
001A89 : 4C;
001A8A : 4C;
001A8B : 4C;
001A8C : 4C;
001A8D : 04;
001A8E : 04;
001A8F : 4C;
001A90 : 4C;
001A91 : 74;
001A92 : 3F;
001A93 : 13;
001A94 : 66;
001A95 : 22;
001A96 : 00;
001A97 : 00;
001A98 : 00;
001A99 : 00;
001A9A : 00;
001A9B : 00;
001A9C : 00;
001A9D : 00;
001A9E : 00;
001A9F : 00;
001AA0 : 00;
001AA1 : 00;
001AA2 : 00;
001AA3 : 00;
001AA4 : 00;
001AA5 : 00;
001AA6 : 00;
001AA7 : 00;
001AA8 : 00;
001AA9 : 00;
001AAA : 00;
001AAB : 00;
001AAC : 00;
001AAD : 00;
001AAE : 00;
001AAF : 00;
001AB0 : 00;
001AB1 : 00;
001AB2 : 00;
001AB3 : 00;
001AB4 : 00;
001AB5 : 00;
001AB6 : 00;
001AB7 : 00;
001AB8 : 00;
001AB9 : 00;
001ABA : 00;
001ABB : 00;
001ABC : 00;
001ABD : 00;
001ABE : 2B;
001ABF : BF;
001AC0 : E2;
001AC1 : 1F;
001AC2 : 78;
001AC3 : 4C;
001AC4 : 78;
001AC5 : 8B;
001AC6 : B4;
001AC7 : 6A;
001AC8 : CD;
001AC9 : 4C;
001ACA : 26;
001ACB : 26;
001ACC : 4C;
001ACD : 04;
001ACE : 4C;
001ACF : 74;
001AD0 : 74;
001AD1 : 74;
001AD2 : 74;
001AD3 : 74;
001AD4 : 74;
001AD5 : 78;
001AD6 : 8B;
001AD7 : 13;
001AD8 : 6A;
001AD9 : E1;
001ADA : A9;
001ADB : 14;
001ADC : 04;
001ADD : 78;
001ADE : 74;
001ADF : 74;
001AE0 : 74;
001AE1 : 74;
001AE2 : EF;
001AE3 : 74;
001AE4 : 74;
001AE5 : 74;
001AE6 : 74;
001AE7 : 74;
001AE8 : 04;
001AE9 : 04;
001AEA : 04;
001AEB : 4C;
001AEC : 26;
001AED : 3E;
001AEE : 38;
001AEF : A1;
001AF0 : E6;
001AF1 : 74;
001AF2 : 26;
001AF3 : 04;
001AF4 : 04;
001AF5 : 74;
001AF6 : 74;
001AF7 : 74;
001AF8 : CD;
001AF9 : B4;
001AFA : FD;
001AFB : AD;
001AFC : 00;
001AFD : 00;
001AFE : 00;
001AFF : 00;
001B00 : 00;
001B01 : 00;
001B02 : 00;
001B03 : 00;
001B04 : 00;
001B05 : 00;
001B06 : 00;
001B07 : 00;
001B08 : 00;
001B09 : 00;
001B0A : 00;
001B0B : 00;
001B0C : 00;
001B0D : 00;
001B0E : 00;
001B0F : 00;
001B10 : 00;
001B11 : 00;
001B12 : 00;
001B13 : 00;
001B14 : 00;
001B15 : 00;
001B16 : 00;
001B17 : 00;
001B18 : 00;
001B19 : 00;
001B1A : 00;
001B1B : 00;
001B1C : 00;
001B1D : 00;
001B1E : 00;
001B1F : 00;
001B20 : 00;
001B21 : 00;
001B22 : 00;
001B23 : 00;
001B24 : 60;
001B25 : F4;
001B26 : B4;
001B27 : 8B;
001B28 : EF;
001B29 : 4C;
001B2A : 78;
001B2B : 0C;
001B2C : 44;
001B2D : DB;
001B2E : 76;
001B2F : 4C;
001B30 : 4C;
001B31 : CE;
001B32 : 4C;
001B33 : 04;
001B34 : 04;
001B35 : 26;
001B36 : 26;
001B37 : 74;
001B38 : 74;
001B39 : 78;
001B3A : 04;
001B3B : 78;
001B3C : 3F;
001B3D : 13;
001B3E : 6A;
001B3F : 18;
001B40 : 14;
001B41 : A9;
001B42 : 49;
001B43 : 04;
001B44 : 78;
001B45 : 74;
001B46 : 74;
001B47 : 74;
001B48 : 74;
001B49 : 74;
001B4A : 74;
001B4B : 74;
001B4C : 74;
001B4D : 74;
001B4E : 74;
001B4F : 74;
001B50 : 74;
001B51 : 4C;
001B52 : 78;
001B53 : D3;
001B54 : 75;
001B55 : 95;
001B56 : CD;
001B57 : 74;
001B58 : 74;
001B59 : 74;
001B5A : 74;
001B5B : 74;
001B5C : 74;
001B5D : 74;
001B5E : CD;
001B5F : F3;
001B60 : CC;
001B61 : F7;
001B62 : 00;
001B63 : 00;
001B64 : 00;
001B65 : 00;
001B66 : 00;
001B67 : 00;
001B68 : 00;
001B69 : 00;
001B6A : 00;
001B6B : 00;
001B6C : 00;
001B6D : 00;
001B6E : 00;
001B6F : 00;
001B70 : 00;
001B71 : 00;
001B72 : 00;
001B73 : 00;
001B74 : 00;
001B75 : 00;
001B76 : 00;
001B77 : 00;
001B78 : 00;
001B79 : 00;
001B7A : 00;
001B7B : 00;
001B7C : 00;
001B7D : 00;
001B7E : 00;
001B7F : 00;
001B80 : 00;
001B81 : 00;
001B82 : 00;
001B83 : 00;
001B84 : 00;
001B85 : 00;
001B86 : 00;
001B87 : 00;
001B88 : 00;
001B89 : 00;
001B8A : B4;
001B8B : A6;
001B8C : 7F;
001B8D : 97;
001B8E : 74;
001B8F : 4C;
001B90 : 78;
001B91 : 55;
001B92 : 44;
001B93 : 32;
001B94 : 97;
001B95 : 26;
001B96 : CE;
001B97 : CE;
001B98 : 26;
001B99 : 18;
001B9A : 18;
001B9B : CE;
001B9C : 26;
001B9D : 26;
001B9E : 74;
001B9F : 74;
001BA0 : 74;
001BA1 : 78;
001BA2 : 3F;
001BA3 : 13;
001BA4 : 6A;
001BA5 : 76;
001BA6 : 74;
001BA7 : DE;
001BA8 : 0F;
001BA9 : FE;
001BAA : 78;
001BAB : 78;
001BAC : 78;
001BAD : 74;
001BAE : 74;
001BAF : 74;
001BB0 : 74;
001BB1 : 74;
001BB2 : 74;
001BB3 : 74;
001BB4 : 74;
001BB5 : 74;
001BB6 : 4C;
001BB7 : 78;
001BB8 : 76;
001BB9 : DB;
001BBA : 96;
001BBB : C7;
001BBC : 97;
001BBD : 26;
001BBE : 26;
001BBF : 74;
001BC0 : 74;
001BC1 : 26;
001BC2 : 26;
001BC3 : 26;
001BC4 : 76;
001BC5 : B0;
001BC6 : CC;
001BC7 : AD;
001BC8 : 00;
001BC9 : 00;
001BCA : 00;
001BCB : 00;
001BCC : 00;
001BCD : 00;
001BCE : 00;
001BCF : 00;
001BD0 : 00;
001BD1 : 00;
001BD2 : 00;
001BD3 : 00;
001BD4 : 00;
001BD5 : 00;
001BD6 : 00;
001BD7 : 00;
001BD8 : 00;
001BD9 : 00;
001BDA : 00;
001BDB : 00;
001BDC : 00;
001BDD : 00;
001BDE : 00;
001BDF : 00;
001BE0 : 00;
001BE1 : 00;
001BE2 : 00;
001BE3 : 00;
001BE4 : 00;
001BE5 : 00;
001BE6 : 00;
001BE7 : 00;
001BE8 : 00;
001BE9 : 00;
001BEA : 00;
001BEB : 00;
001BEC : 00;
001BED : 00;
001BEE : 00;
001BEF : 00;
001BF0 : BF;
001BF1 : A6;
001BF2 : 51;
001BF3 : 4C;
001BF4 : 4C;
001BF5 : 4C;
001BF6 : 78;
001BF7 : D3;
001BF8 : AD;
001BF9 : 32;
001BFA : 97;
001BFB : 26;
001BFC : CE;
001BFD : 74;
001BFE : 8B;
001BFF : 6A;
001C00 : 6A;
001C01 : 8B;
001C02 : 26;
001C03 : 26;
001C04 : 26;
001C05 : 26;
001C06 : 26;
001C07 : 78;
001C08 : 0C;
001C09 : 13;
001C0A : 6A;
001C0B : 76;
001C0C : EF;
001C0D : 26;
001C0E : DE;
001C0F : 0F;
001C10 : 49;
001C11 : 78;
001C12 : 78;
001C13 : 78;
001C14 : 74;
001C15 : 74;
001C16 : 74;
001C17 : 78;
001C18 : 78;
001C19 : 78;
001C1A : 74;
001C1B : 4C;
001C1C : 26;
001C1D : 26;
001C1E : 01;
001C1F : 96;
001C20 : B3;
001C21 : 0C;
001C22 : 74;
001C23 : 26;
001C24 : 26;
001C25 : 26;
001C26 : 26;
001C27 : 26;
001C28 : 26;
001C29 : 26;
001C2A : 3E;
001C2B : B0;
001C2C : CC;
001C2D : CC;
001C2E : 00;
001C2F : 00;
001C30 : 00;
001C31 : 00;
001C32 : 00;
001C33 : 00;
001C34 : 00;
001C35 : 00;
001C36 : 00;
001C37 : 00;
001C38 : 00;
001C39 : 00;
001C3A : 00;
001C3B : 00;
001C3C : 00;
001C3D : 00;
001C3E : 00;
001C3F : 00;
001C40 : 00;
001C41 : 00;
001C42 : 00;
001C43 : 00;
001C44 : 00;
001C45 : 00;
001C46 : 00;
001C47 : 00;
001C48 : 00;
001C49 : 00;
001C4A : 00;
001C4B : 00;
001C4C : 00;
001C4D : 00;
001C4E : 00;
001C4F : 00;
001C50 : 00;
001C51 : 00;
001C52 : 00;
001C53 : 00;
001C54 : 00;
001C55 : BA;
001C56 : EB;
001C57 : 2B;
001C58 : D3;
001C59 : 74;
001C5A : 4C;
001C5B : 4C;
001C5C : 78;
001C5D : 58;
001C5E : CC;
001C5F : C7;
001C60 : CB;
001C61 : CE;
001C62 : CB;
001C63 : 26;
001C64 : AB;
001C65 : 4D;
001C66 : 4D;
001C67 : 38;
001C68 : 26;
001C69 : CB;
001C6A : CB;
001C6B : 26;
001C6C : 26;
001C6D : EF;
001C6E : EC;
001C6F : EB;
001C70 : 6A;
001C71 : 76;
001C72 : EF;
001C73 : 74;
001C74 : 26;
001C75 : DE;
001C76 : 0F;
001C77 : 49;
001C78 : 78;
001C79 : 78;
001C7A : 78;
001C7B : 78;
001C7C : 78;
001C7D : EF;
001C7E : 04;
001C7F : 04;
001C80 : 74;
001C81 : 26;
001C82 : 26;
001C83 : 55;
001C84 : 8E;
001C85 : 61;
001C86 : D4;
001C87 : 26;
001C88 : 4C;
001C89 : 26;
001C8A : 26;
001C8B : 26;
001C8C : 26;
001C8D : 26;
001C8E : 26;
001C8F : 26;
001C90 : 3E;
001C91 : 9B;
001C92 : CC;
001C93 : F8;
001C94 : 00;
001C95 : 00;
001C96 : 00;
001C97 : 00;
001C98 : 00;
001C99 : 00;
001C9A : 00;
001C9B : 00;
001C9C : 00;
001C9D : 00;
001C9E : 00;
001C9F : 00;
001CA0 : 00;
001CA1 : 00;
001CA2 : 00;
001CA3 : 00;
001CA4 : 00;
001CA5 : 00;
001CA6 : 00;
001CA7 : 00;
001CA8 : 00;
001CA9 : 00;
001CAA : 00;
001CAB : 00;
001CAC : 00;
001CAD : 00;
001CAE : 00;
001CAF : 00;
001CB0 : 00;
001CB1 : 00;
001CB2 : 00;
001CB3 : 00;
001CB4 : 00;
001CB5 : 00;
001CB6 : 00;
001CB7 : 00;
001CB8 : 00;
001CB9 : 00;
001CBA : 00;
001CBB : 8E;
001CBC : 82;
001CBD : B4;
001CBE : 3F;
001CBF : 78;
001CC0 : 4C;
001CC1 : 4C;
001CC2 : 78;
001CC3 : FF;
001CC4 : FD;
001CC5 : 28;
001CC6 : 26;
001CC7 : CE;
001CC8 : 26;
001CC9 : 0C;
001CCA : 96;
001CCB : 96;
001CCC : 4D;
001CCD : 7F;
001CCE : 26;
001CCF : CB;
001CD0 : CB;
001CD1 : 26;
001CD2 : 26;
001CD3 : EF;
001CD4 : 55;
001CD5 : EB;
001CD6 : 6A;
001CD7 : 76;
001CD8 : EF;
001CD9 : EF;
001CDA : EF;
001CDB : 04;
001CDC : 14;
001CDD : 0F;
001CDE : 49;
001CDF : 78;
001CE0 : 78;
001CE1 : 78;
001CE2 : 78;
001CE3 : 78;
001CE4 : 78;
001CE5 : EF;
001CE6 : 4C;
001CE7 : 4C;
001CE8 : CD;
001CE9 : 32;
001CEA : 44;
001CEB : 32;
001CEC : 18;
001CED : C0;
001CEE : 4C;
001CEF : 26;
001CF0 : 26;
001CF1 : 26;
001CF2 : 26;
001CF3 : 26;
001CF4 : 26;
001CF5 : 26;
001CF6 : CB;
001CF7 : 9B;
001CF8 : CC;
001CF9 : F8;
001CFA : 00;
001CFB : 00;
001CFC : 00;
001CFD : 00;
001CFE : 00;
001CFF : 00;
001D00 : 00;
001D01 : 00;
001D02 : 00;
001D03 : 00;
001D04 : 00;
001D05 : 00;
001D06 : 00;
001D07 : 00;
001D08 : 00;
001D09 : 00;
001D0A : 00;
001D0B : 00;
001D0C : 00;
001D0D : 00;
001D0E : 00;
001D0F : 00;
001D10 : 00;
001D11 : 00;
001D12 : 00;
001D13 : 00;
001D14 : 00;
001D15 : 00;
001D16 : 00;
001D17 : 00;
001D18 : 00;
001D19 : 00;
001D1A : 00;
001D1B : 00;
001D1C : 00;
001D1D : 00;
001D1E : 00;
001D1F : 00;
001D20 : 00;
001D21 : 66;
001D22 : 94;
001D23 : 32;
001D24 : 76;
001D25 : 74;
001D26 : 4C;
001D27 : 4C;
001D28 : 78;
001D29 : A1;
001D2A : 15;
001D2B : F3;
001D2C : D3;
001D2D : 3E;
001D2E : 78;
001D2F : AB;
001D30 : 82;
001D31 : AF;
001D32 : 8D;
001D33 : B4;
001D34 : 76;
001D35 : 78;
001D36 : 3E;
001D37 : 0C;
001D38 : CD;
001D39 : 04;
001D3A : 55;
001D3B : 4D;
001D3C : 6A;
001D3D : 97;
001D3E : EF;
001D3F : EF;
001D40 : EF;
001D41 : 78;
001D42 : 78;
001D43 : 14;
001D44 : 0F;
001D45 : 49;
001D46 : 78;
001D47 : 78;
001D48 : 78;
001D49 : 78;
001D4A : EF;
001D4B : 4C;
001D4C : 4C;
001D4D : CB;
001D4E : A1;
001D4F : 44;
001D50 : 8D;
001D51 : 7F;
001D52 : 76;
001D53 : 4C;
001D54 : CE;
001D55 : 26;
001D56 : 26;
001D57 : 26;
001D58 : 55;
001D59 : 58;
001D5A : 76;
001D5B : 26;
001D5C : CB;
001D5D : 60;
001D5E : CC;
001D5F : 22;
001D60 : 00;
001D61 : 00;
001D62 : 00;
001D63 : 00;
001D64 : 00;
001D65 : 00;
001D66 : 00;
001D67 : 00;
001D68 : 00;
001D69 : 00;
001D6A : 00;
001D6B : 00;
001D6C : 00;
001D6D : 00;
001D6E : 00;
001D6F : 00;
001D70 : 00;
001D71 : 00;
001D72 : 00;
001D73 : 00;
001D74 : 00;
001D75 : 00;
001D76 : 00;
001D77 : 00;
001D78 : 00;
001D79 : 00;
001D7A : 00;
001D7B : 00;
001D7C : 00;
001D7D : 00;
001D7E : 00;
001D7F : 00;
001D80 : 00;
001D81 : 00;
001D82 : 00;
001D83 : 00;
001D84 : 00;
001D85 : 00;
001D86 : EE;
001D87 : 75;
001D88 : 2B;
001D89 : AB;
001D8A : CE;
001D8B : 4C;
001D8C : 26;
001D8D : 4C;
001D8E : 78;
001D8F : 51;
001D90 : EB;
001D91 : 44;
001D92 : EB;
001D93 : 28;
001D94 : 1F;
001D95 : ED;
001D96 : 82;
001D97 : AA;
001D98 : F6;
001D99 : 03;
001D9A : 1F;
001D9B : 55;
001D9C : EE;
001D9D : 75;
001D9E : 6A;
001D9F : 3F;
001DA0 : 55;
001DA1 : 15;
001DA2 : 6A;
001DA3 : 76;
001DA4 : EF;
001DA5 : EF;
001DA6 : EF;
001DA7 : 78;
001DA8 : 78;
001DA9 : 78;
001DAA : 14;
001DAB : 0F;
001DAC : 49;
001DAD : 78;
001DAE : 78;
001DAF : EF;
001DB0 : 4C;
001DB1 : 4C;
001DB2 : 74;
001DB3 : 3F;
001DB4 : B3;
001DB5 : ED;
001DB6 : ED;
001DB7 : DB;
001DB8 : 18;
001DB9 : 4C;
001DBA : 26;
001DBB : 26;
001DBC : CE;
001DBD : CB;
001DBE : 7F;
001DBF : 4D;
001DC0 : 7F;
001DC1 : 3F;
001DC2 : CE;
001DC3 : C3;
001DC4 : FD;
001DC5 : 66;
001DC6 : 00;
001DC7 : 00;
001DC8 : 00;
001DC9 : 00;
001DCA : 00;
001DCB : 00;
001DCC : 00;
001DCD : 00;
001DCE : 00;
001DCF : 00;
001DD0 : 00;
001DD1 : 00;
001DD2 : 00;
001DD3 : 00;
001DD4 : 00;
001DD5 : 00;
001DD6 : 00;
001DD7 : 00;
001DD8 : 00;
001DD9 : 00;
001DDA : 00;
001DDB : 00;
001DDC : 00;
001DDD : 00;
001DDE : 00;
001DDF : 00;
001DE0 : 00;
001DE1 : 00;
001DE2 : 00;
001DE3 : 00;
001DE4 : 00;
001DE5 : 00;
001DE6 : 00;
001DE7 : 00;
001DE8 : 00;
001DE9 : 00;
001DEA : 00;
001DEB : 00;
001DEC : 13;
001DED : 2B;
001DEE : E2;
001DEF : D4;
001DF0 : EF;
001DF1 : 4C;
001DF2 : C0;
001DF3 : 4C;
001DF4 : 74;
001DF5 : 51;
001DF6 : 4D;
001DF7 : 44;
001DF8 : 8D;
001DF9 : 44;
001DFA : 1B;
001DFB : 2B;
001DFC : D0;
001DFD : 43;
001DFE : 08;
001DFF : 4D;
001E00 : 44;
001E01 : 15;
001E02 : FB;
001E03 : 75;
001E04 : 2B;
001E05 : DB;
001E06 : 28;
001E07 : 96;
001E08 : 6A;
001E09 : 76;
001E0A : EF;
001E0B : EF;
001E0C : EF;
001E0D : EF;
001E0E : 78;
001E0F : 78;
001E10 : 78;
001E11 : 14;
001E12 : 0F;
001E13 : FE;
001E14 : 78;
001E15 : EF;
001E16 : 4C;
001E17 : 4C;
001E18 : CB;
001E19 : AB;
001E1A : EB;
001E1B : 8E;
001E1C : 8D;
001E1D : B3;
001E1E : 8B;
001E1F : 26;
001E20 : CB;
001E21 : CB;
001E22 : CE;
001E23 : 76;
001E24 : 6A;
001E25 : 96;
001E26 : 96;
001E27 : DB;
001E28 : 0C;
001E29 : C3;
001E2A : 82;
001E2B : 66;
001E2C : 00;
001E2D : 00;
001E2E : 00;
001E2F : 00;
001E30 : 00;
001E31 : 00;
001E32 : 00;
001E33 : 00;
001E34 : 00;
001E35 : 00;
001E36 : 00;
001E37 : 00;
001E38 : 00;
001E39 : 00;
001E3A : 00;
001E3B : 00;
001E3C : 00;
001E3D : 00;
001E3E : 00;
001E3F : 00;
001E40 : 00;
001E41 : 00;
001E42 : 00;
001E43 : 00;
001E44 : 00;
001E45 : 00;
001E46 : 00;
001E47 : 00;
001E48 : 00;
001E49 : 00;
001E4A : 00;
001E4B : 00;
001E4C : 00;
001E4D : 00;
001E4E : 00;
001E4F : 00;
001E50 : 00;
001E51 : 00;
001E52 : 9E;
001E53 : 3D;
001E54 : B4;
001E55 : 0C;
001E56 : 78;
001E57 : 4C;
001E58 : 4C;
001E59 : 4C;
001E5A : 74;
001E5B : 3F;
001E5C : AB;
001E5D : C7;
001E5E : 8D;
001E5F : 44;
001E60 : E2;
001E61 : D2;
001E62 : AA;
001E63 : 45;
001E64 : E8;
001E65 : 17;
001E66 : 03;
001E67 : F4;
001E68 : 62;
001E69 : D6;
001E6A : F3;
001E6B : 44;
001E6C : 8D;
001E6D : 96;
001E6E : 7F;
001E6F : E6;
001E70 : 4C;
001E71 : EF;
001E72 : EF;
001E73 : 78;
001E74 : 78;
001E75 : 78;
001E76 : 78;
001E77 : 78;
001E78 : 14;
001E79 : 0F;
001E7A : FE;
001E7B : 74;
001E7C : EF;
001E7D : EF;
001E7E : 0C;
001E7F : 8E;
001E80 : 75;
001E81 : B0;
001E82 : 8E;
001E83 : 13;
001E84 : EC;
001E85 : CB;
001E86 : CB;
001E87 : E6;
001E88 : CE;
001E89 : 3F;
001E8A : 96;
001E8B : 8E;
001E8C : F3;
001E8D : 15;
001E8E : F3;
001E8F : F3;
001E90 : 2B;
001E91 : 66;
001E92 : 00;
001E93 : 00;
001E94 : 00;
001E95 : 00;
001E96 : 00;
001E97 : 00;
001E98 : 00;
001E99 : 00;
001E9A : 00;
001E9B : 00;
001E9C : 00;
001E9D : 00;
001E9E : 00;
001E9F : 00;
001EA0 : 00;
001EA1 : 00;
001EA2 : 00;
001EA3 : 00;
001EA4 : 00;
001EA5 : 00;
001EA6 : 00;
001EA7 : 00;
001EA8 : 00;
001EA9 : 00;
001EAA : 00;
001EAB : 00;
001EAC : 00;
001EAD : 00;
001EAE : 00;
001EAF : 00;
001EB0 : 00;
001EB1 : 00;
001EB2 : 00;
001EB3 : 00;
001EB4 : 00;
001EB5 : 00;
001EB6 : 00;
001EB7 : 00;
001EB8 : 75;
001EB9 : 3D;
001EBA : EE;
001EBB : 18;
001EBC : EF;
001EBD : EF;
001EBE : 4C;
001EBF : 4C;
001EC0 : 4C;
001EC1 : 4C;
001EC2 : 74;
001EC3 : 8B;
001EC4 : 8E;
001EC5 : 44;
001EC6 : 65;
001EC7 : 47;
001EC8 : A5;
001EC9 : A5;
001ECA : AC;
001ECB : 08;
001ECC : C2;
001ECD : 1E;
001ECE : 7A;
001ECF : 7A;
001ED0 : 17;
001ED1 : 44;
001ED2 : B3;
001ED3 : AB;
001ED4 : 8B;
001ED5 : 26;
001ED6 : 4C;
001ED7 : 74;
001ED8 : 74;
001ED9 : 74;
001EDA : 74;
001EDB : 78;
001EDC : 78;
001EDD : 78;
001EDE : 78;
001EDF : DE;
001EE0 : 0F;
001EE1 : FE;
001EE2 : 4C;
001EE3 : E6;
001EE4 : C3;
001EE5 : E2;
001EE6 : BF;
001EE7 : 71;
001EE8 : DA;
001EE9 : 96;
001EEA : 01;
001EEB : AB;
001EEC : 01;
001EED : 18;
001EEE : 78;
001EEF : D4;
001EF0 : F8;
001EF1 : 4F;
001EF2 : B2;
001EF3 : 42;
001EF4 : 44;
001EF5 : 8D;
001EF6 : 3D;
001EF7 : A2;
001EF8 : 00;
001EF9 : 00;
001EFA : 00;
001EFB : 00;
001EFC : 00;
001EFD : 00;
001EFE : 00;
001EFF : 00;
001F00 : 00;
001F01 : 00;
001F02 : 00;
001F03 : 00;
001F04 : 00;
001F05 : 00;
001F06 : 00;
001F07 : 00;
001F08 : 00;
001F09 : 00;
001F0A : 00;
001F0B : 00;
001F0C : 00;
001F0D : 00;
001F0E : 00;
001F0F : 00;
001F10 : 00;
001F11 : 00;
001F12 : 00;
001F13 : 00;
001F14 : 00;
001F15 : 00;
001F16 : 00;
001F17 : 00;
001F18 : 00;
001F19 : 00;
001F1A : 00;
001F1B : 00;
001F1C : 00;
001F1D : 1C;
001F1E : B3;
001F1F : 75;
001F20 : 28;
001F21 : E6;
001F22 : EF;
001F23 : 4C;
001F24 : 4C;
001F25 : 4C;
001F26 : 4C;
001F27 : 4C;
001F28 : 4C;
001F29 : 76;
001F2A : DB;
001F2B : 96;
001F2C : 9C;
001F2D : 45;
001F2E : 02;
001F2F : A5;
001F30 : DC;
001F31 : 64;
001F32 : 79;
001F33 : 7A;
001F34 : 7A;
001F35 : F5;
001F36 : 3C;
001F37 : EB;
001F38 : D4;
001F39 : 26;
001F3A : 74;
001F3B : 26;
001F3C : 26;
001F3D : 74;
001F3E : 74;
001F3F : 74;
001F40 : 74;
001F41 : 78;
001F42 : 04;
001F43 : 78;
001F44 : EF;
001F45 : 04;
001F46 : DE;
001F47 : 0F;
001F48 : FE;
001F49 : 8B;
001F4A : DB;
001F4B : 75;
001F4C : 94;
001F4D : 00;
001F4E : DA;
001F4F : EB;
001F50 : 8D;
001F51 : D7;
001F52 : 6C;
001F53 : 32;
001F54 : D4;
001F55 : 32;
001F56 : F8;
001F57 : 37;
001F58 : 6E;
001F59 : 31;
001F5A : 44;
001F5B : E2;
001F5C : 3D;
001F5D : A2;
001F5E : 00;
001F5F : 00;
001F60 : 00;
001F61 : 00;
001F62 : 00;
001F63 : 00;
001F64 : 00;
001F65 : 00;
001F66 : 00;
001F67 : 00;
001F68 : 00;
001F69 : 00;
001F6A : 00;
001F6B : 00;
001F6C : 00;
001F6D : 00;
001F6E : 00;
001F6F : 00;
001F70 : 00;
001F71 : 00;
001F72 : 00;
001F73 : 00;
001F74 : 00;
001F75 : 00;
001F76 : 00;
001F77 : 00;
001F78 : 00;
001F79 : 00;
001F7A : 00;
001F7B : 00;
001F7C : 00;
001F7D : 00;
001F7E : 00;
001F7F : 00;
001F80 : 00;
001F81 : 00;
001F82 : 00;
001F83 : C9;
001F84 : EB;
001F85 : 2B;
001F86 : A1;
001F87 : 4C;
001F88 : 04;
001F89 : 4C;
001F8A : 4C;
001F8B : 4C;
001F8C : 4C;
001F8D : 4C;
001F8E : 04;
001F8F : 4C;
001F90 : 7F;
001F91 : FD;
001F92 : 63;
001F93 : 45;
001F94 : 02;
001F95 : 02;
001F96 : 02;
001F97 : 79;
001F98 : 79;
001F99 : 79;
001F9A : 23;
001F9B : F5;
001F9C : 17;
001F9D : EB;
001F9E : D3;
001F9F : 78;
001FA0 : 26;
001FA1 : 74;
001FA2 : 74;
001FA3 : 74;
001FA4 : 74;
001FA5 : 74;
001FA6 : 74;
001FA7 : 78;
001FA8 : 04;
001FA9 : 04;
001FAA : 78;
001FAB : EF;
001FAC : 04;
001FAD : DE;
001FAE : A9;
001FAF : EC;
001FB0 : 81;
001FB1 : B4;
001FB2 : BA;
001FB3 : 00;
001FB4 : DA;
001FB5 : EB;
001FB6 : 8E;
001FB7 : 8E;
001FB8 : D7;
001FB9 : AD;
001FBA : AD;
001FBB : 15;
001FBC : 4B;
001FBD : 47;
001FBE : 45;
001FBF : 0E;
001FC0 : BC;
001FC1 : 94;
001FC2 : 94;
001FC3 : 00;
001FC4 : 00;
001FC5 : 00;
001FC6 : 00;
001FC7 : 00;
001FC8 : 00;
001FC9 : 00;
001FCA : 00;
001FCB : 00;
001FCC : 00;
001FCD : 00;
001FCE : 00;
001FCF : 00;
001FD0 : 00;
001FD1 : 00;
001FD2 : 00;
001FD3 : 00;
001FD4 : 00;
001FD5 : 00;
001FD6 : 00;
001FD7 : 00;
001FD8 : 00;
001FD9 : 00;
001FDA : 00;
001FDB : 00;
001FDC : 00;
001FDD : 00;
001FDE : 00;
001FDF : 00;
001FE0 : 00;
001FE1 : 00;
001FE2 : 00;
001FE3 : 00;
001FE4 : 00;
001FE5 : 00;
001FE6 : 00;
001FE7 : 00;
001FE8 : 00;
001FE9 : 9E;
001FEA : DA;
001FEB : 95;
001FEC : D3;
001FED : 04;
001FEE : 4C;
001FEF : 4C;
001FF0 : 4C;
001FF1 : 4C;
001FF2 : 4C;
001FF3 : 4C;
001FF4 : 04;
001FF5 : 78;
001FF6 : 28;
001FF7 : 03;
001FF8 : 10;
001FF9 : 45;
001FFA : 02;
001FFB : 02;
001FFC : 79;
001FFD : 23;
001FFE : 23;
001FFF : 23;
002000 : 7A;
002001 : 02;
002002 : D0;
002003 : E2;
002004 : 1F;
002005 : 78;
002006 : 26;
002007 : 74;
002008 : 74;
002009 : 78;
00200A : 74;
00200B : 74;
00200C : 74;
00200D : 78;
00200E : 04;
00200F : 04;
002010 : 04;
002011 : EF;
002012 : EF;
002013 : C0;
002014 : EF;
002015 : FA;
002016 : F3;
002017 : B4;
002018 : 93;
002019 : 00;
00201A : 81;
00201B : 81;
00201C : 13;
00201D : ED;
00201E : 42;
00201F : B6;
002020 : 48;
002021 : 94;
002022 : 57;
002023 : C8;
002024 : 43;
002025 : 41;
002026 : 44;
002027 : 66;
002028 : 99;
002029 : 00;
00202A : 00;
00202B : 00;
00202C : 00;
00202D : 00;
00202E : 00;
00202F : 00;
002030 : 00;
002031 : 00;
002032 : 00;
002033 : 00;
002034 : 00;
002035 : 00;
002036 : 00;
002037 : 00;
002038 : 00;
002039 : 00;
00203A : 00;
00203B : 00;
00203C : 00;
00203D : 00;
00203E : 00;
00203F : 00;
002040 : 00;
002041 : 00;
002042 : 00;
002043 : 00;
002044 : 00;
002045 : 00;
002046 : 00;
002047 : 00;
002048 : 00;
002049 : 00;
00204A : 00;
00204B : 00;
00204C : 00;
00204D : 00;
00204E : 00;
00204F : 11;
002050 : DA;
002051 : B4;
002052 : 3F;
002053 : 04;
002054 : CE;
002055 : 26;
002056 : CE;
002057 : 26;
002058 : 4C;
002059 : 4C;
00205A : 04;
00205B : EF;
00205C : 51;
00205D : AE;
00205E : 65;
00205F : 19;
002060 : DC;
002061 : 79;
002062 : 23;
002063 : 23;
002064 : 23;
002065 : 23;
002066 : 23;
002067 : 02;
002068 : 9F;
002069 : 15;
00206A : 1F;
00206B : 78;
00206C : 74;
00206D : 74;
00206E : 74;
00206F : 78;
002070 : 74;
002071 : 74;
002072 : 74;
002073 : 74;
002074 : 04;
002075 : 04;
002076 : 04;
002077 : EF;
002078 : EF;
002079 : 4C;
00207A : 8B;
00207B : 09;
00207C : B5;
00207D : B0;
00207E : 00;
00207F : 00;
002080 : 81;
002081 : 3D;
002082 : 95;
002083 : 2B;
002084 : F6;
002085 : 19;
002086 : 25;
002087 : DF;
002088 : F5;
002089 : 23;
00208A : 23;
00208B : B2;
00208C : 8E;
00208D : 66;
00208E : 24;
00208F : 00;
002090 : 00;
002091 : 00;
002092 : 00;
002093 : 00;
002094 : 00;
002095 : 00;
002096 : 00;
002097 : 00;
002098 : 00;
002099 : 00;
00209A : 00;
00209B : 00;
00209C : 00;
00209D : 00;
00209E : 00;
00209F : 00;
0020A0 : 00;
0020A1 : 00;
0020A2 : 00;
0020A3 : 00;
0020A4 : 00;
0020A5 : 00;
0020A6 : 00;
0020A7 : 00;
0020A8 : 00;
0020A9 : 00;
0020AA : 00;
0020AB : 00;
0020AC : 00;
0020AD : 00;
0020AE : 00;
0020AF : 00;
0020B0 : 00;
0020B1 : 00;
0020B2 : 00;
0020B3 : 00;
0020B4 : 00;
0020B5 : BF;
0020B6 : 34;
0020B7 : EE;
0020B8 : 76;
0020B9 : CE;
0020BA : CE;
0020BB : 3E;
0020BC : 38;
0020BD : 38;
0020BE : CB;
0020BF : 4C;
0020C0 : 4C;
0020C1 : 78;
0020C2 : A1;
0020C3 : AE;
0020C4 : 12;
0020C5 : 7A;
0020C6 : 79;
0020C7 : 23;
0020C8 : 23;
0020C9 : 23;
0020CA : 23;
0020CB : 23;
0020CC : 23;
0020CD : 79;
0020CE : 42;
0020CF : 4B;
0020D0 : D4;
0020D1 : 78;
0020D2 : 4C;
0020D3 : 74;
0020D4 : 74;
0020D5 : 78;
0020D6 : 78;
0020D7 : 74;
0020D8 : 74;
0020D9 : 74;
0020DA : 74;
0020DB : 04;
0020DC : 04;
0020DD : 04;
0020DE : 4C;
0020DF : 4C;
0020E0 : 55;
0020E1 : 96;
0020E2 : 96;
0020E3 : 5D;
0020E4 : 00;
0020E5 : 00;
0020E6 : 00;
0020E7 : 00;
0020E8 : ED;
0020E9 : 75;
0020EA : 9F;
0020EB : 86;
0020EC : A7;
0020ED : A7;
0020EE : 98;
0020EF : 02;
0020F0 : 98;
0020F1 : 91;
0020F2 : 3C;
0020F3 : 99;
0020F4 : 24;
0020F5 : 00;
0020F6 : 00;
0020F7 : 00;
0020F8 : 00;
0020F9 : 00;
0020FA : 00;
0020FB : 00;
0020FC : 00;
0020FD : 00;
0020FE : 00;
0020FF : 00;
002100 : 00;
002101 : 00;
002102 : 00;
002103 : 00;
002104 : 00;
002105 : 00;
002106 : 00;
002107 : 00;
002108 : 00;
002109 : 00;
00210A : 00;
00210B : 00;
00210C : 00;
00210D : 00;
00210E : 00;
00210F : 00;
002110 : 00;
002111 : 00;
002112 : 00;
002113 : 00;
002114 : 00;
002115 : 00;
002116 : 00;
002117 : 00;
002118 : 00;
002119 : 00;
00211A : 00;
00211B : 94;
00211C : 03;
00211D : AB;
00211E : CB;
00211F : CE;
002120 : 26;
002121 : D3;
002122 : 81;
002123 : 13;
002124 : 8B;
002125 : 78;
002126 : 4C;
002127 : 78;
002128 : 58;
002129 : 03;
00212A : C9;
00212B : C6;
00212C : 79;
00212D : 23;
00212E : 23;
00212F : 23;
002130 : 23;
002131 : 98;
002132 : 23;
002133 : 23;
002134 : C2;
002135 : 4B;
002136 : D4;
002137 : 78;
002138 : 4C;
002139 : 04;
00213A : 04;
00213B : 04;
00213C : 78;
00213D : 74;
00213E : 74;
00213F : 74;
002140 : 74;
002141 : 74;
002142 : 04;
002143 : 04;
002144 : 4C;
002145 : CE;
002146 : 58;
002147 : 81;
002148 : 99;
002149 : 71;
00214A : 00;
00214B : 00;
00214C : 00;
00214D : 00;
00214E : C9;
00214F : 4B;
002150 : F0;
002151 : 0D;
002152 : 98;
002153 : 4A;
002154 : 98;
002155 : 98;
002156 : 98;
002157 : C8;
002158 : DD;
002159 : 99;
00215A : A2;
00215B : 00;
00215C : 00;
00215D : 00;
00215E : 00;
00215F : 00;
002160 : 00;
002161 : 00;
002162 : 00;
002163 : 00;
002164 : 00;
002165 : 00;
002166 : 00;
002167 : 00;
002168 : 00;
002169 : 00;
00216A : 00;
00216B : 00;
00216C : 00;
00216D : 00;
00216E : 00;
00216F : 00;
002170 : 00;
002171 : 00;
002172 : 00;
002173 : 00;
002174 : 00;
002175 : 00;
002176 : 00;
002177 : 00;
002178 : 00;
002179 : 00;
00217A : 00;
00217B : 00;
00217C : 00;
00217D : 00;
00217E : 00;
00217F : 00;
002180 : 00;
002181 : 3D;
002182 : 75;
002183 : 51;
002184 : 04;
002185 : 78;
002186 : CD;
002187 : DB;
002188 : 96;
002189 : 61;
00218A : 0C;
00218B : 78;
00218C : 4C;
00218D : 78;
00218E : 55;
00218F : 4D;
002190 : 17;
002191 : 86;
002192 : 23;
002193 : 23;
002194 : 23;
002195 : 23;
002196 : 23;
002197 : 23;
002198 : 98;
002199 : A7;
00219A : 57;
00219B : 4B;
00219C : D4;
00219D : 78;
00219E : 04;
00219F : 04;
0021A0 : 04;
0021A1 : 78;
0021A2 : 78;
0021A3 : 78;
0021A4 : 04;
0021A5 : 74;
0021A6 : 74;
0021A7 : 74;
0021A8 : 74;
0021A9 : 4C;
0021AA : 4C;
0021AB : CE;
0021AC : A1;
0021AD : 81;
0021AE : 22;
0021AF : FD;
0021B0 : 00;
0021B1 : 00;
0021B2 : 00;
0021B3 : 00;
0021B4 : B5;
0021B5 : F0;
0021B6 : D2;
0021B7 : 41;
0021B8 : 64;
0021B9 : 98;
0021BA : 98;
0021BB : DC;
0021BC : DC;
0021BD : 4A;
0021BE : 62;
0021BF : BF;
0021C0 : 82;
0021C1 : 00;
0021C2 : 00;
0021C3 : 00;
0021C4 : 00;
0021C5 : 00;
0021C6 : 00;
0021C7 : 00;
0021C8 : 00;
0021C9 : 00;
0021CA : 00;
0021CB : 00;
0021CC : 00;
0021CD : 00;
0021CE : 00;
0021CF : 00;
0021D0 : 00;
0021D1 : 00;
0021D2 : 00;
0021D3 : 00;
0021D4 : 00;
0021D5 : 00;
0021D6 : 00;
0021D7 : 00;
0021D8 : 00;
0021D9 : 00;
0021DA : 00;
0021DB : 00;
0021DC : 00;
0021DD : 00;
0021DE : 00;
0021DF : 00;
0021E0 : 00;
0021E1 : 00;
0021E2 : 00;
0021E3 : 00;
0021E4 : 00;
0021E5 : 00;
0021E6 : 00;
0021E7 : 9E;
0021E8 : 3D;
0021E9 : B4;
0021EA : 01;
0021EB : 0C;
0021EC : AB;
0021ED : 44;
0021EE : 61;
0021EF : 44;
0021F0 : 55;
0021F1 : 78;
0021F2 : CE;
0021F3 : 78;
0021F4 : 0C;
0021F5 : 96;
0021F6 : 07;
0021F7 : 2F;
0021F8 : 43;
0021F9 : 23;
0021FA : 23;
0021FB : 23;
0021FC : 23;
0021FD : 23;
0021FE : 64;
0021FF : A7;
002200 : F6;
002201 : 4B;
002202 : D4;
002203 : 78;
002204 : 04;
002205 : 04;
002206 : 04;
002207 : 04;
002208 : 04;
002209 : 04;
00220A : 78;
00220B : 26;
00220C : 74;
00220D : 74;
00220E : 74;
00220F : 74;
002210 : 4C;
002211 : E6;
002212 : 51;
002213 : 81;
002214 : 44;
002215 : 2C;
002216 : 00;
002217 : 00;
002218 : 00;
002219 : 00;
00221A : 90;
00221B : 9A;
00221C : E2;
00221D : 08;
00221E : A7;
00221F : 02;
002220 : 02;
002221 : 02;
002222 : 02;
002223 : 43;
002224 : 4F;
002225 : 94;
002226 : 4D;
002227 : 00;
002228 : 00;
002229 : 00;
00222A : 00;
00222B : 00;
00222C : 00;
00222D : 00;
00222E : 00;
00222F : 00;
002230 : 00;
002231 : 00;
002232 : 00;
002233 : 00;
002234 : 00;
002235 : 00;
002236 : 00;
002237 : 00;
002238 : 00;
002239 : 00;
00223A : 00;
00223B : 00;
00223C : 00;
00223D : 00;
00223E : 00;
00223F : 00;
002240 : 00;
002241 : 00;
002242 : 00;
002243 : 00;
002244 : 00;
002245 : 00;
002246 : 00;
002247 : 00;
002248 : 00;
002249 : 00;
00224A : 00;
00224B : 00;
00224C : 00;
00224D : A2;
00224E : 9E;
00224F : DA;
002250 : 75;
002251 : ED;
002252 : 8D;
002253 : 8E;
002254 : 61;
002255 : 96;
002256 : D3;
002257 : 78;
002258 : CE;
002259 : 04;
00225A : 3F;
00225B : 13;
00225C : 1B;
00225D : 0D;
00225E : 7A;
00225F : 23;
002260 : 23;
002261 : 23;
002262 : 23;
002263 : 23;
002264 : 98;
002265 : A7;
002266 : B6;
002267 : 82;
002268 : FF;
002269 : 78;
00226A : 4C;
00226B : 4C;
00226C : 4C;
00226D : 4C;
00226E : 04;
00226F : 3E;
002270 : CB;
002271 : 26;
002272 : 26;
002273 : 74;
002274 : 74;
002275 : 26;
002276 : 4C;
002277 : E6;
002278 : AB;
002279 : 81;
00227A : F3;
00227B : BD;
00227C : 00;
00227D : 00;
00227E : 00;
00227F : 00;
002280 : 00;
002281 : 1B;
002282 : E2;
002283 : CA;
002284 : 64;
002285 : 02;
002286 : 02;
002287 : 02;
002288 : 02;
002289 : 43;
00228A : 21;
00228B : 75;
00228C : E0;
00228D : 00;
00228E : 00;
00228F : 00;
002290 : 00;
002291 : 00;
002292 : 00;
002293 : 00;
002294 : 00;
002295 : 00;
002296 : 00;
002297 : 00;
002298 : 00;
002299 : 00;
00229A : 00;
00229B : 00;
00229C : 00;
00229D : 00;
00229E : 00;
00229F : 00;
0022A0 : 00;
0022A1 : 00;
0022A2 : 00;
0022A3 : 00;
0022A4 : 00;
0022A5 : 00;
0022A6 : 00;
0022A7 : 00;
0022A8 : 00;
0022A9 : 00;
0022AA : 00;
0022AB : 00;
0022AC : 00;
0022AD : 00;
0022AE : 00;
0022AF : 00;
0022B0 : 00;
0022B1 : 00;
0022B2 : 00;
0022B3 : 00;
0022B4 : A2;
0022B5 : DA;
0022B6 : 3D;
0022B7 : 95;
0022B8 : 8D;
0022B9 : 8E;
0022BA : B3;
0022BB : 6C;
0022BC : 51;
0022BD : 3E;
0022BE : 4C;
0022BF : 78;
0022C0 : CD;
0022C1 : B4;
0022C2 : E2;
0022C3 : 41;
0022C4 : 45;
0022C5 : 23;
0022C6 : 23;
0022C7 : 23;
0022C8 : 23;
0022C9 : 23;
0022CA : 23;
0022CB : 19;
0022CC : 72;
0022CD : E0;
0022CE : 01;
0022CF : 78;
0022D0 : 26;
0022D1 : 26;
0022D2 : CE;
0022D3 : 4C;
0022D4 : CD;
0022D5 : 7F;
0022D6 : 51;
0022D7 : CB;
0022D8 : 4C;
0022D9 : 26;
0022DA : 26;
0022DB : 4C;
0022DC : CE;
0022DD : E6;
0022DE : AB;
0022DF : 81;
0022E0 : AF;
0022E1 : BD;
0022E2 : 00;
0022E3 : 00;
0022E4 : 00;
0022E5 : 00;
0022E6 : 00;
0022E7 : 52;
0022E8 : 15;
0022E9 : 21;
0022EA : 98;
0022EB : 02;
0022EC : 02;
0022ED : 02;
0022EE : 02;
0022EF : 43;
0022F0 : 84;
0022F1 : 2B;
0022F2 : 22;
0022F3 : 00;
0022F4 : 00;
0022F5 : 00;
0022F6 : 00;
0022F7 : 00;
0022F8 : 00;
0022F9 : 00;
0022FA : 00;
0022FB : 00;
0022FC : 00;
0022FD : 00;
0022FE : 00;
0022FF : 00;
002300 : 00;
002301 : 00;
002302 : 00;
002303 : 00;
002304 : 00;
002305 : 00;
002306 : 00;
002307 : 00;
002308 : 00;
002309 : 00;
00230A : 00;
00230B : 00;
00230C : 00;
00230D : 00;
00230E : 00;
00230F : 00;
002310 : 00;
002311 : 00;
002312 : 00;
002313 : 00;
002314 : 00;
002315 : 00;
002316 : 00;
002317 : 00;
002318 : 00;
002319 : 00;
00231A : 00;
00231B : 00;
00231C : 75;
00231D : 2B;
00231E : 07;
00231F : 2C;
002320 : 6F;
002321 : 61;
002322 : 61;
002323 : EE;
002324 : 51;
002325 : 58;
002326 : 38;
002327 : B4;
002328 : 2B;
002329 : 08;
00232A : 19;
00232B : 79;
00232C : 23;
00232D : 23;
00232E : 23;
00232F : 23;
002330 : 23;
002331 : 19;
002332 : 84;
002333 : E0;
002334 : 51;
002335 : 78;
002336 : CB;
002337 : CB;
002338 : CB;
002339 : CB;
00233A : AB;
00233B : 4D;
00233C : 96;
00233D : D3;
00233E : 78;
00233F : CE;
002340 : CE;
002341 : CE;
002342 : 4C;
002343 : 97;
002344 : 28;
002345 : 81;
002346 : 8D;
002347 : 39;
002348 : 00;
002349 : 00;
00234A : 00;
00234B : 00;
00234C : 00;
00234D : D5;
00234E : 3A;
00234F : 57;
002350 : 2F;
002351 : 23;
002352 : 79;
002353 : 02;
002354 : 79;
002355 : 7A;
002356 : 5A;
002357 : 2B;
002358 : 22;
002359 : 99;
00235A : 00;
00235B : 00;
00235C : 00;
00235D : 00;
00235E : 00;
00235F : 00;
002360 : 00;
002361 : 00;
002362 : 00;
002363 : 00;
002364 : 00;
002365 : 00;
002366 : 00;
002367 : 00;
002368 : 00;
002369 : 00;
00236A : 00;
00236B : 00;
00236C : 00;
00236D : 00;
00236E : 00;
00236F : 00;
002370 : 00;
002371 : 00;
002372 : 00;
002373 : 00;
002374 : 00;
002375 : 00;
002376 : 00;
002377 : 00;
002378 : 00;
002379 : 00;
00237A : 00;
00237B : 00;
00237C : 00;
00237D : 00;
00237E : 00;
00237F : 00;
002380 : 00;
002381 : 00;
002382 : EB;
002383 : E2;
002384 : 3C;
002385 : EA;
002386 : 7B;
002387 : B0;
002388 : 61;
002389 : 96;
00238A : 96;
00238B : 44;
00238C : ED;
00238D : 8E;
00238E : 2B;
00238F : 5A;
002390 : 19;
002391 : 79;
002392 : 79;
002393 : 23;
002394 : 23;
002395 : 23;
002396 : 23;
002397 : 45;
002398 : 5A;
002399 : 82;
00239A : 28;
00239B : 04;
00239C : 04;
00239D : 26;
00239E : 78;
00239F : 55;
0023A0 : 96;
0023A1 : 61;
0023A2 : 96;
0023A3 : EE;
0023A4 : 76;
0023A5 : 78;
0023A6 : 04;
0023A7 : CE;
0023A8 : 8B;
0023A9 : 01;
0023AA : B4;
0023AB : 3D;
0023AC : 81;
0023AD : 00;
0023AE : 00;
0023AF : 00;
0023B0 : 00;
0023B1 : 00;
0023B2 : 00;
0023B3 : D5;
0023B4 : 9D;
0023B5 : B5;
0023B6 : 0D;
0023B7 : C6;
0023B8 : C6;
0023B9 : 23;
0023BA : 79;
0023BB : 45;
0023BC : AA;
0023BD : 2B;
0023BE : 22;
0023BF : 99;
0023C0 : 00;
0023C1 : 00;
0023C2 : 00;
0023C3 : 00;
0023C4 : 00;
0023C5 : 00;
0023C6 : 00;
0023C7 : 00;
0023C8 : 00;
0023C9 : 00;
0023CA : 00;
0023CB : 00;
0023CC : 00;
0023CD : 00;
0023CE : 00;
0023CF : 00;
0023D0 : 00;
0023D1 : 00;
0023D2 : 00;
0023D3 : 00;
0023D4 : 00;
0023D5 : 00;
0023D6 : 00;
0023D7 : 00;
0023D8 : 00;
0023D9 : 00;
0023DA : 00;
0023DB : 00;
0023DC : 00;
0023DD : 00;
0023DE : 00;
0023DF : 00;
0023E0 : 00;
0023E1 : 00;
0023E2 : 00;
0023E3 : 00;
0023E4 : 00;
0023E5 : 00;
0023E6 : 00;
0023E7 : 00;
0023E8 : 8E;
0023E9 : E2;
0023EA : 3C;
0023EB : EA;
0023EC : 40;
0023ED : 20;
0023EE : 2C;
0023EF : 6F;
0023F0 : B0;
0023F1 : AF;
0023F2 : B3;
0023F3 : 8E;
0023F4 : E2;
0023F5 : F9;
0023F6 : 19;
0023F7 : 02;
0023F8 : 79;
0023F9 : 79;
0023FA : 79;
0023FB : 79;
0023FC : DC;
0023FD : 45;
0023FE : 63;
0023FF : 15;
002400 : 8E;
002401 : AB;
002402 : 58;
002403 : 0C;
002404 : 3F;
002405 : 32;
002406 : 96;
002407 : 61;
002408 : 61;
002409 : 96;
00240A : 7F;
00240B : D3;
00240C : FF;
00240D : 28;
00240E : B3;
00240F : 6C;
002410 : 2B;
002411 : DA;
002412 : A2;
002413 : 00;
002414 : 00;
002415 : 00;
002416 : 00;
002417 : 00;
002418 : 00;
002419 : 9D;
00241A : 3A;
00241B : 90;
00241C : 86;
00241D : 19;
00241E : C6;
00241F : C6;
002420 : 23;
002421 : 7A;
002422 : 31;
002423 : 95;
002424 : 66;
002425 : 99;
002426 : 00;
002427 : 00;
002428 : 00;
002429 : 00;
00242A : 00;
00242B : 00;
00242C : 00;
00242D : 00;
00242E : 00;
00242F : 00;
002430 : 00;
002431 : 00;
002432 : 00;
002433 : 00;
002434 : 00;
002435 : 00;
002436 : 00;
002437 : 00;
002438 : 00;
002439 : 00;
00243A : 00;
00243B : 00;
00243C : 00;
00243D : 00;
00243E : 00;
00243F : 00;
002440 : 00;
002441 : 00;
002442 : 00;
002443 : 00;
002444 : 00;
002445 : 00;
002446 : 00;
002447 : 00;
002448 : 00;
002449 : 00;
00244A : 00;
00244B : 00;
00244C : 00;
00244D : 00;
00244E : 9A;
00244F : D2;
002450 : 52;
002451 : EA;
002452 : 5C;
002453 : 5C;
002454 : CF;
002455 : 5C;
002456 : 40;
002457 : EA;
002458 : 20;
002459 : 6F;
00245A : EB;
00245B : 57;
00245C : 7A;
00245D : 79;
00245E : 79;
00245F : 79;
002460 : 79;
002461 : 79;
002462 : 79;
002463 : A7;
002464 : 31;
002465 : 8A;
002466 : 6C;
002467 : CC;
002468 : CC;
002469 : 96;
00246A : 61;
00246B : EB;
00246C : 8E;
00246D : C4;
00246E : B0;
00246F : 96;
002470 : 44;
002471 : AD;
002472 : AD;
002473 : 44;
002474 : 8D;
002475 : 6C;
002476 : E2;
002477 : 2B;
002478 : 00;
002479 : 00;
00247A : 00;
00247B : 00;
00247C : 00;
00247D : 00;
00247E : 00;
00247F : AF;
002480 : E0;
002481 : 27;
002482 : 86;
002483 : 7C;
002484 : C6;
002485 : C6;
002486 : C6;
002487 : 7A;
002488 : 41;
002489 : B4;
00248A : 66;
00248B : 99;
00248C : 00;
00248D : 00;
00248E : 00;
00248F : 00;
002490 : 00;
002491 : 00;
002492 : 00;
002493 : 00;
002494 : 00;
002495 : 00;
002496 : 00;
002497 : 00;
002498 : 00;
002499 : 00;
00249A : 00;
00249B : 00;
00249C : 00;
00249D : 00;
00249E : 00;
00249F : 00;
0024A0 : 00;
0024A1 : 00;
0024A2 : 00;
0024A3 : 00;
0024A4 : 00;
0024A5 : 00;
0024A6 : 00;
0024A7 : 00;
0024A8 : 00;
0024A9 : 00;
0024AA : 00;
0024AB : 00;
0024AC : 00;
0024AD : 00;
0024AE : 00;
0024AF : 00;
0024B0 : 00;
0024B1 : 00;
0024B2 : 00;
0024B3 : 00;
0024B4 : BA;
0024B5 : BC;
0024B6 : AF;
0024B7 : 20;
0024B8 : CF;
0024B9 : CF;
0024BA : CF;
0024BB : 9D;
0024BC : 06;
0024BD : CF;
0024BE : 06;
0024BF : 1D;
0024C0 : 6C;
0024C1 : 3C;
0024C2 : F5;
0024C3 : 23;
0024C4 : 02;
0024C5 : 79;
0024C6 : 79;
0024C7 : 79;
0024C8 : 79;
0024C9 : A7;
0024CA : A0;
0024CB : 48;
0024CC : 6C;
0024CD : 52;
0024CE : 68;
0024CF : 83;
0024D0 : 6C;
0024D1 : 8E;
0024D2 : 1D;
0024D3 : 06;
0024D4 : 20;
0024D5 : 68;
0024D6 : 8D;
0024D7 : D7;
0024D8 : 83;
0024D9 : 52;
0024DA : AF;
0024DB : 6C;
0024DC : 96;
0024DD : 61;
0024DE : 00;
0024DF : 00;
0024E0 : 00;
0024E1 : 00;
0024E2 : 00;
0024E3 : 00;
0024E4 : 00;
0024E5 : 8A;
0024E6 : 4B;
0024E7 : 4B;
0024E8 : 63;
0024E9 : 5E;
0024EA : 7C;
0024EB : 19;
0024EC : 7A;
0024ED : 7A;
0024EE : B2;
0024EF : F3;
0024F0 : 03;
0024F1 : 36;
0024F2 : 00;
0024F3 : 00;
0024F4 : 00;
0024F5 : 00;
0024F6 : 00;
0024F7 : 00;
0024F8 : 00;
0024F9 : 00;
0024FA : 00;
0024FB : 00;
0024FC : 00;
0024FD : 00;
0024FE : 00;
0024FF : 00;
002500 : 00;
002501 : 00;
002502 : 00;
002503 : 00;
002504 : 00;
002505 : 00;
002506 : 00;
002507 : 00;
002508 : 00;
002509 : 00;
00250A : 00;
00250B : 00;
00250C : 00;
00250D : 00;
00250E : 00;
00250F : 00;
002510 : 00;
002511 : 00;
002512 : 00;
002513 : 00;
002514 : 00;
002515 : 00;
002516 : 00;
002517 : 00;
002518 : 00;
002519 : 00;
00251A : BA;
00251B : 4B;
00251C : 36;
00251D : 7B;
00251E : CF;
00251F : CF;
002520 : 9D;
002521 : 9D;
002522 : 06;
002523 : CF;
002524 : 06;
002525 : 7B;
002526 : 36;
002527 : 36;
002528 : B2;
002529 : 43;
00252A : 02;
00252B : 23;
00252C : 23;
00252D : 79;
00252E : 79;
00252F : 64;
002530 : 2F;
002531 : 3C;
002532 : 96;
002533 : 2C;
002534 : 5C;
002535 : EA;
002536 : 20;
002537 : 20;
002538 : 40;
002539 : 40;
00253A : 5C;
00253B : 40;
00253C : 20;
00253D : 7B;
00253E : 20;
00253F : EA;
002540 : 2C;
002541 : D7;
002542 : 4D;
002543 : 4D;
002544 : 00;
002545 : 00;
002546 : 00;
002547 : 00;
002548 : 00;
002549 : 00;
00254A : 00;
00254B : BD;
00254C : 83;
00254D : 82;
00254E : 21;
00254F : 19;
002550 : 5E;
002551 : 7C;
002552 : 19;
002553 : 7A;
002554 : 91;
002555 : 9B;
002556 : 4D;
002557 : 52;
002558 : 00;
002559 : 00;
00255A : 00;
00255B : 00;
00255C : 00;
00255D : 00;
00255E : 00;
00255F : 00;
002560 : 00;
002561 : 00;
002562 : 00;
002563 : 00;
002564 : 00;
002565 : 00;
002566 : 00;
002567 : 00;
002568 : 00;
002569 : 00;
00256A : 00;
00256B : 00;
00256C : 00;
00256D : 00;
00256E : 00;
00256F : 00;
002570 : 00;
002571 : 00;
002572 : 00;
002573 : 00;
002574 : 00;
002575 : 00;
002576 : 00;
002577 : 00;
002578 : 00;
002579 : 00;
00257A : 00;
00257B : 00;
00257C : 00;
00257D : 00;
00257E : 00;
00257F : 00;
002580 : 71;
002581 : A6;
002582 : 48;
002583 : C4;
002584 : 5C;
002585 : CF;
002586 : 06;
002587 : 9D;
002588 : 9D;
002589 : 06;
00258A : 06;
00258B : 20;
00258C : 52;
00258D : 44;
00258E : DF;
00258F : 45;
002590 : 02;
002591 : 79;
002592 : 23;
002593 : 23;
002594 : 98;
002595 : 64;
002596 : 4A;
002597 : C9;
002598 : 4D;
002599 : 6F;
00259A : 5C;
00259B : 40;
00259C : 5C;
00259D : 5C;
00259E : 40;
00259F : 5C;
0025A0 : 5C;
0025A1 : 5C;
0025A2 : 5C;
0025A3 : 6D;
0025A4 : CF;
0025A5 : CF;
0025A6 : C4;
0025A7 : 83;
0025A8 : 03;
0025A9 : 22;
0025AA : 00;
0025AB : 00;
0025AC : 00;
0025AD : 00;
0025AE : 00;
0025AF : 00;
0025B0 : 00;
0025B1 : 4E;
0025B2 : 6F;
0025B3 : 82;
0025B4 : 12;
0025B5 : B1;
0025B6 : 6E;
0025B7 : 5E;
0025B8 : 7C;
0025B9 : 19;
0025BA : F5;
0025BB : BA;
0025BC : 4D;
0025BD : 4D;
0025BE : 00;
0025BF : 00;
0025C0 : 00;
0025C1 : 00;
0025C2 : 00;
0025C3 : 00;
0025C4 : 00;
0025C5 : 00;
0025C6 : 00;
0025C7 : 00;
0025C8 : 00;
0025C9 : 00;
0025CA : 00;
0025CB : 00;
0025CC : 00;
0025CD : 00;
0025CE : 00;
0025CF : 00;
0025D0 : 00;
0025D1 : 00;
0025D2 : 00;
0025D3 : 00;
0025D4 : 00;
0025D5 : 00;
0025D6 : 00;
0025D7 : 00;
0025D8 : 00;
0025D9 : 00;
0025DA : 00;
0025DB : 00;
0025DC : 00;
0025DD : 00;
0025DE : 00;
0025DF : 00;
0025E0 : 00;
0025E1 : 00;
0025E2 : 00;
0025E3 : 00;
0025E4 : 00;
0025E5 : 00;
0025E6 : D1;
0025E7 : FB;
0025E8 : 48;
0025E9 : 1D;
0025EA : 5C;
0025EB : CF;
0025EC : 9D;
0025ED : 9D;
0025EE : 9D;
0025EF : 06;
0025F0 : 06;
0025F1 : 40;
0025F2 : 68;
0025F3 : EB;
0025F4 : CA;
0025F5 : 45;
0025F6 : 02;
0025F7 : 79;
0025F8 : 23;
0025F9 : 23;
0025FA : 23;
0025FB : 98;
0025FC : A7;
0025FD : F6;
0025FE : 4D;
0025FF : 52;
002600 : 40;
002601 : 40;
002602 : 40;
002603 : 5C;
002604 : CF;
002605 : 5C;
002606 : EA;
002607 : 40;
002608 : 5C;
002609 : CF;
00260A : CF;
00260B : CF;
00260C : 20;
00260D : 52;
00260E : 4D;
00260F : 03;
002610 : 00;
002611 : 00;
002612 : 00;
002613 : 00;
002614 : 00;
002615 : 00;
002616 : 00;
002617 : 00;
002618 : 3C;
002619 : 4B;
00261A : 17;
00261B : 6B;
00261C : DC;
00261D : 19;
00261E : 5E;
00261F : 6E;
002620 : 02;
002621 : E4;
002622 : 4D;
002623 : 22;
002624 : 00;
002625 : 00;
002626 : 00;
002627 : 00;
002628 : 00;
002629 : 00;
00262A : 00;
00262B : 00;
00262C : 00;
00262D : 00;
00262E : 00;
00262F : 00;
002630 : 00;
002631 : 00;
002632 : 00;
002633 : 00;
002634 : 00;
002635 : 00;
002636 : 00;
002637 : 00;
002638 : 00;
002639 : 00;
00263A : 00;
00263B : 00;
00263C : 00;
00263D : 00;
00263E : 00;
00263F : 00;
002640 : 00;
002641 : 00;
002642 : 00;
002643 : 00;
002644 : 00;
002645 : 00;
002646 : 00;
002647 : 00;
002648 : 00;
002649 : 00;
00264A : 00;
00264B : 00;
00264C : 66;
00264D : E0;
00264E : 48;
00264F : 1D;
002650 : 5C;
002651 : CF;
002652 : 9D;
002653 : 9D;
002654 : 9D;
002655 : 06;
002656 : CF;
002657 : CF;
002658 : 3A;
002659 : E2;
00265A : 21;
00265B : A7;
00265C : 23;
00265D : 79;
00265E : 23;
00265F : 23;
002660 : 23;
002661 : 23;
002662 : 19;
002663 : 90;
002664 : 75;
002665 : AF;
002666 : 40;
002667 : 5C;
002668 : 40;
002669 : 20;
00266A : 1D;
00266B : 68;
00266C : 83;
00266D : 1D;
00266E : 5C;
00266F : CF;
002670 : CF;
002671 : CF;
002672 : EA;
002673 : 68;
002674 : 61;
002675 : B3;
002676 : 9B;
002677 : 00;
002678 : 00;
002679 : 00;
00267A : 00;
00267B : 00;
00267C : 00;
00267D : 00;
00267E : 4B;
00267F : 4B;
002680 : 1B;
002681 : 31;
002682 : 64;
002683 : 23;
002684 : 6E;
002685 : 5E;
002686 : 6E;
002687 : C1;
002688 : 82;
002689 : 66;
00268A : 00;
00268B : 00;
00268C : 00;
00268D : 00;
00268E : 00;
00268F : 00;
002690 : 00;
002691 : 00;
002692 : 00;
002693 : 00;
002694 : 00;
002695 : 00;
002696 : 00;
002697 : 00;
002698 : 00;
002699 : 00;
00269A : 00;
00269B : 00;
00269C : 00;
00269D : 00;
00269E : 00;
00269F : 00;
0026A0 : 00;
0026A1 : 00;
0026A2 : 00;
0026A3 : 00;
0026A4 : 00;
0026A5 : 00;
0026A6 : 00;
0026A7 : 00;
0026A8 : 00;
0026A9 : 00;
0026AA : 00;
0026AB : 00;
0026AC : 00;
0026AD : 00;
0026AE : 00;
0026AF : 00;
0026B0 : 00;
0026B1 : 00;
0026B2 : E0;
0026B3 : FD;
0026B4 : 6C;
0026B5 : 2C;
0026B6 : 6D;
0026B7 : 9D;
0026B8 : 9D;
0026B9 : 9D;
0026BA : 9D;
0026BB : 9D;
0026BC : 9D;
0026BD : 9D;
0026BE : 2C;
0026BF : 4B;
0026C0 : B6;
0026C1 : A7;
0026C2 : 79;
0026C3 : 23;
0026C4 : 23;
0026C5 : 23;
0026C6 : 23;
0026C7 : 23;
0026C8 : 19;
0026C9 : 1E;
0026CA : 4D;
0026CB : 8D;
0026CC : 6F;
0026CD : 68;
0026CE : AF;
0026CF : 48;
0026D0 : 8A;
0026D1 : AD;
0026D2 : 36;
0026D3 : 1D;
0026D4 : 5C;
0026D5 : CF;
0026D6 : CF;
0026D7 : CF;
0026D8 : 5C;
0026D9 : 3A;
0026DA : 61;
0026DB : 44;
0026DC : 61;
0026DD : 00;
0026DE : 00;
0026DF : 00;
0026E0 : 00;
0026E1 : 00;
0026E2 : 00;
0026E3 : 00;
0026E4 : 8A;
0026E5 : 8A;
0026E6 : 15;
0026E7 : 21;
0026E8 : 98;
0026E9 : 23;
0026EA : 7A;
0026EB : 6E;
0026EC : 5E;
0026ED : 08;
0026EE : 4D;
0026EF : BF;
0026F0 : 52;
0026F1 : 00;
0026F2 : 00;
0026F3 : 00;
0026F4 : 00;
0026F5 : 00;
0026F6 : 00;
0026F7 : 00;
0026F8 : 00;
0026F9 : 00;
0026FA : 00;
0026FB : 00;
0026FC : 00;
0026FD : 00;
0026FE : 00;
0026FF : 00;
002700 : 00;
002701 : 00;
002702 : 00;
002703 : 00;
002704 : 00;
002705 : 00;
002706 : 00;
002707 : 00;
002708 : 00;
002709 : 00;
00270A : 00;
00270B : 00;
00270C : 00;
00270D : 00;
00270E : 00;
00270F : 00;
002710 : 00;
002711 : 00;
002712 : 00;
002713 : 00;
002714 : 00;
002715 : 00;
002716 : 00;
002717 : 00;
002718 : 48;
002719 : 6C;
00271A : 44;
00271B : 3A;
00271C : 5C;
00271D : 9D;
00271E : 9D;
00271F : 9D;
002720 : 9D;
002721 : 9D;
002722 : 9D;
002723 : 6D;
002724 : 3A;
002725 : 82;
002726 : CA;
002727 : 19;
002728 : 23;
002729 : 23;
00272A : 23;
00272B : 23;
00272C : 23;
00272D : 23;
00272E : 19;
00272F : 31;
002730 : EB;
002731 : 8D;
002732 : 44;
002733 : EB;
002734 : BC;
002735 : 8A;
002736 : 36;
002737 : 2C;
002738 : 20;
002739 : 5C;
00273A : CF;
00273B : CF;
00273C : 06;
00273D : CF;
00273E : CF;
00273F : 1D;
002740 : D7;
002741 : 03;
002742 : 22;
002743 : 00;
002744 : 00;
002745 : 00;
002746 : 00;
002747 : 00;
002748 : 00;
002749 : E0;
00274A : 82;
00274B : 8A;
00274C : 1B;
00274D : 1E;
00274E : 98;
00274F : 98;
002750 : 23;
002751 : 43;
002752 : 6E;
002753 : 86;
002754 : C9;
002755 : 44;
002756 : 6F;
002757 : 00;
002758 : 00;
002759 : 00;
00275A : 00;
00275B : 00;
00275C : 00;
00275D : 00;
00275E : 00;
00275F : 00;
002760 : 00;
002761 : 00;
002762 : 00;
002763 : 00;
002764 : 00;
002765 : 00;
002766 : 00;
002767 : 00;
002768 : 00;
002769 : 00;
00276A : 00;
00276B : 00;
00276C : 00;
00276D : 00;
00276E : 00;
00276F : 00;
002770 : 00;
002771 : 00;
002772 : 00;
002773 : 00;
002774 : 00;
002775 : 00;
002776 : 00;
002777 : 00;
002778 : 00;
002779 : 00;
00277A : 00;
00277B : 00;
00277C : 00;
00277D : 00;
00277E : 12;
00277F : B0;
002780 : 44;
002781 : 6F;
002782 : 5C;
002783 : 9D;
002784 : 9D;
002785 : 9D;
002786 : 9D;
002787 : 9D;
002788 : 9D;
002789 : EA;
00278A : 83;
00278B : 1B;
00278C : D8;
00278D : 7A;
00278E : 23;
00278F : 23;
002790 : 23;
002791 : 23;
002792 : 23;
002793 : 23;
002794 : 45;
002795 : B2;
002796 : F0;
002797 : 44;
002798 : 83;
002799 : 68;
00279A : 6F;
00279B : 2C;
00279C : 7B;
00279D : 5C;
00279E : 5C;
00279F : CF;
0027A0 : 06;
0027A1 : 06;
0027A2 : 06;
0027A3 : 06;
0027A4 : CF;
0027A5 : C4;
0027A6 : B3;
0027A7 : E2;
0027A8 : ED;
0027A9 : 00;
0027AA : 00;
0027AB : 00;
0027AC : 00;
0027AD : 00;
0027AE : 34;
0027AF : FB;
0027B0 : 4B;
0027B1 : 07;
0027B2 : 5A;
0027B3 : 02;
0027B4 : 02;
0027B5 : 02;
0027B6 : 79;
0027B7 : 23;
0027B8 : 43;
0027B9 : 86;
0027BA : 10;
0027BB : 6F;
0027BC : 52;
0027BD : 00;
0027BE : 00;
0027BF : 00;
0027C0 : 00;
0027C1 : 00;
0027C2 : 00;
0027C3 : 00;
0027C4 : 00;
0027C5 : 00;
0027C6 : 00;
0027C7 : 00;
0027C8 : 00;
0027C9 : 00;
0027CA : 00;
0027CB : 00;
0027CC : 00;
0027CD : 00;
0027CE : 00;
0027CF : 00;
0027D0 : 00;
0027D1 : 00;
0027D2 : 00;
0027D3 : 00;
0027D4 : 00;
0027D5 : 00;
0027D6 : 00;
0027D7 : 00;
0027D8 : 00;
0027D9 : 00;
0027DA : 00;
0027DB : 00;
0027DC : 00;
0027DD : 00;
0027DE : 00;
0027DF : 00;
0027E0 : 00;
0027E1 : 00;
0027E2 : 00;
0027E3 : 00;
0027E4 : 00;
0027E5 : B3;
0027E6 : 15;
0027E7 : 68;
0027E8 : 40;
0027E9 : CF;
0027EA : 9D;
0027EB : 9D;
0027EC : 9D;
0027ED : 9D;
0027EE : 9D;
0027EF : C4;
0027F0 : 6C;
0027F1 : C9;
0027F2 : F5;
0027F3 : 23;
0027F4 : 98;
0027F5 : 64;
0027F6 : 64;
0027F7 : 23;
0027F8 : 23;
0027F9 : 23;
0027FA : 43;
0027FB : C8;
0027FC : 9F;
0027FD : 44;
0027FE : 68;
0027FF : 40;
002800 : 6D;
002801 : 9D;
002802 : 9D;
002803 : 9D;
002804 : CF;
002805 : CF;
002806 : 06;
002807 : 06;
002808 : 06;
002809 : 06;
00280A : CF;
00280B : 20;
00280C : B0;
00280D : EB;
00280E : EB;
00280F : 00;
002810 : 00;
002811 : 00;
002812 : 00;
002813 : 00;
002814 : 34;
002815 : F4;
002816 : 07;
002817 : D6;
002818 : DC;
002819 : 02;
00281A : 02;
00281B : 02;
00281C : 79;
00281D : 23;
00281E : 43;
00281F : F5;
002820 : C1;
002821 : B5;
002822 : 59;
002823 : 00;
002824 : 00;
002825 : 00;
002826 : 00;
002827 : 00;
002828 : 00;
002829 : 00;
00282A : 00;
00282B : 00;
00282C : 00;
00282D : 00;
00282E : 00;
00282F : 00;
002830 : 00;
002831 : 00;
002832 : 00;
002833 : 00;
002834 : 00;
002835 : 00;
002836 : 00;
002837 : 00;
002838 : 00;
002839 : 00;
00283A : 00;
00283B : 00;
00283C : 00;
00283D : 00;
00283E : 00;
00283F : 00;
002840 : 00;
002841 : 00;
002842 : 00;
002843 : 00;
002844 : 00;
002845 : 00;
002846 : 00;
002847 : 00;
002848 : 00;
002849 : 00;
00284A : 00;
00284B : F8;
00284C : FD;
00284D : 52;
00284E : EA;
00284F : CF;
002850 : CF;
002851 : 9D;
002852 : 9D;
002853 : 9D;
002854 : CF;
002855 : 3A;
002856 : 15;
002857 : F6;
002858 : 7A;
002859 : 23;
00285A : 64;
00285B : 64;
00285C : 64;
00285D : 64;
00285E : 23;
00285F : 23;
002860 : 23;
002861 : 45;
002862 : F6;
002863 : AD;
002864 : AF;
002865 : EA;
002866 : 6D;
002867 : 6D;
002868 : 9D;
002869 : 9D;
00286A : CF;
00286B : 06;
00286C : 06;
00286D : 06;
00286E : 06;
00286F : 06;
002870 : CF;
002871 : 40;
002872 : 6F;
002873 : AD;
002874 : 4D;
002875 : 00;
002876 : 00;
002877 : 00;
002878 : 00;
002879 : 66;
00287A : FB;
00287B : 4B;
00287C : 72;
00287D : 43;
00287E : 02;
00287F : 02;
002880 : 02;
002881 : 02;
002882 : 79;
002883 : 79;
002884 : 79;
002885 : 79;
002886 : F6;
002887 : 6C;
002888 : 3C;
002889 : 00;
00288A : 00;
00288B : 00;
00288C : 00;
00288D : 00;
00288E : 00;
00288F : 00;
002890 : 00;
002891 : 00;
002892 : 00;
002893 : 00;
002894 : 00;
002895 : 00;
002896 : 00;
002897 : 00;
002898 : 00;
002899 : 00;
00289A : 00;
00289B : 00;
00289C : 00;
00289D : 00;
00289E : 00;
00289F : 00;
0028A0 : 00;
0028A1 : 00;
0028A2 : 00;
0028A3 : 00;
0028A4 : 00;
0028A5 : 00;
0028A6 : 00;
0028A7 : 00;
0028A8 : 00;
0028A9 : 00;
0028AA : 00;
0028AB : 00;
0028AC : 00;
0028AD : 00;
0028AE : 00;
0028AF : 00;
0028B0 : 00;
0028B1 : F8;
0028B2 : FD;
0028B3 : 52;
0028B4 : 20;
0028B5 : 06;
0028B6 : 06;
0028B7 : 06;
0028B8 : 06;
0028B9 : CF;
0028BA : 6D;
0028BB : 3A;
0028BC : 4B;
0028BD : 21;
0028BE : 19;
0028BF : 23;
0028C0 : 64;
0028C1 : 64;
0028C2 : 64;
0028C3 : 64;
0028C4 : AC;
0028C5 : 23;
0028C6 : 79;
0028C7 : 45;
0028C8 : CA;
0028C9 : AD;
0028CA : 36;
0028CB : 7B;
0028CC : CF;
0028CD : CF;
0028CE : CF;
0028CF : 06;
0028D0 : 06;
0028D1 : 06;
0028D2 : 06;
0028D3 : 06;
0028D4 : 06;
0028D5 : 06;
0028D6 : 06;
0028D7 : 9D;
0028D8 : 2C;
0028D9 : 6C;
0028DA : 4D;
0028DB : 03;
0028DC : 00;
0028DD : 00;
0028DE : 00;
0028DF : A6;
0028E0 : FB;
0028E1 : 07;
0028E2 : B2;
0028E3 : 43;
0028E4 : A5;
0028E5 : DC;
0028E6 : DC;
0028E7 : 79;
0028E8 : 02;
0028E9 : 02;
0028EA : 79;
0028EB : 64;
0028EC : 10;
0028ED : FD;
0028EE : FB;
0028EF : BF;
0028F0 : 00;
0028F1 : 00;
0028F2 : 00;
0028F3 : 00;
0028F4 : 00;
0028F5 : 00;
0028F6 : 00;
0028F7 : 00;
0028F8 : 00;
0028F9 : 00;
0028FA : 00;
0028FB : 00;
0028FC : 00;
0028FD : 00;
0028FE : 00;
0028FF : 00;
002900 : 00;
002901 : 00;
002902 : 00;
002903 : 00;
002904 : 00;
002905 : 00;
002906 : 00;
002907 : 00;
002908 : 00;
002909 : 00;
00290A : 00;
00290B : 00;
00290C : 00;
00290D : 00;
00290E : 00;
00290F : 00;
002910 : 00;
002911 : 00;
002912 : 00;
002913 : 00;
002914 : 00;
002915 : 00;
002916 : 00;
002917 : F8;
002918 : FD;
002919 : 83;
00291A : 20;
00291B : CF;
00291C : 06;
00291D : 06;
00291E : 06;
00291F : 06;
002920 : 5C;
002921 : 6F;
002922 : 4B;
002923 : F9;
002924 : 19;
002925 : 23;
002926 : 64;
002927 : 64;
002928 : 64;
002929 : 64;
00292A : AC;
00292B : 23;
00292C : 79;
00292D : 45;
00292E : 31;
00292F : 8D;
002930 : D7;
002931 : 1D;
002932 : 06;
002933 : CF;
002934 : 06;
002935 : 06;
002936 : 06;
002937 : 06;
002938 : 06;
002939 : 06;
00293A : 06;
00293B : 06;
00293C : 06;
00293D : CF;
00293E : C4;
00293F : D7;
002940 : 44;
002941 : 3C;
002942 : 00;
002943 : 00;
002944 : 17;
002945 : F4;
002946 : FB;
002947 : 57;
002948 : 7A;
002949 : 02;
00294A : A5;
00294B : DC;
00294C : DC;
00294D : 79;
00294E : 02;
00294F : 79;
002950 : 79;
002951 : 64;
002952 : 08;
002953 : 6C;
002954 : 94;
002955 : 66;
002956 : 00;
002957 : 00;
002958 : 00;
002959 : 00;
00295A : 00;
00295B : 00;
00295C : 00;
00295D : 00;
00295E : 00;
00295F : 00;
002960 : 00;
002961 : 00;
002962 : 00;
002963 : 00;
002964 : 00;
002965 : 00;
002966 : 00;
002967 : 00;
002968 : 00;
002969 : 00;
00296A : 00;
00296B : 00;
00296C : 00;
00296D : 00;
00296E : 00;
00296F : 00;
002970 : 00;
002971 : 00;
002972 : 00;
002973 : 00;
002974 : 00;
002975 : 00;
002976 : 00;
002977 : 00;
002978 : 00;
002979 : 00;
00297A : 00;
00297B : 00;
00297C : 00;
00297D : FD;
00297E : CC;
00297F : 83;
002980 : 7B;
002981 : 06;
002982 : 06;
002983 : 06;
002984 : 06;
002985 : 06;
002986 : 40;
002987 : 68;
002988 : 4D;
002989 : 90;
00298A : 19;
00298B : 23;
00298C : 98;
00298D : 64;
00298E : 64;
00298F : 64;
002990 : DC;
002991 : DC;
002992 : 79;
002993 : 64;
002994 : B2;
002995 : AF;
002996 : D7;
002997 : 3A;
002998 : CF;
002999 : CF;
00299A : 06;
00299B : 06;
00299C : 06;
00299D : 06;
00299E : 06;
00299F : 06;
0029A0 : 06;
0029A1 : 06;
0029A2 : CF;
0029A3 : 5C;
0029A4 : 20;
0029A5 : 52;
0029A6 : 96;
0029A7 : 1B;
0029A8 : 00;
0029A9 : 00;
0029AA : D2;
0029AB : F4;
0029AC : FB;
0029AD : 72;
0029AE : 7A;
0029AF : 02;
0029B0 : A5;
0029B1 : DC;
0029B2 : DC;
0029B3 : DC;
0029B4 : 02;
0029B5 : 79;
0029B6 : 79;
0029B7 : 64;
0029B8 : 41;
0029B9 : 8E;
0029BA : 22;
0029BB : 99;
0029BC : 00;
0029BD : 00;
0029BE : 00;
0029BF : 00;
0029C0 : 00;
0029C1 : 00;
0029C2 : 00;
0029C3 : 00;
0029C4 : 00;
0029C5 : 00;
0029C6 : 00;
0029C7 : 00;
0029C8 : 00;
0029C9 : 00;
0029CA : 00;
0029CB : 00;
0029CC : 00;
0029CD : 00;
0029CE : 00;
0029CF : 00;
0029D0 : 00;
0029D1 : 00;
0029D2 : 00;
0029D3 : 00;
0029D4 : 00;
0029D5 : 00;
0029D6 : 00;
0029D7 : 00;
0029D8 : 00;
0029D9 : 00;
0029DA : 00;
0029DB : 00;
0029DC : 00;
0029DD : 00;
0029DE : 00;
0029DF : 00;
0029E0 : 00;
0029E1 : 00;
0029E2 : 00;
0029E3 : D7;
0029E4 : AD;
0029E5 : 36;
0029E6 : C4;
0029E7 : 5C;
0029E8 : CF;
0029E9 : 06;
0029EA : 06;
0029EB : 06;
0029EC : 40;
0029ED : 68;
0029EE : 4D;
0029EF : 84;
0029F0 : 19;
0029F1 : 23;
0029F2 : 98;
0029F3 : 98;
0029F4 : 64;
0029F5 : 64;
0029F6 : DC;
0029F7 : DC;
0029F8 : 79;
0029F9 : 79;
0029FA : E8;
0029FB : C9;
0029FC : D7;
0029FD : 68;
0029FE : 40;
0029FF : 06;
002A00 : 06;
002A01 : 06;
002A02 : 06;
002A03 : 06;
002A04 : 06;
002A05 : 06;
002A06 : 06;
002A07 : 06;
002A08 : 06;
002A09 : 5C;
002A0A : EA;
002A0B : 68;
002A0C : EB;
002A0D : E2;
002A0E : 00;
002A0F : 00;
002A10 : 34;
002A11 : 34;
002A12 : 34;
002A13 : 5A;
002A14 : 7A;
002A15 : 02;
002A16 : 79;
002A17 : 33;
002A18 : C8;
002A19 : DC;
002A1A : 02;
002A1B : 79;
002A1C : 79;
002A1D : 64;
002A1E : A0;
002A1F : F3;
002A20 : 66;
002A21 : 24;
002A22 : 00;
002A23 : 00;
002A24 : 00;
002A25 : 00;
002A26 : 00;
002A27 : 00;
002A28 : 00;
002A29 : 00;
002A2A : 00;
002A2B : 00;
002A2C : 00;
002A2D : 00;
002A2E : 00;
002A2F : 00;
002A30 : 00;
002A31 : 00;
002A32 : 00;
002A33 : 00;
002A34 : 00;
002A35 : 00;
002A36 : 00;
002A37 : 00;
002A38 : 00;
002A39 : 00;
002A3A : 00;
002A3B : 00;
002A3C : 00;
002A3D : 00;
002A3E : 00;
002A3F : 00;
002A40 : 00;
002A41 : 00;
002A42 : 00;
002A43 : 00;
002A44 : 00;
002A45 : 00;
002A46 : 00;
002A47 : 00;
002A48 : 00;
002A49 : B5;
002A4A : 52;
002A4B : F7;
002A4C : 1D;
002A4D : 5C;
002A4E : CF;
002A4F : 06;
002A50 : 06;
002A51 : 06;
002A52 : 40;
002A53 : B0;
002A54 : 2B;
002A55 : 10;
002A56 : 19;
002A57 : 23;
002A58 : 98;
002A59 : 98;
002A5A : 98;
002A5B : 64;
002A5C : DC;
002A5D : 79;
002A5E : 79;
002A5F : 79;
002A60 : C8;
002A61 : BA;
002A62 : 6C;
002A63 : 83;
002A64 : 7B;
002A65 : 06;
002A66 : 06;
002A67 : 06;
002A68 : 06;
002A69 : 06;
002A6A : 06;
002A6B : 06;
002A6C : 06;
002A6D : 06;
002A6E : 06;
002A6F : 5C;
002A70 : 40;
002A71 : 2C;
002A72 : 44;
002A73 : 8D;
002A74 : 3A;
002A75 : 00;
002A76 : 34;
002A77 : 34;
002A78 : F4;
002A79 : 08;
002A7A : 7A;
002A7B : 23;
002A7C : D8;
002A7D : 9F;
002A7E : C2;
002A7F : 46;
002A80 : 23;
002A81 : 02;
002A82 : 98;
002A83 : 98;
002A84 : 91;
002A85 : 17;
002A86 : D1;
002A87 : 24;
002A88 : 00;
002A89 : 00;
002A8A : 00;
002A8B : 00;
002A8C : 00;
002A8D : 00;
002A8E : 00;
002A8F : 00;
002A90 : 00;
002A91 : 00;
002A92 : 00;
002A93 : 00;
002A94 : 00;
002A95 : 00;
002A96 : 00;
002A97 : 00;
002A98 : 00;
002A99 : 00;
002A9A : 00;
002A9B : 00;
002A9C : 00;
002A9D : 00;
002A9E : 00;
002A9F : 00;
002AA0 : 00;
002AA1 : 00;
002AA2 : 00;
002AA3 : 00;
002AA4 : 00;
002AA5 : 00;
002AA6 : 00;
002AA7 : 00;
002AA8 : 00;
002AA9 : 00;
002AAA : 00;
002AAB : 00;
002AAC : 00;
002AAD : 00;
002AAE : 00;
002AAF : B7;
002AB0 : 6F;
002AB1 : AD;
002AB2 : 2C;
002AB3 : 5C;
002AB4 : CF;
002AB5 : CF;
002AB6 : CF;
002AB7 : CF;
002AB8 : EA;
002AB9 : B0;
002ABA : 2B;
002ABB : CA;
002ABC : 19;
002ABD : 79;
002ABE : 98;
002ABF : 98;
002AC0 : DC;
002AC1 : DC;
002AC2 : DC;
002AC3 : 79;
002AC4 : 02;
002AC5 : 23;
002AC6 : C8;
002AC7 : BA;
002AC8 : 6C;
002AC9 : 36;
002ACA : 3A;
002ACB : CF;
002ACC : 06;
002ACD : 06;
002ACE : 06;
002ACF : 06;
002AD0 : 06;
002AD1 : 06;
002AD2 : 06;
002AD3 : 06;
002AD4 : 06;
002AD5 : CF;
002AD6 : 5C;
002AD7 : C4;
002AD8 : D7;
002AD9 : 15;
002ADA : 6C;
002ADB : 00;
002ADC : BF;
002ADD : FB;
002ADE : BC;
002ADF : 9C;
002AE0 : 23;
002AE1 : 64;
002AE2 : 65;
002AE3 : DA;
002AE4 : BF;
002AE5 : 37;
002AE6 : 7A;
002AE7 : 02;
002AE8 : 4A;
002AE9 : 98;
002AEA : 2F;
002AEB : 9F;
002AEC : 11;
002AED : 24;
002AEE : 00;
002AEF : 00;
002AF0 : 00;
002AF1 : 00;
002AF2 : 00;
002AF3 : 00;
002AF4 : 00;
002AF5 : 00;
002AF6 : 00;
002AF7 : 00;
002AF8 : 00;
002AF9 : 00;
002AFA : 00;
002AFB : 00;
002AFC : 00;
002AFD : 00;
002AFE : 00;
002AFF : 00;
002B00 : 00;
002B01 : 00;
002B02 : 00;
002B03 : 00;
002B04 : 00;
002B05 : 00;
002B06 : 00;
002B07 : 00;
002B08 : 00;
002B09 : 00;
002B0A : 00;
002B0B : 00;
002B0C : 00;
002B0D : 00;
002B0E : 00;
002B0F : 00;
002B10 : 00;
002B11 : 00;
002B12 : 00;
002B13 : 00;
002B14 : 00;
002B15 : 00;
002B16 : 15;
002B17 : 15;
002B18 : 3A;
002B19 : 5C;
002B1A : CF;
002B1B : CF;
002B1C : CF;
002B1D : 5C;
002B1E : EA;
002B1F : AF;
002B20 : 75;
002B21 : 5A;
002B22 : 19;
002B23 : 79;
002B24 : 4A;
002B25 : 4A;
002B26 : 4A;
002B27 : DC;
002B28 : DC;
002B29 : DC;
002B2A : 02;
002B2B : 23;
002B2C : F5;
002B2D : A8;
002B2E : 6C;
002B2F : 36;
002B30 : 52;
002B31 : 20;
002B32 : 06;
002B33 : 06;
002B34 : 06;
002B35 : 06;
002B36 : 06;
002B37 : 06;
002B38 : 06;
002B39 : 06;
002B3A : 06;
002B3B : CF;
002B3C : 5C;
002B3D : 20;
002B3E : 52;
002B3F : 15;
002B40 : 4D;
002B41 : 00;
002B42 : BF;
002B43 : FB;
002B44 : F0;
002B45 : D8;
002B46 : 79;
002B47 : 23;
002B48 : 12;
002B49 : 2B;
002B4A : 82;
002B4B : 84;
002B4C : 45;
002B4D : C8;
002B4E : B1;
002B4F : 4A;
002B50 : 2F;
002B51 : 9F;
002B52 : 11;
002B53 : 24;
002B54 : 00;
002B55 : 00;
002B56 : 00;
002B57 : 00;
002B58 : 00;
002B59 : 00;
002B5A : 00;
002B5B : 00;
002B5C : 00;
002B5D : 00;
002B5E : 00;
002B5F : 00;
002B60 : 00;
002B61 : 00;
002B62 : 00;
002B63 : 00;
002B64 : 00;
002B65 : 00;
002B66 : 00;
002B67 : 00;
002B68 : 00;
002B69 : 00;
002B6A : 00;
002B6B : 00;
002B6C : 00;
002B6D : 00;
002B6E : 00;
002B6F : 00;
002B70 : 00;
002B71 : 00;
002B72 : 00;
002B73 : 00;
002B74 : 00;
002B75 : 00;
002B76 : 00;
002B77 : 00;
002B78 : 00;
002B79 : 00;
002B7A : 00;
002B7B : 00;
002B7C : FB;
002B7D : 4D;
002B7E : 3A;
002B7F : 5C;
002B80 : CF;
002B81 : CF;
002B82 : 5C;
002B83 : CF;
002B84 : 20;
002B85 : B3;
002B86 : 75;
002B87 : 1E;
002B88 : 7A;
002B89 : 02;
002B8A : 98;
002B8B : 4A;
002B8C : DC;
002B8D : DC;
002B8E : DC;
002B8F : 02;
002B90 : 02;
002B91 : 79;
002B92 : 91;
002B93 : C9;
002B94 : AD;
002B95 : F7;
002B96 : 36;
002B97 : 2C;
002B98 : CF;
002B99 : 06;
002B9A : CF;
002B9B : CF;
002B9C : 06;
002B9D : 06;
002B9E : 06;
002B9F : 06;
002BA0 : 06;
002BA1 : 06;
002BA2 : CF;
002BA3 : 40;
002BA4 : 6F;
002BA5 : 8A;
002BA6 : 44;
002BA7 : 00;
002BA8 : BF;
002BA9 : BF;
002BAA : 07;
002BAB : A0;
002BAC : 02;
002BAD : C8;
002BAE : 42;
002BAF : 2B;
002BB0 : EB;
002BB1 : 31;
002BB2 : 7A;
002BB3 : C8;
002BB4 : F5;
002BB5 : B1;
002BB6 : 2F;
002BB7 : 9F;
002BB8 : 11;
002BB9 : 71;
002BBA : 00;
002BBB : 00;
002BBC : 00;
002BBD : 00;
002BBE : 00;
002BBF : 00;
002BC0 : 00;
002BC1 : 00;
002BC2 : 00;
002BC3 : 00;
002BC4 : 00;
002BC5 : 00;
002BC6 : 00;
002BC7 : 00;
002BC8 : 00;
002BC9 : 00;
002BCA : 00;
002BCB : 00;
002BCC : 00;
002BCD : 00;
002BCE : 00;
002BCF : 00;
002BD0 : 00;
002BD1 : 00;
002BD2 : 00;
002BD3 : 00;
002BD4 : 00;
002BD5 : 00;
002BD6 : 00;
002BD7 : 00;
002BD8 : 00;
002BD9 : 00;
002BDA : 00;
002BDB : 00;
002BDC : 00;
002BDD : 00;
002BDE : 00;
002BDF : 00;
002BE0 : 00;
002BE1 : 00;
002BE2 : FB;
002BE3 : 4D;
002BE4 : 68;
002BE5 : 40;
002BE6 : CF;
002BE7 : 5C;
002BE8 : 5C;
002BE9 : 5C;
002BEA : 2C;
002BEB : 44;
002BEC : BC;
002BED : 41;
002BEE : 7A;
002BEF : 23;
002BF0 : 0E;
002BF1 : 57;
002BF2 : 0E;
002BF3 : DC;
002BF4 : DC;
002BF5 : DC;
002BF6 : 02;
002BF7 : 02;
002BF8 : 0D;
002BF9 : D0;
002BFA : 8A;
002BFB : 68;
002BFC : F7;
002BFD : 52;
002BFE : 20;
002BFF : 06;
002C00 : CF;
002C01 : CF;
002C02 : 06;
002C03 : 06;
002C04 : 06;
002C05 : 06;
002C06 : 06;
002C07 : 06;
002C08 : CF;
002C09 : 5C;
002C0A : 2C;
002C0B : 1B;
002C0C : 8D;
002C0D : B3;
002C0E : BF;
002C0F : BF;
002C10 : 07;
002C11 : 46;
002C12 : 43;
002C13 : 33;
002C14 : D0;
002C15 : 2B;
002C16 : F0;
002C17 : 46;
002C18 : A7;
002C19 : DF;
002C1A : C2;
002C1B : 0E;
002C1C : 2F;
002C1D : 9F;
002C1E : D1;
002C1F : 71;
002C20 : 00;
002C21 : 00;
002C22 : 00;
002C23 : 00;
002C24 : 00;
002C25 : 00;
002C26 : 00;
002C27 : 00;
002C28 : 00;
002C29 : 00;
002C2A : 00;
002C2B : 00;
002C2C : 00;
002C2D : 00;
002C2E : 00;
002C2F : 00;
002C30 : 00;
002C31 : 00;
002C32 : 00;
002C33 : 00;
002C34 : 00;
002C35 : 00;
002C36 : 00;
002C37 : 00;
002C38 : 00;
002C39 : 00;
002C3A : 00;
002C3B : 00;
002C3C : 00;
002C3D : 00;
002C3E : 00;
002C3F : 00;
002C40 : 00;
002C41 : 00;
002C42 : 00;
002C43 : 00;
002C44 : 00;
002C45 : 00;
002C46 : 00;
002C47 : 00;
002C48 : 94;
002C49 : 4D;
002C4A : 68;
002C4B : 40;
002C4C : 5C;
002C4D : 5C;
002C4E : 40;
002C4F : 2C;
002C50 : 48;
002C51 : 82;
002C52 : C2;
002C53 : 02;
002C54 : 79;
002C55 : C6;
002C56 : 62;
002C57 : 71;
002C58 : 5A;
002C59 : 45;
002C5A : E8;
002C5B : 84;
002C5C : 31;
002C5D : 98;
002C5E : 46;
002C5F : 9A;
002C60 : 1B;
002C61 : A4;
002C62 : 3C;
002C63 : 8A;
002C64 : 2C;
002C65 : CF;
002C66 : CF;
002C67 : CF;
002C68 : 06;
002C69 : 06;
002C6A : 06;
002C6B : 06;
002C6C : 06;
002C6D : 06;
002C6E : CF;
002C6F : 5C;
002C70 : C4;
002C71 : 36;
002C72 : 4D;
002C73 : 4D;
002C74 : F4;
002C75 : A6;
002C76 : 8A;
002C77 : AA;
002C78 : A5;
002C79 : 1E;
002C7A : BC;
002C7B : 2B;
002C7C : C2;
002C7D : 4A;
002C7E : A7;
002C7F : 37;
002C80 : 66;
002C81 : D6;
002C82 : 2F;
002C83 : 9F;
002C84 : D1;
002C85 : 24;
002C86 : 00;
002C87 : 00;
002C88 : 00;
002C89 : 00;
002C8A : 00;
002C8B : 00;
002C8C : 00;
002C8D : 00;
002C8E : 00;
002C8F : 00;
002C90 : 00;
002C91 : 00;
002C92 : 00;
002C93 : 00;
002C94 : 00;
002C95 : 00;
002C96 : 00;
002C97 : 00;
002C98 : 00;
002C99 : 00;
002C9A : 00;
002C9B : 00;
002C9C : 00;
002C9D : 00;
002C9E : 00;
002C9F : 00;
002CA0 : 00;
002CA1 : 00;
002CA2 : 00;
002CA3 : 00;
002CA4 : 00;
002CA5 : 00;
002CA6 : 00;
002CA7 : 00;
002CA8 : 00;
002CA9 : 00;
002CAA : 00;
002CAB : 00;
002CAC : 00;
002CAD : 00;
002CAE : E2;
002CAF : 96;
002CB0 : 68;
002CB1 : 40;
002CB2 : 5C;
002CB3 : 40;
002CB4 : 3A;
002CB5 : 1B;
002CB6 : 4D;
002CB7 : 1B;
002CB8 : 9C;
002CB9 : 7A;
002CBA : 23;
002CBB : 91;
002CBC : 87;
002CBD : FB;
002CBE : 41;
002CBF : 45;
002CC0 : 47;
002CC1 : D1;
002CC2 : 21;
002CC3 : A7;
002CC4 : 25;
002CC5 : F0;
002CC6 : 66;
002CC7 : 69;
002CC8 : 4B;
002CC9 : 4B;
002CCA : AF;
002CCB : 20;
002CCC : CF;
002CCD : CF;
002CCE : 06;
002CCF : 06;
002CD0 : 06;
002CD1 : 06;
002CD2 : 06;
002CD3 : 06;
002CD4 : CF;
002CD5 : 5C;
002CD6 : 20;
002CD7 : AF;
002CD8 : 82;
002CD9 : 82;
002CDA : BC;
002CDB : 4B;
002CDC : 82;
002CDD : 48;
002CDE : 42;
002CDF : 8D;
002CE0 : BC;
002CE1 : 2B;
002CE2 : CA;
002CE3 : 64;
002CE4 : A7;
002CE5 : B6;
002CE6 : AE;
002CE7 : 08;
002CE8 : 91;
002CE9 : D0;
002CEA : D1;
002CEB : 71;
002CEC : 00;
002CED : 00;
002CEE : 00;
002CEF : 00;
002CF0 : 00;
002CF1 : 00;
002CF2 : 00;
002CF3 : 00;
002CF4 : 00;
002CF5 : 00;
002CF6 : 00;
002CF7 : 00;
002CF8 : 00;
002CF9 : 00;
002CFA : 00;
002CFB : 00;
002CFC : 00;
002CFD : 00;
002CFE : 00;
002CFF : 00;
002D00 : 00;
002D01 : 00;
002D02 : 00;
002D03 : 00;
002D04 : 00;
002D05 : 00;
002D06 : 00;
002D07 : 00;
002D08 : 00;
002D09 : 00;
002D0A : 00;
002D0B : 00;
002D0C : 00;
002D0D : 00;
002D0E : 00;
002D0F : 00;
002D10 : 00;
002D11 : 00;
002D12 : 00;
002D13 : 09;
002D14 : 8E;
002D15 : 61;
002D16 : 3A;
002D17 : 5C;
002D18 : 40;
002D19 : 3A;
002D1A : 96;
002D1B : 4D;
002D1C : 9A;
002D1D : 08;
002D1E : 23;
002D1F : C8;
002D20 : 19;
002D21 : 1E;
002D22 : 66;
002D23 : D0;
002D24 : 33;
002D25 : 19;
002D26 : 72;
002D27 : D1;
002D28 : CA;
002D29 : A7;
002D2A : 9C;
002D2B : 8A;
002D2C : 99;
002D2D : 71;
002D2E : E0;
002D2F : 4B;
002D30 : 1B;
002D31 : C4;
002D32 : 06;
002D33 : CF;
002D34 : CF;
002D35 : 06;
002D36 : 06;
002D37 : 06;
002D38 : 06;
002D39 : 06;
002D3A : 06;
002D3B : 6D;
002D3C : 20;
002D3D : 3C;
002D3E : 82;
002D3F : 82;
002D40 : 00;
002D41 : D2;
002D42 : F4;
002D43 : F4;
002D44 : 2B;
002D45 : ED;
002D46 : BC;
002D47 : 07;
002D48 : A0;
002D49 : 64;
002D4A : 23;
002D4B : 42;
002D4C : 4B;
002D4D : 0E;
002D4E : A0;
002D4F : 07;
002D50 : D1;
002D51 : 71;
002D52 : 00;
002D53 : 00;
002D54 : 00;
002D55 : 00;
002D56 : 00;
002D57 : 00;
002D58 : 00;
002D59 : 00;
002D5A : 00;
002D5B : 00;
002D5C : 00;
002D5D : 00;
002D5E : 00;
002D5F : 00;
002D60 : 00;
002D61 : 00;
002D62 : 00;
002D63 : 00;
002D64 : 00;
002D65 : 00;
002D66 : 00;
002D67 : 00;
002D68 : 00;
002D69 : 00;
002D6A : 00;
002D6B : 00;
002D6C : 00;
002D6D : 00;
002D6E : 00;
002D6F : 00;
002D70 : 00;
002D71 : 00;
002D72 : 00;
002D73 : 00;
002D74 : 00;
002D75 : 00;
002D76 : 00;
002D77 : 00;
002D78 : 00;
002D79 : 8D;
002D7A : 44;
002D7B : B3;
002D7C : 1D;
002D7D : CF;
002D7E : 7B;
002D7F : D7;
002D80 : B3;
002D81 : 84;
002D82 : 0D;
002D83 : 23;
002D84 : 02;
002D85 : 45;
002D86 : 41;
002D87 : 07;
002D88 : 66;
002D89 : 37;
002D8A : 45;
002D8B : 43;
002D8C : 42;
002D8D : FB;
002D8E : 31;
002D8F : A7;
002D90 : 63;
002D91 : 82;
002D92 : 99;
002D93 : 71;
002D94 : F8;
002D95 : 82;
002D96 : 1B;
002D97 : 1D;
002D98 : 06;
002D99 : 06;
002D9A : 06;
002D9B : 06;
002D9C : 06;
002D9D : 06;
002D9E : 06;
002D9F : 06;
002DA0 : 06;
002DA1 : CF;
002DA2 : 7B;
002DA3 : AF;
002DA4 : E2;
002DA5 : A6;
002DA6 : 00;
002DA7 : 00;
002DA8 : D2;
002DA9 : 4B;
002DAA : D2;
002DAB : BC;
002DAC : 4B;
002DAD : 72;
002DAE : DC;
002DAF : 64;
002DB0 : 0D;
002DB1 : ED;
002DB2 : 07;
002DB3 : 0D;
002DB4 : 47;
002DB5 : D2;
002DB6 : D1;
002DB7 : 71;
002DB8 : 00;
002DB9 : 00;
002DBA : 00;
002DBB : 00;
002DBC : 00;
002DBD : 00;
002DBE : 00;
002DBF : 00;
002DC0 : 00;
002DC1 : 00;
002DC2 : 00;
002DC3 : 00;
002DC4 : 00;
002DC5 : 00;
002DC6 : 00;
002DC7 : 00;
002DC8 : 00;
002DC9 : 00;
002DCA : 00;
002DCB : 00;
002DCC : 00;
002DCD : 00;
002DCE : 00;
002DCF : 00;
002DD0 : 00;
002DD1 : 00;
002DD2 : 00;
002DD3 : 00;
002DD4 : 00;
002DD5 : 00;
002DD6 : 00;
002DD7 : 00;
002DD8 : 00;
002DD9 : 00;
002DDA : 00;
002DDB : 00;
002DDC : 00;
002DDD : 00;
002DDE : E2;
002DDF : EB;
002DE0 : 44;
002DE1 : B0;
002DE2 : 20;
002DE3 : CF;
002DE4 : C4;
002DE5 : 6C;
002DE6 : 57;
002DE7 : 6E;
002DE8 : 19;
002DE9 : 19;
002DEA : 64;
002DEB : D6;
002DEC : F0;
002DED : 22;
002DEE : 07;
002DEF : B2;
002DF0 : 6E;
002DF1 : B9;
002DF2 : 15;
002DF3 : 07;
002DF4 : 91;
002DF5 : 64;
002DF6 : 90;
002DF7 : 03;
002DF8 : E0;
002DF9 : EA;
002DFA : 22;
002DFB : 82;
002DFC : 48;
002DFD : C4;
002DFE : 06;
002DFF : CF;
002E00 : 06;
002E01 : 06;
002E02 : 06;
002E03 : 06;
002E04 : 06;
002E05 : 06;
002E06 : 06;
002E07 : CF;
002E08 : C4;
002E09 : B3;
002E0A : E2;
002E0B : E2;
002E0C : 00;
002E0D : 00;
002E0E : 00;
002E0F : 66;
002E10 : E0;
002E11 : 15;
002E12 : 1A;
002E13 : 6B;
002E14 : 4A;
002E15 : 45;
002E16 : CA;
002E17 : FB;
002E18 : 12;
002E19 : 02;
002E1A : 21;
002E1B : F4;
002E1C : D1;
002E1D : 71;
002E1E : 00;
002E1F : 00;
002E20 : 00;
002E21 : 00;
002E22 : 00;
002E23 : 00;
002E24 : 00;
002E25 : 00;
002E26 : 00;
002E27 : 00;
002E28 : 00;
002E29 : 00;
002E2A : 00;
002E2B : 00;
002E2C : 00;
002E2D : 00;
002E2E : 00;
002E2F : 00;
002E30 : 00;
002E31 : 00;
002E32 : 00;
002E33 : 00;
002E34 : 00;
002E35 : 00;
002E36 : 00;
002E37 : 00;
002E38 : 00;
002E39 : 00;
002E3A : 00;
002E3B : 00;
002E3C : 00;
002E3D : 00;
002E3E : 00;
002E3F : 00;
002E40 : 00;
002E41 : 00;
002E42 : 00;
002E43 : 00;
002E44 : ED;
002E45 : E2;
002E46 : 8E;
002E47 : 2C;
002E48 : 40;
002E49 : CF;
002E4A : 7B;
002E4B : F7;
002E4C : 3C;
002E4D : DF;
002E4E : 25;
002E4F : D6;
002E50 : C2;
002E51 : 75;
002E52 : 22;
002E53 : F0;
002E54 : 47;
002E55 : 45;
002E56 : 45;
002E57 : 1A;
002E58 : 22;
002E59 : 72;
002E5A : 64;
002E5B : B1;
002E5C : 12;
002E5D : 03;
002E5E : 3C;
002E5F : 00;
002E60 : 48;
002E61 : 15;
002E62 : 36;
002E63 : 7B;
002E64 : CF;
002E65 : CF;
002E66 : 06;
002E67 : 06;
002E68 : 06;
002E69 : 06;
002E6A : 06;
002E6B : 06;
002E6C : CF;
002E6D : 5C;
002E6E : 1D;
002E6F : 48;
002E70 : 2B;
002E71 : F4;
002E72 : 00;
002E73 : 00;
002E74 : A8;
002E75 : 4B;
002E76 : 82;
002E77 : B6;
002E78 : E8;
002E79 : 4A;
002E7A : DC;
002E7B : A0;
002E7C : 9A;
002E7D : 4B;
002E7E : 63;
002E7F : B2;
002E80 : 9A;
002E81 : 94;
002E82 : D1;
002E83 : 99;
002E84 : 00;
002E85 : 00;
002E86 : 00;
002E87 : 00;
002E88 : 00;
002E89 : 00;
002E8A : 00;
002E8B : 00;
002E8C : 00;
002E8D : 00;
002E8E : 00;
002E8F : 00;
002E90 : 00;
002E91 : 00;
002E92 : 00;
002E93 : 00;
002E94 : 00;
002E95 : 00;
002E96 : 00;
002E97 : 00;
002E98 : 00;
002E99 : 00;
002E9A : 00;
002E9B : 00;
002E9C : 00;
002E9D : 00;
002E9E : 00;
002E9F : 00;
002EA0 : 00;
002EA1 : 00;
002EA2 : 00;
002EA3 : 00;
002EA4 : 00;
002EA5 : 00;
002EA6 : 00;
002EA7 : 00;
002EA8 : 00;
002EA9 : 00;
002EAA : D2;
002EAB : E2;
002EAC : AF;
002EAD : 7B;
002EAE : CF;
002EAF : CF;
002EB0 : 5C;
002EB1 : 6F;
002EB2 : 15;
002EB3 : 8A;
002EB4 : BC;
002EB5 : 75;
002EB6 : E0;
002EB7 : E2;
002EB8 : 57;
002EB9 : 41;
002EBA : 45;
002EBB : 45;
002EBC : 5A;
002EBD : E0;
002EBE : 17;
002EBF : 46;
002EC0 : 64;
002EC1 : 31;
002EC2 : ED;
002EC3 : F4;
002EC4 : 3C;
002EC5 : 00;
002EC6 : 36;
002EC7 : 8A;
002EC8 : AF;
002EC9 : 20;
002ECA : CF;
002ECB : 06;
002ECC : 06;
002ECD : 06;
002ECE : 06;
002ECF : 06;
002ED0 : 06;
002ED1 : 06;
002ED2 : CF;
002ED3 : 5C;
002ED4 : 2C;
002ED5 : 1B;
002ED6 : ED;
002ED7 : 17;
002ED8 : 00;
002ED9 : 00;
002EDA : BA;
002EDB : 1B;
002EDC : ED;
002EDD : B9;
002EDE : 45;
002EDF : AC;
002EE0 : E8;
002EE1 : 57;
002EE2 : 4D;
002EE3 : F6;
002EE4 : 91;
002EE5 : F6;
002EE6 : F4;
002EE7 : 11;
002EE8 : 24;
002EE9 : 00;
002EEA : 00;
002EEB : 00;
002EEC : 00;
002EED : 00;
002EEE : 00;
002EEF : 00;
002EF0 : 00;
002EF1 : 00;
002EF2 : 00;
002EF3 : 00;
002EF4 : 00;
002EF5 : 00;
002EF6 : 00;
002EF7 : 00;
002EF8 : 00;
002EF9 : 00;
002EFA : 00;
002EFB : 00;
002EFC : 00;
002EFD : 00;
002EFE : 00;
002EFF : 00;
002F00 : 00;
002F01 : 00;
002F02 : 00;
002F03 : 00;
002F04 : 00;
002F05 : 00;
002F06 : 00;
002F07 : 00;
002F08 : 00;
002F09 : 00;
002F0A : 00;
002F0B : 00;
002F0C : 00;
002F0D : 00;
002F0E : 00;
002F0F : BC;
002F10 : D2;
002F11 : 1B;
002F12 : 3A;
002F13 : 40;
002F14 : CF;
002F15 : CF;
002F16 : CF;
002F17 : 20;
002F18 : 68;
002F19 : 8D;
002F1A : 44;
002F1B : 44;
002F1C : EB;
002F1D : 84;
002F1E : AC;
002F1F : 45;
002F20 : A5;
002F21 : 84;
002F22 : BC;
002F23 : 07;
002F24 : 31;
002F25 : 64;
002F26 : 46;
002F27 : C2;
002F28 : 3D;
002F29 : F0;
002F2A : C1;
002F2B : 00;
002F2C : 15;
002F2D : EB;
002F2E : 68;
002F2F : 40;
002F30 : CF;
002F31 : 06;
002F32 : 06;
002F33 : 06;
002F34 : 06;
002F35 : 06;
002F36 : 06;
002F37 : 06;
002F38 : CF;
002F39 : 6D;
002F3A : 3A;
002F3B : BC;
002F3C : 17;
002F3D : B5;
002F3E : 00;
002F3F : 00;
002F40 : BA;
002F41 : 4B;
002F42 : 4B;
002F43 : B6;
002F44 : 47;
002F45 : 47;
002F46 : F6;
002F47 : 44;
002F48 : ED;
002F49 : 12;
002F4A : C2;
002F4B : 4B;
002F4C : BF;
002F4D : 11;
002F4E : 00;
002F4F : 00;
002F50 : 00;
002F51 : 00;
002F52 : 00;
002F53 : 00;
002F54 : 00;
002F55 : 00;
002F56 : 00;
002F57 : 00;
002F58 : 00;
002F59 : 00;
002F5A : 00;
002F5B : 00;
002F5C : 00;
002F5D : 00;
002F5E : 00;
002F5F : 00;
002F60 : 00;
002F61 : 00;
002F62 : 00;
002F63 : 00;
002F64 : 00;
002F65 : 00;
002F66 : 00;
002F67 : 00;
002F68 : 00;
002F69 : 00;
002F6A : 00;
002F6B : 00;
002F6C : 00;
002F6D : 00;
002F6E : 00;
002F6F : 00;
002F70 : 00;
002F71 : 00;
002F72 : 00;
002F73 : 00;
002F74 : 00;
002F75 : BC;
002F76 : BC;
002F77 : AF;
002F78 : 7B;
002F79 : CF;
002F7A : CF;
002F7B : CF;
002F7C : 5C;
002F7D : 5C;
002F7E : 40;
002F7F : 7B;
002F80 : 2C;
002F81 : AF;
002F82 : 6C;
002F83 : 65;
002F84 : 6B;
002F85 : B2;
002F86 : 65;
002F87 : 8A;
002F88 : 1B;
002F89 : 84;
002F8A : 33;
002F8B : 41;
002F8C : 57;
002F8D : 2B;
002F8E : 34;
002F8F : 17;
002F90 : 00;
002F91 : 00;
002F92 : 22;
002F93 : 8A;
002F94 : 3A;
002F95 : 5C;
002F96 : CF;
002F97 : 06;
002F98 : 06;
002F99 : 06;
002F9A : 06;
002F9B : 06;
002F9C : 06;
002F9D : 06;
002F9E : 9D;
002F9F : 40;
002FA0 : 6F;
002FA1 : 2B;
002FA2 : 8E;
002FA3 : 5D;
002FA4 : 00;
002FA5 : 00;
002FA6 : 00;
002FA7 : BF;
002FA8 : FB;
002FA9 : 82;
002FAA : 8A;
002FAB : 6C;
002FAC : 4D;
002FAD : 75;
002FAE : 75;
002FAF : 94;
002FB0 : BF;
002FB1 : 11;
002FB2 : D1;
002FB3 : 00;
002FB4 : 00;
002FB5 : 00;
002FB6 : 00;
002FB7 : 00;
002FB8 : 00;
002FB9 : 00;
002FBA : 00;
002FBB : 00;
002FBC : 00;
002FBD : 00;
002FBE : 00;
002FBF : 00;
002FC0 : 00;
002FC1 : 00;
002FC2 : 00;
002FC3 : 00;
002FC4 : 00;
002FC5 : 00;
002FC6 : 00;
002FC7 : 00;
002FC8 : 00;
002FC9 : 00;
002FCA : 00;
002FCB : 00;
002FCC : 00;
002FCD : 00;
002FCE : 00;
002FCF : 00;
002FD0 : 00;
002FD1 : 00;
002FD2 : 00;
002FD3 : 00;
002FD4 : 00;
002FD5 : 00;
002FD6 : 00;
002FD7 : 00;
002FD8 : 00;
002FD9 : 00;
002FDA : 3C;
002FDB : 8D;
002FDC : 1B;
002FDD : 6F;
002FDE : EA;
002FDF : CF;
002FE0 : CF;
002FE1 : CF;
002FE2 : CF;
002FE3 : CF;
002FE4 : CF;
002FE5 : 06;
002FE6 : 06;
002FE7 : C4;
002FE8 : F7;
002FE9 : 8A;
002FEA : 07;
002FEB : 07;
002FEC : 8A;
002FED : 8D;
002FEE : 48;
002FEF : 17;
002FF0 : D0;
002FF1 : F0;
002FF2 : A6;
002FF3 : BF;
002FF4 : 11;
002FF5 : 00;
002FF6 : 00;
002FF7 : FB;
002FF8 : FB;
002FF9 : 44;
002FFA : 1D;
002FFB : CF;
002FFC : CF;
002FFD : 06;
002FFE : 06;
002FFF : 06;
003000 : 06;
003001 : 06;
003002 : 06;
003003 : 9D;
003004 : 9D;
003005 : EA;
003006 : B0;
003007 : 03;
003008 : 66;
003009 : 00;
00300A : 00;
00300B : 00;
00300C : 00;
00300D : BF;
00300E : BF;
00300F : 22;
003010 : 66;
003011 : 22;
003012 : BF;
003013 : FB;
003014 : BF;
003015 : BF;
003016 : 11;
003017 : D1;
003018 : 00;
003019 : 00;
00301A : 00;
00301B : 00;
00301C : 00;
00301D : 00;
00301E : 00;
00301F : 00;
003020 : 00;
003021 : 00;
003022 : 00;
003023 : 00;
003024 : 00;
003025 : 00;
003026 : 00;
003027 : 00;
003028 : 00;
003029 : 00;
00302A : 00;
00302B : 00;
00302C : 00;
00302D : 00;
00302E : 00;
00302F : 00;
003030 : 00;
003031 : 00;
003032 : 00;
003033 : 00;
003034 : 00;
003035 : 00;
003036 : 00;
003037 : 00;
003038 : 00;
003039 : 00;
00303A : 00;
00303B : 00;
00303C : 00;
00303D : 00;
00303E : 00;
00303F : 00;
003040 : 44;
003041 : 8A;
003042 : 36;
003043 : C4;
003044 : 6D;
003045 : CF;
003046 : CF;
003047 : 06;
003048 : 06;
003049 : 06;
00304A : 06;
00304B : 06;
00304C : 06;
00304D : 06;
00304E : 2C;
00304F : 36;
003050 : 1B;
003051 : 1B;
003052 : 48;
003053 : 48;
003054 : 1B;
003055 : 15;
003056 : E0;
003057 : 34;
003058 : BF;
003059 : 11;
00305A : 00;
00305B : 00;
00305C : 00;
00305D : 27;
00305E : 15;
00305F : 48;
003060 : C4;
003061 : CF;
003062 : 06;
003063 : 06;
003064 : 06;
003065 : 06;
003066 : 06;
003067 : 06;
003068 : 06;
003069 : 9D;
00306A : 9D;
00306B : EA;
00306C : AF;
00306D : E0;
00306E : 66;
00306F : 00;
003070 : 00;
003071 : 00;
003072 : 00;
003073 : 00;
003074 : 00;
003075 : 11;
003076 : 71;
003077 : 71;
003078 : D1;
003079 : 00;
00307A : 00;
00307B : 00;
00307C : 00;
00307D : 00;
00307E : 00;
00307F : 00;
003080 : 00;
003081 : 00;
003082 : 00;
003083 : 00;
003084 : 00;
003085 : 00;
003086 : 00;
003087 : 00;
003088 : 00;
003089 : 00;
00308A : 00;
00308B : 00;
00308C : 00;
00308D : 00;
00308E : 00;
00308F : 00;
003090 : 00;
003091 : 00;
003092 : 00;
003093 : 00;
003094 : 00;
003095 : 00;
003096 : 00;
003097 : 00;
003098 : 00;
003099 : 00;
00309A : 00;
00309B : 00;
00309C : 00;
00309D : 00;
00309E : 00;
00309F : 00;
0030A0 : 00;
0030A1 : 00;
0030A2 : 00;
0030A3 : 00;
0030A4 : 00;
0030A5 : 61;
0030A6 : 44;
0030A7 : 44;
0030A8 : 68;
0030A9 : EA;
0030AA : 9D;
0030AB : 9D;
0030AC : 06;
0030AD : 06;
0030AE : 06;
0030AF : 06;
0030B0 : 06;
0030B1 : 06;
0030B2 : 06;
0030B3 : 06;
0030B4 : CF;
0030B5 : 7B;
0030B6 : 1D;
0030B7 : 1D;
0030B8 : 6F;
0030B9 : 48;
0030BA : 15;
0030BB : EB;
0030BC : 82;
0030BD : F4;
0030BE : D2;
0030BF : 00;
0030C0 : 00;
0030C1 : 00;
0030C2 : 00;
0030C3 : AF;
0030C4 : 8A;
0030C5 : AF;
0030C6 : 20;
0030C7 : 06;
0030C8 : 06;
0030C9 : 06;
0030CA : 06;
0030CB : 06;
0030CC : 06;
0030CD : 06;
0030CE : 06;
0030CF : 9D;
0030D0 : 9D;
0030D1 : 7B;
0030D2 : 36;
0030D3 : 94;
0030D4 : 11;
0030D5 : 00;
0030D6 : 00;
0030D7 : 00;
0030D8 : 00;
0030D9 : 00;
0030DA : 00;
0030DB : 00;
0030DC : 00;
0030DD : 00;
0030DE : 00;
0030DF : 00;
0030E0 : 00;
0030E1 : 00;
0030E2 : 00;
0030E3 : 00;
0030E4 : 00;
0030E5 : 00;
0030E6 : 00;
0030E7 : 00;
0030E8 : 00;
0030E9 : 00;
0030EA : 00;
0030EB : 00;
0030EC : 00;
0030ED : 00;
0030EE : 00;
0030EF : 00;
0030F0 : 00;
0030F1 : 00;
0030F2 : 00;
0030F3 : 00;
0030F4 : 00;
0030F5 : 00;
0030F6 : 00;
0030F7 : 00;
0030F8 : 00;
0030F9 : 00;
0030FA : 00;
0030FB : 00;
0030FC : 00;
0030FD : 00;
0030FE : 00;
0030FF : 00;
003100 : 00;
003101 : 00;
003102 : 00;
003103 : 00;
003104 : 00;
003105 : 00;
003106 : 00;
003107 : 00;
003108 : 00;
003109 : 00;
00310A : 00;
00310B : 03;
00310C : 96;
00310D : 8E;
00310E : 2C;
00310F : 6D;
003110 : 9D;
003111 : 9D;
003112 : 06;
003113 : 06;
003114 : 06;
003115 : 06;
003116 : 06;
003117 : 06;
003118 : 06;
003119 : 06;
00311A : 06;
00311B : 9D;
00311C : 9D;
00311D : EA;
00311E : 68;
00311F : 15;
003120 : FB;
003121 : 00;
003122 : 00;
003123 : 00;
003124 : 00;
003125 : 00;
003126 : 00;
003127 : 00;
003128 : 00;
003129 : E0;
00312A : 15;
00312B : 68;
00312C : EA;
00312D : 06;
00312E : 06;
00312F : 06;
003130 : 06;
003131 : 06;
003132 : 06;
003133 : 06;
003134 : 06;
003135 : 9D;
003136 : 9D;
003137 : C4;
003138 : 48;
003139 : A6;
00313A : 34;
00313B : 00;
00313C : 00;
00313D : 00;
00313E : 00;
00313F : 00;
003140 : 00;
003141 : 00;
003142 : 00;
003143 : 00;
003144 : 00;
003145 : 00;
003146 : 00;
003147 : 00;
003148 : 00;
003149 : 00;
00314A : 00;
00314B : 00;
00314C : 00;
00314D : 00;
00314E : 00;
00314F : 00;
003150 : 00;
003151 : 00;
003152 : 00;
003153 : 00;
003154 : 00;
003155 : 00;
003156 : 00;
003157 : 00;
003158 : 00;
003159 : 00;
00315A : 00;
00315B : 00;
00315C : 00;
00315D : 00;
00315E : 00;
00315F : 00;
003160 : 00;
003161 : 00;
003162 : 00;
003163 : 00;
003164 : 00;
003165 : 00;
003166 : 00;
003167 : 00;
003168 : 00;
003169 : 00;
00316A : 00;
00316B : 00;
00316C : 00;
00316D : 00;
00316E : 00;
00316F : 00;
003170 : 44;
003171 : 75;
003172 : EB;
003173 : 3C;
003174 : 7B;
003175 : 6D;
003176 : 9D;
003177 : 9D;
003178 : 9D;
003179 : 06;
00317A : 06;
00317B : 06;
00317C : 06;
00317D : 06;
00317E : 06;
00317F : 06;
003180 : CF;
003181 : 9D;
003182 : 6D;
003183 : 1D;
003184 : 48;
003185 : A6;
003186 : 22;
003187 : 00;
003188 : 00;
003189 : 00;
00318A : 00;
00318B : 00;
00318C : 00;
00318D : 00;
00318E : E5;
00318F : 44;
003190 : AD;
003191 : 3A;
003192 : 5C;
003193 : 06;
003194 : 06;
003195 : 06;
003196 : 06;
003197 : 06;
003198 : 06;
003199 : 06;
00319A : 06;
00319B : 9D;
00319C : 6D;
00319D : 1D;
00319E : 1B;
00319F : E2;
0031A0 : 1B;
0031A1 : 00;
0031A2 : 00;
0031A3 : 00;
0031A4 : 00;
0031A5 : 00;
0031A6 : 00;
0031A7 : 00;
0031A8 : 00;
0031A9 : 00;
0031AA : 00;
0031AB : 00;
0031AC : 00;
0031AD : 00;
0031AE : 00;
0031AF : 00;
0031B0 : 00;
0031B1 : 00;
0031B2 : 00;
0031B3 : 00;
0031B4 : 00;
0031B5 : 00;
0031B6 : 00;
0031B7 : 00;
0031B8 : 00;
0031B9 : 00;
0031BA : 00;
0031BB : 00;
0031BC : 00;
0031BD : 00;
0031BE : 00;
0031BF : 00;
0031C0 : 00;
0031C1 : 00;
0031C2 : 00;
0031C3 : 00;
0031C4 : 00;
0031C5 : 00;
0031C6 : 00;
0031C7 : 00;
0031C8 : 00;
0031C9 : 00;
0031CA : 00;
0031CB : 00;
0031CC : 00;
0031CD : 00;
0031CE : 00;
0031CF : 00;
0031D0 : 00;
0031D1 : 00;
0031D2 : 00;
0031D3 : 00;
0031D4 : 00;
0031D5 : 00;
0031D6 : 95;
0031D7 : E2;
0031D8 : 8E;
0031D9 : 3A;
0031DA : 40;
0031DB : 6D;
0031DC : 9D;
0031DD : 9D;
0031DE : 06;
0031DF : 06;
0031E0 : 06;
0031E1 : 06;
0031E2 : 06;
0031E3 : 06;
0031E4 : 06;
0031E5 : 06;
0031E6 : CF;
0031E7 : 6D;
0031E8 : 20;
0031E9 : 52;
0031EA : 4B;
0031EB : F4;
0031EC : 00;
0031ED : 00;
0031EE : 00;
0031EF : 00;
0031F0 : 00;
0031F1 : 00;
0031F2 : 00;
0031F3 : 00;
0031F4 : 1C;
0031F5 : F3;
0031F6 : 44;
0031F7 : 2C;
0031F8 : CF;
0031F9 : 06;
0031FA : CF;
0031FB : CF;
0031FC : CF;
0031FD : CF;
0031FE : 06;
0031FF : 06;
003200 : 06;
003201 : 6D;
003202 : 6D;
003203 : 2C;
003204 : 44;
003205 : 4B;
003206 : 3C;
003207 : 00;
003208 : 00;
003209 : 00;
00320A : 00;
00320B : 00;
00320C : 00;
00320D : 00;
00320E : 00;
00320F : 00;
003210 : 00;
003211 : 00;
003212 : 00;
003213 : 00;
003214 : 00;
003215 : 00;
003216 : 00;
003217 : 00;
003218 : 00;
003219 : 00;
00321A : 00;
00321B : 00;
00321C : 00;
00321D : 00;
00321E : 00;
00321F : 00;
003220 : 00;
003221 : 00;
003222 : 00;
003223 : 00;
003224 : 00;
003225 : 00;
003226 : 00;
003227 : 00;
003228 : 00;
003229 : 00;
00322A : 00;
00322B : 00;
00322C : 00;
00322D : 00;
00322E : 00;
00322F : 00;
003230 : 00;
003231 : 00;
003232 : 00;
003233 : 00;
003234 : 00;
003235 : 00;
003236 : 00;
003237 : 00;
003238 : 00;
003239 : 00;
00323A : 00;
00323B : 00;
00323C : 75;
00323D : E2;
00323E : 07;
00323F : C4;
003240 : 6D;
003241 : 6D;
003242 : 6D;
003243 : 9D;
003244 : 9D;
003245 : CF;
003246 : CF;
003247 : CF;
003248 : CF;
003249 : 06;
00324A : 06;
00324B : CF;
00324C : CF;
00324D : 40;
00324E : 3A;
00324F : 8A;
003250 : BC;
003251 : 9A;
003252 : 00;
003253 : 00;
003254 : 00;
003255 : 00;
003256 : 00;
003257 : 00;
003258 : 00;
003259 : 00;
00325A : 32;
00325B : EB;
00325C : 36;
00325D : C4;
00325E : 06;
00325F : 06;
003260 : CF;
003261 : CF;
003262 : CF;
003263 : CF;
003264 : CF;
003265 : CF;
003266 : 9D;
003267 : 6D;
003268 : 40;
003269 : 3A;
00326A : 4D;
00326B : 66;
00326C : 00;
00326D : 00;
00326E : 00;
00326F : 00;
003270 : 00;
003271 : 00;
003272 : 00;
003273 : 00;
003274 : 00;
003275 : 00;
003276 : 00;
003277 : 00;
003278 : 00;
003279 : 00;
00327A : 00;
00327B : 00;
00327C : 00;
00327D : 00;
00327E : 00;
00327F : 00;
003280 : 00;
003281 : 00;
003282 : 00;
003283 : 00;
003284 : 00;
003285 : 00;
003286 : 00;
003287 : 00;
003288 : 00;
003289 : 00;
00328A : 00;
00328B : 00;
00328C : 00;
00328D : 00;
00328E : 00;
00328F : 00;
003290 : 00;
003291 : 00;
003292 : 00;
003293 : 00;
003294 : 00;
003295 : 00;
003296 : 00;
003297 : 00;
003298 : 00;
003299 : 00;
00329A : 00;
00329B : 00;
00329C : 00;
00329D : 00;
00329E : 00;
00329F : 00;
0032A0 : 00;
0032A1 : 3D;
0032A2 : 75;
0032A3 : 44;
0032A4 : 68;
0032A5 : EA;
0032A6 : EA;
0032A7 : C4;
0032A8 : 3A;
0032A9 : C4;
0032AA : 9D;
0032AB : 6D;
0032AC : 5C;
0032AD : CF;
0032AE : CF;
0032AF : 5C;
0032B0 : CF;
0032B1 : CF;
0032B2 : 6D;
0032B3 : 7B;
0032B4 : AF;
0032B5 : 4B;
0032B6 : 07;
0032B7 : 69;
0032B8 : 00;
0032B9 : 00;
0032BA : 00;
0032BB : 00;
0032BC : 00;
0032BD : 00;
0032BE : 00;
0032BF : 00;
0032C0 : BF;
0032C1 : 82;
0032C2 : AF;
0032C3 : 20;
0032C4 : 40;
0032C5 : 20;
0032C6 : EA;
0032C7 : 5C;
0032C8 : 5C;
0032C9 : 5C;
0032CA : 5C;
0032CB : 6D;
0032CC : 9D;
0032CD : 6D;
0032CE : 40;
0032CF : 6F;
0032D0 : 82;
0032D1 : 99;
0032D2 : 00;
0032D3 : 00;
0032D4 : 00;
0032D5 : 00;
0032D6 : 00;
0032D7 : 00;
0032D8 : 00;
0032D9 : 00;
0032DA : 00;
0032DB : 00;
0032DC : 00;
0032DD : 00;
0032DE : 00;
0032DF : 00;
0032E0 : 00;
0032E1 : 00;
0032E2 : 00;
0032E3 : 00;
0032E4 : 00;
0032E5 : 00;
0032E6 : 00;
0032E7 : 00;
0032E8 : 00;
0032E9 : 00;
0032EA : 00;
0032EB : 00;
0032EC : 00;
0032ED : 00;
0032EE : 00;
0032EF : 00;
0032F0 : 00;
0032F1 : 00;
0032F2 : 00;
0032F3 : 00;
0032F4 : 00;
0032F5 : 00;
0032F6 : 00;
0032F7 : 00;
0032F8 : 00;
0032F9 : 00;
0032FA : 00;
0032FB : 00;
0032FC : 00;
0032FD : 00;
0032FE : 00;
0032FF : 00;
003300 : 00;
003301 : 00;
003302 : 00;
003303 : 00;
003304 : 00;
003305 : 00;
003306 : 00;
003307 : 9E;
003308 : 2B;
003309 : 8E;
00330A : 3A;
00330B : 2C;
00330C : 68;
00330D : 83;
00330E : 48;
00330F : 6F;
003310 : 40;
003311 : 5C;
003312 : 5C;
003313 : 5C;
003314 : 40;
003315 : 20;
003316 : 20;
003317 : 40;
003318 : 40;
003319 : 3A;
00331A : 1B;
00331B : A6;
00331C : A6;
00331D : 00;
00331E : 00;
00331F : 00;
003320 : 00;
003321 : 00;
003322 : 00;
003323 : 00;
003324 : 00;
003325 : 00;
003326 : E0;
003327 : 4B;
003328 : 52;
003329 : 7B;
00332A : 3A;
00332B : 07;
00332C : AF;
00332D : 1D;
00332E : 5C;
00332F : 40;
003330 : 6D;
003331 : EA;
003332 : 7B;
003333 : C4;
003334 : C4;
003335 : 52;
003336 : 82;
003337 : 99;
003338 : 00;
003339 : 00;
00333A : 00;
00333B : 00;
00333C : 00;
00333D : 00;
00333E : 00;
00333F : 00;
003340 : 00;
003341 : 00;
003342 : 00;
003343 : 00;
003344 : 00;
003345 : 00;
003346 : 00;
003347 : 00;
003348 : 00;
003349 : 00;
00334A : 00;
00334B : 00;
00334C : 00;
00334D : 00;
00334E : 00;
00334F : 00;
003350 : 00;
003351 : 00;
003352 : 00;
003353 : 00;
003354 : 00;
003355 : 00;
003356 : 00;
003357 : 00;
003358 : 00;
003359 : 00;
00335A : 00;
00335B : 00;
00335C : 00;
00335D : 00;
00335E : 00;
00335F : 00;
003360 : 00;
003361 : 00;
003362 : 00;
003363 : 00;
003364 : 00;
003365 : 00;
003366 : 00;
003367 : 00;
003368 : 00;
003369 : 00;
00336A : 00;
00336B : 00;
00336C : 00;
00336D : 11;
00336E : F4;
00336F : 48;
003370 : 36;
003371 : D7;
003372 : AD;
003373 : F7;
003374 : 48;
003375 : 36;
003376 : 20;
003377 : 40;
003378 : 5C;
003379 : 40;
00337A : 1D;
00337B : 3C;
00337C : 3C;
00337D : C4;
00337E : C4;
00337F : 83;
003380 : 4B;
003381 : FB;
003382 : 00;
003383 : 00;
003384 : 00;
003385 : 00;
003386 : 00;
003387 : 00;
003388 : 00;
003389 : 00;
00338A : 00;
00338B : 6A;
00338C : E2;
00338D : 8A;
00338E : 52;
00338F : 3C;
003390 : 8A;
003391 : 8A;
003392 : 1B;
003393 : 83;
003394 : 20;
003395 : 6D;
003396 : 7B;
003397 : 6F;
003398 : 36;
003399 : 36;
00339A : 52;
00339B : 36;
00339C : 82;
00339D : 66;
00339E : 00;
00339F : 00;
0033A0 : 00;
0033A1 : 00;
0033A2 : 00;
0033A3 : 00;
0033A4 : 00;
0033A5 : 00;
0033A6 : 00;
0033A7 : 00;
0033A8 : 00;
0033A9 : 00;
0033AA : 00;
0033AB : 00;
0033AC : 00;
0033AD : 00;
0033AE : 00;
0033AF : 00;
0033B0 : 00;
0033B1 : 00;
0033B2 : 00;
0033B3 : 00;
0033B4 : 00;
0033B5 : 00;
0033B6 : 00;
0033B7 : 00;
0033B8 : 00;
0033B9 : 00;
0033BA : 00;
0033BB : 00;
0033BC : 00;
0033BD : 00;
0033BE : 00;
0033BF : 00;
0033C0 : 00;
0033C1 : 00;
0033C2 : 00;
0033C3 : 00;
0033C4 : 00;
0033C5 : 00;
0033C6 : 00;
0033C7 : 00;
0033C8 : 00;
0033C9 : 00;
0033CA : 00;
0033CB : 00;
0033CC : 00;
0033CD : 00;
0033CE : 00;
0033CF : 00;
0033D0 : 00;
0033D1 : 00;
0033D2 : 00;
0033D3 : A8;
0033D4 : BC;
0033D5 : 6C;
0033D6 : 6C;
0033D7 : AF;
0033D8 : B6;
0033D9 : 37;
0033DA : 48;
0033DB : 6C;
0033DC : 2C;
0033DD : 5C;
0033DE : 20;
0033DF : 3A;
0033E0 : 36;
0033E1 : 48;
0033E2 : 48;
0033E3 : 6F;
0033E4 : 68;
0033E5 : 1B;
0033E6 : F4;
0033E7 : FB;
0033E8 : 00;
0033E9 : 00;
0033EA : 00;
0033EB : 00;
0033EC : 00;
0033ED : 00;
0033EE : 00;
0033EF : 00;
0033F0 : 00;
0033F1 : 2B;
0033F2 : 3D;
0033F3 : EB;
0033F4 : 48;
0033F5 : 1B;
0033F6 : 17;
0033F7 : 12;
0033F8 : 6C;
0033F9 : 6C;
0033FA : 68;
0033FB : 1D;
0033FC : 52;
0033FD : 6C;
0033FE : 6C;
0033FF : D7;
003400 : D7;
003401 : 6C;
003402 : 75;
003403 : 4B;
003404 : 00;
003405 : 00;
003406 : 00;
003407 : 00;
003408 : 00;
003409 : 00;
00340A : 00;
00340B : 00;
00340C : 00;
00340D : 00;
00340E : 00;
00340F : 00;
003410 : 00;
003411 : 00;
003412 : 00;
003413 : 00;
003414 : 00;
003415 : 00;
003416 : 00;
003417 : 00;
003418 : 00;
003419 : 00;
00341A : 00;
00341B : 00;
00341C : 00;
00341D : 00;
00341E : 00;
00341F : 00;
003420 : 00;
003421 : 00;
003422 : 00;
003423 : 00;
003424 : 00;
003425 : 00;
003426 : 00;
003427 : 00;
003428 : 00;
003429 : 00;
00342A : 00;
00342B : 00;
00342C : 00;
00342D : 00;
00342E : 00;
00342F : 00;
003430 : 00;
003431 : 00;
003432 : 00;
003433 : 00;
003434 : 00;
003435 : 00;
003436 : 00;
003437 : 00;
003438 : 00;
003439 : 69;
00343A : BA;
00343B : 4D;
00343C : 12;
00343D : B9;
00343E : DC;
00343F : A5;
003440 : C9;
003441 : 15;
003442 : 36;
003443 : 68;
003444 : 36;
003445 : 1B;
003446 : 1B;
003447 : 1B;
003448 : 48;
003449 : B3;
00344A : 48;
00344B : F4;
00344C : A6;
00344D : 00;
00344E : 00;
00344F : 00;
003450 : 00;
003451 : 00;
003452 : 00;
003453 : 00;
003454 : 00;
003455 : 00;
003456 : 00;
003457 : 00;
003458 : 34;
003459 : 4B;
00345A : 1B;
00345B : 07;
00345C : 31;
00345D : E8;
00345E : C2;
00345F : 4D;
003460 : 44;
003461 : 6C;
003462 : 15;
003463 : 44;
003464 : 65;
003465 : C9;
003466 : D7;
003467 : 8D;
003468 : ED;
003469 : BC;
00346A : 00;
00346B : 00;
00346C : 00;
00346D : 00;
00346E : 00;
00346F : 00;
003470 : 00;
003471 : 00;
003472 : 00;
003473 : 00;
003474 : 00;
003475 : 00;
003476 : 00;
003477 : 00;
003478 : 00;
003479 : 00;
00347A : 00;
00347B : 00;
00347C : 00;
00347D : 00;
00347E : 00;
00347F : 00;
003480 : 00;
003481 : 00;
003482 : 00;
003483 : 00;
003484 : 00;
003485 : 00;
003486 : 00;
003487 : 00;
003488 : 00;
003489 : 00;
00348A : 00;
00348B : 00;
00348C : 00;
00348D : 00;
00348E : 00;
00348F : 00;
003490 : 00;
003491 : 00;
003492 : 00;
003493 : 00;
003494 : 00;
003495 : 00;
003496 : 00;
003497 : 00;
003498 : 00;
003499 : 00;
00349A : 00;
00349B : 00;
00349C : 00;
00349D : 00;
00349E : 00;
00349F : F6;
0034A0 : F0;
0034A1 : 4B;
0034A2 : 1A;
0034A3 : AC;
0034A4 : 43;
0034A5 : 43;
0034A6 : 84;
0034A7 : E0;
0034A8 : 15;
0034A9 : 4B;
0034AA : 4B;
0034AB : 15;
0034AC : C9;
0034AD : 27;
0034AE : 1B;
0034AF : 8E;
0034B0 : E2;
0034B1 : 34;
0034B2 : 11;
0034B3 : 00;
0034B4 : 00;
0034B5 : 00;
0034B6 : 00;
0034B7 : 00;
0034B8 : 00;
0034B9 : 00;
0034BA : 00;
0034BB : 00;
0034BC : 00;
0034BD : 00;
0034BE : 00;
0034BF : 82;
0034C0 : 4D;
0034C1 : 42;
0034C2 : B1;
0034C3 : DC;
0034C4 : B9;
0034C5 : 9F;
0034C6 : 4D;
0034C7 : 15;
0034C8 : D0;
0034C9 : AA;
0034CA : A5;
0034CB : A8;
0034CC : 6C;
0034CD : B0;
0034CE : 1C;
0034CF : 85;
0034D0 : 00;
0034D1 : 00;
0034D2 : 00;
0034D3 : 00;
0034D4 : 00;
0034D5 : 00;
0034D6 : 00;
0034D7 : 00;
0034D8 : 00;
0034D9 : 00;
0034DA : 00;
0034DB : 00;
0034DC : 00;
0034DD : 00;
0034DE : 00;
0034DF : 00;
0034E0 : 00;
0034E1 : 00;
0034E2 : 00;
0034E3 : 00;
0034E4 : 00;
0034E5 : 00;
0034E6 : 00;
0034E7 : 00;
0034E8 : 00;
0034E9 : 00;
0034EA : 00;
0034EB : 00;
0034EC : 00;
0034ED : 00;
0034EE : 00;
0034EF : 00;
0034F0 : 00;
0034F1 : 00;
0034F2 : 00;
0034F3 : 00;
0034F4 : 00;
0034F5 : 00;
0034F6 : 00;
0034F7 : 00;
0034F8 : 00;
0034F9 : 00;
0034FA : 00;
0034FB : 00;
0034FC : 00;
0034FD : 00;
0034FE : 00;
0034FF : 00;
003500 : 00;
003501 : 00;
003502 : 00;
003503 : 00;
003504 : AE;
003505 : A6;
003506 : 4B;
003507 : 1B;
003508 : 48;
003509 : 72;
00350A : E8;
00350B : 45;
00350C : 33;
00350D : 65;
00350E : 48;
00350F : 07;
003510 : 12;
003511 : 8F;
003512 : A3;
003513 : C9;
003514 : 8D;
003515 : 8E;
003516 : E2;
003517 : DA;
003518 : 00;
003519 : 00;
00351A : 00;
00351B : 00;
00351C : 00;
00351D : 00;
00351E : 00;
00351F : 00;
003520 : 00;
003521 : 00;
003522 : 00;
003523 : 00;
003524 : 2B;
003525 : 82;
003526 : 15;
003527 : 3C;
003528 : 31;
003529 : B1;
00352A : 45;
00352B : 02;
00352C : 0E;
00352D : A0;
00352E : 33;
00352F : 0E;
003530 : 12;
003531 : 6C;
003532 : D7;
003533 : 83;
003534 : AF;
003535 : 6C;
003536 : 15;
003537 : AE;
003538 : 83;
003539 : 00;
00353A : 00;
00353B : 00;
00353C : 00;
00353D : 00;
00353E : 00;
00353F : 00;
003540 : 00;
003541 : 00;
003542 : 00;
003543 : 00;
003544 : 00;
003545 : 00;
003546 : 00;
003547 : 00;
003548 : 00;
003549 : 00;
00354A : 00;
00354B : 00;
00354C : 00;
00354D : 00;
00354E : 00;
00354F : 00;
003550 : 00;
003551 : 00;
003552 : 00;
003553 : 00;
003554 : 00;
003555 : 00;
003556 : 00;
003557 : 00;
003558 : 00;
003559 : 00;
00355A : 00;
00355B : 00;
00355C : 00;
00355D : 00;
00355E : 00;
00355F : 00;
003560 : 00;
003561 : 00;
003562 : 00;
003563 : 00;
003564 : 00;
003565 : 00;
003566 : 00;
003567 : 00;
003568 : 00;
003569 : 00;
00356A : 34;
00356B : F4;
00356C : BC;
00356D : 48;
00356E : F7;
00356F : AD;
003570 : A8;
003571 : D6;
003572 : A0;
003573 : 33;
003574 : B2;
003575 : 7E;
003576 : A3;
003577 : 65;
003578 : 3C;
003579 : 1B;
00357A : 48;
00357B : 8E;
00357C : 8E;
00357D : 44;
00357E : B3;
00357F : B5;
003580 : 00;
003581 : 00;
003582 : 00;
003583 : 00;
003584 : 00;
003585 : 00;
003586 : 00;
003587 : 00;
003588 : 00;
003589 : 00;
00358A : 82;
00358B : 15;
00358C : F7;
00358D : F7;
00358E : 83;
00358F : 12;
003590 : C1;
003591 : 10;
003592 : 5F;
003593 : F9;
003594 : A8;
003595 : 6C;
003596 : AD;
003597 : B3;
003598 : B0;
003599 : 83;
00359A : D7;
00359B : 6C;
00359C : AD;
00359D : 4D;
00359E : 96;
00359F : B0;
0035A0 : D7;
0035A1 : 52;
0035A2 : 00;
0035A3 : 00;
0035A4 : 00;
0035A5 : 00;
0035A6 : 00;
0035A7 : 00;
0035A8 : 00;
0035A9 : 00;
0035AA : 00;
0035AB : 00;
0035AC : 00;
0035AD : 00;
0035AE : 00;
0035AF : 00;
0035B0 : 00;
0035B1 : 00;
0035B2 : 00;
0035B3 : 00;
0035B4 : 00;
0035B5 : 00;
0035B6 : 00;
0035B7 : 00;
0035B8 : 00;
0035B9 : 00;
0035BA : 00;
0035BB : 00;
0035BC : 00;
0035BD : 00;
0035BE : 00;
0035BF : 00;
0035C0 : 00;
0035C1 : 00;
0035C2 : 00;
0035C3 : 00;
0035C4 : 00;
0035C5 : 00;
0035C6 : 00;
0035C7 : 00;
0035C8 : 00;
0035C9 : 00;
0035CA : 00;
0035CB : 00;
0035CC : 00;
0035CD : 00;
0035CE : 00;
0035CF : 00;
0035D0 : 34;
0035D1 : F4;
0035D2 : 07;
0035D3 : C9;
0035D4 : AF;
0035D5 : D7;
0035D6 : 6C;
0035D7 : AD;
0035D8 : 8D;
0035D9 : 07;
0035DA : 9A;
0035DB : F0;
0035DC : E2;
0035DD : 15;
0035DE : F7;
0035DF : 36;
0035E0 : 3C;
0035E1 : 48;
0035E2 : 8D;
0035E3 : 8D;
0035E4 : 8E;
0035E5 : F3;
0035E6 : 8E;
0035E7 : BA;
0035E8 : 00;
0035E9 : 00;
0035EA : 00;
0035EB : 00;
0035EC : 00;
0035ED : 00;
0035EE : 00;
0035EF : 3D;
0035F0 : 4B;
0035F1 : 6C;
0035F2 : 68;
0035F3 : 52;
0035F4 : D7;
0035F5 : AD;
0035F6 : 96;
0035F7 : 96;
0035F8 : 96;
0035F9 : 96;
0035FA : 6C;
0035FB : D7;
0035FC : B0;
0035FD : 73;
0035FE : 0B;
0035FF : E4;
003600 : C9;
003601 : 52;
003602 : 52;
003603 : AF;
003604 : 8E;
003605 : 8E;
003606 : 44;
003607 : 6C;
003608 : 6C;
003609 : 4D;
00360A : 00;
00360B : 00;
00360C : 00;
00360D : 00;
00360E : 00;
00360F : 00;
003610 : 00;
003611 : 00;
003612 : 00;
003613 : 00;
003614 : 00;
003615 : 00;
003616 : 00;
003617 : 00;
003618 : 00;
003619 : 00;
00361A : 00;
00361B : 00;
00361C : 00;
00361D : 00;
00361E : 00;
00361F : 00;
003620 : 00;
003621 : 00;
003622 : 00;
003623 : 00;
003624 : 00;
003625 : 00;
003626 : 00;
003627 : 00;
003628 : 00;
003629 : 00;
00362A : 00;
00362B : 00;
00362C : 00;
00362D : 00;
00362E : 00;
00362F : 00;
003630 : 00;
003631 : 00;
003632 : 00;
003633 : 00;
003634 : 00;
003635 : BC;
003636 : A6;
003637 : BC;
003638 : 27;
003639 : B5;
00363A : E4;
00363B : C9;
00363C : AF;
00363D : 48;
00363E : 8D;
00363F : BC;
003640 : BC;
003641 : 1B;
003642 : 8E;
003643 : 3C;
003644 : C9;
003645 : 73;
003646 : B5;
003647 : BA;
003648 : AF;
003649 : 8E;
00364A : 8D;
00364B : 8D;
00364C : ED;
00364D : 8E;
00364E : E2;
00364F : 00;
003650 : 00;
003651 : 00;
003652 : 00;
003653 : 00;
003654 : 00;
003655 : 17;
003656 : 4B;
003657 : AF;
003658 : E4;
003659 : B5;
00365A : 73;
00365B : 09;
00365C : 27;
00365D : B0;
00365E : B0;
00365F : 27;
003660 : 09;
003661 : E4;
003662 : D9;
003663 : 1C;
003664 : 5B;
003665 : 5B;
003666 : D9;
003667 : 59;
003668 : 73;
003669 : 09;
00366A : 27;
00366B : B0;
00366C : AF;
00366D : D7;
00366E : EB;
00366F : 75;
003670 : AE;
003671 : 00;
003672 : 00;
003673 : 00;
003674 : 00;
003675 : 00;
003676 : 00;
003677 : 00;
003678 : 00;
003679 : 00;
00367A : 00;
00367B : 00;
00367C : 00;
00367D : 00;
00367E : 00;
00367F : 00;
003680 : 00;
003681 : 00;
003682 : 00;
003683 : 00;
003684 : 00;
003685 : 00;
003686 : 00;
003687 : 00;
003688 : 00;
003689 : 00;
00368A : 00;
00368B : 00;
00368C : 00;
00368D : 00;
00368E : 00;
00368F : 00;
003690 : 00;
003691 : 00;
003692 : 00;
003693 : 00;
003694 : 00;
003695 : 00;
003696 : 00;
003697 : 00;
003698 : 00;
003699 : 00;
00369A : 00;
00369B : 2B;
00369C : 4B;
00369D : 1B;
00369E : BA;
00369F : C1;
0036A0 : C1;
0036A1 : 0B;
0036A2 : 59;
0036A3 : E4;
0036A4 : 73;
0036A5 : BA;
0036A6 : BA;
0036A7 : 73;
0036A8 : 59;
0036A9 : 0B;
0036AA : D9;
0036AB : 5B;
0036AC : 1C;
0036AD : 5B;
0036AE : B5;
0036AF : 73;
0036B0 : 09;
0036B1 : 3C;
0036B2 : 8E;
0036B3 : BC;
0036B4 : 2B;
0036B5 : 75;
0036B6 : 00;
0036B7 : 00;
0036B8 : 00;
0036B9 : 00;
0036BA : 00;
0036BB : C9;
0036BC : 1B;
0036BD : B0;
0036BE : 0B;
0036BF : 5B;
0036C0 : 5B;
0036C1 : 5B;
0036C2 : D9;
0036C3 : D9;
0036C4 : D9;
0036C5 : 5B;
0036C6 : 1C;
0036C7 : 1C;
0036C8 : 1C;
0036C9 : 1C;
0036CA : 1C;
0036CB : 1C;
0036CC : 1C;
0036CD : 1C;
0036CE : 1C;
0036CF : 5B;
0036D0 : D9;
0036D1 : 59;
0036D2 : BA;
0036D3 : B0;
0036D4 : B3;
0036D5 : EB;
0036D6 : 94;
0036D7 : 22;
0036D8 : 00;
0036D9 : 00;
0036DA : 00;
0036DB : 00;
0036DC : 00;
0036DD : 00;
0036DE : 00;
0036DF : 00;
0036E0 : 00;
0036E1 : 00;
0036E2 : 00;
0036E3 : 00;
0036E4 : 00;
0036E5 : 00;
0036E6 : 00;
0036E7 : 00;
0036E8 : 00;
0036E9 : 00;
0036EA : 00;
0036EB : 00;
0036EC : 00;
0036ED : 00;
0036EE : 00;
0036EF : 00;
0036F0 : 00;
0036F1 : 00;
0036F2 : 00;
0036F3 : 00;
0036F4 : 00;
0036F5 : 00;
0036F6 : 00;
0036F7 : 00;
0036F8 : 00;
0036F9 : 00;
0036FA : 00;
0036FB : 00;
0036FC : 00;
0036FD : 00;
0036FE : 00;
0036FF : 00;
003700 : 00;
003701 : A6;
003702 : D2;
003703 : 07;
003704 : 59;
003705 : C1;
003706 : C1;
003707 : 5B;
003708 : 1C;
003709 : 1C;
00370A : 1C;
00370B : 1C;
00370C : 1C;
00370D : 1C;
00370E : 1C;
00370F : 5B;
003710 : 5B;
003711 : 5B;
003712 : 1C;
003713 : 1C;
003714 : 1C;
003715 : 1C;
003716 : 5B;
003717 : B5;
003718 : BA;
003719 : F3;
00371A : 8D;
00371B : E2;
00371C : 75;
00371D : 00;
00371E : 00;
00371F : 00;
003720 : 92;
003721 : 3C;
003722 : 48;
003723 : 27;
003724 : D9;
003725 : 5B;
003726 : 1C;
003727 : 5B;
003728 : 5B;
003729 : 5B;
00372A : 1C;
00372B : 1C;
00372C : 1C;
00372D : 1C;
00372E : 1C;
00372F : 1C;
003730 : 1C;
003731 : 1C;
003732 : 1C;
003733 : 1C;
003734 : 1C;
003735 : 1C;
003736 : 1C;
003737 : 5B;
003738 : 5B;
003739 : B5;
00373A : 09;
00373B : AF;
00373C : 15;
00373D : 75;
00373E : 32;
00373F : 00;
003740 : 00;
003741 : 00;
003742 : 00;
003743 : 00;
003744 : 00;
003745 : 00;
003746 : 00;
003747 : 00;
003748 : 00;
003749 : 00;
00374A : 00;
00374B : 00;
00374C : 00;
00374D : 00;
00374E : 00;
00374F : 00;
003750 : 00;
003751 : 00;
003752 : 00;
003753 : 00;
003754 : 00;
003755 : 00;
003756 : 00;
003757 : 00;
003758 : 00;
003759 : 00;
00375A : 00;
00375B : 00;
00375C : 00;
00375D : 00;
00375E : 00;
00375F : 00;
003760 : 00;
003761 : 00;
003762 : 00;
003763 : 00;
003764 : 00;
003765 : 00;
003766 : 00;
003767 : E0;
003768 : D2;
003769 : 3C;
00376A : 0B;
00376B : C1;
00376C : 5B;
00376D : 5B;
00376E : 1C;
00376F : 1C;
003770 : 1C;
003771 : 1C;
003772 : 1C;
003773 : 1C;
003774 : 1C;
003775 : 1C;
003776 : 5B;
003777 : 5B;
003778 : 1C;
003779 : 1C;
00377A : 1C;
00377B : 1C;
00377C : 5B;
00377D : C1;
00377E : C1;
00377F : 59;
003780 : 27;
003781 : 8E;
003782 : BC;
003783 : BA;
003784 : 00;
003785 : 00;
003786 : 59;
003787 : 15;
003788 : 1B;
003789 : C9;
00378A : D9;
00378B : 5B;
00378C : 1C;
00378D : 5B;
00378E : 5B;
00378F : 5B;
003790 : 1C;
003791 : 1C;
003792 : 1C;
003793 : 1C;
003794 : 1C;
003795 : 1C;
003796 : 1C;
003797 : 1C;
003798 : 1C;
003799 : 1C;
00379A : 1C;
00379B : 1C;
00379C : 1C;
00379D : 5B;
00379E : 5B;
00379F : 5B;
0037A0 : D9;
0037A1 : C9;
0037A2 : 1B;
0037A3 : 75;
0037A4 : 2B;
0037A5 : 00;
0037A6 : 00;
0037A7 : 00;
0037A8 : 00;
0037A9 : 00;
0037AA : 00;
0037AB : 00;
0037AC : 00;
0037AD : 00;
0037AE : 00;
0037AF : 00;
0037B0 : 00;
0037B1 : 00;
0037B2 : 00;
0037B3 : 00;
0037B4 : 00;
0037B5 : 00;
0037B6 : 00;
0037B7 : 00;
0037B8 : 00;
0037B9 : 00;
0037BA : 00;
0037BB : 00;
0037BC : 00;
0037BD : 00;
0037BE : 00;
0037BF : 00;
0037C0 : 00;
0037C1 : 00;
0037C2 : 00;
0037C3 : 00;
0037C4 : 00;
0037C5 : 00;
0037C6 : 00;
0037C7 : 00;
0037C8 : 00;
0037C9 : 00;
0037CA : 00;
0037CB : 00;
0037CC : 00;
0037CD : 4B;
0037CE : 8A;
0037CF : 27;
0037D0 : D9;
0037D1 : 5B;
0037D2 : 5B;
0037D3 : 5B;
0037D4 : 1C;
0037D5 : 1C;
0037D6 : 1C;
0037D7 : 1C;
0037D8 : 1C;
0037D9 : 1C;
0037DA : 1C;
0037DB : 1C;
0037DC : 5B;
0037DD : 5B;
0037DE : 5B;
0037DF : 5B;
0037E0 : 5B;
0037E1 : 1C;
0037E2 : 1C;
0037E3 : 1C;
0037E4 : 5B;
0037E5 : 5B;
0037E6 : 59;
0037E7 : 3C;
0037E8 : ED;
0037E9 : 27;
0037EA : 00;
0037EB : 00;
0037EC : 22;
0037ED : 82;
0037EE : 8A;
0037EF : C9;
0037F0 : B5;
0037F1 : 5B;
0037F2 : 5B;
0037F3 : 5B;
0037F4 : 5B;
0037F5 : 5B;
0037F6 : 5B;
0037F7 : 1C;
0037F8 : 1C;
0037F9 : 1C;
0037FA : 1C;
0037FB : 1C;
0037FC : 1C;
0037FD : 1C;
0037FE : 1C;
0037FF : 1C;
003800 : 1C;
003801 : 1C;
003802 : 1C;
003803 : 1C;
003804 : 5B;
003805 : 5B;
003806 : 5B;
003807 : 73;
003808 : 36;
003809 : AE;
00380A : 99;
00380B : 00;
00380C : 00;
00380D : 00;
00380E : 00;
00380F : 00;
003810 : 00;
003811 : 00;
003812 : 00;
003813 : 00;
003814 : 00;
003815 : 00;
003816 : 00;
003817 : 00;
003818 : 00;
003819 : 00;
00381A : 00;
00381B : 00;
00381C : 00;
00381D : 00;
00381E : 00;
00381F : 00;
003820 : 00;
003821 : 00;
003822 : 00;
003823 : 00;
003824 : 00;
003825 : 00;
003826 : 00;
003827 : 00;
003828 : 00;
003829 : 00;
00382A : 00;
00382B : 00;
00382C : 00;
00382D : 00;
00382E : 00;
00382F : 00;
003830 : 00;
003831 : 00;
003832 : 00;
003833 : F4;
003834 : E2;
003835 : 3C;
003836 : 59;
003837 : 0B;
003838 : D9;
003839 : 5B;
00383A : 1C;
00383B : 1C;
00383C : 1C;
00383D : 1C;
00383E : 1C;
00383F : 1C;
003840 : 5B;
003841 : 5B;
003842 : 5B;
003843 : 5B;
003844 : 5B;
003845 : 5B;
003846 : 5B;
003847 : 1C;
003848 : 1C;
003849 : 1C;
00384A : 1C;
00384B : 5B;
00384C : 0B;
00384D : 27;
00384E : BC;
00384F : A6;
003850 : 00;
003851 : 00;
003852 : 00;
003853 : E0;
003854 : 4B;
003855 : AF;
003856 : 27;
003857 : 09;
003858 : BA;
003859 : BA;
00385A : 73;
00385B : 59;
00385C : 0B;
00385D : 0B;
00385E : 0B;
00385F : D9;
003860 : D9;
003861 : D9;
003862 : D9;
003863 : D9;
003864 : D9;
003865 : D9;
003866 : D9;
003867 : D9;
003868 : D9;
003869 : D9;
00386A : 0B;
00386B : 0B;
00386C : 59;
00386D : BA;
00386E : 48;
00386F : AE;
003870 : 99;
003871 : 00;
003872 : 00;
003873 : 00;
003874 : 00;
003875 : 00;
003876 : 00;
003877 : 00;
003878 : 00;
003879 : 00;
00387A : 00;
00387B : 00;
00387C : 00;
00387D : 00;
00387E : 00;
00387F : 00;
003880 : 00;
003881 : 00;
003882 : 00;
003883 : 00;
003884 : 00;
003885 : 00;
003886 : 00;
003887 : 00;
003888 : 00;
003889 : 00;
00388A : 00;
00388B : 00;
00388C : 00;
00388D : 00;
00388E : 00;
00388F : 00;
003890 : 00;
003891 : 00;
003892 : 00;
003893 : 00;
003894 : 00;
003895 : 00;
003896 : 00;
003897 : 00;
003898 : 00;
003899 : A6;
00389A : E2;
00389B : B4;
00389C : F3;
00389D : 27;
00389E : 9B;
00389F : BA;
0038A0 : 73;
0038A1 : E4;
0038A2 : 59;
0038A3 : 0B;
0038A4 : 0B;
0038A5 : D9;
0038A6 : D9;
0038A7 : D9;
0038A8 : 5B;
0038A9 : 5B;
0038AA : 1C;
0038AB : 1C;
0038AC : 1C;
0038AD : 1C;
0038AE : 1C;
0038AF : 1C;
0038B0 : 1C;
0038B1 : 5B;
0038B2 : D9;
0038B3 : C9;
0038B4 : BC;
0038B5 : BF;
0038B6 : 00;
0038B7 : 00;
0038B8 : 00;
0038B9 : FB;
0038BA : E0;
0038BB : 15;
0038BC : 44;
0038BD : 8D;
0038BE : E2;
0038BF : 95;
0038C0 : B4;
0038C1 : DB;
0038C2 : 32;
0038C3 : 9B;
0038C4 : 09;
0038C5 : 60;
0038C6 : 60;
0038C7 : 60;
0038C8 : 60;
0038C9 : 60;
0038CA : 60;
0038CB : 60;
0038CC : 60;
0038CD : 60;
0038CE : 60;
0038CF : 09;
0038D0 : 9B;
0038D1 : 9B;
0038D2 : 32;
0038D3 : ED;
0038D4 : 2B;
0038D5 : 66;
0038D6 : 99;
0038D7 : 00;
0038D8 : 00;
0038D9 : 00;
0038DA : 00;
0038DB : 00;
0038DC : 00;
0038DD : 00;
0038DE : 00;
0038DF : 00;
0038E0 : 00;
0038E1 : 00;
0038E2 : 00;
0038E3 : 00;
0038E4 : 00;
0038E5 : 00;
0038E6 : 00;
0038E7 : 00;
0038E8 : 00;
0038E9 : 00;
0038EA : 00;
0038EB : 00;
0038EC : 00;
0038ED : 00;
0038EE : 00;
0038EF : 00;
0038F0 : 00;
0038F1 : 00;
0038F2 : 00;
0038F3 : 00;
0038F4 : 00;
0038F5 : 00;
0038F6 : 00;
0038F7 : 00;
0038F8 : 00;
0038F9 : 00;
0038FA : 00;
0038FB : 00;
0038FC : 00;
0038FD : 00;
0038FE : 00;
0038FF : F4;
003900 : 2B;
003901 : 95;
003902 : ED;
003903 : ED;
003904 : ED;
003905 : 8E;
003906 : B3;
003907 : B3;
003908 : B3;
003909 : F3;
00390A : B0;
00390B : B0;
00390C : 27;
00390D : 9B;
00390E : 09;
00390F : BA;
003910 : 73;
003911 : 73;
003912 : 73;
003913 : E4;
003914 : E4;
003915 : E4;
003916 : E4;
003917 : 73;
003918 : BA;
003919 : 3C;
00391A : BC;
00391B : 11;
00391C : 00;
00391D : 00;
00391E : 00;
00391F : 00;
003920 : 4D;
003921 : AE;
003922 : DA;
003923 : DA;
003924 : 9E;
003925 : A2;
003926 : 00;
003927 : 00;
003928 : 00;
003929 : 00;
00392A : 00;
00392B : 00;
00392C : 00;
00392D : 00;
00392E : 00;
00392F : 00;
003930 : 00;
003931 : 00;
003932 : 00;
003933 : 00;
003934 : 00;
003935 : 00;
003936 : 00;
003937 : 00;
003938 : 00;
003939 : 34;
00393A : 9E;
00393B : A2;
00393C : 24;
00393D : 00;
00393E : 00;
00393F : 00;
003940 : 00;
003941 : 00;
003942 : 00;
003943 : 00;
003944 : 00;
003945 : 00;
003946 : 00;
003947 : 00;
003948 : 00;
003949 : 00;
00394A : 00;
00394B : 00;
00394C : 00;
00394D : 00;
00394E : 00;
00394F : 00;
003950 : 00;
003951 : 00;
003952 : 00;
003953 : 00;
003954 : 00;
003955 : 00;
003956 : 00;
003957 : 00;
003958 : 00;
003959 : 00;
00395A : 00;
00395B : 00;
00395C : 00;
00395D : 00;
00395E : 00;
00395F : 00;
003960 : 00;
003961 : 00;
003962 : 00;
003963 : 00;
003964 : 00;
003965 : 00;
003966 : 81;
003967 : 3D;
003968 : 2B;
003969 : 8D;
00396A : 8E;
00396B : 44;
00396C : ED;
00396D : 44;
00396E : 44;
00396F : EB;
003970 : BC;
003971 : 44;
003972 : 44;
003973 : ED;
003974 : 8D;
003975 : 8E;
003976 : 8D;
003977 : 8E;
003978 : 8E;
003979 : B3;
00397A : B3;
00397B : B3;
00397C : 8E;
00397D : 8E;
00397E : 8E;
00397F : ED;
003980 : 3D;
003981 : A2;
003982 : 00;
003983 : 00;
003984 : 00;
003985 : 00;
003986 : 00;
003987 : 00;
003988 : 00;
003989 : 00;
00398A : 00;
00398B : 00;
00398C : 00;
00398D : 00;
00398E : 00;
00398F : 00;
003990 : 00;
003991 : 00;
003992 : 00;
003993 : 00;
003994 : 00;
003995 : 00;
003996 : 00;
003997 : 00;
003998 : 00;
003999 : 00;
00399A : 00;
00399B : 00;
00399C : 00;
00399D : 00;
00399E : 00;
00399F : 00;
0039A0 : 00;
0039A1 : 00;
0039A2 : 00;
0039A3 : 00;
0039A4 : 00;
0039A5 : 00;
0039A6 : 00;
0039A7 : 00;
0039A8 : 00;
0039A9 : 00;
0039AA : 00;
0039AB : 00;
0039AC : 00;
0039AD : 00;
0039AE : 00;
0039AF : 00;
0039B0 : 00;
0039B1 : 00;
0039B2 : 00;
0039B3 : 00;
0039B4 : 00;
0039B5 : 00;
0039B6 : 00;
0039B7 : 00;
0039B8 : 00;
0039B9 : 00;
0039BA : 00;
0039BB : 00;
0039BC : 00;
0039BD : 00;
0039BE : 00;
0039BF : 00;
0039C0 : 00;
0039C1 : 00;
0039C2 : 00;
0039C3 : 00;
0039C4 : 00;
0039C5 : 00;
0039C6 : 00;
0039C7 : 00;
0039C8 : 00;
0039C9 : 00;
0039CA : 00;
0039CB : 00;
0039CC : 00;
0039CD : 00;
0039CE : 00;
0039CF : BE;
0039D0 : 44;
0039D1 : 96;
0039D2 : 44;
0039D3 : 4B;
0039D4 : B0;
0039D5 : 96;
0039D6 : 94;
0039D7 : 94;
0039D8 : 94;
0039D9 : 75;
0039DA : E2;
0039DB : 8E;
0039DC : EB;
0039DD : 4D;
0039DE : EB;
0039DF : 44;
0039E0 : 44;
0039E1 : EB;
0039E2 : 2B;
0039E3 : 2B;
0039E4 : 95;
0039E5 : 3D;
0039E6 : DA;
0039E7 : 3D;
0039E8 : 00;
0039E9 : 00;
0039EA : 00;
0039EB : 00;
0039EC : 00;
0039ED : 00;
0039EE : 00;
0039EF : 00;
0039F0 : 00;
0039F1 : 00;
0039F2 : 00;
0039F3 : 00;
0039F4 : 00;
0039F5 : 00;
0039F6 : 00;
0039F7 : 00;
0039F8 : 00;
0039F9 : 00;
0039FA : 00;
0039FB : 00;
0039FC : 00;
0039FD : 00;
0039FE : 00;
0039FF : 00;
003A00 : 00;
003A01 : 00;
003A02 : 00;
003A03 : 00;
003A04 : 00;
003A05 : 00;
003A06 : 00;
003A07 : 00;
003A08 : 00;
003A09 : 00;
003A0A : 00;
003A0B : 00;
003A0C : 00;
003A0D : 00;
003A0E : 00;
003A0F : 00;
003A10 : 00;
003A11 : 00;
003A12 : 00;
003A13 : 00;
003A14 : 00;
003A15 : 00;
003A16 : 00;
003A17 : 00;
003A18 : 00;
003A19 : 00;
003A1A : 00;
003A1B : 00;
003A1C : 00;
003A1D : 00;
003A1E : 00;
003A1F : 00;
003A20 : 00;
003A21 : 00;
003A22 : 00;
003A23 : 00;
003A24 : 00;
003A25 : 00;
003A26 : 00;
003A27 : 00;
003A28 : 00;
003A29 : 00;
003A2A : 00;
003A2B : 00;
003A2C : 00;
003A2D : 00;
003A2E : 00;
003A2F : 00;
003A30 : 00;
003A31 : 00;
003A32 : 00;
003A33 : 00;
003A34 : 00;
003A35 : 00;
003A36 : 00;
003A37 : 00;
003A38 : 00;
003A39 : 00;
003A3A : 00;
003A3B : 00;
003A3C : 00;
003A3D : 00;
003A3E : 00;
003A3F : 00;
003A40 : EB;
003A41 : E4;
003A42 : B3;
003A43 : AE;
003A44 : E0;
003A45 : 4D;
003A46 : 4D;
003A47 : 03;
003A48 : DA;
003A49 : B4;
003A4A : 32;
003A4B : 00;
003A4C : 00;
003A4D : 00;
003A4E : 00;
003A4F : 00;
003A50 : 00;
003A51 : 00;
003A52 : 00;
003A53 : 00;
003A54 : 00;
003A55 : 00;
003A56 : 00;
003A57 : 00;
003A58 : 00;
003A59 : 00;
003A5A : 00;
003A5B : 00;
003A5C : 00;
003A5D : 00;
003A5E : 00;
003A5F : 00;
003A60 : 00;
003A61 : 00;
003A62 : 00;
003A63 : 00;
003A64 : 00;
003A65 : 00;
003A66 : 00;
003A67 : 00;
003A68 : 00;
003A69 : 00;
003A6A : 00;
003A6B : 00;
003A6C : 00;
003A6D : 00;
003A6E : 00;
003A6F : 00;
003A70 : 00;
003A71 : 00;
003A72 : 00;
003A73 : 00;
003A74 : 00;
003A75 : 00;
003A76 : 00;
003A77 : 00;
003A78 : 00;
003A79 : 00;
003A7A : 00;
003A7B : 00;
003A7C : 00;
003A7D : 00;
003A7E : 00;
003A7F : 00;
003A80 : 00;
003A81 : 00;
003A82 : 00;
003A83 : 00;
003A84 : 00;
003A85 : 00;
003A86 : 00;
003A87 : 00;
003A88 : 00;
003A89 : 00;
003A8A : 00;
003A8B : 00;
003A8C : 00;
003A8D : 00;
003A8E : 00;
003A8F : 00;
003A90 : 00;
003A91 : 00;
003A92 : 00;
003A93 : 00;
003A94 : 00;
003A95 : 00;
003A96 : 00;
003A97 : 00;
003A98 : 00;
003A99 : 00;
003A9A : 00;
003A9B : 00;
003A9C : 00;
003A9D : 00;
003A9E : 00;
003A9F : 00;
003AA0 : 00;
003AA1 : 00;
003AA2 : 00;
003AA3 : 00;
003AA4 : 00;
003AA5 : 00;
003AA6 : 00;
003AA7 : 00;
003AA8 : 00;
003AA9 : 00;
003AAA : 00;
003AAB : 00;
003AAC : 00;
003AAD : 00;
003AAE : 00;
003AAF : 00;
003AB0 : 00;
003AB1 : 00;
003AB2 : 00;
003AB3 : 00;
003AB4 : 00;
003AB5 : 00;
003AB6 : 00;
003AB7 : 00;
003AB8 : 00;
003AB9 : 00;
003ABA : 00;
003ABB : 00;
003ABC : 00;
003ABD : 00;
003ABE : 00;
003ABF : 00;
003AC0 : 00;
003AC1 : 00;
003AC2 : 00;
003AC3 : 00;
003AC4 : 00;
003AC5 : 00;
003AC6 : 00;
003AC7 : 00;
003AC8 : 00;
003AC9 : 00;
003ACA : 00;
003ACB : 00;
003ACC : 00;
003ACD : 00;
003ACE : 00;
003ACF : 00;
003AD0 : 00;
003AD1 : 00;
003AD2 : 00;
003AD3 : 00;
003AD4 : 00;
003AD5 : 00;
003AD6 : 00;
003AD7 : 00;
003AD8 : 00;
003AD9 : 00;
003ADA : 00;
003ADB : 00;
003ADC : 00;
003ADD : 00;
003ADE : 00;
003ADF : 00;
003AE0 : 00;
003AE1 : 00;
003AE2 : 00;
003AE3 : 00;
003AE4 : 00;
003AE5 : 00;
003AE6 : 00;
003AE7 : 00;
003AE8 : 00;
003AE9 : 00;
003AEA : 00;
003AEB : 00;
003AEC : 00;
003AED : 00;
003AEE : 00;
003AEF : 00;
003AF0 : 00;
003AF1 : 00;
003AF2 : 00;
003AF3 : 00;
003AF4 : 00;
003AF5 : 00;
003AF6 : 00;
003AF7 : 00;
003AF8 : 00;
003AF9 : 00;
003AFA : 00;
003AFB : 00;
003AFC : 00;
003AFD : 00;
003AFE : 00;
003AFF : 00;
003B00 : 00;
003B01 : 00;
003B02 : 00;
003B03 : 00;
003B04 : 00;
003B05 : 00;
003B06 : 00;
003B07 : 00;
003B08 : 00;
003B09 : 00;
003B0A : 00;
003B0B : 00;
003B0C : 00;
003B0D : 00;
003B0E : 00;
003B0F : 00;
003B10 : 00;
003B11 : 00;
003B12 : 00;
003B13 : 00;
003B14 : 00;
003B15 : 00;
003B16 : 00;
003B17 : 00;
003B18 : 00;
003B19 : 00;
003B1A : 00;
003B1B : 00;
003B1C : 00;
003B1D : 00;
003B1E : 00;
003B1F : 00;
003B20 : 00;
003B21 : 00;
003B22 : 00;
003B23 : 00;
003B24 : 00;
003B25 : 00;
003B26 : 00;
003B27 : 00;
003B28 : 00;
003B29 : 00;
003B2A : 00;
003B2B : 00;
003B2C : 00;
003B2D : 00;
003B2E : 00;
003B2F : 00;
003B30 : 00;
003B31 : 00;
003B32 : 00;
003B33 : 00;
003B34 : 00;
003B35 : 00;
003B36 : 00;
003B37 : 00;
003B38 : 00;
003B39 : 00;
003B3A : 00;
003B3B : 00;
003B3C : 00;
003B3D : 00;
003B3E : 00;
003B3F : 00;
003B40 : 00;
003B41 : 00;
003B42 : 00;
003B43 : 00;
003B44 : 00;
003B45 : 00;
003B46 : 00;
003B47 : 00;
003B48 : 00;
003B49 : 00;
003B4A : 00;
003B4B : 00;
003B4C : 00;
003B4D : 00;
003B4E : 00;
003B4F : 00;
003B50 : 00;
003B51 : 00;
003B52 : 00;
003B53 : 00;
003B54 : 00;
003B55 : 00;
003B56 : 00;
003B57 : 00;
003B58 : 00;
003B59 : 00;
003B5A : 00;
003B5B : 00;
003B5C : 00;
003B5D : 00;
END;
