:1000000000000000000000000000000000000000F0
:1000100000000000000000000000000000000000E0
:1000200000000000000000000000000000000000D0
:1000300000000000000000000000000000000000C0
:1000400000000000000000000000000000000000B0
:1000500000000000000000000000000000000000A0
:100060000000000000000000000000000000000090
:100070000000000000000000000000000000000080
:100080000000000000000000000000000000000070
:100090000000000000000000000000000000000060
:1000A0000000000000000000000000000000000050
:1000B0000000000000000000000000000000000040
:1000C0000000000000000000000000000000000030
:1000D0000000000000000000000000000000000020
:1000E0000000000000000000000000000000000010
:1000F000000000000000002626856C0A3429646494
:10010000295B25468D8D8D8D65646464B4B4B4B46B
:10011000B42F2FB4DBDBDB3F3FF6F6F6F6F6F63F07
:100120003F3F3F3F9292929292649264648D165741
:10013000B49A2964000000000000000000000000E4
:1001400000000000000000000000000000000000AF
:10015000000000000000000000000000000000009F
:10016000000000000000000000000000000000008F
:10017000000000000000000000000000000000007F
:10018000000000000000000000000000000000006F
:10019000000000000000000000000000000000005F
:1001A000000000000000000000000000000000004F
:1001B000000000000000000000000000000000003F
:1001C000000000000000000000000000000000002F
:1001D000000000000000000000000000000000001F
:1001E000000000000000000000000000000000000F
:1001F00000000000000000000000000000000000FF
:1002000000000000000000000000000000000000EE
:1002100000000000000000000000000000000000DE
:1002200000000000000000000000000000000000CE
:1002300000000000000000000000000000000000BE
:1002400000000000000000000000000000000000AE
:10025000000000000000000000000000000000009E
:10026000000000000000000000000000000000008E
:10027000000000000000000000000000000000007E
:100280000000000000000000000000000000002648
:100290005785858E349A29923429922965343434CD
:1002A0003434343434656565CECECECECE2929299A
:1002B0002929292929AFAF3F3F3F3F3F3F2929291E
:1002C0003F3F3F3F3F3F3F299AD2340EB49A9ACEE8
:1002D000CECE000000000000000000000000000082
:1002E000000000000000000000000000000000000E
:1002F00000000000000000000000000000000000FE
:1003000000000000000000000000000000000000ED
:1003100000000000000000000000000000000000DD
:1003200000000000000000000000000000000000CD
:1003300000000000000000000000000000000000BD
:1003400000000000000000000000000000000000AD
:10035000000000000000000000000000000000009D
:10036000000000000000000000000000000000008D
:10037000000000000000000000000000000000007D
:10038000000000000000000000000000000000006D
:10039000000000000000000000000000000000005D
:1003A000000000000000000000000000000000004D
:1003B000000000000000000000000000000000003D
:1003C000000000000000000000000000000000002D
:1003D000000000000000000000000000000000001D
:1003E000000000000000000000000000000000000D
:1003F00000000000000000000000000000000000FD
:1004000000000000000000000000000000000000EC
:1004100000000000000000000000000000000000DC
:100420000000000000000026262607576C8E642975
:100430006429B465348E8E8E8E8E8E2525258E8E03
:100440008E8A8A8A8A8A2525258E8E8E8E8E8E8E1B
:100450008E0A0ACE2929292929292929B4292929B5
:100460009AB4B4B4B4D2292957343434000000000B
:10047000000000000000000000000000000000007C
:10048000000000000000000000000000000000006C
:10049000000000000000000000000000000000005C
:1004A000000000000000000000000000000000004C
:1004B000000000000000000000000000000000003C
:1004C000000000000000000000000000000000002C
:1004D000000000000000000000000000000000001C
:1004E000000000000000000000000000000000000C
:1004F00000000000000000000000000000000000FC
:1005000000000000000000000000000000000000EB
:1005100000000000000000000000000000000000DB
:1005200000000000000000000000000000000000CB
:1005300000000000000000000000000000000000BB
:1005400000000000000000000000000000000000AB
:10055000000000000000000000000000000000009B
:10056000000000000000000000000000000000008B
:10057000000000000000000000000000000000007B
:10058000000000000000000000000000000000006B
:10059000000000000000000000000000000000005B
:1005A000000000000000000000000000000000004B
:1005B0000000000000000000000000463434262641
:1005C0002621BA0A9A343434343434348E8E8195E8
:1005D000959595958A8A8A9595959516161616611C
:1005E000616161616161959595958A8A8A0A0A348B
:1005F000346565656591913491349A9AB49A9A9A62
:100600003F9A34BB9A349A000000000000000000BA
:1006100000000000000000000000000000000000DA
:1006200000000000000000000000000000000000CA
:1006300000000000000000000000000000000000BA
:1006400000000000000000000000000000000000AA
:10065000000000000000000000000000000000009A
:10066000000000000000000000000000000000008A
:10067000000000000000000000000000000000007A
:10068000000000000000000000000000000000006A
:10069000000000000000000000000000000000005A
:1006A000000000000000000000000000000000004A
:1006B000000000000000000000000000000000003A
:1006C000000000000000000000000000000000002A
:1006D000000000000000000000000000000000001A
:1006E000000000000000000000000000000000000A
:1006F00000000000000000000000000000000000FA
:1007000000000000000000000000000000000000E9
:1007100000000000000000000000000000000000D9
:1007200000000000000000000000000000000000C9
:1007300000000000000000000000000000000000B9
:1007400000000000000000000000000000000000A9
:100750000000000A348E6564218D65CECE34348E5F
:100760008E8ED2D2D2D2818195959595959595957B
:10077000956C6C6C6C575757BB5757575757575713
:100780006C6C6C168A8A8A8A2546468D8D8D343427
:100790009191469A9A9A9A9A9AB4B49A9A34571717
:1007A0009A649A9100000000000000000000000020
:1007B0000000000000000000000000000000000039
:1007C0000000000000000000000000000000000029
:1007D0000000000000000000000000000000000019
:1007E0000000000000000000000000000000000009
:1007F00000000000000000000000000000000000F9
:1008000000000000000000000000000000000000E8
:1008100000000000000000000000000000000000D8
:1008200000000000000000000000000000000000C8
:1008300000000000000000000000000000000000B8
:1008400000000000000000000000000000000000A8
:100850000000000000000000000000000000000098
:100860000000000000000000000000000000000088
:100870000000000000000000000000000000000078
:100880000000000000000000000000000000000068
:100890000000000000000000000000000000000058
:1008A0000000000000000000000000000000000048
:1008B0000000000000000000000000000000000038
:1008C0000000000000000000000000000000000028
:1008D0000000000000000000000000000000000018
:1008E0000000000000000000000046BA21215B6506
:1008F00091176434340A2595959595818181D2812B
:100900008195951616166C6C6C5757BB0C0C4141B3
:100910004119BD19BDBD195252191919410CBB57C6
:100920001695B22525252546464691469A9A343491
:10093000349A919164649A9191918E9A6434910061
:1009400000000000000000000000000000000000A7
:100950000000000000000000000000000000000097
:100960000000000000000000000000000000000087
:100970000000000000000000000000000000000077
:100980000000000000000000000000000000000067
:100990000000000000000000000000000000000057
:1009A0000000000000000000000000000000000047
:1009B0000000000000000000000000000000000037
:1009C0000000000000000000000000000000000027
:1009D0000000000000000000000000000000000017
:1009E0000000000000000000000000000000000007
:1009F00000000000000000000000000000000000F7
:100A000000000000000000000000000000000000E6
:100A100000000000000000000000000000000000D6
:100A200000000000000000000000000000000000C6
:100A300000000000000000000000000000000000B6
:100A400000000000000000000000000000000000A6
:100A50000000000000000000000000000000000096
:100A60000000000000000000000000000000000086
:100A70000000000000000000000000000000000076
:100A8000658D3434218E346564CE348E46FBB7597F
:100A9000595995958A0A8A8E9561853B3B0C0C4184
:100AA000BD071E89C76FBCAE660FF0F0F0F0F0F026
:100AB000F0F0F0F0F0F00FAED127EDBDBB6CE8F731
:100AC0002546919146919146343434343491919134
:100AD000B4B4B43F298E81919191000000000000D0
:100AE0000000000000000000000000000000000006
:100AF00000000000000000000000000000000000F6
:100B000000000000000000000000000000000000E5
:100B100000000000000000000000000000000000D5
:100B200000000000000000000000000000000000C5
:100B300000000000000000000000000000000000B5
:100B400000000000000000000000000000000000A5
:100B50000000000000000000000000000000000095
:100B60000000000000000000000000000000000085
:100B70000000000000000000000000000000000075
:100B80000000000000000000000000000000000065
:100B90000000000000000000000000000000000055
:100BA0000000000000000000000000000000000045
:100BB0000000000000000000000000000000000035
:100BC0000000000000000000000000000000000025
:100BD0000000000000000000000000000000000015
:100BE0000000000000000000000000000000000005
:100BF00000000000000000000000000000000000F5
:100C000000000000000000000000000000000000E4
:100C100000000000000000008D658D8DBA34343472
:100C2000348E8E8A8125FBB7B7B7B7B781259595E6
:100C3000956C0C7BA38BD1AE0FB530D0557A7A7AF8
:100C40007A7A7A7A7A7A7A7A7A7A7A5D5D5D7A7A5B
:100C50007A7A7A7A5DD0F03EC772BD9C8A3446912A
:100C6000914646D4D4D4D4D4D49A919A9A9AB4348E
:100C700059911791919A9A0000000000000000001D
:100C80000000000000000000000000000000000064
:100C90000000000000000000000000000000000054
:100CA0000000000000000000000000000000000044
:100CB0000000000000000000000000000000000034
:100CC0000000000000000000000000000000000024
:100CD0000000000000000000000000000000000014
:100CE0000000000000000000000000000000000004
:100CF00000000000000000000000000000000000F4
:100D000000000000000000000000000000000000E3
:100D100000000000000000000000000000000000D3
:100D200000000000000000000000000000000000C3
:100D300000000000000000000000000000000000B3
:100D400000000000000000000000000000000000A3
:100D50000000000000000000000000000000000093
:100D60000000000000000000000000000000000083
:100D70000000000000000000000000000000000073
:100D80000000000000000000000000000000000063
:100D90000000000000000000000000000000000053
:100DA0000000000000000000000000000000000043
:100DB0008D8DB26517D48E8E95959595818181B76D
:100DC000B2B2B295818AE738BD273EF01A39D8D839
:100DD000B3F4F9F9371D391010101010101010105D
:100DE00010107474101010D710D7D7D739C3B3F4BC
:100DF0009898107431AEC7A7D234D4D4D4D4D4D4F4
:100E0000D4464646464691919AB49A91D4169A177A
:100E100017000000000000000000000000000000BB
:100E200000000000000000000000000000000000C2
:100E300000000000000000000000000000000000B2
:100E400000000000000000000000000000000000A2
:100E50000000000000000000000000000000000092
:100E60000000000000000000000000000000000082
:100E70000000000000000000000000000000000072
:100E80000000000000000000000000000000000062
:100E90000000000000000000000000000000000052
:100EA0000000000000000000000000000000000042
:100EB0000000000000000000000000000000000032
:100EC0000000000000000000000000000000000022
:100ED0000000000000000000000000000000000012
:100EE0000000000000000000000000000000000002
:100EF00000000000000000000000000000000000F2
:100F000000000000000000000000000000000000E1
:100F100000000000000000000000000000000000D1
:100F200000000000000000000000000000000000C1
:100F300000000000000000000000000000000000B1
:100F40000000000000CE6565CEBA8D8D8D46FB9504
:100F5000166C6C16B7B78195818195E738A727BCC9
:100F6000AA10D81FF45DF9F9D7D7F8F8F8F8F8BF48
:100F7000BFBFBFBFBFBFBFBFBFBFBFBFBFBFBFBF81
:100F8000F8F8F8F8F87474BFD7D7C3C3D87D0888C9
:100F900008303E1E8346D4D4D4D4464646FB46464B
:100FA00046469117171765646C9A9ACECE000000DA
:100FB0000000000000000000000000000000000031
:100FC0000000000000000000000000000000000021
:100FD0000000000000000000000000000000000011
:100FE0000000000000000000000000000000000001
:100FF00000000000000000000000000000000000F1
:1010000000000000000000000000000000000000E0
:1010100000000000000000000000000000000000D0
:1010200000000000000000000000000000000000C0
:1010300000000000000000000000000000000000B0
:1010400000000000000000000000000000000000A0
:101050000000000000000000000000000000000090
:101060000000000000000000000000000000000080
:101070000000000000000000000000000000000070
:101080000000000000000000000000000000000060
:101090000000000000000000000000000000000050
:1010A0000000000000000000000000000000000040
:1010B0000000000000000000000000000000000030
:1010C0000000000000000000000000000000000020
:1010D0000000000000000000000000000065292959
:1010E0009A6465658D25B2B26C6C6C1695B2B7B713
:1010F0005959BBED6F0F33D7F9F9F9D71D1D74BFDF
:10110000747433BFBFBFBFBF333333333333333371
:10111000333333333333333333333333353533DEF0
:1011200033333374BF393939C310D87A7A303E72C9
:10113000E79AD4D446FBFBFBFBFBFBFB46D49117A1
:101140009AB434160EB49A9A000000000000000011
:10115000000000000000000000000000000000008F
:10116000000000000000000000000000000000007F
:10117000000000000000000000000000000000006F
:10118000000000000000000000000000000000005F
:10119000000000000000000000000000000000004F
:1011A000000000000000000000000000000000003F
:1011B000000000000000000000000000000000002F
:1011C000000000000000000000000000000000001F
:1011D000000000000000000000000000000000000F
:1011E00000000000000000000000000000000000FF
:1011F00000000000000000000000000000000000EF
:1012000000000000000000000000000000000000DE
:1012100000000000000000000000000000000000CE
:1012200000000000000000000000000000000000BE
:1012300000000000000000000000000000000000AE
:10124000000000000000000000000000000000009E
:10125000000000000000000000000000000000008E
:10126000000000000000000000000000000000007E
:101270000000000000659A95293F9A9A8E95165BAA
:101280005B6C6C6C9595618541726F31745DF91D75
:101290001DD7D7D73333334A3535353582828282ED
:1012A00082353333DEDEDEDEDEDEDEDEDEDEDEDEB9
:1012B000DEDEDEDEDEDEDED935D9333333333535FF
:1012C000F5F53939C310D80808D0630783FB46FB0E
:1012D000FBFBFBB7B7B7FB46D4D49AB40E8E348E63
:1012E000B4B4000000000000000000000000000096
:1012F00000000000000000000000000000000000EE
:1013000000000000000000000000000000000000DD
:1013100000000000000000000000000000000000CD
:1013200000000000000000000000000000000000BD
:1013300000000000000000000000000000000000AD
:10134000000000000000000000000000000000009D
:10135000000000000000000000000000000000008D
:10136000000000000000000000000000000000007D
:10137000000000000000000000000000000000006D
:10138000000000000000000000000000000000005D
:10139000000000000000000000000000000000004D
:1013A000000000000000000000000000000000003D
:1013B000000000000000000000000000000000002D
:1013C000000000000000000000000000000000001D
:1013D000000000000000000000000000000000000D
:1013E00000000000000000000000000000000000FD
:1013F00000000000000000000000000000000000ED
:101400000000000000000000000000009429BACE97
:10141000CE29CE348E95166C16161695165BBB0724
:101420006FF033D7F9D7D7D7F8F8BFBFBFBFBF35F5
:10143000353535353535353535353535353535355C
:101440003535353535350303353535353535030314
:101450003535350303030303353535D9D9BF391085
:1014600010D808887A3063BD814646FBF7FBFB81C4
:101470008181464691643F3F3F34649A9A00000060
:10148000000000000000000000000000000000005C
:10149000000000000000000000000000000000004C
:1014A000000000000000000000000000000000003C
:1014B000000000000000000000000000000000002C
:1014C000000000000000000000000000000000001C
:1014D000000000000000000000000000000000000C
:1014E00000000000000000000000000000000000FC
:1014F00000000000000000000000000000000000EC
:1015000000000000000000000000000000000000DB
:1015100000000000000000000000000000000000CB
:1015200000000000000000000000000000000000BB
:1015300000000000000000000000000000000000AB
:10154000000000000000000000000000000000009B
:10155000000000000000000000000000000000008B
:10156000000000000000000000000000000000007B
:10157000000000000000000000000000000000006B
:10158000000000000000000000000000000000005B
:10159000000000000000000000000000000000004B
:1015A000000000CECE94944F29CE0A8A95951695C8
:1015B0006161615B1638ED09557A5D5DD7F8F8CC4D
:1015C000CCCC4935353535353503033535353535ED
:1015D00035353535353535353535353535353535BB
:1015E0003535353535353503033535356B6B6B6B37
:1015F0006B030303B8B8D9B8D9BF3910D8D8D80805
:101600007A3EA7E746FBFBFBFBFBFBFBFBFB4691A4
:101610009AB43F9A34176565CE00000000000000C0
:1016200000000000000000000000000000000000BA
:1016300000000000000000000000000000000000AA
:10164000000000000000000000000000000000009A
:10165000000000000000000000000000000000008A
:10166000000000000000000000000000000000007A
:10167000000000000000000000000000000000006A
:10168000000000000000000000000000000000005A
:10169000000000000000000000000000000000004A
:1016A000000000000000000000000000000000003A
:1016B000000000000000000000000000000000002A
:1016C000000000000000000000000000000000001A
:1016D000000000000000000000000000000000000A
:1016E00000000000000000000000000000000000FA
:1016F00000000000000000000000000000000000EA
:1017000000000000000000000000000000000000D9
:1017100000000000000000000000000000000000C9
:1017200000000000000000000000000000000000B9
:10173000000000000000000000000065CE8A944F09
:1017400094348A1616161616959595610C723E33CA
:10175000D8F9D7F8F8F8CCCCCCCCCC4903030303A8
:10176000030335353535353535353535353535358D
:101770003535353535353535353535353535353519
:1017800035350303030303030303030303B8B8B8A6
:10179000B8B8D933BFBFA81DC3D87DD0F0C7418129
:1017A000FBFB54B7B7FBFBB746463434B46446D4AE
:1017B00065646500000000000000000000000000FB
:1017C0000000000000000000000000000000000019
:1017D0000000000000000000000000000000000009
:1017E00000000000000000000000000000000000F9
:1017F00000000000000000000000000000000000E9
:1018000000000000000000000000000000000000D8
:1018100000000000000000000000000000000000C8
:1018200000000000000000000000000000000000B8
:1018300000000000000000000000000000000000A8
:101840000000000000000000000000000000000098
:101850000000000000000000000000000000000088
:101860000000000000000000000000000000000078
:101870000000000000000000000000000000000068
:101880000000000000000000000000000000000058
:101890000000000000000000000000000000000048
:1018A0000000000000000000000000000000000038
:1018B0000000000000000000000000000000000028
:1018C0000000000000000000000000000000000018
:1018D0000000CECECE0A29CE0A0A95166C6C6C1684
:1018E00016E78A38A724557DD81D1D1DF886CCCC57
:1018F0004949494949030303030303353535353560
:101900003535353535353535353535353535353587
:10191000353535353535353535353503030335350D
:10192000350303030303B8B8B8B8B835333535F514
:10193000A8A8C3C3D87D085509BD5946FBFB54B7B9
:10194000B7B7818146349A6464646C9A9A9A0000AD
:101950000000000000000000000000000000000087
:101960000000000000000000000000000000000077
:101970000000000000000000000000000000000067
:101980000000000000000000000000000000000057
:101990000000000000000000000000000000000047
:1019A0000000000000000000000000000000000037
:1019B0000000000000000000000000000000000027
:1019C0000000000000000000000000000000000017
:1019D0000000000000000000000000000000000007
:1019E00000000000000000000000000000000000F7
:1019F00000000000000000000000000000000000E7
:101A000000000000000000000000000000000000D6
:101A100000000000000000000000000000000000C6
:101A200000000000000000000000000000000000B6
:101A300000000000000000000000000000000000A6
:101A40000000000000000000000000000000000096
:101A50000000000000000000000000000000000086
:101A6000000000000000000000006529290A4F94D2
:101A70008A16166C16166C6C16959CA7D1ACF4F4ED
:101A8000F9D7BF35F83535DE0349494949490303DC
:101A900003030303353535353535353535353535BE
:101AA00035353535353535353535353535353535E6
:101AB000353535353535353535350303030303B84D
:101AC000B8B8B8B80335CC353535BFBFBFD7C3C3F9
:101AD000D80855AE72E8FBFBB7B7B7B7B7FBFB4604
:101AE0006564292929612934CE0000000000000026
:101AF00000000000000000000000000000000000E6
:101B000000000000000000000000000000000000D5
:101B100000000000000000000000000000000000C5
:101B200000000000000000000000000000000000B5
:101B300000000000000000000000000000000000A5
:101B40000000000000000000000000000000000095
:101B50000000000000000000000000000000000085
:101B60000000000000000000000000000000000075
:101B70000000000000000000000000000000000065
:101B80000000000000000000000000000000000055
:101B90000000000000000000000000000000000045
:101BA0000000000000000000000000000000000035
:101BB0000000000000000000000000000000000025
:101BC0000000000000000000000000000000000015
:101BD0000000000000000000000000000000000005
:101BE00000000000000000000000000000000000F5
:101BF00000000000000000000000000000000000E5
:101C00000000659A8E29290A8A165757A4165B5B2D
:101C1000BA16388B991FF4D7D7F8F8868649494900
:101C200049494949494949494949CCCC86030303B3
:101C300003033535353535353535353535353535B8
:101C400035353535353535353535353535350303A8
:101C500003030303030303030303030303033535F0
:101C60003535350303353535BFD7F9D8D81F0FEDD6
:101C7000E7FBF754FBFBB2B26181349A9AB43F346C
:101C8000160A340000000000000000000000000000
:101C90000000000000000000000000000000000044
:101CA0000000000000000000000000000000000034
:101CB0000000000000000000000000000000000024
:101CC0000000000000000000000000000000000014
:101CD0000000000000000000000000000000000004
:101CE00000000000000000000000000000000000F4
:101CF00000000000000000000000000000000000E4
:101D000000000000000000000000000000000000D3
:101D100000000000000000000000000000000000C3
:101D200000000000000000000000000000000000B3
:101D300000000000000000000000000000000000A3
:101D40000000000000000000000000000000000093
:101D50000000000000000000000000000000000083
:101D60000000000000000000000000000000000073
:101D70000000000000000000000000000000000063
:101D80000000000000000000000000000000000053
:101D900000000000000000000000CE29CE29CE8EF9
:101DA0008A166C576C1616161638787939B337D7E9
:101DB000F8F8F88686CC4949494949494949494989
:101DC000494949CCCC860303030303353535353502
:101DD00035353535353535353535353535353535B3
:101DE0003535353535353503030303030303030365
:101DF00003030303030303353535353503030303B9
:101E0000353535BFD7F9D87D5566FCBBB7FBFBB27E
:101E1000F76195818E349A2929296C2934000000B4
:101E200000000000000000000000000000000000B2
:101E300000000000000000000000000000000000A2
:101E40000000000000000000000000000000000092
:101E50000000000000000000000000000000000082
:101E60000000000000000000000000000000000072
:101E70000000000000000000000000000000000062
:101E80000000000000000000000000000000000052
:101E90000000000000000000000000000000000042
:101EA0000000000000000000000000000000000032
:101EB0000000000000000000000000000000000022
:101EC0000000000000000000000000000000000012
:101ED0000000000000000000000000000000000002
:101EE00000000000000000000000000000000000F2
:101EF00000000000000000000000000000000000E2
:101F000000000000000000000000000000000000D1
:101F100000000000000000000000000000000000C1
:101F200000000000000000000000000000000000B1
:101F30000000CE8E34340A8E95166C57576C5B16A3
:101F40009C58D110F9371D1DF88686868649CC49E4
:101F5000494949494949494949494949CCCC8603F4
:101F600003030303353535353535353535353535E9
:101F70003535353535353535353535353535353511
:101F80000303030303030303030303030303030321
:101F9000353535353503030303033535BFBF3910F8
:101FA00039D87A7A666E46FBF7F7F78E81818E34E0
:101FB000CE2929298E6C293F000000000000000076
:101FC0000000000000000000000000000000000011
:101FD0000000000000000000000000000000000001
:101FE00000000000000000000000000000000000F1
:101FF00000000000000000000000000000000000E1
:1020000000000000000000000000000000000000D0
:1020100000000000000000000000000000000000C0
:1020200000000000000000000000000000000000B0
:1020300000000000000000000000000000000000A0
:102040000000000000000000000000000000000090
:102050000000000000000000000000000000000080
:102060000000000000000000000000000000000070
:102070000000000000000000000000000000000060
:102080000000000000000000000000000000000050
:102090000000000000000000000000000000000040
:1020A0000000000000000000000000000000000030
:1020B0000000000000000000000000000000000020
:1020C000000000000000000000CE9A1629CE348ADD
:1020D000166C57576C1616169C787510371D4A4AA1
:1020E00086CC8686494949CC49494949CCCCCCCC97
:1020F000CCCCCCCCCCCCCC8635353535353535351E
:10210000353535353535353535353535353535357F
:10211000353535353535353535353535353535356F
:1021200035353535353535353535353535350303C3
:102130000303030335353535BFA8C310D87AD03E25
:102140000759FBFB81818195958E3429293F3F0AF0
:1021500006AF0000000000000000000000000000CA
:10216000000000000000000000000000000000006F
:10217000000000000000000000000000000000005F
:10218000000000000000000000000000000000004F
:10219000000000000000000000000000000000003F
:1021A000000000000000000000000000000000002F
:1021B000000000000000000000000000000000001F
:1021C000000000000000000000000000000000000F
:1021D00000000000000000000000000000000000FF
:1021E00000000000000000000000000000000000EF
:1021F00000000000000000000000000000000000DF
:1022000000000000000000000000000000000000CE
:1022100000000000000000000000000000000000BE
:1022200000000000000000000000000000000000AE
:10223000000000000000000000000000000000009E
:10224000000000000000000000000000000000008E
:10225000000000000000000000000000000000007E
:102260000065298EAF29CE8E166C57576C16166CEA
:1022700038A003371D1DA8F835350386864949491E
:10228000CC49494949CCCCCCCCCCCCCCCCCCCCCC9A
:10229000863535353535353535353535353535359D
:1022A00035353535353535353535353535353535DE
:1022B00035353535353535353535353535353535CE
:1022C0003535353535353503030303030303030380
:1022D000353335BFBF101010D855AEBD348E8E8E3D
:1022E00081958A8E34CE3F3FAFAF060600000000D6
:1022F00000000000000000000000000000000000DE
:1023000000000000000000000000000000000000CD
:1023100000000000000000000000000000000000BD
:1023200000000000000000000000000000000000AD
:10233000000000000000000000000000000000009D
:10234000000000000000000000000000000000008D
:10235000000000000000000000000000000000007D
:10236000000000000000000000000000000000006D
:10237000000000000000000000000000000000005D
:10238000000000000000000000000000000000004D
:10239000000000000000000000000000000000003D
:1023A000000000000000000000000000000000002D
:1023B000000000000000000000000000000000001D
:1023C000000000000000000000000000000000000D
:1023D00000000000000000000000000000000000FD
:1023E00000000000000000000000000000000000ED
:1023F000000000000000000000CE299CAF4F348A8E
:10240000E79C6C6C6C6C1657727974371DE04A351A
:10241000353503034949494949CC49494949CCCC57
:10242000CCCCCCCC35353535353535353535353500
:10243000353535353535353535353535353535354C
:10244000353535353535353535353535353535353C
:10245000353535353535353535353535353535352C
:10246000030303B8B803030303033533333374742E
:1024700039C3D87AB527BB8E46259595958A0A65C6
:1024800029AF0606DB060000000000000000000087
:10249000000000000000000000000000000000003C
:1024A000000000000000000000000000000000002C
:1024B000000000000000000000000000000000001C
:1024C000000000000000000000000000000000000C
:1024D00000000000000000000000000000000000FC
:1024E00000000000000000000000000000000000EC
:1024F00000000000000000000000000000000000DC
:1025000000000000000000000000000000000000CB
:1025100000000000000000000000000000000000BB
:1025200000000000000000000000000000000000AB
:10253000000000000000000000000000000000009B
:10254000000000000000000000000000000000008B
:10255000000000000000000000000000000000007B
:10256000000000000000000000000000000000006B
:10257000000000000000000000000000000000005B
:10258000000000000000000000000000000000004B
:1025900000CE290A3FCE8E59E7A49C6C61B26C9C98
:1025A0002730F9F91D1DF886868649494949494968
:1025B0004949CC49494949494949CCCCCC353535BB
:1025C00035353535353535353535353535353535BB
:1025D00035353535353535353535353535353535AB
:1025E000353535353535353535353535353535359B
:1025F0003535353535353535350303030303353585
:1026000035353535DEDEDE3333BF101010D8D8F067
:10261000BD25B28DB2B2958A8E8E293F063FDB066C
:1026200000000000000000000000000000000000AA
:10263000000000000000000000000000000000009A
:10264000000000000000000000000000000000008A
:10265000000000000000000000000000000000007A
:10266000000000000000000000000000000000006A
:10267000000000000000000000000000000000005A
:10268000000000000000000000000000000000004A
:10269000000000000000000000000000000000003A
:1026A000000000000000000000000000000000002A
:1026B000000000000000000000000000000000001A
:1026C000000000000000000000000000000000000A
:1026D00000000000000000000000000000000000FA
:1026E00000000000000000000000000000000000EA
:1026F00000000000000000000000000000000000DA
:1027000000000000000000000000000000000000C9
:1027100000000000000000000000000000000000B9
:10272000000000000000000000CECE8AAF293495E2
:102730009C9C9C5902612158A05DF9D7F8F8F88655
:102740004949494949494949494949CC4949494976
:10275000494949CCCCCC3535353535353535353528
:102760003535353535353535353535353535353519
:102770003535353535353535353535353535353509
:1027800035353535353535353535353535353535F9
:1027900035350303030303353535353535DEDEDEE8
:1027A000DE33D9D93910D8D8089DC7570A46F7F76C
:1027B000B2958A8E9AB43FDBDBB9000000000000BE
:1027C0000000000000000000000000000000000009
:1027D00000000000000000000000000000000000F9
:1027E00000000000000000000000000000000000E9
:1027F00000000000000000000000000000000000D9
:1028000000000000000000000000000000000000C8
:1028100000000000000000000000000000000000B8
:1028200000000000000000000000000000000000A8
:102830000000000000000000000000000000000098
:102840000000000000000000000000000000000088
:102850000000000000000000000000000000000078
:102860000000000000000000000000000000000068
:102870000000000000000000000000000000000058
:102880000000000000000000000000000000000048
:102890000000000000000000000000000000000038
:1028A0000000000000000000000000000000000028
:1028B0000000000000000000000000000000000018
:1028C00000CECE8A4FCE8A166C9CE7165959167BDD
:1028D000665D371DF8F8F8868649494949494949EE
:1028E00049494949CCCCCC49494949CCCCCCCC35D7
:1028F0003535BF35353535353535353535353535FE
:102900003535353535353535353535353535353577
:102910003535353535353535353535353535353567
:102920003535353535353535353535353535353557
:10293000353535353535DEDEDEDEDED9D9D9D93966
:1029400010C3D87A66A78E46F7B7B79581469164CB
:10295000F60606B9000000000000000000000000BC
:102960000000000000000000000000000000000067
:102970000000000000000000000000000000000057
:102980000000000000000000000000000000000047
:102990000000000000000000000000000000000037
:1029A0000000000000000000000000000000000027
:1029B0000000000000000000000000000000000017
:1029C0000000000000000000000000000000000007
:1029D00000000000000000000000000000000000F7
:1029E00000000000000000000000000000000000E7
:1029F00000000000000000000000000000000000D7
:102A000000000000000000000000000000000000C6
:102A100000000000000000000000000000000000B6
:102A200000000000000000000000000000000000A6
:102A30000000000000000000000000000000000096
:102A40000000000000000000000000000000000086
:102A50000000000000000000004FCECE4FCE8A16CE
:102A60006C579C595995E772305DF91DF8F8F8CC10
:102A7000CCCCCC49494949494949494949CCCCCCB4
:102A800049494949CCCCCCF8BFBFBFBFBF3535356C
:102A900035353535353535353535353535353535E6
:102AA00035353535353535353535353535353535D6
:102AB00035353535353535353535353535353535C6
:102AC00035353535353535353535353535353533B8
:102AD00033DEDEDED9D9D9D9BF39D7C3D87A307839
:102AE000E746D4FB81B7B78191B43DB9062F00000A
:102AF00000000000000000000000000000000000D6
:102B000000000000000000000000000000000000C5
:102B100000000000000000000000000000000000B5
:102B200000000000000000000000000000000000A5
:102B30000000000000000000000000000000000095
:102B40000000000000000000000000000000000085
:102B50000000000000000000000000000000000075
:102B60000000000000000000000000000000000065
:102B70000000000000000000000000000000000055
:102B80000000000000000000000000000000000045
:102B90000000000000000000000000000000000035
:102BA0000000000000000000000000000000000025
:102BB0000000000000000000000000000000000015
:102BC0000000000000000000000000000000000005
:102BD00000000000000000000000000000000000F5
:102BE00000000000000000000000000000000000E5
:102BF00000CECE0AAF4F8A16166C6C0261619CE261
:102C0000305DD71DF8F833CCCCCCCCCC4949494900
:102C1000494949494949CCCCCC4949CCCCCC868698
:102C2000F8747474BFBFBF35353535353535353536
:102C30003535353535353535353535353535353544
:102C40003535353535353535353535353535353534
:102C50003535353535353535353535353535353524
:102C600035353535353535353333DEDEDED9D9D931
:102C7000D9D9D9333939107D10D10CFBFB46B7B700
:102C8000B7FB4606B9B9F62F0000000000000000AF
:102C90000000000000000000000000000000000034
:102CA0000000000000000000000000000000000024
:102CB0000000000000000000000000000000000014
:102CC0000000000000000000000000000000000004
:102CD00000000000000000000000000000000000F4
:102CE00000000000000000000000000000000000E4
:102CF00000000000000000000000000000000000D4
:102D000000000000000000000000000000000000C3
:102D100000000000000000000000000000000000B3
:102D200000000000000000000000000000000000A3
:102D30000000000000000000000000000000000093
:102D40000000000000000000000000000000000083
:102D50000000000000000000000000000000000073
:102D60000000000000000000000000000000000063
:102D70000000000000000000000000000000000053
:102D80000000000000000000004F4F0A3F6595164C
:102D90006C9C3C3C5B169C8B74F9D7D7F8F8CCCC78
:102DA000CCCCCCCC868686494949494949494949D0
:102DB0004949CCCCCCB8B8D9B89E31757575AA99AB
:102DC0009E82F5F5F5BF353533333503033535359B
:102DD00035353535353535353535353535353535A3
:102DE0003535353535353535353535353535353593
:102DF0003535353535353535353535353535353583
:102E000035353535353535B8B8B8B8B8D9D9BFBF87
:102E1000103739247B61F7F72561616146912FF600
:102E2000FB2F000000000000000000000000000078
:102E30000000000000000000000000000000000092
:102E40000000000000000000000000000000000082
:102E50000000000000000000000000000000000072
:102E60000000000000000000000000000000000062
:102E70000000000000000000000000000000000052
:102E80000000000000000000000000000000000042
:102E90000000000000000000000000000000000032
:102EA0000000000000000000000000000000000022
:102EB0000000000000000000000000000000000012
:102EC0000000000000000000000000000000000002
:102ED00000000000000000000000000000000000F2
:102EE00000000000000000000000000000000000E2
:102EF00000000000000000000000000000000000D2
:102F000000000000000000000000000000000000C1
:102F100000000000000000000000000000000000B1
:102F2000004F4FA4AFCE8E166C6C6C5B5B16386F87
:102F3000D0D7D7D7F8F8CCCCCCCCCCCCCC86868626
:102F4000494949494949494936364986CCCC74DE14
:102F5000AA79BCA0A0A0A0A0BC247599D9BF353582
:102F600003353535030335353535353535353535A7
:102F70003535353535353535353535353535353501
:102F800035353535353535353535353535353535F1
:102F900035353535353535353535353535353535E1
:102FA000B8B8B8B8B8B8D9D9BFBF1DC310F01E168D
:102FB000F7F7B2B261B7B7912FF62F2F00000000DC
:102FC0000000000000000000000000000000000001
:102FD00000000000000000000000000000000000F1
:102FE00000000000000000000000000000000000E1
:102FF00000000000000000000000000000000000D1
:1030000000000000000000000000000000000000C0
:1030100000000000000000000000000000000000B0
:1030200000000000000000000000000000000000A0
:103030000000000000000000000000000000000090
:103040000000000000000000000000000000000080
:103050000000000000000000000000000000000070
:103060000000000000000000000000000000000060
:103070000000000000000000000000000000000050
:103080000000000000000000000000000000000040
:103090000000000000000000000000000000000030
:1030A0000000000000000000000000000000000020
:1030B00000000000000000000000CE29AFCE0A95FD
:1030C0006C9C57616195A4A05D10D7F8F8F8CCCC42
:1030D000CCCCCCCCCCCC8686864949494949494997
:1030E0004936363686CCDE312409A0A00909090903
:1030F000A0A0A0A0A079B503038235828203033586
:10310000353535353535353535353535353535356F
:10311000353535353535353535353535353535355F
:10312000353535353535353535353535353535354F
:10313000353535353535353535B8B8B8B8B803B85F
:1031400035D9D9BF393910302702FBF7B261E8E829
:10315000FB91F6B4FB9200000000000000000000AC
:10316000000000000000000000000000000000005F
:10317000000000000000000000000000000000004F
:10318000000000000000000000000000000000003F
:10319000000000000000000000000000000000002F
:1031A000000000000000000000000000000000001F
:1031B000000000000000000000000000000000000F
:1031C00000000000000000000000000000000000FF
:1031D00000000000000000000000000000000000EF
:1031E00000000000000000000000000000000000DF
:1031F00000000000000000000000000000000000CF
:1032000000000000000000000000000000000000BE
:1032100000000000000000000000000000000000AE
:10322000000000000000000000000000000000009E
:10323000000000000000000000000000000000008E
:10324000000000000000000000000000000000007E
:103250000000928A3F290A956C161661611638A003
:1032600074C31DF8F8F8CCCCCCCC4949494949CCB9
:10327000868649494949494949493686CCDEF02480
:10328000090909090909090909090909A0A0A009E9
:10329000791A03B8828203030303033535353535C4
:1032A00035353535353535353535353535353535CE
:1032B00035353535353535353535353535353535BE
:1032C00035353535353535353535353535353535AE
:1032D0003535D9D9B8B8B8B8B835D9D9BFBFA8C36A
:1032E000C3336FBBFBF7B2E8E8E8FB91B4DB649251
:1032F00000000000000000000000000000000000CE
:1033000000000000000000000000000000000000BD
:1033100000000000000000000000000000000000AD
:10332000000000000000000000000000000000009D
:10333000000000000000000000000000000000008D
:10334000000000000000000000000000000000007D
:10335000000000000000000000000000000000006D
:10336000000000000000000000000000000000005D
:10337000000000000000000000000000000000004D
:10338000000000000000000000000000000000003D
:10339000000000000000000000000000000000002D
:1033A000000000000000000000000000000000001D
:1033B000000000000000000000000000000000000D
:1033C00000000000000000000000000000000000FD
:1033D00000000000000000000000000000000000ED
:1033E0000000000000000000000006CEB92934955E
:1033F0006C6C161695599CBC5DD71D4AF833CCCC25
:10340000CCCCCC4949494949CC86864949494949A6
:103410004949490303DE6609090909090909BCBCD0
:10342000BCBCBC0909A0A0A0A0A024B5350303031F
:103430000303030335353535353535353535353504
:10344000353535353535353535353535353535352C
:10345000353535353535353535353535353535351C
:103460003535353535353535353535D9D9B8B8B83B
:10347000B8B8B8B8B8D9D9F5A8D7C310AE83E86141
:1034800054E8E8E8FB9164DBD4B4000000000000DD
:10349000000000000000000000000000000000002C
:1034A000000000000000000000000000000000001C
:1034B000000000000000000000000000000000000C
:1034C00000000000000000000000000000000000FC
:1034D00000000000000000000000000000000000EC
:1034E00000000000000000000000000000000000DC
:1034F00000000000000000000000000000000000CC
:1035000000000000000000000000000000000000BB
:1035100000000000000000000000000000000000AB
:10352000000000000000000000000000000000009B
:10353000000000000000000000000000000000008B
:10354000000000000000000000000000000000007B
:10355000000000000000000000000000000000006B
:10356000000000000000000000000000000000005B
:10357000000000000000000000000000000000004B
:1035800000000606063FCE8A6C6C6C16BA95BBA08E
:10359000395DD71DF8CCCC0303CC0303030303032D
:1035A0000303030303030303498249CCDEB5793ED9
:1035B00009090909090909090909090909A0A0A0B6
:1035C000A0A0A0A079B5350335353535353535356D
:1035D000353535353535353535353535353535359B
:1035E000353535353535353535353535353535358B
:1035F000353535353535353535353535353535357B
:1036000035353535D9D9353535B8B8B8B8B803B842
:103610008235BFBFC310AE19E8B261E8E861FB8D27
:103620002FB42FB4000000000000000000000000D4
:10363000000000000000000000000000000000008A
:10364000000000000000000000000000000000007A
:10365000000000000000000000000000000000006A
:10366000000000000000000000000000000000005A
:10367000000000000000000000000000000000004A
:10368000000000000000000000000000000000003A
:10369000000000000000000000000000000000002A
:1036A000000000000000000000000000000000001A
:1036B000000000000000000000000000000000000A
:1036C00000000000000000000000000000000000FA
:1036D00000000000000000000000000000000000EA
:1036E00000000000000000000000000000000000DA
:1036F00000000000000000000000000000000000CA
:1037000000000000000000000000000000000000B9
:10371000000000000000000000000E060E3F290A15
:10372000E7E759169516E7097AD7D7D7F8F886CC80
:10373000030303030335353535350303030303035F
:1037400003829EB8033079093E090909090909096C
:10375000090909090909A0A0A0A0A0A0A0A066DEEF
:10376000033535353535030335353535353535359F
:1037700035353535353535353535353535353535F9
:1037800035353535353535353535353535353535E9
:1037900035353535353535353535353535353535D9
:1037A0003535D9D9B8B8B8B803033535BF10C35DBE
:1037B000F06E85B2E8E861B246916476FBB4000031
:1037C00000000000000000000000000000000000F9
:1037D00000000000000000000000000000000000E9
:1037E00000000000000000000000000000000000D9
:1037F00000000000000000000000000000000000C9
:1038000000000000000000000000000000000000B8
:1038100000000000000000000000000000000000A8
:103820000000000000000000000000000000000098
:103830000000000000000000000000000000000088
:103840000000000000000000000000000000000078
:103850000000000000000000000000000000000068
:103860000000000000000000000000000000000058
:103870000000000000000000000000000000000048
:103880000000000000000000000000000000000038
:103890000000000000000000000000000000000028
:1038A0000000000000000000000000000000000018
:1038B0000000003F343F3F348AE7E7E78A8195C73D
:1038C00074D7D7D7F8CCCCCC030303030303353527
:1038D00035353503030303030303828203DE7909CD
:1038E000090909090909090909090909090909A0B1
:1038F000A0A0A0A0A0A0A0BCB503353535353503E8
:103900000335353535353535353535353535353599
:103910003535353535353535353535353535353557
:103920003535353535353535353535353535353547
:103930003535353535353535353535D9D9B8B8B866
:10394000B80303B83535BF391010666E85E8E8E86E
:1039500061B2FB91B42F2F3F000000000000000077
:103960000000000000000000000000000000000057
:103970000000000000000000000000000000000047
:103980000000000000000000000000000000000037
:103990000000000000000000000000000000000027
:1039A0000000000000000000000000000000000017
:1039B0000000000000000000000000000000000007
:1039C00000000000000000000000000000000000F7
:1039D00000000000000000000000000000000000E7
:1039E00000000000000000000000000000000000D7
:1039F00000000000000000000000000000000000C7
:103A000000000000000000000000000000000000B6
:103A100000000000000000000000000000000000A6
:103A20000000000000000000000000000000000096
:103A30000000000000000000000000000000000086
:103A40000000000000000000000000CF3F3F0629FA
:103A5000816C16E78AD28AE27473A874F8CCCCCC55
:103A600049030303353535353535353535353503BA
:103A70000303030303DE0F3E0909090909090909C4
:103A80000909090909090909A0A0A0A0A0A0A0A0EE
:103A9000A0241A0335353535030335353535030391
:103AA00035353535353535353535353535353535C6
:103AB00035353535353535353535353535353535B6
:103AC00035353535353535353535353535353535A6
:103AD00035353535D9D9D9D9D9B80303030303D935
:103AE000D939C310566EB7F7E8E8E8E8B7912FB9AF
:103AF0003F3F000000000000000000000000000048
:103B000000000000000000000000000000000000B5
:103B100000000000000000000000000000000000A5
:103B20000000000000000000000000000000000095
:103B30000000000000000000000000000000000085
:103B40000000000000000000000000000000000075
:103B50000000000000000000000000000000000065
:103B60000000000000000000000000000000000055
:103B70000000000000000000000000000000000045
:103B80000000000000000000000000000000000035
:103B90000000000000000000000000000000000025
:103BA0000000000000000000000000000000000015
:103BB0000000000000000000000000000000000005
:103BC00000000000000000000000000000000000F5
:103BD00000000000000000000000000000000000E5
:103BE000000000063F0E062934B759958A8A8A1EBE
:103BF000DED7A84AF8CCCC4949490303033535350B
:103C000035353535353535350303030303DE313EB0
:103C10003E3E0909090909090909090909090909AA
:103C200009A0A0A0A0A0A0A0096FA031BF35353584
:103C300035030335353535030335353535353535FC
:103C40003535353535353535353535353535353524
:103C50003535353535353535353535353535353514
:103C600035353535353535353535353535D9D9D918
:103C7000D9D9B803030303B8B8D9D9BFC310666E46
:103C800085E8E8E8E8B7FB913F3F3F060000000009
:103C90000000000000000000000000000000000024
:103CA0000000000000000000000000000000000014
:103CB0000000000000000000000000000000000004
:103CC00000000000000000000000000000000000F4
:103CD00000000000000000000000000000000000E4
:103CE00000000000000000000000000000000000D4
:103CF00000000000000000000000000000000000C4
:103D000000000000000000000000000000000000B3
:103D100000000000000000000000000000000000A3
:103D20000000000000000000000000000000000093
:103D30000000000000000000000000000000000083
:103D40000000000000000000000000000000000073
:103D50000000000000000000000000000000000063
:103D60000000000000000000000000000000000053
:103D700000000000000000000000000ECFC5063F5C
:103D800034955995818AD26E311D1DF8F886CC493B
:103D9000494949030303353535353535353535352D
:103DA000350303030303B524093E3E090909090944
:103DB00009090909090909090909A0A0A0A0A0A0E9
:103DC000A0096F6F75BF353535350303353535358A
:103DD00003033535353535353535353535353535F7
:103DE0003535353535353535353535353535353583
:103DF0003535353535353535353535353535353573
:103E0000353535353535D9D9D9D9D9B80303030373
:103E10006BB8B8D933BFE0BFF0C485F7E8E8E8B7BE
:103E2000B7CE3F3F3F3F0000000000000000000011
:103E30000000000000000000000000000000000082
:103E40000000000000000000000000000000000072
:103E50000000000000000000000000000000000062
:103E60000000000000000000000000000000000052
:103E70000000000000000000000000000000000042
:103E80000000000000000000000000000000000032
:103E90000000000000000000000000000000000022
:103EA0000000000000000000000000000000000012
:103EB0000000000000000000000000000000000002
:103EC00000000000000000000000000000000000F2
:103ED00000000000000000000000000000000000E2
:103EE00000000000000000000000000000000000D2
:103EF00000000000000000000000000000000000C2
:103F000000000000000000000000000000000000B1
:103F100000000000923FDF3FCE8A1659958A0A586A
:103F2000755DD7F8F886864949CCCCCC86353535D1
:103F30003535030303030303030303030303DE0F06
:103F40003E090909090909090909090909090909AC
:103F5000090909A0A0A0A0A0A0A0A0A0A02474333B
:103F60003535DE3535353535353535353535353558
:103F700035353535353535353535353535353535F1
:103F800035353535D9D9D9D9D935353535353535AD
:103F900035353535353535353535353535353535D1
:103FA000353503030303030303B8B8B835D9BF7429
:103FB00010107919E8E8E8E8E8E88129063F3F3F72
:103FC00000000000000000000000000000000000F1
:103FD00000000000000000000000000000000000E1
:103FE00000000000000000000000000000000000D1
:103FF00000000000000000000000000000000000C1
:1040000000000000000000000000000000000000B0
:1040100000000000000000000000000000000000A0
:104020000000000000000000000000000000000090
:104030000000000000000000000000000000000080
:104040000000000000000000000000000000000070
:104050000000000000000000000000000000000060
:104060000000000000000000000000000000000050
:104070000000000000000000000000000000000040
:104080000000000000000000000000000000000030
:104090000000000000000000000000000000000020
:1040A0000000000000000000000000003F9294DFCC
:1040B000298E9559955B8AA424D7D7D7F886864947
:1040C0004949CCCCCC86353535353503030303035C
:1040D000030303030303DEB5AE3E3E0909090909E4
:1040E000090909090909090909090909A0A0A0A0E4
:1040F000A0A0A0A0A0A024DE333535DE35353535AF
:10410000353535353535353535353535353535355F
:1041100035353535353535353535353535D9D9D963
:10412000D9D93535353535353535353535353535F7
:104130003535353535353535353535030303030329
:104140000303B8B8B80335D93339C3106619E8F793
:10415000E8E8E8B7342906293F29000000000000FC
:10416000000000000000000000000000000000004F
:10417000000000000000000000000000000000003F
:10418000000000000000000000000000000000002F
:10419000000000000000000000000000000000001F
:1041A000000000000000000000000000000000000F
:1041B00000000000000000000000000000000000FF
:1041C00000000000000000000000000000000000EF
:1041D00000000000000000000000000000000000DF
:1041E00000000000000000000000000000000000CF
:1041F00000000000000000000000000000000000BF
:1042000000000000000000000000000000000000AE
:10421000000000000000000000000000000000009E
:10422000000000000000000000000000000000008E
:10423000000000000000000000000000000000007E
:1042400000000000003F25AF929A81959581BA3811
:10425000A0D7371DF88686CC49CCCCCCCCCC8635C3
:104260003535353503030303030303030303030356
:104270000F3E3E3E09090909090909090909090909
:104280000909090909A0A0A0A0A0A0A0A0A0A0BC05
:1042900030330335DE35353535353535353535355E
:1042A00035353535353535353535353535353535BE
:1042B000353535353535D9D9D9D9D935353535357A
:1042C000353535353535353535353535353535359E
:1042D0003535353503030303030303B8B8B8036B5F
:1042E000B8D9D93939103EABF7F7E88561B78E9A5E
:1042F00006E7290E0000000000000000000000009A
:1043000000000000000000000000000000000000AD
:10431000000000000000000000000000000000009D
:10432000000000000000000000000000000000008D
:10433000000000000000000000000000000000007D
:10434000000000000000000000000000000000006D
:10435000000000000000000000000000000000005D
:10436000000000000000000000000000000000004D
:10437000000000000000000000000000000000003D
:10438000000000000000000000000000000000002D
:10439000000000000000000000000000000000001D
:1043A000000000000000000000000000000000000D
:1043B00000000000000000000000000000000000FD
:1043C00000000000000000000000000000000000ED
:1043D000000000000000000000000000CE293FAFF8
:1043E0003F6546B7B781460A2774371DF8F88686B9
:1043F00086CCCCCCCCCCCC863535353535030303D7
:1044000003033535350303036B793E3E3E09090945
:104410000909090909090909090909090909A0A0DE
:10442000A0A0A009A0A0A0A0BCB5330335DE3535FF
:10443000353535353535353535353535353535352C
:10444000353535353535353535353535353535D978
:10445000D9D9D9D93535353535353535353535357C
:1044600035353535353535030303030303030303BE
:1044700003030303036B6B6B6B6BD9D9D939C3335C
:104480006F02F7F7616161B734B40E812900000053
:10449000000000000000000000000000000000001C
:1044A000000000000000000000000000000000000C
:1044B00000000000000000000000000000000000FC
:1044C00000000000000000000000000000000000EC
:1044D00000000000000000000000000000000000DC
:1044E00000000000000000000000000000000000CC
:1044F00000000000000000000000000000000000BC
:1045000000000000000000000000000000000000AB
:10451000000000000000000000000000000000009B
:10452000000000000000000000000000000000008B
:10453000000000000000000000000000000000007B
:10454000000000000000000000000000000000006B
:10455000000000000000000000000000000000005B
:104560000000468D9A64643F646464646464649A81
:10457000CE8D8D8DCECE0AAF0664FBB7B7FBFB9117
:10458000A7DE371D1DBF86868686CCCCCCCCCCCC96
:1045900086353535353503030303033535350303D8
:1045A000031A243E3E3E09090909090909090909B6
:1045B00009090909090909A0A0A0A0A009A0A0A0B3
:1045C000A0BC30330335DE35353535353535353539
:1045D000353535353535353535353535353535358B
:1045E0003535353535353535D9D9D9D9D935353547
:1045F000353535353535353535353535353535356B
:1046000003030303030303030303030303036B6BAA
:104610006B6B6BB8B8D935BFD733C702F7B2B7E801
:1046200061B79A0ECE9191000000000000000000DA
:10463000000000000000000000000000000000007A
:10464000000000000000000000000000000000006A
:10465000000000000000000000000000000000005A
:10466000000000000000000000000000000000004A
:10467000000000000000000000000000000000003A
:10468000000000000000000000000000000000002A
:10469000000000000000000000000000000000001A
:1046A000000000000000000000000000000000000A
:1046B00000000000000000000000000000000000FA
:1046C00000000000000000000000000000000000EA
:1046D00000000000000000000000000000000000DA
:1046E00000000000000000000000000000000000CA
:1046F0000000000000000000000034659A9A0E9A45
:104700000E0E0E0E0E0E299A9A6525258A8E0A29FE
:1047100029CE8E818A25258E38AA37371DF8F8864E
:1047200086864949868686868686030303030303B5
:10473000030303030303030303031A793E3E3E0905
:1047400009090909090909090909090909090909D9
:10475000A0A0A0A0A009A0A0A0A024DE33DEDE338C
:1047600035353535353535353535353535353535F9
:1047700035353535353535353535353535353535E9
:1047800035D9D9D9D9D935353535353535353535A5
:10479000353535353535353535030303353535355F
:1047A00035350303B8B8B8B8B8B8B8B8B8B8B8357C
:1047B000BFBFD7B57859F7FB61B761FB91B459B466
:1047C0009100000000000000000000000000000058
:1047D00000000000000000000000000000000000D9
:1047E00000000000000000000000000000000000C9
:1047F00000000000000000000000000000000000B9
:1048000000000000000000000000000000000000A8
:104810000000000000000000000000000000000098
:104820000000000000000000000000000000000088
:104830000000000000000000000000000000000078
:104840000000000000000000000000000000000068
:104850000000000000000000000000000000000058
:104860000000000000000000000000000000000048
:104870000000000000000000000000000000000038
:104880000000000000000000000000000000000028
:10489000000029916C25913F3F3F0E0E299A9A29DD
:1048A0009A9A658D8D8D8D34CE34D28A8A8A25254B
:1048B0000A1837731DF8F886868649494986868620
:1048C000868686030303030303030303030303032F
:1048D000030303820F3E3E09090909090909090971
:1048E000090909090909090909A0A0A0A0A0A0A017
:1048F000A0A0A079333333333335353535353535ED
:104900003535353535353535353535353535353557
:1049100035353535353535353535D9D9D9D9D9D96F
:10492000D9D9D9D9353535353535353535353535A7
:10493000353503030335353535353503030303B802
:104940000303030303B8B8B8B8D9BFBFD731BDF765
:10495000FBB2B7E8B746912F819A00000000000033
:104960000000000000000000000000000000000047
:104970000000000000000000000000000000000037
:104980000000000000000000000000000000000027
:104990000000000000000000000000000000000017
:1049A0000000000000000000000000000000000007
:1049B00000000000000000000000000000000000F7
:1049C00000000000000000000000000000000000E7
:1049D00000000000000000000000000000000000D7
:1049E00000000000000000000000000000000000C7
:1049F00000000000000000000000000000000000B7
:104A000000000000000000000000000000000000A6
:104A10000000000000000000000000000000000096
:104A200000000000000000CECE9A9A9A8A9A9A64FA
:104A30009A9A9A9A9A9A343434348E8D8E258E8E20
:104A40008A8A8A8116E78A8D8DA431371D1DF8CC9C
:104A5000CC86864949498686868686860303030373
:104A600003030303030303030303030335B5243ED6
:104A70003E09090909090909090909090909090971
:104A800009090909090909A0A0A0A0A00FDEDE33C9
:104A900033333535353535353535353535353535CA
:104AA00035353535353535353535353535353535B6
:104AB000353535D9D9D9D9D9D9D9D9D9D93535353E
:104AC000353535353535353535353503030335352C
:104AD0003535353503030303B80303030303B8B8BF
:104AE000B8B803B8A81D5DAE0CFBF7F7E861FB9101
:104AF000B40EB40E00000000000000000000000032
:104B000000000000000000000000000000000000A5
:104B10000000000000000000000000000000000095
:104B20000000000000000000000000000000000085
:104B30000000000000000000000000000000000075
:104B40000000000000000000000000000000000065
:104B50000000000000000000000000000000000055
:104B60000000000000000000000000000000000045
:104B70000000000000000000000000000000000035
:104B80000000000000000000000000000000000025
:104B90000000000000000000000000000000000015
:104BA0000000000000000000000000000000000005
:104BB000000000000000000000000000000000CE27
:104BC000298A65290E299A3446464646464646466F
:104BD000468181B7258E8E8A258A95165916958A23
:104BE0008D3427F9371D4A86CCCC49494949498635
:104BF0008686868686030303030335353503030360
:104C0000030303030303DE0F3E0909090909090928
:104C10000909090909090909090909090909090904
:104C2000A0A0A0A024DE3333DEDEDE3535353535F9
:104C30003535353535353535350303353535353588
:104C4000353535353535353535353535D9D9D9D984
:104C5000D9D9D9D9D9D93535353535350303353590
:104C60003535353535353535353503030303030320
:104C700003030303B80303B8B8B8B8B8B882A8D719
:104C8000748BE8F7F7F761B7469A0E9A0E000000AA
:104C90000000000000000000000000000000000014
:104CA0000000000000000000000000000000000004
:104CB00000000000000000000000000000000000F4
:104CC00000000000000000000000000000000000E4
:104CD00000000000000000000000000000000000D4
:104CE00000000000000000000000000000000000C4
:104CF00000000000000000000000000000000000B4
:104D000000000000000000000000000000000000A3
:104D10000000000000000000000000000000000093
:104D20000000000000000000000000000000000083
:104D30000000000000000000000000000000000073
:104D40000000000000000000000000000000000063
:104D50000000000000000029299534649A0E9AD2C0
:104D60008181B7B7B7B7818125258181B7818181DD
:104D70008195951659591616BA8DCE79F4371D4A74
:104D800086CCCC494949494986868686868603036E
:104D9000030303353535030303030303030303DE72
:104DA000B566240909090909090909090909A0A021
:104DB000A0A0A0090909A0A0A009A0A0BCB5DEDEA2
:104DC000DEDEDEDE353535353535353535353535EF
:104DD00035350303353535353535353535353535E7
:104DE0003535353535D9D9D9D9D9D9D9D9D9D9350B
:104DF00035353535350303353535353535353535C7
:104E000035353503030303030303030303B8030327
:104E1000B8B8B8B8B8B8D9F8D75D6BFC95FBF7B798
:104E2000B7819A9ACF0E0E0000000000000000002B
:104E30000000000000000000000000000000000072
:104E40000000000000000000000000000000000062
:104E50000000000000000000000000000000000052
:104E60000000000000000000000000000000000042
:104E70000000000000000000000000000000000032
:104E80000000000000000000000000000000000022
:104E90000000000000000000000000000000000012
:104EA0000000000000000000000000000000000002
:104EB00000000000000000000000000000000000F2
:104EC00000000000000000000000000000000000E2
:104ED00000000000000000000000000000000000D2
:104EE0000000000000000000000000000000000EB4
:104EF0000E0ACE656534D2D281B781B7B7B7FBFB56
:104F000046464691464634348E8E9559596C59160C
:104F100016BA8D0E18F4F41D4A86CCCC494949497D
:104F20004986868686868603030303033535350363
:104F300003030303030303036BDE30F024090909B1
:104F400009090909090909A0A0A0A0A0A009090947
:104F500009096FA00931DEDEDEDEDEDEDE35353545
:104F60003535353535353535353535030335353555
:104F70003535353535353535353535353535D9D999
:104F8000D9D9D9D9D9D9D9D9353535353535030315
:104F90003535353535353535353535350303030389
:104FA000030303030303B80303B8B8B8B8B8D9338D
:104FB00033F8D7F931BDFBF7B7B7B7469A0ECFB480
:104FC0000E000000000000000000000000000000D3
:104FD00000000000000000000000000000000000D1
:104FE00000000000000000000000000000000000C1
:104FF00000000000000000000000000000000000B1
:1050000000000000000000000000000000000000A0
:105010000000000000000000000000000000000090
:105020000000000000000000000000000000000080
:105030000000000000000000000000000000000070
:105040000000000000000000000000000000000060
:105050000000000000000000000000000000000050
:105060000000000000000000000000000000000040
:105070000000000000000000000000000000000030
:1050800000000000000000063F0E0E29348E8A8AC0
:105090008AE781818181819A6464656465171764F8
:1050A000918D2525E8E85959E7E78A349AA4301FFD
:1050B000371D4A86CC8686CCCCCC868686868635BD
:1050C0003535353535353535030303030303030320
:1050D000D9D935356B3166243E0909090909090911
:1050E00009A009A0090909096F096FA079B5DEDED9
:1050F000DEDEDEDEDEDE35353535358686868686D5
:1051000086868686868682828282828203033535FF
:1051100035D9D9D9D9D9D9D9D9D9D9D9D9D9D9D9A3
:10512000D9353535353535030335353535353535EF
:105130003535030303030335353503030303030345
:1051400003030303030303B8D9D9BF39F9D7A09CDC
:1051500025FBB7B7B7469A3F259A0000000000002C
:10516000000000000000000000000000000000003F
:10517000000000000000000000000000000000002F
:10518000000000000000000000000000000000001F
:10519000000000000000000000000000000000000F
:1051A00000000000000000000000000000000000FF
:1051B00000000000000000000000000000000000EF
:1051C00000000000000000000000000000000000DF
:1051D00000000000000000000000000000000000CF
:1051E00000000000000000000000000000000000BF
:1051F00000000000000000000000000000000000AF
:10520000000000000000000000000000000000009E
:105210000000000000000000000000000000000688
:105220003F063F293495026C6C5959B754FB9117CE
:105230009A3F0E0E0E9AB43F3FDB6491F7FBB7B76F
:105240008181E78A46919AE288EC371D4A868686F4
:10525000CCCCCC86868686863535353535353535A4
:10526000350303030303030303D9D935B8D96BB559
:1052700031AA792424BCBCBCA0A0A0A0A0A0A0A05E
:10528000A0A00979B530DEDEDEDEDEDEDEDEDE3574
:1052900035353535868686868686868686868682F6
:1052A00082828282820303353535D9D9D9D9D9D9B9
:1052B000D9D9D9D9D9D9D9D9D9D935353535353536
:1052C00003033535353535353535350303030303EC
:1052D0003535350303030303030303030303030308
:1052E000B8B8D9D9BF10B310FC25F754B7E8B74602
:1052F000B4B49AB4000000000000000000000000F8
:10530000000000000000000000000000000000009D
:10531000000000000000000000000000000000008D
:10532000000000000000000000000000000000007D
:10533000000000000000000000000000000000006D
:10534000000000000000000000000000000000005D
:10535000000000000000000000000000000000004D
:10536000000000000000000000000000000000003D
:10537000000000000000000000000000000000002D
:10538000000000000000000000000000000000001D
:10539000000000000000000000000000000000000D
:1053A00000000000000000000000000000000000FD
:1053B00000000000000000063F0E3F293481020279
:1053C000020259818102BD728B18BC2479757979EA
:1053D000BC18720C46D446818181B7598A46911710
:1053E0008109ECF4734A4A8686CCCCCC86868686C4
:1053F000863535353535353535353535353535033E
:105400000303D9D9D935350303036B1AB5B5313147
:10541000AAAA0F757979242424790F311ADEDEDEE9
:10542000DEDEDEDEDEDEDEDE3535353535868686F1
:10543000868686868686868682828282828203032A
:10544000353535D9D9D9D9D9D9D9D9D9D9D9D9D9B8
:10545000D9D9D93535353535353535353535353510
:10546000353535353535353535353535353535031E
:1054700003030303B8B8B80303B8B8B8D9D9BF73E6
:10548000D831BDFBFBB7E8B781469A9A179A00005E
:10549000000000000000000000000000000000000C
:1054A00000000000000000000000000000000000FC
:1054B00000000000000000000000000000000000EC
:1054C00000000000000000000000000000000000DC
:1054D00000000000000000000000000000000000CC
:1054E00000000000000000000000000000000000BC
:1054F00000000000000000000000000000000000AC
:10550000000000000000000000000000000000009B
:10551000000000000000000000000000000000008B
:10552000000000000000000000000000000000007B
:10553000000000000000000000000000000000006B
:105540000000000000000000000000000000000E4D
:105550003F0E06B434950202E88081E7A4A324AA92
:10556000F5F5E0E0E0E07373C3B3D810316F38D2E3
:1055700034D281B7B78146911764C566EC371D4AAE
:10558000868686CCCC8686868686863535353535C4
:105590003535353535353535030303D9D9D9D9D91D
:1055A000DE03033503033503030303036B1A1A9960
:1055B000991A1A6B6B6BDEDEDEDEDEDEDEDEDEDE31
:1055C000DE353535353586868686868686868686B8
:1055D000868282828282820303030303D9D9D9D9C6
:1055E000D9D9D9D9D9D9D9D9D9D9D9D9D935353517
:1055F00035353535350303353535353535353535BF
:1056000035353535353535350303030303030303DA
:105610000303B8B8B8B8D9D9A8B3C3188AFB54E8FB
:10562000E8B7FB9164919A000000000000000000C0
:10563000000000000000000000000000000000006A
:10564000000000000000000000000000000000005A
:10565000000000000000000000000000000000004A
:10566000000000000000000000000000000000003A
:10567000000000000000000000000000000000002A
:10568000000000000000000000000000000000001A
:10569000000000000000000000000000000000000A
:1056A00000000000000000000000000000000000FA
:1056B00000000000000000000000000000000000EA
:1056C00000000000000000000000000000000000DA
:1056D00000000000000000000000000000000000CA
:1056E000000000000000003FCFC5062946950202D9
:1056F000E8E8E8BBA37982E0733973C3C339393969
:1057000039C3C3B3B3D86730E29C3446FBFBFB46D6
:1057100034299291BDDEF437F84A8686CCCC868651
:1057200086868686353535353535353535353535E5
:1057300035030303D9D9D9D9D93333333535353383
:10574000DE03DE356B036B1A1A6BDE6B03DEDE03E2
:1057500003030303DEDEDEDEDEDE3535353535867A
:1057600086868686868686868686828282828282F1
:105770000303030303D9D9D9D9D9B8B8B8D9D9D92A
:10578000D9D9D9D9D9D93535353535353535030355
:1057900035353535353535353535353535353535B9
:1057A0003503030303030303030303B8B8B8B8B80E
:1057B000D9741D37D9EDFB5454E8B7B7FB919A91D2
:1057C0009100000000000000000000000000000048
:1057D00000000000000000000000000000000000C9
:1057E00000000000000000000000000000000000B9
:1057F00000000000000000000000000000000000A9
:105800000000000000000000000000000000000098
:105810000000000000000000000000000000000088
:105820000000000000000000000000000000000078
:105830000000000000000000000000000000000068
:105840000000000000000000000000000000000058
:105850000000000000000000000000000000000048
:105860000000000000000000000000000000000038
:105870000000000000000000000000000000000028
:105880003F3F060E349516165902B738181AC3B39F
:10589000B3C3B3B3C3C3C3C33910101039C3C3D820
:1058A000D87AAE9C344646FBFB8191649165FC0836
:1058B000F4E04A4A8686CC353535353535D9D9D9DF
:1058C000D9D9F5F5F5F5F5353535353535D9D9D994
:1058D000D9D9D933D9BFD935353535353503030352
:1058E00003030303030303030303030303DEDEDEF7
:1058F000DEDEDE353335CCCC823535353535868642
:1059000086363686CCCCCCCC86B803B8B8B835351C
:1059100035353535D9D9D9D9D90303DE333333D920
:10592000D935F5F535353503033535353535353567
:105930003535353535353535353503030303030343
:105940000303B8B8B8B8B8B83535331D37F475386F
:10595000F7F7E8E861B74617819191000000000071
:105960000000000000000000000000000000000037
:105970000000000000000000000000000000000027
:105980000000000000000000000000000000000017
:105990000000000000000000000000000000000007
:1059A00000000000000000000000000000000000F7
:1059B00000000000000000000000000000000000E7
:1059C00000000000000000000000000000000000D7
:1059D00000000000000000000000000000000000C7
:1059E00000000000000000000000000000000000B7
:1059F00000000000000000000000000000000000A7
:105A00000000000000000000000000000000000096
:105A100000000000000000000E3F3F06CEE759E7FF
:105A200016B7599C1839B3B3B3B3B3B39898B3B39B
:105A3000B3C339393939393939C31F08AE57919150
:105A400046FBFB469191648E66F4371D4A86868636
:105A50003535353535D9D9D9D9D9D9F5F5F5F5F55E
:105A6000353535353535D9D9D9D9D9D9D9D9D9D97E
:105A7000D935353535350303030303030303030326
:105A8000030303030303DEDEDEDEDEDE333586865C
:105A9000864A4A4A4A4A8286868636368686868676
:105AA0008686B8B80303036B6B6B030303030335EC
:105AB000D9D9CCCC0333BF33D9D9D9F5F535353560
:105AC00003030303030303030303030303030303A6
:105AD0000303030303030303030303030303030396
:105AE000030303F8F83737F92761F7E8E802E8FB22
:105AF00046B491910000000000000000000000008A
:105B00000000000000000000000000000000000095
:105B10000000000000000000000000000000000085
:105B20000000000000000000000000000000000075
:105B30000000000000000000000000000000000065
:105B40000000000000000000000000000000000055
:105B50000000000000000000000000000000000045
:105B60000000000000000000000000000000000035
:105B70000000000000000000000000000000000025
:105B80000000000000000000000000000000000015
:105B90000000000000000000000000000000000005
:105BA00000000000000000000000000000000000F5
:105BB000002981069A349559E7B754BBA039B3B38D
:105BC000B3B3B3B3B3B3B3B3B373733939F5F5F553
:105BD000F5F539C31F08669C9A9146FBFB46646441
:105BE00065725DF91D4A8686863535353535D9D9D4
:105BF000D9D9D9D9F5F5F5F5F5353535353535D961
:105C0000D9D9D9D9D9D9D9D9D9D93535353535030E
:105C1000030303030303030303030303030303DE79
:105C2000DEDEDEDEDE74BFBFA8A8A81D4A4A4A4AEF
:105C30008686868686868686868686B8B803030329
:105C40006B6B6B0303036B6B35D9D9CCCC86BFBFB1
:105C5000BFBFBFD9F5F53535350303030303030390
:105C60000303030303030303030303030303030304
:105C700003030303030303030303030386861DF9DE
:105C8000F4F00C25F7E885E8B74691916400000030
:105C90000000000000000000000000000000000004
:105CA00000000000000000000000000000000000F4
:105CB00000000000000000000000000000000000E4
:105CC00000000000000000000000000000000000D4
:105CD00000000000000000000000000000000000C4
:105CE00000000000000000000000000000000000B4
:105CF00000000000000000000000000000000000A4
:105D00000000000000000000000000000000000093
:105D10000000000000000000000000000000000083
:105D20000000000000000000000000000000000073
:105D30000000000000000000000000000000000063
:105D40000000000000000000003F8EAF3FCE8A59E7
:105D500059E78159C7C3B3B37373C3109EAA75794A
:105D6000759939C339F5F59E9E9E9EF5F5C37D88DC
:105D70006FC5919146FBFB9164640AAE7D371D8629
:105D800086CC3535353535D9D9D9D9D9D9F5F5F5C3
:105D9000F5F5353535353535D9D9D9D9D9D9D9D913
:105DA000D9D9D935353535353535353535353535B7
:105DB000030303353535353535DEDEDE333374BF69
:105DC000D7C3C3F9D7D7A84AE0F886864A86868221
:105DD000368636360303B803030303030303B8B858
:105DE000B8B835D9F874D774747410BFD9D9D93507
:105DF000B8B8030303030303030303030303030309
:105E00000303030303030303030303030303030362
:105E10000303B80303864AF8D7F45DC795F7E8E8AB
:105E200080B746919A9A0000000000000000000030
:105E30000000000000000000000000000000000062
:105E40000000000000000000000000000000000052
:105E50000000000000000000000000000000000042
:105E60000000000000000000000000000000000032
:105E70000000000000000000000000000000000022
:105E80000000000000000000000000000000000012
:105E90000000000000000000000000000000000002
:105EA00000000000000000000000000000000000F2
:105EB00000000000000000000000000000000000E2
:105EC00000000000000000000000000000000000D2
:105ED00000000000000000000000000000000000C2
:105EE000003FB906062981595916B7D2EDDEF4B341
:105EF00073733999BCA358A4A4A458A3AED0103985
:105F0000F5F59E9E9E8239B3EC088B911746FBFBFC
:105F100091171764A755F41D4A86863535353535F2
:105F2000D9D9D9D9D9D9F5F5F5F5F5353535353589
:105F300035D9D9D9D9D9D9D9D9D9D9D93535353505
:105F40003535353535353535353535353535353501
:105F50003535DEDE333374BF105D7455557AD8D8CD
:105F6000C3C3F9D71D1DF84A4A824A82820303B887
:105F700003030303030303B8B8B835D9BFBF103315
:105F800031307AD8101039393535B803030303039B
:105F900003030303030303030303030303030303D1
:105FA0000303030303030303030303B80303368656
:105FB000F8F837F4746EF7F7E88002B7919A9A29E7
:105FC00000000000000000000000000000000000D1
:105FD00000000000000000000000000000000000C1
:105FE00000000000000000000000000000000000B1
:105FF00000000000000000000000000000000000A1
:106000000000000000000000000000000000000090
:106010000000000000000000000000000000000080
:106020000000000000000000000000000000000070
:106030000000000000000000000000000000000060
:106040000000000000000000000000000000000050
:106050000000000000000000000000000000000040
:106060000000000000000000000000000000000030
:10607000000000000000000000000634B90E811688
:106080005959815458B8B3C3C3739E24EDC5AFAFFB
:106090003F3F3F3F29C578313939F59E9E9E1A8290
:1060A000A8B3EC55AB919146FB46911764CEAE1F59
:1060B0001D4A86CC3535353535D9D9D9D9D9D9F513
:1060C000F5F5F5F5353535353535D9D9D9D9D9D9A8
:1060D000D9D9D9D9353535353535353535353535E0
:1060E0003535353535353535353535DEDE333374D3
:1060F000391024A3A7ED27A079B539D7D7D7D71D55
:106100001D4A4A4A4A4A0303B8B8B80303036B6BF3
:10611000B803B8D9D9BF107943A438D174D8D8C33B
:1061200039BF353535B8B80303030303B8B80303E3
:106130000303030303030303030303033535350399
:10614000030335350303033686CCF81D37F43E854B
:10615000F7E8E8E8B746B40EB464000000000000B9
:10616000000000000000000000000000000000002F
:10617000000000000000000000000000000000001F
:10618000000000000000000000000000000000000F
:1061900000000000000000000000000000000000FF
:1061A00000000000000000000000000000000000EF
:1061B00000000000000000000000000000000000DF
:1061C00000000000000000000000000000000000CF
:1061D00000000000000000000000000000000000BF
:1061E00000000000000000000000000000000000AF
:1061F000000000000000000000000000000000009F
:10620000000000000000000000000000000000008E
:10621000000000063FB99A9559598181166FD8B38D
:1062200073739927E70ECF3F0E0E0E0E3F3F3FCF01
:106230005879A8E0E09E9E9EB839C3EC1F18CED4D2
:10624000F7F7FB91171791537AF4E036DE03030357
:106250000303D9D9D9D9D9D9F5F5F5F5F5F5F5F57A
:10626000F5F5F5353535353535353535353535359E
:1062700035030303030303030303030303030303BC
:1062800003030335D9D9D9BF39102438CF7ECF4F76
:10629000C50A9CBDA3186674D8F9D7D7D739BF35BE
:1062A000353535820303036B6B6B6BB8033539AE41
:1062B00038CFAFAF4FED317DF973D7F835F5F5F540
:1062C00003030303030303B80303030303030303E9
:1062D0000303030303353535353586CCCCCCCCCC24
:1062E00086868686F8D7F49941F7B2E8E861B791D7
:1062F000928E6464000000000000000000000000B6
:10630000000000000000000000000000000000008D
:10631000000000000000000000000000000000007D
:10632000000000000000000000000000000000006D
:10633000000000000000000000000000000000005D
:10634000000000000000000000000000000000004D
:10635000000000000000000000000000000000003D
:10636000000000000000000000000000000000002D
:10637000000000000000000000000000000000001D
:10638000000000000000000000000000000000000D
:1063900000000000000000000000000000000000FD
:1063A0000000000000000000000000003F760634FE
:1063B000E7E75981817B7498B3B39978C5F606CF26
:1063C0000E0E0E0E0E2929B4063FC5BC3939F59EB6
:1063D0009E9EF539D81FB58A91F7FBFB469117466B
:1063E0001930D81D4A330303030303D9D9D9D9D9A6
:1063F000D9F5F5F5F5F5F5F5F5F5F5F53535353569
:106400003535353535353535353503030303030368
:1064100003030303030303030303030335D9D9D998
:10642000BF39D9A7CF06B906CFCFCF0E0E8E8AE7D8
:10643000415AF0557A7DF91DA84A4A86860303031E
:106440006B6B6B6BB803BF10ED0E063FB93FCE38D8
:106450000F7D1F371DA8A8F53503030303030303AE
:10646000B8030303030303030303030303033535E3
:1064700035353586CCCCCCCCCC86868686F81DF4DA
:106480001F6FE8F7E8E8E8B746643F926400000051
:1064900000000000000000000000000000000000FC
:1064A00000000000000000000000000000000000EC
:1064B00000000000000000000000000000000000DC
:1064C00000000000000000000000000000000000CC
:1064D00000000000000000000000000000000000BC
:1064E00000000000000000000000000000000000AC
:1064F000000000000000000000000000000000009C
:10650000000000000000000000000000000000008B
:10651000000000000000000000000000000000007B
:10652000000000000000000000000000000000006B
:10653000000000000000000000000000000000005B
:106540000000000092B43F29D2E7E781819C75B337
:1065500073B3C3A0C53F3F06CF0E0E9A9A3434CE14
:106560009AB4B49138663939F59E9E9EF5C3D87DAC
:106570007291D4D4FB469117916171081D4AF803BA
:106580000303030335D9D9D9D9D9F5F5F5F5F5F5CF
:10659000F5F5F5F5F53535353535353535353535EB
:1065A00035353535353535353535350303353535FF
:1065B000353535030335D9D9D9BFBF33A7B9B9B9F3
:1065C000B906CF3F3F3FAF4F2929349CA78B0F74AB
:1065D0005D371DF8F8F8353535036B6B6BB8353919
:1065E000F9073FB43F062F2F3FA46F7AF4B373A887
:1065F000BF3503030303030303B8B8B8030303035E
:1066000003030303030303353535353586CCCCCC82
:10661000CCCC8686868686A837F4DEBDF7F7E8E818
:10662000E8FB652992640000000000000000000003
:10663000000000000000000000000000000000005A
:10664000000000000000000000000000000000004A
:10665000000000000000000000000000000000003A
:10666000000000000000000000000000000000002A
:10667000000000000000000000000000000000001A
:10668000000000000000000000000000000000000A
:1066900000000000000000000000000000000000FA
:1066A00000000000000000000000000000000000EA
:1066B00000000000000000000000000000000000DA
:1066C00000000000000000000000000000000000CA
:1066D00000000000000000000000000092B4292922
:1066E000348AE75981C5FC7373C3C31078F6B43F8D
:1066F0003F3F0E0E9A9A348E8ECE296417AF38B56E
:1067000039F59E9E9EF539D8EC6646D4D446FB46B4
:106710009117FBC908371DF8030303030335D9D9C3
:10672000D9D9D9F5F5F5F5F5F5F5F5F5F5F53535ED
:106730003535353535353535353535353535353509
:106740003535353503033535353535350303D9D979
:10675000D9D9D9BF740F7BCFB90606063F3F3F7E1C
:106760007ECFCF063FCE0EC5ED0F10F9D7F8F8BF9C
:10677000353503B86B6BB803BFF96FC5063F3F3FB4
:106780002F06CFC5C77A1FF41DF8BF3535030303A5
:106790000303030303B80303030303030303030314
:1067A000353535353586CCCCCC49498686868686C6
:1067B000A81DF4F48B61F7E8E8E8B265299264005B
:1067C00000000000000000000000000000000000C9
:1067D00000000000000000000000000000000000B9
:1067E00000000000000000000000000000000000A9
:1067F0000000000000000000000000000000000099
:106800000000000000000000000000000000000088
:106810000000000000000000000000000000000078
:106820000000000000000000000000000000000068
:106830000000000000000000000000000000000058
:106840000000000000000000000000000000000048
:106850000000000000000000000000000000000038
:106860000000000000000000000000000000000028
:10687000000000003F3FCE3F65251695B7819C661E
:10688000A81DD739D8780606063F290E0E9A34D2AD
:1068900081810AC529B465AF271039F59E9EB839A4
:1068A000C31FD08317D491FB469117914E7AF91DDF
:1068B000F8030303030335D9D9D9D9D9F5F5F5F58B
:1068C000F5F5F5F5F5F5F535353535353535353538
:1068D00035353535353535353535353535030335CC
:1068E0003535353535030335D9D9D9D9BFBF33AAA5
:1068F000C77BCE06063F3F3F3F3F063F063F3F0E6A
:106900000E4FA4A3795DF437D7BF353503036BB8B9
:10691000B8BFD7B57BCF9292AF060606AF4F1EDE4B
:10692000EC1FF9D7BF350303030303030303B803C5
:10693000030303030303030303353535353586CCE1
:10694000CCCC494986868686864AD7F937750CF7B6
:10695000E8E8E8E8463F814600000000000000004B
:106960000000000000000000000000000000000027
:106970000000000000000000000000000000000017
:106980000000000000000000000000000000000007
:1069900000000000000000000000000000000000F7
:1069A00000000000000000000000000000000000E7
:1069B00000000000000000000000000000000000D7
:1069C00000000000000000000000000000000000C7
:1069D00000000000000000000000000000000000B7
:1069E00000000000000000000000000000000000A7
:1069F0000000000000000000000000000000000097
:106A0000000000000000000000000000003F3F3FC9
:106A10003F34816C95FBD27B8239BFBFBFF98BCFEE
:106A2000B9762F6464179134CE8A8A8A8A3429060B
:106A300006E7311039F5B8B8F539F4981E17F7D4D0
:106A40004646919A9102B5D81DBF35B8B8030335B3
:106A5000D9D9D9D9D9F5F5F5F5F5D9D9D9D9D9D91A
:106A600035353535353535353535353535353535D6
:106A700086868686864A353582828282828235354E
:106A8000F5D9D9D9D9D9BFBFBFD999BCA7C5AFDB73
:106A90002F1764B43FAFCFCF06063F294F8A1ED0D1
:106AA0007D371DD7F8828203030335D7D779C53FD9
:106AB000AF3F3F3F3F3F3F4F58D0881F37D7BF358D
:106AC00035D9CC4949494949494949494949494937
:106AD0008686CCCCCCCCCC868686868686CCCCCC26
:106AE000CCCC3533F91FF8ED5BE8E8E8E8FB9129F9
:106AF00019810000000000000000000000000000FC
:106B00000000000000000000000000000000000085
:106B10000000000000000000000000000000000075
:106B20000000000000000000000000000000000065
:106B30000000000000000000000000000000000055
:106B40000000000000000000000000000000000045
:106B50000000000000000000000000000000000035
:106B60000000000000000000000000000000000025
:106B70000000000000000000000000000000000015
:106B80000000000000000000000000000000000005
:106B900000000000000000000000000000000000F5
:106BA0000000000000003F3F3F3F34B7169525D25C
:106BB000A01DBF353535D70F9C062F2F2F063FB4AC
:106BC0009ACE348E8A8A349A3F3FCF78D839F5F5F9
:106BD000F5F539F998AED491914646349A648E7998
:106BE0007DD7BF35B803030335D9D9D9D9D9F5F540
:106BF000F5F5F5D9D9D9D9D9D9353535353535352D
:106C000035353535353535353586868686864A358A
:106C1000358282828282823535F5D9D9B8B8B8D921
:106C2000BFBF391010D00F18A7C53F3F3F3F3F06E9
:106C30003F3F063FAF4F29343818CCF9371DA84ADB
:106C40000303B83539D7556FD23F3F3F3F3F3F3FF2
:106C5000AFAF38247D7DF4D71DA84A8686494949BF
:106C60004949494949494949498686CCCCCCCCCC8B
:106C7000868686868686CCCCCCCCCCCC33D7D7F453
:106C80002421F7E8E8E8B246648191810000000021
:106C900000000000000000000000000000000000F4
:106CA00000000000000000000000000000000000E4
:106CB00000000000000000000000000000000000D4
:106CC00000000000000000000000000000000000C4
:106CD00000000000000000000000000000000000B4
:106CE00000000000000000000000000000000000A4
:106CF0000000000000000000000000000000000094
:106D00000000000000000000000000000000000083
:106D10000000000000000000000000000000000073
:106D20000000000000000000000000000000000063
:106D3000000000000000000000000000000000064D
:106D400006060E348195953438B5A835B8B835396E
:106D5000747938C59CED7BC50E0E91348E8A818E78
:106D6000340E3F06A4D01039F5F5B8D9D71F55BB5E
:106D700065179146469A64346F7DF9BF35B80303B1
:106D80000335D9D9D9D9D9F5F5F5F5F5D9D9D9D961
:106D9000D9D935353535353535353535353535355B
:106DA00035358686868686863535828282828282DF
:106DB0003535F5D9D9B8B8B8D9D9D9BFD9D7C3D805
:106DC0005DDE7527A4CF063F3F3F3F0606AFCF29C4
:106DD00065655F6EF0B3731D1DF5828282F5E0F983
:106DE00055E2CF063F0E0E0E0E06AFAF8AFC5508D9
:106DF0007DF91D4A4A868686864949494949494955
:106E000049498686CCCCCCCCCC868686868686CCF8
:106E1000CCCCCCCCCC33F8D7F41D07F7E8E8E8E8C5
:106E2000FB91B419818A00000000000000000000FE
:106E30000000000000000000000000000000000052
:106E40000000000000000000000000000000000042
:106E50000000000000000000000000000000000032
:106E60000000000000000000000000000000000022
:106E70000000000000000000000000000000000012
:106E80000000000000000000000000000000000002
:106E900000000000000000000000000000000000F2
:106EA00000000000000000000000000000000000E2
:106EB00000000000000000000000000000000000D2
:106EC00000000000000000000000000000000000C2
:106ED00000000000000000000606060E349595250F
:106EE0000A1E744AB86B1A03BFA8E0AA7599C3D8E2
:106EF000B5D1A70E2934D28A81D229B43FCFAED8DA
:106F000039F5B8B8F5C31FECA064179146349A64FC
:106F100065FC085D3935B803030335D9D9D9D9D90A
:106F2000F5F5F5F5F5D9D9D9D9D9D9353535353579
:106F300035030303030303033535358686868686CA
:106F40008235353535358282828282B8D9D9B8B852
:106F5000B8D9D9D9D9D9D939393737F9D830A0A33F
:106F600038CF0606CFCFAFAF929292946538A03952
:106F7000F4D739F5828282E01D5DD0FC0E063F3FDA
:106F80003F0E06AFAF4F4F58AE7A08F9371D4A4A49
:106F90004A4A8649494949494949494949CCCCCC99
:106FA000CCCC8686868686864949494949CCCCF828
:106FB000D7F9F41802E885E8E8B2916481468100C7
:106FC00000000000000000000000000000000000C1
:106FD00000000000000000000000000000000000B1
:106FE00000000000000000000000000000000000A1
:106FF0000000000000000000000000000000000091
:107000000000000000000000000000000000000080
:107010000000000000000000000000000000000070
:107020000000000000000000000000000000000060
:107030000000000000000000000000000000000050
:107040000000000000000000000000000000000040
:107050000000000000000000000000000000000030
:107060000000000000000000000000000000000020
:10707000003F9A060ED2B7958D0A6F74366B1A1AB6
:107080006B3582E0A81DC3B39898887AC70E299AF9
:107090008E81D2CE642F3FC7D8C3F5B8B8F5395D1D
:1070A000F41D0C1717919129B465077A5D3935B82D
:1070B00003030335D9D9D9D9D9F5F5F5F5F5D9D9DA
:1070C000D9D9D9D93535353535350303030303030C
:1070D0000335353586868686868235353535358263
:1070E00082828282B8D9D9B8B8B8D9D9B8B8B8D953
:1070F000D9D9A8A81D73B3F9101A24EDC5CF06AFCE
:107100002929AFAF924F658A7874D8C3A8F58282D7
:10711000F5A81D5D55FC0606063F3FAFAFAF06065E
:10712000290AEDB5087DF41D1D4A4AF88686868633
:10713000494949494949CCCCCCCCCC8686868686FF
:10714000864949494949CCCCF8F8D7F90F83F7E883
:10715000E8E8B24617811781000000000000000037
:10716000000000000000000000000000000000001F
:10717000000000000000000000000000000000000F
:1071800000000000000000000000000000000000FF
:1071900000000000000000000000000000000000EF
:1071A00000000000000000000000000000000000DF
:1071B00000000000000000000000000000000000CF
:1071C00000000000000000000000000000000000BF
:1071D00000000000000000000000000000000000AF
:1071E000000000000000000000000000000000009F
:1071F000000000000000000000000000000000008F
:107200000000000000000000003F2F0E3F9A818127
:1072100025349C6674826B1A1A6B6B49494935BFD9
:1072200039C398EC885578CF29348E8E34642F3F3B
:10723000A3D8C3F5F5B8F5D9D7371FE2176464654D
:10724000B4B492A7555D393503B8030335353535E8
:107250003535F5F5F5F5F53535353535353535351E
:107260003535350303030303868635353586868633
:1072700086868682828282828282828282B8353546
:10728000B8B8B8B8B8B8B8B8D9D9D9D9F5A8E0A8B5
:1072900073B3B3D8100F27380E29293FAFAF4F640F
:1072A000918EED31F91DA84AD935F5A8D75DD0FCEE
:1072B0009AB43F06AF3F3F0606DB924FA48BB55D05
:1072C000D8F91D1D1D4A4A8686864949494949867D
:1072D00086868686868686864949CCCCCCCCCC49A7
:1072E000CCCCF81DF986A7E8E8E8E8E8FB17911789
:1072F00091000000000000000000000000000000FD
:10730000000000000000000000000000000000007D
:10731000000000000000000000000000000000006D
:10732000000000000000000000000000000000005D
:10733000000000000000000000000000000000004D
:10734000000000000000000000000000000000003D
:10735000000000000000000000000000000000002D
:10736000000000000000000000000000000000001D
:10737000000000000000000000000000000000000D
:1073800000000000000000000000000000000000FD
:1073900000000000000000000000000000000000ED
:1073A0000000643F3FB43481818E3458B574B86BAB
:1073B0001A1A6B6B6B6B6B0335BF39C3F91FECB5D6
:1073C000A4AF6534D234913F06A77A1039F5F5B8E9
:1073D000D9A8371F799AB492293FB43F7B55103909
:1073E0003535350303030303353535353535353547
:1073F00035353503030335353535353535353535D3
:10740000358686868686CC86868686868686868627
:10741000868282828282820303030303B8B8B8B8EB
:10742000B8B8B8B8B8D9D9F5F5A83939C3B3B3D80D
:10743000B5C78ACE64924F292929CE34BDAAF91D39
:107440001DBF35353539D7F45DC79A2F06B4290EDF
:107450003F3F3F3F0E0E0EBB27307DF437371DA850
:107460004A4A4A868649363686868686868686864D
:107470004949494949494949494986F8F8F937C7C5
:1074800085E8E8E8E8D4171717B40000000000000A
:1074900000000000000000000000000000000000EC
:1074A00000000000000000000000000000000000DC
:1074B00000000000000000000000000000000000CC
:1074C00000000000000000000000000000000000BC
:1074D00000000000000000000000000000000000AC
:1074E000000000000000000000000000000000009C
:1074F000000000000000000000000000000000008C
:10750000000000000000000000000000000000007B
:10751000000000000000000000000000000000006B
:10752000000000000000000000000000000000005B
:107530000000000000000000000000298DB4293484
:10754000818146811E33BF356B1A1A1A1A1A1A1A0C
:10755000030303B8D939D81F0818CF926534349182
:10756000643F58D0D839F582B8B8A81DD87441B452
:10757000DBDB2F3F3FED5510390303030303030308
:1075800003353535353535353535353503030303A5
:10759000030335353535353535358686868686CCD3
:1075A0008686868686868686868682828282828293
:1075B0000303030303B8B8B8B8B8B8B8B8B8B8B8D4
:1075C0009E82F5F5F5BF1010D80808F0A7CE29293E
:1075D0002929292929CE580FF937A8BFF582A839BA
:1075E000F91F7D099C2F2FB4B43F3F29290E3F3F3F
:1075F0003FCFA4270FD07A7DF9D71DA84A4A8686A7
:1076000086868686868686868649494949494949C5
:107610004949498686F8D7F40F83E8E8E8E8FB177C
:107620001717B40000000000000000000000000078
:10763000000000000000000000000000000000004A
:10764000000000000000000000000000000000003A
:10765000000000000000000000000000000000002A
:10766000000000000000000000000000000000001A
:10767000000000000000000000000000000000000A
:1076800000000000000000000000000000000000FA
:1076900000000000000000000000000000000000EA
:1076A00000000000000000000000000000000000DA
:1076B00000000000000000000000000000000000CA
:1076C00000000000000000000000000000000000BA
:1076D000000000CE29CEB49A8E818E468E1874BFDB
:1076E000B8036B1A1A1A6B6B6B6B6B6BB8B8D9104B
:1076F000D87DB5A42964D28E34643FE7B5D8F5822D
:1077000082B8B882A8F91F6FCFDBDB3F060E3E5D63
:1077100039D9B8B8B80303030303353535353535E2
:107720003535353535B8B8B803030303033535357A
:107730003535358686868686CC8686868686868696
:107740008686868282828282820303030303B8B81C
:10775000B8B8B8B8B8B8B8B8B8B8B8B8B882DE333E
:10776000BF10D81F0855C7C5292929292929658D82
:107770005879F9731DA8828282BF37B3D866BD3F9E
:107780002FB4B43F292929293F3FB4649AE7BD2784
:1077900066D074D71D1DF886868686868649494937
:1077A0004949494949494949494949494986F8D7CF
:1077B000F97472E8E8E8E854912F17B4000000006B
:1077C00000000000000000000000000000000000B9
:1077D00000000000000000000000000000000000A9
:1077E0000000000000000000000000000000000099
:1077F0000000000000000000000000000000000089
:107800000000000000000000000000000000000078
:107810000000000000000000000000000000000068
:107820000000000000000000000000000000000058
:107830000000000000000000000000000000000048
:107840000000000000000000000000000000000038
:107850000000000000000000000000000000000028
:107860000000000000000000000000008D8A8D9ADA
:10787000348E813446B7AED7A8D9036B1A1A1A6B67
:107880006B6B6B6B6B6B033574101F557B3F6434F4
:107890000A3464B4340FD8A8829E6B1A824A1DF44D
:1078A0003038B906B9C5277410BF33030303030387
:1078B00003030303030303033535353503030303D0
:1078C0000303030303033535353535358686868650
:1078D00086CC868686868686868686868282828212
:1078E00082820303030303D9D9D9D9D9D9D9D9B805
:1078F000B8B8B8B8B8B8B803353333BFD7F97D08CE
:107900006638293F2929292965653866C3B3A882C5
:10791000829E82A873B37DD078D2F62F3F3FB429E0
:1079200064B4B4171764642F9A0E38A31866B5DED2
:10793000333535868686494949494949494949493E
:107940004949494949498686D7D7F96F80F7E8E818
:10795000549117FB07000000000000000000000029
:107960000000000000000000000000000000000017
:107970000000000000000000000000000000000007
:1079800000000000000000000000000000000000F7
:1079900000000000000000000000000000000000E7
:1079A00000000000000000000000000000000000D7
:1079B00000000000000000000000000000000000C7
:1079C00000000000000000000000000000000000B7
:1079D00000000000000000000000000000000000A7
:1079E0000000000000000000000000000000000097
:1079F0000000000000000000000000000000000087
:107A0000000000000A8E5F2534348E8E34463BF031
:107A1000D74ABF036B1A1A1A6BDEDEDEDEDE1A6B84
:107A200003BF101F5D723FB49A3446911764BC5D6A
:107A3000A84A9E499E9E824A73D718389CA73E74D6
:107A400010BF33D003030303030303030303030340
:107A500003353535350303030303030303030335FC
:107A600035353535358686868686CC8686CCCC8679
:107A7000868686868682828282828203030303034D
:107A8000D9D9D9D9D9D9D9D9B8B8B8B8B8B8B8B86E
:107A90009E49333333BFD7C3D8083141CE29292972
:107AA0000EAF6565580FB373A8829E8282BFD7F967
:107AB000F45D3E83B492B4B46491646417B4B4B416
:107AC000B4B4B43F06CFC55878246B358686864952
:107AD0004949494949494949494949494949494916
:107AE00086F874F90FABF7F7E8E8D417250700001C
:107AF0000000000000000000000000000000000086
:107B00000000000000000000000000000000000075
:107B10000000000000000000000000000000000065
:107B20000000000000000000000000000000000055
:107B30000000000000000000000000000000000045
:107B40000000000000000000000000000000000035
:107B50000000000000000000000000000000000025
:107B60000000000000000000000000000000000015
:107B70000000000000000000000000000000000005
:107B800000000000000000000000000000000000F5
:107B9000000000000000000000000000000A8E8AC3
:107BA0008E9A34D2D29A3441B510BFBF036B1A1AE1
:107BB0001A1A1A1A1A1A1ADE6B0335D7D81F782F19
:107BC000170E0A346564645A7D734A369E82828237
:107BD00035BFBF35AAAA747474BFBF353535353586
:107BE0003535350303030303353535030303030339
:107BF000030303DE33D9D9F53333353535B833CC08
:107C0000DEDEDECC86CC494936363636363636367A
:107C10003636363636368686860303030303030379
:107C200003030303030303030303030303030335F2
:107C3000BF10D87D55A7CE342929293F3F9A19ACCA
:107C4000B3E0E04A039E9EF5C3F9B31FDE78C52F6B
:107C50002F64B4292929296464643F0606B9B9B997
:107C6000B93FE7189E8686863636494949494949CB
:107C7000494949494903030303033574D7DEA3B2D5
:107C8000F7E861FB91642C07000000000000000091
:107C900000000000000000000000000000000000E4
:107CA00000000000000000000000000000000000D4
:107CB00000000000000000000000000000000000C4
:107CC00000000000000000000000000000000000B4
:107CD00000000000000000000000000000000000A4
:107CE0000000000000000000000000000000000094
:107CF0000000000000000000000000000000000084
:107D00000000000000000000000000000000000073
:107D10000000000000000000000000000000000063
:107D20000000000000000000000000000000000053
:107D30000000000000000A8AE78E9A34D2D29A8EA0
:107D40006E3010BFBF036B1A1A1A1A1A1A1A1A1AAF
:107D5000DE6B0335D7D87D272F170E0A3465646490
:107D6000EA7A734A369E9E9E828235F535BFBF748D
:107D700074BFBFBF3535353535353535030303039E
:107D800003B8B8B80303030303B8B8B803353535EF
:107D9000F5F8F8F8F8F8863535CCCCCCCC86CC495B
:107DA0004936363636363636363636363636368610
:107DB000868603030303030303030303030303038D
:107DC000030303030303030303BFBF10D808B5A7CE
:107DD000CE3464B4293F2929A7B5B373A8829E9EE7
:107DE0009EF5A873F47D5D0FFCE73F3F64172929DA
:107DF000293F3FB42FF606B9B93DF60E38754A86CD
:107E00008636364949494949494949494949030357
:107E10000303033574D7746FB2F7B7B7FB916425CA
:107E20002C0700000000000000000000000000001F
:107E30000000000000000000000000000000000042
:107E40000000000000000000000000000000000032
:107E50000000000000000000000000000000000022
:107E60000000000000000000000000000000000012
:107E70000000000000000000000000000000000002
:107E800000000000000000000000000000000000F2
:107E900000000000000000000000000000000000E2
:107EA00000000000000000000000000000000000D2
:107EB00000000000000000000000000000000000C2
:107EC000000000000000000000000000000000951D
:107ED0008A16953434D2D29A8E07D010BFBF036B66
:107EE0001A6B6B6B6B6B6B6B6BDEDE0335D7D81F5E
:107EF0008B2FB40E0A34656464727A1D86499E9E87
:107F00009E9E82823582B8353335353535353535E7
:107F1000353535353503030303030303B803030382
:107F20000303353535BFBFD7D7D7F9F9F9D7D7D739
:107F3000F886CC86CC86CCCC4949363636363636B1
:107F400036363636363636368686860303030303E0
:107F500003030303030303030303030303030303F1
:107F600003030335BF10F908D0BD34919A64B4B44B
:107F7000B40EA35DF9734A9E9E9E82824A1DF41F31
:107F8000EC7DB527E79A17172FB4B43FB42F2FF61F
:107F9000F6B9B9060E387586868636364949494996
:107FA00049494949494949030303030335331DF945
:107FB0006657FBFBE8B74691642C07D5000000002C
:107FC00000000000000000000000000000000000B1
:107FD00000000000000000000000000000000000A1
:107FE0000000000000000000000000000000000091
:107FF0000000000000000000000000000000000081
:108000000000000000000000000000000000000070
:108010000000000000000000000000000000000060
:108020000000000000000000000000000000000050
:108030000000000000000000000000000000000040
:108040000000000000000000000000000000000030
:108050000000000000000000000000000000000020
:108060000000000000000000168A16B234D28134ED
:108070009A811ED0D7BFBF036B1A6B6B6B6B6B6B98
:108080006B6BDEDE0335D71FD88B2FB40E340A346A
:108090006564077A1DF8499E9E9E9E828282826B4D
:1080A0003535353535353535353535353535353580
:1080B0003503030303030303B8B83535BFBF105DB1
:1080C0007D7D0808087D7D5D5DD71DF886868686E6
:1080D0004949493636363636363636363636363607
:1080E0003636363603030303030303030303030394
:1080F0000303030303030303030303030335741D93
:10810000D808F0589A349164642FB4CE8B10371D80
:10811000F5829E9E9E364AA873B3F41F7DB56FED1F
:1081200002B42F2F2F2FF6F6CDCD3D3DB9CFA39919
:10813000F8863636364949494949494949494949FC
:108140000303036B6B03BFA8F9D052FBFBB2B74626
:1081500091640C25070000000000000000000000F2
:10816000000000000000000000000000000000000F
:1081700000000000000000000000000000000000FF
:1081800000000000000000000000000000000000EF
:1081900000000000000000000000000000000000DF
:1081A00000000000000000000000000000000000CF
:1081B00000000000000000000000000000000000BF
:1081C00000000000000000000000000000000000AF
:1081D000000000000000000000000000000000009F
:1081E000000000000000000000000000000000008F
:1081F000000000000000000000000000000000007F
:10820000006CBB95613434D2349A95FCD0D7BFBF93
:10821000036B1A6B6B6B6B6B6B6B6BDEDE0335D7B3
:10822000D8D8272FB40E340A3465646E7A1DF8CC82
:108230009E9E9E9E828282826B0303033535353576
:10824000353535353535353535350303030303030A
:108250000303353535BF107A0855D0B5FDFD3055CF
:10826000087DF437D7F8F8F8868649493636363629
:108270003636363636363636363636363603030337
:1082800003030303030303030303030303030303BE
:10829000030303030303033586D7F40866D2464677
:1082A000916464B4640A6FF937A8A8829E9E36363A
:1082B0004A4A1D1DF4F4F41FD8DEBCA7C5CF06B989
:1082C000B9B9B9B9B9CFA775A84A8636363649497A
:1082D0004949494949494949490303036B6BB83541
:1082E0004AC355FCB2FBB2B78134650C6507000088
:1082F000000000000000000000000000000000007E
:10830000000000000000000000000000000000006D
:10831000000000000000000000000000000000005D
:10832000000000000000000000000000000000004D
:10833000000000000000000000000000000000003D
:10834000000000000000000000000000000000002D
:10835000000000000000000000000000000000001D
:10836000000000000000000000000000000000000D
:1083700000000000000000000000000000000000FD
:1083800000000000000000000000000000000000ED
:108390000000000000000000000057BB6C61343496
:1083A0008E349A59FCD010F8BF036B6B6B6B6B6B00
:1083B0006B6B6B6B03030335D7D87D2792B49A346C
:1083C0008E3465646E7A1DF8039E9E9E1A828249E1
:1083D00049030303CC8686868686353535353535A3
:1083E000353586868603030303033535A8D70F8BFF
:1083F000A37B38A4C5CE4FC538A32474087DF437B9
:108400001DF886CC8649363636363636363636361A
:10841000363636363636B8B8B8B8B8B8B8B8030352
:10842000030303030303030303030303030303031C
:108430000386F8D77D7D0902464691B4B4B429A4D9
:10844000BC1073A882829E363636364A4A4AA81D28
:1084500037F49898D8D9AA241827A3A3A327BC3106
:10846000BFA835864949494949494949494949497E
:108470004949496B6B6B6BB8334AC35D6F16FBB7E9
:10848000B78134653465340000000000000000004E
:1084900000000000000000000000000000000000DC
:1084A00000000000000000000000000000000000CC
:1084B00000000000000000000000000000000000BC
:1084C00000000000000000000000000000000000AC
:1084D000000000000000000000000000000000009C
:1084E000000000000000000000000000000000008C
:1084F000000000000000000000000000000000007C
:10850000000000000000000000000000000000006B
:10851000000000000000000000000000000000005B
:10852000000000000000000000000000000000004B
:1085300000000057BBBB858E8E8E349A6C69D010BC
:10854000F83335036B6B6B6B6B6B6B6B6B030303FC
:108550003574D87DE2926491348E3465646E7A1DF0
:1085600086869E1A1A1A6B6B4949494949CCCCCC6C
:10857000CCCCCC868686868686868686868635356B
:10858000350335351D1DD7A7DF3DDFDF063F292920
:10859000293FCE2938C755881FF4371D8686CCCC95
:1085A000493636363636363636363636363636038B
:1085B000030303030303030303030303030303038B
:1085C0000303030303030303030335BF74107D5D3B
:1085D000E2818D919A1764B40E0A79F9C34A823602
:1085E0003636363636364A4A4A1D1DC3B3F41F1F87
:1085F000EC7DD8F9D8D8D810D7D735350303030385
:108600000349494949494949494949496B6B6B6B98
:10861000B8DEBFC35DAE578E8195818E65296465D6
:10862000000000000000000000000000000000004A
:10863000000000000000000000000000000000003A
:10864000000000000000000000000000000000002A
:10865000000000000000000000000000000000001A
:10866000000000000000000000000000000000000A
:1086700000000000000000000000000000000000FA
:1086800000000000000000000000000000000000EA
:1086900000000000000000000000000000000000DA
:1086A00000000000000000000000000000000000CA
:1086B00000000000000000000000000000000000BA
:1086C0000000000000000000000000000CBB0C8552
:1086D0008E8E8E349A6CEA5510F83335036B6B6BC3
:1086E0006B6B6B6B6B6B0303033574D808FC926484
:1086F00034348E346564077AA886869E1A1A1A6BFB
:108700006B4949494949CCCCCCCCCCCC86868686B1
:1087100086868686868686353535353535D7F47531
:10872000C5DFDFDF06AF3F2929293FDBDB92AF380A
:10873000C7D0EC1FF41D4AF8864936363636363631
:108740003636363636363636030303030303030361
:1087500003030303030303030303030303030303E9
:10876000030303353535BF107DD01E3491919164DC
:10877000B4290EBD31F9E0E0863636363636363667
:1087800036364A4AA8A81D1DC3C3F9C3B3F9C3109E
:10879000BF35350303036B0303034949494949497D
:1087A00049494949496B6B6B6BB803351D5DF00C4A
:1087B0008E8159958E65DB926400000000000000F8
:1087C00000000000000000000000000000000000A9
:1087D0000000000000000000000000000000000099
:1087E0000000000000000000000000000000000089
:1087F0000000000000000000000000000000000079
:108800000000000000000000000000000000000068
:108810000000000000000000000000000000000058
:108820000000000000000000000000000000000048
:108830000000000000000000000000000000000038
:108840000000000000000000000000000000000028
:108850000000000000000000000000000000000018
:1088600000000000000CBB0C858134349A9A6CEA3D
:10887000555DF835036B6B6B6B6B6B6B6B6B6B03E5
:1088800003353574D808A32964340A8E3465B41EC0
:108890007AA886869E6B6B6B030349494986868658
:1088A000CCCCCCCCCC86868686868686868686860A
:1088B0003535353535BFF9EC27B9DBAFAF29292977
:1088C0002929292929299292DB29168B7A4588F9A9
:1088D000F9F8F886363636363636363636363636A1
:1088E000366B6B6B6B6B6B0303B8B8B8B8B8B80377
:1088F000030303030303030303030303030335BF5A
:1089000074F95D31589A91469164B42934BD1A7353
:10891000A8CC36363636363636363636368282F598
:10892000F5A8A8A8A8F5F5F53535350303B8030370
:10893000030303494949494949494949490303034B
:108940000303B835351DF931BD815995958E65DB29
:1089500092DB0000000000000000000000000000AA
:108960000000000000000000000000000000000007
:1089700000000000000000000000000000000000F7
:1089800000000000000000000000000000000000E7
:1089900000000000000000000000000000000000D7
:1089A00000000000000000000000000000000000C7
:1089B00000000000000000000000000000000000B7
:1089C00000000000000000000000000000000000A7
:1089D0000000000000000000000000000000000097
:1089E0000000000000000000000000000000000087
:1089F00000000000000000000000000000000CBBB0
:108A0000BB858134349A9A1669555DF833036B1A25
:108A10006B6B6B6B6B6B6B6B6B0335BFD7D87A7BF8
:108A20002965460A8E3464B4E27AA886869E6B6B0A
:108A30006B0303494949868686CCCCCC86868686DC
:108A4000868686868686868686353535353539C36B
:108A50007D7B06924F4FCE0A0A0ACE3434CECE9298
:108A6000929292923F4109300808F4F91D4A4A86D1
:108A7000863636363636363636366B6B6B6B6B6B08
:108A800003030303030303B8030303030303030301
:108A900003030303036B033535BFD75D5DBCA48DB2
:108AA0009191916464179A27BF1D4A36363636363F
:108AB0003636363636369E9E82828282B8B8B8B84E
:108AC000B86B6B6B6B6B03030303030349494949A1
:108AD000494949494949030303030303B835F8D712
:108AE0001AA7815995958165DBDBDB00000000004A
:108AF0000000000000000000000000000000000076
:108B00000000000000000000000000000000000065
:108B10000000000000000000000000000000000055
:108B20000000000000000000000000000000000045
:108B30000000000000000000000000000000000035
:108B40000000000000000000000000000000000025
:108B50000000000000000000000000000000000015
:108B60000000000000000000000000000000000005
:108B700000000000000000000000000000000000F5
:108B800000000000000000000000000000000000E5
:108B9000000000000000000CBBBB858134349A9AB1
:108BA00016BE555DF833036B6B6B6B6B6B6B6B6B4E
:108BB0006B6B0335BF10D874386565460A8E6564E3
:108BC000645A7AA886869E6B6B6B03034949498673
:108BD0008686CCCCCC868686868686868686868663
:108BE0008686353535353539C3087B3F924F4F0A78
:108BF0000A0A34CECE0A34CECE4F299292659264C0
:108C00009C27B5881FF4371DF8F886863636363629
:108C10003636366B6B6B6B6B6B030303030303031B
:108C2000B8030303030303030303030303036B03F7
:108C3000353503335DF974C7BA919191171764659F
:108C4000E724F9E04A363636363636363636361AC0
:108C50001A1A8282B86B6BB8B8B81A1A1A6B6B03FF
:108C60000303030303494949494949494949490318
:108C70000303030303B803F8D782ED95595916810E
:108C8000657676760000000000000000000000001D
:108C900000000000000000000000000000000000D4
:108CA00000000000000000000000000000000000C4
:108CB00000000000000000000000000000000000B4
:108CC00000000000000000000000000000000000A4
:108CD0000000000000000000000000000000000094
:108CE0000000000000000000000000000000000084
:108CF0000000000000000000000000000000000074
:108D00000000000000000000000000000000000063
:108D10000000000000000000000000000000000053
:108D20000000000000000000000000000000000043
:108D30000CBB0C858134349A298A2655D81DBF3541
:108D4000036B6B6B6B6B6B6B6B6B6B6B35BF5D989E
:108D50000F95649A468E8E9A3FB4097DA833039E80
:108D6000494949494949494986868686868686868B
:108D70008686868686868686868686494949CCF892
:108D8000BFF91F18A4650E0ECECE0E0E0E0ECE4FDE
:108D90004FCECE6564643F3FDBDB648D26F07AEC1A
:108DA000F47373A8F8F8353582829E9E6B6B6B6BFB
:108DB0006B0303030303030303030303030303031B
:108DC00003B803030303036B6B6B033535BFC35D4C
:108DD00030EDCE659117B43F2F656E30A8A8F582AF
:108DE0009E9E9E9E9E9E9E9E6B6B6B6B6B6B6B6B3B
:108DF0006B6B6B6B6B6B03030303030303030303D3
:108E0000030303494949494949036B6B6B6B03B839
:108E1000F539A8A3169516169529767676000000E2
:108E20000000000000000000000000000000000042
:108E30000000000000000000000000000000000032
:108E40000000000000000000000000000000000022
:108E50000000000000000000000000000000000012
:108E60000000000000000000000000000000000002
:108E700000000000000000000000000000000000F2
:108E800000000000000000000000000000000000E2
:108E900000000000000000000000000000000000D2
:108EA00000000000000000000000000000000000C2
:108EB00000000000000000000000000000000000B2
:108EC0000000000000000000000CBB0C8581343461
:108ED0009A298A5355D81DBF35036B6B6B6B6B6B2F
:108EE0006B6B6B6B6B3574D8EC8B8D649A468E8E86
:108EF0009A3F29AE7DA833039E49494949494949CA
:108F0000498686868686868686868686868686863E
:108F100086868686494949CCF8F8F91FEC8B4F3F85
:108F20000E0E0E3F3FB4B43F9292AF2929656529DA
:108F300029292F2FDBAF0A58C7557DECF4371D4A7E
:108F40004A363682826B6B6B6B6B6B0303030303D6
:108F500003030303030303030303B803030303032C
:108F60006B6B6B6B03353374105D75583417172FAB
:108F70002F6464A4241DA8F5829E9E9E9E9E9E9EA4
:108F80009E6B6B6B6B6B6B6B6B6B6B6B6B6B6B0366
:108F90000303030303030303030303034949494989
:108FA0004949036B6B6B6B03B8F53939FC16166CCA
:108FB00016252976767600000000000000000000EB
:108FC00000000000000000000000000000000000A1
:108FD0000000000000000000000000000000000091
:108FE0000000000000000000000000000000000081
:108FF0000000000000000000000000000000000071
:109000000000000000000000000000000000000060
:109010000000000000000000000000000000000050
:109020000000000000000000000000000000000040
:109030000000000000000000000000000000000030
:109040000000000000000000000000000000000020
:109050000000000000000000000000000000000010
:1090600000000CBBBB85813434349A8E43D0D8D7F2
:10907000BF35036B6B6B6B6B6B6B6B03030335D78C
:109080007D10A74665CE468E8E9A3F34F07DA8337C
:10909000039E4949494949494949868686868686C3
:1090A0008686868686868686868686868649CCCC11
:1090B000CCF874F9EC45187E3FB43F3F063F0E3FB5
:1090C000DB9292AFAF292965CECE65646464DBDBA9
:1090D000929216E2317AECF4371D4A4A4AF58282BE
:1090E000829E9E6B0303030303B8B8B8B8B8B8B840
:1090F000B8B803B803030303036B6B6B6B6BDE330E
:1091000033BF10C33E9C0E2F2F2F17B4A4241DA8CD
:10911000F5829E9E9E9E9E9E9E9E6B6B6B6B6B6B66
:109120006B6B6B6B6B1A1A6B6B6BB8B8B803030382
:109130000303030303494949494949036B6B6B6BBB
:1091400003B8F5391D8BE78A16168E2976767600D8
:10915000000000000000000000000000000000000F
:1091600000000000000000000000000000000000FF
:1091700000000000000000000000000000000000EF
:1091800000000000000000000000000000000000DF
:1091900000000000000000000000000000000000CF
:1091A00000000000000000000000000000000000BF
:1091B00000000000000000000000000000000000AF
:1091C000000000000000000000000000000000009F
:1091D000000000000000000000000000000000008F
:1091E000000000000000000000000000000000007F
:1091F00000000000000000000000003BBBBB858EAB
:10920000348E349A34C8301FD73535036B6B6B6B93
:109210006B6B6B6B030335BFD77D319C8DCECE4618
:109220008E34B43F6C307DA833039E494949494987
:109230004949498686868686868686868686868685
:1092400086868686868649CCCCCCF8D75DEC5D7B5D
:10925000DF3F3F06CFB9586FFC0AAFAFAFDF063F25
:1092600029CECE346591649292929292DB8AA73E87
:1092700008881FD8F9D7A8A8F5F5828282030303CE
:1092800003030303030303030303B80303030303F9
:1092900003036B6B6B6B6B6BDE337439C3748BC501
:1092A00029DB2F2F0EED1AA8F582829E9E828282E4
:1092B0009E9E9E6B6B6B6B6B6B6B6B6B6B6B1A1A07
:1092C0006B6B6B03030303030303030303034949AA
:1092D00049494949036B6B6B6B6B6B3539C318A4F8
:1092E0008AB2950A29767676000000000000000018
:1092F000000000000000000000000000000000006E
:10930000000000000000000000000000000000005D
:10931000000000000000000000000000000000004D
:10932000000000000000000000000000000000003D
:10933000000000000000000000000000000000002D
:10934000000000000000000000000000000000001D
:10935000000000000000000000000000000000000D
:1093600000000000000000000000000000000000FD
:1093700000000000000000000000000000000000ED
:1093800000000000000000000000000000000000DD
:10939000000000003BBB0C85343434349A0A38F0AA
:1093A0001FD7BF35036B6B6B6B6B6B6B6B0303353D
:1093B000BF107D24818DCEC5468E34B4B483557DD7
:1093C000A833039E494949494949494986868686C1
:1093D000868686868686868686868686868686496A
:1093E000CC86F8D7F95D7D27CF2FCD3D3DB943849D
:1093F000F3F384D1584FAFDF0606DB292965918D41
:109400008D6565929292929292BA5A9D0888ECF478
:10941000F9C3A8A8F53535353535353535B80303E5
:10942000030303B8030303030303036B6B6B6B6B4F
:109430006B1ADE33BFA81D0378C53FDB3F3875A824
:10944000E082829E9E9E8282829E9E9E6B6B6B6B52
:109450006B03B8B8B8B8B8B8B8B8B8B80303030362
:1094600003030303030303494949494949036B6B58
:109470006B6B6B6BF51DF9A0A48AB2950A29767601
:109480007600000000000000000000000000000066
:1094900000000000000000000000000000000000CC
:1094A00000000000000000000000000000000000BC
:1094B00000000000000000000000000000000000AC
:1094C000000000000000000000000000000000009C
:1094D000000000000000000000000000000000008C
:1094E000000000000000000000000000000000007C
:1094F000000000000000000000000000000000006C
:10950000000000000000000000000000000000005B
:10951000000000000000000000000000000000004B
:1095200000000000000000000000000000BB610C13
:1095300061349A34349A348A3E7DF9BF356B6B6B53
:109540006B6B6B6B6B6B0303B8BF105DC73434344C
:1095500034818ECEB4B41955D839D9B88249494925
:109560000303494949868686868686868686868658
:10957000868686868649494936CC3333D7F9D8243E
:10958000C506763D3DB938112D2DF3F3C184AC7B72
:109590007EDFDFDBDB292929CE8D8D0A34CE6565A0
:1095A00092929292E743D15588EC1FF91DA8A8BF6B
:1095B00035BFD9D93535828282B8B8B8B803B80377
:1095C000030303036B6B6B6B6B6B1A6B0335BFA8E9
:1095D000D7DEA07BC5C58B82E0E082828282828258
:1095E0008282829E9E9E6B6B030303353535353533
:1095F000F5F535358682828282826B03030303038D
:1096000049494949496B036B6B6B6B6BB8F5A837DC
:10961000BCA49516160A2976767600000000000094
:10962000000000000000000000000000000000003A
:10963000000000000000000000000000000000002A
:10964000000000000000000000000000000000001A
:10965000000000000000000000000000000000000A
:1096600000000000000000000000000000000000FA
:1096700000000000000000000000000000000000EA
:1096800000000000000000000000000000000000DA
:1096900000000000000000000000000000000000CA
:1096A00000000000000000000000000000000000BA
:1096B00000000000000000000000000000000000AA
:1096C00000000000000000BB0C25649A34343434E0
:1096D0008AC77DD839B8B8B8B8B86B6B6B6B6B6B91
:1096E00003B83910557229CE3446818DCEB4170790
:1096F0005DD839D9B8B803030303034949498686BD
:109700008603030303038686868686868686494902
:109710004949CC33F837F433583F06B9B93DA48CE6
:10972000F32D2D2D2D2DF3F33AAC38C5AF06DB0606
:109730003F2965348E8E34258D656592929206AFF1
:10974000A4C7307A7D1FF4C3D739BFBFD9353535AB
:109750008282B803030303B803030303036B6B6B39
:109760006B6B6B6B6B030335A839D774B579249990
:10977000F5F5F582828282828282828282829E1ABC
:109780006BB8354AE0A8A8A8A8A8A84A4A4A35351F
:109790003535828203030303030303030303030337
:1097A000036B6B6B49B8F5393724A4B216168E0ECD
:1097B0007676760000000000000000000000000047
:1097C0000000000000000000000000000000000099
:1097D0000000000000000000000000000000000089
:1097E0000000000000000000000000000000000079
:1097F0000000000000000000000000000000000069
:109800000000000000000000000000000000000058
:109810000000000000000000000000000000000048
:109820000000000000000000000000000000000038
:109830000000000000000000000000000000000028
:109840000000000000000000000000000000000018
:109850000000000000000000000000000000000008
:1098600000BA0C3FB4348E34348A727A1F39B8B8D7
:10987000B8B8B86B6B6B6B6B6B03B8BF10DE7B2932
:10988000CE34468146292F91725DD839D9B8B803B4
:1098900003030303494949868686030303030386BA
:1098A00086868686868686494949CC33F8D7F45D14
:1098B000270EF6F6F6F6CFAEC12D2D2D2D2D2D2D22
:1098C0002DF3F3A69D27C5DFDFDB92DBB4654646AB
:1098D000258D8D8D65653FDB3F3F3FA4EDD1D08861
:1098E000881FF4371D4ABFBFF5F5F53503030303A1
:1098F000B803030303036B6B6B6B6B6B6B6B030343
:1099000003B835BFA8A8D939BFD9D9D982828282F4
:109910008282828282828203828282A81D37F4F44C
:10992000F4F437731DE0E0BFBFBFF53582030303D6
:10993000030303030303030303036B6B6B49B8F5D2
:109940003937759CB216168E0E76767600000000BA
:109950000000000000000000000000000000000007
:1099600000000000000000000000000000000000F7
:1099700000000000000000000000000000000000E7
:1099800000000000000000000000000000000000D7
:1099900000000000000000000000000000000000C7
:1099A00000000000000000000000000000000000B7
:1099B00000000000000000000000000000000000A7
:1099C0000000000000000000000000000000000097
:1099D0000000000000000000000000000000000087
:1099E0000000000000000000000000000000000077
:1099F0000000000000000000000000343FB43434D8
:109A00008E340A58D0ECC3BFB81AB8B86B6B6B6B06
:109A10006B6B03B839103058CECE34343446293FFE
:109A2000641ED8F9BFD9B8B86B6B6B0303494949B9
:109A30008686860303030303868686868686868655
:109A4000868686DEF8D7D7EC79C506F6F6CDCD7BCF
:109A5000A62D7070E370707070702D2D2DF3F311C2
:109A6000185FAFAF06AF3F926465948D949465CE56
:109A700029B42F2F92924F4F78D04588ECF437C3FA
:109A80003939BFF5353503B86B6B0303B8030303EE
:109A900003036B6B6B6B6B0303033335F5A8E0E0DB
:109AA000F5D9D9D9D982828282828282829E9E9E73
:109AB000039E82A8F97A31AE79F0D0D81FF9F43735
:109AC000D739BFF5F5820303B86B6B6B6B6B030380
:109AD0006B6B6B6B6B6B49B8F51D37759C61BA8A04
:109AE0008E0E76CD76000000000000000000000021
:109AF0000000000000000000000000000000000066
:109B00000000000000000000000000000000000055
:109B10000000000000000000000000000000000045
:109B20000000000000000000000000000000000035
:109B30000000000000000000000000000000000025
:109B40000000000000000000000000000000000015
:109B50000000000000000000000000000000000005
:109B600000000000000000000000000000000000F5
:109B700000000000000000000000000000000000E5
:109B800000000000000000000000000000000000D5
:109B900000000000649AB49A8E813434E7AE88B332
:109BA000BFD91AB8B86B6B6B6B6B6B03B8BF103354
:109BB000A7CECE9A919165293F3F187D10BFD9B8A5
:109BC000B86B6B6B0303494949868686030303031D
:109BD000038686868686868686868686864A1DF9DA
:109BE0005DED0E0606CDCDC5DA2D2D70E30505051C
:109BF000707070707070702DF3C1A69D27C57EDFE8
:109C0000063F92926594940A3434CE292992929216
:109C100092AF8A72AE7A88EC1FF9F9D739BF353521
:109C20003535B80303B803030303036B6B6B6B6B2E
:109C3000030303DE03033582F5B8D933D9F58282F5
:109C40008282828282829E9E823582A8100F076C59
:109C50000A0A160C43E2AE307AD8D8F9C3D7BF351A
:109C60003535B86B6B6B6B03036B6B6B6B6B6B4955
:109C7000B8F51D377538B2BA8A8E0E76CD760000EB
:109C800000000000000000000000000000000000D4
:109C900000000000000000000000000000000000C4
:109CA00000000000000000000000000000000000B4
:109CB00000000000000000000000000000000000A4
:109CC0000000000000000000000000000000000094
:109CD0000000000000000000000000000000000084
:109CE0000000000000000000000000000000000074
:109CF0000000000000000000000000000000000064
:109D00000000000000000000000000000000000053
:109D10000000000000000000000000000000000043
:109D200000000000000000000000000000649A290C
:109D30009A8E81348ECEA388F439D9B8B8B86B6BBB
:109D40006B6B6B6B03B8D9105DE2292929646464DD
:109D5000AF060EB5D810BFD9D9B86B6B6B030349EA
:109D6000494986868603030303038686868686869C
:109D700086868686864A4A371F24C53F06B9B9B902
:109D8000783A2D7070058787050505050570707098
:109D90007070C1F3F3C184C7C5DFAFDBAF9292929D
:109DA00065CECECECECE949492929292924FA48BC8
:109DB0007A88EC1F1FF910D7D7BFBF350303B8034C
:109DC000030303036B6B6B6B6B030303030303035B
:109DD0000335D93333F59E828282828282828282E7
:109DE00082823582A855A7AF9292929292652534CD
:109DF000E77224F9EC1FF9C3D7BF3535030303B865
:109E000003036B6B6B6B6B6B49B8F51D37759CB2BD
:109E1000BA8A8E0E76CD76000000000000000000A9
:109E20000000000000000000000000000000000032
:109E30000000000000000000000000000000000022
:109E40000000000000000000000000000000000012
:109E50000000000000000000000000000000000002
:109E600000000000000000000000000000000000F2
:109E700000000000000000000000000000000000E2
:109E800000000000000000000000000000000000D2
:109E900000000000000000000000000000000000C2
:109EA00000000000000000000000000000000000B2
:109EB00000000000000000000000000000000000A2
:109EC00000000000000064B4CF9A46B29546FBBB88
:109ED0003098C3F5F5D9B8B8B8B8B8B8B89E82828A
:109EE00039F9317B911717B492920EA37AF939356B
:109EF00003036B6B6B6B030382828282828282829A
:109F000082828203030303030303036B6B03F81DC5
:109F1000377DA79AB43F06760EB8C170E370058707
:109F200087050587870505050570702D2D2D2DF3F7
:109F3000F384FDFCC506AFAFAFAF4F94940ABA0AE5
:109F40000A0ACE2992DBDB29DB8E1EAE5508ECF423
:109F5000F437D71DD7F8CC35DEDE03030303030344
:109F600003030303030303030303030303030303C1
:109F7000030303030335D9D9D9D9D9864A393081A6
:109F8000060606DB3FB417646429298DC8C70FD8BD
:109F90001FF4D7F8F8F88636363636826B6B6B6B63
:109FA0006B6B6B3539F90F9CB28A0ACE0E76CD7683
:109FB00000000000000000000000000000000000A1
:109FC0000000000000000000000000000000000091
:109FD0000000000000000000000000000000000081
:109FE0000000000000000000000000000000000071
:109FF0000000000000000000000000000000000061
:10A000000000000000000000000000000000000050
:10A010000000000000000000000000000000000040
:10A020000000000000000000000000000000000030
:10A030000000000000000000000000000000000020
:10A040000000000000000000000000000000000010
:10A05000000000000000000000000000000000CF31
:10A06000B4CF9A46B29546FB818BECD839D9F5B876
:10A07000B8B8B8B8B8B89E828235D75DF058B4DBAE
:10A08000767E7E7B30F9D7BF3503036B6B6B6B033A
:10A09000038282828282828282828282030303031B
:10A0A00003030303030335F837F479D29AB42F0678
:10A0B000B90E842D70E30505878787878787878793
:10A0C000050570707070702D2DF3F3F33A11FC4F8D
:10A0D000DF06DBAF4F4F94940A0A0A8E8E3465294F
:10A0E0003FDBDB92CEA427D08808ECF437371DF88D
:10A0F0003535B83535350303030303030303030381
:10A10000030303030303030303030303030335D917
:10A11000D9D9D9D9868239B5FB2FDBDBDBDBDBB4C0
:10A12000B4B43F3F924F4FC5EDF07A7DF91D4AF828
:10A1300086363636826B6B6B6B6B6B6B3539F90F12
:10A140009CB28A0ACE0E76CD760000000000000098
:10A1500000000000000000000000000000000000FF
:10A1600000000000000000000000000000000000EF
:10A1700000000000000000000000000000000000DF
:10A1800000000000000000000000000000000000CF
:10A1900000000000000000000000000000000000BF
:10A1A00000000000000000000000000000000000AF
:10A1B000000000000000000000000000000000009F
:10A1C000000000000000000000000000000000008F
:10A1D000000000000000000000000000000000007F
:10A1E000000000000000000000000000000000006F
:10A1F00000000000000000000E06CFB446959581D7
:10A20000FB347B30ECC339F5B8B8B8B8B8B8B89EF1
:10A210009E8282BFD7D7247BC54FA4ED7510C3396A
:10A22000BF350303036B6B6B0303828282828282DE
:10A230008282828282B8B8B803030303030335BF66
:10A24000A8F91F279A64B42F76CFFCC12D7005059D
:10A2500005878787878787878705050505057070C8
:10A26000702D2D2D2DC13A3A8C270AAFDBDBAF4F75
:10A270004FCECE0A8E8E8E8E343465296592DB3FAA
:10A28000E71EAE55081FF4F9D71DA84A353535032A
:10A2900003030303030303030303030303B8B8B86F
:10A2A000B8B8030303030335D9D9D9D9D935F5741F
:10A2B00030AB172F2F2FDB922FB4B43F3FAF0606E2
:10A2C0000606A478F05DF91DF84A863636366B6BC3
:10A2D0006B6B6B6B6B3539F975E7258A0ACEAF76F8
:10A2E000CD7600000000000000000000000000002B
:10A2F000000000000000000000000000000000005E
:10A30000000000000000000000000000000000004D
:10A31000000000000000000000000000000000003D
:10A32000000000000000000000000000000000002D
:10A33000000000000000000000000000000000001D
:10A34000000000000000000000000000000000000D
:10A3500000000000000000000000000000000000FD
:10A3600000000000000000000000000000000000ED
:10A3700000000000000000000000000000000000DD
:10A3800000000000000000000000000000000000CD
:10A39000000E38CF64918159B7FB34E76F881F39BD
:10A3A000F59E9EB8B8B8B8B89E9E8282F51D1DD79E
:10A3B000AAD11879B8C3C339BF35350303030303E2
:10A3C00003030382828282828282828282820303E8
:10A3D00003030303030303B8BF1D1F7A7B643FB469
:10A3E0002FF6CF8CF32D70050587878787878787A2
:10A3F0008705050505050505E3E3E32D70C1C13AB1
:10A400003A3AA6DA277E7EDFDFDF064FCE0A8E25B8
:10A4100025258E8E8E6565929292920A58C7D00835
:10A420007D7DF91DA8BFF53535826B03030303035A
:10A4300003030303030303030303030303030303EC
:10A4400035D9D9D9D9D9D9BF74553EC4D2B42F2F53
:10A450002F2F2FB43F3F3F3F3FDBF67606A48B5DA7
:10A460005DF91DF88636366B6B6B6B6B6B6BF53974
:10A47000F979E7258A0ACE3F76CD76000000000004
:10A4800000000000000000000000000000000000CC
:10A4900000000000000000000000000000000000BC
:10A4A00000000000000000000000000000000000AC
:10A4B000000000000000000000000000000000009C
:10A4C000000000000000000000000000000000008C
:10A4D000000000000000000000000000000000007C
:10A4E000000000000000000000000000000000006C
:10A4F000000000000000000000000000000000005C
:10A50000000000000000000000000000000000004B
:10A51000000000000000000000000000000000003B
:10A52000000000000000000000000EB40E2F1746CF
:10A5300059B7B781CEBD1AECD839F582B8B8B8B8DA
:10A54000B89E9E8282354A4AA84A82353939A8A8DF
:10A55000BF3535B8030303030303030382828282FA
:10A560008282828282828203030303030303030342
:10A57000B8BFC31F30A4643FB42FF6A4A6F32D7058
:10A5800005058787878787878787050505870505E9
:10A5900005E3E3E32D3A8411849F9F9F3A9F8C8BC0
:10A5A000A4DFDFDF06AF2929348E25258A958E0AA0
:10A5B0006564926464924F3CE2AA7A7DF437C339B1
:10A5C000F5F5F58203030303030303030303030306
:10A5D00003030303030303030335D9D9D9D9D9D915
:10A5E000BFBF5D5DD03E1E80172F2F2FDB06063FBD
:10A5F0003F3F3F0676F606CF7BF0F4F41DF88682E7
:10A600006B6B1A1A1A6B6BF51DF424E7258E0ACEB4
:10A610003F76CD7600000000000000000000000042
:10A62000000000000000000000000000000000002A
:10A63000000000000000000000000000000000001A
:10A64000000000000000000000000000000000000A
:10A6500000000000000000000000000000000000FA
:10A6600000000000000000000000000000000000EA
:10A6700000000000000000000000000000000000DA
:10A6800000000000000000000000000000000000CA
:10A6900000000000000000000000000000000000BA
:10A6A00000000000000000000000000000000000AA
:10A6B000000000000000000000000000000000009A
:10A6C0000000009A65382FB4D48159B7813481785D
:10A6D0007A9873F5F5B8B86B03039E9E9EB8B8B828
:10A6E00035F5F5D9F5BFD9D9353503B803030303DB
:10A6F000030303030382828282828282826B6B6BFA
:10A70000030303B8B8B8B8B8B83539C31F790E2FEA
:10A71000B43FF6F643C12D2D70058787878787875D
:10A72000878787878787050505E3E3D3E3A618387E
:10A73000A47BD1843A9F87059F11D1A4067676DB4E
:10A74000DB3F643434468195252546653464643F97
:10A750003F298107AE087DF43773A84A35B8B8B8E9
:10A7600003030303030303353535353535353535F7
:10A77000353535D9D9D9D9D9333333745D7D7D5544
:10A78000316F6ED2F6F67676F62FF63F3F3F06062D
:10A7900006CFE7C755D8D74A829E9E1A1A6B6B031D
:10A7A000D939F909E73481D2CE06CDCDCD000000EC
:10A7B0000000000000000000000000000000000099
:10A7C0000000000000000000000000000000000089
:10A7D0000000000000000000000000000000000079
:10A7E0000000000000000000000000000000000069
:10A7F0000000000000000000000000000000000059
:10A800000000000000000000000000000000000048
:10A810000000000000000000000000000000000038
:10A820000000000000000000000000000000000028
:10A830000000000000000000000000000000000018
:10A840000000000000000000000000000000000008
:10A8500000000000000000000000000000299A9A9B
:10A860002F9AD259598146469CAEECB339F5F5B8CA
:10A87000B80303B8B8B8B8B8B8B8B8B8B8B83535C8
:10A8800035B8B8B803030303030303030303828249
:10A89000828282826B6B6B03030303030303030354
:10A8A00003033539F9EC8BB4B4B4B4F6F6FCC12D1E
:10A8B00070700587878787878787878787878787D8
:10A8C0000505E3E3E39F8BDF3D3DB90672113A874F
:10A8D00005702DC1A6AC1EA4AFAF06762F649146BD
:10A8E0008E25252525818E34B43F2F2F3F4F7BBCED
:10A8F000D05DF91DA8BF3503B803030303030303A9
:10A90000353535353535353535353535D9D9D9D967
:10A91000D9DEDE337474105D7A7A7A55F0C7580E3A
:10A9200006F6F6F63F3F3F06060606CFCEFCDEF9FA
:10A930001D4A829E9E1A1A0303D939F918D234D2BD
:10A94000D20E06CDCDCD00000000000000000000BA
:10A9500000000000000000000000000000000000F7
:10A9600000000000000000000000000000000000E7
:10A9700000000000000000000000000000000000D7
:10A9800000000000000000000000000000000000C7
:10A9900000000000000000000000000000000000B7
:10A9A00000000000000000000000000000000000A7
:10A9B0000000000000000000000000000000000097
:10A9C0000000000000000000000000000000000087
:10A9D0000000000000000000000000000000000077
:10A9E0000000000000000000000000000000000067
:10A9F000000000000000002938060E345959598122
:10AA0000D28EBD30ECB33939F5B8B835B8B8B8B86E
:10AA1000B8B8B8B8B8B8B80303B80303030303035E
:10AA200003030303030303828282828282B8B8B8DD
:10AA300003030303030303030303033539F91FED82
:10AA400017B464B4062F27C1707070058787878795
:10AA50008787878787878787D3D3D3E3E39FD17E91
:10AA6000DF3D3D3D3DB978A60570E3E32D2DF39F15
:10AA7000116638DFB976DB3F6465348E8E259581AB
:10AA80008E8E9A64B42F06060E0CC730D81D1D3565
:10AA900003B8030303030303033535353535353573
:10AAA0003535353535D9D9D9D9D9DEDEDE333374EC
:10AAB000741010D81FEC08D0AEA3C506063F3F0E99
:10AAC000CFCFCF3FCFB40EA7AA10A8829E9E1A1A4E
:10AAD0000303D939F98BD234D2D20E06CDCDCD00B5
:10AAE0000000000000000000000000000000000066
:10AAF0000000000000000000000000000000000056
:10AB00000000000000000000000000000000000045
:10AB10000000000000000000000000000000000035
:10AB20000000000000000000000000000000000025
:10AB30000000000000000000000000000000000015
:10AB40000000000000000000000000000000000005
:10AB500000000000000000000000000000000000F5
:10AB600000000000000000000000000000000000E5
:10AB700000000000000000000000000000000000D5
:10AB800000000000000000000000000000000000C5
:10AB9000000E0E060E81E759E7D28ED2FC5598B30F
:10ABA00039A8F5B81AB8B8B8B8B8B8B8B8B8B8B815
:10ABB000030303030303030303030303036B6B6B2D
:10ABC00082829E828282350303036B0303036B6BD5
:10ABD0006B6BB83535D7B37D58D49A9AB4062F2706
:10ABE000C12D7070058787878787878787878787C5
:10ABF00087D3D3E3E3C1ACCFDF3DDF3D3D3D3DB97E
:10AC0000789FE3D3D3E3E3702D2DF39FAC43A4DF10
:10AC1000AFAF29CECE0A8A9595958181349A29B411
:10AC20002F2F92DBC51833F9BFBFB803030303030B
:10AC30000303353535353535353535353535B8B822
:10AC4000B8B8B8DEDEDEDE333333BFBF1DC337F442
:10AC5000EC8808B527A4CFCF0ECFCFCFCFCF3F3FC3
:10AC6000CF7B3174A8829E1A1A03D9BF103978C5D8
:10AC700034D2CECF06CDCDCD0000000000000000C4
:10AC800000000000000000000000000000000000C4
:10AC900000000000000000000000000000000000B4
:10ACA00000000000000000000000000000000000A4
:10ACB0000000000000000000000000000000000094
:10ACC0000000000000000000000000000000000084
:10ACD0000000000000000000000000000000000074
:10ACE0000000000000000000000000000000000064
:10ACF0000000000000000000000000000000000054
:10AD00000000000000000000000000000000000043
:10AD10000000000000000000000000000000000033
:10AD2000000000000000000000000E38063FCE8A40
:10AD3000E7E78A8A8E16C75D98B33939F5B8B8B88F
:10AD4000B8B8B8B8B8B8B8B8B80303030303030376
:10AD50000303030303036B6B6B35353535F535356D
:10AD6000353503030303036B6B6B6BB83535D7B312
:10AD70005DE7D49A9A0E3F2FA3C12D707005878787
:10AD80008787878787878787878705E3E32DA65887
:10AD90003DB9DFDFDFDF3DCD3D4067E3D3D3E37077
:10ADA000E3702D2D2DC19FDAAE387E0606AF29CE79
:10ADB0008E8E819595818E34349A64DBDBDBCEA751
:10ADC000F0F939350303030303030335353535350E
:10ADD00035353535353535B8B8B8B8B8DEDEDEDEF0
:10ADE00033DE3333BFBFBFD7D7F91FECEC7DB58B54
:10ADF000A4CFCF3F0E0E0ECF063FCE7B31A882826E
:10AE00001A1A03D9BFC3F5EDCE34D2CECF06CDCDBD
:10AE1000CD00000000000000000000000000000065
:10AE20000000000000000000000000000000000022
:10AE30000000000000000000000000000000000012
:10AE40000000000000000000000000000000000002
:10AE500000000000000000000000000000000000F2
:10AE600000000000000000000000000000000000E2
:10AE700000000000000000000000000000000000D2
:10AE800000000000000000000000000000000000C2
:10AE900000000000000000000000000000000000B2
:10AEA00000000000000000000000000000000000A2
:10AEB0000000000000000000000000000000000092
:10AEC0000000000ECFCF060E34E7E7E78A8A8E9C9B
:10AED000181098B339F5F5B8B8B8B86BB8B8B8B8B1
:10AEE000B8B803030303036B6B6B6B6B6B03030358
:10AEF0008282F5A8A8351A99AA1A35358203030368
:10AF00006B6B6B6BB83535D7F410D2D491349A3F54
:10AF1000F643C12D70700587878787878787878766
:10AF200087878705E3E32D8CCF3D3DDFDFDBDF76D1
:10AF3000CDB9DFACD3D3D30570707070707070F37F
:10AF4000F3F39FAC6ECEAFAF296534819595818EBA
:10AF50008E8E34CEAF3F2F92927B1A103935030379
:10AF600003030303033535353535353535353503BD
:10AF7000B8B8B8B8B8DEDEDEDE33DEDE3333333306
:10AF80003333BFC3C3B31FEC88B5A7C5CF3F3F3F23
:10AF9000CF063F29CE18C3F5826B6B0335BFC39E26
:10AFA0007BD23434CECF06CDCDCD000000000000E2
:10AFB0000000000000000000000000000000000091
:10AFC0000000000000000000000000000000000081
:10AFD0000000000000000000000000000000000071
:10AFE0000000000000000000000000000000000061
:10AFF0000000000000000000000000000000000051
:10B000000000000000000000000000000000000040
:10B010000000000000000000000000000000000030
:10B020000000000000000000000000000000000020
:10B030000000000000000000000000000000000010
:10B040000000000000000000000000000000000000
:10B05000000000000000000000000000CFCF38B961
:10B06000060ED25902E7D2C5C59C6FD81FB3A839C6
:10B07000828282036B6B03036B6B6B03030303031B
:10B08000828282828282494936364AA81DF818A7F0
:10B090000CBB6E318286CC49494949494903353553
:10B0A000101F10C5D4D44691B4B9389F2DE3E305E1
:10B0B00005878787878787878787878705E3E3F300
:10B0C0009D7E3DDFDFDFAFDF76CD3D7E67D3D3D31F
:10B0D000058787D3D3D3E3702D2D2DF3F39F8CFCFD
:10B0E0004F4F658D8D8E25258A8A8E8E0A9AB4B42F
:10B0F0003F3F9AE27A39F5DE0303030303030303B8
:10B10000030303030303030303030303030303030F
:10B11000030303030303353535CCCCCCF8D7D7F97B
:10B12000D8EC881018A43F0606060606060EED5554
:10B1300039F5B8039EDEF8C33138CE3434CE0EB9BB
:10B14000CD3DCD0000000000000000000000000028
:10B1500000000000000000000000000000000000EF
:10B1600000000000000000000000000000000000DF
:10B1700000000000000000000000000000000000CF
:10B1800000000000000000000000000000000000BF
:10B1900000000000000000000000000000000000AF
:10B1A000000000000000000000000000000000009F
:10B1B000000000000000000000000000000000008F
:10B1C000000000000000000000000000000000007F
:10B1D000000000000000000000000000000000006F
:10B1E000000000000000000000000000000000005F
:10B1F000000000000000CFCFC5B906CE8159E7E7B7
:10B20000D2C5D29C6F551FB373A8F5828203030386
:10B21000036B6B6B03030303038282828282824986
:10B220004936364AE0D7E20606DF06E70FA886CCA5
:10B2300049494949494903353510D810C5D4D44640
:10B24000D4B43F4FDA2D70E3D3058787878787878C
:10B25000878787878705E3E3F38C7E3DDFDFDFDFCA
:10B2600076CDCD3DA484E3D3D387878787D3D3D34B
:10B270007070702D2D2DF3F33A8C7B4F4F4FCE8E87
:10B280008E8E8E8E8E34349AB43FF63F417A39F5E5
:10B29000350303030303030303030303030303034C
:10B2A000030303030303030303030303030303036E
:10B2B00003034949CCCCCC35BFD7D8ECEC45F038AA
:10B2C00006B9B9F6F63F3F7BDE39F5B8036BDEF819
:10B2D000C3799CCE3434CE0EB9CD3DCD00000000F4
:10B2E000000000000000000000000000000000005E
:10B2F000000000000000000000000000000000004E
:10B30000000000000000000000000000000000003D
:10B31000000000000000000000000000000000002D
:10B32000000000000000000000000000000000001D
:10B33000000000000000000000000000000000000D
:10B3400000000000000000000000000000000000FD
:10B3500000000000000000000000000000000000ED
:10B3600000000000000000000000000000000000DD
:10B3700000000000000000000000000000000000CD
:10B3800000000000000000000000000000000000BD
:10B39000CF0E0EB90ED2E7E7E7E7D2C58E0CC73065
:10B3A000F937D7BFF582B8B8036B6B6B6B6B6B6B00
:10B3B0000303828282828282494936821D737581AB
:10B3C0002F76DF76810FD786CC49494949494949CB
:10B3D0000335101F5DA4FBD44646173F4FC7C1700D
:10B3E000E3D305878787878787878787878705D3FD
:10B3F000E32DA6A4DFDFDFDFDF76CDCDCFACC1E369
:10B40000D3D387878787D3D3D305057070702DF387
:10B41000F3F3F3A6FD58AF29CECE8E8E0A0A349AE6
:10B42000B4B4F6F62FAB5539F53503030303030324
:10B430000303033535030303030303030303030378
:10B4400035353535350303030303034949CCCCCCEB
:10B450008635F8D7F9D87D083072CFB9F6F62F0EB9
:10B46000ED33D9F5B803B8DE1DD8A0E7CE34340EDD
:10B4700006B9CD3DCD000000000000000000000036
:10B4800000000000000000000000000000000000BC
:10B4900000000000000000000000000000000000AC
:10B4A000000000000000000000000000000000009C
:10B4B000000000000000000000000000000000008C
:10B4C000000000000000000000000000000000007C
:10B4D000000000000000000000000000000000006C
:10B4E000000000000000000000000000000000005C
:10B4F000000000000000000000000000000000004C
:10B50000000000000000000000000000000000003B
:10B51000000000000000000000000000000000002B
:10B5200000000000000000000000CFCFB9B9CFD26A
:10B53000E7E7E7D2D234956C1E315DD81039A88286
:10B5400035B86B6B6B6B6B6B6B0303828282828291
:10B55000824986864A1DD88B2F2F76CD7681F0D7EB
:10B56000F8CC494949494949490335101F7D38FB01
:10B57000D4D246913FAF3C8470E3D38787878787D7
:10B580008787878787878705D3D3E3F38BDFDF3D03
:10B590003D3DCD3DB9183AE3D3D3D387878787871D
:10B5A00087D38787050570702D2D2DF3F33A113859
:10B5B000292929340A34CECEB4B4F6F6F62F1E7AF1
:10B5C0001D4ACC6B6B6B6B6B030303353535030383
:10B5D0000303030303030303033535353535030341
:10B5E00003030303494949494949868686F8D75DDB
:10B5F0007D08D078CFB9F63FC5C774D9F5B803DE5A
:10B60000331DD827D2CE34340E063DCD3DCD0000BB
:10B61000000000000000000000000000000000002A
:10B62000000000000000000000000000000000001A
:10B63000000000000000000000000000000000000A
:10B6400000000000000000000000000000000000FA
:10B6500000000000000000000000000000000000EA
:10B6600000000000000000000000000000000000DA
:10B6700000000000000000000000000000000000CA
:10B6800000000000000000000000000000000000BA
:10B6900000000000000000000000000000000000AA
:10B6A000000000000000000000000000000000009A
:10B6B000000000000000000000000000000000008A
:10B6C00000000000B9CF06B90EC5E7E7E7D2C5C54F
:10B6D0008E9507AE74D8F91DA8F535B86B6B6B6BFA
:10B6E0006B6B0303828282828282CC864A1DF47A4B
:10B6F0007BAFDB7676765931F9F8CC49494949492F
:10B700004949033510D87DBDFBD4D24691B4AF4F23
:10B710003970E3D3D387878787878787878787872A
:10B7200087D3D3E3C18CA47E3D3D3D3DB97884D31E
:10B73000D3D3D3D38787878787878787878705056D
:10B74000052D2D2D2DF32D1138AF3F4FCECECE2907
:10B7500029B42FF6F6F69A3E10A84A336B6B6B6B42
:10B760006B030303353535030303030303030303AB
:10B7700003033535353535030303030303494949CD
:10B7800049494949CC4986F874D7F95D7418380697
:10B79000CFA7F033D9F5B80333331DF9A7D2CE3490
:10B7A000340E063DCDCDF600000000000000000084
:10B7B0000000000000000000000000000000000089
:10B7C0000000000000000000000000000000000079
:10B7D0000000000000000000000000000000000069
:10B7E0000000000000000000000000000000000059
:10B7F0000000000000000000000000000000000049
:10B800000000000000000000000000000000000038
:10B810000000000000000000000000000000000028
:10B820000000000000000000000000000000000018
:10B830000000000000000000000000000000000008
:10B8400000000000000000000000000000000000F8
:10B850000000000000000000000000000000B9CF60
:10B86000B9CF0E34E7E7E78AD20A0A8A0C5AD0D851
:10B8700037F8F83535B89E9E6B6B6B030382828276
:10B88000828282368686D71F30A492DB76CD768080
:10B89000B537BFCC49494949496B6B0335BFF9F905
:10B8A000A391D4FBB746642F3F273A70E3D3D387E5
:10B8B00087878787878787878705050505053A6610
:10B8C000407EAFDF40AE9F70D3D38787424242872E
:10B8D00087878787878787D3D3D3702DF3F3F3F3D5
:10B8E00067C50606060E29298E64926592920EEDB2
:10B8F000BF74BF353503030303038236863535F540
:10B9000033DE0303DEDE0303030303030303030346
:10B9100086868686868649494949494949CCCCCCA0
:10B92000CC35BFBF105D55F027A30FDE35036B0389
:10B930003533F81D6B38D234D2349A3FCD3F0606EA
:10B9400000000000000000000000000000000000F7
:10B9500000000000000000000000000000000000E7
:10B9600000000000000000000000000000000000D7
:10B9700000000000000000000000000000000000C7
:10B9800000000000000000000000000000000000B7
:10B9900000000000000000000000000000000000A7
:10B9A0000000000000000000000000000000000097
:10B9B0000000000000000000000000000000000087
:10B9C0000000000000000000000000000000000077
:10B9D0000000000000000000000000000000000067
:10B9E0000000000000000000000000000000000057
:10B9F0000000000000000000B90606B90E34D28A2B
:10BA00008A8A0A0ACE8D6C72AE745DD71D4A828214
:10BA10009E6B6B6B030382828282828236864AD758
:10BA2000EC79C592DBB9B92F833337BFCC49B1B1BB
:10BA3000B1496B6B0335BFF91F8B91D4FBB7FB91F9
:10BA4000B4F6406770E3E3D3D38787878787878718
:10BA50008787050505050505C184679D8C84C1C1DF
:10BA600070D3D387424242428787878787878787F9
:10BA700087D3D3E3702DF3F39F78CF0606063F06F6
:10BA80000A3EC7A44F4FA427311074353503030372
:10BA900003033535F83374103974BF353533DE039D
:10BAA000030303030303030303868686868686490E
:10BAB000494949494949494949CC353535BF745DFA
:10BAC00074331ADEDE036B6B033533A81D79E7345C
:10BAD00034D2349A3FCD3406060000000000000046
:10BAE0000000000000000000000000000000000056
:10BAF0000000000000000000000000000000000046
:10BB00000000000000000000000000000000000035
:10BB10000000000000000000000000000000000025
:10BB20000000000000000000000000000000000015
:10BB30000000000000000000000000000000000005
:10BB400000000000000000000000000000000000F5
:10BB500000000000000000000000000000000000E5
:10BB600000000000000000000000000000000000D5
:10BB700000000000000000000000000000000000C5
:10BB800000000000000000000000000000000000B5
:10BB90000000B906B9B906CED2E7E7E78A0A654FD1
:10BBA0008D0CE230F9374A4A36496B6B6B030382DE
:10BBB00082828282823686F8D7ECC7CE92DB060676
:10BBC0002FBD7437BFCC49B1B1B1496B6B0335BFE1
:10BBD000D7EC24911746B7B746B4F67E38842D705B
:10BBE000E3D3D387878787878787878705050505F9
:10BBF000D3D3D3E3E37070E3E3D3D387424242422B
:10BC000042878787878787878787D3D3E3E32D2D6D
:10BC1000F3FD7EB9063F06DBB9ED4588B58BA3245D
:10BC20005D5DD7BF35036B03030335357474B524ED
:10BC300031551039A8F83303030303030303030347
:10BC40000303868686868686494949494949494982
:10BC500049490303353535BFBFBFBFBF0303036B7E
:10BC60006B0335BF1DD718E7D234D2340E06CD5939
:10BC7000069A000000000000000000000000000024
:10BC800000000000000000000000000000000000B4
:10BC900000000000000000000000000000000000A4
:10BCA0000000000000000000000000000000000094
:10BCB0000000000000000000000000000000000084
:10BCC0000000000000000000000000000000000074
:10BCD0000000000000000000000000000000000064
:10BCE0000000000000000000000000000000000054
:10BCF0000000000000000000000000000000000044
:10BD00000000000000000000000000000000000033
:10BD10000000000000000000000000000000000023
:10BD2000000000000000000000000000B906CFCFB6
:10BD3000CFC58AE7E716BABA946564657BBCDED7DF
:10BD40004A3649B86B6B03038282829E82823686B2
:10BD5000F8F4EC1E0E92DB3F3FB46E5D37BFCC496A
:10BD6000B1B1B1B11A6B0335BFD71FF0469191FB4A
:10BD7000B7819A3FAF4FAEF32DE3D3D3D3878787F5
:10BD800087878787878787D3D3D3050570E370D3E9
:10BD9000D3D3D3D38742424242428787878787875C
:10BDA000878787D3D3E3E32D2D1138DFB9F6F6F675
:10BDB000DBB9A023E1EC1FD8D8F9D7BF3535036B29
:10BDC000033535BF10B5C758A4A48BB55DF9D7D7D7
:10BDD000F83535B8B8B8030303030349494949495D
:10BDE0004986864949494949494949030303353543
:10BDF000353535358282036B6B6B6B35BF1D337800
:10BE0000E78ED2349A3FF6F6E70600000000000005
:10BE10000000000000000000000000000000000022
:10BE20000000000000000000000000000000000012
:10BE30000000000000000000000000000000000002
:10BE400000000000000000000000000000000000F2
:10BE500000000000000000000000000000000000E2
:10BE600000000000000000000000000000000000D2
:10BE700000000000000000000000000000000000C2
:10BE800000000000000000000000000000000000B2
:10BE900000000000000000000000000000000000A2
:10BEA0000000000000000000000000000000000092
:10BEB0000000000000000000000000000000000082
:10BEC000000000000000B906CFB9CFC50A8A1616D7
:10BED0001625CE4F4F928AEDAAA84A86B86B6B03FF
:10BEE000038282829E82823686F8F41F6E29DBDB13
:10BEF000063FB4075D37BFCC49B1B1B1B11A6B038E
:10BF000003BFD7F4D0801791FBB781349AAFAF58F5
:10BF100084F3E3E3E3D3D38787878787878787879C
:10BF20008787D30505050505D3D3D3D342424242C3
:10BF30004242428787878787878787D3D3E32D2D20
:10BF4000709FA3DF3D06062FF676C531EC98F4F41A
:10BF50005D5DD7F8BF3535036B0335357474180E46
:10BF6000B9063DCFBD317DF4371D39F5828282039C
:10BF700003030303494949494949868649494949CF
:10BF8000494949490303030303030303036B6B6B31
:10BF90006B6B6B6B354AD7DEED8181D2349A3FF6FD
:10BFA000DB060000000000000000000000000000B0
:10BFB0000000000000000000000000000000000081
:10BFC0000000000000000000000000000000000071
:10BFD0000000000000000000000000000000000061
:10BFE0000000000000000000000000000000000051
:10BFF0000000000000000000000000000000000041
:10C000000000000000000000000000000000000030
:10C010000000000000000000000000000000000020
:10C020000000000000000000000000000000000010
:10C030000000000000000000000000000000000000
:10C0400000000000000000000000000000000000F0
:10C0500000000000000000000000000000000000E0
:10C06000CFCFC506CFCE0A8A9595FB0A4F4F6464A1
:10C070004F7BB8A84AB86B6B03038282829E828290
:10C08000494A1DF4F983B43F3F3F2F64E57A37F8FE
:10C09000CC49B1B1B1B11A6B6B6B35D7D87A6ED4CC
:10C0A00091FBB7B78134293F4F78A670E3E3E3D320
:10C0B000058787878787878787878787D3D3D3D362
:10C0C000D3D3D38742424242424242428787878744
:10C0D0008787870505E3E32D2D3AD17EDFB9B906C1
:10C0E0002F76767B7AECB337D7D774F8F8353535B9
:10C0F00003030335357410A7B9F676763D0658313B
:10C100007DF4371DA882B8B803494903034949495A
:10C1100049494986864949494949494949030303E7
:10C1200003030303030303036B6B6B6B6B354A1D44
:10C13000B5BD8181D2340E060E3F00000000000024
:10C1400000000000000000000000000000000000EF
:10C1500000000000000000000000000000000000DF
:10C1600000000000000000000000000000000000CF
:10C1700000000000000000000000000000000000BF
:10C1800000000000000000000000000000000000AF
:10C19000000000000000000000000000000000009F
:10C1A000000000000000000000000000000000008F
:10C1B000000000000000000000000000000000007F
:10C1C000000000000000000000000000000000006F
:10C1D000000000000000000000000000000000005F
:10C1E000000000000000000000000000000000004F
:10C1F000000000000000000000004FCFCEAFAF4FA6
:10C200000AD28A95958E3429062994D1C34A356B72
:10C210001A03030303036B6B03CC4A1DF4F89C3F22
:10C220003F3F3F3FB41E0837F8CCB1B1B1B1B11AAE
:10C230006B6B6B3574D87DE2D4D4D454B7B7259AE0
:10C240000EAF40D19F2D2D70E30505878787878727
:10C2500087878787D3D3D3D3D3D342424242424244
:10C26000424242424287878787878705E3E3702DF2
:10C27000E3F367C5B9760606DB7676CFAEEC1F37FB
:10C2800010D7BFBF353535350303030335745D74EF
:10C290005806B9B9B9CDDF0641311FF437A8E035EA
:10C2A00035863636363636363686868686868686AF
:10C2B0008603030303030303030303030303036B63
:10C2C0006B6B6B6B6B6BB835A8AA41958ED29A3F9E
:10C2D0007606F600000000000000000000000000EC
:10C2E000000000000000000000000000000000004E
:10C2F000000000000000000000000000000000003E
:10C30000000000000000000000000000000000002D
:10C31000000000000000000000000000000000001D
:10C32000000000000000000000000000000000000D
:10C3300000000000000000000000000000000000FD
:10C3400000000000000000000000000000000000ED
:10C3500000000000000000000000000000000000DD
:10C3600000000000000000000000000000000000CD
:10C3700000000000000000000000000000000000BD
:10C3800000000000000000000000000000000000AD
:10C39000000000000E29572929CE34D28A8A8E8EB9
:10C3A000CE3F92AF18C31D35B86B03030303036B75
:10C3B0006B03354A1DD8B1E7293F3F3F3F641E0854
:10C3C00037F8CCB1B1B1B1B11A6B6B6B35BFD71FB8
:10C3D000F0D417D4FBB76195469AAF4F7EAE3AF3CF
:10C3E0002DE3E3D3D387878787D3D38787D3D3D36B
:10C3F000D3D3D342424242424242424242428787E0
:10C400008787D3D3D3E3E32D2D2D8458B9CD0606EA
:10C410000676CDB9A7081FF91DBFBF033503030377
:10C42000030303033535745DDE383F06060606DF79
:10C43000DB3F9C667D1F37734A4A86823636363626
:10C44000363686868686868686860303030303033E
:10C4500003030303030303036B6B6B6B6B6B6BB81F
:10C46000F81D7541958AD20E3F7606F60000000051
:10C4700000000000000000000000000000000000BC
:10C4800000000000000000000000000000000000AC
:10C49000000000000000000000000000000000009C
:10C4A000000000000000000000000000000000008C
:10C4B000000000000000000000000000000000007C
:10C4C000000000000000000000000000000000006C
:10C4D000000000000000000000000000000000005C
:10C4E000000000000000000000000000000000004C
:10C4F000000000000000000000000000000000003C
:10C50000000000000000000000000000000000002B
:10C51000000000000000000000000000000000001B
:10C520000000000000000000000000000000639A0E
:10C530001934349A348E8A8A8A0A29924FBC37F881
:10C540003503030303030303B8B80335BFC31FAAAE
:10C55000D23F3F3F3F3FB41E0837F8CCB1B1B1B135
:10C56000B11A6B1A6B35351DF47A4E1717D4FBB719
:10C5700061B78ECEAFAF406FA6F32DE3E3D3D3D335
:10C58000D3D3D3D3D3D3D3D3D3D3D3D342424242BF
:10C5900042424242424242878787D3D3D3E3E32DCC
:10C5A0002D2D8443CFB9B9B93F2FF6B9C57908F914
:10C5B0001D4A3535B8B86B030303030303353574DF
:10C5C0005D5D7B06063F3F0E293FDBAF3C09081F40
:10C5D00037E04A4A363636363686868686868686F8
:10C5E000868686B8B8B8B8B80335350303030303A5
:10C5F000036B6B6B6B6B6B6BB8BFA8240C168AD28A
:10C600000E06CDCDF6000000000000000000000086
:10C61000000000000000000000000000000000001A
:10C62000000000000000000000000000000000000A
:10C6300000000000000000000000000000000000FA
:10C6400000000000000000000000000000000000EA
:10C6500000000000000000000000000000000000DA
:10C6600000000000000000000000000000000000CA
:10C6700000000000000000000000000000000000BA
:10C6800000000000000000000000000000000000AA
:10C69000000000000000000000000000000000009A
:10C6A000000000000000000000000000000000008A
:10C6B000000000000000000000000000000000007A
:10C6C00000000000000000006363198134340A8A0E
:10C6D0008A8A342964C51AF4F83503030303030373
:10C6E0000303033535BFC31F75D2293F3F3F062FD4
:10C6F0001E08B3F849B1B1B1B1B11A6B1A6B033569
:10C700001D37083E9A17D446B761619595343FAFFF
:10C710004F2784C12D2D70E3E3D3D3D3D3D3D3D309
:10C72000D3D3D3D3D3424242424242424242424214
:10C7300087D3D3D3E3E3E32D2DF3A627CF06F6F675
:10C74000B906F6F6CF27F9D8D7A84A6B6B6B030367
:10C7500003030303030335BF10D81F2706063F0E4C
:10C760009A346592DB92C5C755ECF41D1D4A3636E6
:10C770003636868686868686868686860303030305
:10C78000030335350303030303036B6B6B6B6B6BA5
:10C790006BB8BFA824415B81D29A0676CDF6000023
:10C7A0000000000000000000000000000000000089
:10C7B0000000000000000000000000000000000079
:10C7C0000000000000000000000000000000000069
:10C7D0000000000000000000000000000000000059
:10C7E0000000000000000000000000000000000049
:10C7F0000000000000000000000000000000000039
:10C800000000000000000000000000000000000028
:10C810000000000000000000000000000000000018
:10C820000000000000000000000000000000000008
:10C8300000000000000000000000000000000000F8
:10C8400000000000000000000000000000000000E8
:10C8500000000000000000000000000000000000D8
:10C8600000007163638565348E8E8ECE9264A7F965
:10C8700037743503030303030303030335D939C3B3
:10C880001F79D229293F3FDBDB1E08F4F849B1B1FB
:10C89000B1B1B11A6B6B6B6BDEF8377D3080171757
:10C8A00046FB6185616125340ECF7E7B67C1F3F362
:10C8B0002D70E3E3D3D3D3D3D3D3D3D3D3D3424253
:10C8C000424242424242D3D3D3D3D3E3E3E3E32D04
:10C8D000F3F311A3CF06F6F6F606F6F6F6EDD0372B
:10C8E0001D1D4A826B6B6B030303030303030333B6
:10C8F000BF101FEC1806060E0ECE258ECE3F06DBAF
:10C90000CEA399ECF4371D4A4A4A828686868686EB
:10C9100086868686860303030303033535030303F4
:10C920000303036B6B6B6B6B6B6BB835A8794121A1
:10C930008AD29A06F6CDF600000000000000000042
:10C9400000000000000000000000000000000000E7
:10C9500000000000000000000000000000000000D7
:10C9600000000000000000000000000000000000C7
:10C9700000000000000000000000000000000000B7
:10C9800000000000000000000000000000000000A7
:10C990000000000000000000000000000000000097
:10C9A0000000000000000000000000000000000087
:10C9B0000000000000000000000000000000000077
:10C9C0000000000000000000000000000000000067
:10C9D0000000000000000000000000000000000057
:10C9E0000000000000000000000000000000000047
:10C9F0000000000000000000000000E971E94E9A0C
:10CA00009A8E8E8E9A65CE18F9D774D9D9B8B8B8DF
:10CA1000B8030303B835D9A8C37D790A292929B4F5
:10CA20002F92ED081F4A3636B1B1B1B1B1B1B1B1F3
:10CA300049B186D7F91FA32FB49125616C6C6C3C6A
:10CA40005F4FAFDF7E406FA6F3F32D2D2D2DE3E377
:10CA5000D3D3D3D3D3D3D3424242424242424242BF
:10CA6000D3D3E3E32D2D2D2D2DF38C3806767606CA
:10CA7000060606CDCDA40FD71D1D4A864949494952
:10CA8000494949494949494933F8371F88E2763FBE
:10CA90000E9A34D2D234340E3F3F3F9C6667EC3757
:10CAA00073E0A8823636823636828282828203031F
:10CAB00003030303353503030303030303036B6B12
:10CAC0006B6B6BB8BFA879BD856C819A2F76CD76DC
:10CAD0000000000000000000000000000000000056
:10CAE0000000000000000000000000000000000046
:10CAF0000000000000000000000000000000000036
:10CB00000000000000000000000000000000000025
:10CB10000000000000000000000000000000000015
:10CB20000000000000000000000000000000000005
:10CB300000000000000000000000000000000000F5
:10CB400000000000000000000000000000000000E5
:10CB500000000000000000000000000000000000D5
:10CB600000000000000000000000000000000000C5
:10CB700000000000000000000000000000000000B5
:10CB800000000000000000000000000000000000A5
:10CB900000000000E97171199A9A8E8E8E9A299C74
:10CBA000AAF9D774D9D9B8B8B8B8030303B835D936
:10CBB000A8C37D758A292929B42FDB7B08ECA83608
:10CBC00036B1B1B1B1B1B1B1B149B186F8F9EC66E4
:10CBD0000EB41746956C6C213C3C8ACEAFDF7E4F7D
:10CBE0007BFD84F3F32D2D2DE3E3E3D3D3D3D3D314
:10CBF000D3D3D3D3D3D3D3D3D3D3E3E32D2D2DF3B7
:10CC0000F39F79A4B97676F6F6F6F676CDB91810D4
:10CC10001D1D4A864949494949494949494949499E
:10CC20008633D737EC7A583F3F0E9A34D2D2D2D2DD
:10CC30003429293FAFA42730081F37731D4A824A81
:10CC40008236828282828203030303030335350323
:10CC5000030303030303036B6B6B6B6BB8BFA87514
:10CC60006E3B02819AF676CD76000000000000004F
:10CC700000000000000000000000000000000000B4
:10CC800000000000000000000000000000000000A4
:10CC90000000000000000000000000000000000094
:10CCA0000000000000000000000000000000000084
:10CCB0000000000000000000000000000000000074
:10CCC0000000000000000000000000000000000064
:10CCD0000000000000000000000000000000000054
:10CCE0000000000000000000000000000000000044
:10CCF0000000000000000000000000000000000034
:10CD00000000000000000000000000000000000023
:10CD10000000000000000000000000000000000013
:10CD200000000000000000000000000000E971C9E0
:10CD3000809A9A8E8E3429CEED7AF93974D9D9B881
:10CD4000B8B8B8030303B835D9A8C3D8758A292958
:10CD500029B4DB92587AEC1D3636B1B1B1B1B1B11C
:10CD6000B1B149494986D71F087B06648D8E165795
:10CD7000BB973C3C8A4F7E7EDFDF7EA4AEA6F3F3FA
:10CD8000F32D2D2DE3E3E3E3E3D3D3D3D3D3E3E3D5
:10CD9000E3E32D2D2D2DF3F3F3117BDF06F6F6F6ED
:10CDA0000606F676CDB97874A8E04A363636494993
:10CDB0004949494949494986868674D7F488A0C5B6
:10CDC0003F0E0E9A343434343434342992DBDB2968
:10CDD0004131881F37371D4A4A4A828282828282C5
:10CDE00003030303030335350303030303030303AF
:10CDF0006B6B6B6B6BB8BFE0AA728302819A2F7664
:10CE0000F6760000000000000000000000000000B6
:10CE10000000000000000000000000000000000012
:10CE20000000000000000000000000000000000002
:10CE300000000000000000000000000000000000F2
:10CE400000000000000000000000000000000000E2
:10CE500000000000000000000000000000000000D2
:10CE600000000000000000000000000000000000C2
:10CE700000000000000000000000000000000000B2
:10CE800000000000000000000000000000000000A2
:10CE90000000000000000000000000000000000092
:10CEA0000000000000000000000000000000000082
:10CEB0000000000000000000000000000000000072
:10CEC0000000000000007171C4B79A9A34349AB41B
:10CED000C57908F93939D9D9D9D9D9350303030323
:10CEE00035D9A8C3B399E729CE656564DB9CD088A2
:10CEF000374A3636B1B1B1B1B1B1B1B1B14986F845
:10CF0000F4EC0FC52F640A95570CC8C80C973C94D5
:10CF10004FDFDF3DDFDFA4C79D843AF3F32D2D7093
:10CF2000E3E3E3E3E3E3E3E3E3E32D2DF3F3F3C12F
:10CF300011AEA4DF3D76F6B43FF6F6F6F6B9A7B526
:10CF4000D71D4A3636364949494949494949494927
:10CF500086868674F9EC55383FF6060E0E0E0E0ED8
:10CF60009A9A3434CE293F2F2F920AC7D0EC1FF45F
:10CF70001DA84A4A828282828203030303030303B9
:10CF80000303030303030303036B6B6B6B6BB8BFF8
:10CF9000A8991E830281B42F76F676000000000067
:10CFA0000000000000000000000000000000000081
:10CFB0000000000000000000000000000000000071
:10CFC0000000000000000000000000000000000061
:10CFD0000000000000000000000000000000000051
:10CFE0000000000000000000000000000000000041
:10CFF0000000000000000000000000000000000031
:10D000000000000000000000000000000000000020
:10D010000000000000000000000000000000000010
:10D020000000000000000000000000000000000000
:10D0300000000000000000000000000000000000F0
:10D0400000000000000000000000000000000000E0
:10D05000000000000000000000000000000000715F
:10D06000C93B91B49A349A9AB47B087D103939D966
:10D07000D9D9D9D9350303030335BFA873B3A89C05
:10D0800029CE656592DBCE6645F44A3636B1B1B13C
:10D09000B1B1B1B1B1B1B149F8D7F4EC722F924F3F
:10D0A0003495BBC85252C8C897A4C5AFDFDFDFAF05
:10D0B000DF4FA47BAE113AC1700570E3E3E3E3E315
:10D0C000E3E32DF3F3F39F9D43C506DBCD76060620
:10D0D0003FF6F676F63F58B5F91D4A4A36363649D8
:10D0E0004949494949494949498686F8D71F88A08D
:10D0F000CE92F6063F3F3F3F3F0E0E0E3434CEAF8A
:10D100003F923F92659C66ECEC1F371D1DBF358238
:10D1100082820303030303030303030303030303E1
:10D1200003036B6B6B6B6B03BFA86BFCAB0281B42F
:10D130002F76F676000000000000000000000000DE
:10D1400000000000000000000000000000000000DF
:10D1500000000000000000000000000000000000CF
:10D1600000000000000000000000000000000000BF
:10D1700000000000000000000000000000000000AF
:10D18000000000000000000000000000000000009F
:10D19000000000000000000000000000000000008F
:10D1A000000000000000000000000000000000007F
:10D1B000000000000000000000000000000000006F
:10D1C000000000000000000000000000000000005F
:10D1D000000000000000000000000000000000004F
:10D1E000000000000000000000000000000000003F
:10D1F0000000000000000000C04646B4B465349A48
:10D200009A9A18885D1039D9B8B8B8D9D9350303B6
:10D21000030335D93939B3B30C6565656592DB3FD6
:10D22000C745981D8236B1B1B1B1B1B1B1B1B1B19B
:10D230001A86D7371FF0C53F9229CE8A97C8DC528D
:10D24000525258383C0A4FAFDF3DB9DFDFDF4F7B2A
:10D2500027BCFD39676723232367679DACD17838E6
:10D26000CFDF7676DBDB063F3F062F2FF606EDB5E8
:10D270005D1D4A8649363636494949494949494931
:10D2800049868686D737EC7A7B292FF62FB4F606A7
:10D29000AF29293FB42929294F29293FDB9265E786
:10D2A0008B74EC1F373739BF353582030303B8B8A9
:10D2B0000303030303036B6B6B6B6B6B6B6B6B6B2E
:10D2C000B874A833E2AB0281B4F6F6F6760000003B
:10D2D000000000000000000000000000000000004E
:10D2E000000000000000000000000000000000003E
:10D2F000000000000000000000000000000000002E
:10D30000000000000000000000000000000000001D
:10D31000000000000000000000000000000000000D
:10D3200000000000000000000000000000000000FD
:10D3300000000000000000000000000000000000ED
:10D3400000000000000000000000000000000000DD
:10D3500000000000000000000000000000000000CD
:10D3600000000000000000000000000000000000BD
:10D3700000000000000000000000000000000000AD
:10D38000000000000000000000000000000000009D
:10D3900000C02F3F2F1765349A3F81F0ECD8103929
:10D3A000D9B8B8B8D9D9350303030335B8BF39C3E1
:10D3B0001F724691CECE642F2FBD88ECB3E09E1A2B
:10D3C0001AB1B1B1B1B1B11A1A1A6BBFBFF9086F76
:10D3D00006923F29290A21C8DCDCDC5252520C3C5F
:10D3E0005F4FDF3D3D3D3D3D3D3D3DDFDF7E7E7E90
:10D3F0004F4F4F7E7EDFDFDFB97676B906DB3F3FEA
:10D400003F06062FF63F7833F9D7F8864936B1B193
:10D41000B14949494949494949CCCC86F8D7F47DB5
:10D420006F4F063FF62FF676AF26FD0CCE76AF4F48
:10D430006591CECECE293FDBDB4F7B31EC1FF4F97B
:10D44000D7BFBF8603030303030303030303036B75
:10D450006B6B6B6B6B6B6B6B6BB8BFA833E2830250
:10D46000D29AF6F6F67600000000000000000000F8
:10D4700000000000000000000000000000000000AC
:10D48000000000000000000000000000000000009C
:10D49000000000000000000000000000000000008C
:10D4A000000000000000000000000000000000007C
:10D4B000000000000000000000000000000000006C
:10D4C000000000000000000000000000000000005C
:10D4D000000000000000000000000000000000004C
:10D4E000000000000000000000000000000000003C
:10D4F000000000000000000000000000000000002C
:10D50000000000000000000000000000000000001B
:10D51000000000000000000000000000000000000B
:10D5200000000000000000000000F62FF6F617349F
:10D5300034293F4155D81039D9D9B8B8B8D9D935D7
:10D540000303030335D9D939C3EC0981D4296564B0
:10D55000B42F290F889873829E1A1AB1B1B1B1B154
:10D560001A1A1A1AB8351DD808EDCF2FB464650AF7
:10D57000BA0C52070707DCDC52C8975F4FAFDF3D9C
:10D580003D3D3D3D3D3DDFDFDFDFDFDFDFDFDF76E0
:10D59000760606AFAF3FAF3FDB2FF6F6B9E76F5D1C
:10D5A000C3D7F886494936B1B1B1494949494949D2
:10D5B0004949CCCCF8F8F9ECAAA4AF063FF6F676C8
:10D5C000DF3811C1846FC5AF929264CECE34CECE17
:10D5D000293F924FA4181088F4371DF8BF35353510
:10D5E00003030303030303036B6B6B6B6B6B6B6BCB
:10D5F0006B6BB8BFA833E28302D29AF6F6F6F60058
:10D60000000000000000000000000000000000001A
:10D61000000000000000000000000000000000000A
:10D6200000000000000000000000000000000000FA
:10D6300000000000000000000000000000000000EA
:10D6400000000000000000000000000000000000DA
:10D6500000000000000000000000000000000000CA
:10D6600000000000000000000000000000000000BA
:10D6700000000000000000000000000000000000AA
:10D68000000000000000000000000000000000009A
:10D69000000000000000000000000000000000008A
:10D6A000000000000000000000000000000000007A
:10D6B000000000000000000000000000000000006A
:10D6C000000000F676762F173465640EE208D81055
:10D6D00039D9D9B8B8B8D9D9350303030335D9D95D
:10D6E00039C31FB59CD4646591B42F29ED08ECB300
:10D6F000A8829E1AB1B1B1B1B11A1A1A1A1A82F8D7
:10D70000F97D31C5F6F63F29290A8A6CC80772727D
:10D71000D5727243DCC8975F7EDF3DDF3D3D3D76CD
:10D720007676DBDBDBDBDB9292923F3F2929293FD8
:10D73000DBDBF62F2F7B315DD7E04A86494949363E
:10D74000B1B1B1B1B1494949494949CCCCF8D7F453
:10D750007A784F3F06F6F676CF409D702DF33A6704
:10D7600058AFAF9229CE340A34CE2992924FC5EDEC
:10D7700030EC1F3737D7BF353535B80335350303A0
:10D78000036B6B6B6B6B1A1A1A1A1AB8BFA8CCFC16
:10D790003B02D29AF6F6F6F6000000000000000008
:10D7A0000000000000000000000000000000000079
:10D7B0000000000000000000000000000000000069
:10D7C0000000000000000000000000000000000059
:10D7D0000000000000000000000000000000000049
:10D7E0000000000000000000000000000000000039
:10D7F0000000000000000000000000000000000029
:10D800000000000000000000000000000000000018
:10D810000000000000000000000000000000000008
:10D8200000000000000000000000000000000000F8
:10D8300000000000000000000000000000000000E8
:10D8400000000000000000000000000000000000D8
:10D85000000000000000000000000000F676CD2F60
:10D8600017CE65910A6608D810BFD9D9B8B8B8D90B
:10D87000D9350303030335D9D9F5C3D81FA7D41766
:10D8800091910E642F0A66EC1F1DF59E36B1B1B161
:10D89000B1B11A1A1A1A1A1AF5A8107D79A4B9B9D1
:10D8A0003FB465650A8A0C52D55326262653537217
:10D8B000DCC83CC5AF060606DBDBDB929292922900
:10D8C00065656564646464B492DB0606E7E2337DF3
:10D8D000D7A8864949B1B1B1B1B1B1B1B1B14949E6
:10D8E000494949CCCCF8F8F4ECF0384FDB3FF6F678
:10D8F000CD7E183A2D2D2D2DC1848B40AFAF4FCE4C
:10D900000A3434CE4F4F92924F3824D898F4F910FD
:10D9100039353535033535036B6B6B6B6B6B6B1AB8
:10D920001A1A1A1AB8BF1DB11E3B02D29AF6F6F6A1
:10D93000F6000000000000000000000000000000F1
:10D9400000000000000000000000000000000000D7
:10D9500000000000000000000000000000000000C7
:10D9600000000000000000000000000000000000B7
:10D9700000000000000000000000000000000000A7
:10D980000000000000000000000000000000000097
:10D990000000000000000000000000000000000087
:10D9A0000000000000000000000000000000000077
:10D9B0000000000000000000000000000000000067
:10D9C0000000000000000000000000000000000057
:10D9D0000000000000000000000000000000000047
:10D9E0000000000000000000000000000000000037
:10D9F0000000000000F6F6F62F912964170C7A7AE1
:10DA00001039BFD9D9B8B8B8D9D93503030303350C
:10DA1000D9D9D939F9EC6FFB1717919A17640658C1
:10DA200082ECF41D8236B1B1B1B1B11A1A1A991A49
:10DA30001A8282A8D77D24C5B9F62FB429CECECEBE
:10DA4000E7E443536969696926265353A7C54F29FB
:10DA500029292929CECE29CECE656565646464B4B2
:10DA60002F92DB067BF008D8D74A86CCB1B1B1B192
:10DA7000B1B1B1B1B1B1B14949494949CCCCF8D7FB
:10DA8000F4EC1ECE292F3FF676DF38842DF32D2DB2
:10DA90007070709F9D58AF9229348E8E8EC54F65E1
:10DAA0006465293C7839981FD810BFBF35353535A6
:10DAB000036B6B6B6B6B6B6B1A1A1A1A1AB8BF1D60
:10DAC00099723B02D29AF6F6F6F6000000000000CA
:10DAD0000000000000000000000000000000000046
:10DAE0000000000000000000000000000000000036
:10DAF0000000000000000000000000000000000026
:10DB00000000000000000000000000000000000015
:10DB10000000000000000000000000000000000005
:10DB200000000000000000000000000000000000F5
:10DB300000000000000000000000000000000000E5
:10DB400000000000000000000000000000000000D5
:10DB500000000000000000000000000000000000C5
:10DB600000000000000000000000000000000000B5
:10DB700000000000000000000000000000000000A5
:10DB8000000000000000000000000000000006B9D6
:10DB9000B93F654F64911E085D1039D9D9B8D9D9FC
:10DBA000D9D9D9350303030335D9D9D9BF10F431F5
:10DBB0005791919A919A0E3F0E7B55EC371D4A9ED4
:10DBC0009E1A1A6B1A1A1A1A1A1A9E9EF539C3F956
:10DBD00024A4B92FDB3F3F294F4F4F0A3C527226F6
:10DBE0008989894727A33C940A8DCECECECECE34E8
:10DBF0008D3465292964922F2FF664BB185D1FF9B7
:10DC000010BF036B1AB1B1B1B1B1B1B1B1B1B1B122
:10DC10004949494949CC33F8377D31D23F3F2F2F0D
:10DC2000F63DCFD0F3F32D707070702D2D7084D130
:10DC30000AAF4FCE0A8A8A8E0A34CE294F4F7B31E3
:10DC400088ECF4374A86866B6BB86B6B6B6B6B1A20
:10DC50001A1A1A1A1A1AB835A80F6E3B614664F6DA
:10DC6000CDF6CD0000000000000000000000000024
:10DC700000000000000000000000000000000000A4
:10DC80000000000000000000000000000000000094
:10DC90000000000000000000000000000000000084
:10DCA0000000000000000000000000000000000074
:10DCB0000000000000000000000000000000000064
:10DCC0000000000000000000000000000000000054
:10DCD0000000000000000000000000000000000044
:10DCE0000000000000000000000000000000000034
:10DCF0000000000000000000000000000000000024
:10DD00000000000000000000000000000000000013
:10DD10000000000000000000000000000000000003
:10DD2000000000000000000629062934CE648109A5
:10DD30007A1039BFD9D9B8D9D9D9D9D9350303037C
:10DD40000335D9D9D9BF39375DFC91919191349A76
:10DD50000E0ECFA37DECF41DA8F5821A1A1A1A1A1A
:10DD60001A1A1A9E9E82F539C3D80FA7B97676DBA8
:10DD70003F3F3FCF4F4F4F8A975253698B2772A433
:10DD80000A0A0A0A0A0A0ACECE6565646464172F75
:10DD9000DB3FE7C730087DF9D7BF356B1A1AB1B141
:10DDA000B1B1B1B1B1B1B1B1B14949494949CC33CE
:10DDB0001DF45D780E063F3FF676761E3AF32D7021
:10DDC000707070702D7070709F3EAFAFCE0A8A95E4
:10DDD0008A8A8E0ACE29CFCFA4A08888F4371DF86E
:10DDE0000303B86B6B6B6B6B1A1A1A1A1A1A6B3522
:10DDF000BFA8BCAB85618164F6CDF6CD0000000004
:10DE00000000000000000000000000000000000012
:10DE10000000000000000000000000000000000002
:10DE200000000000000000000000000000000000F2
:10DE300000000000000000000000000000000000E2
:10DE400000000000000000000000000000000000D2
:10DE500000000000000000000000000000000000C2
:10DE600000000000000000000000000000000000B2
:10DE700000000000000000000000000000000000A2
:10DE80000000000000000000000000000000000092
:10DE90000000000000000000000000000000000082
:10DEA0000000000000000000000000000000000072
:10DEB0000000000000000000000000000000004F13
:10DEC0003F06062934CE6557667D1039D9D9D9D990
:10DED000D9D9D9D9D9350303030335D9D9D9D939F2
:10DEE0001DD8B59C17179134349A0E3FCFA310EC70
:10DEF0001FF93939D9B81A1A1A1A1A1A991A9E8298
:10DF0000F58239D85527C5B9CDF62F2F0606060656
:10DF1000064F4F0A977B529CCE0A0A0ACECECECE2F
:10DF2000292929B4B4B4B4B40E9CE2D0085DF9D761
:10DF3000F833036B1A1A1AB1B1B1B1B1B1B1B1B1C1
:10DF4000B1B14949494949CC33D77DB53806063F77
:10DF50003FF676DF9DC12DE370050505707070E317
:10DF6000059F8BDFAFCE0A8A8A8A8A8A8E0ACE29DB
:10DF70004F4F94275D881FF9BF3535B86B6B1A1A60
:10DF80001A1A1A1A1A1A1AB835F83527836161FB5A
:10DF90009AF6CDF6CD000000000000000000000061
:10DFA0000000000000000000000000000000000071
:10DFB0000000000000000000000000000000000061
:10DFC0000000000000000000000000000000000051
:10DFD0000000000000000000000000000000000041
:10DFE0000000000000000000000000000000000031
:10DFF0000000000000000000000000000000000021
:10E000000000000000000000000000000000000010
:10E010000000000000000000000000000000000000
:10E0200000000000000000000000000000000000F0
:10E0300000000000000000000000000000000000E0
:10E0400000000000000000000000000000000000D0
:10E05000000000000000004F4FCEAF3FCE348D6572
:10E0600041B55D39BFD9D9D9D9D9D9D9D9D935038C
:10E0700003030335D9D9D9D9BF1DF97DC7D2176498
:10E080009A34340E290ECF43D0881FD8C339F58275
:10E09000829E9E1A1A9E9E999E82F539C3F9D80FC8
:10E0A000A3CF3DF6F6B906B9B9B906060606AF3FE5
:10E0B0000E29CECECECECE29293F3F06063F06CF33
:10E0C000A709300808D8D7A882CCDE1A1A1A1A99DC
:10E0D000B1B1B1B1B1B1B1B1B1B1B1B1B1B1494900
:10E0E000F874F97D6F0E06063FF67606589F70E3CA
:10E0F000E3050505050570E30505DAA4AFAFCE8E8F
:10E100008A8A8E0A8A8A8E0ACE29AF924FA33088D5
:10E110007D5DD7BFB8031A1A1A1A1A1A1A1A1A1AD0
:10E12000B8BFF8AAA73B6C59FB64F6F6F6F60000F8
:10E1300000000000000000000000000000000000DF
:10E1400000000000000000000000000000000000CF
:10E1500000000000000000000000000000000000BF
:10E1600000000000000000000000000000000000AF
:10E17000000000000000000000000000000000009F
:10E18000000000000000000000000000000000008F
:10E19000000000000000000000000000000000007F
:10E1A000000000000000000000000000000000006F
:10E1B000000000000000000000000000000000005F
:10E1C000000000000000000000000000000000004F
:10E1D000000000000000000000000000000000003F
:10E1E0000000000000000000000000000000004FE0
:10E1F000CE3C4FAF2934348D65A7D01039BFD9D963
:10E20000D9D9D9D9D9D9D9350303030335D9D9D91E
:10E21000D9D974D7F974BD34649A3434CE0E0E292A
:10E220004FA47988ECECF939BFF5829E9E9E9E9EA4
:10E230009E9E9ED9BFA8A8F4D87DAAEDC5B9CDB938
:10E24000B9B9B9F6F6F6F6F62F3F290E0E0E3FAF26
:10E25000AFAF06760606C5A7AE5D087D1FD7F8CC22
:10E260004936496B1A1A1A1A1AB1B1B1B1B1B1B122
:10E27000B1B1B1B1B1B1B14949F8D77D7A7BB4063A
:10E28000063FF6CDCFAC2DE3E3700505050505E3AC
:10E29000E3059FC7AFAFAFCE8E8E8E34CECECE34D9
:10E2A00034CECE0ECF4F4F9CAE8888D810BF356B82
:10E2B0001A1A1A1A1A1A1A1A6B35BF1DA00C8516CB
:10E2C00059FB64F6F676F60000000000000000003E
:10E2D000000000000000000000000000000000003E
:10E2E000000000000000000000000000000000002E
:10E2F000000000000000000000000000000000001E
:10E30000000000000000000000000000000000000D
:10E3100000000000000000000000000000000000FD
:10E3200000000000000000000000000000000000ED
:10E3300000000000000000000000000000000000DD
:10E3400000000000000000000000000000000000CD
:10E3500000000000000000000000000000000000BD
:10E3600000000000000000000000000000000000AD
:10E37000000000000000000000000000000000009D
:10E380000000000000000000CE295FAF29CE8E34CF
:10E3900091CE7855C339D9D9D9D9D935353535350F
:10E3A00035353503030335353535353374F97DF0AF
:10E3B00038B49A913434CE29293F3FA4A3797AEC1A
:10E3C00098F939F5821A9E9E9E9E9E9EB8B8F5A831
:10E3D00039C3B31FD8B51843C5067676CDF6F6F621
:10E3E0002F2F06AFAF3FAF2FDBDB3FB9C57B183117
:10E3F0007A08D8F9D7BFBF35CC49496B6B6B6B6BCB
:10E400001A1AB1B1B1B1B1B1B1B1B1B1B1B1B14992
:10E4100049CCF8D788F0C52F2F06F62FF67BA62D0E
:10E420007070708787050505E3E305ACA43FAF294D
:10E43000CE0A0ACECECE29CECECE4F4FCE29AF9227
:10E44000299CE255ECF41D4A826B1A1A9E9E9E1A74
:10E450004986F83999ED57E816E7D20ECD0676F6DB
:10E4600000000000000000000000000000000000AC
:10E47000000000000000000000000000000000009C
:10E48000000000000000000000000000000000008C
:10E49000000000000000000000000000000000007C
:10E4A000000000000000000000000000000000006C
:10E4B000000000000000000000000000000000005C
:10E4C000000000000000000000000000000000004C
:10E4D000000000000000000000000000000000003C
:10E4E000000000000000000000000000000000002C
:10E4F000000000000000000000000000000000001C
:10E50000000000000000000000000000000000000B
:10E5100000000000000000000000000000000000FB
:10E5200000CE29CE29CE8E8E3491C518103939D916
:10E53000D9D9D9D903033535353535350303030327
:10E540000303030335BFD7F91F79E79A9191343458
:10E55000349A0E3F3FB40E7B24555D103935039E2F
:10E560009E9E9E9E9EB8B8B8F53939C3F91F1FEC20
:10E570007A316FA7A4CFCFCF060606063F063F3FEE
:10E58000CFCFC5388B3108087DD8D8D7BF3535B83F
:10E590000303030303036B6B6B6B1AB1B1B1B1B12E
:10E5A000B1B1B1B1B1B1B1B14949CCF85D88C7CF12
:10E5B0002F2FB9CD2FCF24C12D7070058787878766
:10E5C000D3E3E3A6FF7E06AF29CECE29294FAF4F76
:10E5D000AF3F3FCF4FCE46293FAF3F3FBD3008F45E
:10E5E0001DA83535829E9E9E9E36861D393E380278
:10E5F00061598A340606CEB9F6000000000000001A
:10E60000000000000000000000000000000000000A
:10E6100000000000000000000000000000000000FA
:10E6200000000000000000000000000000000000EA
:10E6300000000000000000000000000000000000DA
:10E6400000000000000000000000000000000000CA
:10E6500000000000000000000000000000000000BA
:10E6600000000000000000000000000000000000AA
:10E67000000000000000000000000000000000009A
:10E68000000000000000000000000000000000008A
:10E69000000000000000000000000000000000007A
:10E6A000000000000000000000000000000000006A
:10E6B00000000000000000000000CE294F29CE8A93
:10E6C0008ACE919C241039BFD9D9D9D9D903033521
:10E6D000353535353503030303030303033535357A
:10E6E000D7F95D24380E9A9A9A349A9A0E3F3FB918
:10E6F0003DCF588BF05510F5829E9E9E9E9EB8B8D9
:10E70000B8F5F5F5393939C3D8989898B39E75BCE2
:10E710008B2778781E1EFCE2C7182499C3EC1F1FB4
:10E72000D8C33939BF35B86B1A6B6B6B03033536F9
:10E7300036824949B1B1B1B1B1B1B1B1B1B1B1B143
:10E74000B149B1CCD75D08EDB9F62FB9CDF6C5DA30
:10E75000707070050587878787D3E3701140DFDB12
:10E7600006AF293FAFAFAFA458AFAFDB063F3F0EB8
:10E77000CE29293FAF29576F557D37A8F5826B6B9E
:10E78000B8F54A4A1D990702E80216D20EB9CD061D
:10E790000600000000000000000000000000000073
:10E7A0000000000000000000000000000000000069
:10E7B0000000000000000000000000000000000059
:10E7C0000000000000000000000000000000000049
:10E7D0000000000000000000000000000000000039
:10E7E0000000000000000000000000000000000029
:10E7F0000000000000000000000000000000000019
:10E800000000000000000000000000000000000008
:10E8100000000000000000000000000000000000F8
:10E8200000000000000000000000000000000000E8
:10E8300000000000000000000000000000000000D8
:10E8400000000000000000000000000000000000C8
:10E850000000000A8ACECE8E168A343458AA39BFF8
:10E86000D9D9B8D9D9D903033535353503030303CD
:10E87000030303030303030303BFBF101031580E48
:10E880009A0E9A0E0E0E0E3F06F67676B9CFED3141
:10E89000BFF5F5B8B8B8B8B8B8B8B8B8F5F5F5F583
:10E8A00039C3C3D8B39898ECECEC888888888888FA
:10E8B00088888888ECECD8F9C31DF535826B6B1A13
:10E8C0001A6B0335353535BF39BFBF8649B1B1B194
:10E8D000B1B1B1B1B1B1B1B1B1B1B149F8D75D55D3
:10E8E00038B9F62FB9CDF67B9F7070E3058787871F
:10E8F00087D3D3E370A6E4DF2F7606060606AF5F64
:10E90000D0A6AEA4DFDFB9063F29CE292929921768
:10E9100065A7D008F41D393535F5A8A81D108B3B27
:10E92000E8E80216340ECD9A060000000000000050
:10E9300000000000000000000000000000000000D7
:10E9400000000000000000000000000000000000C7
:10E9500000000000000000000000000000000000B7
:10E9600000000000000000000000000000000000A7
:10E970000000000000000000000000000000000097
:10E980000000000000000000000000000000000087
:10E990000000000000000000000000000000000077
:10E9A0000000000000000000000000000000000067
:10E9B0000000000000000000000000000000000057
:10E9C0000000000000000000000000000000000047
:10E9D0000000000000000000000000000000000037
:10E9E0000000000000000000000000950A0ACE8E22
:10E9F00095168A0AD2ED6B397433D9B8D9D9D903AF
:10EA0000033535353503030303030303030303030E
:10EA1000030335BFBFD710B527E73F3F3F3F3F3F19
:10EA20003F0606B9763DB9F658B5D9F5B8B8B8B8C5
:10EA3000B8B8B8B8B8B8B8B8D9D9BFBFD710F9F90D
:10EA400073B3B3F4F4F4F4F4F43737F9F910D7BF2F
:10EA5000354A8203036B6B6B6B6B35BFBF39C3C326
:10EA6000C3D0D05DD7BF8649B1B1B1B1B1B1B1B1F9
:10EA7000B1B1B1B149F8D77DB5E7F6F6F6B9CDB980
:10EA8000AC05700505874287878787D3E30570AC9F
:10EA9000C5763D3DCD3DCD7E8B9F2DC1DA277EDFF6
:10EAA000DFB9AF2929292929656565383E5DD8F97F
:10EAB000A8A8A8A87310AE410259596C810ECD06C2
:10EAC000B9B90000000000000000000000000000D4
:10EAD0000000000000000000000000000000000036
:10EAE0000000000000000000000000000000000026
:10EAF0000000000000000000000000000000000016
:10EB00000000000000000000000000000000000005
:10EB100000000000000000000000000000000000F5
:10EB200000000000000000000000000000000000E5
:10EB300000000000000000000000000000000000D5
:10EB400000000000000000000000000000000000C5
:10EB500000000000000000000000000000000000B5
:10EB600000000000000000000000000000000000A5
:10EB70000000000000000000000000000000000095
:10EB80000000000A340CCE8E8A1616958E8A27BF96
:10EB90001D7433D9B8D9D9D90303353535350303B5
:10EBA00003030303030303030303036B03BFBFD781
:10EBB0005D55AEBB0E3F3F3F063F0606B9B93DCDA2
:10EBC000F6C531BFF5B8B8B8B8B8B8B8B8B8B8B8BD
:10EBD000B8D9D9D9824ABFBF74A8A8A81DD7D7D79A
:10EBE000D7D7D7F8E0E04A8282820349DEDEDE6BC7
:10EBF0006B6BB8BFD7F9F91FF9BC4358181039F837
:10EC000086B1B1B1B1B1B1B1B1B1B1B1B149F8F9F8
:10EC100008660EF6F6F6CDCD4FA605E3050587424C
:10EC200087878787D3D3E3709FA3B93D3D3D3DB927
:10EC30003884E3E370F39FFD5FDFDF060629CECE65
:10EC4000CE4F6565928AA333D8B373B3B33779BD1A
:10EC5000858A8AE75946F6CD9A0600000000000032
:10EC600000000000000000000000000000000000A4
:10EC70000000000000000000000000000000000094
:10EC80000000000000000000000000000000000084
:10EC90000000000000000000000000000000000074
:10ECA0000000000000000000000000000000000064
:10ECB0000000000000000000000000000000000054
:10ECC0000000000000000000000000000000000044
:10ECD0000000000000000000000000000000000034
:10ECE0000000000000000000000000000000000024
:10ECF0000000000000000000000000000000000014
:10ED00000000000000000000000000000000000003
:10ED100000000000000000000000000A340CCECE0D
:10ED2000956C026C9581E718D73333D9D9D9D9D9E5
:10ED3000D9030335353535353503030303030303A1
:10ED400003030303B8B8B835BFD7F9D8B58B9CF621
:10ED50002FF63F0606B9B9DF76F658DE33353503B0
:10ED6000030303030303030303030303B80303358C
:10ED70003535353535BFBFBFF8F8868686864949B3
:10ED800049494949494949B16BDE33F873B3F4D96C
:10ED9000A07B7ECD7606A7B510D786499E9E1A9E8B
:10EDA0009999B199B149DE33F9083E0E3F0EB9CDBC
:10EDB000B97BC1D3D3D3D387424242424287D3D314
:10EDC000E3C19D5FDFDBDBDF582305E32D2D2D2D18
:10EDD00005DA4740AF06CFCF9A34CECE2929290A8B
:10EDE0007BAEBFF4F4F9246E85619559598E3FB915
:10EDF0000EB9B90000000000000000000000000093
:10EE00000000000000000000000000000000000002
:10EE100000000000000000000000000000000000F2
:10EE200000000000000000000000000000000000E2
:10EE300000000000000000000000000000000000D2
:10EE400000000000000000000000000000000000C2
:10EE500000000000000000000000000000000000B2
:10EE600000000000000000000000000000000000A2
:10EE70000000000000000000000000000000000092
:10EE80000000000000000000000000000000000082
:10EE90000000000000000000000000000000000072
:10EEA00000000000000000000000000000005252BE
:10EEB0005252520ACE1629CE8E1602026C958159F4
:10EEC000A0D73333D9D9D9D9D9D903033535353575
:10EED000353503030303030303030303036B6B6B66
:10EEE0000303BF39105D55F01EC506F63F3FF6F629
:10EEF000F6F60EC774BF353503030303030303039C
:10EF00000303030303B803030335353535353535BE
:10EF10003586864949494949B1B1B1494949B1B1F3
:10EF20004935A8A8B31FD8757BCFB976CDCD760665
:10EF3000BD33D7F84A82B803031A49DE36B149DE39
:10EF4000335D88C7063F0EB9B9B9A3C1D3D3D3D3B4
:10EF50008742424242428787D3E3053A67A33C5F38
:10EF600014DA05E3E3E3E32D2D2D703AACFF7EDBED
:10EF7000649A9A340ACE29292929A47B18BC2738F7
:10EF800059165B59598E297606F6B9000000000023
:10EF90000000000000000000000000000000000071
:10EFA0000000000000000000000000000000000061
:10EFB0000000000000000000000000000000000051
:10EFC0000000000000000000000000000000000041
:10EFD0000000000000000000000000000000000031
:10EFE0000000000000000000000000000000000021
:10EFF0000000000000000000000000000000000011
:10F000000000000000000000000000000000000000
:10F0100000000000000000000000000000000000F0
:10F0200000000000000000000000000000000000E0
:10F0300000000000000000000000000000000000D0
:10F0400000000000000052528E52199A9A2929CECF
:10F050008E166C57026C8181BBBCF93374D9D9D937
:10F06000D9D9D903033535353535350303030303C2
:10F07000030303B8B8B86B6B6B6BB83535BFD75D9E
:10F080005DD06627BDE70E0E3FB49AA73174BF3539
:10F0900035030303B8B8B8B8B80303030303B803D0
:10F0A000030303030303030303034949494949498C
:10F0B000B1B1B1B1494949B13686BF7373B3B52710
:10F0C000CFB9F62F2FB9F6F6F62F8B101DA8A8A8EA
:10F0D000364A3682CC03036B0374D888273F3F0E31
:10F0E000B9B906273AD3D3D3D387424242424287A3
:10F0F0008705D3E3E305C1A6849F05E3E3E3E3E3E8
:10F10000E32DE3E370C111135F922929CECE34CEF3
:10F11000CE299A9A9A9AC59AD281958A8AD20E064F
:10F120000606B9000000000000000000000000001A
:10F1300000000000000000000000000000000000CF
:10F1400000000000000000000000000000000000BF
:10F1500000000000000000000000000000000000AF
:10F16000000000000000000000000000000000009F
:10F17000000000000000000000000000000000008F
:10F18000000000000000000000000000000000007F
:10F19000000000000000000000000000000000006F
:10F1A000000000000000000000000000000000005F
:10F1B000000000000000000000000000000000004F
:10F1C000000000000000000000000000000000003F
:10F1D00000000000000000000000000000CE6E19DA
:10F1E00052192546916429CE8E16575757025981D8
:10F1F000810C79F93374D9D9D9D9D9D90303030347
:10F20000030335350303030303030303030303036A
:10F2100003030303B80335F8BFD7F97D7AB53E275A
:10F22000EDA772183155BF3503030303030303032E
:10F230000303B803030303B8030303030303030334
:10F240000303034949494949494949494949494900
:10F25000364A4AD7F9C318A43F063F2F2F2F3F2F16
:10F260002FF6F65810B3737373E0E0F5BFD9DED90B
:10F27000B8BFD77D45A33F3F0ECF06067805D3D351
:10F28000D3D38742424242428787870505D3D305BD
:10F290000505E3E3E3E3E3D3D3D3E3E3E3E3E3709D
:10F2A0009F9DE44FAFCECE340A349A9A91919191BA
:10F2B00034FB46D2C5CE3FB93F0606000000000031
:10F2C000000000000000000000000000000000003E
:10F2D000000000000000000000000000000000002E
:10F2E000000000000000000000000000000000001E
:10F2F000000000000000000000000000000000000E
:10F3000000000000000000000000000000000000FD
:10F3100000000000000000000000000000000000ED
:10F3200000000000000000000000000000000000DD
:10F3300000000000000000000000000000000000CD
:10F3400000000000000000000000000000000000BD
:10F3500000000000000000000000000000000000AD
:10F360000000000000000000000000218D958D8D40
:10F37000CECECECE6529653429659A34349A9A3436
:10F380008A956C57570202598181410FD73374D93E
:10F39000D9D9D9D9D90303030303033535030303AB
:10F3A000030303030303030303030303036B0303C5
:10F3B00033864A1DF9D81F7D7D55D0745574BFBF63
:10F3C00003036B0303030303030303B803030303F0
:10F3D000B803030303030303030303034949494930
:10F3E00049494949494949498686A81D37AA723F72
:10F3F0003FDB3F29292929B4B42F76CDED6798B397
:10F40000B3B31A24C7E2C7A0AAD939F97D45ED06DE
:10F410003F0ECF3F3F43C105D3D3D3874242424241
:10F4200042874287057005D3D3D3D3E3E3D3D3D345
:10F43000D38787870570702DF32D70DA689429CEF5
:10F44000CE0A349ACE3434CECE3434340ECF3FB9D3
:10F45000060606000000000000000000000000009A
:10F46000000000000000000000000000000000009C
:10F47000000000000000000000000000000000008C
:10F48000000000000000000000000000000000007C
:10F49000000000000000000000000000000000006C
:10F4A000000000000000000000000000000000005C
:10F4B000000000000000000000000000000000004C
:10F4C000000000000000000000000000000000003C
:10F4D000000000000000000000000000000000002C
:10F4E000000000000000000000000000000000001C
:10F4F000000000000000000000000000000000000C
:10F50000000000BA8D253B219565659A65652992B5
:10F5100064656534348E8E8EE7166C0257808002E7
:10F520000281B7BDAAF9BF33D93503D9D9D90303AD
:10F530000303033535350303030303030303030305
:10F54000030303030303030303CC864A4ABFD7D74D
:10F55000F9F95DF91074BFBF35350303353535351D
:10F560003535353503B8B8B8B8B803030303038697
:10F570008686494949494949494936363636360326
:10F58000034AA8D7D76F9CF6F6B42929CE9A34CE71
:10F590009A642FF63FD1EC98E198E01EC53F06062D
:10F5A00029FCBF37D8EC45ED063F0ECF063F38A605
:10F5B0000505D38742874242424242878787050535
:10F5C00087D3D3D3D3D3D387878787878787050507
:10F5D000E32D2D2DC11143AFB49A910A3434343444
:10F5E00034349A9A3F3F06B93F06060000000000F7
:10F5F000000000000000000000000000000000000B
:10F6000000000000000000000000000000000000FA
:10F6100000000000000000000000000000000000EA
:10F6200000000000000000000000000000000000DA
:10F6300000000000000000000000000000000000CA
:10F6400000000000000000000000000000000000BA
:10F6500000000000000000000000000000000000AA
:10F66000000000000000000000000000000000009A
:10F67000000000000000000000000000000000008A
:10F68000000000000000000000000000000000007A
:10F690000000000000000000000046253B0CBB25D8
:10F6A00065656534346534346534348E8E259595BE
:10F6B000165902020202800202B781B76EAA37BF52
:10F6C00033D9B86BD9D9D9030303030335353503CF
:10F6D00003030303030303030303030303030303FA
:10F6E000030349498686F8F8F8F8F8F8F874BF3546
:10F6F00035350303033535353535353535030303E6
:10F7000003030303030303038686864949494949E2
:10F7100049494936363636368635BF5D33A3B9B9E1
:10F72000762F649ACE348ED2349A642FCD9CB52332
:10F73000E1E1988B3FB97676762F0774F9D8884542
:10F74000EDAF3F0EAF3FF6CF6705E3D3D3878742D8
:10F7500042424242878787878787D3D38742424284
:10F7600042424242428787D3D3D370702D709FD1DB
:10F77000AF3FB464659A9A9A34349A0E3F3F063F7D
:10F78000D2B90600000000000000000000000000E8
:10F790000000000000000000000000000000000069
:10F7A0000000000000000000000000000000000059
:10F7B0000000000000000000000000000000000049
:10F7C0000000000000000000000000000000000039
:10F7D0000000000000000000000000000000000029
:10F7E0000000000000000000000000000000000019
:10F7F0000000000000000000000000000000000009
:10F8000000000000000000000000000000000000F8
:10F8100000000000000000000000000000000000E8
:10F8200000000000000000000000004E4E4E4E4E52
:10F830008D9146653B656565658D8E8A9516952526
:10F840008E8E8E258A95166C6C6C85855702020209
:10F8500002E8B7FBFB6E3137BF33D9B86BD9D9D9C2
:10F8600003030303033535350303030303030303D2
:10F870000303030303030303030303494986868643
:10F88000F8F8F886868635353503030303033535E6
:10F89000353535353535030303030303030303030C
:10F8A00003868686868686494949494936363636EC
:10F8B000368282747A27CFB9063FB4913434D28E1F
:10F8C0008ECE9AB4F6B98B8823E1E179C5067676B7
:10F8D00076762FA733F41F884572AF3F0E4F3F76E1
:10F8E000CFA33A70E3D38787424242424287878759
:10F8F0008787878787424242424242424242878705
:10F900008787D37070E3D342184F06B4B429914669
:10F91000464646340E0E06D23F063F000000000069
:10F9200000000000000000000000000000000000D7
:10F9300000000000000000000000000000000000C7
:10F9400000000000000000000000000000000000B7
:10F9500000000000000000000000000000000000A7
:10F960000000000000000000000000000000000097
:10F970000000000000000000000000000000000087
:10F980000000000000000000000000000000000077
:10F990000000000000000000000000000000000067
:10F9A0000000000000000000000000000000000057
:10F9B0000000000000000000000000000000000047
:10F9C000000000E8614E4E3B6191913446646464EE
:10F9D00034348E959516952525959516166C6C6C78
:10F9E0006C6C578502576C5980E8B7B746FB6EB50B
:10F9F00037BFBFD9B86BB8B8B80303030303030319
:10FA00000303030303030303030303030303033594
:10FA100035036B6B868686868686868686868635E1
:10FA200035353535353535353535353535353503B8
:10FA300003030303030303030303868686868649C1
:10FA4000494949494936363636864A4A5D24CFF611
:10FA500006060E9A3434D28E8A8ECE9A2FF6C5D9E7
:10FA600023E1E173BD1776DB2F2F2F2FBD33F41F5A
:10FA7000884527AF3F0E293FF6B940DA2DE3D3D3AF
:10FA80008742424242428787878787874242424273
:10FA900042424242424242424287878770E3D3D386
:10FAA0002051CF06F6F6AF468181818181D2C5D241
:10FAB000CFCF0000000000000000000000000000A8
:10FAC0000000000000000000000000000000000036
:10FAD0000000000000000000000000000000000026
:10FAE0000000000000000000000000000000000016
:10FAF0000000000000000000000000000000000006
:10FB000000000000000000000000000000000000F5
:10FB100000000000000000000000000000000000E5
:10FB200000000000000000000000000000000000D5
:10FB300000000000000000000000000000000000C5
:10FB400000000000000000000000000000000000B5
:10FB5000000000000000000000000054F74E83E8A1
:10FB6000FB1717919191919A349A348E9595951629
:10FB700016166C6C6C6C6C57576C6C166C581E0CB3
:10FB8000B7E859B78146466EB537BFBFD9B86BB82D
:10FB9000B8B80303030303030303030303030303CB
:10FBA0000303030303030303353503030386868638
:10FBB0008686494949868686353535353535353524
:10FBC0003535353535353535030303030303030375
:10FBD000030303868686868649494949494936365C
:10FBE0003636864AA87D78B9F606060E9A468ED233
:10FBF0008E8E3429B42F3F18E1E1E1E1A029172FBF
:10FC0000B464172F17BD74F91F8845C7AF3F0E6541
:10FC1000B4F63D7ED1C170E3D3D342424242428723
:10FC2000878787878742424242424242424242425B
:10FC3000424287878770D3D3054BFFDFCDCD06CEF9
:10FC400081814646818181C5CE0E00000000000002
:10FC500000000000000000000000000000000000A4
:10FC60000000000000000000000000000000000094
:10FC70000000000000000000000000000000000084
:10FC80000000000000000000000000000000000074
:10FC90000000000000000000000000000000000064
:10FCA0000000000000000000000000000000000054
:10FCB0000000000000000000000000000000000044
:10FCC0000000000000000000000000000000000034
:10FCD0000000000000000000000000000000000024
:10FCE00000000000000000000000000000000065AF
:10FCF0008D64919A4EF7D49191919146D4D4D49138
:10FD00009A34348E8195166C6C6C6C6C576C6C6C80
:10FD10006C6C6C166C383ED043B2E8B7B7FB464605
:10FD20006EDE37BFBFD9B803B8B8B8030303030307
:10FD30000303030303030303030303030303030393
:10FD40000335353535358686868686494949868622
:10FD50008635353535353535353535353535353502
:10FD60003503030303030303030303038686868625
:10FD70008649494949494936363636864A1DD87931
:10FD8000CF7606060E9A348E8E8E349A292FF6413F
:10FD90007AE1E1E139A4AF64646491172F2FBD7457
:10FDA000F9D8EC883E293F0E65293FB9DFA4112D13
:10FDB000E3D3D34242424242878787424242424291
:10FDC000424242424242424242424287878705D3F0
:10FDD000D39FD1403D3DCDD2AFCED2818181D2D211
:10FDE000C50000000000000000000000000000004E
:10FDF0000000000000000000000000000000000003
:10FE000000000000000000000000000000000000F2
:10FE100000000000000000000000000000000000E2
:10FE200000000000000000000000000000000000D2
:10FE300000000000000000000000000000000000C2
:10FE400000000000000000000000000000000000B2
:10FE500000000000000000000000000000000000A2
:10FE60000000000000000000000000000000000092
:10FE70000000000000000000000000000000000082
:10FE8000000000000000000A65656417171717914D
:10FE90001717D494948D3446FBFB8116BA3C9744D3
:10FEA000A95197575757576C6C1661E86141BC9838
:10FEB000D8ED25B2B7B7FB46466EB537F8333503F4
:10FEC000030303030303B80303030303030303034D
:10FED0000303030335353535353503030303038643
:10FEE00086868686868686868686868686868686B2
:10FEF0003535353535CCCCCCCCCC35030303033587
:10FF000086868686868686868686494949494949FF
:10FF10000303030303D939D80872F6CDF63F29CE7F
:10FF20004634CE9A64172F06A0EC23E1E127F6B4FD
:10FF3000649A3434293F2F6E74C3D80888AE0E3FBC
:10FF4000B4CE29AFDFDF7E43A670E3E3D342424263
:10FF50004242424242424242424242424242424281
:10FF60004242424287870570E3D34BC6B93D3DB953
:10FF7000B9060000000000000000000000000000C2
:10FF80000000000000000000000000000000000071
:10FF90000000000000000000000000000000000061
:10FFA0000000000000000000000000000000000051
:10FFB0000000000000000000000000000000000041
:10FFC0000000000000000000000000000000000031
:10FFD0000000000000000000000000000000000021
:10FFE0000000000000000000000000000000000011
:10FFF0000000000000000000000000000000000001
:1000000000000000000000000000000000000000F0
:1000100000000000000000000000000000008D8DC6
:1000200065976564171791919191D4D4D44646256C
:10003000B25B3CE4C65196FE1C7C1CC66C6C6C57D3
:100040006C6C16B2B28A3EF498D878B2F7B7B7465D
:100050009146BD3037F8333503030303030303B878
:1000600003030303030303030303030303353535CA
:1000700035353503030303038686868686868686A2
:100080008686868686868686863535353535CCCC19
:10009000CCCCCC35030303033586868686868686DC
:1000A0008686864949494949490303030303D9BF61
:1000B000C3ECD07BF6F6F6B4649191B4B4B42FF6E9
:1000C000581098E1E19EA4B41791348E349AB42F5D
:1000D000077439D87D0866C53F0ECECE29DFDFDF35
:1000E0004FAEC1E3E3D3D342424242424242424294
:1000F00042424242424242424242424242870570AA
:10010000E3E3425E403D3D3D3DCD00000000000088
:1001100000000000000000000000000000000000DF
:1001200000000000000000000000000000000000CF
:1001300000000000000000000000000000000000BF
:1001400000000000000000000000000000000000AF
:10015000000000000000000000000000000000009F
:10016000000000000000000000000000000000008F
:10017000000000000000000000000000000000007F
:10018000000000000000000000000000000000006F
:10019000000000000000000000000000000000005F
:1001A000000000000000000000000000000000004F
:1001B000000000C819195B650C8D65656417D4D4FF
:1001C00091D4D4D48154B76C9744A91B13FA9B7F64
:1001D00090EBA5FAE46C6C6C576C61B2F7D278D9ED
:1001E000C3C3D827B2F7FBB7469191BDB5F4F83336
:1001F0003503030303030303B8B8B8B8B8B803035F
:100200000303030303033535353535350303030392
:100210000386868686868686868686868686868601
:1002200086863535353535CCCCCCCCCC350303037F
:1002300003358686868686868686494949494949A0
:100240004949030303B803D9D939B3EC746FE7B94B
:10025000F617171717B42FF6A4319898E1E118CFC5
:10026000B49A348E818E9AB42F723339C3D87DF00C
:10027000A4060E29CE4FAFDFDFAFA467C1E3E3D3FF
:10028000D387424242424242424242424242424278
:10029000424242424287050570E3E311147ECD3DA0
:1002A0003D3D3D0000000000000000000000000097
:1002B000000000000000000000000000000000003E
:1002C000000000000000000000000000000000002E
:1002D000000000000000000000000000000000001E
:1002E000000000000000000000000000000000000E
:1002F00000000000000000000000000000000000FE
:1003000000000000000000000000000000000000ED
:1003100000000000000000000000000000000000DD
:1003200000000000000000000000000000000000CD
:1003300000000000000000000000000000000000BD
:100340000000000000000000000000615B19198D32
:1003500065658D65659191D4D4464681B7613C97BA
:10036000141B13FA9BB07F32EBEB152B6D3B6C6CBF
:100370006C6C6CB2B225BD301DC3C3D88B25FBFBA2
:10038000FB46179141B5F4F83335036B03030303C0
:10039000030303030303030303B80303B8030303C3
:1003A0000303353535030303030386868686868675
:1003B0008686868686868686868686353535353572
:1003C000CCCCCCCCCC35030303033586868686861D
:1003D0008686864949494949494949030303030334
:1003E000B8D93939C31F88D0EDB93FF62F2F2FB9AF
:1003F000B9A01F98B3E17D383F179AD281818E9AB8
:10040000B42F7233A8C3D81FB59C063F29CE4F4FD7
:10041000AFDF3D4FA4DAC1E3E3D3D3878742424243
:100420004242424242424242424242424242D3E37A
:10043000E370E39F4C403D3D3D3D3D3D00000000ED
:1004400000000000000000000000000000000000AC
:10045000000000000000000000000000000000009C
:10046000000000000000000000000000000000008C
:10047000000000000000000000000000000000007C
:10048000000000000000000000000000000000006C
:10049000000000000000000000000000000000005C
:1004A000000000000000000000000000000000004C
:1004B000000000000000000000000000000000003C
:1004C000000000000000000000000000000000002C
:1004D000000000000000000000000000000000001C
:1004E0000000004691195B46918D8D8D65659146A2
:1004F000FB468195210CDCCA13FE1C2E7C7C6A6AAB
:1005000048EF322B7F51026C6C6C16952565953E39
:1005100074E0A8391018254646FB4691640C31F466
:10052000F83335036B0303030303030303030303DC
:100530000303B86B6B030303030303353535030370
:1005400003030386868686868686868686868686D4
:10055000868686863535353535CCCCCCCCCC350346
:1005600003030335868686868686868649494949F9
:10057000494949490303036B6B82B8D9D93910B390
:10058000EC886672D276F676A4C7B3B3B3982379B3
:10059000CFB41734C581818E9AB42FA3D9A8C3D8FC
:1005A000D8D038B9B929294F4FAFB93DDF7E1411E2
:1005B000E3E3E3050587424242424242424242426D
:1005C000424242424242D3D3E3E370E30DFFAF3DE8
:1005D0003D3D3D3DB900000000000000000000006E
:1005E000000000000000000000000000000000000B
:1005F00000000000000000000000000000000000FB
:1006000000000000000000000000000000000000EA
:1006100000000000000000000000000000000000DA
:1006200000000000000000000000000000000000CA
:1006300000000000000000000000000000000000BA
:1006400000000000000000000000000000000000AA
:10065000000000000000000000000000000000009A
:10066000000000000000000000000000000000008A
:100670000000000000000000004634348E57349A19
:10068000CE348DFBF74646D281166CBB441B6DFA07
:100690001C2E2E01D6016A6A6AA25CEF32B644595A
:1006A00061616161B22565A7B54982391010BC94BA
:1006B0008D4646340E3F9C317DF83535036B030380
:1006C00003030303030303B8B8B8B803030303B871
:1006D000B803030335353586868686868686868604
:1006E00086868686868686868686868686868686AA
:1006F0008686CCCCCCCCCC494949494949CCCCCCD8
:10070000CCCCCCCCCC49494949494949496B6B6B64
:100710006B6B1A9E6BB835BFC3B31FEC1FB518EDDA
:10072000780F7AC3C3B398231E063F9A348E8A8A01
:100730008ECE292FA3F53910F9D8D87BF6B92929FF
:100740004F4FAFAFB9DFDF7E44DAC170707005057F
:100750008787874242424242424242424242D3D388
:100760002D2D2DD39FCA7E763D3DB9063DB90000A3
:100770000000000000000000000000000000000079
:100780000000000000000000000000000000000069
:100790000000000000000000000000000000000059
:1007A0000000000000000000000000000000000049
:1007B0000000000000000000000000000000000039
:1007C0000000000000000000000000000000000029
:1007D0000000000000000000000000000000000019
:1007E0000000000000000000000000000000000009
:1007F00000000000000000000000000000000000F9
:1008000000000000000000000000000000000000E8
:100810000034343434349A9A9A348D25FBFB258184
:100820008A3CE4A9CA4C9B2E322ED6010101DDDDA3
:10083000DDDD485C5CEB4C21B76161B2B2258D46D1
:100840003EDE1A6BD9741079CE4646469A0E3F8A20
:100850000FEC1DBF35036B6B6B6B030303030303CB
:100860006B6B0303030303030303030303353586A1
:100870008686868686868686868686868686868618
:100880008686868686868686868686494949494939
:1008900049494949494949494949494949494949C8
:1008A0004949494949496B6B6B6B6B6B6B6B6B6B64
:1008B00035F539C3B31FD81FD8D8D8103939C398E4
:1008C000D858063FCE8E8A8A818ECE3F2FED9ED994
:1008D00039C31FECEDF6063F294F4FAFAF06DFDF00
:1008E0007E7E44673A2D2DE3E3D3D3424242424217
:1008F000424242424242D3D3E3702D709FD140AF77
:10090000DB3D3D3DD2B9B900000000000000000011
:1009100000000000000000000000000000000000D7
:1009200000000000000000000000000000000000C7
:1009300000000000000000000000000000000000B7
:1009400000000000000000000000000000000000A7
:100950000000000000000000000000000000000097
:100960000000000000000000000000000000000087
:100970000000000000000000000000000000000077
:100980000000000000000000000000000000000067
:100990000000000000000000000000000000000057
:1009A000000000000000000046468D218E9A349A17
:1009B000348E2581B7B761BA3CE4A996FA2E7F013F
:1009C00032322ED6010101DDDDDDDD485C5CEF1346
:1009D00016B76161252546346ED003B16BF57410EE
:1009E000AA4F4646469A0E3FCEAE88D7F835036BDF
:1009F0006B6B6B03030303036B6B6B030303030357
:100A0000030303030303353586868686868686863A
:100A10008686868686868686868686868686868676
:100A20008686868649494949494949494949494942
:100A30004949494949494949494949494949496B04
:100A40006B6B6B6B6B6B6B6B1A1AB8F5D939C3C3D5
:100A5000C339C33939F5F5C398ACE7063FCE8E8A62
:100A60008A81349A3F2FED9EB839C31FEC8B3F0625
:100A70003F3FAF4FAFAFAF7E7EDF7E7EA4793A704F
:100A80002DE3E3D3D3D387874242424242D3D3E319
:100A9000E3E3E3E33AAE5FAF92DBDF3D3D3DB90018
:100AA0000000000000000000000000000000000046
:100AB0000000000000000000000000000000000036
:100AC0000000000000000000000000000000000026
:100AD0000000000000000000000000000000000016
:100AE0000000000000000000000000000000000006
:100AF00000000000000000000000000000000000F6
:100B000000000000000000000000000000000000E5
:100B100000000000000000000000000000000000D5
:100B200000000000000000000000000000000000C5
:100B3000000000000000000000000000000000466F
:100B40004691258D65348E8E8E819595166C3CE48C
:100B5000C651961C017C7C7CD6D6D60101010101D0
:100B6000DDDDDDDD485C48ADCA61B76161252591F9
:100B7000813EDE49B16BB8BF10B50A9191469A0E1D
:100B80003F646F88F9BF35036B6B6B6B6B6B6B6B83
:100B90006B6B6B6B6B6B6B0303030303030303034D
:100BA00003038686868686868686868686868686EB
:100BB000868649494949494949494949494949492B
:100BC0004949494949494949494949494949494995
:100BD00049494949494949496B6B6B6B6B1A1A1A68
:100BE0006B6B6B8282B8F5D9F58282828282F5398D
:100BF000C3670F0A3F29CE8E8A8A8E3429062FA317
:100C0000F5B8D939D898790E063F3FCFAFAF38A4A1
:100C10007E7EDFDFDFDF7E8B11C12D2DE3E3D3D3BB
:100C2000D3D3D3D342D3D3E3E3E32DE384D13C92B4
:100C300092923FDF3DD206B90000000000000000A4
:100C400000000000000000000000000000000000A4
:100C50000000000000000000000000000000000094
:100C60000000000000000000000000000000000084
:100C70000000000000000000000000000000000074
:100C80000000000000000000000000000000000064
:100C90000000000000000000000000000000000054
:100CA0000000000000000000000000000000000044
:100CB0000000000000000000000000000000000034
:100CC0000000000000000000000000000000000024
:100CD000000000000000008D9191F791646534815F
:100CE00095955916169C97C6516D1C017F6A6A6AC4
:100CF000D6D62E2E0101010101DDDDDDDD485CEFE0
:100D0000B068E85961B22546910CF033B1B1DE828A
:100D1000BFF9D99C9191469A0E3F17E2881FBF35C3
:100D2000036B6B6B6B6B6B6B6B6B6B6B6B6B6B6B7B
:100D300003030303030303030303038686868686F4
:100D40008686868686868686868686494949494974
:100D50004949494949494949CCCCCC49494949497A
:100D600049494949CC49CCCCCC49494949494949E7
:100D7000496B6B6B6B6B1A1A1A6B6B6B1A1AB8B8E0
:100D8000B89E9E9E9E9E9EF539C308660A3F299A8C
:100D90008E8A8A8E9A3F761727F5B8D9BFF998556B
:100DA0009C3FF60606CFCE6F3E260ADFDF3DDFDF33
:100DB0007E44FD3AC12D2DE3E3E3E3E3E3E3E3E324
:100DC000E3E3709F9D430A4F292929AFDF3FDFB935
:100DD0000000000000000000000000000000000013
:100DE0000000000000000000000000000000000003
:100DF00000000000000000000000000000000000F3
:100E000000000000000000000000000000000000E2
:100E100000000000000000000000000000000000D2
:100E200000000000000000000000000000000000C2
:100E300000000000000000000000000000000000B2
:100E400000000000000000000000000000000000A2
:100E50000000000000000000000000000000000092
:100E600000000000000000000000000000000091F1
:100E70009A028D91914681959595596C6C3C44A947
:100E8000131C013232326ADD017F010101D6D60125
:100E900001016A6ADD6A485CEFB068E881B2954694
:100EA00046641E33CC361A6BB8BFD710BD179146B7
:100EB0009A0E3F2F07087DD735036B6B6B6B6B6BFF
:100EC0006B6B6B6B6B6B6B6B6B82030303030303CB
:100ED00003030303868686868686868686868686BE
:100EE00086868686494949494949494949CCCC4978
:100EF000CC868686CCCCCCCCCCCCCCCCCCCCCCF8D8
:100F00003535CCCCCCCC494949491A1A1A1A1A1A87
:100F10001A1A1A1A1A6B6B6BB86B1A6B6B1A1A1AAD
:100F2000F539C367FD8A3F2929340A34CE3F3F761D
:100F3000B4BC39F5B8D939B308E23FF60606B9CFE3
:100F40005AFDFD6F0C4F3D3DDFDFDF40149DA6C114
:100F50002D70E3E3E3E3E3E370709FDA8B406564B5
:100F60004F4FC5CEAF7676B90000000000000000FC
:100F70000000000000000000000000000000000071
:100F80000000000000000000000000000000000061
:100F90000000000000000000000000000000000051
:100FA0000000000000000000000000000000000041
:100FB0000000000000000000000000000000000031
:100FC0000000000000000000000000000000000021
:100FD0000000000000000000000000000000000011
:100FE0000000000000000000000000000000000001
:100FF00000000000000000000000000000000000F1
:101000000000000000009A9A9A91644FCE34FBB71A
:101010003C6C80573C97A9139B7F015C5C7FDDDDB6
:10102000010101010101D6D6D66A6AD66A6A6A4808
:101030007F32B0145495B70ACE91B46FBF3535B82E
:10104000B80374D7D81E6591349A3F062F0C7A885E
:10105000D7BF036B6B6B6BB1B14949490303030302
:1010600086353535DE334935036B0303030303034C
:1010700003038686868686868282828282494949E1
:1010800049499E9EB88686F84AF8BFBFBFF8F8F86F
:10109000747474D7D7D7D7D77474F8F88686358622
:1010A00086828282829E9E9E9E9E9E9E9E9E6B6B4E
:1010B0006B6B6B6BB8B81A1AB8B83910D8B838AFB0
:1010C000922929CECE3FAFDFDB7BDEF59E9EB8F5C1
:1010D000B31F31D20606B90606BDFDFDFD3ED54F54
:1010E0003D3D3D3DDF7E5F68FD84C1C17070E370B2
:1010F000709F8C8B3C29293F29CE0A8ACE063D76EB
:10110000B900000000000000000000000000000026
:1011100000000000000000000000000000000000CF
:1011200000000000000000000000000000000000BF
:1011300000000000000000000000000000000000AF
:10114000000000000000000000000000000000009F
:10115000000000000000000000000000000000008F
:10116000000000000000000000000000000000007F
:10117000000000000000000000000000000000006F
:10118000000000000000000000000000000000005F
:10119000000000000000000000000000000091645A
:1011A00034919A9A348E95B702E80221971447B683
:1011B000B02BAD5C5C5C7FDDDD0101010101016AEA
:1011C0006A6A6A6A6A6AD66A487F329BC854B7817B
:1011D0000A65179AF0D7BFD9B8B8B874D7D8D191E3
:1011E00091349A3F062FCED088F9BF036B6B6B6B9F
:1011F000B1B1494949498635F5BFBFDEB530DE3367
:1012000035350303030303030303038686868686BB
:10121000868282828282494949494982F5F54AA8F3
:10122000A81D1DD7D7F9F9F9F97D7D7D7D7D7D7DDF
:101230007DD85DF9D7D71D1D4AF8868682828282C5
:1012400082829E9E9E9E9E6B6B6B6B6B6BB8B81A78
:101250001AB8D9D939D8EC8BAF3FDB3F2992DBB92B
:10126000CF383010B89E999EF5C31F7AED0606F66A
:10127000F63F2969FDACFD66E2E7B93D3DDFDFDF02
:101280004F40408B8C84A68411AE447E4FAF3F29E3
:1012900029CE0A8A8ACE063DCDCD0000000000008E
:1012A000000000000000000000000000000000003E
:1012B000000000000000000000000000000000002E
:1012C000000000000000000000000000000000001E
:1012D000000000000000000000000000000000000E
:1012E00000000000000000000000000000000000FE
:1012F00000000000000000000000000000000000EE
:1013000000000000000000000000000000000000DD
:1013100000000000000000000000000000000000CD
:1013200000000000000000000000000000000000BD
:101330000000000000919A91FB919A9A348195598E
:101340006C6C02BB14CAFE9BADADADAD2B5C5C7F7B
:10135000DDDD0148484848486A6A6A6A6A6A6A6A1A
:101360006A48EFEB9B4454B7FB0A65179C30D7BF24
:1013700035B8B8B833D7D8F08A91919A29062F3F5B
:1013800066455DBF036B6B6B6BB1B1494949CC8658
:101390004A3903BCA7387B1830BF3535350303B84D
:1013A000B8B80303868686868682828282828236E7
:1013B000363686864A4AA81D1DB3B3F4F4F41FECF2
:1013C0007D5D74DEB5B53030DED0745D7D5D5DF978
:1013D00037D7D7D7D7BFBFF582828282829E9E9EA3
:1013E0001A1A1A6B6B6BB8B81A9EB83535BFF91F4D
:1013F00055EDB9B906DFDB76B9A46610BFB81A9E01
:101400009EB839D87D0FC506F6F6F63F0A27FDAC23
:10141000FD665ABD4FDFDFDFDFDFAFAF4F0A385267
:10142000C85F4FAFDB92923F290A8A8A168A0EB9AB
:10143000CDCDCD0000000000000000000000000045
:10144000000000000000000000000000000000009C
:10145000000000000000000000000000000000008C
:10146000000000000000000000000000000000007C
:10147000000000000000000000000000000000006C
:10148000000000000000000000000000000000005C
:10149000000000000000000000000000000000004C
:1014A000000000000000000000000000000000003C
:1014B000000000000000000000000000000000002C
:1014C0000000000000000000000000000E2917D4FA
:1014D000911717913481B7B76C57BB44A94C9BDD6A
:1014E000AD3232ADADAD5C5C7FDDDD7F7F7F7F7F78
:1014F0007F6A6A6A6A6A6A6A6A6A48EF159B9754E1
:10150000B7FB346591BD10D7BF356B6BF53310D881
:10151000D0BB916464293FDBF6C7887DF8356B1A30
:101520001A1AB1B1B14949CCF8D77418CF3D3D3D35
:10153000B96FBFBFBF3503030303B80303868686B5
:1015400086868282828282823636824A4AA81D3705
:10155000D81FD81F399975A08BA35838A4C5C5C505
:10156000C5A4A458ED276F6630557D101010F9D72B
:10157000D7BFF5F582828282826B1A1A6B6B6BB8C9
:10158000B8B8B8B8B8B8BFD7D808D07BCFDFDFAF0E
:101590007E38317A39D9DE1A1A1A0335D7D8EC27B2
:1015A000CFF6F60606B4CEFCFDACACFD3E1E384FC1
:1015B000AFAFDFDFDBDBDBDBDB762F2F2F2F2FB4B3
:1015C00029CE0A8A16160A0E06B9CDB90000000007
:1015D000000000000000000000000000000000000B
:1015E00000000000000000000000000000000000FB
:1015F00000000000000000000000000000000000EB
:1016000000000000000000000000000000000000DA
:1016100000000000000000000000000000000000CA
:1016200000000000000000000000000000000000BA
:1016300000000000000000000000000000000000AA
:10164000000000000000000000000000000000009A
:10165000000000000000000000000000000000008A
:101660000000000029292917919A9A34FBB7E8E86D
:101670000257575296FA0190907FADAD5C7F7F5C28
:101680005C5C7F7F7F7F7F7F7F7F6A6A6A6A6A6A2E
:101690006A6A6A48EF159B9754B7FB349117725DDD
:1016A000D7BF356B6BF57410F97DA7176429293FF7
:1016B000DB7607087DD735031A1A1AB1B14949CC30
:1016C000F81DF924E7F6CDCDCD3D58BF74BF3503E5
:1016D000030303B80303868686868682828282821B
:1016E00082824AA81D3737F41F99BC27A79CC5CF13
:1016F000B9DFDFDFDFDFB9B93DB9B9B9CDCDB906A3
:10170000CFE758A31875391F1FF9F9C3D739F5BFAB
:10171000F582B86B1A6B6B6BB8B8B8B8B849493575
:10172000BFD7F97DD0D1ED587B8BB57A10F5B8DEF7
:101730006B1A9E1ACCBFF9F4303806F6B906B4B469
:10174000297266ACACFD66D153BB4FDFDFDF767626
:10175000DBDB762F2F2FF63F0E290A8AE716160AB3
:101760003FCD06CD0000000000000000000000009A
:101770000000000000000000000000000000000069
:101780000000000000000000000000000000000059
:101790000000000000000000000000000000000049
:1017A0000000000000000000000000000000000039
:1017B0000000000000000000000000000000000029
:1017C0000000000000000000000000000000000019
:1017D0000000000000000000000000000000000009
:1017E00000000000000000000000000000000000F9
:1017F000000000000000000000000000292934293A
:101800003F299A348A160280E80238A9FE01DDAD2C
:10181000ADADADADADADADAD5C5C5C5C5C7F484885
:101820004848486A6A6A484848484848EFEB15B64D
:101830003CFBFBFB346517FC7A10BFD9DEDED9D93F
:1018400039D81F78B464299AB40676BB5588F986CE
:1018500049B1B1B1B1B14949CC1DF9557B3D3D3DCF
:101860003D3D3DBD10D7BF3535033535030303037B
:101870000303030349363636363682E0E037F47A1E
:10188000AEBD34911764642FF6F6F6F6F6F6B93D60
:101890003DCDCDCD763D3DCDCDCD76F60629296C1D
:1018A000FCFD081FF437371D1D4A82F5D9DEDE9E88
:1018B0008203036B6B6B030303BFBF10D81FD87D7C
:1018C000105D7D5D5D74D9036B1A1A1A6BB803390C
:1018D000F97D09CF06DBDB063F0ECEBD3E31ACAC59
:1018E000FDAE6F6E8A92AFB9F6F67676060606B44E
:1018F000B464CEB2E85B3C8A0E06CD3FB90000006E
:1019000000000000000000000000000000000000D7
:1019100000000000000000000000000000000000C7
:1019200000000000000000000000000000000000B7
:1019300000000000000000000000000000000000A7
:101940000000000000000000000000000000000097
:101950000000000000000000000000000000000087
:101960000000000000000000000000000000000077
:101970000000000000000000000000000000000067
:101980000000000000000000000000000000000057
:10199000000000003F292929299A34D28A95028023
:1019A000809744CAB6B0DD7FADADADADADADADADE8
:1019B000AD5C5C5C5C5C7F484848484848484848A7
:1019C0004848484848EFEB157716FBFBFB34651792
:1019D000FC7DF9BFD9DEDEB8D939D8ECC764B4B420
:1019E0009AB406760AB588F98649B1B1B1B1B14960
:1019F000CCF8D77D24CF3D3D3D3D3DB9FCD810BF4F
:101A00003535033535030303030303030349363632
:101A100036864A4A1DF4CC1858CE2964179165655C
:101A2000640E3F0606F6F6B93D3D3D3D3D3D3DCDDC
:101A3000CDCDF6F6F6F606DB763FCE38270F7A8860
:101A40007DD81DA8E0823535B86B03036B6B6B0343
:101A500003033535BF3910D8D8D85D1074743303FB
:101A60006B1A1A1A1A1A6BB8BFD7F95DE2067676A6
:101A70000606063F0E38FCAEFDFDAE5A0795643FE4
:101A8000DBDBDB2F2F2F2FDB3F3F29C5A438C83CE2
:101A9000340E06CDCDCD0000000000000000000097
:101AA0000000000000000000000000000000000036
:101AB0000000000000000000000000000000000026
:101AC0000000000000000000000000000000000016
:101AD0000000000000000000000000000000000006
:101AE00000000000000000000000000000000000F6
:101AF00000000000000000000000000000000000E6
:101B000000000000000000000000000000000000D5
:101B100000000000000000000000000000000000C5
:101B200000000000000000000000000006AFCE3FF3
:101B3000299A8E8AE75959808097A94C9B7FA2DD0C
:101B40007FADADADADADADADADAD5C5C5C5C5C7FB6
:101B50004848484848484848484848484848EFEBBB
:101B60001577BAFBFBFB34652FFC08D839D9DEDECC
:101B7000B8B8BFD8EC24CEB4B464293F763FAE45A4
:101B80005DF849B1B1B1B1B149CCD7F45DA3B93D6C
:101B90003D3D3DCDB9791FF9BF35350335350303DB
:101BA000030303030303493636364A1D1D7DF058EF
:101BB000651791918D4646252546349AB43F2FF6F8
:101BC000F6F6CDCDB93D3DCDB9B9F6F6F6F63F3FC7
:101BD0003F3FF676DB9292C8AE08887DF4734AF8F0
:101BE000F8350303036B6B6B030303030335D9BFA2
:101BF000BFBFBF74337433DE6B1A1A1A1A1A1A1A5B
:101C00006B35BFA85D55ED06B9B9063F3F3F9A3425
:101C1000582689720CB746643F92299292922F2FD0
:101C2000DBAF4FA4A318BCD1BB0E3FB9CDCDB900DB
:101C300000000000000000000000000000000000A4
:101C40000000000000000000000000000000000094
:101C50000000000000000000000000000000000084
:101C60000000000000000000000000000000000074
:101C70000000000000000000000000000000000064
:101C80000000000000000000000000000000000054
:101C90000000000000000000000000000000000044
:101CA0000000000000000000000000000000000034
:101CB0000000000000000000000000000000000024
:101CC0000000000006AFAFAF3F9A348A599C59021A
:101CD0005744CAB67F32326A01DDDDADADAD5C5C22
:101CE0005C5C5C5C5C5C5C5C7F484848484848489D
:101CF00048484848484848EFEB1577BAFBFBFB34A7
:101D000064177208D839D9DEDEB8B8BFF9EC31C52E
:101D10003F179129AFDBDBFC457DF886B1B1B1B14E
:101D200049CCF8D71FDE3876CD3D3DCDCDA474D853
:101D300010BF35B803030303030303030303038244
:101D40008686F81DD75DA0E7649191912525B2B2F2
:101D5000B29581D29AD417B43FF62FDBDBF6F6F6B4
:101D6000B9B9B9B9063F3F3F29292906B9DFDFDFF5
:101D7000DFDF38C731081FF9371DF8350335B86B79
:101D80001A6B6B03353535DEDEDEDEDEDEDEDEDEF3
:101D9000DE6B1A1A1A1A1A1A6B030335A8C35DB53B
:101DA000A7CFB9B9063F3FB4B464348A8E463464D1
:101DB0003FC57BA327A358E7E738438B79999E9EBD
:101DC000799C0E0606B9CDB90000000000000000A5
:101DD0000000000000000000000000000000000003
:101DE00000000000000000000000000000000000F3
:101DF00000000000000000000000000000000000E3
:101E000000000000000000000000000000000000D2
:101E100000000000000000000000000000000000C2
:101E200000000000000000000000000000000000B2
:101E300000000000000000000000000000000000A2
:101E40000000000000000000000000000000000092
:101E500000000000000000000000000006AF06AF18
:101E6000AFCE8E95166C5702BB44969B7F7F7F90BA
:101E7000907F7F5CADAD5C48484848485C5C5C5CEA
:101E80005C7F484848484848484848484848484887
:101E9000EFEB1577BAFBFBFB34642FBD081F103343
:101EA000DEDEB8B8BFF91F55383F1764CE4FDBDB15
:101EB000E77A88D786B1B1B1B149CCD7F91F660AA4
:101EC000DB763DCDCDF68B1FD8D7BF35B8030303E6
:101ED00003030303030303038286861DF9EC098AC7
:101EE000658D468D25B2615B856161598134CE4F28
:101EF0004040404040407E7E7E7E7E7E7E7EAF0EB5
:101F00000E9A34349AB406CDDFDFDFDFAFC5430F5E
:101F100008ECF4F9D7BFBF35B8030303036B6BDEDE
:101F2000DEDEDEDEDEDEDEDEDEDE6B1A1A1A1A1A18
:101F30001A6B0303B8333939D77478B9B976DB2F04
:101F4000AF2F17173FB4B4B406C518AA827339B5BA
:101F50000F0FAA9EF5F5E0E09E18C50EB9B93FB97E
:101F6000B9000000000000000000000000000000B8
:101F70000000000000000000000000000000000061
:101F80000000000000000000000000000000000051
:101F90000000000000000000000000000000000041
:101FA0000000000000000000000000000000000031
:101FB0000000000000000000000000000000000021
:101FC0000000000000000000000000000000000011
:101FD0000000000000000000000000000000000001
:101FE00000000000000000000000000000000000F1
:101FF0000000000006AF3F3F290A8A59596C6C5710
:10200000BB144C9B327F48A2A2485C5C5CADAD5CCB
:102010007F7F7F7F7F7F7F7F7F7F4848484848481A
:10202000484848484848484848EFEB157716542533
:10203000FB34642F9C7AEC10D903DEB8B8D9F91FB1
:102040008878B42F3F9A4FDB76063E885DF83636A7
:10205000491A4935D7D87D8B3F76763DCDF6D20FDC
:10206000F4F939BF35030303030303030303036BCD
:102070000303864A377D798A92658D2525956161AE
:102080006185856C5995D25FD10D0D4D4D4D2AACB2
:10209000AC75AED18BA3433C0E299A348E25912F7B
:1020A00076CD3DDFDFDFDF7E404324747D7DF9D7D1
:1020B000BFBFF53503036B1ADEDEDEDEDEDEDEDEFD
:1020C000036B6B6B6B6B6B6B1A6B6B030303DE3514
:1020D000F5A8D733A058CFF62F06DB2F2F3F3F2F81
:1020E00006CF27DEA87373B3F9C3C339A8F5E0E0C0
:1020F0003999EDC506B9CD3DCD00000000000000C6
:1021000000000000000000000000000000000000CF
:1021100000000000000000000000000000000000BF
:1021200000000000000000000000000000000000AF
:10213000000000000000000000000000000000009F
:10214000000000000000000000000000000000008F
:10215000000000000000000000000000000000007F
:10216000000000000000000000000000000000006F
:10217000000000000000000000000000000000005F
:10218000000000000000000000000000063F063FC5
:102190003FCE8AE759026C57BB68FE2E7F5C5C5CC1
:1021A0004848484848485C5C5C5C5C5C5C5C48480F
:1021B000484848484848484848484848484848489F
:1021C0004848EFEB15B65B54258E34643F0AD0ECDB
:1021D000C3F5B8DE0303D9C3D8EC6617DBAF91CEE5
:1021E0003FDB76BD7A081D3636DE9E82BFF91F556D
:1021F0007B06F6B9B9B92F4133B3C339BF350303F1
:1022000003030303030303036BB8354A73F4D038A5
:1022100092646525B261618561858502026C598E83
:102220005FAEC1050505878742424287429F9FA650
:102230009D38CE9125250A6592DBDFDFDFDFDFDF0A
:10224000DFDF7E4F58D17A7D7DF9D7A83335036B18
:102250001A03036B6B6B6B6B6B6B6B6B6B6B6B6BEF
:102260006B6B6B6B6B6B6B6B03353539C339306FD5
:1022700058CE3FDBDBDBDBDB3FCFED99731D1D3938
:10228000A8A8F5F5F5F5F5D9393975380E06B93D33
:102290003DB9000000000000000000000000000048
:1022A000000000000000000000000000000000002E
:1022B000000000000000000000000000000000001E
:1022C000000000000000000000000000000000000E
:1022D00000000000000000000000000000000000FE
:1022E00000000000000000000000000000000000EE
:1022F00000000000000000000000000000000000DE
:1023000000000000000000000000000000000000CD
:1023100000000000000000000000000000000000BD
:102320000000000006063F3F290A8AE75902579736
:102330004451772ED6015C5C5C4848484848485C6C
:102340005C5C5C5C5C5C5C48484848484848484881
:102350004848484848484848484848EFEB155E21F7
:1023600054B28E34642F0EF088D839B8030303D9E1
:1023700039F9EC7A9CDB3F91CE29923FCEF088F977
:102380004A366B828239D8ECF0A406F6B9B9B92F77
:10239000725DF4D7BF35350303030303030303035F
:1023A00003B8354AA8B3ECC79A928D25B26161850E
:1023B0008585858557570259818A1EA6C12D2D70A6
:1023C00070E3E3E37070E370F3110C296525258D4C
:1023D00065DBAF4F7EAFDFDFDFDFDFDFDFCFCF7B60
:1023E000AED0087DF91DF835D9B8B86B1A1A1A6B3A
:1023F0006B6B6B6B6B6B6B6B6B6B6B6B6B6B6B6B2D
:102400001A6B03B835F5C310D8B518079CCE9A914E
:102410000A588BB539E0F5F582829E9E1A9E9E82FF
:1024200035BFBF18C506B93D3D3DCD0000000000D9
:10243000000000000000000000000000000000009C
:10244000000000000000000000000000000000008C
:10245000000000000000000000000000000000007C
:10246000000000000000000000000000000000006C
:10247000000000000000000000000000000000005C
:10248000000000000000000000000000000000004C
:10249000000000000000000000000000000000003C
:1024A000000000000000000000000000000000002C
:1024B000000000000000000000000000B906060651
:1024C0000E0AE7596C0257BBE4471CD66A6A48DD1E
:1024D00048485C5C5C5C5C5C485C5C5C5CADADAD85
:1024E000EFEFEFEFEFEF4848484848484848484882
:1024F00048484848EFAD2B5E9754B78E34912F3F34
:102500003E45D8D9B803030303D9C31F88783FB425
:1025100064CE3464DBAFE288D81D82B88235C31F35
:10252000EC6FCEF6F6F6B9F6B4C7F437D7BF35037D
:1025300003030303030303030303B8351DE098DE1D
:10254000A491658DB2618585858585853B57570248
:10255000598134BB8CF3F3F32D2D2D702D2D2D2DA2
:1025600070C18CE72946258E4664DB43D18B7B40C6
:102570007EDFDF3DDFDF06DBAFCE586F7A88F4F910
:10258000D7BFD9B8B86BB81A1A6B6B6B6B6B6B6B28
:102590006B0303030303036B6B1A6B6BB8B882F511
:1025A00039C3C339D90FBC186F7931BF39829E82C4
:1025B0009E9E9E9999B11A1A6B8635B5EDCFB906D4
:1025C0003DB93DCD0000000000000000000000000B
:1025D00000000000000000000000000000000000FB
:1025E00000000000000000000000000000000000EB
:1025F00000000000000000000000000000000000DB
:1026000000000000000000000000000000000000CA
:1026100000000000000000000000000000000000BA
:1026200000000000000000000000000000000000AA
:10263000000000000000000000000000000000009A
:10264000000000000000000000000000000000008A
:1026500000000000B906060629348A169C5757BBAD
:1026600044961C6A6A6A6A484848485C5C5C5C5CE0
:102670005C485C5C5C5CADADADEFEFEFEFEFEF485D
:102680004848484848484848484848484848EF2B40
:10269000B04454FBD234912F3FE2457DBFB8B8031C
:1026A000036BB8C31F1F240E2F0E654691B4AFA451
:1026B0007A7D374A35F5BFC3ECD872B43FF6F6F6EB
:1026C000F634BC1FF939BF350303030303030303C7
:1026D00003030335351D37ECA34F64652561618520
:1026E0008585853B3B3B5757576C958ECE4384F38E
:1026F000C12D2D2D2D702D2D2D2D3A184FCE25B2FB
:102700008E91DB4FAC20A6A6DAD1E47E3D3DDFDF23
:10271000DFAFAFAF4F58AE55087DF9F8D9B89EB8C6
:102720009E9E6B6B6B6B6B6B6B6B03030303030303
:102730006B6B6B6B6B1A1A9E9E82F5F53973B3B394
:10274000C3C310C3F5F59E6B1A9999999999B1B1C4
:10275000B1CC35352438CFF6B93D063D0000000038
:102760000000000000000000000000000000000069
:102770000000000000000000000000000000000059
:102780000000000000000000000000000000000049
:102790000000000000000000000000000000000039
:1027A0000000000000000000000000000000000029
:1027B0000000000000000000000000000000000019
:1027C0000000000000000000000000000000000009
:1027D00000000000000000000000000000000000F9
:1027E0000000000000000000000000000606063F98
:1027F0000E0A8A169C9C57BB44479B90484848A2A7
:102800006A6A48485C5C5C5C5C5C485C5C5C5CADD7
:10281000ADADEFEFEFEFEFEF484848484848484884
:1028200048484848486A485C2BB01454FBD234915D
:102830002F0672880839D9B803036BB839F91FF528
:10284000E72F066525466506AFC708F41DBFBF39EB
:10285000D8EC9E41172F3F2FF6F6BB0F98F9BF35E6
:102860000303030303030303030303B835BFD7F4D0
:10287000AA404F658D956185858585853B3B3B5796
:10288000575702590A944027A6C12D2D2D2D702D82
:102890002D2D3AAEA44FCE25B28E9AB9A411D3E312
:1028A000E32DC111D1C53D3DDFDFDF06AF9292655B
:1028B0007B79087D37D739F5F5B89E6B6B6B6B6B01
:1028C0006B6B6B0303030303036B6B6B6B6B1A1A6A
:1028D0001A498203D9D9BFBF39A8A8A8829E9E1AD7
:1028E00030991A1A999999B1B149CC3599A3C53F34
:1028F000F63D3D3DCD00000000000000000000005E
:1029000000000000000000000000000000000000C7
:1029100000000000000000000000000000000000B7
:1029200000000000000000000000000000000000A7
:102930000000000000000000000000000000000097
:102940000000000000000000000000000000000087
:102950000000000000000000000000000000000077
:102960000000000000000000000000000000000067
:102970000000000000000000000000000000000057
:1029800000000000063F06063F0AA49C6C57BB9758
:1029900044962E6ADDA2A2A2A2A25C485C5C5C5CAA
:1029A0005C5C5C5C5CEFEFEFEFEFEFEFEFEFEFEF16
:1029B000EFEFEF4848484848484848484848485C8E
:1029C000ADEFB043548181819A3F06BD7A08D78626
:1029D000DE6B6B6B6BBF371F88EDAF659A8E34B4BF
:1029E000DB92387498B339A8D71FE1759C3FB43F88
:1029F000F6F6F6A7B51F1DBF350303030303030354
:102A0000030303030335D7F4EC184F4FCE25951677
:102A10006C6C85853B3B3B3B3B3B3B85E881CE4F2C
:102A200040CA84C12D2DF3F370C19FAE5F4FCE0A13
:102A30008A950A172F58A6D3E3E3E37070C1674362
:102A40007E0676B9B90676DB2F92AFFCD0087DD82A
:102A5000A8A8D9DEB86B6B6B6B03030303030303F6
:102A6000030303036B6B6B6B6B1A9E9E8282358232
:102A700082823636821A1A1A1A999999999999B5B1
:102A8000B1364A4A86A09C9A2FCD7606CD760000B4
:102A90000000000000000000000000000000000036
:102AA0000000000000000000000000000000000026
:102AB0000000000000000000000000000000000016
:102AC0000000000000000000000000000000000006
:102AD00000000000000000000000000000000000F6
:102AE00000000000000000000000000000000000E6
:102AF00000000000000000000000000000000000D6
:102B000000000000000000000000000000000000C5
:102B1000000000000000000000000000293F063F08
:102B200029348A165757BB9744969B6A6AA2A2A279
:102B3000A2A2A25C485C5C5C5C5C5C5C5C5CEFEFF1
:102B4000EFEFEFEFEFEFEFEFEFEFEFEF4848484831
:102B500048484848484848485CADEFB068FB46469E
:102B6000469A3F069CD088D735DE6B6B6B6B351D64
:102B70001F88790E92B434349A3FDB0ABCECB3C39D
:102B80001DF99823A0E73F3F3FF6F6F678BFF41D06
:102B9000BF350303030303030303030303B835D75C
:102BA000F445434FCE0A95166C6C6C85853B3B3BD8
:102BB0003B3B3B3B3B85B725944F4F43DA2D702D74
:102BC0002DC18CA3404F65348A9595342F2F8B05EA
:102BD000D3E3E3E3702D2DC184AEA4B90606060647
:102BE000DBDBDBAFCF380908881F1DA83535B86B94
:102BF0006B6B03030303030303030303036B6B6B9D
:102C00006B6B1A9E9E9E9E8236363636361A1A1A7E
:102C10001A9999999999991A1A1A364A1DAAA7C503
:102C2000B4F63DCD060606000000000000000000DE
:102C30000000000000000000000000000000000094
:102C40000000000000000000000000000000000084
:102C50000000000000000000000000000000000074
:102C60000000000000000000000000000000000064
:102C70000000000000000000000000000000000054
:102C80000000000000000000000000000000000044
:102C90000000000000000000000000000000000034
:102CA0000000000000000000000000000000000024
:102CB000000000006492293F0E0AE79C0202579729
:102CC00044CA1C7C7C48B0A2A2A2A2A2A2485C5C1E
:102CD0005C5C5C5C5C5C5CEFEFEFEFEFEFEFEFEF09
:102CE000EFEFEFEFEF484848484848484848484821
:102CF00048485C5C2BCA464646463429060AF045DD
:102D0000F935DE6B6B6B03031DF4EC0858923F9AA8
:102D10008E34B42FAFA7081FB3B3D89823E2343F43
:102D20002F3FF6F63F1810F41DBF350303030303CE
:102D3000030303030303B835101F45A44FCE0A95C0
:102D40006C6C6C6C85853B3B3B3B3B3B3B3B85E884
:102D500061258D94943C6684A6DA8B404F4F65259F
:102D60008A161695CE2FB46605D3E3E3E3702D2DB6
:102D70002DF3C1DA43CEAFDB3F3FCFDBDBAFAF9408
:102D8000A355081F37A8350303B8B803030303038B
:102D90000303030303036B6B6B6B6B1A9E9E9E9E78
:102DA0009E36363636B11A1A999999999999999900
:102DB0001A36364AA89978A40E3FB93DCD0E063F83
:102DC0000000000000000000000000000000000003
:102DD00000000000000000000000000000000000F3
:102DE00000000000000000000000000000000000E3
:102DF00000000000000000000000000000000000D3
:102E000000000000000000000000000000000000C2
:102E100000000000000000000000000000000000B2
:102E200000000000000000000000000000000000A2
:102E30000000000000000000000000000000000092
:102E40000000000000000000000000006592649295
:102E5000290AE79C57BB57BB44CA9B90907C6ADD0C
:102E6000A2A2A2A2A2A25C5C5C5C5C5C5C5C5C5CFE
:102E70007F4848EFEFEFEFEFEFEFEFEFEFEF48486E
:102E8000484848484848484848DD485C5C2B4781EA
:102E9000468181342906AF3E451FBF356B6B6B6B96
:102EA000B8BF371F8818292FB4348E9A6492CEAEDB
:102EB00088B39898E1EC729A3F3F3F2F2F0EAED81F
:102EC000F91DBF356B6B6B0303030303036B6B03CC
:102ED000BFD71F7DC529658E9516575757853B3B34
:102EE0003B3B3B3B3B3B3B3B85E861258D8DF765A1
:102EF0000A0A29AFAF2965259516161695CE2F3FDC
:102F0000D0D3E3E3E3E3702D2D2DF3F3F3A6FD4FD0
:102F1000DBB40E0E299292DB920658AE08ECF9391A
:102F20003503B86B03030303030303030303036BBA
:102F30006B6B6B6B1A9E9E9E9E9EB1B1B1B1B1B18F
:102F40001A1A99999999991A1A6B36E0A86B8BA459
:102F5000C53F06CD3DF6573F0E00000000000000C3
:102F60000000000000000000000000000000000061
:102F70000000000000000000000000000000000051
:102F80000000000000000000000000000000000041
:102F90000000000000000000000000000000000031
:102FA0000000000000000000000000000000000021
:102FB0000000000000000000000000000000000011
:102FC0000000000000000000000000000000000001
:102FD00000000000000000000000000000000000F1
:102FE00000000000079265928D0AE79C575757BB77
:102FF000971B1C7C906A6ADDDDA2A2A2A2A2A25C41
:103000005C5C5C5C5C5C5C5C5C7F4848EFEFEFEFB9
:10301000EFEFEFEFEFEFEF4848484848484848489F
:103020004848DD485C5CEB4C8E4646818E2906DBC9
:1030300072457DD7356B6B6B1A6B35F837ECB5592C
:103040002F3F9A3434659265387AE198ECE1104E5E
:10305000913F3F3F2F2F34F05DC3A8BF356B6B6BA3
:103060000303030303036B6B03BFD71F74CF2965EF
:103070008E95165757578585853B3B3B3B3B3B3BE6
:103080003B856C6C61B2FBD4911717D429CE348A7E
:1030900095166C6C1695CEF6AF67D3E370E3E370CC
:1030A0002D2DF3F3F3F3F39F43AF17179A6592AF08
:1030B00006DFAFAF29FC7A88D8D73503B8030303FE
:1030C00003030303030303036B6B6B6B6B1A9E9E7B
:1030D0009E9E9EB1B1B1B1B1B11A1A9999999999BF
:1030E0001A6B354AA835A038340E06B9CDCDB45781
:1030F00029000000000000000000000000000000A7
:1031000000000000000000000000000000000000BF
:1031100000000000000000000000000000000000AF
:10312000000000000000000000000000000000009F
:10313000000000000000000000000000000000008F
:10314000000000000000000000000000000000007F
:10315000000000000000000000000000000000006F
:10316000000000000000000000000000000000005F
:1031700000000000000000000000000000D51692D2
:103180006525166C5757BB57971B1C7C9048DDA2D2
:10319000A2A2A2A2A2A2A2A25C5C5C5C5C5C5C5C3F
:1031A0005C5C5C5C5C5C5C5C5C485CEFEFEFEFEF94
:1031B00048484848484848485CDDDDA2A25C5C2B92
:1031C000775FD446818ECEAFDB9C7A88D735036B90
:1031D0006B1A6B354A371F0878B4B4658D349A651D
:1031E00064CED123232323318391B4B4B42F2FE7AA
:1031F00030D839BF35036B6B6B0303030303030341
:10320000B835BFD71F33CF658DD295596C575785C9
:1032100085853B3B3B3B3B3B3B3B5757576C6C5996
:1032200081814646468E8E8A16166C6C6C169534D5
:103230002F2967D3E370E3E3702D2DF3F3F32DF320
:103240008438AFB4179A293FCF06B9DBDB3F290793
:10325000317D5D1DF5D903B80303030303030303A5
:103260000349494949491A36361A1A1AB1B1B1B156
:10327000B1B1B1B1B199B11A1A03351D1D86093822
:10328000340ECF06B9CDF6572F0E00000000000017
:10329000000000000000000000000000000000002E
:1032A000000000000000000000000000000000001E
:1032B000000000000000000000000000000000000E
:1032C00000000000000000000000000000000000FE
:1032D00000000000000000000000000000000000EE
:1032E00000000000000000000000000000000000DE
:1032F00000000000000000000000000000000000CE
:1033000000000000000000000000000000000000BD
:103310000000000000630734290A956C579C57BBD6
:103320000C68B66A9048A2A2A2A2A2A2A2A2A2A2DD
:10333000A25C5C5C5C5C5C5C5C5C5C5C5C5C5CAD36
:103340005C484848EFEFEFEFEF48484848484848A6
:1033500048A2A2A2A2A25C5C2B5E3CD446818A0A4F
:103360004FDB0E66885DBF356B6B1A6B8282D75D53
:10337000EC3334DB928D3434656476388C932323BC
:10338000AE80D41717172FB43855D81D3335036BBB
:103390006B6B03030303030303033535D7F45DC5E8
:1033A00065650A8195166C218585858585855757C4
:1033B0005757575757576C6C6C025959595995952F
:1033C00016166C6C57576C950A64CE9DD3E3E3E3F5
:1033D0002D2D2D2DF3F32D2D3A6F7E3FB464650E08
:1033E0000ECF06F6F60606B93F9C0F7DD7A8D93555
:1033F000826B03030349494949494949494949B14C
:10340000B1B1B1B1B1B1B1B1B1B1B1B1B1B1B1B1AC
:103410000335F81DF9D7BC38340E3F06B93D3DD20F
:10342000B42F0000000000000000000000000000B9
:10343000000000000000000000000000000000008C
:10344000000000000000000000000000000000007C
:10345000000000000000000000000000000000006C
:10346000000000000000000000000000000000005C
:10347000000000000000000000000000000000004C
:10348000000000000000000000000000000000003C
:10349000000000000000000000000000000000002C
:1034A000000000000000000000000000006363D581
:1034B00016CE8A16215780800C6877A2906A48A29F
:1034C000A2A2A2A2A2A2A2A2A2A25C5C5C5C5C5C80
:1034D0005C5C5C5C5C5C5C5CAD5C484848EFEFEF5E
:1034E000EFEF4848484848484848A2A2A2A2A25C38
:1034F0005C2B5E143446818A0A4FDB76E2457DBF41
:103500003503036B6B6B86F8D77D45E23F92658D83
:103510000ACE656429E293E62318E8D49191172F27
:10352000B4BD55F9A83335036B6B6B030303030379
:103530000303033535BFF97D58B4649A8E8195161F
:103540005B5B85858585856C6C6C6C6C5757576C9F
:103550006C6C02026C6C6C6C6C576C6C5757576CD3
:10356000168E0E4FAED3D3E32D2D2D2D2D2D2DF3F5
:10357000A6AEA44F3FB46429170ECF062FB9B9B930
:10358000B9B90638795DC3A835826B03030349498D
:103590004949494949494949B1B1B1B1B1B1B1B15B
:1035A000B1B1B1B1B1B13649864A1D37F94AA05817
:1035B000D2B43F06B93D3D0EF62F000000000000DA
:1035C00000000000000000000000000000000000FB
:1035D00000000000000000000000000000000000EB
:1035E00000000000000000000000000000000000DB
:1035F00000000000000000000000000000000000CB
:1036000000000000000000000000000000000000BA
:1036100000000000000000000000000000000000AA
:10362000000000000000000000000000000000009A
:10363000000000000000000000000000000000008A
:1036400000000000000063EA63078AE71621578044
:10365000BBDCFA2E6A6A6AA2A2A2A2A2A2A2A2A2BB
:103660005C5C5C5C5C5C5C5CADADADADADADADAD12
:10367000ADADAD484848484848484848484848489B
:10368000484848A2A2A2A2A2A25CEF8F47293446D2
:10369000958A94AF06BD088810BF03031A6B6B4967
:1036A00086D7F4EC30A49292CE0A0A3464648ED9A0
:1036B000E6E127E8D49191172FB4727AF9A8330381
:1036C0006B6B6B6B03030303030303030335BF102F
:1036D0000809CF3F6529348E95BAB2616161618571
:1036E0006C6C6C6C6C6C6C6C6C6C6C02020202022C
:1036F00057575757575757576C168E0ECE43A642FB
:10370000E3E32D2D2D2D2D2D8427C5AFAF2F17B41D
:103710003F3FA4ED9C0606B9B93DCD76299CF0D873
:103720001D35826B6B030349494949494949494958
:10373000494949B13649493636363636868686860F
:10374000F81D3737F9998B38D29A0E06B9B9B9C531
:10375000B9B90000000000000000000000000000F7
:103760000000000000000000000000000000000059
:103770000000000000000000000000000000000049
:103780000000000000000000000000000000000039
:103790000000000000000000000000000000000029
:1037A0000000000000000000000000000000000019
:1037B0000000000000000000000000000000000009
:1037C00000000000000000000000000000000000F9
:1037D000000000000000000000000000000063D5B1
:1037E000BD5656D5579C5757BB444CDD5C48A2A2EA
:1037F000A2A2A2A2A2A2A2A2A25C5C5C5C5C5C5C93
:103800005CADADADADADADADADADADAD48484848CD
:10381000484848484848484848484848A2A2A2A2C0
:10382000A2A25C902B775F3446958A94AFAFE730C5
:1038300088D8BF35031A1A4949CCF837F41F273FF7
:10384000924FCE8E8E65658D1EDA6727E8FBD49188
:10385000172FB4FC7AF9A833036B1A6B6B030303BD
:10386000030303030303353510F95D8BA43F3F3F8A
:1038700065658D2525B2616161166C6C16166C6CE0
:103880006C6C6C6C0202020202575757575757571D
:10389000576C6C9534655FAC42052D2D2D2D2D3A5E
:1038A000677B063F3F3FB4B42F4F4323A6118BCF16
:1038B0003D3D3DCD76F629ED7AD8BF82B86B036BDE
:1038C0004949494949494949494949494949494968
:1038D000828282824A4A4A1D1D1D1DBFAA1843A426
:1038E0008ACE0E06B9B906E706B90000000000004E
:1038F00000000000000000000000000000000000C8
:1039000000000000000000000000000000000000B7
:1039100000000000000000000000000000000000A7
:103920000000000000000000000000000000000097
:103930000000000000000000000000000000000087
:103940000000000000000000000000000000000077
:103950000000000000000000000000000000000067
:103960000000000000000000000000000000000057
:10397000000000000000D5BA9716EAE956539C579C
:10398000800C479B7FB0B0A2A26AA2A2A2A2A2A270
:10399000A2A25C5C5C5C5C5C5C5CADADADADADADF5
:1039A000ADADADADAD48484848484848484848489E
:1039B0004848484848A2A2A2A2A25C5C902B8F97DC
:1039C0009134258A0AAFDB3F6F45ECD7356B1A1A65
:1039D0006BB1CCF8D7F41F550CDBAF6525958E8EF7
:1039E0008E95D19DA3B7FBFB46171717E27AF9A86E
:1039F00033036B1A6B6B03030303030303030335E6
:103A000035391D37746653812F9265656591464639
:103A100025258E2595959516161616166C0202020A
:103A2000020257575757575757576C6C9546D494BF
:103A3000FF5E2005702D2D9FD1A4062F2F926417B5
:103A40002FDBCE6742D3D320D1CF3D3DCD76F63F9D
:103A50008AD108BF35B86B036B494949494949497F
:103A6000494949494986F8F8F81D1D1D1D1D371D96
:103A7000374AAABC277B388ABACE4FCFB9B906E7F6
:103A8000B9B90000000000000000000000000000C4
:103A90000000000000000000000000000000000026
:103AA0000000000000000000000000000000000016
:103AB0000000000000000000000000000000000006
:103AC00000000000000000000000000000000000F6
:103AD00000000000000000000000000000000000E6
:103AE00000000000000000000000000000000000D6
:103AF00000000000000000000000000000000000C6
:103B0000000000000000000000000000000000CEE7
:103B100097CECE1663E97153C8C8CAB601DDB0B0FE
:103B2000B0B0B0A2A2A2A2A24848485C5C5C5C5CB7
:103B30005C5C5C5C5C5C5C5C5C4848484848484851
:103B400048484848A2A2A2A2A2A2A2A2A2A2A2A2BD
:103B5000A2A2A2A2A2EF902B51469125958E64DBE2
:103B60002F6E0888D8BF031A1A1A1A1A033510F4D0
:103B7000880FC56565948D8EB2FB2561CB19619563
:103B800081469117175A7AF933356B6B6B6B6B0360
:103B90000303030303D9D9D9D9D9D93939C3F9D8FA
:103BA000B5A078BDBB8A29296464916529CE0A0A2B
:103BB000252525B2B25B5B21215B215757570202B5
:103BC000020202026C59818E34349AC8D1ACACD155
:103BD000443F3F3F3F0E290E3F17DB782042D37012
:103BE0002DA6D14076F6DB76B90EBD55F9BF356B03
:103BF0001A6B6B6B6B6B6B3649DECC36363649AA6B
:103C0000AAAAAA999999AA75BC1878A7389CE7D24C
:103C1000C5C50ECFB9B9C506B9B90000000000008E
:103C20000000000000000000000000000000000094
:103C30000000000000000000000000000000000084
:103C40000000000000000000000000000000000074
:103C50000000000000000000000000000000000064
:103C60000000000000000000000000000000000054
:103C70000000000000000000000000000000000044
:103C80000000000000000000000000000000000034
:103C90000000000000000000000000000000000024
:103CA000000000000000004F4F3FAF4F0AC85AE924
:103CB000ACAE47B6B001B0B0B0B0B0B0A2A2A2A254
:103CC000A24848485C5C5C5C5C5C5C5C5C5C5C5C2A
:103CD0005C5C4848484848484848484848A2A2A22E
:103CE000A2A2A2A2A2A2A2A2A2A2A2A2A2A25C900C
:103CF0002B138E658E2595653FDB0EF0881F39B836
:103D00001A1A1A1A1A6B35D7371FEC18AF92658D2D
:103D1000B2B261B261616161B7B7FB4617915A7D7A
:103D2000F933356B6B6B6B6B030303030303D9D957
:103D3000D903D9D9D9D93939C3C3C31010DEF0D1C9
:103D40007838C5CF926464179165658D8E8E259500
:103D500016165B6C6C02020202020202026C5959D6
:103D6000818E9AB46434CECE65643F0E0E9A34349C
:103D700034B4174F9D42D3E32DF32DA6777EDFAFEA
:103D800076B93FE7F0D8BF356B1A6B6B6B1A1A1A0E
:103D90003649CCCC86864918A75838587B7B7B5847
:103DA00038A4A4C5C5C5C5D2C50ECF063D3DCEB904
:103DB000B90000000000000000000000000000004A
:103DC00000000000000000000000000000000000F3
:103DD00000000000000000000000000000000000E3
:103DE00000000000000000000000000000000000D3
:103DF00000000000000000000000000000000000C3
:103E000000000000000000000000000000000000B2
:103E100000000000000000000000000000000000A2
:103E20000000000000000000000000000000000092
:103E3000000000000000000000000000000000AFD3
:103E40004F4FAFAF940A16C8AE4D0D60B02BB0B057
:103E5000B0B0B0B0B0A2A2A2A2A24848485C5C5CDC
:103E60005C5C5C5C5C5C5C5C5C5C5C4848484848F6
:103E7000484848484848A2A2A2A2A2A2A2A2A2A23E
:103E8000A2A2A2A2A2A2A25CEF2BB65F946581952A
:103E90000A92DB3F7888ECD7351A1A1A1A1A6B0384
:103EA00035A8371F7D78CE1746FB95166161616195
:103EB000616102B7FB91D45A7DF933356B6B6B6B43
:103EC0006B030303030303D9D9D90335D9D9D9D94E
:103ED000D9BF3939C3B3B398ECEC08D00FD127431D
:103EE000418A9117641791468E95959516020202A4
:103EF0000202020202026C6C6C59958E9A9117179D
:103F00009117919A3434D2D28146172F3811D3E3C6
:103F10002DF3F3F37084CA7E06B9B93F34AED8D717
:103F2000356B1A1A6B6B1A1A1AB149CC8686B1A076
:103F3000A4CE92292929292929CFCFCF0E0E9A0E56
:103F4000CFB9B9B93DCFB9B9B90000000000000040
:103F50000000000000000000000000000000000061
:103F60000000000000000000000000000000000051
:103F70000000000000000000000000000000000041
:103F80000000000000000000000000000000000031
:103F90000000000000000000000000000000000021
:103FA0000000000000000000000000000000000011
:103FB0000000000000000000000000000000000001
:103FC00000000000000000000000000000000000F1
:103FD000000000000000003FAF0AAFAF945F8A5BB3
:103FE00097CAA10D0D2A8F2BB0B0B0B0B0B0A2A26D
:103FF000A25C5C5C5C5C5C5C5C5C5C5C5C5C5C5CBB
:104000005C5C5C5C4848484848484848484848A286
:10401000A2A2A2A2A2A2A2A2A2A2A2A2A2A2A2D64C
:104020005CEFEB8F144F65FB959494922F3855EC11
:10403000F9BF1A1A1A1A1A6B0303A81DF41F10ED00
:104040003F914625168585616161020261FB91D42D
:104050005A7DF933356B6B6B6B6B03030335353569
:10406000D9D9D9D9D9D9D9D9D9D9D93333BF39C3DC
:10407000C3B3D81FECEC2388EC1031AE72D2B41766
:10408000176429348E8159596C596C02020202025C
:1040900002026C5959818E34349A9ACE34D281817D
:1040A000818146912F1420702DF3F3F3F3F305A1D2
:1040B0004006B93D06343E7DD7356B1A1A1A1A1AD6
:1040C0001A1A494986F8F824A429929229CFCFCF09
:1040D000CF06060606060606B93D3D3DB9CFB9B97D
:1040E00000000000000000000000000000000000D0
:1040F00000000000000000000000000000000000C0
:1041000000000000000000000000000000000000AF
:10411000000000000000000000000000000000009F
:10412000000000000000000000000000000000008F
:10413000000000000000000000000000000000007F
:10414000000000000000000000000000000000006F
:10415000000000000000000000000000000000005F
:10416000000000000000000000000000000000004F
:1041700092AFAF4F4FBA5F166C97A9B6A10DDA2A6E
:10418000282B5CB0B0B0B0A2A2A25C5C5C5C5C5CB2
:104190005C5C5C5C5C5C5C5C5C5C5C5C5C4848489B
:1041A0004848484848484848A2A2A2A2A2A2A2A2BF
:1041B000A2A2A2A2A2A2A2A2D6B0A2EB8F47404680
:1041C000468A949492DBC566881FD7B86B1A1A1A70
:1041D0001A6B0335F81DF91F307B3F918D8A6161A1
:1041E000858585020261B2D4D4E208F933356B6B60
:1041F0006B6B6B030303353535D9D9D9D9D9D9D9E7
:10420000D9DEDEDE03B882828235BF39A81D73B3E2
:10421000D81F98ECEC237418BDE73F3FB4299A8E61
:1042200081599559596C02020202026C596C591657
:1042300095B2B2958AE7E7E75959E7D29117682016
:104240002D2DF3F3F3F3F3D32AFFF6B9B906D23EDB
:104250007DD7356B1A1A1A1A1A1A1ACC864A4AAA24
:10426000ED4F4FAFCFCF3F06B9B90676CDCDCDCD0F
:104270003D3D3D3DCFB9B9B9000000000000000050
:10428000000000000000000000000000000000002E
:10429000000000000000000000000000000000001E
:1042A000000000000000000000000000000000000E
:1042B00000000000000000000000000000000000FE
:1042C00000000000000000000000000000000000EE
:1042D00000000000000000000000000000000000DE
:1042E00000000000000000000000000000000000CE
:1042F00000000000000000000000000000000000BE
:104300000000000000000000AFAFAFAF4F94BA3C18
:104310003C21971BB0282ADA4B4D282BAD7F5CDD62
:104320005C5C5C5C5C5C5C5C5C5C5C5C5C5C5C5CCD
:104330005C5C5C5C5C5C4848484848484848484885
:1043400048A2A2A2A2A25C5C48A2A2A2A2A2A2A28D
:10435000A2A2A25CEF159B409AFBBA0A8D64DB3FD8
:104360001E8888D7F5821A1A1A1A1A1A6B824A39C5
:10437000D8F4B5BD2F918D25956C6C85858585B25A
:104380004691FC88F4BFD903030303030335353595
:104390003535353535353535D9D9B8B8B8B8B8B873
:1043A000B882D9D9D9F5F5F5393939C3F9B398ECCB
:1043B000EC7DB56F7BCFF62F9A34468E8A8A596C86
:1043C00002020202020202026C6C0261595959593E
:1043D00059595961D29A174320E3E32DF3F32DE3A2
:1043E0009F5E402F0606060AAED8D7356B1A1A6BA9
:1043F0001A1A1A1ADE82E0498BA4AFAF4FCFCF064C
:10440000B90606B90606063DB9B9B9B90EB9B9007B
:10441000000000000000000000000000000000009C
:10442000000000000000000000000000000000008C
:10443000000000000000000000000000000000007C
:10444000000000000000000000000000000000006C
:10445000000000000000000000000000000000005C
:10446000000000000000000000000000000000004C
:10447000000000000000000000000000000000003C
:10448000000000000000000000000000000000002C
:10449000000000000000000000000000000000001C
:1044A000007E94DFAF945F3C3C979744FE2B158FC2
:1044B0002A4B4B4D282BAD7F485C5C5C5C5CADAD02
:1044C000ADADAD5C5C5C5C5C5C5C5C5C5C5C5C484D
:1044D00048484848A2A2A2A2A2A2A2A2A2A2A25C6A
:1044E0005C5CA2A2A2A2A2A2A2A2A2A2A22B2B15B3
:1044F000C69AFB8D0A46653F06CE30881FA8821AF1
:104500001A1A1A1A1A9E9E8235D7F9D8B558B4913C
:10451000462595616C858585B246912C451FA8334B
:104520000303030303033535353535353535353567
:1045300035D9D9B8B8B8B8B8B8B8B8B8B8B89E9E70
:104540009EB8B8D9D9BF39C3F91FECEC880866A763
:10455000D206B417460A8A9559596C020202020221
:10456000020259595959595959595959E88A3454D3
:10457000E42A2042E32D2D3A20B6FF7EB4063F0602
:10458000C5665D74356B1A1A6B1A1A9E82354A4AD3
:1045900024384FAFAF4FAFAFB9B976767676CDCD81
:1045A0003D3D3D3D3DB9B900000000000000000068
:1045B00000000000000000000000000000000000FB
:1045C00000000000000000000000000000000000EB
:1045D00000000000000000000000000000000000DB
:1045E00000000000000000000000000000000000CB
:1045F00000000000000000000000000000000000BB
:1046000000000000000000000000000000000000AA
:10461000000000000000000000000000000000009A
:10462000000000000000000000000000000000008A
:10463000000000000000000000AFDFAFAF4F5FBA26
:104640003C21BB44479B322B2B284D4B4B4D282BF9
:10465000AD7F5C5C5C5C5CADADADADAD5C5C5C5C91
:104660005C5C5C5C5C5C5C5C4848484848A2A2A21C
:10467000A2A2A2A2A2A2A2A25C5C5CA2A2A2A2A2EC
:10468000A2A2A2A2A2A25C2B151BCE918D8E2534D4
:10469000290606A38808C3F59E1A1A1A1A1A9E9E9E
:1046A0009E8235D7F91FDEA33F9146B2B261858560
:1046B000856125464108EC1D3503030303030335DB
:1046C00035353535353535353535D9D9B8B8B8B846
:1046D000B8B8B8B8B8B8B81A1A1AB8B8B8B8B89E4E
:1046E00082F539F9D898EC8808661EC53F91D44602
:1046F000818159596C0202020202025959020202D6
:104700000202020202E89581F78DC6FEF5E64B2310
:10471000AE14407E29B43F3F3FA4B510BF356B1A9D
:104720001A6B1A1A9E824A1D99A3BA944F4FAFAFC3
:10473000DF0606B9B9B9B9B9B9B9B9B9B9B9B900E2
:104740000000000000000000000000000000000069
:104750000000000000000000000000000000000059
:104760000000000000000000000000000000000049
:104770000000000000000000000000000000000039
:104780000000000000000000000000000000000029
:104790000000000000000000000000000000000019
:1047A0000000000000000000000000000000000009
:1047B00000000000000000000000000000000000F9
:1047C00000000000000000000000000000000000E9
:1047D00000AFDF4FDF4F943C3C3C5797A9B6017CBC
:1047E000B02B2B284D4B4B2A282BAD5C48485C5CEA
:1047F000ADADADADADADADADADADADADADAD5C5C8B
:104800005C4848484848A2A2A2A2A2A2A2A2A2A290
:10481000A2A2A2A2A2A2A2A2A2A2A2A2A2A2485C18
:104820002B2BFE409A9125258E29AF06D2B545D86F
:1048300039821A1A1A1A1A9E9E9E9E82BFD7B3B345
:104840005D78CE6546259561858561254602D088CF
:10485000D7F5356B6B0303033535353535353535D0
:104860003535D9D9D9D9D9D9B8B8B8B8B8B8B81AA6
:104870001A1A1A1A1A1A1A1A9E9E9E35BF3973B33B
:104880001FEC8845317B9AB4919A34818159596CD7
:10489000026C020259590202026C6C02026C02594B
:1048A000B7F7F78D94945F40409292AF29B4B42942
:1048B0003FCF585510BF356B1A1A1A1A6B82F5E0A4
:1048C000356F3C94944F4FAFAF4FDFB900000000FD
:1048D00000000000000000000000000000000000D8
:1048E00000000000000000000000000000000000C8
:1048F00000000000000000000000000000000000B8
:1049000000000000000000000000000000000000A7
:104910000000000000000000000000000000000097
:104920000000000000000000000000000000000087
:104930000000000000000000000000000000000077
:104940000000000000000000000000000000000067
:104950000000000000000000000000000000000057
:1049600000000000000000000000AFAFAFAF4F5FDD
:104970003C3C3C21446D2E7F7FA2AD2B2B284D4B20
:104980004B2A282BAD5C5C5C5CADADADADADADAD87
:10499000ADADADADADADAD5C5C5C4848484848A23E
:1049A000A2A2A2A2A2A2A2A2A2A2A2A2A2A2A2A2E7
:1049B000A2A2A2A2A2A2A2A2482BEBB0C60E9A8DDE
:1049C000258E343FAFB4E245ECC3F51A1A1A1A1A11
:1049D0009E9E9E9E9E82F5A8F91F1F24386546253F
:1049E000B2618561259146AE45D8A835030303031E
:1049F0000335353535353535353535D9D9D9D9D965
:104A0000D9B8B8B8B8B8B8B81A1A1A1A1A1A1A1AF5
:104A10001A1A1A1A1A6B82821D1DF91F88EC7D79E9
:104A2000EDCEB49A348E81955959596C0259590278
:104A3000020202020257025902E8B2F7F7F7D491D4
:104A400064929264649A9A299229C5185D74350318
:104A50006B1A1A1A6B6B82F5A8797BBA94944F7E05
:104A60004F4FDFAF0000000000000000000000001A
:104A70000000000000000000000000000000000036
:104A80000000000000000000000000000000000026
:104A90000000000000000000000000000000000016
:104AA0000000000000000000000000000000000006
:104AB00000000000000000000000000000000000F6
:104AC00000000000000000000000000000000000E6
:104AD00000000000000000000000000000000000D6
:104AE00000000000000000000000000000000000C6
:104AF00000000000000000000000000000000000B6
:104B0000000000AFAFAFAF945F3C3C3C3CCA9BEFB2
:104B10007FB07F485C2B2B8F4D4B4B4D282BAD5CD2
:104B20005C5CADADADADADADADADADADADADADAD57
:104B30005C5C5C48484848484848484848A2A2A2AB
:104B4000A2A2A2A2A2A2A2A2A2A2A2A2A2A2A2A245
:104B5000A2A25CEF154C0E9A8D25953429AF2F9C9F
:104B60005588B3A86B1A1A1A1A9E9E1A999E9E828D
:104B7000337437B3239D418D252561616125919162
:104B80001E451FA8BF35350303033535353535358B
:104B900035353535D9D9D9D9D9D9B8B8B8B8B8B8DB
:104BA0009E1A1A1A1A1A1A1A1A1A1A1A1A1A1A1AE1
:104BB0006B03354A1D73989888883E95299A348EE0
:104BC000818195595902595902020202025757022E
:104BD00002E8E816B7F7FBD49A9129CE343434CEE4
:104BE0004F922958D010BF35036B1A1A6B0303F587
:104BF000BFAAA33C8D4F4F4F7E7EAF7E00000000CA
:104C000000000000000000000000000000000000A4
:104C10000000000000000000000000000000000094
:104C20000000000000000000000000000000000084
:104C30000000000000000000000000000000000074
:104C40000000000000000000000000000000000064
:104C50000000000000000000000000000000000054
:104C60000000000000000000000000000000000044
:104C70000000000000000000000000000000000034
:104C80000000000000000000000000000000000024
:104C900000000000000000000000004F3FCEAFCE3B
:104CA000945FE79C9CA9B6A290485C5C5C2B2B2B84
:104CB0002B284D4B4B4D602B32EFB0ADADADADADB4
:104CC000ADADADADADADADADAD5C5C5C484848489B
:104CD00048484848484848A2A2A2A2A2A2A2A2A22A
:104CE000A2A2A2A2A2A2A24848484848EB158F144B
:104CF000299A348A8E9492DB06FC089873F59E9E5E
:104D0000999E9E9E9E9E9E9E9E823539F99823B5C1
:104D10000C8D46FBB7B7469191417A7D1DBFB80314
:104D200003030335353535353535353535353535C9
:104D3000353535D9D9B8B8B89E1A1A1A1A1A6B9ED1
:104D40009E9E82821A1A1A1A1A9E9E9E82F5A8C3E5
:104D5000B39898EC6B8B9CB4918D25B295616C6C7B
:104D60006C6C57573B3B3B3B3B8585858585E8B263
:104D7000B22525252595958A0ACE64C51810D7BF7A
:104D8000036B1A1A1A490335BF4AD1C8BA8D944F1A
:104D90004FAFAF7E000000000000000000000000E8
:104DA0000000000000000000000000000000000003
:104DB00000000000000000000000000000000000F3
:104DC00000000000000000000000000000000000E3
:104DD00000000000000000000000000000000000D3
:104DE00000000000000000000000000000000000C3
:104DF00000000000000000000000000000000000B3
:104E000000000000000000000000000000000000A2
:104E10000000000000000000000000000000000092
:104E20000000000000000000000000000000000082
:104E30000000000ECFD2294F0A5F16163CE4139BE8
:104E4000A2487F7F5C5C5CAD2B2B15282A4B4B4D19
:104E5000602BEFADADADADADADADADADADADADAD0F
:104E6000ADAD5C5C5C4848484848484848484848BC
:104E7000A2A2A2A2A2A2A2A2A2A2A2A2A2A2A2A212
:104E8000484848484890EB8F139464348E8E0A94B7
:104E9000DBDBC531EC1F39829E999E9E9E9E9E9EB5
:104EA0009E9E9E8282BF1D982366659146FBFB46AF
:104EB0009164D2B588C3BF35030303033535353557
:104EC000353535353535353535353535D9D9B8B844
:104ED000B8B8B8B8B8B8B83636363636B8B8B8B8DC
:104EE000B89E9E9E9E9E9E82F5A873B398EC88D035
:104EF000EDCF649146259595166C6C57573B3B3B1F
:104F00003B3B858585858585026161616195169547
:104F10008ACECE0E7B3074BF356B1A1A1A6B4935A8
:104F2000BFBF75433C5F944F4FDF4FAF00000000A1
:104F30000000000000000000000000000000000071
:104F40000000000000000000000000000000000061
:104F50000000000000000000000000000000000051
:104F60000000000000000000000000000000000041
:104F70000000000000000000000000000000000031
:104F80000000000000000000000000000000000021
:104F90000000000000000000000000000000000011
:104FA0000000000000000000000000000000000001
:104FB00000000000000000000000000000000000F1
:104FC000000000000000000000000000CEAFAFAF06
:104FD000CE8A3C163C3CA9B6A2DD7F7F7F5C5CADEF
:104FE000AD2B2B2B2B282A4B4B4D602B32ADADAD6F
:104FF000ADADADADADADADADADADAD5C5C5C48489E
:10500000484848484848484848A2A2A2A2A2A2A2AA
:10501000A2A2A2A2A2A2A2A2A24848484848909056
:105020002B5EE465CE0ABABA94DBDBAFA308ECC30F
:10503000F59E9E9E9E9E9E9E9E9E9E9E9E9E82D71C
:10504000739888FC469146FB4691649A3E451FD76B
:105050003535B8B80335353535353535353535352C
:105060003535353535D9D9B8B8B8B8B8B8B8B8B80D
:105070004A4ABFBF3974BFD9D9F5F59E9E9E9E9E00
:105080001A8282F5A873B398EC7DBC0C0E0E658E67
:105090002595166C6C57853B3B85858585853B85BD
:1050A00085856C6C6C6C6C6C958ECECE38F010BFB8
:1050B00035356B1A1A1A6BCCF8F8B58B3C5F9494A3
:1050C0004FDFDFDFAF000000000000000000000045
:1050D00000000000000000000000000000000000D0
:1050E00000000000000000000000000000000000C0
:1050F00000000000000000000000000000000000B0
:10510000000000000000000000000000000000009F
:10511000000000000000000000000000000000008F
:10512000000000000000000000000000000000007F
:10513000000000000000000000000000000000006F
:10514000000000000000000000000000000000005F
:10515000000000000000000000000000000000004F
:1051600000000000DC4FCEAF4F5F3C3C9C3C446DE8
:105170000148DDB05C7F5C5C2B2B2BADEB2B2B1542
:10518000A14B4B4D602BADADADADADADADADADAD4E
:10519000ADADADAD5C5C5C484848484848484848BF
:1051A0004848A2A2A2A2A2A2A2A2A2A2A2A2A2A293
:1051B000A24848484848485C90EB8F4740CECE8E86
:1051C000BA8D92DB76C566881FC3F59E9E9E9E9E15
:1051D0009E9E9E9E9E9E9E82F873B3EC0F59649194
:1051E00046469164B472930810BF35030303353506
:1051F0003535353535353535353535353535D9D917
:10520000D9D9D9B8B8D9D9D9D91D74B5D07A5D5DF5
:105210001039A88282829E9E9E6B6B9E8282F5A828
:10522000C3B3EC2355A3B929658D8E95166C6C8597
:10523000853B85858585858585856C6C576C6C6C13
:105240006C950ACE8AA07DD7BF35031A1A1A1A6B3D
:1052500003F8BF79C8BA94944F7EDF4FDF00000097
:10526000000000000000000000000000000000003E
:10527000000000000000000000000000000000002E
:10528000000000000000000000000000000000001E
:10529000000000000000000000000000000000000E
:1052A00000000000000000000000000000000000FE
:1052B00000000000000000000000000000000000EE
:1052C00000000000000000000000000000000000DE
:1052D00000000000000000000000000000000000CE
:1052E00000000000000000000000000000000000BE
:1052F000000000000000000000000000000A38AFBD
:10530000AF0A163C3C5797CA9B32905CB0AD7F5CAD
:105310005C2B2B2BEFEFEB2B15152A4B4B4D602BFA
:10532000ADADADADADADADADADADADADAD5C5C5CA0
:105330004848484848484848484848A2A2A2A2A22B
:10534000A2A2A2A2A2A2A2A2A2A248484848484859
:10535000B0AD902B5EE429CE0ABABA9492DB3F58E6
:105360007AECD839F59E9E9E9E9E9E9E9E9E999E0C
:105370009E36F8F91FF96E64649146919264575510
:1053800045D8D7350303033535353535353535350E
:1053900035353535353535D9D9D9D9D9B8D9D9D91A
:1053A000BF39B578E7E743A0DED8D8C3A8BF3582B8
:1053B000829E6B6B6B9E9E82D9D939B398ECECBC04
:1053C00038656534259595168585858585575757A4
:1053D0005757575757576C6C6C95250ACE7233D771
:1053E000A8F5031A1A1A1A1A0335F899783C8D94FD
:1053F000407E7EDFDF7E0000000000000000000035
:10540000000000000000000000000000000000009C
:10541000000000000000000000000000000000008C
:10542000000000000000000000000000000000007C
:10543000000000000000000000000000000000006C
:10544000000000000000000000000000000000005C
:10545000000000000000000000000000000000004C
:10546000000000000000000000000000000000003C
:10547000000000000000000000000000000000002C
:10548000000000000000000000000000000000001C
:105490000000000000DCDC0AAF4F0A169C593C14E7
:1054A000FE7F487F5C5C5C5C5CADAD2B2BADADAD35
:1054B0002B2B2B15A14B4B4D282B90327FADEFEFB3
:1054C000EFEFEFEFEFEF4848484848484848484872
:1054D000484848484848484848484848484848484C
:1054E0004848484848484848485C5CEF2B15964077
:1054F00029D446BA8D64DB06066F8898734ACC9E21
:105500009E9E9E9E1AB1B1B1B1B18235D71FEC09F2
:105510000E649191340E2F64C7451FC3BF35868238
:105520000303030303353535353535353535353525
:10553000D9D9D9D9D9B882D9D9101027CF767676CA
:105540000E583E55D8B33773A8A882356B6B9E9E14
:105550009E8282F5A8C31F98ECB57B3FB446FB251D
:10556000166185858585575757575757575757574A
:105570006C16BA256558B5F91D4A49B1B1B1B1B13A
:1055800049864ABFD197BACECE4FAFDFCFDFAF004B
:10559000000000000000000000000000000000000B
:1055A00000000000000000000000000000000000FB
:1055B00000000000000000000000000000000000EB
:1055C00000000000000000000000000000000000DB
:1055D00000000000000000000000000000000000CB
:1055E00000000000000000000000000000000000BB
:1055F00000000000000000000000000000000000AB
:10560000000000000000000000000000000000009A
:10561000000000000000000000000000000000008A
:1056200000000000000000000000000000C83C383E
:10563000AFAFCE8A9C9C57971B9B90485C5C5C5C90
:105640005CADADAD2B2BADADADADADADAD152A4B5C
:105650004B4D282B32327FEFEFEFEFEFEFEFEF48BC
:1056600048484848484848484848484848484848BA
:1056700048484848484848484848484848484848AA
:105680004848485C5C2B2B9BE44F9A46BA4665928F
:10569000DBAF3855ECB31D4A9E9E9E9E9E1AB1B15B
:1056A000B1B1B18282BFF9EC55386417179A0E2F49
:1056B0002F9CD0ECD839358682030303030335359C
:1056C000353535353535353535D9D9D9D9D9B8B850
:1056D000D9BF1099A4B9CDCD3DCDB9CFA724741FA2
:1056E0001FF91DE0A88282829E9E9E9E8282F539CD
:1056F000C3B3EC7A8BC53F912525B261E8858585DA
:1057000057575757575757576C16BA252516AE7D1A
:105710001D4A86B1B1B1B1B1B1CC864AAA433CBAF7
:10572000CE4FAFAFDFDFDF00000000000000000061
:105730000000000000000000000000000000000069
:105740000000000000000000000000000000000059
:105750000000000000000000000000000000000049
:105760000000000000000000000000000000000039
:105770000000000000000000000000000000000029
:105780000000000000000000000000000000000019
:105790000000000000000000000000000000000009
:1057A00000000000000000000000000000000000F9
:1057B00000000000000000000000000000000000E9
:1057C0000000000000DCDCDC3CAF290A8A9C9C3C29
:1057D0001477B048485C5C5C5C5CADADAD2B2BAD28
:1057E000ADADADADAD322B284D4B4B2A282B32320F
:1057F000EFEFEFEFEFEFEFEF4848484848484848F1
:105800004848484848484848484848484848484818
:105810004848484848484848484848DDA25C5C2B0E
:105820002B134029918D2534653F06061E08ECB3E5
:1058300073829E9E82821AB1B1B1B1B19E82F5D7B8
:105840001F08E23F2F179A0E2F2F0E3E887DC3A808
:105850008686030303030335353535353535353550
:105860003535D9D9D9D9D9B8B8D9BF10DE58B9CDBD
:105870003D3DB93DB9B9C57B3E7A7D377373E08252
:10588000829E9E9E9E9E9E8235A873B3EC7D0F588D
:105890000E914625B261618585575757575757571F
:1058A000576C95258DCE275DF91D8236B1B1B1B10A
:1058B000B149CCF8491838BA0ACE4FAFDFAFAF00C4
:1058C00000000000000000000000000000000000D8
:1058D00000000000000000000000000000000000C8
:1058E00000000000000000000000000000000000B8
:1058F00000000000000000000000000000000000A8
:105900000000000000000000000000000000000097
:105910000000000000000000000000000000000087
:105920000000000000000000000000000000000077
:105930000000000000000000000000000000000067
:105940000000000000000000000000000000000057
:105950000000000000000000000000000000DCDC8F
:10596000C8944FCE0A169C9CE4CA9BAD5C5C5C5C00
:105970005C5C5C5C5C5CADADADADADADADAD32ADB8
:105980002B8F4D4B4B2A28EB32EF48EFEFEFEFEF29
:10599000EFEFEF5C4848484848484848484848487E
:1059A0004848484848484848484848484848484877
:1059B00048484848484848AD2B2BB0C64F658D8DA8
:1059C0008D3429060629AE459873E08282829E496D
:1059D00049494949499E823539D808F0D22F2FB418
:1059E0009AB43F06A77A88F91DF88635B8B803033C
:1059F0003535350303030303353535D9D9D9D9D91D
:105A0000B8D9BF7410103EC5B93D3D3D3DB9B9B9D7
:105A1000064F7B24741F1FC3C3A8F5829E9E9E9EC3
:105A20009E03B8F539C31F7DDEA3C59A4625B26132
:105A3000856C0257575757576C6C169525CE7BDEF1
:105A4000F91D4A3636B1B199B1B1B14935667BBA63
:105A5000940ACEAFDFDFAF7E000000000000000040
:105A60000000000000000000000000000000000036
:105A70000000000000000000000000000000000026
:105A80000000000000000000000000000000000016
:105A90000000000000000000000000000000000006
:105AA00000000000000000000000000000000000F6
:105AB00000000000000000000000000000000000E6
:105AC00000000000000000000000000000000000D6
:105AD00000000000000000000000000000000000C6
:105AE00000000000000000000000000000000000B6
:105AF0000000000000000000DC3CAF4F0A8AE79C79
:105B00009C14FE01325C5C5C5C5C5C5C5C5C5CAD6F
:105B1000ADADADADADADADEFEFEF2B284D4B4B2A9D
:105B2000282BEFEFEFEFEFEFEFEFEFEF5C48484898
:105B300048484848484848484848484848484848E5
:105B400048484848484848484848484848484848D5
:105B50005C2BEBEF775F6591658E8ECE3F3F3F7B91
:105B60007A889873A882829E4949494949499E8208
:105B700082BFF9EC55BDB42FB49A9A3F06343E4526
:105B8000EC37F8BF3535030303353535030303031D
:105B900003353535D9D9D9D9D9B835D9337455550F
:105BA0006F0EF6B9CDCDB9B9B9B906B9C558C7DECA
:105BB000087DF939A8829E829E9E1A1A6BD9BF1061
:105BC000F91F5D09A4644625B2616C026C020202F1
:105BD0006C1695958E659C79D71D4A3636B1B1B154
:105BE000B1B136364A3178E78D8DCE4FAFDF0A0638
:105BF000AF000000000000000000000000000000F6
:105C00000000000000000000000000000000000094
:105C10000000000000000000000000000000000084
:105C20000000000000000000000000000000000074
:105C30000000000000000000000000000000000064
:105C40000000000000000000000000000000000054
:105C50000000000000000000000000000000000044
:105C60000000000000000000000000000000000034
:105C70000000000000000000000000000000000024
:105C80000000000000000000000000000000000014
:105C900000C5CECF0E0AE79C9C97CA9B32325CB0FF
:105CA0005C5C5C5C5C5C5C5CADADADADADADADADAC
:105CB000EFEFEBAD328F4D4B0D2A282BADEFEFEF11
:105CC000EFEFEFEFEFEF484848484848484848486A
:105CD0004848484848484848484848484848484844
:105CE000484848484848484848485CEFEBB0689204
:105CF00017658D8E0ACE29DB062788ECF4A84A8228
:105D00009E3636363636369E828235C31F7DC70EA6
:105D10002FB49A9A0E3F3F38D0ECF4D7743535350E
:105D200035033535358282820303353535D9D9D9E6
:105D3000D9D9B803DEDE337455556FD2F6CDCDB95F
:105D4000B9B9B9B90676B464A4C7305DF9C3D7BF91
:105D5000F5821A9E1A6BDEDEBFA8F9EC08F0193442
:105D60009146B295596C6C02026C958A8E65CE276D
:105D7000D74A4A863699B1B1B1B136363649BC38C0
:105D80008A8D8D4FAFDFAF06AF000000000000002E
:105D90000000000000000000000000000000000003
:105DA00000000000000000000000000000000000F3
:105DB00000000000000000000000000000000000E3
:105DC00000000000000000000000000000000000D3
:105DD00000000000000000000000000000000000C3
:105DE00000000000000000000000000000000000B3
:105DF00000000000000000000000000000000000A3
:105E00000000000000000000000000000000000092
:105E10000000000000000000000000000000000082
:105E2000000000000000000000C5290E4FCE8A5976
:105E30006C3C14FA5C2B5C5C5C5C5C5C5C5C5C5C8D
:105E4000ADADADADADADADADADADADAD2B2B2B288D
:105E50004D4B0D2A282BADEFEFEFEFEFEFEFEFEF0C
:105E6000EFEFEFEF48484848484848484848484816
:105E7000484848484848484848487F7F7F7F7F01D6
:105E80000101017FADEBEB1CFF17658D8D258D6545
:105E900092DBC52423EC371D4A3636363636363685
:105EA0006B6B6B0339C31FB5E72F17649A0E06B9E6
:105EB0003F8BECECF9D74A4A8686498686868686E9
:105EC000860303030303D9D9D9D9D935B8B8D9D9A9
:105ED000BF10D81079BD06B9F67676DF7606063F94
:105EE0003F926541C7307D5DD71D35356B1A1A1A53
:105EF0001A0335BF101FECD0E2D2919125959595EC
:105F00009595B781346565A7B51DE0826BB1B1B1D8
:105F1000B1B1B1363636AAA38A0ACE4FCFAFDF3C35
:105F2000AF4F000000000000000000000000000073
:105F30000000000000000000000000000000000061
:105F40000000000000000000000000000000000051
:105F50000000000000000000000000000000000041
:105F60000000000000000000000000000000000031
:105F70000000000000000000000000000000000021
:105F80000000000000000000000000000000000011
:105F90000000000000000000000000000000000001
:105FA00000000000000000000000000000000000F1
:105FB00000000000000000000000000000000000E1
:105FC00000C5D2D23F4F0AE76C21E447DD5C2B5C71
:105FD0005C5C5C5C5C5C5C5C5CADADADADADADADCA
:105FE000ADADADADADADADAD2B284D0D0D2A282B12
:105FF000EB32EFEFEFEFEFEFEFEFEFEFEF48484867
:106000004848484848484848484848484848484810
:106010004848487F7F7F7F7F010101010148EFEB06
:106020008F134F299A8DBABA944FDB3F38D0EC9832
:1060300073A8823636363636366B6B6B03BFC31F9A
:1060400088FC292FB49A0E3F06B4A4F0EC1F371D2C
:106050004A4A86498686868686860303030303D9D1
:10606000D9D9D9D935B8B8B8D9D97410F97D558BE3
:10607000C5B9F6F67606063F3F3FF62FDB0EA46F56
:106080005508F91D4A35B81A1A1A6B6B35BFF91F36
:10609000EC0866410E9146FBB2252546D49129387D
:1060A0007574A88203DEB199B1B1B136364AB11820
:1060B0009C0A0ACE4FCFDFAFAF4F000000000000B8
:1060C00000000000000000000000000000000000D0
:1060D00000000000000000000000000000000000C0
:1060E00000000000000000000000000000000000B0
:1060F00000000000000000000000000000000000A0
:10610000000000000000000000000000000000008F
:10611000000000000000000000000000000000007F
:10612000000000000000000000000000000000006F
:10613000000000000000000000000000000000005F
:10614000000000000000000000000000000000004F
:106150000000000000000000005FD241AF0ECE8AB8
:1061600016579714775C5C5C5C5C5C5C5C5C5C5CAC
:106170005C5C5CADADADADADADADADADADADADAD42
:10618000AD2B2B604D0D0D2A282BEBEFEFEFEFEF32
:10619000EFEFEFEFEFEF5C5C48484848484848486D
:1061A0004848484848484848484848487F7F484801
:1061B00048010101010148EFEB2B5EC629299A8DA8
:1061C000BA5F4FAF3F291E1FECB3A84A863636365A
:1061D00036366B6B6BB835D7F90831A43F2FB49ABC
:1061E0000E0EB40E58DEECF41DA84A86498686864B
:1061F0008686860303030303D9D9D93535B8B8B8E1
:10620000B835D933BFC3F91F7A0FEDCFF6F60606BE
:10621000063F3F3F2F3FDB92CE7BD1555D1DD7BF61
:106220006B6B6B1A1A1AB835D7F91F0830C7E79A83
:10623000D4468D8D34919A38BC82A8F582DEDEB1C9
:1062400099B1B1B1364AF8797B0A0A0ACEAFDF06B6
:10625000BB4F4F00000000000000000000000000E5
:10626000000000000000000000000000000000002E
:10627000000000000000000000000000000000001E
:10628000000000000000000000000000000000000E
:1062900000000000000000000000000000000000FE
:1062A00000000000000000000000000000000000EE
:1062B00000000000000000000000000000000000DE
:1062C00000000000000000000000000000000000CE
:1062D00000000000000000000000000000000000BE
:1062E00000000000000000000000000000000000AE
:1062F00000BA5F0CCEAF29CE8A165797CA9B5C5C5A
:106300005C5C5C5C5C5C5C5C5C5C5C5C5C5CADAD2B
:10631000ADADADADADADADADADADEFEB2B284D0D34
:106320000D2A282BEBEFEFEFEFEFEFEFEFEFEFEFB3
:10633000EFEF48484848484848484848484848488F
:106340004848484848487F010101010101010148CE
:106350006A32EB15FE404F9A34BABA0A2929929252
:10636000180898B3A88686363636366B6B6B6BB8D2
:1063700033D71F08780E2F3F0E9A0E3F3F0E787DC1
:106380001FF4A84A4A82868686868686030303030C
:1063900003D9D9D9B8B8B8B8B8B8B8B833BFD939AB
:1063A000C37D08083EA40E760606063FB43F3F3F75
:1063B0002FDB3F0EA7B55DF9D735036B1A1A1A6BA1
:1063C00035BFBFC3D888086638D246654F294F58B5
:1063D00079A8A8F5826B6B6BB1B1B1B149361D6B71
:1063E00078160A0ACECEAFDF4F4F4F0000000000F4
:1063F000000000000000000000000000000000009D
:10640000000000000000000000000000000000008C
:10641000000000000000000000000000000000007C
:10642000000000000000000000000000000000006C
:10643000000000000000000000000000000000005C
:10644000000000000000000000000000000000004C
:10645000000000000000000000000000000000003C
:10646000000000000000000000000000000000002C
:10647000000000000000000000000000000000001C
:1064800000000000000000000000D241BA4FAFCE73
:106490000A8A3CBB14FE325C5C5CDDDDDD5C5C5C6E
:1064A0005C5C5C5C5C5C5CADADADADADADADADAD53
:1064B000ADADA2EF90902B604D0D0D2A2815EFEB9E
:1064C000EFEFEFEFEFEFEFEFEFEFEF48484848481F
:1064D0004848484848484848484848484848487F05
:1064E000010101010101010148489032EB2BCA4032
:1064F0000E9A4625250A659292E779889837F8869C
:10650000363636366B6B1A1A6B33D7D888B59C2F54
:106510003F0E9ACECF29B4C5181FF4371DA8828626
:1065200086868686860303030303D9D9D9B8B8B80B
:10653000B8B8B8B8B8D9D9D9BF3910F91F0830E2FE
:106540006C0606060617B4CF0EB4B42F2F2FE7C77C
:1065500039D8D7BF031A1A1A1A6B0333BF1DC3D811
:1065600098B88B578A5FBD8B75E0F835B86B1A1AEF
:1065700099B1B1494986E04A0938BABA0ACEAFDFC3
:10658000AF574F00000000000000000000000000B6
:1065900000000000000000000000000000000000FB
:1065A00000000000000000000000000000000000EB
:1065B00000000000000000000000000000000000DB
:1065C00000000000000000000000000000000000CB
:1065D00000000000000000000000000000000000BB
:1065E00000000000000000000000000000000000AB
:1065F000000000000000000000000000000000009B
:10660000000000000000000000000000000000008A
:10661000000000000000000000000000000000007A
:106620000000003CCE4F7E4F0AA4E79CE41B1C9068
:10663000DDDD5C5C5C5C48485C5C5C5C5C5C5C5CC0
:106640005C5C5CADADADEFEFEFEFEFEFEFEFEFEFD9
:1066500015604D0D0D2A28EBEBAD2BEFEFEFEFEFB3
:10666000EFEFEFEFEFEF48484848484848484848C0
:10667000487F5C5C5C5C5C7F7F7F7F7F0101010108
:106680000101017FADEB152BC64F918D8E25253471
:1066900029DB4F9CD08898734A863636366B6B1A46
:1066A0001A6B35BFF91F8818293F646434CE0ECFAA
:1066B0000E0E3E1FF473E0A84A36368635038282FA
:1066C000828282030303030303030303030303031D
:1066D000B80335BF39101FEC883072CF2F1706CFA3
:1066E00006296464B4F6F6F63FBD30D810CC491ADA
:1066F0001A1AB8B8B8D9D9BF10D8D8D8751818AAE6
:10670000D93939F5B86B6B1A1A1AB149CCCCF8E003
:10671000AA433C0ACECEAFAF7E5F7E4F00000000A2
:106720000000000000000000000000000000000069
:106730000000000000000000000000000000000059
:106740000000000000000000000000000000000049
:106750000000000000000000000000000000000039
:106760000000000000000000000000000000000029
:106770000000000000000000000000000000000019
:106780000000000000000000000000000000000009
:1067900000000000000000000000000000000000F9
:1067A00000000000000000000000000000000000E9
:1067B000000000000000000000000000CEAFAFCFDE
:1067C000CE8A8AE757144CA2D6DDDD5C5C5C484873
:1067D000485C5C5C5C5C5C5C5C5C5C5CADADADEF87
:1067E000EFEFEFEFEFEFEFEFEFEB15604D0D0D2A51
:1067F000602BEBEFEFEFEFEFEFEFEFEFEFEFEF48A7
:10680000484848484848484848487F5C5C5C5C5C6D
:106810007F7F7F7F7F010101010101017F7FADEB60
:1068200015B6FF299A3425958E6564AF3FA7D0EC45
:10683000F41D4A3636496B6B1A1A6B3535D7D8ECCE
:106840005D433FB4649ACECE0E3F3F38791FF43794
:10685000A84A4A368635B8828282828203030303BD
:106860000303030303030303036BB83535BF391078
:10687000D8EC88083EBD9AF63FB4B464649AB4B4C8
:106880002FF62F58AE107435B81A9EB8B89EB8B807
:10689000B8BF39C3D81039C3C339D9D9B86B1A1A9C
:1068A0001A1A1A1A49364A1DBF8B3CBA0ACE4FAF84
:1068B000DF4FAF4F000000000000000000000000AC
:1068C00000000000000000000000000000000000C8
:1068D00000000000000000000000000000000000B8
:1068E00000000000000000000000000000000000A8
:1068F0000000000000000000000000000000000098
:106900000000000000000000000000000000000087
:106910000000000000000000000000000000000077
:106920000000000000000000000000000000000067
:106930000000000000000000000000000000000057
:106940000000000000000000000000000000000047
:106950000000000000CE02AFAF0A8AE79C9751B654
:10696000A248DDDD5C5C5C4848485C5C5C5C5C5C6F
:106970005C5C5C5C5CADADADEFEFEFEFEFEFEFEFCC
:10698000EFEFEBEB15604D0D0D2A602BEBEFEFEF0A
:10699000EFEFEFEFEFEFEFEF48484848484848483F
:1069A0004848487F5C5C5C5C5C7F7F7F7F7F010147
:1069B00001010101017F7F7FADA515774029348E4C
:1069C00095958E6564B49AED08EC37A83649CC6B82
:1069D0006B1A1A6BB835BFF91FECF0C5063F29CE0C
:1069E000CECE293FCFA40FECF4731D4A4A82038216
:1069F00082828282820303030303030303030303EC
:106A000003036B6BB8B80335BFD7F91FEC0855A06B
:106A100081F62F2F2F649A9AB4B42F179216AE10C6
:106A2000D9B8B8B8B8B81A9EB8B8D9D93939393937
:106A300039D9F5F5B8829E1A1A1A1A1A6B364A1DF8
:106A4000A8AE588D8D944FAFDFDFAFAF00000000D0
:106A50000000000000000000000000000000000036
:106A60000000000000000000000000000000000026
:106A70000000000000000000000000000000000016
:106A80000000000000000000000000000000000006
:106A900000000000000000000000000000000000F6
:106AA00000000000000000000000000000000000E6
:106AB00000000000000000000000000000000000D6
:106AC00000000000000000000000000000000000C6
:106AD00000000000000000000000000000000000B6
:106AE00000000000000000000000000000E7410E70
:106AF000AFCE0A16169C4413B048A25C5C5C5C5C8A
:106B00004848485C5C5C5C5C5C5C5C5C5C5C5C5C01
:106B10005C4848EFEFEFEFEFEFEFEFEF90EB15A1F1
:106B20004D0D0D2A602BEBEFEFEFEFEFEFEFEFEFF7
:106B3000EFEFEFEF48484848484848487F5C5C7FA3
:106B40007F7F7F7F7F7F7F0101010101017F7F7F49
:106B50007FADF1A52B4740CE34258E8E8E646464C4
:106B60000E1E551F73E086CC6B1A1A6B6BB8B835C6
:106B7000BFF97D886FC50629CE34D2CE29294F387A
:106B800066ECF4371DA84AF5F582828282820303FF
:106B900003030303030303030303030303030303C5
:106BA0003535BFBF1DF91FEC88D0FCC5063F2FB49B
:106BB000B49AB42F2F1765437A39D9B8B81A1AB8CE
:106BC000B8B8B8B8B8F5F5F5F5F5F5B89E9E9E1AC3
:106BD0001A1A1A1A6B034A4AD7AA078A9494944F2E
:106BE000DFDF8A06CF000000000000000000000088
:106BF0000000000000000000000000000000000095
:106C00000000000000000000000000000000000084
:106C10000000000000000000000000000000000074
:106C20000000000000000000000000000000000064
:106C30000000000000000000000000000000000054
:106C40000000000000000000000000000000000044
:106C50000000000000000000000000000000000034
:106C60000000000000000000000000000000000024
:106C70000000000000000000000000000000000014
:106C800000000000005941023F290A8A161638A95F
:106C9000FA7F32DD5C5C5C5C5C4848485C5C5C5C58
:106CA0005C5C5C5C5C5C5C5C5C5C4848EFEFEFEF00
:106CB000EFEFEFEFEF90EBEB15A14D0D0D2A601507
:106CC000EBEFEFEFEFEFEFEFEFEFEFEFEF484848CD
:106CD00048484848487F5C5C7F7F7F7F7F7F7F7F1D
:106CE0000101010101017F7F017F7FAD32A52B1BD7
:106CF00094348E8E258E34646429CE8B7DF473E0BB
:106D0000866B1A1A6B6B036B35BFD7D8EC0872060B
:106D10003F299A34349A29B44FA424ECF4371D1D2A
:106D2000A8F535828282820303030303030303036E
:106D3000030303030303034949868686F886BFF9E4
:106D4000D81FECECF07B3FF6F62F2F2F3F062F17C6
:106D50008A5539BFD9B81A1AB8B8B8B8B8B8828243
:106D6000828282B89E9E9E9E1A1A1A1A6BB8F54AA3
:106D70001D33273C0A94CE4FAFDFAFCF0600000093
:106D80000000000000000000000000000000000003
:106D900000000000000000000000000000000000F3
:106DA00000000000000000000000000000000000E3
:106DB00000000000000000000000000000000000D3
:106DC00000000000000000000000000000000000C3
:106DD00000000000000000000000000000000000B3
:106DE00000000000000000000000000000000000A3
:106DF0000000000000000000000000000000000093
:106E00000000000000000000000000000000000082
:106E100000000000000000000000000000E7E74163
:106E20000E3FCE8E16166C97CA9B3232DD5C5C5CD0
:106E30005C5C4848485C5C5C5C5C5C5C5C7F7F7F65
:106E40007F7F7F4848EFEFEFEFEFEFEFEFEFEFEBF4
:106E5000EBEB15A14D0D0D2A6015EBADEFEFADADD0
:106E6000EFEFEF5C5C5C5C5C5C5C5C5C5C5C4848D1
:106E7000487F7F7F7F7F7F7F7F01010101010101CB
:106E80000101017F5C32A5EBB0680A34468E0A34FA
:106E90009A643F3FC5A0F4B3734A491A1A1A6B6B40
:106EA0006B0335BF10F48830383F3F293434463403
:106EB0009A294FA4BCF4F4F437A8A84A3535828245
:106EC0000303030303030303030303030303030392
:106ED0004949864949868686BFD710B31F887A6F8D
:106EE000383FF62F2F2FB92F2F9C5539BFD9B8B85F
:106EF0001AB8B8B8B8B88282829E9E9E9E9E9E9E08
:106F00009E999E1A6B0335A81D86A05794944F4FE7
:106F1000AFDFAFAF0600000000000000000000007F
:106F20000000000000000000000000000000000061
:106F30000000000000000000000000000000000051
:106F40000000000000000000000000000000000041
:106F50000000000000000000000000000000000031
:106F60000000000000000000000000000000000021
:106F70000000000000000000000000000000000011
:106F80000000000000000000000000000000000001
:106F900000000000000000000000000000000000F1
:106FA00000000000000000000000000000000000E1
:106FB000000000000000E7CEE7AFCE348AE7166C91
:106FC00014FE5C9090DD4848484848487F7F5C5CF0
:106FD0005C5C5C5C5C5C4848484848484848EFEF6B
:106FE000EFEFEFEFEFEFEFEFEFEFEFEB15A10D0DA1
:106FF0000D2A602BEBEBEF2B2B2B2B2BADADADAD7F
:10700000ADAD5C5C5C5C5C4848484848485C5C5C96
:107010005C5C01010101010101010101017F5CAD25
:10702000AD15B6140AD4460A349A9AB43F3FA46602
:107030001F37E086494949496B6B6B0335D7101FF1
:10704000ECF09C2929298D252534CE29CE6C2710DA
:107050001FF4371D4AF833359E030303030303036C
:10706000030303034949494949494949494949866B
:107070008686F8F8D7F91FECECDEEA0EF6F676DB3A
:107080002F641E7DD7BFD9D9B8B8B8B8B8B8B89EE4
:107090009E9E9E9E9E9E9E9E9E9E99996B03034AD7
:1070A0001DD7243825CECE4FAFDF068A060000005C
:1070B00000000000000000000000000000000000D0
:1070C00000000000000000000000000000000000C0
:1070D00000000000000000000000000000000000B0
:1070E00000000000000000000000000000000000A0
:1070F0000000000000000000000000000000000090
:10710000000000000000000000000000000000007F
:10711000000000000000000000000000000000006F
:10712000000000000000000000000000000000005F
:10713000000000000000000000000000000000004F
:10714000000000000000000000000000000000CE71
:10715000CECEAF29349516163C689BAD9048DD48DD
:1071600048484848487F7F5C5C5C5C5C5C5C5C4891
:1071700048484848484848EFEFEFEFEFEFEFEFEFB0
:10718000EFEFEBEBEBEB15A14D0D0D2A6015EBEBE3
:107190002B2B2B2B2BADADADADADAD5C5C5C5C5C3E
:1071A0004848484848485C5C5C5C5C01010101015E
:1071B0000101010101017F7F5CADAD2BB6C6CED4CC
:1071C000D434349A9A3FB4DB7B74F4731D86364909
:1071D000496B6B6B03B835D7F998ECA09A3FB4654F
:1071E0002525258E6565654FEDB5ECF43773A84A06
:1071F000828203030303030303030303034949498F
:107200004949494949494949494986868686F8D7BD
:10721000F91F7D883E58CFCD763FD266F939BFD968
:10722000D9B8B8B8B8B8B8B89E9E9E9E9E9E9E9E8D
:107230009E9E9E9E1A6B82F5E0730F6E81CECE4F9E
:107240004F063D8A92000000000000000000000090
:10725000000000000000000000000000000000002E
:10726000000000000000000000000000000000001E
:10727000000000000000000000000000000000000E
:1072800000000000000000000000000000000000FE
:1072900000000000000000000000000000000000EE
:1072A00000000000000000000000000000000000DE
:1072B00000000000000000000000000000000000CE
:1072C00000000000000000000000000000000000BE
:1072D00000000000000000000000000000000000AE
:1072E00000000000000000000E3F293FCE0A955923
:1072F000163C47B0EF3248484848484848487F7FE6
:107300005C5C5C5C5C5C5C5C48484848484848485D
:1073100048EFEFEFEFEFEFEFEFEFEFEFEBEBEBEB34
:1073200015A14D0D0D2A6015EB2BADAD2B2B2B2B85
:107330002BADADADADAD5C5C5C4848484848487F7E
:107340007F7F7F7F01010101010101010101017FB7
:107350007F7F5CADEBEBFAE465D49A9A349AB42F54
:107360002FCF78D8B31D4A36B1B11A1A1A036B035E
:10737000861DB398D86FD2B464348A9595258D65EF
:1073800065CE3824ECF4B373A84A4A35B8B8B86B64
:107390006B03030303034949494949494949494999
:1073A0004949494949494986F8F8D7F91F7DD03EEE
:1073B0007BC558AE5DC3A8D9B8B8B8B8B8B8B8B826
:1073C000B89E9E9E9E9E9E9E9E9E999E6B6B82A840
:1073D000A87375A7B746CE4F4FAFDFE706AF0000E3
:1073E000000000000000000000000000000000009D
:1073F000000000000000000000000000000000008D
:10740000000000000000000000000000000000007C
:10741000000000000000000000000000000000006C
:10742000000000000000000000000000000000005C
:10743000000000000000000000000000000000004C
:10744000000000000000000000000000000000003C
:10745000000000000000000000000000000000002C
:10746000000000000000000000000000000000001C
:10747000000000000000000000000000000000000C
:1074800000293F293FCE0A595916E4FEEBEFEF4899
:10749000484848484848487F7F5C5C5C5C5C5C5C72
:1074A0005C4848484848484848484848EFEFEFEFAC
:1074B000EFEFEFEFEFEFEFEFEBEB15A14D0D0D2A37
:1074C00060152B2BAD2B2B2B2B2BADADADADAD5CB0
:1074D0005C5C484848484848DDDDDDDDDD010101F0
:1074E00001010101010101017F7F7F7F5CEFEB2B37
:1074F000FEE49A9A9A9A9A9A3F2F2F0E661F371D8A
:107500008236B11A1A1A1A1A6B49351DB39808181F
:10751000C529CE0A9595B29546916565A48B33F938
:10752000F4371DF835353503036B030303030349B3
:1075300049494949494949494949494949494936CE
:10754000498686F8F8F95D7D7D5D30555D1039D945
:10755000D9B8B8B8B8B8B8B8B8B89E9E9E9E9E9E26
:107560009E9E9E9E9E828282A8C399A3E74665CE78
:10757000AFAF3D0AAF0600000000000000000000B1
:1075800000000000000000000000000000000000FB
:1075900000000000000000000000000000000000EB
:1075A00000000000000000000000000000000000DB
:1075B00000000000000000000000000000000000CB
:1075C00000000000000000000000000000000000BB
:1075D00000000000000000000000000000000000AB
:1075E000000000000000000000000000000000009B
:1075F000000000000000000000000000000000008B
:10760000000000000000000000000000000000007A
:1076100000000000000000000000293F3F3F0ABAC0
:1076200059593C689B32EFEF486A484848484848F7
:107630007F7F5C5C5C5C5C5C5C5C484848484848BC
:107640004848484848EFEFEFEFEFEFEFEFEFEFEF8D
:10765000B0EF90EB15A14D0D0D2A602B2B2B2B2B92
:107660002B2B2BADADADADAD5C5C5C4848484848BC
:1076700048DDDDDDDDDD0101010101010101010167
:10768000017F7F7F017F5C5C902B4C3C649A9A9ACF
:107690009ACF062F17A77DF41D4A36361A1A1A1AE2
:1076A0001A1A36493539B398D86F8A0A0AB2B261C4
:1076B00061B23491656529A779F9F4371DBFBFBF61
:1076C0003503B80303030303494949494949494973
:1076D0004949494949494949B13649494986F8F82A
:1076E000D7D737D7D7BFBFD9B8B8B8B8B8B8B8B8F0
:1076F000B8B8B89E9E9E9E9E9E9E9E9E9E9E9EE01A
:10770000E0739978858ECE4F65AF3DDFAF06000000
:107710000000000000000000000000000000000069
:107720000000000000000000000000000000000059
:107730000000000000000000000000000000000049
:107740000000000000000000000000000000000039
:107750000000000000000000000000000000000029
:107760000000000000000000000000000000000019
:107770000000000000000000000000000000000009
:1077800000000000000000000000000000000000F9
:1077900000000000000000000000000000000000E9
:1077A00000000000000000000000000000000000D9
:1077B0000000009229AF298AE72121386DEB2B5C6C
:1077C000484848484848DDDD01017F01485C484899
:1077D0004848484848484848484848484848484829
:1077E00048EFEFEFEFEFEFEFEFEFEFEFEBEB15A180
:1077F0004D0D0D4DA18FEBEBEFADADADADADAD2BA7
:107800002B5C5C5C5C5C5CDDDDDDDDDDDDDDDDDD60
:10781000DDDDDDDD01DDDDDDDDDDDDDDDDDDDD6AE7
:107820006AEF2B2B6DBA29299A919A3F76F60E3E74
:10783000ECF41D4A826B1A1A1A1A1A1A6B6B35105D
:107840001FEC88D1594634B7B7B7816125466464C7
:1078500065292730F4F41D1DF8353303CCCC494994
:1078600049363636363649494949494949494949E7
:1078700049494949494949CC86F8F8F8D7F8CCCC68
:10788000CC036B6B6B6B6B6B6B6B6B6B9E9E9E9E83
:107890009E9E999E1A9EF54AE0E09EE28534CECEE9
:1078A000CE4FB9B9CEAF00000000000000000000CC
:1078B00000000000000000000000000000000000C8
:1078C00000000000000000000000000000000000B8
:1078D00000000000000000000000000000000000A8
:1078E0000000000000000000000000000000000098
:1078F0000000000000000000000000000000000088
:107900000000000000000000000000000000000077
:107910000000000000000000000000000000000067
:107920000000000000000000000000000000000057
:107930000000000000000000000000000000000047
:1079400000000000000000000000004F4F06AFCE16
:107950008A592121445EEB2B5C484848484848DD61
:10796000DD01017F01485C4848484848484848488C
:1079700048484848484848484848EFEFEFEFEFEF9D
:10798000EFEFEFEFEFEFEB2B15A14D0D0D4D601568
:10799000EBEBADADADADADAD2B2B5C5C5C5C5C5C85
:1079A000DDDDDDDDDDDDDDDDDDDDDDDDDD01DDDDE3
:1079B000DDDDDDDDDDDDDDDD6A6A482B2B2B475F9C
:1079C00091D49A9AB43F7606E7B57D371D82821A24
:1079D0001A1A1A1A999E9E8239D8982388BC9CD26A
:1079E00081B7B75961612546916565CE586F551FBE
:1079F000F41D1D4A8686864949493636363636365E
:107A00004949494949494949494949494936B14991
:107A10004949CC4949CC49494949496B6B6B6B6B26
:107A20006B6B6B6B6B9E9E9E9E9E9E9E9E9EE0E0F1
:107A3000E073828B9C8E34CECE4FAFB9CFB9AF00FE
:107A40000000000000000000000000000000000036
:107A50000000000000000000000000000000000026
:107A60000000000000000000000000000000000016
:107A70000000000000000000000000000000000006
:107A800000000000000000000000000000000000F6
:107A900000000000000000000000000000000000E6
:107AA00000000000000000000000000000000000D6
:107AB00000000000000000000000000000000000C6
:107AC00000000000000000000000000000000000B6
:107AD00000000000000000000000000000000000A6
:107AE000000000943CCEAF4F8A8A6C213C68B0EB1A
:107AF0002B5C484848484848DDDD01017F01485C6F
:107B000048484848484848484848484848484848F5
:107B1000484848EFEFEFEFEFEFEFEFEFEFEFEFEF6A
:107B2000EBEB15A14D0D0D4D602BEBEBADADADAD00
:107B3000AD2B2B5C5C5C5C5C5CDDDDDDDDDDDDDD0F
:107B4000DDDDDDDDDDDD01DDDDDDDDDDDDDDDDDD41
:107B5000DD6A6A485C2B1548518DD434919AB43F44
:107B6000F63F2708F41D4A829E999E9E9E9E9E8205
:107B7000F5A810D8982323BCD23481B7596161612C
:107B8000B2468D8D6464CE07F07AD837E04AF8F8B3
:107B900086868636363636364949494949494949FD
:107BA000494949494949B1B1B1B14949B1B14949D5
:107BB000494949496B6B6B6B6B6B6B6B6B6B9E9E37
:107BC0009E9E9E9E9E9EE0E0E0739E27E70A0ACE60
:107BD000CECEAFDFCFB9B90000000000000000003A
:107BE0000000000000000000000000000000000095
:107BF0000000000000000000000000000000000085
:107C00000000000000000000000000000000000074
:107C10000000000000000000000000000000000064
:107C20000000000000000000000000000000000054
:107C30000000000000000000000000000000000044
:107C40000000000000000000000000000000000034
:107C50000000000000000000000000000000000024
:107C60000000000000000000000000000000000014
:107C7000000000000000000000000094CE3C4F4FC8
:107C80000ABA16216C971315EFAD5C48484848486E
:107C900048DDDD017F7F5C5C5C48484848484848D7
:107CA0004848484848484848484848484848EFEF06
:107CB000EFEFEFEFEFEFEFEFEF3232EF2BA14D0DE4
:107CC0000D4D602B2BADADADADAD2B2B5C5C5C5C7D
:107CD0005C5CDDDDDDDDDDDDDDDDDDDDDD5C5C7F36
:107CE000DDDD484848484848DDDDDD5C4848EFEBCD
:107CF000A59BA99465919191B4F6F69CB5EC371DBE
:107D000082829E99999E9E8282F51DC3B3982323F9
:107D1000D8E2D281B7B76161616161B2258D651723
:107D200064A4FCF07D1F37371DF84A4A4A86363670
:107D3000364949494949494949494949494949B15E
:107D4000B1B1B1B1B1B1B1B1B1B1B1B11A1A1A6B2E
:107D50006B6B6B6B1A1A1A9E9E9E9E9E9E82E0E033
:107D600073B3D98B9C258E0ACECEAFDFDFDF060042
:107D70000000000000000000000000000000000003
:107D800000000000000000000000000000000000F3
:107D900000000000000000000000000000000000E3
:107DA00000000000000000000000000000000000D3
:107DB00000000000000000000000000000000000C3
:107DC00000000000000000000000000000000000B3
:107DD00000000000000000000000000000000000A3
:107DE0000000000000000000000000000000000093
:107DF0000000000000000000000000000000000083
:107E00000000000000000000000000000000000072
:107E1000000000004F9294AF940A3C3C216C449BBC
:107E2000EBEFAD5C484848484848DDDD017F7F5CAA
:107E30005C5C48484848484848484848484848489A
:107E400048484848484848EFEFEFEFEFEFEFEFEFD3
:107E5000EFEF4890903215A14D0D0D4D602BADAD5B
:107E6000ADADAD2B2B5C5C5C5C5C5CDDDDDD5C2E6C
:107E7000DD2EDD01DDDD5C5C7FDDDD484848484806
:107E800048DDDDDD5C5C6A48EFEB151CE465D491F0
:107E90004691B4F6177888F437A8F58282828282F8
:107EA000A8A81DC3B398EC0874BC7BC581B7B761A3
:107EB00061616161B2FB4691656492654F1E30EC71
:107EC000F4F4371DA8F8F8868686868686494949DF
:107ED0004949494949494949B1B1B1B1B1B1B1B1D2
:107EE000B1B1B1B1B11A1A1A6B6B6B6B6B1A1A1A6A
:107EF0009E9E9E9E9EF5F573731F33FC160A8E0A96
:107F00000A4FAFDFDFDFDF000000000000000000ED
:107F10000000000000000000000000000000000061
:107F20000000000000000000000000000000000051
:107F30000000000000000000000000000000000041
:107F40000000000000000000000000000000000031
:107F50000000000000000000000000000000000021
:107F60000000000000000000000000000000000011
:107F70000000000000000000000000000000000001
:107F800000000000000000000000000000000000F1
:107F900000000000000000000000000000000000E1
:107FA000000000000000000000000000004F92945C
:107FB000AF29BA3C5B853C512BEBEF5C4848484805
:107FC0006AA2A2A2A2A248485C5C5C5C5C5C5C5CAD
:107FD0004848484848484848484848484848484821
:107FE00048EFEFEFEFEFEFEFEFADADEF6A9032ADAF
:107FF0002BA14D0D0D4D282BADADEF5CADADADAD55
:108000005C7FDDA27F7FB01C96A9C61BB6017FDD19
:108010007F6AA2A2484848484848A2A2DDDDA2489B
:108020006AEFEFEB32968DD4D44646912F170E753A
:10803000ECF437D7A8A8A8E0737337C3F9390F1841
:10804000A338C5CE3481B7B716956161B2B2812528
:1080500046346591649229E778795D1FF473371D82
:108060001DF886868686868282CC494949494949D7
:1080700049494949B1B1B1B1B14949494949496B46
:108080006B6B6B6B03036B1A1AB8B8B8F53939739D
:10809000B3D8AAED95460A0A0ACECFB906DFDF00AB
:1080A00000000000000000000000000000000000D0
:1080B00000000000000000000000000000000000C0
:1080C00000000000000000000000000000000000B0
:1080D00000000000000000000000000000000000A0
:1080E0000000000000000000000000000000000090
:1080F0000000000000000000000000000000000080
:10810000000000000000000000000000000000006F
:10811000000000000000000000000000000000005F
:10812000000000000000000000000000000000004F
:10813000000000000000000000000000000000003F
:108140000000000000004F92923FCEBA5B2180E415
:10815000FEEBEFAD5C48DDDDDDD6D6A22EA2D66A01
:1081600090485CAD5C5C5C5C5C484848484848486A
:10817000484848484848484848484848484848AD1A
:10818000ADADADADAD48484848482BA10D0D0D4DE6
:10819000282B32AD5C2B2B2BAD5C7FA26A32AD9BC2
:1081A000A9407E7E7EA99B90A26A90484848484894
:1081B0004848484848A26A6A48484890EF901C9747
:1081C00091D4FBFB46659229A3ECE1B3B37373B37F
:1081D000B3F4F4103118BDC53F0E9A914646FBB773
:1081E000B781B7B7B7B7FBFB25B2B2FB9A29B43F4B
:1081F0002F3FCE7B245DEC1F1F37371D1D4AA88201
:10820000F5824949494949CC4949494949B1B1B13E
:10821000B1B1B1B1B1B1B14949494949496B6B1AE1
:108220001A0382F5A8C3C3B3B37D2438C58E8E0A62
:108230000ACEAFB9B9B9DF000000000000000000AD
:10824000000000000000000000000000000000002E
:10825000000000000000000000000000000000001E
:10826000000000000000000000000000000000000E
:1082700000000000000000000000000000000000FE
:1082800000000000000000000000000000000000EE
:1082900000000000000000000000000000000000DE
:1082A00000000000000000000000000000000000CE
:1082B00000000000000000000000000000000000BE
:1082C00000000000000000000000000000000000AE
:1082D000000000000000000000000000000000CED0
:1082E00057DB290A16212157A9B0EBEF5C5C482E19
:1082F0002E2EA26A7C7C7C9090327F32325C5C5C59
:108300005C5C4848484848484848484848484848C5
:1083100048484848484848485C5C5CADADAD484872
:10832000484848322BA14D0D0D4D28ADAD322B2BB9
:108330002BAD5C7FA26A32B0CA407EDFDF7E40FA9E
:10834000EFA27F3248484848484848484848A26A0F
:108350006A6A6A6A90EF90B0DC46D4FBB7FB8D6521
:1083600091BB30E1989898EC1F74F06F72E70EB4EF
:10837000B4B4649A9146FBFBFBB7545454FBFBFB2B
:10838000FBFBFBFB258E349A29B464656429416F9D
:10839000B508ECF437371D1D4A4A86868649494997
:1083A0004949B1494949B1B1B1B1B1B1B1B1B1B1C5
:1083B0004949494949496B6B823535E0E073B398C7
:1083C000983127579525258E0A0A4F06B9DFB9003F
:1083D000000000000000000000000000000000009D
:1083E000000000000000000000000000000000008D
:1083F000000000000000000000000000000000007D
:10840000000000000000000000000000000000006C
:10841000000000000000000000000000000000005C
:10842000000000000000000000000000000000004C
:10843000000000000000000000000000000000003C
:10844000000000000000000000000000000000002C
:10845000000000000000000000000000000000001C
:10846000000000000000000000000000000000000C
:10847000000000000000000A2929DB298E6C212160
:1084800097472BEBAD5C48482E2E2EA2D67C7C6AFB
:108490005CDDB0B02B32ADA2ADADAD5C4848484814
:1084A000484848484848484848484848484848484C
:1084B000485C5C5C5C5C7F4848484848327FAD6003
:1084C0000D0D0D4D28AD32ADADADADADADA248AD8C
:1084D000B640DBAFAFAFAF4F13EB5C5C3248484800
:1084E00048484848484848A26A6A6A6A6AEF5C9005
:1084F000DDCA25D446FBB225CED491A3EC23887DDA
:10850000F0C7BDB746171717171791179A34FBFB1B
:10851000FBFBFB54FB945F5F8D2546D4462534342A
:1085200034349A2992929292648AEDF008EC1F1FDB
:10853000F9371D1DF8F8864A86494949494936B137
:10854000B1B1B1B1B136B1B1B1B1B1494949868228
:10855000F5BFBF3973F498EC351841952525B295D0
:108560008E0A2906AFDFB9000000000000000000FD
:1085700000000000000000000000000000000000FB
:1085800000000000000000000000000000000000EB
:1085900000000000000000000000000000000000DB
:1085A00000000000000000000000000000000000CB
:1085B00000000000000000000000000000000000BB
:1085C00000000000000000000000000000000000AB
:1085D000000000000000000000000000000000009B
:1085E000000000000000000000000000000000008B
:1085F000000000000000000000000000000000007B
:108600000000000000000000000000000000009CCE
:10861000CE573F3F298A162121C677EB905CB0A246
:10862000A22E2E2EA2D67C2EFA1BC6C6684CB02BCC
:108630005CADADAD5C484848484848484848484863
:10864000484848484848484848485C5C5C5C5C7F0F
:1086500048484848487F32905C604D0D0D4D60ADF4
:10866000ADADADADADB05CEF2B967EDB4F4F4FAFF8
:108670006413EBEF5C484848484848484848484835
:10868000A26A6A6A6A6A485C90EFCA25D446B761F2
:10869000B28E46910A8BAEC76E02D4171717171702
:1086A0009117919191343446464646FB25E4516D2D
:1086B00013A95F0A9A91468E8E8E8E34CE29293F59
:1086C000DBDB923FCEBDC7F055081F1F3737371D84
:1086D0001D4A4A4A863636364949B1B1B1B149B127
:1086E00049494986864AF84AA8C3C3F9F41F5D314F
:1086F0006FBDA48D25B2B2258A3429AFAFAFB900C2
:108700000000000000000000000000000000000069
:108710000000000000000000000000000000000059
:108720000000000000000000000000000000000049
:108730000000000000000000000000000000000039
:108740000000000000000000000000000000000029
:108750000000000000000000000000000000000019
:108760000000000000000000000000000000000009
:1087700000000000000000000000000000000000F9
:1087800000000000000000000000000000000000E9
:1087900000000000000000000000000000000000D9
:1087A00000000000000000075707CEDB92CE8A16BB
:1087B0002121515EEB905CB02E2E2E2E2EA27C7CC1
:1087C000FEC6407E4F94E4472B2BADADAD5C4848D0
:1087D0004848484848484848484848484848484819
:1087E0004848485C5C5C5C5C7F4848484848A290CC
:1087F000F190ADA10D0D0D4D28ADADADADADB0B04D
:10880000EF2B51CF4F4F4094926513A5EF5C484832
:10881000484848484848484848A26A6A6A6A6A48D4
:108820005CF1EB1325D446FBB2B2B28E0A349559F3
:1088300046919191179A9A9A9191919A349A3446C5
:1088400046469146FB144C2E7C329B4C440E9A912A
:108850003434348E8E46469191642F2F2F2F171764
:108860008A5827751F98F4F4F4F9371D1DF84A4A01
:10887000868686CC494986868686F8F8F8F81DD71C
:10888000F9F41F1F1FF579275895FBF725B2B2950C
:108890000A8ECEAFAFAF060000000000000000005F
:1088A00000000000000000000000000000000000C8
:1088B00000000000000000000000000000000000B8
:1088C00000000000000000000000000000000000A8
:1088D0000000000000000000000000000000000098
:1088E0000000000000000000000000000000000088
:1088F0000000000000000000000000000000000078
:108900000000000000000000000000000000000067
:108910000000000000000000000000000000000057
:108920000000000000000000000000000000000047
:108930000000000000000000000000000000000037
:10894000576C520A3F290A5F61E8976D2B2B5CDD5B
:10895000A22E2E2E2E2E2E7C9B144F4F4F4F4F9417
:108960003CFA2BEF9048484848484848484848480F
:108970004848484848484848484848485C5C5C5C27
:108980005C5C5C5C7F7F7F7F7F01D6D6ADA14D0DA7
:108990000D4D60AD32ADADADAD322BA9CF4F4F9483
:1089A0009429911315EBEF906A6A6A6A6A6A6A6A97
:1089B0006A6A6A4848484848A290902B776CD43439
:1089C0000A25B7B2B2B225252525464646468D8DE5
:1089D0008D8D8D349A9A4691918DD49AFF1B1CD619
:1089E0007F7F32AD5C9B96E4CE17D4D4340A0A3430
:1089F0000ACE0E3F2992DBDBDB2FB4B4CE6E6F754F
:108A0000F5B398B3F4F43737D7F8F8F8F8F8F8F87E
:108A1000F8D7D7D737B3F4F4F4F43782756F070279
:108A200046FBFBFBFB95166C168ACEAF0EAF06001D
:108A30000000000000000000000000000000000036
:108A40000000000000000000000000000000000026
:108A50000000000000000000000000000000000016
:108A60000000000000000000000000000000000006
:108A700000000000000000000000000000000000F6
:108A800000000000000000000000000000000000E6
:108A900000000000000000000000000000000000D6
:108AA00000000000000000000000000000000000C6
:108AB00000000000000000000000000000000000B6
:108AC00000000000000000000000000000000000A6
:108AD000000000000000000000570ABB293F65BAF3
:108AE0005F6161141C2B2BDDDDA22E2E2E2E2E2E6F
:108AF0007CFE5F4F4FCE94949497B62BEF904848EE
:108B000048484848484848484848484848484848E5
:108B100048484848485C5C5C5C5C5C5C5C7F7F7F90
:108B20007F7F7F6AD67FADA14D0D0D4D60ADADADA0
:108B3000ADADAD2BA94F4F94949465461315EBEF53
:108B4000907C7C7C7C7C7C7C7C7C7C6A4848484833
:108B500048DD90902B5E6865D4D4FBBA6161B2B2F7
:108B6000B2B2B2252525254646D4D4D4D4D4D49146
:108B700091919A0A146D01D601017FADAD2B158F2D
:108B8000B647444F299A91468D8D0A9494CE29294F
:108B90003F3F2F2FF606B90ED238A3A0B51D1FEC0C
:108BA0001FF4F43737373737F4F4F4F41FEC087D4B
:108BB0005D31BC27BD9C258D914681B7B7B7611645
:108BC0006C8A0A290E0EAF000000000000000000B1
:108BD0000000000000000000000000000000000095
:108BE0000000000000000000000000000000000085
:108BF0000000000000000000000000000000000075
:108C00000000000000000000000000000000000064
:108C10000000000000000000000000000000000054
:108C20000000000000000000000000000000000044
:108C30000000000000000000000000000000000034
:108C40000000000000000000000000000000000024
:108C50000000000000000000000000000000000014
:108C60000000000000000000000000000000000004
:108C700000008D0A8EDB9234BABA8521CA5C2BDDE6
:108C8000DDA2A22E2E2EA2A22E6A1B94CECECE94B0
:108C9000945F979B2BEF904848484848484848487D
:108CA00048484848484848484848484848485C5C1C
:108CB0005C5C5C5C5C5C7F7F7F7F7F7F6A6A7F013E
:108CC0005CA14D0D0D4D602BADADADADB0A9C5CEC8
:108CD00094949465461315EBEF907C7C7C7C7C7CB3
:108CE0007C7C7C7C6A4848484848B07F32EF2BB691
:108CF000E49154FBBA6161616161616161B2B2B2D8
:108D0000FBFBD4D4D4D4918D8D943C44969B326A91
:108D1000480101017FEFEFEBEB152B5E13E494911B
:108D2000919A9A9ACECE9A9A292929B42FF676B991
:108D3000B92F2FF6069A58A3187931DEF8D75D7D42
:108D40007D7D7D5D74B56609E2A79C3491659125B2
:108D500025FBB7B702E8026C6C160ACECE294F008D
:108D60000000000000000000000000000000000003
:108D700000000000000000000000000000000000F3
:108D800000000000000000000000000000000000E3
:108D900000000000000000000000000000000000D3
:108DA00000000000000000000000000000000000C3
:108DB00000000000000000000000000000000000B3
:108DC00000000000000000000000000000000000A3
:108DD0000000000000000000000000000000000093
:108DE0000000000000000000000000000000000083
:108DF0000000000000000000000000000000000073
:108E0000000000000000000000000029923FDB92FB
:108E10008D5B5B85976D2B5CDDDDDDA22E2E2EA29A
:108E2000A25C9B140ACE0A0A94945FC85E2BEF9052
:108E300048484848484848484848484848484848B2
:108E4000484848484848485C5C5C5C5C5C5C5C5CEE
:108E50005C5C32327F7F7F6AD62E5CA14D0D0D4D5A
:108E600060B0AD5CADB0C64F949494940A461315AF
:108E7000EBEF907C7C7C7C7C7C7C7C7C7C6A4848B6
:108E80004848487F4848EFEF2BB644344625B26146
:108E90008585856161616161B2B7FB340A9440FFE9
:108EA000E45196FE9BAD3248A2DDDDDD48485CAD65
:108EB00032EBA5A5158F5E4CA94FCFCF0E0E0E0E2F
:108EC0000E0E0E0E0E3F06060606060606063F1797
:108ED000B49181BB41A71EFCE2E2E21E6E41029A00
:108EE0000EB46417918D8D8E8E8A95B702020202A0
:108EF00085168A0ACE294F000000000000000000FD
:108F00000000000000000000000000000000000061
:108F10000000000000000000000000000000000051
:108F20000000000000000000000000000000000041
:108F30000000000000000000000000000000000031
:108F40000000000000000000000000000000000021
:108F50000000000000000000000000000000000011
:108F60000000000000000000000000000000000001
:108F700000000000000000000000000000000000F1
:108F800000000000000000000000000000000000E1
:108F900000000000000000000000000000000000D1
:108FA00000000000293FB4DB64255B5B85141C2BAB
:108FB0005CDDDDDDA22E2E2EA2A2A29BE446340AA9
:108FC0000A0A5FBA52B02BEF9048484848484848D0
:108FD0004848484848484848484848484848484811
:108FE0005C5C5C5C5C5C5C5C5C5C5C32327F7F7FAC
:108FF0006AD67C015CA14D4D0D0D602BB0AD9BC6BA
:10900000C5949494940A461315EBEF907C7C7C7C79
:109010007C7C7C7C7C7C6A48484848487C6A484820
:109020003232EB9BE48DD4B261858585858585617F
:109030006161E8B716E4A996FAB015A532AD329091
:109040005CAD48484848485C5C5CADAD2BA5A515B7
:109050002B8F77A9FF7E29B43F3F3F0E0E3F3F3F46
:109060003FB43F0606063F3F64649191D446469163
:1090700091171717642F646492646491468125B236
:1090800095B761E8020280808085958E29CE4F00D9
:1090900000000000000000000000000000000000D0
:1090A00000000000000000000000000000000000C0
:1090B00000000000000000000000000000000000B0
:1090C00000000000000000000000000000000000A0
:1090D0000000000000000000000000000000000090
:1090E0000000000000000000000000000000000080
:1090F0000000000000000000000000000000000070
:10910000000000000000000000000000000000005F
:10911000000000000000000000000000000000004F
:10912000000000000000000000000000000000003F
:1091300000000000000000000000000000DB3FB461
:10914000DB65255B853B68B02B5CA2A2A22E2E2E90
:109150002E2EA248FAE4818A8A5F5F253CA92B2B38
:10916000EFEF484848484848484848484848484831
:109170004848484848484848487F7F7F7F7F7F7FEE
:109180007F7F7F7F7F7F7F7F7F486A6A6AD6ADA1BE
:109190004D0D0D4D60B0AD9BC6C5CE0A8D8D34FB17
:1091A0001315EFEF907C7C7C7C7C7C7C7C7C7C6AE7
:1091B00048484848486A6A6A487F32EB15B06834C4
:1091C00081596C21212121215B61615B44961C2B1B
:1091D0001515A5A53232ADEF487FAD48484848483F
:1091E0005C5C5C5CADADEB32EBEBEB2B2B1C9614BB
:1091F000402F3F3F0606F63F3F0E0E0EB4B46417F5
:10920000172964646465918D8D8D656565658D65CF
:10921000948D8D252595955902028585855757573B
:1092200057576C81CE0A9A00000000000000000031
:10923000000000000000000000000000000000002E
:10924000000000000000000000000000000000001E
:10925000000000000000000000000000000000000E
:1092600000000000000000000000000000000000FE
:1092700000000000000000000000000000000000EE
:1092800000000000000000000000000000000000DE
:1092900000000000000000000000000000000000CE
:1092A00000000000000000000000000000000000BE
:1092B00000000000000000000000000000000000AE
:1092C000000000000000000000000000000000009E
:1092D00000000000000092B4B4928DBA6C85971320
:1092E0002B5C5CA22E2E2E2E2E2EA2A290FE3C25B2
:1092F0008A8A5F5F253C682B2BADADAD4848484856
:1093000048484848484848484848484848484848DD
:10931000484848484848484848484848485C5C5C91
:109320005C5C7F7F7F6A6AD6EFA14D0D0D0D602BCF
:109330009BC69A0A0A8D6534544715EFEF907C7CE2
:109340007C7C7C7C7C7C7C7C6A48484848486A6A97
:109350006A6A6A3290EB285EFFD2956C2121212146
:10936000218561B244B615A5A5A5A5EB3232325CC4
:109370005C7F7F7F4848484848485C5C5C5C5CEFA9
:10938000EFEFADEBEBEBEB2BB07751FF7E06F6F694
:10939000F6063F3F3F2929299A9A6464646465650B
:1093A0008D8D8D8D258D8D8DBABABABA1616165B38
:1093B000590202808080808057579C59D2299A296F
:1093C000000000000000000000000000000000009D
:1093D000000000000000000000000000000000008D
:1093E000000000000000000000000000000000007D
:1093F000000000000000000000000000000000006D
:10940000000000000000000000000000000000005C
:10941000000000000000000000000000000000004C
:10942000000000000000000000000000000000003C
:10943000000000000000000000000000000000002C
:10944000000000000000000000000000000000001C
:10945000000000000000000000000000000000000C
:10946000000000000000000000000000000000926A
:10947000643F6525166C2114772B5CA22E2E2E2EB0
:109480002E2E2EA2A2484C3C8A8A165F5F253C47AE
:109490002B2B2BADAD4848484848484848484848D9
:1094A000484848484848484848484848484848483C
:1094B0004848484848485C5C5C5C5C7F7F7F7F6ACA
:1094C0006A7C5CA14D0D0D0D60B6E49ACE948D655D
:1094D00034544715EFEF907C7C7C7C7C7C7C7C7CDE
:1094E0007C6A48484848486A6A6AD6D6329090A54D
:1094F000151B0A166C6C2121216161B2BBFE15A5FA
:10950000A53232323232327F5C5C7F7F7F484848FE
:109510004848485C5C4848487F7F7F48EFEFEBEB6A
:10952000EBEB15A52E6D68C85F7EDF762FB4B4B463
:109530009A29299A9A9A9A658D8D8D8D2525BABA80
:10954000BABA1616165B6C6C6C8580808080808041
:109550008080029C95CE3F9A6400000000000000CD
:1095600000000000000000000000000000000000FB
:1095700000000000000000000000000000000000EB
:1095800000000000000000000000000000000000DB
:1095900000000000000000000000000000000000CB
:1095A00000000000000000000000000000000000BB
:1095B00000000000000000000000000000000000AB
:1095C000000000000000000000000000000000009B
:1095D000000000000000000000000000000000008B
:1095E000000000000000000000000000000000007B
:1095F000000000000000000000000000000000006B
:10960000000000000000002929B464658D956C9766
:10961000685EEF5CA2A22E2E2E2E2E2EA2A2A247B4
:109620003C818ABA5F5F8A3C4C2B2B2B487F484891
:1096300048484848484848484848484848484848AA
:109640004848484848484848484848484848485C86
:109650005C5C5C5C7F7F7F7F7F7F7CD62B2A0D0DDF
:109660000D0D5EE465CE94946565544715EF9090BA
:109670007C7C7C7C7C7C7C7C7C7C6A484848484840
:109680006A6A6A6A6A016AEFF1A56D8E16166C6CD9
:109690002185E8B2BA47EBA5F190EFAD7F7F7F7FE0
:1096A0007F7F7F7F7F7F5C5C5C5C5C5C5C5C5C5C28
:1096B0005C4848484848EFEFEF90F1A5151515159F
:1096C000158F7768E494DB2F2FB417179A9A9A298D
:1096D000CE348D8D258E9595951616166C1616160C
:1096E000166C808080800257BB575702598ACE3F44
:1096F0009A290000000000000000000000000000A7
:109700000000000000000000000000000000000059
:109710000000000000000000000000000000000049
:109720000000000000000000000000000000000039
:109730000000000000000000000000000000000029
:109740000000000000000000000000000000000019
:109750000000000000000000000000000000000009
:1097600000000000000000000000000000000000F9
:1097700000000000000000000000000000000000E9
:1097800000000000000000000000000000000000D9
:1097900000000000000000000000000000000029A0
:1097A0009A9A3F648DBA5B859747B0905CA2A22ECF
:1097B0002E2E2E2E2EA2A2B0CA1681BABA5F5F8AB2
:1097C000E4FA2B2B2B487F484848484848484848EB
:1097D0004848484848484848484848484848484809
:1097E00048484848484848485C5C5C5C5C7F7F7FF0
:1097F0007F7F7F6A2E2E152A4D0D4B2A148D294FFF
:10980000946565544715EF90907C7C7C7C7C7C7CD7
:109810007C7C7C6A48484848486A6A6A6A6A6A6A1C
:10982000A232A5D621BA9516596C61B25FA9B0EBE8
:10983000909090487F7F7F7F7F7F7F7F7F7F7F5C5F
:109840005C5C5C5C5C5C5C5C5C5C48484848489088
:1098500090EFAD90902B2BEBA5A515158F5E771390
:10986000A9E45F404FAF4F4F2929296565348E8E9B
:109870008E2595959595959595595902026C219748
:10988000E4C6449757028A293F293F0000000000A0
:1098900000000000000000000000000000000000C8
:1098A00000000000000000000000000000000000B8
:1098B00000000000000000000000000000000000A8
:1098C0000000000000000000000000000000000098
:1098D0000000000000000000000000000000000088
:1098E0000000000000000000000000000000000078
:1098F0000000000000000000000000000000000068
:109900000000000000000000000000000000000057
:109910000000000000000000000000000000000047
:109920000000000000000000000000000000000037
:10993000000000000000004665029AB4348D166CE9
:1099400085C84C2B905CA2A22E2E2E2E2E2EA2A2CB
:109950005E68BA81BABA5F5F8A449B2B2B2B487F23
:109960004848484848484848484848484848484877
:109970004848484848484848484848484848484867
:10998000485C5C5C5C5C7F7F7F7F7F7FA201327F75
:10999000282A0D0D0D5A25294F656565B7CAEBEFCD
:1099A00090907C7C7C7C7C7C7C7C7C7C6A4848487D
:1099B00048486A6A6A6A6A7CA2A22B2B2BDC8E95C5
:1099C0008AE761B7B2E4FEEBEB90907C6A01DDDDE3
:1099D0005C5C7F7F7F7F7F7F5C5C5C5C5C5C5C5CF5
:1099E0005C5C5C484848484890905C5C5CA2909005
:1099F000EF5C2BA5A5A5EB152BA515B0B696DC97AE
:109A0000944F0E0E2929CECE348E8E8E8E8A95815D
:109A100081819559595921446896FECAE4BB858EC7
:109A2000293F3FDB000000000000000000000000B4
:109A30000000000000000000000000000000000026
:109A40000000000000000000000000000000000016
:109A50000000000000000000000000000000000006
:109A600000000000000000000000000000000000F6
:109A700000000000000000000000000000000000E6
:109A800000000000000000000000000000000000D6
:109A900000000000000000000000000000000000C6
:109AA00000000000000000000000000000000000B6
:109AB00000000000000000000000000000000000A6
:109AC0000000000000000000000000000000000096
:109AD0008D913BB4B434955B213BA9B62BA2A22E49
:109AE0002E2E2EA2A2A2A2A25C9BDC818EBABA5F0D
:109AF000BA8A145E2B2B5C5C5C4848485C5C5C4812
:109B000048484848484848484848484848484848D5
:109B100048484848484848484848484848484848C5
:109B200048484848487F7F7F48AD282A0DDA9D5332
:109B3000944F29343459CAEBEB3290909090909026
:109B40007C7C7C7C7C6A48484848486A6A6A6A6AC5
:109B50006A0148AD2B15CAB25454B2B2FBBACAB0AE
:109B6000F1EF484848484848484848487F7F7F5C6C
:109B70005C5C5C5CADADADADAD5C5C5C5C5C5C5C90
:109B80005CA2A2A2A2A2A248484848487FADADADBF
:109B90002BEBEBA5A515A5A5901C6D1BA9443C5F5F
:109BA000CE650E9AC5C5C50AD28A95165B97141B59
:109BB0006D1C012E96443B162565DB3FDB00000043
:109BC0000000000000000000000000000000000095
:109BD0000000000000000000000000000000000085
:109BE0000000000000000000000000000000000075
:109BF0000000000000000000000000000000000065
:109C00000000000000000000000000000000000054
:109C10000000000000000000000000000000000044
:109C20000000000000000000000000000000000034
:109C30000000000000000000000000000000000024
:109C40000000000000000000000000000000000014
:109C50000000000000000000000000000000000004
:109C60000000000000000000008D9161B4293495CF
:109C7000212197519B5CA2A22E2E2E2EA2A2A2A23F
:109C8000A25C9B52818EBABA5FBAE7A9B02B2B5C5B
:109C90005C5C4848485C5C5C4848484848484848E0
:109CA0004848484848484848484848484848484834
:109CB00048484848484848484848484848487F7FB6
:109CC0007F5CAD1528AC9D9DAE5294CECE3402CAB9
:109CD000EBEB329090909090907C7C7C7C7C6A48FE
:109CE000484848486A6A6A6A6A6A0148AD2B2BFE8E
:109CF0003CD49A465425C69B5C3248486A6A6A48F6
:109D000048484848487F7F5C5C5C5C5C5CADADADBE
:109D1000ADAD5C5C5C5C5C5C5C5CA2A2A2A2A2A23D
:109D2000DDDDDDDDDD01017F017F7F90EF32EBEBDB
:109D3000EBEB152B2BB09BB66D1BC6E4FF5F5FBA38
:109D40003C5F3CE414516DFA9B0132327F96C83B74
:109D5000168E64F63FDB00000000000000000000EB
:109D600000000000000000000000000000000000F3
:109D700000000000000000000000000000000000E3
:109D800000000000000000000000000000000000D3
:109D900000000000000000000000000000000000C3
:109DA00000000000000000000000000000000000B3
:109DB00000000000000000000000000000000000A3
:109DC0000000000000000000000000000000000093
:109DD0000000000000000000000000000000000083
:109DE0000000000000000000000000000000000073
:109DF0000000000000000000000000000000000063
:109E000000008D648DB4298E16212144965C90A2A9
:109E1000A2A22EA2A2A2A2A2A2A25CB6C8548ABAF0
:109E20008A5FBAA4A92B2BAD5C5C5C4848485C5C9B
:109E30005C4848484848484848484848484848488E
:109E40004848484848484848484848484848484892
:109E5000484848484848487F7F7FADADEB8F7763DF
:109E60009D9D71520ACE0A59CAEBEB32907C7C7CE4
:109E700090907C7C7C7C7C6A48484848486A6A6A46
:109E80006A6A01017F5CADAD5E148D9AD4D43CFE4C
:109E900090905C48484848484848484848487F7F30
:109EA0005C5C5C5C5C5CADADADADAD5C5C5C5C5C5D
:109EB0005C5C5CA2A2A2A2A2A2DDDDDDDDDD2E2E15
:109EC000DDDDDD486A6A4848EFEFEFEFEBEBEBEBE7
:109ED000EBAD5C2EFAFE9696CACACA966DFE1C2E93
:109EE0002E013232AD7F6DC83BBA8E64F6B4F600F7
:109EF0000000000000000000000000000000000062
:109F00000000000000000000000000000000000051
:109F10000000000000000000000000000000000041
:109F20000000000000000000000000000000000031
:109F30000000000000000000000000000000000021
:109F40000000000000000000000000000000000011
:109F50000000000000000000000000000000000001
:109F600000000000000000000000000000000000F1
:109F700000000000000000000000000000000000E1
:109F800000000000000000000000000000000000D1
:109F900000000000000000000000008D1765B49A6A
:109FA0008E16219714FEEF90A2A2A22EA2A2A22E9C
:109FB000A2A25C5C770C548ABA8ABABA3C512B2BA9
:109FC000AD5C5C5C48484848484848484848484870
:109FD0004848484848484848484848484848484801
:109FE00048484848484848484848484848484848F1
:109FF0005C5C7F5CAD151577C471ACE95607290A26
:10A00000591BEB3232907C7C7C90907C7C7C7C7CFD
:10A010006A48484848484848486A6A487F7F7F7F7E
:10A02000AD8F77445FBA9747DDF17CB07F7F7F7F4C
:10A030007F4848484848485C5C5C5C5C5C5C5CAD64
:10A04000ADADADADADADAD5C5C5C5C5CA2A2A2A201
:10A05000A2A2DDDDDDDDDDA2A2A2A2A2A26A6A6A61
:10A0600048484848EF9090909090EFEFEFEB90EFDA
:10A07000A22EB0B0B0010101D6A2A2A25C2B326D1B
:10A08000C83BBA34647676F6000000000000000099
:10A0900000000000000000000000000000000000C0
:10A0A00000000000000000000000000000000000B0
:10A0B00000000000000000000000000000000000A0
:10A0C0000000000000000000000000000000000090
:10A0D0000000000000000000000000000000000080
:10A0E0000000000000000000000000000000000070
:10A0F0000000000000000000000000000000000060
:10A10000000000000000000000000000000000004F
:10A11000000000000000000000000000000000003F
:10A12000000000000000000000000000000000002F
:10A13000000000008D17652934256C210C689B9068
:10A1400090DDA2A22EA2A2A22EA25C5C5C4CBB540B
:10A150008ABA8ABA5F3C1B152BAD5C5C5C484848E8
:10A16000484848484848484848484848484848486F
:10A17000484848484848484848484848484848485F
:10A180004848484848484848485C5C7F5CAD1515DD
:10A1900077AB4E6F56E956EA5759514832487C7CA6
:10A1A0007C7C90907C7C7C7C7C6A48484848484811
:10A1B00048486A6A487F7F7F7FAD902B9BFEFE9B5D
:10A1C000B048486A7F5C5C5C5C5C484848484848EA
:10A1D0005C5C5C5C5C5C5C5CADADADADADADADAD37
:10A1E0005C5C5C5C5CA2A2A2A2A2A2DDDDDDDDDD86
:10A1F000A2A2A2A2A2A2DDDD2E6A486A4848A2DD80
:10A20000487F7F7F3290ADADADAD7F7F32016AA2D6
:10A21000A2DDDDDD5CADADAD6DC83BBA34B47676A4
:10A2200076000000000000000000000000000000B8
:10A23000000000000000000000000000000000001E
:10A24000000000000000000000000000000000000E
:10A2500000000000000000000000000000000000FE
:10A2600000000000000000000000000000000000EE
:10A2700000000000000000000000000000000000DE
:10A2800000000000000000000000000000000000CE
:10A2900000000000000000000000000000000000BE
:10A2A00000000000000000000000000000000000AE
:10A2B000000000000000000000000000000000009E
:10A2C00000000000000000000000000000C4646402
:10A2D0009A46B28557C8962B9090DDDDA22EDDDD23
:10A2E000A2DDDD5C2B2B4C6C548ABA8A0ABAE49648
:10A2F000152B5C5C48484848484848484848484806
:10A30000484848484848487F7F7F7F7F48484848BA
:10A3100048484848484848484848484848484848BD
:10A3200048484848EF48EFEB15B6ABF7978956E930
:10A33000E9AE07A99B327C7C32326A6A6A6A6A6A31
:10A340006A6A4848484848484848484848487F7FDB
:10A350005C5C5CEF5C5C5C5CAD5C5C4848485C5C95
:10A360005C5C5C4848484848484848484848484831
:10A370005CEFEF5CADADADADAD5C5C5C5C5CA2A2D6
:10A38000A2A2A2A2A2A2A2A2A2A2A2A2A2A2A2DD72
:10A39000DDDDDDDD484848DDDD487F7F7F48485C06
:10A3A0005C5C5C5C5CAD5C48A2DDDDDDDDDDADAD43
:10A3B000486D14210A659276767600000000000050
:10A3C000000000000000000000000000000000008D
:10A3D000000000000000000000000000000000007D
:10A3E000000000000000000000000000000000006D
:10A3F000000000000000000000000000000000005D
:10A40000000000000000000000000000000000004C
:10A41000000000000000000000000000000000003C
:10A42000000000000000000000000000000000002C
:10A43000000000000000000000000000000000001C
:10A44000000000000000000000000000000000000C
:10A4500000000000000000000000000000000000FC
:10A460000000000000C4C4919A9A816185BB14FE6B
:10A470002B9090DD482E2EDDDDDDDDDD5C2B2B13FA
:10A480006C548ABABA0ABAE496EB2B485C4848483E
:10A490004848484848484848484848484848487F05
:10A4A0005C5C5C5C5C4848484848484848484848C8
:10A4B00048484848484848484848484848EF48EFCE
:10A4C000EB155E19FB945F69569D9D9DD1B67F7C0F
:10A4D0007C327C6A6A6A4848484848484848484844
:10A4E000484848484848487F7F7F7F7F5C5C5C5C89
:10A4F0005C5C5C5C4848485C5C5C5C5C4848484828
:10A5000048484848484848484848EFEF5CADADAD3A
:10A51000ADAD5C5C5C5C5CA2A2A2A2A2A2A2A2A263
:10A52000A2A2A2A2A2A2A2A2DDDDDDDDDD484848F2
:10A5300048484848484848484848485C5C5C5C5C37
:10A540004848485C5C5C5C5CAD486D14210A6592CF
:10A550007676760000000000000000000000000099
:10A5600000000000000000000000000000000000EB
:10A5700000000000000000000000000000000000DB
:10A5800000000000000000000000000000000000CB
:10A5900000000000000000000000000000000000BB
:10A5A00000000000000000000000000000000000AB
:10A5B000000000000000000000000000000000009B
:10A5C000000000000000000000000000000000008B
:10A5D000000000000000000000000000000000007B
:10A5E000000000000000000000000000000000006B
:10A5F0000000000000000000000000000041C480D6
:10A60000919A3481612197689B2B3290A2482E2E1B
:10A61000DDDDDDDDDD5C2B2BCA6154BABABABABA16
:10A62000E46DEB2B485C484848484848484848484F
:10A6300048484848484848487F5C5C5C5C5C4848FF
:10A64000484848484848484848484848484848488A
:10A65000484848484848EF48EFEB155E19FBAF4FB4
:10A6600094D5569D8C8C2A2E7C327C7C7C6A6A48E0
:10A67000484848484848484848484848484848485A
:10A680007F7F01010148484848485C5C5C48484875
:10A690005C5C5C5C5C4848484848484848484848D6
:10A6A000484848EFEF5CADADADADAD5C5C5C5C5C6B
:10A6B000A2A2A2A2A2A2A2A2A2A2A2A2A2A2A2A27A
:10A6C000A2DDDDDDDDDD48484848484848484848C7
:10A6D000484848485C5C48484848484848484848D2
:10A6E0005CAD486D14210A65927676760000000014
:10A6F000000000000000000000000000000000005A
:10A700000000000000000000000000000000000049
:10A710000000000000000000000000000000000039
:10A720000000000000000000000000000000000029
:10A730000000000000000000000000000000000019
:10A740000000000000000000000000000000000009
:10A7500000000000000000000000000000000000F9
:10A7600000000000000000000000000000000000E9
:10A7700000000000000000000000000000000000D9
:10A7800000000000000000000000000000000000C9
:10A790000000000000C480C4E8179181B702214482
:10A7A000CADDEFEF6A48DDDDDDDDDDDDDDDD5C2B03
:10A7B000B0686154BABABABABAE4FEEB2B5C485C32
:10A7C0005CDDDDDD48484848484848484848484836
:10A7D000487F5C5C5C5C5C4848484848484848485E
:10A7E00048484848484848484848484848484848E9
:10A7F00048EFEB155EABB74F92AF4FDCFD8CDA4BF9
:10A800002A2E7C7C7CD6D66A6A4848484848484804
:10A810004848484848484848487F7F7F7F7F4848A5
:10A820004848484848485C5C5C5C5C5C5C5C484808
:10A83000484848484848484848484848EFEF5CADD1
:10A84000AD5C5C5C5C5C5C5C5CA2A2A2A2A2A2A20D
:10A85000A2A2A2A2A2A2A22E2EA2DDDDDDDDDD48F3
:10A8600048484848485C5C48484848484848484840
:10A8700048484848484848484848EF6A6D14218A83
:10A880006592DBDB760000000000000000000000A5
:10A8900000000000000000000000000000000000B8
:10A8A00000000000000000000000000000000000A8
:10A8B0000000000000000000000000000000000098
:10A8C0000000000000000000000000000000000088
:10A8D0000000000000000000000000000000000078
:10A8E0000000000000000000000000000000000068
:10A8F0000000000000000000000000000000000058
:10A900000000000000000000000000000000000047
:10A910000000000000000000000000000000000037
:10A9200000000000000000000000000000008502A0
:10A930004146179125B702214413EBEFEF486ADD3A
:10A94000DDDDDDDDDDDDDD5C2BB0DCE8F7BA3CBA5A
:10A95000BABAE4FAF1ADA2DDDDDDDDDDDD4848485F
:10A96000484848484848484848487F5C5C5C5C5CCC
:10A970004848484848484848484848484848484857
:10A9800048484848484848484848EFEB15B683B718
:10A99000942992AF40D5ACDA4B4BA12E7C7C7CD66F
:10A9A000D66A484848484848484848484848484877
:10A9B00048487F7F7F7F7F48484848484848485CF0
:10A9C0005C5C5C5C5C5C5C4848484848484848487B
:10A9D0004848484848EFEF5CADAD5C5C5C5C5C5C53
:10A9E0005C5CA2A2A2A2A2A2A2A2A2A2A2A2A2A2D3
:10A9F000A2A2A2DDDDDDDDDD4848484848485C5CB8
:10AA000048484848484848484848484848486A6A82
:10AA10006A6A48EF48FEA9978A6592DBDBDB000093
:10AA20000000000000000000000000000000000026
:10AA30000000000000000000000000000000000016
:10AA40000000000000000000000000000000000006
:10AA500000000000000000000000000000000000F6
:10AA600000000000000000000000000000000000E6
:10AA700000000000000000000000000000000000D6
:10AA800000000000000000000000000000000000C6
:10AA900000000000000000000000000000000000B6
:10AAA00000000000000000000000000000000000A6
:10AAB0000000000000000000000000000000000096
:10AAC0000000000000000002955791173495B7026E
:10AAD00057147732EFEF486ADDDDDDDDDDDDDDDDEA
:10AAE0005C2BB0C8F7F7BA3CBABABAC61C905CDDAA
:10AAF0002EDDDDDDDDDD4848484848484848484807
:10AB00004848487F5C5C5C5C5C484848484848482A
:10AB100048484848484848484848484848484848B5
:10AB2000484848EFEB15B60CE8946592AF7E3C4779
:10AB300067DA4B4B607C7C7CD6D66A4848484848EC
:10AB400048484848484848484848487F7F7F7F7F72
:10AB500048484848484848485C5C5C5C5C5C5C5CD5
:10AB60004848484848484848484848484848EFEF17
:10AB70005CADAD5C5C5C5C5C5C5C5CA2A2A2A2A215
:10AB8000A2A2A2A2A2A2A2A2A2DDA2A2DDDDDDDD7E
:10AB9000DD4848484848485C5C4848484848484878
:10ABA000484848484848486A6A6A6A48EF48FEA9DF
:10ABB000978A6592DB3F2F00000000000000000034
:10ABC0000000000000000000000000000000000085
:10ABD0000000000000000000000000000000000075
:10ABE0000000000000000000000000000000000065
:10ABF0000000000000000000000000000000000055
:10AC00000000000000000000000000000000000044
:10AC10000000000000000000000000000000000034
:10AC20000000000000000000000000000000000024
:10AC30000000000000000000000000000000000014
:10AC40000000000000000000000000000000000004
:10AC500000000000000000000000000000000000F4
:10AC6000464602B4B4468A59E897519BEBEFEF4849
:10AC700048484848484848DD5CF1EBB60C95BABAFC
:10AC8000BABAFB8DC62EAD5C010101016A6A6A4841
:10AC9000484848484848487F7F7F7F7F7F48485CD6
:10ACA0005C5C4848484848484848484848484848FC
:10ACB000484848484848484848484848EFEB1577CE
:10ACC0003BB794944FAF7E3C475E0D4B4B0D287CB9
:10ACD0007C7C2E01017FADAD7F48484848484848FC
:10ACE0004848484848484848484848485C5C5C5C94
:10ACF0005C5C5C5C48484848484848484848484884
:10AD0000484848485C5C5C5C5C5C5C5C5C5C5C5CD3
:10AD10005C5C48484848486A6A6AA2A2A2DD48EFDB
:10AD20007FEF7F48DD0101487F7F48484848484819
:10AD30004848484848484848484848484848484893
:10AD400048484848489090FAA997B7653FDB9AB4BD
:10AD50009A00000000000000000000000000000059
:10AD600000000000000000000000000000000000E3
:10AD700000000000000000000000000000000000D3
:10AD800000000000000000000000000000000000C3
:10AD900000000000000000000000000000000000B3
:10ADA00000000000000000000000000000000000A3
:10ADB0000000000000000000000000000000000093
:10ADC0000000000000000000000000000000000083
:10ADD0000000000000000000000000000000000073
:10ADE0000000000000000000000000000000000063
:10ADF0000000000000000000009A9A9AB4B4348A5F
:10AE0000590297962BEBEFEF484848484848484886
:10AE1000DD5CF1154C578ABABABABAFB8DA9DDAD23
:10AE20005C010101016A6A6A484848484848484844
:10AE30007F7F7F7F7F7F48485C5C5C48484848480C
:10AE40004848484848484848484848484848484882
:10AE50004848484848EFEB154C3BB75F944FAF7EEE
:10AE60003C4C77B60D4B4B0D2B2ED6D601017FAD4A
:10AE7000AD7F4848484848484848484848484848B6
:10AE800048484848485C5C5C5C5C5C5C5C484848A2
:10AE9000484848484848484848484848485C5C5CF6
:10AEA0005C5C5C5C5C5C5C5C5C5C5C484848484846
:10AEB0006A6A6AD6D67C90905C5C5CAD7F32010198
:10AEC000487F7F4848484848484848484848484894
:10AED0004848484848484848484848484848906A88
:10AEE000FAA997B765B4B42FFB1700000000000063
:10AEF0000000000000000000000000000000000052
:10AF00000000000000000000000000000000000041
:10AF10000000000000000000000000000000000031
:10AF20000000000000000000000000000000000021
:10AF30000000000000000000000000000000000011
:10AF40000000000000000000000000000000000001
:10AF500000000000000000000000000000000000F1
:10AF600000000000000000000000000000000000E1
:10AF700000000000000000000000000000000000D1
:10AF800000000000000000000000000000000000C1
:10AF90000000293F3F3F2934E7590244FE2BEBEFE5
:10AFA000EF4848484848484848A25CA515136C8AB1
:10AFB0008A16BABAFB8D51DDAD5C010101016A6AE6
:10AFC0006A6A6A4848484848487F7F7F7F7F484888
:10AFD000485C5C5C484848484848484848484848B5
:10AFE00048484848484848484848484848EFEFEBF0
:10AFF00015133B615F94944F7E3C13B61C8F0D4B31
:10B000004B4D2B2E01D6017F7F7F7F484848484813
:10B01000484848484848484848484848485C5C5C74
:10B020005C5C5C5C5C5C4848484848484848484828
:10B030004848484848485C5C5C5C5C5C5C5C5C5CC8
:10B040005C4848484848486A6AD66A6AD67C906A2A
:10B050001C961B96FEB07F7F0148487F48484848B1
:10B060004848484848484848484848484848484860
:10B0700048484848484848907CFA5197B78D6464DE
:10B08000B4FB17FB000000000000000000000000FF
:10B0900000000000000000000000000000000000B0
:10B0A00000000000000000000000000000000000A0
:10B0B0000000000000000000000000000000000090
:10B0C0000000000000000000000000000000000080
:10B0D0000000000000000000000000000000000070
:10B0E0000000000000000000000000000000000060
:10B0F0000000000000000000000000000000000050
:10B10000000000000000000000000000000000003F
:10B11000000000000000000000000000000000002F
:10B120000000000000000000000000063F3F06296C
:10B130000AE7596C141CA5EBEF4848484848485C9E
:10B140005C485C2BA515476C959516BABAFB8DCA61
:10B15000DD7F7F01012E016A6A6A6A6A6A4848488F
:10B1600048487F7F7F7F7F7F48485C5C5C484848D9
:10B17000484848484848484848484848484848484F
:10B18000484848484848EFEBEB15133B615FBA94D9
:10B190004F4F3C13B6B09B5E0D4B4B4D9B01D6D62B
:10B1A000017F7F7F484848484848484848484848C1
:10B1B000484848485C5C5C5C5C5C5C5C5C5C5C4833
:10B1C0004848484848484848484848484848485CEB
:10B1D0005C5C5C5C5C5C5C5C5C5C4848484848A2CD
:10B1E0006A6AD66A487C7CD6B6E47E7E7E40475E3C
:10B1F00001AD487F7F484848484848484848484843
:10B2000048484848484848484848484848484848BE
:10B21000906AFA5197B7259164B4FB8054000000FE
:10B22000000000000000000000000000000000001E
:10B23000000000000000000000000000000000000E
:10B2400000000000000000000000000000000000FE
:10B2500000000000000000000000000000000000EE
:10B2600000000000000000000000000000000000DE
:10B2700000000000000000000000000000000000CE
:10B2800000000000000000000000000000000000BE
:10B2900000000000000000000000000000000000AE
:10B2A000000000000000000000000000000000009E
:10B2B000000000000000000000000000000000008E
:10B2C000000000002906060ECED2166CBB68A2A5AF
:10B2D000EBEF4848484848485C5C485C2BA5151B88
:10B2E00016951616BABAFB8D13DDAD7F01012E013E
:10B2F0006A6A6A6A6A6A48484848480101017F7F69
:10B3000048DDDD485C5C484848484848484848486B
:10B31000484848484848484848484848484848EF06
:10B32000EBEB154780615FBA94944F3C13B6B0B015
:10B330009B280D4B4B2AADD6D6017F7F7F484848CE
:10B34000484848484848484848484848485C5C5C41
:10B350005C5C5C5C5C5C5C5C4848484848484848CD
:10B3600048484848484848485C5C5C5C5C5C5C5CBD
:10B370005C5C5C4848484848A26A6A6A48489090C1
:10B38000FAE4AFAFB417174F4715AD7F7F014848B8
:10B39000484848484848484848484848484848482D
:10B3A000484848484848484848906A1C5197B7253B
:10B3B000469117B78054E80000000000000000002C
:10B3C000000000000000000000000000000000007D
:10B3D000000000000000000000000000000000006D
:10B3E000000000000000000000000000000000005D
:10B3F000000000000000000000000000000000004D
:10B40000000000000000000000000000000000003C
:10B41000000000000000000000000000000000002C
:10B42000000000000000000000000000000000001C
:10B43000000000000000000000000000000000000C
:10B4400000000000000000000000000000000000FC
:10B450000000000000000000000000000069290654
:10B460003F0A8AE7020C962B2BAD484848484848CB
:10B47000484848485CEFA52B68168A161616958D25
:10B480005FFE32AD48010101016ADDDDDDDDDD0178
:10B4900001010101010101010101DDDDDDDDDD4809
:10B4A0004848484848484848484848484848487FE5
:10B4B00032327F7F7F7F7F7FEFEBEB8FCABB16BA85
:10B4C000BA94CE4F3C13B6B05C019B8F0D4B4B2A08
:10B4D0009B017F7F7F5C5C5C5C5C5C4848484848C3
:10B4E00048484848484848484848484848484848DC
:10B4F00048484848484848484848484848484848CC
:10B5000048484848484848484848484848484848BB
:10B5100048487FDD5C5CADF12B1492923F3F3F3F8A
:10B52000293C9B2BAD7F7C484848484848484848C0
:10B53000484848484848484848484848484848488B
:10B5400048485C901C1BC854FBD4D4D45480E88574
:10B5500000000000000000000000000000000000EB
:10B5600000000000000000000000000000000000DB
:10B5700000000000000000000000000000000000CB
:10B5800000000000000000000000000000000000BB
:10B5900000000000000000000000000000000000AB
:10B5A000000000000000000000000000000000009B
:10B5B000000000000000000000000000000000008B
:10B5C000000000000000000000000000000000007B
:10B5D000000000000000000000000000000000006B
:10B5E000000000000000000000000000000000005B
:10B5F00000000000006958B9060E0AE79C57C8FE13
:10B600002B2BAD484848484848484848485CEFA577
:10B61000B0A9168A161695958D5FFA32AD480101CC
:10B620000101DDDDDDDDDDDD0101010101010101E2
:10B63000010101DDDDDDDDDD484848484848484876
:10B6400048484848484848487F32327F7F7F7F7F5C
:10B650007FEFEBEB8FCA2116BABACECE4F3C13B6B2
:10B660005CAD5CB09B8F0D4B4B2A2B7F7F7FAD5C1D
:10B670005C5C5C5C484848484848484848484848FA
:10B68000484848484848484848484848484848483A
:10B69000484848484848484848484848484848482A
:10B6A0004848484848484848484848DD48489090F5
:10B6B000EB969417640E9A2929295FB6EFAD7F6A3D
:10B6C00048484848484848484848484848484848FA
:10B6D00048484848484848484848485C901C1BC867
:10B6E0005454FBD4D45483E88000000000000000D0
:10B6F000000000000000000000000000000000004A
:10B700000000000000000000000000000000000039
:10B710000000000000000000000000000000000029
:10B720000000000000000000000000000000000019
:10B730000000000000000000000000000000000009
:10B7400000000000000000000000000000000000F9
:10B7500000000000000000000000000000000000E9
:10B7600000000000000000000000000000000000D9
:10B7700000000000000000000000000000000000C9
:10B7800000000000000000000000000000692658D2
:10B79000B9060E0AE7E757DC9BEB2BAD4848484853
:10B7A0004848484848485CEFA5B014958A16169555
:10B7B00095465FB632AD4801010101DDDDDDDDDD1D
:10B7C000DD0101010101010101010101010101018D
:10B7D0000148484848484848484848484848484830
:10B7E000487F32327F7F7F7F7F7FEFEBEB8F682157
:10B7F0001616BACECE4F3C13B65CEFADAD019B280A
:10B800000D4B4B2AB0DD32AD5C5C5C5C5C4848485B
:10B8100048484848484848484848484848484848A8
:10B820004848484848484848484848484848484898
:10B830004848484848484848484848484848484888
:10B84000484848A2A27C90909077FF65D4D43434C5
:10B85000CECE295F9BEF327F6A4848484848484827
:10B860004848484848484848484848484848484858
:10B87000484848485C901C96C85454FBD4D4548023
:10B88000E880000000000000000000000000000050
:10B8900000000000000000000000000000000000A8
:10B8A0000000000000000000000000000000000098
:10B8B0000000000000000000000000000000000088
:10B8C0000000000000000000000000000000000078
:10B8D0000000000000000000000000000000000068
:10B8E0000000000000000000000000000000000058
:10B8F0000000000000000000000000000000000048
:10B900000000000000000000000000000000000037
:10B910000000000000000000000000000000000027
:10B9200000000000002669693CB9CFCE8A169C97BA
:10B93000CA5CEB5C4848484848484848484848EF93
:10B94000EBA59B149595166C9525253CB632487F42
:10B9500001010101DDDDDDDDDDDD010101010101AF
:10B9600001017F7F7F7F7F0101016A6A6A6A6A6ADB
:10B9700048484848484848484848487F7F7F7F7F34
:10B980007F7F7FEFEBA52B68211616BA0A294F217E
:10B99000139BADEFADAD482E9B280D4B4B2A2B7F53
:10B9A0007F5C5CADADADEFEFEFEFEFEF484848489F
:10B9B0004848484848484848484848484848484807
:10B9C00048484848484848484848484848484848F7
:10B9D000484848484848484848484848A2A290F142
:10B9E000EB2B680A46D446818E8ECE293CB09090CF
:10B9F00001D66A6A6A6A6A6A4848484848484848B4
:10BA000048484848484848484848486A485C907C04
:10BA100096C8FB5454FBD45480B78000000000004B
:10BA20000000000000000000000000000000000016
:10BA30000000000000000000000000000000000006
:10BA400000000000000000000000000000000000F6
:10BA500000000000000000000000000000000000E6
:10BA600000000000000000000000000000000000D6
:10BA700000000000000000000000000000000000C6
:10BA800000000000000000000000000000000000B6
:10BA900000000000000000000000000000000000A6
:10BAA0000000000000000000000000000000000096
:10BAB00000000000000000000000000000006926F7
:10BAC000079406CF0A8A169CC84CEF905C484848F9
:10BAD0004848484848484848EBEBA5B6C8959516ED
:10BAE0006C95252597B6327F7F01010101DDDDDDF3
:10BAF000DDDDDD01010101010101017F7F7F7F7F2C
:10BB00007F7F7F6A6A6A6A6A6A4848484848484844
:10BB1000484848487F7F7F7F7F7F7F7FEFEBA52B63
:10BB200068211616BA0A294F21969BEFEFEFAD6AEE
:10BB30006A2EB0280D4B4B2AB0AD5C5CADADADEFBD
:10BB4000EFEFEFEFEF484848484848484848484832
:10BB50004848484848484848484848484848484865
:10BB60004848484848484848484848484848484855
:10BB700048484848485CEFF1A52BFE95254625BA74
:10BB80008A8A8E6594522B909001D66A6A6A6A6A94
:10BB90006A48484848484848484848484848484803
:10BBA000484848486A485C907C13C854545454FB35
:10BBB0005480B754000000000000000000000000A6
:10BBC0000000000000000000000000000000000075
:10BBD0000000000000000000000000000000000065
:10BBE0000000000000000000000000000000000055
:10BBF0000000000000000000000000000000000045
:10BC00000000000000000000000000000000000034
:10BC10000000000000000000000000000000000024
:10BC20000000000000000000000000000000000014
:10BC30000000000000000000000000000000000004
:10BC400000000000000000000000000000000000F4
:10BC50000000000000000069260C4F060E0AE79C59
:10BC60009C1477EB90A248484848484848484848C0
:10BC7000EFEFEBA5B69795956C6C9525B2975EEBBB
:10BC8000487F010101016ADDDDDDDD01D6D601015C
:10BC900001016A6A32323232327F01016A6A6A6AAB
:10BCA0006A6A4848484848484848484848484848D0
:10BCB000484848487FEFEBA52B6821163CBA0A2973
:10BCC0004F97969BEFEFEF5CA2487F7FB08F0D11EF
:10BCD0004B2A2B48ADADADADEFEFEFEFEFEFEFEF50
:10BCE000EFEFEF48484848484848484848484848DF
:10BCF00048484848484848484848484848484848C4
:10BD00004848484848484848484848484848AD3264
:10BD1000F1A5B6E446FBB2BABA16BA8A91944C2B96
:10BD20009090016A6A6A6A6A6A6A4848484848485C
:10BD3000484848484848484848486A6A6A6A6AEF32
:10BD4000907C6DC8545454545454E854540000002A
:10BD500000000000000000000000000000000000E3
:10BD600000000000000000000000000000000000D3
:10BD700000000000000000000000000000000000C3
:10BD800000000000000000000000000000000000B3
:10BD900000000000000000000000000000000000A3
:10BDA0000000000000000000000000000000000093
:10BDB0000000000000000000000000000000000083
:10BDC0000000000000000000000000000000000073
:10BDD0000000000000000000000000000000000063
:10BDE0000000000000000000000000000000000053
:10BDF000694016DB06CE8AE7E79C512E15EF904886
:10BE000048484848484848485CEF2BEBA5770C6108
:10BE100061616161FBFB44B0EB5C48D66A6A6A2EE3
:10BE20002E2E2E2E2ED6D66A6A6A6AEF90EBEB3251
:10BE3000AD7F01D6D6D6D6D6D6D6D66A6A48484879
:10BE40004848484848484848484848484848EFEB28
:10BE5000EBB068215B3CBA349A4F97969BADEF5C90
:10BE60005C484848486A01280D4B4B2AB0AD323235
:10BE7000EFEFEFEFEFEFEFEFEFEFEFEF484848486E
:10BE80004848484848484848484848484848484832
:10BE90004848484848484848484848484848484822
:10BEA00048484848484832EFF1F1EBCA2525B261CD
:10BEB0006161E8BA8ED4C8B02BEF486A6A6A6A6AD0
:10BEC0006A6A6A6A6A4848484848484848486A6A04
:10BED0004848487C7C7C7C6A90907C6DC854545463
:10BEE000545454545454000000000000000000005A
:10BEF0000000000000000000000000000000000042
:10BF00000000000000000000000000000000000031
:10BF10000000000000000000000000000000000021
:10BF20000000000000000000000000000000000011
:10BF30000000000000000000000000000000000001
:10BF400000000000000000000000000000000000F1
:10BF500000000000000000000000000000000000E1
:10BF600000000000000000000000000000000000D1
:10BF700000000000000000000000000000000000C1
:10BF8000000000000000000000699229DB060A8A18
:10BF9000E7E79CCA482B5C904848484848484848CE
:10BFA000485CEFADEBA5FE216161616161FBFB14B3
:10BFB000B0325C48D66A6A6A2E2E2E2E2E2ED6D627
:10BFC0006A6A6A9090B0B64C4CB68FB0017CD6D6F7
:10BFD000D6D6D6D66A6A4848484848484848484865
:10BFE00048484848484848EFEBA5B068215B3CBA50
:10BFF000349A4F97969BADEF5C5C48486A48487C02
:10C00000A28F0D4B4B2A8FAD3232EFEFEFEFEFEFF8
:10C01000EFEFEFEFEF48484848484848484848485D
:10C020004848484848484848484848484848484890
:10C030004848484848484848484848484848483296
:10C0400032A515FAE4FBB26161856161B2B2B21347
:10C05000EBEF48486A6A6A6A6A6A6A6A6A6A4848C2
:10C06000484848484848486A6A4848487C7C7C7C3C
:10C070006A90907CFE525454545454545454540076
:10C0800000000000000000000000000000000000B0
:10C0900000000000000000000000000000000000A0
:10C0A0000000000000000000000000000000000090
:10C0B0000000000000000000000000000000000080
:10C0C0000000000000000000000000000000000070
:10C0D0000000000000000000000000000000000060
:10C0E0000000000000000000000000000000000050
:10C0F0000000000000000000000000000000000040
:10C10000000000000000000000000000000000002F
:10C11000000000000000000000000000000000001F
:10C120000000DBDBDBDB0E0A8AE79C976DEF2B5C04
:10C130006A4848484848484848485CADADEBA56D5A
:10C140008561616161B2FB4614B0EB5C486A6A6A62
:10C150006A2E2E2E2E2E2ED66A484848EB9B1BFFA9
:10C16000944F5F1477B07CD6D6D6D6D6D66A6A6A94
:10C170006A6A4848486A6A484848484848484848B7
:10C18000EFEBEBB068215B3CBA349A4F97969BADCE
:10C19000EFA25C4848484848F17CA2280D4B4B2A46
:10C1A0008FEF32EFEFEFEFEFEFEFEFEFEFEFEFEFBC
:10C1B000EF48484848484848484848484848484858
:10C1C000484848484848484848EFEFEF48484848FA
:10C1D000484848484848484832F1EB5E14BAFBB238
:10C1E0006185616116B7B268B09048A26A6A6A6AEE
:10C1F0006A6A6A6A6A6A6A4848486A6A6A6A6A6A05
:10C200006A6A6A6A6A7C7C7C7C6A6A907CFA5254AC
:10C21000545454545454545400000000000000007E
:10C22000000000000000000000000000000000000E
:10C2300000000000000000000000000000000000FE
:10C2400000000000000000000000000000000000EE
:10C2500000000000000000000000000000000000DE
:10C2600000000000000000000000000000000000CE
:10C2700000000000000000000000000000000000BE
:10C2800000000000000000000000000000000000AE
:10C29000000000000000000000000000000000009E
:10C2A000000000000000000000000000000000008E
:10C2B000000000000000000000000006DB76DB0E3E
:10C2C0000A8AE79C14FE905C5C90484848484848BD
:10C2D0004848485CADEBEBA5138561616161B2250F
:10C2E00046DCB090A2486A6A6A6A2E2E2E2E2E2E46
:10C2F000D66A4848EFB0CA4F64B4B46492E4772E6B
:10C300006AD6D6D6D6D66A6A6A6A6A4848486A6AD7
:10C31000484848484848484848EFEBEBB068215B3C
:10C320003CBA349A4F44969BADEF5C5C4848484811
:10C33000487C7CD6A28F0D4B4B2A8F2BEFEFEFEF73
:10C34000EFEFEFEFEFEFEFEFEFEF484848484848E7
:10C35000484848484848484848484848484848485D
:10C36000484848484848484848484848484848484D
:10C370007FEFF12B47BA25B26161856161BA6197A0
:10C380001C90EF486A6A6A6A6A6A6A6A6A6A6A6AD2
:10C390004848486A6A6A6A6A6A6A6A6A6A6A7C7C3F
:10C3A0007C7C6A6A907CFADC545454545454D454BF
:10C3B0005400000000000000000000000000000029
:10C3C000000000000000000000000000000000006D
:10C3D000000000000000000000000000000000005D
:10C3E000000000000000000000000000000000004D
:10C3F000000000000000000000000000000000003D
:10C40000000000000000000000000000000000002C
:10C41000000000000000000000000000000000001C
:10C42000000000000000000000000000000000000C
:10C4300000000000000000000000000000000000FC
:10C4400000000000000000000000000000000000EC
:10C4500000000000060676DBCE0AE7E79C511C9040
:10C460005C5C484848484848484848485C3232EB99
:10C47000A5966161616161B22546682B90A2486A08
:10C480006A6A6A2E2E2E2E2E2ED66A48EFEB4C5F4D
:10C4900017171764171792C69B486AD6D6D6D66A5E
:10C4A0006A6A6A6A4848486A6A4848484848484840
:10C4B0004848EFEBEBB068215B3CBA349A4F4496A6
:10C4C0009B2BEF5C5C4848484848A26A7C7C2E283D
:10C4D0000D4B4B2A8FEBEFEFEFEFEFEFEFEFEFEFBF
:10C4E000EFEFEF48484848484848484848484848D7
:10C4F00048484848484848484848484848484848BC
:10C50000484848484848484848EFEBEBB64454B2DE
:10C510003C85858561615B21139090B0486A6A6AA9
:10C520006A6A6A6A6A6A6A6A6A4848486A6A6A6AD1
:10C530006A6A6A6A6A6A6A7C7C7C7C6A6A907CB68F
:10C54000DC545454545454D454D40000000000001B
:10C5500000000000000000000000000000000000DB
:10C5600000000000000000000000000000000000CB
:10C5700000000000000000000000000000000000BB
:10C5800000000000000000000000000000000000AB
:10C59000000000000000000000000000000000009B
:10C5A000000000000000000000000000000000008B
:10C5B000000000000000000000000000000000007B
:10C5C000000000000000000000000000000000006B
:10C5D000000000000000000000000000000000005B
:10C5E00000000000000000000000000000D59AB923
:10C5F000CF0A3C16E797962EAD5C6A6A48484848D1
:10C6000048484848485CADEBEB15CA59B2B261B234
:10C61000B254BA512BEFA2DD2E2E2E2E2E2E2E2E00
:10C62000D6D67CB048909B611791658D8D94171775
:10C6300094137C7C7C7C7CD6D6D66A6A6A6A6A6AE9
:10C640006A6A6A6A6A6A6A6A484848AD2BEBB0DC73
:10C650003B213C258D9A0EE46D9B2BEFADAD5C5CD0
:10C660005C5C5C484848D6D62E280D114BA12BADFA
:10C6700032322B2BEFEFEFEFEFEFEFEFEFEFEFEFCC
:10C68000EF484848EFEFEF48485C5C5C5C5C5C5C02
:10C690005C5C5C5C48484848484848486A6A6AD6D6
:10C6A0007C90F132B068BAB2615B5B5B215B5BBAD4
:10C6B000A95EEF90A2DDDDDDDDDD6A6A6A6A6A6A85
:10C6C0006A6A6A6A6A48D6D66A6A6A6A6A6A6A6A14
:10C6D0006A6A6A6A487FEF901CDC54545454FBFB2E
:10C6E0001754D4000000000000000000000000000B
:10C6F000000000000000000000000000000000003A
:10C700000000000000000000000000000000000029
:10C710000000000000000000000000000000000019
:10C720000000000000000000000000000000000009
:10C7300000000000000000000000000000000000F9
:10C7400000000000000000000000000000000000E9
:10C7500000000000000000000000000000000000D9
:10C7600000000000000000000000000000000000C9
:10C7700000000000000000000000000000000000B9
:10C78000000000000000D5AF06CE0A5B169C446D89
:10C79000DDAD5C6A6A4848484848484848485CAD4E
:10C7A000EBEB151B59B2B261B2B254BA512BEFA2E6
:10C7B000DD2E2E2E2E2E2E2E2E2ED67C3290EFCA31
:10C7C0001791462525BA8D919194A95C6A7C7C7C51
:10C7D000D6D6D66A6A6A6A6A6A6A6A6A6A6A6A6A75
:10C7E0006A484848AD2BEB5EDC856C16258D9A0EA9
:10C7F000E46D9B2BEFADAD5C5C5C5C5C4848486ACB
:10C800006A2E2E600D114BA18FEBEBEBADEFEFEF2E
:10C81000EFEFEFEFEFEFEFEFEFEF484848EFEFEF1D
:10C8200048485C5C5C5C5C5C5C5C5C5C5C484848AC
:10C8300048484848486A6A6AD67C9032AD135FB26D
:10C84000E8613C5B8585856144775C906AA2DDDDAB
:10C85000DDDDDD6A6A6A6A6A6A6A6A6A6A6A48D695
:10C86000D66A6A6A6A6A6A6A6A6A6A6A6A487FEF44
:10C87000909BDC545454E8FBFB1754D40000000098
:10C8800000000000000000000000000000000000A8
:10C890000000000000000000000000000000000098
:10C8A0000000000000000000000000000000000088
:10C8B0000000000000000000000000000000000078
:10C8C0000000000000000000000000000000000068
:10C8D0000000000000000000000000000000000058
:10C8E0000000000000000000000000000000000048
:10C8F0000000000000000000000000000000000038
:10C900000000000000000000000000000000000027
:10C910000000000000000000000000000000D5D56D
:10C92000B4B4348ABAE79C14FEEFEF5C6A6A4848F4
:10C93000484848484848485CADEBEB2B5181B2B2BF
:10C9400061B2B254BA1B2BEF48DD2E2E2E2E2E2EA6
:10C950002E2E2E6A6AF1F18F5B91D4FBB2B2B22512
:10C96000258D925F9B487C7C7CD6D6D66A6A6A6AA3
:10C970006A6A6A6A6A6A6A6A6A6A484848AD2BEBF8
:10C980005EDCE86116258D9A0EE46D9B2BEFAD5CA5
:10C990005C5C5C5C5C484848486A6A7C2E8F4B1142
:10C9A0004BA12BEBA5EBEFEFEBEBEBEFEFEFEFEFAB
:10C9B000EFEFEF484848EFEFEF48485C5C5C5C5CA9
:10C9C0005C5C5C5C5C5C48484848484848486A6A2B
:10C9D0006AD69090B07744FB54E85B215B85E861B0
:10C9E000216D5C9090D6A2DDDDDDDDDD6A6A6A6ACC
:10C9F0006A6A6A6A6A6A6A48D6D66A6A6A6A6A6AE1
:10CA00006A6A6A6A6A6A487FEF909B68545454E87D
:10CA1000FBFB17FB170000000000000000000000F7
:10CA20000000000000000000000000000000000006
:10CA300000000000000000000000000000000000F6
:10CA400000000000000000000000000000000000E6
:10CA500000000000000000000000000000000000D6
:10CA600000000000000000000000000000000000C6
:10CA700000000000000000000000000000000000B6
:10CA800000000000000000000000000000000000A6
:10CA90000000000000000000000000000000000096
:10CAA0000000000000000000000000000000000086
:10CAB000000000000000D5D5252F6446BA16E7A473
:10CAC000A91CEFEF48484848484848484848484863
:10CAD0005CADEFEBADA981B2B2B2B2B2FBBACAADF6
:10CAE0009048DD2E2E2E2E2E2E2E2ED6A2EFF1EFDA
:10CAF0006817D4FBB2B2B2B2BA252565946D5C90CA
:10CB00007C7CD6D6D6D6D6D6D6D6D6D6D66A6A6ABD
:10CB10006A6A6ADDDDA25C2BEB5E52E85916258D50
:10CB2000B4CFE46DB02BEF5C5C48485C5C5C48487B
:10CB30004848484890D62E280D114BA18FEBEBEBBF
:10CB4000EFEFEFEFEFEFEFEFEFEFEFEFEFEFEFEFF5
:10CB5000EFEFEFEFADADAD5C5C5C5C5C5C5C5C48EA
:10CB6000484848484848486A6A6AA290485E6895BA
:10CB700054E8E85B212185853C682E90907CD6A204
:10CB8000DDDDDDDDDD6A6A6A6A6A6A6A6A6A6A6AC6
:10CB90006A6A6A6A6A6A6A6AD6D6D66A6A6AD6D6D9
:10CBA0007F90902E68545454E8B7FB17FB17000091
:10CBB0000000000000000000000000000000000075
:10CBC0000000000000000000000000000000000065
:10CBD0000000000000000000000000000000000055
:10CBE0000000000000000000000000000000000045
:10CBF0000000000000000000000000000000000035
:10CC00000000000000000000000000000000000024
:10CC10000000000000000000000000000000000014
:10CC20000000000000000000000000000000000004
:10CC300000000000000000000000000000000000F4
:10CC40000000000000000000000000000000D50708
:10CC5000D58DDBB434BA16E7A4517C90904848488F
:10CC60004848484848484848485CADEFEB01C68111
:10CC7000B2B2B2B2B2FBBA96EB327F2E2E2E2E2E6D
:10CC80002E2E2ED66A48EB90776517D4FBB2615BE7
:10CC90005BB2B2256564512B907C7CD6D6D62E2E05
:10CCA0002E2E2E2E2E2ED66A6A6A6A6ADDDDDD48A9
:10CCB000ADEF5E52B7B78A258DB4CFE46DB02BEFE0
:10CCC0005C5C48485C5C5C48484848485C7F907CB9
:10CCD000DD8F0D114BA115EBEBEFEFEFEFEFEFEF6A
:10CCE000EFEFEFEFEFEFEFEFEFEFEFEFEFADADAD1A
:10CCF0005C5C5C5C5C5C5C5C484848484848484814
:10CD00006A6A6A6A902E4716B7956C5B2185218501
:10CD100021C6B66A6AD6D6D6D6DDDDDDDDDD6A6A25
:10CD20006A6A6A6A6A6A6A6A6A6A6A6A6A6A6A6A63
:10CD30006AD6D6D66A6A6AD6D6489090DD685454C8
:10CD400054E8B7FB171717000000000000000000B0
:10CD500000000000000000000000000000000000D3
:10CD600000000000000000000000000000000000C3
:10CD700000000000000000000000000000000000B3
:10CD800000000000000000000000000000000000A3
:10CD90000000000000000000000000000000000093
:10CDA0000000000000000000000000000000000083
:10CDB0000000000000000000000000000000000073
:10CDC0000000000000000000000000000000000063
:10CDD0000000000000000000000000000000000053
:10CDE00000000000000000D5076ECE3F9A8EBA16F4
:10CDF00016E49690EFEF4848484848484848484865
:10CE000048485CADEBEB9BC68AFBB2B2B7B7FBBA46
:10CE100096323290D62E2E2E2E2E2E2ED66AEFA59C
:10CE20008F681791FBFB61615B5B1616256564FFDC
:10CE3000B0EB907C6AD6D62E2E2E2E2E2E2E2ED6EF
:10CE4000D6D6D6D6D6DDDDDD5CADEF5E52E8B7E7EF
:10CE50008E8DB43F976D9B2BEF5C5CDDDD5C5C5C85
:10CE60004848485C5C5C5C7F907FDD280D114BA1DD
:10CE700015EBEFEFEFEBEFEFEFEFEFEFEFEFEFEFA4
:10CE8000EFEFEFEFEFEFADADAD7F7F7F5C5C5C5C14
:10CE90005C485C48484848A2A26A6A6A7C01FE4431
:10CEA000B7B7166C216C858585444CA2A2A2A2A2BC
:10CEB000D6D6DDDDDDDDDD6A6A6A6A6A6A6A6A6ABB
:10CEC0006A6A01010101016A6A6AD6D6D66A6AD61F
:10CED000D6D69090900168545454E8B7FB171717B2
:10CEE0000000000000000000000000000000000042
:10CEF0000000000000000000000000000000000032
:10CF00000000000000000000000000000000000021
:10CF10000000000000000000000000000000000011
:10CF20000000000000000000000000000000000001
:10CF300000000000000000000000000000000000F1
:10CF400000000000000000000000000000000000E1
:10CF500000000000000000000000000000000000D1
:10CF600000000000000000000000000000000000C1
:10CF700000000000000000000000000000000000B1
:10CF8000D5070CB42F9A8EBAB75BE46DEFEFEF5C68
:10CF900048484848484848484848485CEFEB159B93
:10CFA000C695FBFBB7B7FBD45F9632F1907CD62ECB
:10CFB0002E2E2E2ED6D66A90A5B65F17D4FBB26160
:10CFC0005B5B5B5B162534294077A5907C7CD6D6CD
:10CFD0002E2E2E2E2E2ED6D6D67CD6D62E2EDDDD7D
:10CFE000DD5C2BEF5E52E8B7E78E659A06976DB071
:10CFF0002B5C5C5CDDDDDDDDDD5C5C5C5C5C5C5C1D
:10D000005C7F7F7FB08F0D114BA115EB90EBEBEFA9
:10D01000EFEFEFEFEFEFEFEFEFEFEFEFEFEFEF48C7
:10D02000484848485C5C5C5C5C5C5C5C5C4848DD37
:10D03000DDDDDDDDDD7C1C685BB7596C6C57575757
:10D040006C21519B2EA2A2A2A2A2A2DDDDDDDDDD1C
:10D050006A6A6A6A6A6A6A6A6A6A6A01010101013D
:10D060006AD6D6D6D6D6D6D6D6D6D69048EF01CA68
:10D070005454E8E8B7FB2FB42F0000000000000074
:10D0800000000000000000000000000000000000A0
:10D090000000000000000000000000000000000090
:10D0A0000000000000000000000000000000000080
:10D0B0000000000000000000000000000000000070
:10D0C0000000000000000000000000000000000060
:10D0D0000000000000000000000000000000000050
:10D0E0000000000000000000000000000000000040
:10D0F0000000000000000000000000000000000030
:10D10000000000000000000000000000000000001F
:10D11000000000000000000000D59A8E2FB4349566
:10D1200095615BC6FEEFEFEF5C48484848484848C9
:10D13000484848485CEFEB151CE495FBFBB7B7FB90
:10D14000D45F6DF1F17C7CD6D62E2E2E2ED6D6480D
:10D15000EB8FA9291746B2B2615B5B5B5B16958EBC
:10D16000294F1315907C7CD6D62E2E2ED6D6D6D609
:10D17000D67C7CD6D62E2EDDDDDDDD5CEF5EC8B73D
:10D18000B78A8E659A06976DB02B5C5C5CDDDDDD41
:10D19000DDDD5C5C5C5C5C5C5C5C7F7F7FA2B028FE
:10D1A0000D114BA115EBEB90EFEFEFEFEFEFEFEF82
:10D1B000EFEFEFEFEFEFEFEF48484848485C5C5C7B
:10D1C0005C5C5C5C5C5C4848DDDDDDDDDDDD2E1338
:10D1D0003C81166C6C575757575B44131CD6A2A260
:10D1E000A2A2A2A2DDDDDDDDDD6A6A6A6A6A6A6A80
:10D1F0006A6A6A6A6A6A6A6A6A6AD6D6D6D6D6D607
:10D20000D6D6D6D67C484801CA54E8E8E8B7FBB47D
:10D21000B42F00000000000000000000000000002B
:10D2200000000000000000000000000000000000FE
:10D2300000000000000000000000000000000000EE
:10D2400000000000000000000000000000000000DE
:10D2500000000000000000000000000000000000CE
:10D2600000000000000000000000000000000000BE
:10D2700000000000000000000000000000000000AE
:10D28000000000000000000000000000000000009E
:10D29000000000000000000000000000000000008E
:10D2A000000000000000000000000000000000007E
:10D2B0000000D50E64F6B43495956121A91C2BEFBE
:10D2C000EF5C48484848484848484848485CADEB07
:10D2D00015FAE495FBFBB7B7FBFB5F6DF1F1907CB2
:10D2E0007CD62E2E2E2ED648EF2B774017D425B283
:10D2F00061615B5B5B5B16958E29295115EB907C18
:10D300002E2E2E2E2E7C7C7C7C7C7C7CD66AD62E8F
:10D31000DDDDDDDD5CEF5EC854818A8E659A06979F
:10D320006DB02BEF5C5CDDDDDDDDDD5C5C5C5C5CF1
:10D330005C5CADADADAD6A9032280D114BA115EB23
:10D3400090EFEFEFEFEFEFEFEFEFEFEFEFEFEFEF4C
:10D35000EF48484848485C5C5C5C5C5C484848DD99
:10D36000DDDDDDDD2EA22EFA14D2815B2157575769
:10D3700057573C14FE7CD6A2A2A2A2A2A2DDDDDDFC
:10D38000DDDD6A6A6A6A6A6A6A6A6A6A6A6A6AD6AB
:10D39000D6D66A6AD6D6D6D6D6D6D6D6D66A7F7F1F
:10D3A00048CAE8E8E8E8B725B42F2F0000000000DD
:10D3B000000000000000000000000000000000006D
:10D3C000000000000000000000000000000000005D
:10D3D000000000000000000000000000000000004D
:10D3E000000000000000000000000000000000003D
:10D3F000000000000000000000000000000000002D
:10D40000000000000000000000000000000000001C
:10D41000000000000000000000000000000000000C
:10D4200000000000000000000000000000000000FC
:10D4300000000000000000000000000000000000EC
:10D440000000000000000000000000DB06DBF60E1C
:10D45000349516619751D6EBEFEF48486A48484833
:10D460004848484848485CADEB15FAFF8AFBFBB7D3
:10D47000B7FBFB5F6DA5A5A5327CD62E2E2E2ED632
:10D48000EFEB2B68AFD4D425B2B2B2B2BABA1695CC
:10D49000958E9A9AFF2815906AD62ED6D62E7C7C29
:10D4A0007C7C6A90907C6A01D6DDDDDDDD5CEF5E20
:10D4B000C8FBFB8A8E659A06976DB02B2B5C5C5C73
:10D4C000DDDDDDDD5C5C5C5C5C5C5CADADADADEFC1
:10D4D0009032AD8F4D114BA18FEBEFEFEFEFEFEFF0
:10D4E000EFEFEFEFEFEFEFEFEFEF48484848485C22
:10D4F0005C5C5C5C5C484848DDDDDDDDDD2E2E1CBF
:10D50000CA3C81B7166C57575757576C14FE7CA20C
:10D51000A2A2A2A2A2A2DDDDDDDDDD6A6A6A6A6ADC
:10D520006A6A6A6A6A6A6A6A6A6A6A6A486AD6D6A5
:10D53000D6D6D6D6D6D6017F7F6A47E8E8E8E8B7E0
:10D5400046B42F2F00000000000000000000000083
:10D5500000000000000000000000000000000000CB
:10D5600000000000000000000000000000000000BB
:10D5700000000000000000000000000000000000AB
:10D58000000000000000000000000000000000009B
:10D59000000000000000000000000000000000008B
:10D5A000000000000000000000000000000000007B
:10D5B000000000000000000000000000000000006B
:10D5C000000000000000000000000000000000005B
:10D5D000000000000000000000000000000000004B
:10D5E00000000000DB76DBF69A8E166C029796320E
:10D5F000EBEFEF48D6D64848484848484848485C8A
:10D60000ADEB15FEFF8EFBFBB7B7B7FB5F96A5A58D
:10D610003232323201012E2EA2EF155C3C64D4D49A
:10D62000BAB2B2B2BABABABA958E343417401C152F
:10D63000EB326AD6D6D66A7C7C909090EB3232324E
:10D640007F01DDDDDDDD5CEFB6C8FBFB8A8E659A10
:10D6500006976DB02B2B5C5C5CDDDDDDDD5C5C5C1E
:10D660005C5C5C5CADADADAD32907C9032284D1110
:10D670004BA115EFEFEFEFEFEFEFEFEFEFEFEFEF86
:10D68000EFEFEF48484848485C5C5C5C5C5C4848AD
:10D6900048DDDDDDDDDD2E1C6D388A6161E79C57DC
:10D6A00057575757E844FED6B0A2A2A2A2A2A2DDC5
:10D6B000DDDDDDDD6A6A6A6A6A6A6A6A6A6A6A90D8
:10D6C000907C7C7C4848486A6A6AD6D6D6D6D60111
:10D6D000017FEF47E8E8E8E8B746B42F2F000000E5
:10D6E000000000000000000000000000000000003A
:10D6F000000000000000000000000000000000002A
:10D700000000000000000000000000000000000019
:10D710000000000000000000000000000000000009
:10D7200000000000000000000000000000000000F9
:10D7300000000000000000000000000000000000E9
:10D7400000000000000000000000000000000000D9
:10D7500000000000000000000000000000000000C9
:10D7600000000000000000000000000000000000B9
:10D7700000000000000000000000000000DB7676E2
:10D780003FCE8A16160244FEEFEF5C4848484848F0
:10D7900048484848484848DD485CEFEB6DFF0A8E32
:10D7A000959595958A8A8AA96D7C90F1F132B0326F
:10D7B000B032F1A547B49A348E258E8D25255716A3
:10D7C0000A0A8EB2FB0E941B15A5907C7C2ED69077
:10D7D000909090EBEB9090EBAD32F17C2EDDDD7F05
:10D7E00032B64454FBBA2546173F976DB02B5C5CAC
:10D7F0005CDDDDDDDDDD5C5C5C5C5C5CADADADADA0
:10D80000ADEFEFEFEFEF328F4D114BA115EF909091
:10D8100032EBEFEFEFEFEFEFEFEFEFEF5C5C5C5C25
:10D820005C5C5C5C484848484848DDDDB0A27CF15F
:10D83000FA43165916165B575757579C6C59976DF4
:10D840007C5C5C48DDDDDD6A6A6A6A6A6A6A6A6A0B
:10D850006A6A6A6AD67C7C90F1FAA9FFC6139B3289
:10D86000F1906AD62E2E2ED6D6A26A321385E8E81B
:10D870008561252F2F2FF60000000000000000001A
:10D880000000000000000000000000000000000098
:10D890000000000000000000000000000000000088
:10D8A0000000000000000000000000000000000078
:10D8B0000000000000000000000000000000000068
:10D8C0000000000000000000000000000000000058
:10D8D0000000000000000000000000000000000048
:10D8E0000000000000000000000000000000000038
:10D8F0000000000000000000000000000000000028
:10D900000000000000000000000000000000000017
:10D91000000000000000DB3FDB293495161602A949
:10D920001CEFEF5C48484848484848484848484841
:10D93000DD485CEFEB6DFF0A8E9595959559545433
:10D94000465FE41B9B7F32F132ADEBA5B03CB49A4D
:10D9500034258E8D65656C3EFC653434258E0E65F0
:10D96000E415A5EBEF7FADEFEBA5152BFA1BC6C6B3
:10D9700051B6B0327C7C0101AD32B6C854FBBA2539
:10D9800046173F9C6DB02B5C5C5CDDDDDDDDDD5C56
:10D990005C5C5C5C5CADADADADADEFEFEFEFEFEFC0
:10D9A0005C8F4D114BA12B32F190EFEFEFEFEFEFCA
:10D9B000EFEFEFEFEF5C5C5C5C5C5C5C5C48484804
:10D9C000484848DDDD016A7C7C963C8A95166C21CE
:10D9D000575757579C6C6C3C967C485C48DDDDDDA6
:10D9E0006A6A6A6A6A6A6A6A6A6A6A6A6AD67C90F3
:10D9F000907CA94F7E4040C696DD7F327C7C7CD6F1
:10DA000001D62E6A321385E8E88561252F2F2FF67F
:10DA10000000000000000000000000000000000006
:10DA200000000000000000000000000000000000F6
:10DA300000000000000000000000000000000000E6
:10DA400000000000000000000000000000000000D6
:10DA500000000000000000000000000000000000C6
:10DA600000000000000000000000000000000000B6
:10DA700000000000000000000000000000000000A6
:10DA80000000000000000000000000000000000096
:10DA90000000000000000000000000000000000086
:10DAA000000000000000000000000000000000294D
:10DAB0003F3F298E166C6C571B5C5CEF484848480A
:10DAC000484848484848484848DD485CEFEB6D5FA7
:10DAD0000A8E95951616165954549A9A94E4FEADEA
:10DAE000F1A5A5A51547299A9A8E258E6565291E4B
:10DAF0009366CE6491340A91925FB660A5EBEBA574
:10DB0000A5A5159B51407E29294F40CA9B7C7C329C
:10DB100032ADEBB6C854FBBA2546173F3C6DB02B6F
:10DB20005C5C5CDDDDDDDD5C5C5C5C5C5C5CADAD8F
:10DB3000ADADADEFEFEFEFEF90EFAD8F4D114BA12E
:10DB4000153290EFEFEFEFEFEFEFEFEFEFEF5C5C01
:10DB50005C5C5C5C5C5C484848484848DDDD7C7C3B
:10DB6000D6FE14958A166C6C21575757579C6C6CCF
:10DB70006CCAD6485C48DDDDDD6A6A6A6A6A6A6A30
:10DB80006A6A6A6A6A6AD69090901CE464923F1747
:10DB9000914051FA017C7C7C7C2E2E2E6A324C8581
:10DBA000E8E88561252F2F2FF60000000000000017
:10DBB0000000000000000000000000000000000065
:10DBC0000000000000000000000000000000000055
:10DBD0000000000000000000000000000000000045
:10DBE0000000000000000000000000000000000035
:10DBF0000000000000000000000000000000000025
:10DC00000000000000000000000000000000000014
:10DC10000000000000000000000000000000000004
:10DC200000000000000000000000000000000000F4
:10DC300000000000000000000000000000000000E4
:10DC400000000000000000009A573FCE8E166C6C5A
:10DC50009796EB5C5C4848484848484848484848DC
:10DC60004848485C2BEFEB96FF0A8E95166C6C3C8F
:10DC70003C16E7D2CED4645FCAB02BA5A55E9791BF
:10DC80009A348E8E3465640E3193D99C2991910A11
:10DC90008DCE944760A5A5A5A5151C51FF7EAFB4F8
:10DCA00017179AAF40A9B6B032322BA5B69754FBDE
:10DCB000BABA469A29166DB02BEF5C5C5C5C5C5C72
:10DCC0005C5C5C5C5C5C5CADADADADADEBEBEBEBC3
:10DCD000EBEF9032AD8F4D114BA115EF48EFEFEF09
:10DCE000EFEFEFEFEFEFEF5C5C5C5C5C5C4848DD16
:10DCF000DDDDDDDDDDDDDD7C7C9BCA9CB7165957A3
:10DD00005721575757579C6C166C682EEF5C48DDAF
:10DD1000DDDD6A6A6A6A6A6A6A6A6AD6D6D6D6D661
:10DD20006A90906D5F911791D4D49194FF969B0166
:10DD30007C7C2E2E0132324C85E8E885B2252F2FCF
:10DD40002FF60000000000000000000000000000AE
:10DD500000000000000000000000000000000000C3
:10DD600000000000000000000000000000000000B3
:10DD700000000000000000000000000000000000A3
:10DD80000000000000000000000000000000000093
:10DD90000000000000000000000000000000000083
:10DDA0000000000000000000000000000000000073
:10DDB0000000000000000000000000000000000063
:10DDC0000000000000000000000000000000000053
:10DDD0000000000000000000000000000000000043
:10DDE0006529CE29CE8A6C6C6CC84CEB5C5C4848CB
:10DDF0004848484848484848484848485C2BEFEB62
:10DE0000965F0A2516166C6C6C6C5B16169581D4A1
:10DE1000460A14B6EBA513B28D34348E8E65643F7A
:10DE2000A793239843AF17918D25348DC860A5A57E
:10DE3000A52B4740CE3F3F0E0E0E0E9A9A0E4F1462
:10DE40005E2BA51515B69754FB16954691298A6D3C
:10DE5000B02BEF5C5C5C5C5C5C5C5C5C5C5C5C5C4C
:10DE6000ADADADADADEBEBEBEBEB323290907F2B8C
:10DE70000D114BA12BADEF48EFEFEFEFEFEFEFEF11
:10DE80005C5C5C5C5C5C4848DDDDDDDDDDDDDDDDF2
:10DE9000D67CFE44815B1659575721575757579CDC
:10DEA0006C1602689B485C48DDDDDD6A6A6A6A6A56
:10DEB0006A6A6A6AD6D6D6D6D69090909640918DE8
:10DEC000252525FBFB8D94A9B62E7C2ED60132325A
:10DED000773BE8E885B2252F2F2FF60000000000E1
:10DEE0000000000000000000000000000000000032
:10DEF0000000000000000000000000000000000022
:10DF00000000000000000000000000000000000011
:10DF10000000000000000000000000000000000001
:10DF200000000000000000000000000000000000F1
:10DF300000000000000000000000000000000000E1
:10DF400000000000000000000000000000000000D1
:10DF500000000000000000000000000000000000C1
:10DF600000000000000000000000000000000000B1
:10DF700000000000000000003C65BB3F29CE8A6C19
:10DF80006C5744FAEBEF5C5C5C484848A2A2A2A242
:10DF9000A2484848485CADEFEB965F0ABA165B5B57
:10DFA000218502856C6C0281818146D297CA1397C4
:10DFB0008E8181818E8D65170E0F2323E1242964C4
:10DFC000298D2546FBBA1315DD9644949191919ABB
:10DFD000CECECE0A34349A0E94149B15A5A5B63C29
:10DFE00054B25BBA8E9A298A6DB02BEF5C5C5C5C94
:10DFF0005C5C5C5C5C5C5C5C5CADADADADADEFEFA6
:10E00000EFEFEFAD32EF903232280D114BA115AD8D
:10E010006A90EF32EFEFEFEFEF5C5C5C4848484806
:10E0200048DDDDDDD6A2A2DD01D61C516C81BA1619
:10E03000166C5757575757576C6C0202149B7F5CEE
:10E04000DD2EDDDDDDD6D66A6A6AD6D6D62E2ED690
:10E050006A6A6A90905140914625BABAB2B22525B3
:10E060005FC6FE2E7C7FDD7F327721E8E885B246F1
:10E070002F2F2FF60000000000000000000000001D
:10E080000000000000000000000000000000000090
:10E090000000000000000000000000000000000080
:10E0A0000000000000000000000000000000000070
:10E0B0000000000000000000000000000000000060
:10E0C0000000000000000000000000000000000050
:10E0D0000000000000000000000000000000000040
:10E0E0000000000000000000000000000000000030
:10E0F0000000000000000000000000000000000020
:10E10000000000000000000000000000000000000F
:10E11000E497C8653F290AE7166C97A99BEBEF5C6B
:10E120005C5C4848A2A2A2A2A2A2484848485CADB2
:10E13000EFEB965F8ABABA5B5B216C6C6C6C6C6CB3
:10E1400059958181D2D234958E8A819595258D6499
:10E150002FBDECE1E1E17DBBB44F258EFBF72540FF
:10E16000E4FF0AD4D49A919A340A0A0A8E8E8E3425
:10E17000CE9A4FA98F1515B63C54E85BBA8ECE29BE
:10E180008E6DB02BEF5C5C5C5C5C5C5C5C5C5C5CD6
:10E190005C5CADADADADADEFEFEFEFEFEFEBEBEB0B
:10E1A0007F32AD8F0D114BA12BEF9090EFEFEFEF82
:10E1B000EFEF5C5C5C4848484848DDDDDDD6A2DD19
:10E1C00001012E6DE4B7B7E7166C6C6C6C6C6C6C6F
:10E1D000576C6CE85914FA7F486A2E2E2E2E2E2E7C
:10E1E0002E2E2E2E2E2E2E2E016A486A907CC6943C
:10E1F00091D425BA5B5B5BB2B2D294E4FE0132AD3E
:10E2000032327797E8E8E8B246DB2F76F600000076
:10E2100000000000000000000000000000000000FE
:10E2200000000000000000000000000000000000EE
:10E2300000000000000000000000000000000000DE
:10E2400000000000000000000000000000000000CE
:10E2500000000000000000000000000000000000BE
:10E2600000000000000000000000000000000000AE
:10E27000000000000000000000000000000000009E
:10E28000000000000000000000000000000000008E
:10E29000000000000000000000000000000000007E
:10E2A0000000000000000000003C444494AFCE0A8F
:10E2B000E7166C97CAB0EBEF5C5C5C4848A2A2A280
:10E2C000A2A2A2484848485CADEFEB965F0ABABAF2
:10E2D0005B5B5B6C6C6C6C6C6C6C16595959595966
:10E2E000169595E795958E65B406C78898989823F6
:10E2F000C73F928D0A25B7B78A0ACED4D4D49A469E
:10E3000034340A0A0A8E8A8E8E8E8D340A14B62808
:10E310004C5BE8615B168E0A298E4CB0ADEF5C5CFD
:10E320005C5C5C5C5C5C5C5C5C5C5CADADADADAD98
:10E33000EFEFEFEFEFEFEBEBEB7F32485C280D11E7
:10E340004BA115329090EFEFEFEFEF5C5C5C48482B
:10E35000484848DDDDDDB0DD013232FA141654B72D
:10E36000596C16161616166C6C6C6C16595944FEC0
:10E370007F486A2E2E2E2E2E2E2E2E2E2E2E2E2E16
:10E380002E2E6A6A90EB1CE49491FB255B5B5B5B31
:10E390005B5BBA8ECEFF967FEBA5F1B697E8E802FD
:10E3A000958DDB2F76F600000000000000000000D5
:10E3B000000000000000000000000000000000005D
:10E3C000000000000000000000000000000000004D
:10E3D000000000000000000000000000000000003D
:10E3E000000000000000000000000000000000002D
:10E3F000000000000000000000000000000000001D
:10E40000000000000000000000000000000000000C
:10E4100000000000000000000000000000000000FC
:10E4200000000000000000000000000000000000EC
:10E4300000000000000000000000000000000000DC
:10E4400000003C0A974F290A8A169C574413B0EFE4
:10E45000EF5C5C5C4848A2A2A2A2A2A2484848DDA8
:10E4600048ADEFEB965F0A959516166C6C6C576C81
:10E470006C6C6C6C6C6C59165959595995958ACEBF
:10E480002976C5B5ECB3B398EC31D264650A9561D1
:10E49000B754FBFB54FB810A3434340A0A0A8E8ECB
:10E4A0008E8A8A25D4D48AFF6844BA61615B168A51
:10E4B000CE3F344CB02BEFA2DD5C5C5C5C5C5C5C02
:10E4C0005C5C5C5C5C5CADADADEFEFEFEFEFEFEF94
:10E4D000EFEFEFEF9032328F4B114BA12BEFA2EF0A
:10E4E000EFEFEFEF5C5C5C4848484848DDDDDDB0AD
:10E4F0007F32322E963C5954026C16168A95951628
:10E500009516166C165902444CB05C48DD2E2E2E22
:10E510002E2E2E2E2E2E2E2E2E2EDDD690F1EF6D9F
:10E520005F0A46FB25B25B5B5B5B5B5BFBD434FF46
:10E530006D8F15A5B697E8E8029534DB2F76F600C7
:10E5400000000000000000000000000000000000CB
:10E5500000000000000000000000000000000000BB
:10E5600000000000000000000000000000000000AB
:10E57000000000000000000000000000000000009B
:10E58000000000000000000000000000000000008B
:10E59000000000000000000000000000000000007B
:10E5A000000000000000000000000000000000006B
:10E5B000000000000000000000000000000000005B
:10E5C000000000000000000000000000000000004B
:10E5D00000000000000000000000000A0A3C4F2973
:10E5E0000A8A169C5714772BEF5C5C5C5C4848A247
:10E5F000A2A2A2A2A2484848DD485C90EFFE5F8A32
:10E600008E259516166C6C576C6C6C216C6C6C6C52
:10E610006C16595959958A0ACE063F181F3737C3C9
:10E62000D898D8BD176546B26161B7B7B295258E47
:10E630000A9A9A29CECECE3434348A958A81818141
:10E640008A165B5B5B5B61168A3429CE6DB02BEF5B
:10E65000A2A25C5C5C5C5C5C5C5C5C5C5C5C5CAD1D
:10E66000ADADEFEFEFEFEFEFEFEFEFEFEF9090905B
:10E67000DD280D114B2A8F2BEFEFEFEFEF5C5C5C89
:10E680004848484848DDDDDD5C7F325CB6141659E9
:10E69000B716BA958A956C0C41BB8A951616160268
:10E6A000C813B05C48DD2E2E2E2E2E2E2E2E2E2E92
:10E6B0002E2E2EA2A290F1AD968A348D25B2B25B99
:10E6C0005B5B5B5BBAB2FBFB8E3C132BA5B697E89A
:10E6D00002028ACE2F2F76F6000000000000000014
:10E6E000000000000000000000000000000000002A
:10E6F000000000000000000000000000000000001A
:10E700000000000000000000000000000000000009
:10E7100000000000000000000000000000000000F9
:10E7200000000000000000000000000000000000E9
:10E7300000000000000000000000000000000000D9
:10E7400000000000000000000000000000000000C9
:10E7500000000000000000000000000000000000B9
:10E7600000000000000000000000000000000000A9
:10E77000000000000A920A65CE8A8A169C57A9B644
:10E780002BEF5C5C5C5C4848A2A2A2A2A2A2484813
:10E7900048DD485C9090B6E48A8E8E9595166C6C38
:10E7A000576C6C6C21216C6C6C6C6C595959160A45
:10E7B000CE3F066E10C3A8A839C3B3E1C7D429D48D
:10E7C000B25B5B61B7818AD2343491B43F2929CEE0
:10E7D000CE34348E168A5B5B2159E8E85B5B5B6163
:10E7E000168A0A299AFEB0ADEFA2A25C5C5C5C5C62
:10E7F0005C5C5C5C5C5C5C5CADADADEFEFEFEFEF87
:10E80000EFEFEFEFEFEF32907CD6328F0D114B2A06
:10E8100015EBEFEFEFEF5C5C5C4848484848DDDD06
:10E82000DD7F9090B0473C8A1616BA5F8E8A570CEF
:10E830006E89538A8E951616020C47B05C48DD2E01
:10E840002E2E2E2E2E2E2E2E2E2E2E2EA2A290A527
:10E85000AD5146918D25B2B25B5B5B5B5B165B5B3A
:10E86000B254813C96EB77970202028ACE3F2F7614
:10E87000F6000000000000000000000000000000A2
:10E880000000000000000000000000000000000088
:10E890000000000000000000000000000000000078
:10E8A0000000000000000000000000000000000068
:10E8B0000000000000000000000000000000000058
:10E8C0000000000000000000000000000000000048
:10E8D0000000000000000000000000000000000038
:10E8E0000000000000000000000000000000000028
:10E8F0000000000000000000000000000000000018
:10E90000000000000000000000000000004F929294
:10E91000AF4F5F5B5B6C971B9BEF325C5C5C5CDDBD
:10E92000DDDD484848484848484848485C7FEFB0E3
:10E93000CA5F2525252595B7E8026C6C6C5757579B
:10E940006C6C6C6C6C16168ACE643FCF79F9C33947
:10E95000F5F539B3EC1AA4658D25B2B2B2B2958E35
:10E96000349A9AB43F06CFA47BA3978D8E8A166CF7
:10E970006C6C6C212121215B5BE8BA949481FA2BA9
:10E980004848484848484848485C5C5C5C5C5C488F
:10E9900048EFEFEFEFEFEFEFEFEFEFEFEFEFEFAD70
:10E9A000ADADADAD7F280D114B2A8F2B9090AD5C96
:10E9B0005C5C5C5C5CDDDDDDDDDDA26A7FB6528522
:10E9C0006C6C168A0A4FE795C9C9896E0A0A0ABA99
:10E9D000616197CA9BA2487C7CD62E2E2E2E2E2EAD
:10E9E0002E2E2E2E2E2E2E90325EC6469146462577
:10E9F0002525B2B2950A95951695958AE79CD5532B
:10EA00003C85856C95343FF676F6000000000000EA
:10EA100000000000000000000000000000000000F6
:10EA200000000000000000000000000000000000E6
:10EA300000000000000000000000000000000000D6
:10EA400000000000000000000000000000000000C6
:10EA500000000000000000000000000000000000B6
:10EA600000000000000000000000000000000000A6
:10EA70000000000000000000000000000000000096
:10EA80000000000000000000000000000000000086
:10EA90000000000000000000000000000000000076
:10EAA0000000000000009292DB4F94BA5B5B3CC810
:10EAB00096B0EFEF5C5C5C5C484848484848484882
:10EAC0004848484848DD7F325C9B518E34348E8EF6
:10EAD0008EBA1661E8856C6C6C6C6C61958A8A8A5A
:10EAE000CE293F06275DC3A8F58282F51DF4ECE22E
:10EAF00029658D252525258E349A64B406CF383EA8
:10EB00009D8C8CFC34348A166C5757572121212157
:10EB10005B5B61F7D42944A2AD5C4848484848484B
:10EB200048485C5C5C5C5C5C4848EFEFEFEFEFEF03
:10EB3000EFEFEFEFEFEFEFEFADADADADAD7FB08F3E
:10EB40004D114B2A8FEB32485C5C5C5C5C5CDDDD1C
:10EB5000DDDDDD487FB047BB026C6C950A294F0AAA
:10EB6000950000C9899C2994BA95619768B6B02B25
:10EB7000DD01012E7C7CD62E2E2E2E2E2E2E2E2E1C
:10EB8000902B77E491914646468D948DF7B22525DA
:10EB90008A959516161616166C2185856C95CEF6F7
:10EBA000F676F60000000000000000000000000003
:10EBB0000000000000000000000000000000000055
:10EBC0000000000000000000000000000000000045
:10EBD0000000000000000000000000000000000035
:10EBE0000000000000000000000000000000000025
:10EBF0000000000000000000000000000000000015
:10EC00000000000000000000000000000000000004
:10EC100000000000000000000000000000000000F4
:10EC200000000000000000000000000000000000E4
:10EC30000000000000000000000000000000009242
:10EC4000DBDB4F5FBA163C97146DB0AD7F7F5C5C29
:10EC50005C5C5C5C48484848484848484848DDDDBA
:10EC60007F325CB04C4747131313689761E8E86C38
:10EC70006C6C6C6C16958E0ACE4F3F06A77AC33922
:10EC8000F5829E9EF5A8371FB53864658D8D8D8DF4
:10EC9000CE29293F3FA478D04593E6DA27CE348A9F
:10ECA000956C575757212121215B5BBA54D440966C
:10ECB0005C5C4848484848484848485C5C5C5C5C48
:10ECC0005C4848EFEFEFEFEFEFEFEFEFEFEFEFEF35
:10ECD000EFADADADADAD6A48AD8F0D114B2A28EB50
:10ECE000EF5C5C5C5C5C5CDDDDDDDDDD32ADB6DC4B
:10ECF0006C026C6C95CE3F8A2900000000C90AAFF7
:10ED00004F0A9561976877AD32327F01D66A7C7C75
:10ED10002E9B2E2E2E2E2E2ED6322B135F4646469F
:10ED2000469165C897BA8DF78E8E8A956C5B5B614C
:10ED300002020257576C8ACEF606F6F60000000073
:10ED400000000000000000000000000000000000C3
:10ED500000000000000000000000000000000000B3
:10ED600000000000000000000000000000000000A3
:10ED70000000000000000000000000000000000093
:10ED80000000000000000000000000000000000083
:10ED90000000000000000000000000000000000073
:10EDA0000000000000000000000000000000000063
:10EDB0000000000000000000000000000000000053
:10EDC0000000000000000000000000000000000043
:10EDD000000000000000000092DBDB4F94BA163CFC
:10EDE000E4A9FAB0AD5C7F5C5C5C5C5C5C48484864
:10EDF00048484848484848DDDD017F486A48EF15E3
:10EE00001528288FCA95B7E81616161695958A0AFA
:10EE1000CE4FCFCFC50FF94A82829E9E9E82F51DAE
:10EE2000F95D8B29B49A9A9A2929AFCFCF7B75883F
:10EE3000232323232327CE6595956C575757856C3D
:10EE40005B6C6195BA255F1B2E5C48DD48484848DD
:10EE5000485C5C5C5C5C5C5C5C5C4848484848487E
:10EE600048484848EFEFEFEFEFEFADADADADAD5C2B
:10EE70007F327F8F4D114B2A8F2BAD5C5C5C5C5CCD
:10EE80005CDDDDDDDD7CB04C9702596C168E290609
:10EE9000060E0000000089294F4F0A25B22168772D
:10EEA00032F17F9BFA9B5EA2D62E9B2E2E2E2E0138
:10EEB0000101EBB0688E4646469164293EACAEA790
:10EEC00029348E2595165B5B5B85028057576C0A4B
:10EED000297606F6F60000000000000000000000A1
:10EEE0000000000000000000000000000000000022
:10EEF0000000000000000000000000000000000012
:10EF00000000000000000000000000000000000001
:10EF100000000000000000000000000000000000F1
:10EF200000000000000000000000000000000000E1
:10EF300000000000000000000000000000000000D1
:10EF400000000000000000000000000000000000C1
:10EF500000000000000000000000000000000000B1
:10EF600000000000000000000000000000000000A1
:10EF70000092AF924F94BA163CE41B1C5C2B5C7F52
:10EF80005C5C5C5C5C5C4848484848484848484889
:10EF90000101DDDD016A6A7FEBEB15A5154CBAFBBB
:10EFA000B795959595250A0ACECE4FC5587974BF69
:10EFB0004A9E9E9E9E9E9EF5E01DF4300C3F293F8A
:10EFC000292992CFA418D8ECEC1F1F1FEC458B9A6F
:10EFD000658E956C57575785616161B2FB255F1B44
:10EFE000A27C48DD2E48484848485C5C5C5C5C5C20
:10EFF0005C5C5C48484848484848484848EFEFEF60
:10F00000EFEFEFADADADADADADAD487FAD150D11D1
:10F010004B2A282BAD5C5C5C5C5CDDDDDDDD6AB61B
:10F02000682161616C95CEAF29290000000000299C
:10F03000AF294F0A8AB23B6877ADB04C145F97CACC
:10F04000B62E2EB001010101017FAD15B6E4D44604
:10F05000464664640E6623E645096C34348E952179
:10F0600021212121215757160A4F7676760000007C
:10F070000000000000000000000000000000000090
:10F080000000000000000000000000000000000080
:10F090000000000000000000000000000000000070
:10F0A0000000000000000000000000000000000060
:10F0B0000000000000000000000000000000000050
:10F0C0000000000000000000000000000000000040
:10F0D0000000000000000000000000000000000030
:10F0E0000000000000000000000000000000000020
:10F0F0000000000000000000000000000000000010
:10F100000000000000000000000092AF929494BA4A
:10F110001616C696DD5C5C5CDD5C5C5C5C5C5C4829
:10F120004848484848484848480101A2DDDDDD011B
:10F13000DD48ADADEBEB77BAFB9595B2B2258DBA54
:10F140004378C7240F6B1039D9359E9E9E9E9E9E94
:10F15000824AA8F9D8669C0EB43FCFC527B5EC9873
:10F16000D8D81010D81F88C729658E956C57576C52
:10F1700061E8E854B70AE496D6907CA26A6A4848E7
:10F18000484848485C5C5C5C5C5C5C484848484873
:10F190004848484848485CADADADADADADADADAD4E
:10F1A000ADADADADAD7FAD280D114B2A15ADA2A211
:10F1B0000148485CB0DDD62E4CC8851616168E293F
:10F1C000062992000000000029AF29298D9595217C
:10F1D000684CB64C448AB7B716C8135ED6B0B0A216
:10F1E000D63232EB15130A4646FB46642F290FE14F
:10F1F000E1ECEC249C0A8D25166C576C6C212121C6
:10F200001694AFDFDFDF0000000000000000000008
:10F2100000000000000000000000000000000000EE
:10F2200000000000000000000000000000000000DE
:10F2300000000000000000000000000000000000CE
:10F2400000000000000000000000000000000000BE
:10F2500000000000000000000000000000000000AE
:10F26000000000000000000000000000000000009E
:10F27000000000000000000000000000000000008E
:10F28000000000000000000000000000000000007E
:10F29000000000000000000000000000000000006E
:10F2A0000000000A0A92940ABA5B9C146DDD5C5C53
:10F2B0005C5C5C5C5C5C5C5C48484848484848482E
:10F2C0004848A2DDDDDDDDDD0101017F5CEFEBB64D
:10F2D0005FFBBAB261B2258D520808087DD810399B
:10F2E000BFD9B81A1A1A1A1A9E8235BFD7F9C37530
:10F2F000A37BA78BDE081FD8C31039393910D80873
:10F30000C7926446956C576C6C02E8613CE468B641
:10F310002B7C7C6A6A6A6A4848484848484848489A
:10F320004848484848484848484848484848487F26
:10F330005C5CADADADADADADADADADADADADADAD9F
:10F34000AD8F0D114B2A8F2B5C486A48B0B0DDD6CB
:10F350009BCABB851616BA0A3F3F3F9200000000C9
:10F360000029AF29298DB2166CC868CA14165961D4
:10F370006195B7BA68FA7F32EB32AD2BEB8F149AF6
:10F3800025FBFB46642F9AF098B31F98EC24388D28
:10F3900025956C576C6C6C215BBA4FAFDFDFDF00DB
:10F3A000000000000000000000000000000000005D
:10F3B000000000000000000000000000000000004D
:10F3C000000000000000000000000000000000003D
:10F3D000000000000000000000000000000000002D
:10F3E000000000000000000000000000000000001D
:10F3F000000000000000000000000000000000000D
:10F4000000000000000000000000000000000000FC
:10F4100000000000000000000000000000000000EC
:10F4200000000000000000000000000000000000DC
:10F430000000000000000000000000079592929478
:10F440000ABA5B3CA9FA5C2B5C5C5C5C5C5C5C5C57
:10F450005C48484848484848484848A2DDDDDDDD6A
:10F46000DD010101017FEFEB9B3C2525B2B2258D2B
:10F47000656C7AEC7DF9A8BFD9B8B8B81A1A1A1A0F
:10F480001A9E828235BF397337D7BF39D8D8C3C3E4
:10F490003939D9D9D9D910D808C7926434956C6C48
:10F4A0006C6C5B3CC6961C5CEF90907C2E6A6A6A22
:10F4B00048484848484848484848484848484848CC
:10F4C00048484848484848487F5C5CADADADADAD64
:10F4D000ADADADADADADADADAD7FAD280D11112A6A
:10F4E0002B3248A2485CB0DDDDFE146C85168ABA6A
:10F4F000CEDB29063F0000000000AFAF29298D5B5D
:10F500006C59163C21610202855B5BE8B78A971B48
:10F510009B15A515EBEBB697FB54FB4691B42F3426
:10F5200030B37337B3988866382595166C576C6C72
:10F5300016BA94AFAFDFAFDF00000000000000009C
:10F5400000000000000000000000000000000000BB
:10F5500000000000000000000000000000000000AB
:10F56000000000000000000000000000000000009B
:10F57000000000000000000000000000000000008B
:10F58000000000000000000000000000000000007B
:10F59000000000000000000000000000000000006B
:10F5A000000000000000000000000000000000005B
:10F5B000000000000000000000000000000000004B
:10F5C000000000000000000000000000000000003B
:10F5D000000000076E0A3F290A8A5B5B3C511C2B26
:10F5E0005C5C5C5C4848484848484848484848484B
:10F5F00048484848A2DDDDDDDDDD01010101487F2D
:10F6000032B0E48D8D25B2258D6534301F371DE075
:10F61000D9B8B8B8B81A1A1A1A1A9E9E8282F5F585
:10F62000F8F8D71010C3A8A8BF3535D9D9D9D91043
:10F63000D808C7DB9234956C576C163C139BEBF1E2
:10F64000F190909090A24848484848484848484817
:10F65000484848484848484848484848484848482A
:10F66000487F5C5CADADADADADADADADADADADADFF
:10F67000ADAD4832AD8F4B114BA12B5C5C5C5CDDBA
:10F68000B0B047975921168A0A923FDB0600000066
:10F69000000000AFAFAF29BA5B6C595959E8E8E8F0
:10F6A0008585212185E85454FBC84C2BA5A5284706
:10F6B00095FB54FB4691B4769C557373D7C3B398AE
:10F6C000EC271695166C6C6C958A0A4FAFAF4FDF1E
:10F6D000AF0000000000000000000000000000007B
:10F6E000000000000000000000000000000000001A
:10F6F000000000000000000000000000000000000A
:10F7000000000000000000000000000000000000F9
:10F7100000000000000000000000000000000000E9
:10F7200000000000000000000000000000000000D9
:10F7300000000000000000000000000000000000C9
:10F7400000000000000000000000000000000000B9
:10F7500000000000000000000000000000000000A9
:10F760000000000000000000000000190707953F9E
:10F7700029348A5B3C971B012B5C5C5C5C484848E5
:10F7800048484848484848484848484848A2DDDD75
:10F79000DDDDDD01010101485C902B148D8D25B26A
:10F7A000258D654666EC1D4A82B8B8B8B8B81A1AF5
:10F7B0001A1A1A9E9E828282F533F874BFBFBFBFA9
:10F7C00035350303B8B8B8D910D8086FDB92349533
:10F7D0006C6C6C95E45EEBF190EF4848486A6A48BF
:10F7E0004848484848484848484848484848484899
:10F7F000484848484848484848487F5C5CADADADFB
:10F80000ADADADADADADADADADADADAD7F7FB02806
:10F810000D114B2A2B2B5C485CB09B6857022116BC
:10F820000A65AF659200000000000000AFAFAF298D
:10F83000BA5B216C6C020202858521216C6C6CE83C
:10F84000E854546CDC4CB05E38B2B281FB4691B4E3
:10F8500076BD5D73A8BFA810F41F248E2595166C85
:10F86000958E34CE0A16AFAFAF0000000000000046
:10F870000000000000000000000000000000000088
:10F880000000000000000000000000000000000078
:10F890000000000000000000000000000000000068
:10F8A0000000000000000000000000000000000058
:10F8B0000000000000000000000000000000000048
:10F8C0000000000000000000000000000000000038
:10F8D0000000000000000000000000000000000028
:10F8E0000000000000000000000000000000000018
:10F8F0000000000000000000000000000000000008
:10F90000000000006E526E0A29298E8ABA3C449685
:10F91000322B5C5C5C5C484848484848484848484A
:10F9200048484848484848DDDDDDDDDD010101018A
:10F9300048ADEB15CA8D4625B2258D65466F881DED
:10F940004A82B8B8B8B8B8B8B8B8B8B8B89E828261
:10F950008235358282F5F5D933DE036B1AB8B8B833
:10F96000D910D8086FDB9234956C6C1695FFB0F106
:10F97000F15CB0DDB0DD486A48484848484848482E
:10F9800048484848484848484848484848484848F7
:10F990004848487F5C5CADADADADADADADADADAD96
:10F9A000ADADADADADA2A2ADAD8F0D1111A12B5C72
:10F9B00048DDB06DC8020221953492DB92CE000082
:10F9C0000000000000AFAFAF92BA16212185856C10
:10F9D0006C21213B21573C2121853C595454E8445A
:10F9E000FF59B75BE7B746912F2FE210E04A358207
:10F9F00010F4F4790A8E9516958E34291629CE4F77
:10FA000000000000000000000000000000000000F6
:10FA100000000000000000000000000000000000E6
:10FA200000000000000000000000000000000000D6
:10FA300000000000000000000000000000000000C6
:10FA400000000000000000000000000000000000B6
:10FA500000000000000000000000000000000000A6
:10FA60000000000000000000000000000000000096
:10FA70000000000000000000000000000000000086
:10FA80000000000000000000000000000000000076
:10FA90000000000000000000000000000007070C4C
:10FAA0002929348ABA166C146D6AAD5C7F7F7F4851
:10FAB00048484848484848484848484848484848C6
:10FAC0007F7F0101010101010148EFEB151340D4D3
:10FAD000FBB2258D8D64E245F94A866B6B6B6B6BCF
:10FAE0006B6B6B6B6B6B0303030303030303030376
:10FAF000030303030303B8B835D9105D7D18AF17AE
:10FB0000CE8A166C61B2975EF1EB5C7F484848483C
:10FB10004848484848484848484848484848484865
:10FB20004848484848484848484848487F5C5C5CE2
:10FB30005C5CADADADADADADADADADADADADAD7FC5
:10FB40005C5C7F8F0D114BA1B0B0DD9BCA0C215BBB
:10FB50005BBA4FDFCECE5300000000000000AFAF15
:10FB6000AF92BA16576C5757575757BBBBBB3B3B67
:10FB700085858580E8E8E8E8B781818181958146BF
:10FB800064AFCFA0C3A8F5B8B839D7F4750A2595E6
:10FB900095813434349A34000000000000000000E5
:10FBA0000000000000000000000000000000000055
:10FBB0000000000000000000000000000000000045
:10FBC0000000000000000000000000000000000035
:10FBD0000000000000000000000000000000000025
:10FBE0000000000000000000000000000000000015
:10FBF0000000000000000000000000000000000005
:10FC000000000000000000000000000000000000F4
:10FC100000000000000000000000000000000000E4
:10FC200000000000000000000000000000000000D4
:10FC300000000000000007526C292934955B1697DC
:10FC4000A9FE6AAD5C7F01014848484848484848D9
:10FC50004848484848484848487F7F010101010119
:10FC6000010148EFEB15FE5FD4FBB2258D8D657267
:10FC700088F9A88203036B6B6B6B6B6B6B6B6B030D
:10FC8000030303030303036B6B030303030303B8BF
:10FC9000B835D9105D7DA0AF17CE8A166C61B23C25
:10FCA0005EA5EB5C7F484848484848484848484873
:10FCB00048484848484848484848484848484848C4
:10FCC00048484848487F5C5C5C5C5CADADADADAD20
:10FCD000ADADADADADADADAD7F5C5CDDB0B04D11EA
:10FCE0004BA1B0ADB668975B5BBA944FAF0C0C53A9
:10FCF00000000000000000929229928D165757577D
:10FD000057575757BBBB573B85858585E8E8E8E8DB
:10FD1000E8619595958181343492DFCF31C339F50F
:10FD20001A6BD9D7F4750A2581818E9A29649A00B5
:10FD300000000000000000000000000000000000C3
:10FD400000000000000000000000000000000000B3
:10FD500000000000000000000000000000000000A3
:10FD60000000000000000000000000000000000093
:10FD70000000000000000000000000000000000083
:10FD80000000000000000000000000000000000073
:10FD90000000000000000000000000000000000063
:10FDA0000000000000000000000000000000000053
:10FDB0000000000000000000000000000000000043
:10FDC000000000000000000000000000000000072C
:10FDD0000C3429298E955B1697511CEFAD7F7F4817
:10FDE0004848484848484848484848484848484893
:10FDF00048487F7F010101484848487FADEB159B8B
:10FE0000FFD4FBB2252565176E7AF9A84AB8036BB3
:10FE10006B6B6B6B6B6B6B6B030303030303030372
:10FE200003030303030303033535D9BF105D7DD1FD
:10FE30009217CE8A166C61613CB6A5EB5C7F484890
:10FE40004848484848484848484848484848484832
:10FE500048484848484848484848484848487F5CD7
:10FE60005C5C5C5CADADADADADADADADADADADAD06
:10FE7000ADAD7F7FB0DDAD8F4D4B4B60B0FE14213B
:10FE80005B16BA94AF945353530000000000000077
:10FE90003F9229928D165757575757575757BB5769
:10FEA0002121858585E8E8E8E8E86159599581814F
:10FEB00034642FB95810C3F5B81A6BD9D737750AFF
:10FEC0002581818E29B43464000000000000000008
:10FED0000000000000000000000000000000000022
:10FEE0000000000000000000000000000000000012
:10FEF0000000000000000000000000000000000002
:10FF000000000000000000000000000000000000F1
:10FF100000000000000000000000000000000000E1
:10FF200000000000000000000000000000000000D1
:10FF300000000000000000000000000000000000C1
:10FF400000000000000000000000000000000000B1
:10FF500000000000000000000000000000000000A1
:10FF600000000000000000006E6C2929348E955BB3
:10FF70006C441B9B5CAD7F7F7F7F48484848484866
:10FF800048484848484848484848487F7F01010158
:10FF90007F7F7F7F5CADEBA5B0E4D425B2B2256551
:10FFA00017AB7A7D1D4AB86B6B03036B6B6B030356
:10FFB0000303030303030303030303030303030311
:10FFC00003D9D9D9BF745D7DBC2917CE8A6C576C13
:10FFD000613C77A5EB5C7F4848484848484848481A
:10FFE0004848484848484848484848484848484891
:10FFF000484848484848487F5C5C5C5C5C5C5C5CAA
:100000005C5CADADADADADADADADADADADB05C7F3E
:10001000B05E4D110D8F13C85BBABA9494AF5253B2
:10002000535300000000000000002965928D165710
:100030005757575757575757572121856161E8E858
:10004000E8E861B2595995958ECEB4DBB979F939A2
:10005000F59E1A6BD9BF37AA0A25818134B43F9A1D
:10006000640000000000000000000000000000002C
:100070000000000000000000000000000000000080
:100080000000000000000000000000000000000070
:100090000000000000000000000000000000000060
:1000A0000000000000000000000000000000000050
:1000B0000000000000000000000000000000000040
:1000C0000000000000000000000000000000000030
:1000D0000000000000000000000000000000000020
:1000E0000000000000000000000000000000000010
:1000F0000000000000000000000000000000000000
:1001000000CE0ADB29348A16215714962E5CAD7F67
:100110007F7F7F48484848484848484848484848BA
:10012000484848487F7F0101017F7F7F7F5CADEBBE
:10013000A52BE4FB25B2B225651780D0EC1D4AB88B
:100140006B6B03036B6B6B03030303030303030377
:1001500003030303030303030303D9D9D9BF745D66
:100160007D242917CE8A6C576C611677EBEB5C7F88
:1001700048484848484848484848484848484848FF
:1001800048484848484848484848484848484848EF
:100190007F5C5C5C5C5C5C5C5C5C5CADADADADADE7
:1001A000ADADADADADAD48A2B0B0B08F2ADA6777D6
:1001B000C85BBA949292AF0C532600000000000076
:1001C000000000659492658A6C57575757575757E8
:1001D0005757215B61B2B2B2B2B2B2B2B281818181
:1001E0008E34CF3F2F585D1DF5F59E1A6BD9BF3762
:1001F000AA8A25818134B43F0E3F00000000000030
:1002000000000000000000000000000000000000EE
:1002100000000000000000000000000000000000DE
:1002200000000000000000000000000000000000CE
:1002300000000000000000000000000000000000BE
:1002400000000000000000000000000000000000AE
:10025000000000000000000000000000000000009E
:10026000000000000000000000000000000000008E
:10027000000000000000000000000000000000007E
:10028000000000000000000000000000000000006E
:10029000000000000000000000002992063FCE8A06
:1002A000161697A9FE01327F01010101010101012A
:1002B0000101DDDDDDDDDDDDDDDD484848484848A4
:1002C00048487F7F48017F32EB152BC6D4348E25FA
:1002D0008D6591E8B588C3BF82828282826B0303F9
:1002E0000303033535353535353535353535353554
:1002F000353535353535BF74F91F240E64CED259E6
:100300006C59B7164CA5EBEF484848484848484850
:100310004848485C48485CEFEFEFEFEF48484848F2
:100320004848484848484848487F5C5C5C5C5C5C9E
:100330005C5C5C5C5C5C5C5C5C5C5C5C5C5C5CDD7C
:10034000A2A2A2DD5C2BA14D675ABA949292DBCE99
:10035000E526000000000000000000000C97924F0E
:1003600094BA5B5B21575757579C6C16218ACEF77E
:10037000F7FBFB253446FBFB4691B46476B9185D68
:10038000D7D9B86B1A6B3574F9990A252525343FEE
:1003900076B4DB0000000000000000000000000058
:1003A000000000000000000000000000000000004D
:1003B000000000000000000000000000000000003D
:1003C000000000000000000000000000000000002D
:1003D000000000000000000000000000000000001D
:1003E000000000000000000000000000000000000D
:1003F00000000000000000000000000000000000FD
:1004000000000000000000000000000000000000EC
:1004100000000000000000000000000000000000DC
:1004200000000000000000000000000000000000CC
:100430000000000692063F0AE79C9C9751FA019043
:100440007F01010101010101010101DDDDDDDDDDD2
:10045000DDDDDD48484848484848487F7F48017FFF
:1004600032EB152B14D4348E258E6565B76645C3E3
:10047000BF8282828282030303030303353535354D
:10048000353535353535353535353535353535BF92
:1004900074F91F790E64CED2E76C5995164CA5EB12
:1004A000EF48484848484848484848485C4848EF6A
:1004B000EFEFEFEFEF484848484848484848484879
:1004C00048487F5C5C5C5C5C5C5C5C5C5C5C5C5C71
:1004D0005C5C5C5C5C5C5C5CA2A2A2A2A2A2DD9BF8
:1004E0005E9DE9D594DBDFDBBB2600000000000049
:1004F00000000000000C9794AF4F5FBA163C6C9C54
:100500009C9C9C16160C8BA3BD029A646464656562
:10051000652929AF76B958DED71D35B86B1A1A860A
:1005200074F9B1E7252525343F763FDB0000000054
:1005300000000000000000000000000000000000BB
:1005400000000000000000000000000000000000AB
:10055000000000000000000000000000000000009B
:10056000000000000000000000000000000000008B
:10057000000000000000000000000000000000007B
:10058000000000000000000000000000000000006B
:10059000000000000000000000000000000000005B
:1005A000000000000000000000000000000000004B
:1005B000000000000000000000000000000000003B
:1005C000000000000000000000000000064F0629A7
:1005D0000A166C57971B9B7F6A7F0101010101017D
:1005E00001010101DDDDDDDDDDDDDDDD48484848FF
:1005F000484848487F7F7F7F7F90EF2B2BA991341D
:100600008E258E6565FB3E45B339828282828203E8
:100610000303030303353535353535353535353584
:100620003535353535353535BF74F9D80F0E64CECF
:10063000D2E76C5995164CA5EBEF48484848484816
:1006400048484848485C4848EFEFEFEFEFEF48482C
:1006500048484848484848484848487F5C5C5C5C93
:100660005C5C5C5C5C5C5C5C5C5C5C5C5C5C5C5CCA
:100670005CA2A2A2A2A2A22EFA47C756560CDB7613
:10068000AFD50000000000000000000000000C9446
:10069000974FAF940A5F3C9C6C6C6C1616E7380F52
:1006A0001FB166FCD2B4929292DBDBAFAF3D58B57E
:1006B0005D1DA8036B6B1A1A8274D7F89C2525253B
:1006C000343F763F7600000000000000000000008C
:1006D000000000000000000000000000000000001A
:1006E000000000000000000000000000000000000A
:1006F00000000000000000000000000000000000FA
:1007000000000000000000000000000000000000E9
:1007100000000000000000000000000000000000D9
:1007200000000000000000000000000000000000C9
:1007300000000000000000000000000000000000B9
:1007400000000000000000000000000000000000A9
:100750000000000000000000000000000000000099
:100760000000000000AF2906290A166C5744962E97
:100770007F6A4801010101484848010101DDDDDDD2
:10078000DDDDDDDDDDDDDDDDDDDD4848487F7F7F72
:10079000017FEFAD2BEB518D658E258E6529915A2A
:1007A00093F4F5F582828282B8030303030335359F
:1007B00035353535353535353535353535353535E9
:1007C0003535BF10D8AA0E640AD2E76C5995164C7D
:1007D00015A5EFEF48484848484848484848484821
:1007E00048EFEFEFEFEFEF4848484848484848489F
:1007F000484848487F5C5C5C5C5C5C5C5C5C5C5C66
:100800005C5C5C5C5C5C5C5C5C5CA2A2A2A2A22EF8
:100810001CFE68BB229D566CDB920C0000000000A1
:1008200000000000000000000A940AAFAF945F5F70
:100830008A166C16168A8A9C24E1EC8808F01E9CA5
:10084000922F2F2FDB297B0F5D10A882B86B6B6B6B
:100850006B8674D7D741252525343F763F76000037
:100860000000000000000000000000000000000088
:100870000000000000000000000000000000000078
:100880000000000000000000000000000000000068
:100890000000000000000000000000000000000058
:1008A0000000000000000000000000000000000048
:1008B0000000000000000000000000000000000038
:1008C0000000000000000000000000000000000028
:1008D0000000000000000000000000000000000018
:1008E0000000000000000000000000000000000008
:1008F00000000000000000000000000000000629C9
:10090000AF298A166C57146D013248480101010164
:10091000010101010101DDDDDDDDDDDDDDDDDDDD2F
:10092000DDDDDD4848487F7F7F017FEF2B2BEB1B10
:1009300094658E258E6529912293B3A8F5828282D3
:1009400082B8030303030335353535353535353581
:100950003535353535353535353535BF10D8319ADE
:1009600064CED2E76C59951613A5A5EFEF48484819
:1009700048484848484848484848EFEFEFEFEFEF0D
:10098000484848484848484848484848487F5C5C88
:100990005C5C5C5C5C5C5C5C5C5C5C5C5C5C5C5C97
:1009A0005C5C5CA2A2A2A2A22E1C96525961718C20
:1009B00063296C53000000000000000000000000EC
:1009C0000000944F5F4F5F3C5F8A1616168A8ABA02
:1009D000956FECECECEC0855316FA7A4A4A73E335F
:1009E0005D5D74BF82031A6B6B6B8674D7D7072566
:1009F0002525343F763F060000000000000000007F
:100A000000000000000000000000000000000000E6
:100A100000000000000000000000000000000000D6
:100A200000000000000000000000000000000000C6
:100A300000000000000000000000000000000000B6
:100A400000000000000000000000000000000000A6
:100A50000000000000000000000000000000000096
:100A60000000000000000000000000000000000086
:100A70000000000000000000000000000000000076
:100A80000000000000000000000000000000000066
:100A900000000000000000AF06AFCE8A169C57147D
:100AA000FE7F6A6A0101010101D6D6D6010101016A
:100AB0006A6AA2A26A6ADDDDDDDDDDDD4848487FC5
:100AC0007F7F017FEF2B2BEB9694658E258E65291A
:100AD000914E451FA8353582828203030303030329
:100AE00035353535353535353535353535353535B6
:100AF00035353535BF10D8B50E6429D2E76C59B7F6
:100B00001613A5A5EFEF48484848484848484848C4
:100B1000484848EFEFEFEFEFEF484848484848486B
:100B20004848484848487F7F7F7F7F7F5C5C5C5CAB
:100B30005C5C5C5C7F7F5C5C5C5CDDDDA2A2A2A295
:100B4000A22EFA51C8814641E9E90C0C530000007D
:100B500000000000000000000000000094944F0A14
:100B60005F0C8A0A8A168A0A8D2527ECF41FD8D8CA
:100B70007D7D7D55DE6B10D87DD774BF35036B1A34
:100B80006B6B6B8674F95DFC252525343F763F063B
:100B90000000000000000000000000000000000055
:100BA0000000000000000000000000000000000045
:100BB0000000000000000000000000000000000035
:100BC0000000000000000000000000000000000025
:100BD0000000000000000000000000000000000015
:100BE0000000000000000000000000000000000005
:100BF00000000000000000000000000000000000F5
:100C000000000000000000000000000000000000E4
:100C100000000000000000000000000000000000D4
:100C2000000000000000000000000000000000F6CE
:100C300006063FCE8A161657681C32487C01010111
:100C40000101D6D6D6D6D6D6D6D66AA2A2906A6AE0
:100C500048484848484848484848484848485C2B1D
:100C6000A56D5F34348E8E34AF6483081F1DBF358D
:100C7000B803033535353535353535353535353505
:100C800035353535353535353535353535BF10F9EB
:100C9000B1C5640ED2E70259B76C1315A52B7F4876
:100CA000484848484848484848484848484848EF1D
:100CB000EFEF484848484848484848484848484866
:100CC00048484848485C5C5C5C5C5C5C5C7F017FDD
:100CD000484848DD2EA2A2A2A2A21C6D520CBAD492
:100CE0008D5363536300000000000000000000000B
:100CF000000000000000945F5F5F95418A0ABABA65
:100D00000ACECE727A375D5D5D5D5D5D5D5D5D5D78
:100D10005DD7F8F8CCCC036B6B6B6B6B36745D5D99
:100D2000C7B2258D653F7676060000000000000002
:100D300000000000000000000000000000000000B3
:100D400000000000000000000000000000000000A3
:100D50000000000000000000000000000000000093
:100D60000000000000000000000000000000000083
:100D70000000000000000000000000000000000073
:100D80000000000000000000000000000000000063
:100D90000000000000000000000000000000000053
:100DA0000000000000000000000000000000000043
:100DB0000000000000000000000000000000000033
:100DC00000000000000000002929B93FCE8A161655
:100DD000571B1C7F487C0101010101D6D6D6D6D60F
:100DE0007C7C7C6A5CEF323290327F7F4848484896
:100DF000484848484848485C2BA56D5F34348E8E7F
:100E000034AF645955EC1DBF35B80303353535355E
:100E10003535353535353535353535353535353582
:100E2000353535353535BF10F449E7640ED2E70264
:100E300059B76C1315A52B7F48484848484848487F
:100E40004848484848484848EFEFEF48484848482D
:100E500048484848484848484848484848485C5CEA
:100E60005C5C5C5C5C5C7F017F484848DD2EA2A234
:100E7000A2A2A21C96C8BBBA1792655363000000D9
:100E80000000000000000000000000000000000062
:100E9000000000168A57CE0A0A0A29297B7A37747D
:100EA00074337474747474743333CCCCCCCC4949BB
:100EB0006B6B6B6B6B8674D7F46F5B258D653F76C0
:100EC0007676000000000000000000000000000036
:100ED0000000000000000000000000000000000012
:100EE0000000000000000000000000000000000002
:100EF00000000000000000000000000000000000F2
:100F000000000000000000000000000000000000E1
:100F100000000000000000000000000000000000D1
:100F200000000000000000000000000000000000C1
:100F300000000000000000000000000000000000B1
:100F400000000000000000000000000000000000A1
:100F50000000000000000000000000000000000091
:100F600000292906290A8A161697962E01A27C01C5
:100F700001010101D6D6D6D6D67C7C2E9B6D6D1C88
:100F8000DD32327C7FDDDD484848484848484848E3
:100F90005C2BEBFEFF34348E8E344F644630ECD73E
:100FA000BF3503B8B8030303353535353535353529
:100FB000353535353535353535353535353535BF57
:100FC00039F9CCA4640ED2E70259B76C1315EBAD16
:100FD000EF484848484848484848484848484848EA
:100FE00048EFEFEF4848484848484848484848488C
:100FF000484848484848485C5C5C5C5C5C5C5C7F9A
:10100000487F484848DD2EA2A2A2A2A21C1BC857B6
:10101000BA649292536300000000000000000000D8
:10102000000000000000000000000000570A0CCE85
:10103000CE0A0ACE2938D0F9743333DEDEDE3333FC
:10104000333333494949CC4903030303030386740B
:10105000D7F43E21B28D2906767676000000000096
:101060000000000000000000000000000000000080
:101070000000000000000000000000000000000070
:101080000000000000000000000000000000000060
:101090000000000000000000000000000000000050
:1010A0000000000000000000000000000000000040
:1010B0000000000000000000000000000000000030
:1010C0000000000000000000000000000000000020
:1010D0000000000000000000000000000000000010
:1010E0000000000000000000000000000000000000
:1010F0000000000000000000000065293F290A8A66
:10110000E71614FE7CA2A27C0101010101D6D6D60D
:10111000D6D67CD6B6C64040FF96B07C326ADDDDBE
:1011200048484848484848487FAD2BEBFAE43434F7
:101130008E8E3429179166ECD7BF35350303030330
:101140000335353535353535353535353535353581
:101150003535353503033535BF39F9CC38649AD286
:10116000E70259816C1315EB5CEF48484848484842
:1011700048484848484848484848484848484848EF
:1011800048484848484848484848484848484848DF
:101190005C5C5C5C5C5C5C5C7F7F7F484848DD2E0F
:1011A000A2A2A2A22EFA680C57BA649292DB530054
:1011B000000000000000000000000000000000002F
:1011C00000000000006C0A413429CECE4F299C312A
:1011D0005D743333DEDEDECCCCCCCCCC494949491E
:1011E00049030303030303CC74D7F4AE0CB28DB4EC
:1011F00076CD7676000000000000000000000000C0
:1012000000000000000000000000000000000000DE
:1012100000000000000000000000000000000000CE
:1012200000000000000000000000000000000000BE
:1012300000000000000000000000000000000000AE
:10124000000000000000000000000000000000009E
:10125000000000000000000000000000000000008E
:10126000000000000000000000000000000000007E
:10127000000000000000000000000000000000006E
:10128000000000000000000000000000000000005E
:1012900000000065290E290A8A8A1668FA7CA2A233
:1012A0007C0101010101D6D6D648486AFAC64F4FE3
:1012B0004F17401B2E9048484848484848484848DF
:1012C0004832AD2BEB9BE434348E8E346517173ED9
:1012D00088D8BF3535030303030335353535353538
:1012E0003535353535353535353535353503033512
:1012F00035BF39F4F858659AD2E70259816C131555
:10130000EB5CEF48484848484848484848484848FF
:10131000484848484848484848484848484848484D
:101320004848484848484848485C5C5C5C5C5C5CB1
:101330005C7F7F7F484848DD2EA2A2A2A22EFEA994
:101340000C57BA64DBDBDB53000000000000000038
:10135000000000000000000000000000000000810C
:101360000CD229CECE4F298AAE5D743333DEDEDE59
:10137000CCCCCCCCCC4949494949030303030303F2
:10138000CC741D370F0CB265B476CD76CD0000005D
:10139000000000000000000000000000000000004D
:1013A000000000000000000000000000000000003D
:1013B000000000000000000000000000000000002D
:1013C000000000000000000000000000000000001D
:1013D000000000000000000000000000000000000D
:1013E00000000000000000000000000000000000FD
:1013F00000000000000000000000000000000000ED
:1014000000000000000000000000000000000000DC
:1014100000000000000000000000000000000000CC
:101420000000000000000000000000004F2965914E
:101430000A0AB73C1B2E7F012E2E2E2E2E2E2E7C1E
:101440007CD6D67C1CC67E9465946594404C2B3229
:1014500048487F7F5C484848DDDDD65C2BEB9BC667
:101460008D8D25FB8D8D64646F88F43935B8030349
:1014700003030335353535353535353535353535B2
:1014800035CCCCCCCCCC35353535BF74F9D7589A62
:10149000CED2E7025981024715EBEFEF4848485C8E
:1014A0005C5C5C5C5C5C5C5C5C5C5C5CADADADAD38
:1014B000ADEF4848484848484848484848484848A0
:1014C000484848484848487F5C5C7F7F7F4848DD03
:1014D000DDDD2E2E7C7C1C6D1497215B6576DBDBBD
:1014E000DB00000000000000000000000000000021
:1014F0000000000000000000190C343F0E4F0E29C0
:101500000AC77DD7F8CC4949494949494949494918
:1015100049494949494949494903BF1D5D31C85BAA
:10152000343FDB76DB060000000000000000000016
:1015300000000000000000000000000000000000AB
:10154000000000000000000000000000000000009B
:10155000000000000000000000000000000000008B
:10156000000000000000000000000000000000007B
:10157000000000000000000000000000000000006B
:10158000000000000000000000000000000000005B
:10159000000000000000000000000000000000004B
:1015A000000000000000000000000000000000003B
:1015B000000000000000000000000000000000002B
:1015C00000000000004F2965910AD281976D2E011D
:1015D000012E2E2E2E2E2E2E2E7CF1902E1B404FC5
:1015E000658D8D949494A92B324848487F5C484877
:1015F00048DDDDD65CAD90B0C68D8D25FB8D8D644C
:1016000092E288F43935B8030303030335353535E1
:1016100035353535353535353535CCCCCCCCCC3587
:10162000353535BF74D8D77B9ACED2E702598102BF
:101630004715EBEFEF4848485C5C5C5C5C5C5C5CCD
:101640005C5C5C5C5CADADADADADEF484848484816
:10165000484848484848484848484848484848480A
:101660007F5C5C7F7F7F4848DDDDDD2E2ED6D61C7B
:10167000964497215B6576DB7676000000000000DB
:10168000000000000000000000000000000000005A
:10169000006EAB813F0E4F0E290AA35DD7F8CC49EF
:1016A00049494949494949494949494949494949AA
:1016B000494935BF1DD7B5DCBA0A29DB76DB760090
:1016C000000000000000000000000000000000001A
:1016D000000000000000000000000000000000000A
:1016E00000000000000000000000000000000000FA
:1016F00000000000000000000000000000000000EA
:1017000000000000000000000000000000000000D9
:1017100000000000000000000000000000000000C9
:1017200000000000000000000000000000000000B9
:1017300000000000000000000000000000000000A9
:101740000000000000000000000000000000000099
:1017500000000000000000000000000000004F65D5
:1017600065340A8E8144FE017F012E2E2E2E2E2EF0
:101770002EB090F1F1964034912525BABA8D94E4BB
:101780008FEF48487F7F5C484848DDDDA25CADEBC9
:101790005C518D8D25FB8D8D64921E88F43935B892
:1017A00003030303033535353535353535353535E3
:1017B000353535CCCCCCCCCC35353535BF74D8F9B6
:1017C0007B9ACED2E7025981024715EBEFEF4848EA
:1017D000485C5C5C5C5C5C5C5C5C5C5C5C5CADADBB
:1017E000ADADADEF484848484848484848484848A3
:1017F0004848484848484848487F5C5C7F7F7F4865
:1018000048DDDDDD2E2ED62E1C964497215B947686
:10181000DB76760000000000000000000000000001
:1018200000000000000000000000076EBBB40E4F77
:101830000E290AA7D0D7F8F84949494949494949E1
:10184000494949494949494949494935351DD733E4
:1018500043BA0A293FDB3F76000000000000000089
:101860000000000000000000000000000000000078
:101870000000000000000000000000000000000068
:101880000000000000000000000000000000000058
:101890000000000000000000000000000000000048
:1018A0000000000000000000000000000000000038
:1018B0000000000000000000000000000000000028
:1018C0000000000000000000000000000000000018
:1018D0000000000000000000000000000000000008
:1018E00000000000000000000000000000000000F8
:1018F0000000000000000065658D8E0A0A95A91C95
:101900007F5C012E2E2E2E2E2E2EA290F1FEE49123
:10191000D425BABABABA2525FFB0EFEF487F7F5C6D
:10192000DDDDDDDDDDA2DDADEB5C1B8D8D25B225C2
:1019300065929207881FD735030303353535353552
:10194000353535353535353535353535CCCCCCCCEB
:10195000CC35353535BF74F9F9A734CED2E7598186
:1019600081024715EBEFEF48484848485C5C5C5CF7
:101970005C5C5C5CADADAD5C5C5C5C5C7F484848CD
:1019800048484848484848484848484848484848D7
:101990004848487F7F7F7F7F4848DDDDDDA26A6A57
:1019A000019B1B97215BBA4F76DB76DB00000000C2
:1019B0000000000000000000000000000000000027
:1019C0000000001E6EAB9A0E4F0ECE3458B5D7D71E
:1019D000F8CC494949494949494949494949494945
:1019E00049494949D935A8D739A3BA0A29DBDB3F88
:1019F00006000000000000000000000000000000E1
:101A000000000000000000000000000000000000D6
:101A100000000000000000000000000000000000C6
:101A200000000000000000000000000000000000B6
:101A300000000000000000000000000000000000A6
:101A40000000000000000000000000000000000096
:101A50000000000000000000000000000000000086
:101A60000000000000000000000000000000000076
:101A70000000000000000000000000000000000066
:101A80000000000000000000000000000000000056
:101A900065658D8E5F8E8A519BAD7F01012E2E2E46
:101AA0002E2E2E7C7CB05194FB46BA5FBA613CB2BC
:101AB000F73CB6EBEF487F7F5CDDDDDDDDDDA2DDF1
:101AC000AD90EF968D8D25B2258D6464BD081FD72E
:101AD000350303033535353535353535353535354C
:101AE0003535353535CCCCCCCCCC35353535BF74EA
:101AF000F9D8ED9A0AD2E7598181024715EBEFEF49
:101B000048484848485C5C5C5C5C5C5C5CADADAD86
:101B10005C5C5C5C5C7F48484848484848484848AA
:101B20004848484848484848484848487F7F7F7F59
:101B30007F4848DDDDDDA26A6ADD9B5197215BBAF3
:101B40004F76DB76DB0000000000000000000000A4
:101B5000000000000000000000000000FC076E9A7A
:101B60000ECFCFCE8E0CF0D7D7F8CC494949494992
:101B7000494949494949494949494949493335A8A0
:101B80001D3927BA0A29DBDB063F000000000000F0
:101B90000000000000000000000000000000000045
:101BA0000000000000000000000000000000000035
:101BB0000000000000000000000000000000000025
:101BC0000000000000000000000000000000000015
:101BD0000000000000000000000000000000000005
:101BE00000000000000000000000000000000000F5
:101BF00000000000000000000000000000000000E5
:101C000000000000000000000000000000000000D4
:101C100000000000000000000000000000000000C4
:101C200000000000000000000065650ABABA81BA31
:101C30009601AD7F7F01D6D62E2EA2DDF1484C5FF6
:101C40008D25BABA3C5B615BB2F7BAB6EBEF484898
:101C50007F7FDDDDDDDDDDA248EFEBEFFE94654645
:101C600025258D646458087DD73503B8B8353535DA
:101C70003535353535353535353535353535868672
:101C800086868686863535BF74F9F4ED9A0AD2E7E2
:101C90005981B7E84715EBEFEF48484848487F7F40
:101CA0007F5C5C5C5C5CADADADADADADADAD7F7F83
:101CB0007F7F7F7F484848484848484848484848C8
:101CC00048484848484848484848010101DDDDA2E5
:101CD000A26A01B65197213C5F4F76DB76DB0000AC
:101CE00000000000000000000000000000000000F4
:101CF0000000000000E21E6E343FCFCFCE3438AE7D
:101D0000D7D7F886CCCC4949494949030303030393
:101D100003030303030335864A1D378BBA34CE3FD2
:101D2000923FDB9200000000000000000000000075
:101D300000000000000000000000000000000000A3
:101D40000000000000000000000000000000000093
:101D50000000000000000000000000000000000083
:101D60000000000000000000000000000000000073
:101D70000000000000000000000000000000000063
:101D80000000000000000000000000000000000053
:101D90000000000000000000000000000000000043
:101DA0000000000000000000000000000000000033
:101DB0000000000000000000000000000000000023
:101DC0000000940A0A95BA81BA96DD2BAD5C010138
:101DD000D66AA2A248F11C448D25BA5B5B5B5B5BB3
:101DE0005B5BF7BAB6EBEFEF6A6A6ADDDDDDDDDD7E
:101DF0006A6A90EB2B1C5F91FB25258D64920C7A0F
:101E000088D7BF3503033535353535353535353567
:101E1000353535353535353535353535868686862E
:101E20008674F9F4A39ACED2595981B7E84715EBD5
:101E3000AD7F7F7F7F7F7F7F7F7F5C5C5C5C5C5C56
:101E40005C5CADADADADADADADADADADAD48484893
:101E50004848484848484848484848484848484802
:101E600048484801010101016AA2A27CFA1497972F
:101E70003C5F9476B4DB64000000000000000000CA
:101E80000000000000000000000000000000E2FC74
:101E900072C506CF4FCE0A38D174744A86CCCC496D
:101EA000494949490303030303B8030303030382B6
:101EB00086F8F83718168DCE0E64CF349ACE00000F
:101EC0000000000000000000000000000000000012
:101ED0000000000000000000000000000000000002
:101EE00000000000000000000000000000000000F2
:101EF00000000000000000000000000000000000E2
:101F000000000000000000000000000000000000D1
:101F100000000000000000000000000000000000C1
:101F200000000000000000000000000000000000B1
:101F300000000000000000000000000000000000A1
:101F40000000000000000000000000000000000091
:101F500000000000000000000000004FCE0A95BA0B
:101F60002595CAB02B2B2BB0B06A7C7C7C90019657
:101F70005F25B2165B5B5B2121615BB28D77EBEF76
:101F8000EF6A6A6ADDDDDDDDDD6A6A90EB2B9B3C82
:101F900034FBB2258D64929C558810BF3503033500
:101FA00035353535353535353535353535353535E1
:101FB0003535353535868686868674F9F4A39ACE0E
:101FC000D2595981B7E84715EBAD7F7F7F7F7F7F7F
:101FD0007F7F7F5C5C5C5C5C5C5C5CADADADADAD43
:101FE000ADADADADADAD4848484848484848484813
:101FF000484848484848484848484848010101017D
:1020000001D6A2A2D6FE143C3C3C5F947634B43494
:1020100000000000000000000000000000000000C0
:1020200000000000000000E2E21ED206CF0ECED279
:1020300038C774744A86CCCC4949494949030303DB
:102040000303B803030303038282F8F837D1218D19
:10205000CECE64CF063B34FB000000000000000041
:102060000000000000000000000000000000000070
:102070000000000000000000000000000000000060
:102080000000000000000000000000000000000050
:102090000000000000000000000000000000000040
:1020A0000000000000000000000000000000000030
:1020B0000000000000000000000000000000000020
:1020C0000000000000000000000000000000000010
:1020D0000000000000000000000000000000000000
:1020E00000000000000000000000000000000000F0
:1020F000000000004F4F0ABA5F956144FAEFEBEB26
:102100003232AD90F1F13277E45FB2B25B5B5B21CA
:10211000212161B2FB8DFEEBEBEF486A6ADDDDDD6C
:10212000DDDD6A6A90EB2BB09734FBB2B28E64921D
:102130008A308810BF3503033535353535353535AB
:10214000353535353535353535353535353586869D
:102150008686F874F9F4789ACED25902B7B7E84770
:1021600015EBAD7F7F7F7F7F7F7F7F7F7F7F7F7F4F
:102170007F5C5C5C7F7F7F7F7F7F7F7F7F7F7F480F
:1021800048484848484848484848484848484848CF
:1021900048484848487F7F4801017CA2A2D6FE14E7
:1021A0003C3C3C5F947695653400000000000000E4
:1021B000000000000000000000000000000000001F
:1021C000FCE2EAD206060E348A9CFC33D78686CC23
:1021D000CC4949494949030303B8B8B80303030389
:1021E0000382824AF8D7243C8D29CE64CF298534D6
:1021F000810000000000000000000000000000005E
:1022000000000000000000000000000000000000CE
:1022100000000000000000000000000000000000BE
:1022200000000000000000000000000000000000AE
:10223000000000000000000000000000000000009E
:10224000000000000000000000000000000000008E
:10225000000000000000000000000000000000007E
:10226000000000000000000000000000000000006E
:10227000000000000000000000000000000000005E
:1022800000000000000000000000000000AFAF945C
:10229000BA5F16B75FC6969BADEBF1AD32F17FB674
:1022A000140A2595165B5B212121210295FB8D4C9B
:1022B000EBEBEF6A6A6ADDDDDDDDDD6A6A90EB2B50
:1022C0002B4434FBB2B28E6592CEF088F9393503D7
:1022D00003353535353535353535353535353535E0
:1022E0003535353535353586868686F874F9F427E3
:1022F0009ACED2590259B7E84715EBADEF7F7F7FF1
:102300007F7F7F7F7F7F7F7F7F7F7F5C5C7F7F7F23
:102310007F7F7F7F7F7F7F7F484848484848484885
:1023200048484848484848484848484848487F7FBF
:102330004801017CA2DD014CC83C3C3C5F94DB853C
:102340006595000000000000000000000000000093
:10235000000000000000000000E2E2E20C06CF0EE8
:102360008E959C72B1D786F8CCCC4949494949032E
:1023700003030303030303030303B8B8351DD7792D
:10238000BB8DCECE910E2902FBB7000000000000ED
:10239000000000000000000000000000000000003D
:1023A000000000000000000000000000000000002D
:1023B000000000000000000000000000000000001D
:1023C000000000000000000000000000000000000D
:1023D00000000000000000000000000000000000FD
:1023E00000000000000000000000000000000000ED
:1023F00000000000000000000000000000000000DD
:1024000000000000000000000000000000000000CC
:1024100000000000000000000000000000000000BC
:10242000000000000000AFAF4F945FBAE8BA340A72
:10243000E41BFA010190329B1B8A81B7B25B5B5BA4
:10244000212121210295FB6513EBEBEF6A6A6ADD1E
:10245000DDDDDDDD6A6A90EB2B8FC846FBB2B2256D
:1024600065920E7945D8393503033535353535351F
:10247000353535353535353535353535353535350C
:1024800086868686F874F91F8B34CED2590259B7E6
:10249000E84715EBADEF7F7F7F7F7F7F7F7F7F7F7B
:1024A0007F7F7F7F5C5C7F7F7F7F7F7F7F7F7F7F82
:1024B0007F48484848484848484848484848484865
:1024C000484848484848487F7F4801017CA2DD01D0
:1024D00013C83C3C3C5F94DB3B956C000000000063
:1024E00000000000000000000000000000000000EC
:1024F000000000E2E2BDE706298E959CA70FD78673
:10250000F8CCCC49494949490303030303030303B6
:10251000030303B8B8F51DD70F0C8DCE0A91CE2951
:1025200061FB8100000000000000000000000000CE
:10253000000000000000000000000000000000009B
:10254000000000000000000000000000000000008B
:10255000000000000000000000000000000000007B
:10256000000000000000000000000000000000006B
:10257000000000000000000000000000000000005B
:10258000000000000000000000000000000000004B
:10259000000000000000000000000000000000003B
:1025A000000000000000000000000000000000002B
:1025B000000000000000000000000000000000AF6C
:1025C000DF4F94948A8A8AD20A0ACE16076DFAFAE5
:1025D000CA5F9595165B2121212121212161B2FB42
:1025E000911B15EB90486ADDDDDDDDDDDDDDDD48CD
:1025F000EFEB15A925468AB2B265DBB43E45D8BFDC
:1026000035030335353535353535353535353535DE
:102610003535353535353535358686868686D7F96F
:102620001F8BC546D28159B7B7E8CA15EBAD327FCB
:102630007F4801017F7F7F7F7F7F7F7F7F7F7F7FDD
:102640007F7F7F7F7F7F7F7F7F7F7F7F486A6A4832
:1026500048484848484848484848484848484848FA
:102660000101010101A2DD5CA247C83C3C3C5F9432
:1026700092C8850C0000000000000000000000006F
:1026800000000000000000000000000000E2E24145
:102690003F298A165719AE104AF833030303030380
:1026A000030303030303030303030303B8B8D93984
:1026B0001031BD46CE0A0ACE9AFB0281000000000E
:1026C000000000000000000000000000000000000A
:1026D00000000000000000000000000000000000FA
:1026E00000000000000000000000000000000000EA
:1026F00000000000000000000000000000000000DA
:1027000000000000000000000000000000000000C9
:1027100000000000000000000000000000000000B9
:1027200000000000000000000000000000000000A9
:102730000000000000000000000000000000000099
:102740000000000000000000000000000000000089
:102750000000000000000000AFDFDFAF4FCE0A8AAC
:10276000D2D20A0A0A8A3C4444BA5495165B5B21C9
:1027700021212121212161B2FB915115EB90482E9D
:102780002EDDDDDDDDDDDDDD48EFEB155125468A93
:10279000B2B234922F6F451F3935030335353535C5
:1027A00035353535353535353535353535353535D9
:1027B00035358686868686D7F9EC18C546D2815986
:1027C000B7FBB7CA15EBAD327F7F4801017F7F7F32
:1027D0007F7F7F7F7F7F7F7F7F7F7F7F7F7F7F7F09
:1027E0007F7F7F7F7F486A6A484848484848484812
:1027F0004848484848484848480101010101A2DDCD
:102800005C9B47C83C3C3C5F9492193BC80000006D
:1028100000000000000000000000000000000000B8
:10282000000000000000E2E7419A298A1657416F34
:1028300010A8F83303030303030303030303030391
:102840000303030303B8B8D93910B5A7460A0A8EA3
:10285000CE9AD49AD40000000000000000000000CE
:102860000000000000000000000000000000000068
:102870000000000000000000000000000000000058
:102880000000000000000000000000000000000048
:102890000000000000000000000000000000000038
:1028A0000000000000000000000000000000000028
:1028B0000000000000000000000000000000000018
:1028C0000000000000000000000000000000000008
:1028D00000000000000000000000000000000000F8
:1028E00000000000000000000000000000000000E8
:1028F00000DFAFDFDFAF4FCE0A8A8A0A8A8A8A54A6
:10290000818AB7546C6C6C21212121212121216104
:102910005BFB91A9EBEB906A2E2EDDDDDD01DDDDA9
:10292000DD48EFEB155125468AB2B20A922FE245F7
:102930001FD735B80335353535353535353535356A
:1029400035353535353535353535358686868686A2
:10295000BFF9ECA0C5913481B781FB54CA15EBAD2A
:10296000327F7F4801017F7F7F7F7F7F7F7F7F7FF7
:102970007F7F7F7F7F7F7F7F7F7F7F7F7F48016A31
:102980006A484848484848484848484848484848A5
:1029900048480101010101A2DD5C9BCA973C3C3C17
:1029A0005F94941941C8000000000000000000007E
:1029B0000000000000000000000000000000000017
:1029C000E241D2298A16570CE233A8F8DE0303034A
:1029D0000303030303030303030303030303B8B85D
:1029E000D93910D943460A8A8ACE9A1717D40000DB
:1029F00000000000000000000000000000000000D7
:102A000000000000000000000000000000000000C6
:102A100000000000000000000000000000000000B6
:102A200000000000000000000000000000000000A6
:102A30000000000000000000000000000000000096
:102A40000000000000000000000000000000000086
:102A50000000000000000000000000000000000076
:102A60000000000000000000000000000000000066
:102A70000000000000000000000000000000000056
:102A800000000000000000000000DFDF4FDFAFAFFC
:102A9000AF4F0A0A8A8A8A8A8A8A8ABA3C57575763
:102AA00021212121212121218561FB91C6EBEB9080
:102AB0006A2E2EDDDD012EDDDD2EA248EB151BBAC0
:102AC000FB8E16B20A922F1E88ECD7BF0303353552
:102AD00035353535353535353535353535353535A6
:102AE000353535358686868686BFF9ECBCC54634D5
:102AF00081B781FB546815EBAD327F7F480101013E
:102B0000010101010101010101017F7F7F7F7F013F
:102B10007F7FEF327F486AD66A6A6A6A6A484848A5
:102B20004848484848484848484848010101010188
:102B3000A2DD5C9BCA973C3C3C5F94941919190038
:102B40000000000000000000000000000000000085
:102B5000000000000000000000E7D234298A165768
:102B60000CFCDE1DF8CC8203030303030303030301
:102B700003030303030303B8B8D9BF1039A3340A0E
:102B80008A950A9A919191000000000000000000CF
:102B90000000000000000000000000000000000035
:102BA0000000000000000000000000000000000025
:102BB0000000000000000000000000000000000015
:102BC0000000000000000000000000000000000005
:102BD00000000000000000000000000000000000F5
:102BE00000000000000000000000000000000000E5
:102BF00000000000000000000000000000000000D5
:102C000000000000000000000000000000000000C4
:102C100000000000000000000000000000000000B4
:102C200000000000DF06DFAF4F4F4F4F9494BABA59
:102C3000BABA8AE76C215757572121212121212136
:102C4000218561FB46FFEFEB906A2E2EDDDD012E24
:102C5000DDDD2EA26AEFEB1BBAFB2516950A922F3B
:102C60004E08EC10BF030335353535353535353570
:102C70003535353535353535353535353586868611
:102C80008686BFF9EC24C5463481B781FBFB681505
:102C9000EBAD327F7F48010101010101010101011A
:102CA0000101017F7F7F7F7F017FEFEFEB7F7F7FE0
:102CB0006A6A6A6A6A6A48484848484848484848C8
:102CC000484848480101010101A2DD5C9BCA973CCC
:102CD0003C3C5F9494521919000000000000000071
:102CE00000000000000000000000000000000000E4
:102CF000000059029ACE8A16570C72311DF80382D1
:102D00000303030303030303030303030303030393
:102D1000B8B8D9BF393927CE0A8A950A9A179A9135
:102D200000000000000000000000000000000000A3
:102D30000000000000000000000000000000000093
:102D40000000000000000000000000000000000083
:102D50000000000000000000000000000000000073
:102D60000000000000000000000000000000000063
:102D70000000000000000000000000000000000053
:102D80000000000000000000000000000000000043
:102D90000000000000000000000000000000000033
:102DA0000000000000000000000000000000000023
:102DB0000000000000000000000000000000AFAFB5
:102DC000AFAF4FCE4F4F940A8A16161659022157AD
:102DD0005757572121212121212121615446FFB03C
:102DE000EB90906ADDDDDD012EDDDDA24848EFEBE2
:102DF00096BA549516950A292F830888D7F5820329
:102E00003535353535353535353535353535353572
:102E10003535353535353535353535D7F9EC0FC5DB
:102E2000463481B781FB546815EB323248480101C2
:102E300001010101010101010101010101016A6AB0
:102E40007F32321C6DFE0132326A01D66A010148BE
:102E50006A6A6A6A6A6A6A6A6A6A6A6A6A6A6A013B
:102E6000D6D6A2B0AD9BCA973C3C3C5F949419194E
:102E70001900000000000000000000000000000039
:102E80000000000000000000000000598081298A35
:102E90005957BBED0F1DF886B80303030303030363
:102EA000030303030303030303B8B8D9BF10398B2B
:102EB0000A0A8A950A29B417B4000000000000002D
:102EC0000000000000000000000000000000000002
:102ED00000000000000000000000000000000000F2
:102EE00000000000000000000000000000000000E2
:102EF00000000000000000000000000000000000D2
:102F000000000000000000000000000000000000C1
:102F100000000000000000000000000000000000B1
:102F200000000000000000000000000000000000A1
:102F30000000000000000000000000000000000091
:102F40000000000000000000000000000000000081
:102F500000000000000000000000004F4F4F0A4F2B
:102F6000CE0A8A8A169C6C575757575757572121B4
:102F700021212121E8542540B615A5327FB0DD2E50
:102F80002EDDDDDDDD4848EF156DBA549516618AFA
:102F9000292F8A5588C3A8823535353535353535DD
:102FA00035353535353535353535353535353535D1
:102FB00035353535D7F9EC31D2463481B781FB54FC
:102FC000A915A532906A6A6A6A6A7F7F7F7F7F014E
:102FD000010101010101017C90327FFEFF4040A907
:102FE0009B7F32326A017F0101DDDD6A6A6A6A6AAB
:102FF0006ADDDDDDDDDD6A6AD6D6D6A2B05C1CCA2C
:10300000973C3C3C5F9494191919000000000000A3
:1030100000000000000000000000000000000000B0
:10302000000000008080020E81E70257A779F84A6D
:1030300086350303030303030303030303030303AB
:103040000303B8B8D9BF39391881BA8A168ACEB401
:103050009A2F0000000000000000000000000000A7
:103060000000000000000000000000000000000060
:103070000000000000000000000000000000000050
:103080000000000000000000000000000000000040
:103090000000000000000000000000000000000030
:1030A0000000000000000000000000000000000020
:1030B0000000000000000000000000000000000010
:1030C0000000000000000000000000000000000000
:1030D00000000000000000000000000000000000F0
:1030E00000000000000000000000000000000000E0
:1030F00000000000004F29944F29CE0A8A169C6CCC
:103100005757575757575721212121212185E82506
:103110005F1315A5A532ADDDDD01DDDD016A489047
:10312000EBEB6DBA5495166C8A292F34B545F9A886
:1031300082353535353535353535353535353535F2
:1031400035353535353535353535353535D7F91FDF
:10315000DE9C463481B781FBD4A915A532906A6AFA
:103160006A6A6A7F7F7F7F7F010101010101DD6A59
:10317000F1F1AD4C5F2964654F44FA32F17F017F74
:103180000101DDDD6A6A6A6A6A6ADDDDDDDDDDDDD9
:10319000DD2E2E2E2EB0DD1CCA973C3C3C5F946584
:1031A00019191900000000000000000000000000D4
:1031B0000000000000000000000000000004AB80E0
:1031C0009AD2815957BD3E334A8635030303030320
:1031D0000303030303030303030303B8B8D9D93973
:1031E00039A095BA8A168ACEB4B42F000000000028
:1031F00000000000000000000000000000000000CF
:1032000000000000000000000000000000000000BE
:1032100000000000000000000000000000000000AE
:10322000000000000000000000000000000000009E
:10323000000000000000000000000000000000008E
:10324000000000000000000000000000000000007E
:10325000000000000000000000000000000000006E
:10326000000000000000000000000000000000005E
:10327000000000000000000000000000000000004E
:10328000000000000000000000000000000000003E
:103290004F298AAF948A169C6C57576C6C6C6C6C77
:1032A00021212121218585E8B2BAC6B0EBA5A590E0
:1032B000EFEFEF486A48489090EBEB6D5F54956CE8
:1032C0006C8ACE2F0EAE45D8A88203030303353592
:1032D000353535353535353535353535353535359E
:1032E000353535350335BFD71F55386534D2818123
:1032F000FBD4142BA532906AD6D6D6D60101010193
:1033000001010101D62E01DD32F1321CE44F299179
:103310009A6591E41C90AD7F010101DDDD6A6A6A66
:103320006A6A6ADDDDDDDDDDDDDDDDDDDDA2B0DD8E
:103330001CCA973C3C5F5F94941919AB00000000D5
:10334000000000000000000000000000000000007D
:1033500000000000000004AB809A46B75902BD6F20
:1033600033F83535030303030303030303030303A4
:1033700003030303B8B8D9D9BF39BC6CBA8A168A1B
:10338000CE2F2FDB00000000000000000000000036
:10339000000000000000000000000000000000002D
:1033A000000000000000000000000000000000001D
:1033B000000000000000000000000000000000000D
:1033C00000000000000000000000000000000000FD
:1033D00000000000000000000000000000000000ED
:1033E00000000000000000000000000000000000DD
:1033F00000000000000000000000000000000000CD
:1034000000000000000000000000000000000000BC
:1034100000000000000000000000000000000000AC
:1034200000000000000000000000CECE4F0A0A8A13
:10343000166C5757576C6C6C6C21212121218585A6
:103440008561B2BAE4961CEFEBEBEBEBEBEBEBEB4D
:1034500090EBA5A5FE5F54596C5B8ACE2F066F9347
:103460001FA8F503030303353535353535353535B7
:10347000353535353535353535353535350335A8BB
:1034800037F45D586534D28181FBD4142BA532907A
:103490006AD6D6D6D60101010101010101D62E015D
:1034A0000132321CC69465658D8D8D919451B03278
:1034B000327F0101DDDD6A6A6A6A6A6ADDDDDDDDAF
:1034C000DDDDDDDDDDDDA2B0DD1CCA973C3C5F5FEC
:1034D0009494194141000000000000000000000029
:1034E0000000000000000000000000000000006379
:1034F00062194646B75902ABC7B5F84A35350303DA
:1035000003030303030303030303030303B8B8D94B
:10351000D9BF392457BA8A168ACE2F2FDB00000074
:10352000000000000000000000000000000000009B
:10353000000000000000000000000000000000008B
:10354000000000000000000000000000000000007B
:10355000000000000000000000000000000000006B
:10356000000000000000000000000000000000005B
:10357000000000000000000000000000000000004B
:10358000000000000000000000000000000000003B
:10359000000000000000000000000000000000002B
:1035A000000000000000000000000000000000001B
:1035B000000000000000000000000000000000000B
:1035C000000000CECECE940A8A166C57575757BBD0
:1035D0004119192121212185858561E8545494FFE1
:1035E000C61B6D1C3232EBEBA5A5A5A5A5FE5FFBA6
:1035F000596C85E70A2F0627451F1D353503030340
:10360000353535353535353535353535353535356A
:103610003535353535350335A81DF97DA73434D218
:103620008181FBD4C62BA532906AD6D6D6D60101AD
:10363000010101010101D62E017F32011B65D4D4A5
:10364000FBFBFBFB94655F7732327F7F01DDDD6A38
:103650006A6A6A6A6ADDDDDDDDA22E2EDDDDDDA2AD
:10366000B0DD1CCA973C3C5F5F9492190C8300004C
:10367000000000000000000000000000000000004A
:10368000000000000000000056636280FBB7B780B6
:10369000ABE2AA86353535030303030303030303B3
:1036A000030303030303B8B8D9D9BF3979BBBA8A76
:1036B000168ACE2F2F2F000000000000000000000F
:1036C00000000000000000000000000000000000FA
:1036D00000000000000000000000000000000000EA
:1036E00000000000000000000000000000000000DA
:1036F00000000000000000000000000000000000CA
:1037000000000000000000000000000000000000B9
:1037100000000000000000000000000000000000A9
:103720000000000000000000000000000000000099
:103730000000000000000000000000000000000089
:103740000000000000000000000000000000000079
:10375000000000000000000000000000CE0A348ECF
:10376000CE8A166C579CBB192C22CB224E85852104
:10377000212121215BB22525258D8D40FF141B962B
:103780006DFA1C7CF1F16DFFBAB70221160A3F3FBA
:10379000074588C3BF330303033535350303353588
:1037A00035353535353535353535353535353503FB
:1037B00035F874D8F4EDF79AD2818146CEE4B0A5FD
:1037C00032487C7CD62E2ED6D6D62E2E2E2E2ED617
:1037D000017F90ADFEFF91D4FBB2B2B2B225468D0F
:1037E000142BEBEF48D67C7CDDDDA22E2E2E2E2E68
:1037F0002E2E2EDDDD2E2E2E5EB07C9BCA975B1604
:10380000BA944F92410C83000000000000000000B9
:1038100000000000000000000000000000000000A8
:10382000005656636E8181595941E266DECC863579
:10383000033535353535350303030303030303D956
:10384000D9D9D9BFBF75588D9516BA653FB42FF633
:103850000000000000000000000000000000000068
:103860000000000000000000000000000000000058
:103870000000000000000000000000000000000048
:103880000000000000000000000000000000000038
:103890000000000000000000000000000000000028
:1038A0000000000000000000000000000000000018
:1038B0000000000000000000000000000000000008
:1038C00000000000000000000000000000000000F8
:1038D00000000000000000000000000000000000E8
:1038E00000000000000000000000000000000000D8
:1038F0000000000000CE0A8E95CE8A166C579C41BF
:10390000E522CBCBCB2283618521212121215BB212
:10391000B2252525D49165945F5FFFE4C6C6C6E451
:103920005F61026C215B8E3F06418888C3BF330311
:1039300003033535350303353535353535353535FF
:1039400035353535353535350335F874C3F478F705
:103950009AD28181469AE49BA532487C7CD62E2E51
:103960002E2E2E2E2E2E2E2ED67FADF19BE49425BC
:1039700046B2B2615B5BBAFB8D406DEBEB32326AF3
:1039800001DDDDA22E2EA22E2E2E2EA2DDDD0101C6
:10399000012E6A7C9BCA215B16BA94AF920C948369
:1039A0000000000000000000000000000000000017
:1039B00000000000000000000000565656C9835960
:1039C0005902ABFC246BCC353503353535353535EF
:1039D0000303030303030303D9D9D9D9BF39AA7B4E
:1039E000BA95952565DBB42FDB00000000000000D0
:1039F00000000000000000000000000000000000C7
:103A000000000000000000000000000000000000B6
:103A100000000000000000000000000000000000A6
:103A20000000000000000000000000000000000096
:103A30000000000000000000000000000000000086
:103A40000000000000000000000000000000000076
:103A50000000000000000000000000000000000066
:103A60000000000000000000000000000000000056
:103A70000000000000000000000000000000000046
:103A800000000000000000000000000000008A8A22
:103A90008E95CE8A166C57BB6E22CBCB6262CBC49E
:103AA00085E8212121212121616161B2B2FB46FB20
:103AB000FBFBFB4681BABA3CBA6102026C215B8E09
:103AC0003F06BB0888C3D9330303033535350303E9
:103AD0003535353535353535353535353535353596
:103AE000350335F8BFC3F427F79A46818146913CE8
:103AF0009BA5F1907C7C7CD62E2E2E2E2E2E2E2E4B
:103B00002E017FADF11B65D446BAB261615B5B5B90
:103B1000B28D4FFF1CA532327FAD01010101012E94
:103B20002E2E2E2E2EDDDDDDDDDD9090DDB6A93CC6
:103B30005B16BA94AF92418D410000000000000076
:103B40000000000000000000000000000000000075
:103B5000000000567156632C0C02BBAB1E09B5CC9D
:103B60003535033535353535350303030303B8B82B
:103B7000B8D9D9D9D9393931A7BABA8A8D653FB4FC
:103B80003FDB00000000000000000000000000001B
:103B90000000000000000000000000000000000025
:103BA0000000000000000000000000000000000015
:103BB0000000000000000000000000000000000005
:103BC00000000000000000000000000000000000F5
:103BD00000000000000000000000000000000000E5
:103BE00000000000000000000000000000000000D5
:103BF00000000000000000000000000000000000C5
:103C000000000000000000000000000000000000B4
:103C100000000000000000000000000000000000A4
:103C2000000000000000008A258E6CCE0A8A6C57C6
:103C30000CC4CBCB62626262CB4EE85B5B2121217C
:103C4000215B5B5B5B5BBABA16959595818A16160C
:103C50005B61616C6C3C216C8A2906E75588F939F7
:103C6000D935036B03030303033535353535353556
:103C70003535353535353535353503354A39C3F4C0
:103C80008B8D9AD28181D2D45FFAA5F1327C7C7C73
:103C9000D62E2E2E2E2E2E2E2E017FADEBB6FF9180
:103CA000D425BA615B2121215BB2258D941B15A51A
:103CB000A532DD7F010101010101D6D601DDDDDD87
:103CC0005C5C5C15B077683C215B16BA94AF6541CB
:103CD0008D00000000000000000000000000000057
:103CE000000000000000000000000000567171712B
:103CF000C9C40C3B191E6F31333335353535353575
:103D000035353535030303030303D9D9D9D93939F7
:103D10001A43BABA8A8D653FF63FDB000000000007
:103D20000000000000000000000000000000000093
:103D30000000000000000000000000000000000083
:103D40000000000000000000000000000000000073
:103D50000000000000000000000000000000000063
:103D60000000000000000000000000000000000053
:103D70000000000000000000000000000000000043
:103D80000000000000000000000000000000000033
:103D90000000000000000000000000000000000023
:103DA0000000000000000000000000000000000013
:103DB0000000000000000000000000000000000003
:103DC0008A958A6CCE0A8A6C570CC4CB6262626296
:103DD000626222AB5B5B5B5B5B5B5B5B5B5B5B5B0E
:103DE0005B5B5B5B5B16166C02025B5B3C3C212100
:103DF000219529060A3045D8F5D935036B0303030D
:103E000003033535353535353535353535353535C6
:103E100035353503354A39C3B3188D9AD28181813E
:103E200054BAFEA5A532F17C7C7CD62E2E2E2E2EE9
:103E30002ED67FADEB15DC94298EB25B615B212120
:103E4000215BB2B2FB91FFFE15A5EB7F7F01010163
:103E500001010101485CAD2B2B2B2B2BB647976141
:103E6000026C5B16BA4FDF8D654100000000000058
:103E70000000000000000000000000000000000042
:103E800000000000005663637163CB6EAB4E1EC72B
:103E90000FDE333535353535353535353535353551
:103EA000030303D9D9D9D93939B8A3168A8A8D65BC
:103EB0003FB42FF6000000000000000000000000EA
:103EC00000000000000000000000000000000000F2
:103ED00000000000000000000000000000000000E2
:103EE00000000000000000000000000000000000D2
:103EF00000000000000000000000000000000000C2
:103F000000000000000000000000000000000000B1
:103F100000000000000000000000000000000000A1
:103F20000000000000000000000000000000000091
:103F30000000000000000000000000000000000081
:103F40000000000000000000000000000000000071
:103F5000000000000000000000955B1657CE0A8AA2
:103F60006CBB0CC4CBC2626262626262221961B233
:103F70005B5B5B5B5B5B5B215B5B5B212121576C6C
:103F80005757575721575757576C16CE3FCEF045C6
:103F9000D8A8D9D9B86B03030303033535353535B4
:103FA00035353535353535353535353582354ABFD5
:103FB000C337A065914681B7B754814715A5F13243
:103FC000903232327C7C7C7C7C2E01F1A51513650D
:103FD00065348EBA5B5B5B2121215B169525469487
:103FE000E41CA5A52B3290906A6A01DD7FADEBEB56
:103FF000A5EBB077CAC821025959165BBA94AFAF86
:1040000092650000000000000000000000000000B9
:1040100000000000000000000000000000007163CC
:104020005A63635AFC0707FCC779DE3333333333F3
:1040300033DEDEDEDEDE353535353535D9D9D9D955
:1040400039D7B8783CBA168D923FB476F6000000A6
:104050000000000000000000000000000000000060
:104060000000000000000000000000000000000050
:104070000000000000000000000000000000000040
:104080000000000000000000000000000000000030
:104090000000000000000000000000000000000020
:1040A0000000000000000000000000000000000010
:1040B0000000000000000000000000000000000000
:1040C00000000000000000000000000000000000F0
:1040D00000000000000000000000000000000000E0
:1040E00000000000000000000000000000000000D0
:1040F0000000166C1657CECE8A6CBB0CC4CBC262C5
:1041000062C2626262CB224E025B5B5BBA5B5B5B4C
:104110005B5B5B5B5B5B215757575757575757574D
:1041200057576C16343F29AE451FA8B8D9B86B0352
:10413000030303030303033535353535353535358D
:104140003535828282828286BFF93724CE9146B786
:10415000B7B7B70A142BA5A5A5F1F132327C7C7C48
:1041600001010132F1A58FE429348EBA5B5B5B5B00
:104170002121215B5B95958E659451ADA5A5EBEB57
:1041800032ADADF1F1A5A515AD2EFEA95FBAB759B7
:1041900002161616BA94AFAFBA4F00000000000026
:1041A000000000000000000000000000000000000F
:1041B00000000000000000636304BE26EA5AE2BE6D
:1041C000EAC779DE337433333333DEDEDEDEDE35E9
:1041D0003535353535D9D9D9D974D7D9273C5BBAD6
:1041E0008D92DB2F76F6000000000000000000003A
:1041F00000000000000000000000000000000000BF
:1042000000000000000000000000000000000000AE
:10421000000000000000000000000000000000009E
:10422000000000000000000000000000000000008E
:10423000000000000000000000000000000000007E
:10424000000000000000000000000000000000006E
:10425000000000000000000000000000000000005E
:10426000000000000000000000000000000000004E
:10427000000000000000000000000000000000003E
:1042800000000000000000000000006C5757BBCE8B
:10429000CED259570CC4CBC2C2C2C26262C26262E1
:1042A000CBE5ABE8B2BABA5B5B5B5B5B5B5B5B21AC
:1042B00057575757575757575757576C168E2929DF
:1042C0003E45F4A8B8D9B86B030303030303030303
:1042D000353535353535353535353582828282820D
:1042E00086BFF9F4790A9146B7E802595FFF1B1CB3
:1042F000EBA5A5A5F1F1F1F132323232F1A5284753
:104300004F658E95165B5B5B5B5B21215B5B1616D5
:10431000950A949451DDA5A5A5A5A515A5A5EB9B8A
:104320006D51445F0A815459026C6C16165F4FAF91
:10433000CEAF3F00000000000000000000000000C1
:10434000000000000000000000000000000000006D
:104350006363E5C4416E5A635A5AC7243374743395
:10436000333333DEDEDEDEDE353535353535D9D96E
:10437000D9D974D7398B3C5BBA8D92DBF6F6F6004F
:10438000000000000000000000000000000000002D
:10439000000000000000000000000000000000001D
:1043A000000000000000000000000000000000000D
:1043B00000000000000000000000000000000000FD
:1043C00000000000000000000000000000000000ED
:1043D00000000000000000000000000000000000DD
:1043E00000000000000000000000000000000000CD
:1043F00000000000000000000000000000000000BD
:1044000000000000000000000000000000000000AC
:10441000000000000000000000000000000000009C
:104420000000000021216C0CCE0ED25957BBC4CB2A
:10443000C2C2C2C26262C2C2C2C262CB224E3B616F
:10444000B2B2B2BABABA5B5B6C6C57575757575790
:10445000575757576C16342929C7451FF5D9D9B86E
:104460006B0303030303B8030303350303030303CD
:1044700003030303828282828286BFC3F4AA0A9165
:1044800046FBB7E8E8B7955F5FC61B6D1C7F32F14E
:10449000F1F1F1F1F1A515B65F9A349516165B5B53
:1044A0005B5B5B215B5B215B5B958A81465FA92E31
:1044B000A5A5EB3201FECAC6FF948AB2B26161E8DB
:1044C000E8026C6C5BBA0AAFAF92AF00000000006C
:1044D00000000000000000000000000000000000DC
:1044E000000000000000000000006304AB02027244
:1044F00063635AC779745D7474333333333333333E
:1045000033333535353535D9D9D9BFBFD7391838D3
:104510005BBA8D65DBF67606000000000000000047
:10452000000000000000000000000000000000008B
:10453000000000000000000000000000000000007B
:10454000000000000000000000000000000000006B
:10455000000000000000000000000000000000005B
:10456000000000000000000000000000000000004B
:10457000000000000000000000000000000000003B
:10458000000000000000000000000000000000002B
:10459000000000000000000000000000000000001B
:1045A000000000000000000000000000000000000B
:1045B00000000000000000000000000000575757F6
:1045C0000CCE0ED25957BBC4CBC2C2C2C2C2C2C2E9
:1045D000C2C2C2C2C2C2C262222C4EAB0C576C59BC
:1045E0005916166C6C6C6C6C6C57575757576C8E11
:1045F000293F1E931FA8D9D9B86B0303030303B83F
:1046000003030335030303030303030303828282CB
:10461000828286BFC3F4B5169146FBB7E8E8E8543A
:10462000544691CECE5FE4145113FE9B7FEB158F61
:104630001494468E9595165B5B165B5B5B5B5B5BD0
:104640005B5B169595B78A94FFC6A914C6FF5F9465
:104650000A46B7B7B261615B6C8585852116BA4F92
:104660000A4FAF0000000000000000000000000042
:10467000000000000000000000000000000000003A
:104680000000000063E581819C1E6363090F7D7D4E
:104690005D74743333333333333333353535353534
:1046A000D9D9D9BFBF7439D1385BBA8D65DBF676FD
:1046B00006000000000000000000000000000000F4
:1046C00000000000000000000000000000000000EA
:1046D00000000000000000000000000000000000DA
:1046E00000000000000000000000000000000000CA
:1046F00000000000000000000000000000000000BA
:1047000000000000000000000000000000000000A9
:104710000000000000000000000000000000000099
:104720000000000000000000000000000000000089
:104730000000000000000000000000000000000079
:104740000000000000000000000000000000000069
:10475000000000000000579C570CCE0ED25957BBEA
:104760004ECBC2F2C2F2C2C2F2F20412F2F2F2F282
:1047700012EE12EEC004CB22E5C4190C576C6C6C1F
:104780006C6C6C575757576C95293F7B451FA8D9C0
:10479000D9B86B0303030303B803033535030303DD
:1047A000030303030303828282828286BFC3F4DE93
:1047B000BB9146FBB7E8215BB7B7FBFB545454D41D
:1047C000D4D4174FFFC61B6DA994B2B29595951618
:1047D0005B16BAC8DCBA5B5B5B5B5B5B616C168AC1
:1047E000FB54D4D4D45454FB4681955B5BE7E75922
:1047F000599C85852121BA94AFCE29000000000084
:1048000000000000000000000000000000000000A8
:104810000000000000000000000000000000EA02AC
:10482000D20EBBEA63AEF008087D5D7433333333D8
:10483000333333333535353535D9D9D9BFBF7439ED
:1048400024975BBA8D65DBF6760600000000000059
:104850000000000000000000000000000000000058
:104860000000000000000000000000000000000048
:104870000000000000000000000000000000000038
:104880000000000000000000000000000000000028
:104890000000000000000000000000000000000018
:1048A0000000000000000000000000000000000008
:1048B00000000000000000000000000000000000F8
:1048C00000000000000000000000000000000000E8
:1048D00000000000000000000000000000000000D8
:1048E000000000000000000000000000000000BB0D
:1048F000BBBBBBCE298E6C80BB4ECBC2F2C212C2F8
:10490000C2C2C2C2C2C2F2F2F2F2F212121250508B
:1049100050C0C0C012C262222C4E3B6C6C5757571D
:1049200002959A3F9C8CEC1074B8B8B8B8B8B8032C
:1049300003B80303353535030303030303030303FC
:104940000303030333F81DF47458919125618585A1
:10495000E8E8B7B7B7FBFBFBD4D4D4919191171714
:104960009146252595B2BABABA5FBA21C95A41BA59
:10497000BA5B5B5B5B5B5B5B161695FBFBB7B7B724
:104980008181955959596C6C6C57576C6C16950A06
:10499000CE250ACE0000000000000000000000004C
:1049A0000000000000000000000000000000000007
:1049B00000000000000000D5599A3FD2195AAE31CC
:1049C0008845EC5DD7743333333333333333333388
:1049D0003333D9D9D9D9BF391D795821959429DBD9
:1049E00006F60600000000000000000000000000C5
:1049F00000000000000000000000000000000000B7
:104A000000000000000000000000000000000000A6
:104A10000000000000000000000000000000000096
:104A20000000000000000000000000000000000086
:104A30000000000000000000000000000000000076
:104A40000000000000000000000000000000000066
:104A50000000000000000000000000000000000056
:104A60000000000000000000000000000000000046
:104A70000000000000000000000000000000000036
:104A80000000000000000000BBBBBB9CCE29D26C24
:104A9000800C1922F212C212C2F2F2F2C2C2C2F2A7
:104AA000F2F2F2F21212125050501212505050C044
:104AB000C0C0C9C9C46C6C575702599ADBCE9D0857
:104AC000F9BFB8B8B8B8B8B80303B803033535357B
:104AD0000303030303030303030303030335F81D65
:104AE000375DED919125618585E8E861B7B7B7B786
:104AF000B7FBFBFBFBFBD4FBFBFBB29595955BBACD
:104B0000BABABA6C045AC0CB95BABABA5B5B5B5BF3
:104B10005B161616E8E8E8B7B7B7955959596C6CA3
:104B20006C575757856C16950A0A8E2500000000B1
:104B30000000000000000000000000000000000075
:104B40000000000000000000000000000000000065
:104B5000D2D29A3F0E95073EF04593457D5D747421
:104B60003333333333333333333333D9D9D9D9BFF1
:104B7000BF1D757B21959429DB3FF60600000000E0
:104B80000000000000000000000000000000000025
:104B90000000000000000000000000000000000015
:104BA0000000000000000000000000000000000005
:104BB00000000000000000000000000000000000F5
:104BC00000000000000000000000000000000000E5
:104BD00000000000000000000000000000000000D5
:104BE00000000000000000000000000000000000C5
:104BF00000000000000000000000000000000000B5
:104C000000000000000000000000000000000000A4
:104C10000000000000000000000000000000000094
:104C20000041BB41BB2929346C800C1922F21212BD
:104C300012F2121212F2F2F21212121212121212D4
:104C4000505050121212121250C0C0C0C0623B6CC1
:104C500057575759343FDF6608D839B8B8B8B8B88D
:104C6000B80303B803033535350303030303030314
:104C700003030303030335861DF95D7891912561D4
:104C800085858561856161E8616161B2B7B7B7B259
:104C9000B7B7B2B2959516BABABA8E8EC4C0C0C0B4
:104CA000C0C4BABABABA5B5B5B5B6C6C6CE8E8E830
:104CB000E8E86C166C6C6C6C5757575757858595A0
:104CC0008A3457258D00000000000000000000001D
:104CD00000000000000000000000000000000000D4
:104CE0000000000000000000009A0E9A3F0E3457AA
:104CF000EAAE889393887D5D743333333333333333
:104D000033333333D9D9D9D9BF391DAA43218E942E
:104D1000293F3F3F060000000000000000000000A7
:104D20000000000000000000000000000000000083
:104D30000000000000000000000000000000000073
:104D40000000000000000000000000000000000063
:104D50000000000000000000000000000000000053
:104D60000000000000000000000000000000000043
:104D70000000000000000000000000000000000033
:104D80000000000000000000000000000000000023
:104D90000000000000000000000000000000000013
:104DA0000000000000000000000000000000000003
:104DB00000000000000000000000EA41BD0C29CE08
:104DC0008E0280BBABE5C2F21250F2F2F2F2121286
:104DD00012121212121212121212121212121212B3
:104DE00012121212C0C0C919025757576C342F76CD
:104DF000E2087D1DD9B8B8B8B8B80303B8030303F7
:104E000003030303030303030303030303030386EF
:104E1000861DF9F418919125B261858585856161BA
:104E200061B2B2B2B2616161616161959516958AB4
:104E3000BABA8E8E19EEC0C0C0C0C06E8E258DBAB3
:104E4000BABA16166C6CE8E8E885856C6C6C6C6C0C
:104E500057575757575785856125654121210000D0
:104E60000000000000000000000000000000000042
:104E70000000000000000000000000000000000032
:104E800000009A469AB49ACE8E416F5D93939388B0
:104E90007D5D7474333333333333747474D9D9D937
:104EA000D9BF74A8AA7221950A293F293F29000079
:104EB00000000000000000000000000000000000F2
:104EC00000000000000000000000000000000000E2
:104ED00000000000000000000000000000000000D2
:104EE00000000000000000000000000000000000C2
:104EF00000000000000000000000000000000000B2
:104F000000000000000000000000000000000000A1
:104F10000000000000000000000000000000000091
:104F20000000000000000000000000000000000081
:104F30000000000000000000000000000000000071
:104F40000000000000000000000000000000000061
:104F5000000000EABD6EBB29CE8E0280BBAB2CC226
:104F6000F21250F2F2F2F212121212121212121283
:104F700012121212121212121212F2F2F21250C085
:104F80002C025757570281B476BD080839D9D9B8D1
:104F9000B8B8B80303B8030303030303030303030D
:104FA00003030303030303038686F8F9F4BC659146
:104FB00046B2618585856161B2B2F7F7B2B2B2B22D
:104FC000B2B2B2B29595958A8A5F0A0AAB0412EE24
:104FD000EE12C0C0EE6ED2348D25BABA161616E89F
:104FE000E88585855B5B5B5B212157575757578564
:104FF000856125650C2121000000000000000000F3
:1050000000000000000000000000000000000000A0
:1050100000000000000000000000009A469A9A3448
:105020000A34B7720F88939393457D5D743374741B
:10503000337474747474D9D9D9BFBFBFA899FC975D
:10504000950A6529062934000000000000000000D0
:105050000000000000000000000000000000000050
:105060000000000000000000000000000000000040
:105070000000000000000000000000000000000030
:105080000000000000000000000000000000000020
:105090000000000000000000000000000000000010
:1050A0000000000000000000000000000000000000
:1050B00000000000000000000000000000000000F0
:1050C00000000000000000000000000000000000E0
:1050D00000000000000000000000000000000000D0
:1050E000000000000000000000000000EAEAD50C0B
:1050F000290E3402800C83C462F2F21212121212D0
:10510000121212121250C9C9C9C9C9505050505078
:10511000501212121212F212EEE50285858002B7C9
:10512000912FE7D088C3D93535B8B8B80303B80391
:1051300003353535030303030303030303030303A9
:10514000033535F8F9F4AA2517FBB26185215B61B7
:1051500061E8F7F7F7258D8D2525252525BA8E8E53
:105160008E0A0A0ABBCBF2F2F2121212C0EEEE2243
:105170008091258D8E95165B616161615B5B5B5BE8
:105180005B212121853B3B3B858561FB91838D859F
:10519000000000000000000000000000000000000F
:1051A00000000000000000000000000000000000FF
:1051B00000000000D246D246D234CECE413EF84561
:1051C000939393457DD7743333747474747474D922
:1051D000D9D9D9BF391D498B9761BA8D653F8E34B6
:1051E000340000000000000000000000000000008B
:1051F00000000000000000000000000000000000AF
:10520000000000000000000000000000000000009E
:10521000000000000000000000000000000000008E
:10522000000000000000000000000000000000007E
:10523000000000000000000000000000000000006E
:10524000000000000000000000000000000000005E
:10525000000000000000000000000000000000004E
:10526000000000000000000000000000000000003E
:10527000000000000000000000000000000000002E
:105280000000000000EAEA260C0E293402800C41DE
:10529000C4CBC2F21212121212121212121250C9FE
:1052A000C9C9C9C95050505050501212121212F2AE
:1052B00012EE223B85858085B74664CE6688F9BFAD
:1052C00035030303030303B8030335353503030331
:1052D000030303030303030303033535BF371F4AE7
:1052E0006117F7616C85216C613BE52C4EAB3BE8A7
:1052F0006125252525258D8D8D0A0A0A41EAC2C220
:10530000C2C2C2C21212EEEEEEC2C48081342525A2
:10531000BAB2B261616161616185853B83833B3B68
:105320003B8585E82591858D850000000000000003
:10533000000000000000000000000000000000006D
:1053400000000000000000000000000000D246D273
:1053500081D2344FCE026F995D45939393887DD768
:105360007474747474747474D9D9D9D9BF391DCC58
:105370001897E8BA8D6529293B4E4E0000000000C1
:10538000000000000000000000000000000000001D
:10539000000000000000000000000000000000000D
:1053A00000000000000000000000000000000000FD
:1053B00000000000000000000000000000000000ED
:1053C00000000000000000000000000000000000DD
:1053D00000000000000000000000000000000000CD
:1053E00000000000000000000000000000000000BD
:1053F00000000000000000000000000000000000AD
:10540000000000000000000000000000000000009C
:105410000000000000000000000000000000EAEAB8
:10542000EA410E293402800C834E22C2121212125B
:105430001212121212121250C9C9C9C9C9505050C1
:105440005050501212121212F212EE6283858580B1
:1054500002614664296F45F4BF3503030303030368
:10546000B8030335353503030303030303030303C1
:105470000303033535BFD7F4F40C64FBB261852117
:105480006C958062EEC012C26222E5C4AB80B28E1F
:105490006565346C6EEA0462C2C2C2C2C2C212F254
:1054A000EEEEC0C0CBC43B812525FBFBB702808359
:1054B000AB4E4EC42CE52CAB3B3B8585E8259125B6
:1054C0008D2500000000000000000000000000002A
:1054D00000000000000000000000000000000000CC
:1054E0000000000000008181D2343434CECE59C790
:1054F000AAB15D45939393887D74747474747474C5
:1055000074D9D9D9D9BF39F8F8D1C8E8BA256529ED
:10551000653BABAB00000000000000000000000095
:10552000000000000000000000000000000000007B
:10553000000000000000000000000000000000006B
:10554000000000000000000000000000000000005B
:10555000000000000000000000000000000000004B
:10556000000000000000000000000000000000003B
:10557000000000000000000000000000000000002B
:10558000000000000000000000000000000000001B
:10559000000000000000000000000000000000000B
:1055A00000000000000000000000000000000000FB
:1055B0000000000000000000EAEABB3F3F345985CC
:1055C000BB0C4E22C2F212121212121212125050C0
:1055D00050C9C9C9C9C95050505050501212121266
:1055E000121212F262AB02858085E8FB6529E24562
:1055F0001F3935350303B80303B8030335353503C5
:105600000303030303030303030303033535BF1D30
:10561000F41F6E6446B26185216C9580CBC0C0EEEC
:10562000EEC0C0C0C0C0C0C962CBCB2204C904C296
:10563000C262C2C2C2C2F2F2F2F2F2120404C9623F
:10564000E5C4C4C4C42C2222CB6262626262CB2253
:105650004E833B3B85E8B291659725000000000032
:10566000000000000000000000000000000000003A
:10567000000000000000000000000000000000C466
:10568000838134D28ECECEB727AAB1CC5D45939319
:1056900045457D5D747474747474BFBFBFBFBF39FA
:1056A0001DF8AEC885BA258D64654E4EAB0000006E
:1056B00000000000000000000000000000000000EA
:1056C00000000000000000000000000000000000DA
:1056D00000000000000000000000000000000000CA
:1056E00000000000000000000000000000000000BA
:1056F00000000000000000000000000000000000AA
:105700000000000000000000000000000000000099
:105710000000000000000000000000000000000089
:105720000000000000000000000000000000000079
:105730000000000000000000000000000000000069
:105740000000000000000000000000000000000059
:105750000000EA413F069A5985BB0C1922C2F21299
:1057600012121212121212505050C9C9C9C9C9508E
:10577000505050505012121212121212F2044E8057
:1057800085808585B78D9107451F3935350303B869
:105790000303B8030335353503030303030303038E
:1057A00003030303033535BF1DF4EC1ECE46B2E8F8
:1057B000855B1695E8CBEEEE12F212C0C0C0C0C0F9
:1057C000C0C9C9C9C9C9F2C2C2C262C2C2C2C2F298
:1057D000F2F2F2C2C2C2F21212C9C9C9EE1212F238
:1057E00012F2C262F2F2C262CBC4833B3B85E8B2E2
:1057F0009165978D8D000000000000000000000002
:105800000000000000000000000000000000000098
:105810000000000000000000E5AB0234CE340A0AAC
:10582000B7ED7599B1F85D45939345450855747486
:10583000747474BFBFBFBFBF391DF8665285BABA52
:105840008D6465AB4EAB000000000000000000005E
:105850000000000000000000000000000000000048
:105860000000000000000000000000000000000038
:105870000000000000000000000000000000000028
:105880000000000000000000000000000000000018
:105890000000000000000000000000000000000008
:1058A00000000000000000000000000000000000F8
:1058B00000000000000000000000000000000000E8
:1058C00000000000000000000000000000000000D8
:1058D00000000000000000000000000000000000C8
:1058E000000000000000000000000000EA9A3F9A5B
:1058F00059803B0CAB2262F21212121212121212D7
:10590000505050C9C9C9C9C950505050505050503A
:105910001212121212F2C02C8085808085613446EA
:105920004108EC393535B8B8B80303B80303353549
:105930003535353535353535353535353535353517
:10594000BFD7F4ECE2CE46FB61855B1695B722EE3D
:1059500012F2C2F212121212C0C004C9C9C904C2A2
:10596000C2C2C262C2C2C2F2F2F2F2F2C2C2C2F257
:10597000EE12F2121212121212C204C2C2F2F2C2D9
:1059800062622CAB3B3B85E8B29164168D3400001B
:105990000000000000000000000000000000000007
:1059A00000000000000000000000000000000000F7
:1059B00000E5C483340E34CE8E81BD2499B1B1CCC0
:1059C0005D4545454545081074747474BFBFBFBF3D
:1059D000BF39F8F8FDDC855BBA8D64653B4E4E003F
:1059E00000000000000000000000000000000000B7
:1059F00000000000000000000000000000000000A7
:105A00000000000000000000000000000000000096
:105A10000000000000000000000000000000000086
:105A20000000000000000000000000000000000076
:105A30000000000000000000000000000000000066
:105A40000000000000000000000000000000000056
:105A50000000000000000000000000000000000046
:105A60000000000000000000000000000000000036
:105A70000000000000000000000000000000000026
:105A800000000000000ECF3F9A81803B3BABE562F7
:105A9000F2C2C2F2F2F2121212121250C0C0C0C010
:105AA000C0C9C9C9C9C9505050121212121212509D
:105AB000E53B80808002B78E9A9C55ECC3A8358266
:105AC00003030303B803033535353535353535352F
:105AD0003535CCCCCC8686CCCCF8D7F91F6F46D4E4
:105AE000D461616C958A250750F2F2F2F2C2C2C20B
:105AF000121212C9C9121212C2C2C2C2C2C2F2F238
:105B0000F2F2F2F2F2F2F2F2F2F2F2F2F2F2C9C9C7
:105B1000500404F2F2F2F2F2F2F2C222AB3B3B3B4F
:105B200085B23464466434000000000000000000C8
:105B30000000000000000000000000000000000065
:105B400000000000000000000000E5E5ABFB0E9A3D
:105B50009A3481413E99B1B1B1355D889393454501
:105B6000085D747439333333747433BFF53107858A
:105B700061B2259134B2AB4E00000000000000007D
:105B80000000000000000000000000000000000015
:105B90000000000000000000000000000000000005
:105BA00000000000000000000000000000000000F5
:105BB00000000000000000000000000000000000E5
:105BC00000000000000000000000000000000000D5
:105BD00000000000000000000000000000000000C5
:105BE00000000000000000000000000000000000B5
:105BF00000000000000000000000000000000000A5
:105C00000000000000000000000000000000000094
:105C100000000000000000000000000000003F0E37
:105C20000E9A8180BBBBABE562F2C2C2F2F2F21205
:105C30001212121250C0C0C0C0C0C9C9C9C9C950CF
:105C4000505012121212121250228380808002B71A
:105C500081348A6688C3A8358203030303B803032B
:105C60003535353535353535353535CCCCCC86867D
:105C7000CCCCF8D7F91F24349134B2616C959525BA
:105C80004E50F2F2F2F2C2C2C2C2C204F2F20412E6
:105C900012C2C2C2C2C2C2F2F2F2F2F2F2F2F2F2E4
:105CA000F2C2C2C2F2F2F2C9C9500404F2F2F2F234
:105CB000F2F2F2C2CBAB3B3B3B8561466464646469
:105CC00000000000000000000000000000000000D4
:105CD00000000000000000000000000000000000C4
:105CE000000000E5E5C4810E9A9A348157C7B1B12E
:105CF00036369EF8F488459345457D5D741074747E
:105D000074747433BFF531D53B6161B28D8E8D3BB8
:105D10004E00000000000000000000000000000035
:105D20000000000000000000000000000000000073
:105D30000000000000000000000000000000000063
:105D40000000000000000000000000000000000053
:105D50000000000000000000000000000000000043
:105D60000000000000000000000000000000000033
:105D70000000000000000000000000000000000023
:105D80000000000000000000000000000000000013
:105D90000000000000000000000000000000000003
:105DA00000000000000000000000000000000000F3
:105DB000000000000000003F0E0E9A8180BBBB83F4
:105DC0002C62C2C2F2F2F2F2121212505050C0C053
:105DD000C0C0C0C9C9C9C9C9505050505050121292
:105DE0001250CBAB80808002028146D26F88C3A85C
:105DF0003582B8030303B8030335353535353535FA
:105E000035353535CCCCCCCCCCCCCCF8F8D7F40F60
:105E10009591D4B2951695258EAB12C2F2F2F2C2CC
:105E2000C2C2F2F2F20404F20404C2C2C2C2C2C28A
:105E3000F2F2F2F2F2F2F2F2F2F2F2C2C2F2F2F2A2
:105E40005050500404F2F2F2F2F2F2F2F2C24E8337
:105E50003B3B85614664B4B4640000000000000070
:105E60000000000000000000000000000000000032
:105E7000000000000000000000000000E5E5E50271
:105E80000E0E9AD28157FC318636369E49F85D88CF
:105E9000454545457D1010747474747433BF4AB51C
:105EA000533BE861B2463464B2B700000000000022
:105EB00000000000000000000000000000000000E2
:105EC00000000000000000000000000000000000D2
:105ED00000000000000000000000000000000000C2
:105EE00000000000000000000000000000000000B2
:105EF00000000000000000000000000000000000A2
:105F00000000000000000000000000000000000091
:105F10000000000000000000000000000000000081
:105F20000000000000000000000000000000000071
:105F30000000000000000000000000000000000061
:105F40000000000000000000000000000000000051
:105F50003F0E0E345980BB3B832C62C2C2F2F2F278
:105F6000F2121212505050C0C0C0C0C0C0C0C0C059
:105F7000C050505050505012121250624E808080CB
:105F80008002B746347808F9A8828203350303B843
:105F9000030303030335353535353535358686CC72
:105FA000CCCCCCCCF8F81DF999168D91819516952D
:105FB0008E340CC2C2C2C2C2C2C2C2C2C2C2C2C239
:105FC00004F2F2C2C2C2C2C2C2F2F2F2F2F2F2F2BF
:105FD000F2F2F2F2C2C2C2C2C20404040404F2F237
:105FE000F2F2F2F2F2F2042C833B3B3B6125642F88
:105FF000DB2F000000000000000000000000000097
:106000000000000000000000000000000000000090
:106010000000000000E5E5E557913F9A34D259723F
:10602000F0F84A369E8686F8F988459345457D10F6
:106030007474747474333582B5BE3BE861B2253430
:10604000640A8D0000000000000000000000000055
:106050000000000000000000000000000000000040
:106060000000000000000000000000000000000030
:106070000000000000000000000000000000000020
:106080000000000000000000000000000000000010
:106090000000000000000000000000000000000000
:1060A00000000000000000000000000000000000F0
:1060B00000000000000000000000000000000000E0
:1060C00000000000000000000000000000000000D0
:1060D00000000000000000000000000000000000C0
:1060E0000000000000000000003FCF0E9A5980BB66
:1060F0003B83C462C2C2F2F2F2F21212125050504A
:10610000C0C0C0C0C0C0C0C0C0C05050505050502F
:106110001212120404C48080808002B746345808EA
:10612000F9A8F58203350303B803030303033535E8
:106130003535353535358686CCCCCCCCCCF8F81D0C
:10614000F91D0C8D46819516958A34026262C2C291
:10615000C2C2C2C2C2C2C2C2C204F2F2C2C2C2C27D
:10616000C2C2F2F2F2F2F2F2F2F2F2F2F2C2C2C2FF
:10617000C2C20404040404F2F2F2F2F2F2F2F204F3
:10618000E5833B3B3B8525642F642F000000000026
:1061900000000000000000000000000000000000FF
:1061A000000000000000000000000000000000E50A
:1061B0000259810E9A3481596E66D7E0368236864E
:1061C00086F8F98845454588D81074747474333559
:1061D00082B5893BE8616195346465640000000024
:1061E00000000000000000000000000000000000AF
:1061F000000000000000000000000000000000009F
:10620000000000000000000000000000000000008E
:10621000000000000000000000000000000000007E
:10622000000000000000000000000000000000006E
:10623000000000000000000000000000000000005E
:10624000000000000000000000000000000000004E
:10625000000000000000000000000000000000003E
:10626000000000000000000000000000000000002E
:10627000000000000000000000000000000000001E
:1062800000003FCF3F91B780BBBB83C46204C2F222
:10629000F2F2F2121212121250C0C0C9C9C9505003
:1062A000C0C0C0C0C0C0C0C0C01212121212E5806F
:1062B00080800257590A8D9C55D839BF35B80303E1
:1062C00003B8030303030335353535353535353527
:1062D00035353535868686F8D7F9F4BDD4F734954B
:1062E0006116950A95CB50EEF262626262C2C2C23A
:1062F000C2C2C2C2C2C2C2C2F2F2F2C2C2C2C2C2EE
:10630000C2C2F2F2F2F2F2F2F2F2F212121212122D
:10631000121212121212F2F250CBAB833B8585950A
:106320006492926400000000000000000000000081
:10633000000000000000000000000000000000005D
:10634000000000000000000000E5E5D2D29AD2591A
:1063500059413ED71D3649868686864AF908454505
:106360004588D810BFBFBFBF74746BC78385856174
:106370002534649A64000000000000000000000062
:10638000000000000000000000000000000000000D
:1063900000000000000000000000000000000000FD
:1063A00000000000000000000000000000000000ED
:1063B00000000000000000000000000000000000DD
:1063C00000000000000000000000000000000000CD
:1063D00000000000000000000000000000000000BD
:1063E00000000000000000000000000000000000AD
:1063F000000000000000000000000000000000009D
:10640000000000000000000000000000000000008C
:1064100000000000000000000000003FCF3F91B7E7
:1064200080BBBB83C4CBC2C2F2F2F2F212121212D0
:106430001250C0C0C9C9C95050C0C0C0C0C0C0C03F
:10644000C0C01212121212CB8380800257590A8DDB
:106450000AB5F4C3BF35B8030303B803030303034A
:1064600035353535353535353535353535868686E9
:10647000F8D7F97DFC17F734956116950A8A22C082
:10648000EEF262626262C2C2C2C2C2C2C2C2C2C210
:10649000C2F2F2F2F2F2F2F2F2F2F2F2F2F2F2F20C
:1064A000F2F2F2F21212121212121212121212F26C
:1064B000F250CB4E83833B85B26565646400000077
:1064C00000000000000000000000000000000000CC
:1064D00000000000000000000000000000000000BC
:1064E000000000E581599A348159BBC75D1D4A8679
:1064F0008686868686BFF9EC45454588D810BFBF9D
:10650000BF74331A18838585859534B4649200006E
:10651000000000000000000000000000000000007B
:10652000000000000000000000000000000000006B
:10653000000000000000000000000000000000005B
:10654000000000000000000000000000000000004B
:10655000000000000000000000000000000000003B
:10656000000000000000000000000000000000002B
:10657000000000000000000000000000000000001B
:10658000000000000000000000000000000000000B
:1065900000000000000000000000000000000000FB
:1065A00000000000000000000000000000000000EB
:1065B000000000003F3F3F91B780BBBB83C4CBC20C
:1065C000C2F2F2F2F21212121212C9C0C0C9C9C943
:1065D0005050C0C0C0C0C0C0C0C0C0121212121201
:1065E000C2AB80800257590A8DCE66D8C33935B800
:1065F000030303B803030303033535353535353558
:10660000353535353535868686F8D7F97D6F658D14
:1066100034956116950A8EE5C0EEF262626262C23E
:10662000C2C2C2C2C2C2C2C2C2C2F2F212121212AA
:106630001212121212F2F2F2F2F2F2F2F21212123A
:106640001212121212121212F2F20462C483833B6B
:1066500085958D9265650000000000000000000037
:10666000000000000000000000000000000000002A
:10667000000000000000000000000000E5D2599A70
:10668000348159571E33374A86868686368635BF0B
:106690005D0845454588D874BFBF33331A6FAB8555
:1066A0008585958EB4B42FF6000000000000000030
:1066B00000000000000000000000000000000000DA
:1066C00000000000000000000000000000000000CA
:1066D00000000000000000000000000000000000BA
:1066E00000000000000000000000000000000000AA
:1066F000000000000000000000000000000000009A
:106700000000000000000000000000000000000089
:106710000000000000000000000000000000000079
:106720000000000000000000000000000000000069
:106730000000000000000000000000000000000059
:10674000000000000000000000000000003F3F3F8C
:1067500091B702BB803BC4CBC2C2C2F2F2F21212AA
:1067600012121250C9C9C9C9C95050C0C0C0C0C056
:10677000C0C0C0C0121212121212C4808002576C24
:106780008A8D0EBC1FC3393503350303030303038E
:1067900003033535353535353535353535353586BC
:1067A0008686F8F8F97DF08D65342595168A0A0AF3
:1067B000C4C0EEF262626262C2C2C26262C2C2C29D
:1067C000C2F212121212C0C0C0C01262620412C21F
:1067D000F2F2F2F2F2F21212121212121212121259
:1067E00012F2F204042CAB833B85612565B2BA003A
:1067F0000000000000000000000000000000000099
:106800000000000000000000000000000000000088
:106810000000000000D2D2819A348181956E311D32
:106820004A4A86363686868235BF5D7D88454588EC
:10683000D8BFBF33BF9E3E198585859534DBB42F05
:10684000DB0000000000000000000000000000006D
:106850000000000000000000000000000000000038
:106860000000000000000000000000000000000028
:106870000000000000000000000000000000000018
:106880000000000000000000000000000000000008
:1068900000000000000000000000000000000000F8
:1068A00000000000000000000000000000000000E8
:1068B00000000000000000000000000000000000D8
:1068C00000000000000000000000000000000000C8
:1068D00000000000000000000000000000000000B8
:1068E0000000000000003F0E3F91B702BB803B4E0E
:1068F00022C2C2C2F2F2F2121212121250C9C9C955
:10690000C9C95050C0C0C0C0C0C0C0C0C01212125F
:10691000121212E5808002576C8A8DCE8BF4C33937
:1069200035033503030303030303033535353535D9
:106930003535353535353535868686F8F8F97D3087
:10694000166534259516958A0A4EC0EEF26262628B
:1069500062C2C2C2C2C2C2C2F212EEC0C0C0C0C0D5
:1069600012224E80E8E84ECBC212F2F2F2F2F2129C
:1069700012121212121212121212F2F20404E5ABE7
:10698000833B85852565BA0C970000000000000058
:1069900000000000000000000000000000000000F7
:1069A0000000000000000000000000000000D2D243
:1069B000D29AD28181950C2437A84A8636368686AB
:1069C000828235D75DEC8845458810BF74F89E24D7
:1069D0004E3B85859534DBB476DB0000000000007B
:1069E00000000000000000000000000000000000A7
:1069F0000000000000000000000000000000000097
:106A00000000000000000000000000000000000086
:106A10000000000000000000000000000000000076
:106A20000000000000000000000000000000000066
:106A30000000000000000000000000000000000056
:106A40000000000000000000000000000000000046
:106A50000000000000000000000000000000000036
:106A60000000000000000000000000000000000026
:106A700000000000000000000000000000000064B2
:106A80000E3F91B70257803B4E2204F2F2F2F2F22F
:106A90005050505050C9C9C9C9C9C9505050505020
:106AA000505050505050121212121212223B020239
:106AB0006C6C8A653478F4C3BF3503350303030374
:106AC000030303033535353535353535353535353E
:106AD00035358686F8F8F97D7A5865918E951616C3
:106AE0008A8E83C0EEF2C2C2C2C2C2C2F2F2F2F217
:106AF00012C0C0C0C0C0C0CB2C8354FBD4FBFBB7BA
:106B0000AB62F2F2F2F2F2F212121212121212123C
:106B100012121212120404E519833B8585B2258DE9
:106B20009752C800000000000000000000000000B4
:106B30000000000000000000000000000000000055
:106B400000000000000000D234D234815981956CDD
:106B5000E2F81D4A8686498686828235BFD75D7DEA
:106B6000884545885DD7D74A66C43B85029534DBA6
:106B70002F76DB0000000000000000000000000095
:106B80000000000000000000000000000000000005
:106B900000000000000000000000000000000000F5
:106BA00000000000000000000000000000000000E5
:106BB00000000000000000000000000000000000D5
:106BC00000000000000000000000000000000000C5
:106BD00000000000000000000000000000000000B5
:106BE00000000000000000000000000000000000A5
:106BF0000000000000000000000000000000000095
:106C00000000000000000000000000000000000084
:106C10000000000000000000640E0E91B7025757FC
:106C20003B4E2204F2F2F2F2F2C9C9C9C9C9C9C97C
:106C3000C9C9C9C9C9C9C9C9C9505050505050C99A
:106C4000C9C9C9C9506283025916028A3491EDF943
:106C500037F8F8CCCC35353535353535353535352E
:106C60003535353535353535353535353535BF106F
:106C70001FECED6591348A1616BA8E8050C0EE0472
:106C8000C2C2C2C212EEEEC0C0C0C0C0C0042CABB3
:106C9000E8FBFBB7B7B7B29581B7C4F2F2F2F2F2F4
:106CA000F212121212121212121212121212F2C254
:106CB000224E833B3B856125BA97C8C80C00000073
:106CC00000000000000000000000000000000000C4
:106CD00000000000000000000000000000000000B4
:106CE000D24634D2815981956C07B54A4A4A868684
:106CF000863535033535BFD75DEC454593885D371F
:106D0000D766E58302B7B791F63F76DB0000000057
:106D10000000000000000000000000000000000073
:106D20000000000000000000000000000000000063
:106D30000000000000000000000000000000000053
:106D40000000000000000000000000000000000043
:106D50000000000000000000000000000000000033
:106D60000000000000000000000000000000000023
:106D70000000000000000000000000000000000013
:106D80000000000000000000000000000000000003
:106D900000000000000000000000000000000000F3
:106DA00000000000000000000000000000000000E3
:106DB000009A9A9A46B70257573B192204F2F2F208
:106DC000F2F2C9C9C9C9C9C9C9C9C9C9C9C9C9C9E1
:106DD000C9C9505050505050C9C9C9C9C95004AB55
:106DE000025916028A3464A7F937F8F8CCCC353545
:106DF0003535353535353535353535353535353543
:106E0000353535353535BFBFD7D87D276564348AEC
:106E10001616168E5962C0EE12C0C0C0C0C0C0C0E7
:106E2000C0C012CB2C83B746D4FBFBB7E8E8806127
:106E30009581818362F2F2F2F2F2121212121212B0
:106E400012121212121212F2C2624E83833B856139
:106E5000258DC852C8C800000000000000000000D6
:106E60000000000000000000000000000000000022
:106E7000000000000000000000D281D2348159815E
:106E8000951641241D4A4A8686863535033535BF19
:106E9000BF745DEC459393451FD7F0FC8380B7FB2F
:106EA00017F63F06DB0000000000000000000000B5
:106EB00000000000000000000000000000000000D2
:106EC00000000000000000000000000000000000C2
:106ED00000000000000000000000000000000000B2
:106EE00000000000000000000000000000000000A2
:106EF0000000000000000000000000000000000092
:106F00000000000000000000000000000000000081
:106F10000000000000000000000000000000000071
:106F20000000000000000000000000000000000061
:106F30000000000000000000000000000000000051
:106F40000000000000000000000091913446B7E806
:106F500057573B192204F2F2F2F2F2C9C9C9C9C962
:106F6000C9C9C9C9C9C9C9C9C9C9C95050505050EE
:106F700050C9C950505050044E025916590A65B4B0
:106F80007BD7D7F8F8CCCC030335353535353535D7
:106F9000353535353535353535353535353535BF17
:106FA000BF74F4EC6F6565348A161616BA81E5C0B5
:106FB000C0C0C0C0C0C0C2CB2C4E838081464646F4
:106FC0004681B7E8E8E8E8E86181D2818362F2F2BD
:106FD000F2F2F212121212121212121212121212F1
:106FE00012C2C22CAB833B8561B28DBAD521C800D9
:106FF0000000000000000000000000000000000091
:107000000000000000000000000000000000000080
:107010000000595902D2595959959580E286F84A8B
:107020008686863535B8353535BFBF105D884593C2
:107030009388D831E2AB80B74617F63F06DB0000F5
:107040000000000000000000000000000000000040
:107050000000000000000000000000000000000030
:107060000000000000000000000000000000000020
:107070000000000000000000000000000000000010
:107080000000000000000000000000000000000000
:1070900000000000000000000000000000000000F0
:1070A00000000000000000000000000000000000E0
:1070B00000000000000000000000000000000000D0
:1070C00000000000000000000000000000000000C0
:1070D00000000000000000000000000000000000B0
:1070E0000000009146D246B7596C573BABE504F21D
:1070F000F2F2F2F2C9C9C9C9C9C9C9C9C9C9C9C95C
:10710000C9C9C9C9505050505050C9C95004045041
:10711000044E025916590A652F7BD7D7F8F8CCCC04
:107120000303353535353535353535353535353573
:107130003535353535353535BFBF74F9EC3E652904
:10714000348A161616168AAB22222C2C4EAB3BB76D
:1071500081343434348E468181B795B7E8E8E8E865
:10716000E8B281D2B74EF2F2F2F2F2F21212121239
:1071700012121212121212121212C2C2E5AB833B89
:107180008585B2258DAB25210000000000000000A0
:1071900000000000000000000000000000000000EF
:1071A000000000000000000000000059593B815918
:1071B000595995B2E8BDAAF84A8686863535033511
:1071C000353535BF7410D8889393934555D1C43B5A
:1071D000B746172F3F063F000000000000000000E8
:1071E000000000000000000000000000000000009F
:1071F000000000000000000000000000000000008F
:10720000000000000000000000000000000000007E
:10721000000000000000000000000000000000006E
:10722000000000000000000000000000000000005E
:10723000000000000000000000000000000000004E
:10724000000000000000000000000000000000003E
:10725000000000000000000000000000000000002E
:10726000000000000000000000000000000000001E
:10727000000000000000000000000000464681FB06
:10728000B7596C8580ABE504F2F2F2F2F2C9C9C9D4
:10729000C9C9C9C9C9C9C9C9C9C9C9C9C9505050C9
:1072A000505050C9C950040450044E025916B70A30
:1072B000652FA7D7D7F8F8CCCC030335353535354E
:1072C000353535353535353535353535353535356E
:1072D00035BFBF74371F668D29348A166C1616BAEF
:1072E00061E8B7250A0A0A0A0A0A0A0A8A8A8A95F6
:1072F0009559161661E8E8B7B7B72581811962F28A
:10730000F2F2F2F2F21212121212121212121212FD
:10731000121212C2C222AB833B3B8561258D25250B
:107320002500000000000000000000000000000038
:10733000000000000000000000000000000000004D
:1073400000000000B7813B8159025959B2F757A09C
:10735000F84A86868635350335353535BFBFBF10CB
:10736000D88893939345FDCB83B74617B43F3F3FEF
:10737000000000000000000000000000000000000D
:1073800000000000000000000000000000000000FD
:1073900000000000000000000000000000000000ED
:1073A00000000000000000000000000000000000DD
:1073B00000000000000000000000000000000000CD
:1073C00000000000000000000000000000000000BD
:1073D00000000000000000000000000000000000AD
:1073E000000000000000000000000000000000009D
:1073F000000000000000000000000000000000008D
:10740000000000000000000000000000000000007C
:107410000000000000D2D434B2B2956C5780ABE5C6
:1074200062C212121212C9C9C9C9C9C9C9C9C9C916
:10743000C9C9C9C9C9C9C9C9C9C9C9C9C9C9040446
:107440000404624E025959813491B4A3F9C3BF3583
:1074500035353535353535353535353535353535DC
:10746000353535353535353535353535BFF97DF07B
:10747000C5293481596C5B5B59595995818181814A
:10748000959595E7E7E7E7E7595959595959B75994
:10749000B7595980AB2262C2F2F2F2F2F2F2121242
:1074A000121212121212121212121212F2F2224EB0
:1074B000833B3B856C25653465CE000000000000F1
:1074C00000000000000000000000000000000000BC
:1074D000000000000000000000000000FBB7E859B9
:1074E000B70202595981B26CE2F88686864949860C
:1074F0000303353535BFBFBFBF39D8889393931089
:107500006F6EE8F78D0E0681340000000000000069
:10751000000000000000000000000000000000006B
:10752000000000000000000000000000000000005B
:10753000000000000000000000000000000000004B
:10754000000000000000000000000000000000003B
:10755000000000000000000000000000000000002B
:10756000000000000000000000000000000000001B
:10757000000000000000000000000000000000000B
:1075800000000000000000000000000000000000FB
:1075900000000000000000000000000000000000EB
:1075A0000000000000000000000000000000D2F712
:1075B00081B7B2956C5780832C62C212121212C925
:1075C000C9C9C9C9C9C9C9C9C9C9C9C9C9C9C9C92B
:1075D000C9C9C9C9C9C9C9040404C262AB0259599D
:1075E00081CE649A8BF9C3BF3535353535353535A0
:1075F000353535353535353535353535353535353B
:107600003535353535BFF97D30A4653481596C2168
:107610006C6C6C5916959595955959591616161600
:1076200016595959595959B702834EE5CBF2F2C24E
:10763000F2F2F2F2F2F2F21212121212121212120A
:107640001212121212F2F2CBC4833B3B3B6C8A65DE
:10765000659A6500000000000000000000000000C6
:10766000000000000000000000000000000000001A
:1076700000000000464646B78159590259818125CC
:107680009C241D8686864949860303353535BFBF50
:10769000BFBFBF39D88845934556E583F78D290E7E
:1076A0009A02190000000000000000000000000025
:1076B00000000000000000000000000000000000CA
:1076C00000000000000000000000000000000000BA
:1076D00000000000000000000000000000000000AA
:1076E000000000000000000000000000000000009A
:1076F000000000000000000000000000000000008A
:107700000000000000000000000000000000000079
:107710000000000000000000000000000000000069
:107720000000000000000000000000000000000059
:107730000000000000000000000000000000000049
:10774000000000000000006C5902B7B2956C578031
:10775000832C62C212121212C9C9C9C9C9C9C9C9C6
:10776000C9C9C9C9C9C9C9C9C9C9C9C9C9C9C9C989
:1077700004040404CB8302599546CEB40E24D8C326
:1077800039353535353535353535353535353535A5
:107790003535353535353535353535353535BFF94B
:1077A000EC7438653481595721210202026C595911
:1077B00059596C6C6C595959595959595959595900
:1077C00080C462C904F21250F2F2F2F2F2F2F2F262
:1077D0001212121212121212121212121212F2F2C9
:1077E000622CAB833B3B57956529926400000000F7
:1077F0000000000000000000000000000000000089
:107800000000000000000000000000003446348149
:107810008159595959818181D278BF4A86868649D2
:1078200049860303353535BFBFBFBFBFBFD7D8ECCF
:1078300023939D5AABF7469A348102194E000000FB
:107840000000000000000000000000000000000038
:107850000000000000000000000000000000000028
:107860000000000000000000000000000000000018
:107870000000000000000000000000000000000008
:1078800000000000000000000000000000000000F8
:1078900000000000000000000000000000000000E8
:1078A00000000000000000000000000000000000D8
:1078B00000000000000000000000000000000000C8
:1078C00000000000000000000000000000000000B8
:1078D00000000000000000000000000000000000A8
:1078E000BB850CB7FB8A16573B83C4CBC21212125E
:1078F00012C9C9C9C9C9C9C9C9C9C9C9C9C9C9C9AF
:10790000C9C9C9C9C9C9C9C9C904040404E58002EF
:107910005995462929D21AF9D73935030335353512
:107920003535353535353535353535353535353507
:1079300035353535353535BFF91FD8A79A9A8E16A6
:107940006C21210202026C6C5959596C6C6C6C6C84
:1079500059591681E7818181AB22C9121212F2F2C4
:10796000F2F2F2121212F2F2F2C0C0C0C0C05050D5
:1079700050505050121212F2F262E5AB833B3B576B
:107980002565649264000000000000000000000013
:1079900000000000000000000000000000000000E7
:1079A000000000003491469AD2815902595981D27F
:1079B0000AA7AAA882864949494903030303030386
:1079C000D9D9D9D9D9D9BF3910EC2308AEE58595D5
:1079D00034D28019194E00000000000000000000A1
:1079E0000000000000000000000000000000000097
:1079F0000000000000000000000000000000000087
:107A00000000000000000000000000000000000076
:107A10000000000000000000000000000000000066
:107A20000000000000000000000000000000000056
:107A30000000000000000000000000000000000046
:107A40000000000000000000000000000000000036
:107A50000000000000000000000000000000000026
:107A60000000000000000000000000000000000016
:107A7000000000000000000000BB0C4185FB8A16DE
:107A8000573B834ECBC212121212C9C9C9C9C9C908
:107A9000C9C9C9C9C9C9C9C9C9C9C9C9C9C9C9C956
:107AA000C9C9040404624E80599581D429CEA7D84F
:107AB000F939BF3503033535353535353535353588
:107AC0003535353535353535353535353535353566
:107AD000BF10F41F27B46434956C21210202026C9C
:107AE0006C5959596C6C6C595959958AD2D2815933
:107AF0001962C2F2C2C2C2F2F2F2F2F2121212120F
:107B00001212C0C0C0C0C05050505050501212127B
:107B1000F2F2C2E519833B3B579565299A6500004F
:107B20000000000000000000000000000000000055
:107B300000000000000000000000000034914646F4
:107B40003481E759598181D2D27B314A4A0349496C
:107B5000B14949030303030303D9D9D9D9D9353529
:107B6000BF3910D87AF05AC45759B7024E191900C4
:107B70000000000000000000000000000000000005
:107B800000000000000000000000000000000000F5
:107B900000000000000000000000000000000000E5
:107BA00000000000000000000000000000000000D5
:107BB00000000000000000000000000000000000C5
:107BC00000000000000000000000000000000000B5
:107BD00000000000000000000000000000000000A5
:107BE0000000000000000000000000000000000095
:107BF0000000000000000000000000000000000085
:107C00000000000000000000000000000000000074
:107C1000000041411985258161853B834ECBC2F22D
:107C2000505050C9C9C9C9C9C9C9C9C9C9C9C9C92F
:107C3000C9C9C9C9C9C9C9C9C9C9C90404042283F0
:107C40008502B7819191D2BC1FC339BF3535353517
:107C500035353535353535353535353535353535D4
:107C6000353535353535353535BF10F91FA0296423
:107C700034956C575702026C6C59595916161616E2
:107C80008A8A8A8A8E8102AB2C0404F2C2F2F2F252
:107C9000F2F2F2F2F2121212EEEEEEC0C0C0C0C06A
:107CA000EE50505050EE121212F2F2C22219830C12
:107CB0003B579565349ACE0000000000000000009C
:107CC00000000000000000000000000000000000B4
:107CD00000000000349A9A464681E7599C59B781C2
:107CE000D27231BF4A82DE491A1A03030303030327
:107CF0000303D9D9D9D9D9B8D9D9D9393974316681
:107D00005A6E0202028319AB00000000000000005E
:107D10000000000000000000000000000000000063
:107D20000000000000000000000000000000000053
:107D30000000000000000000000000000000000043
:107D40000000000000000000000000000000000033
:107D50000000000000000000000000000000000023
:107D60000000000000000000000000000000000013
:107D70000000000000000000000000000000000003
:107D800000000000000000000000000000000000F3
:107D900000000000000000000000000000000000E3
:107DA00000000000000000000000001941DC978D79
:107DB000FBB2853B834E22C2F2505050C9C9C9C99B
:107DC000C9C9C9C9C9C9C9C9C9C9C9C9C9C9C9C923
:107DD000C9C9C9C90404042C808561B74691D45827
:107DE00035F4D739BF0303033535353535353535EA
:107DF0003535353535353535353535353535353533
:107E00003535BF10F998AACE6434816C0202026C39
:107E1000166C596C169595958A8A8A95BB41E5CB67
:107E2000F212F2F2C2C2F2F2F2F2F2F2F2F2121232
:107E300012C0C0C0C0C0C0C0C0C0C0C0C0C0EE1270
:107E40001212F2F2C2CB4EAB0C3B8595343465CEA8
:107E50000000000000000000000000000000000022
:107E6000000000000000000000000000B4919A34FF
:107E70009AD2815959E795B781A3B53935350303AE
:107E80006B6B6B0303030303030303D9D9D9D9D95C
:107E9000D9D9D9D9D93933666671EA413B8080197D
:107EA000AB00000000000000000000000000000027
:107EB00000000000000000000000000000000000C2
:107EC00000000000000000000000000000000000B2
:107ED00000000000000000000000000000000000A2
:107EE0000000000000000000000000000000000092
:107EF0000000000000000000000000000000000082
:107F00000000000000000000000000000000000071
:107F10000000000000000000000000000000000061
:107F20000000000000000000000000000000000051
:107F30000000000000000000000000000000000041
:107F40000000000053BD53C88D4661853B8319E591
:107F5000C2F2505050C9C9C9C9C9C9C9C9C9C9C9DA
:107F6000C9C9C9C9C9C9C9C9C9C9C9C9C90462CBAB
:107F70001985E861B7469191A35DD8D7BF35030352
:107F800003353535353535353535353535353535D3
:107F90003535353535353535353535BF39F998D938
:107FA000E76434816C0202026C8502803B3B83AB48
:107FB000194E2CE5226204F21212C2F2F2C2C2F28F
:107FC000F2F2F2F2F2F2F2121212C0C0C0C0C0C05D
:107FD000C0C0C0C0C0C0C0EE121212F2F2C2622C09
:107FE000AB0C3B85958E346E16000000000000003F
:107FF0000000000000000000000000000000000081
:1080000000000000B40E0E9A9A348159595961B794
:10801000E7781A3935F503036B6B6B6B03030303C6
:1080200003030303D9D9D9D9D9D9D9D9D9D9D9747D
:1080300066C7716326413B3BABAB0000000000000C
:108040000000000000000000000000000000000030
:108050000000000000000000000000000000000020
:108060000000000000000000000000000000000010
:108070000000000000000000000000000000000000
:1080800000000000000000000000000000000000F0
:1080900000000000000000000000000000000000E0
:1080A00000000000000000000000000000000000D0
:1080B00000000000000000000000000000000000C0
:1080C00000000000000000000000000000000000B0
:1080D00000000000000000000000000000005353FA
:1080E0000C258D25853B83AB2CC2C2125050C9C9CB
:1080F000C9C9C9C9C9C9C9C9C9C9C9C9C9C9C9C9F0
:10810000C9C9C9C9C9C9C9622283850261B7469173
:10811000FB6FD8D7D7BF3503030335353535353534
:1081200035353535353535353535353535353535FF
:1081300035353535353910F4D8A79A3481596C0264
:10814000026C85802262626204C2C2C2F2F2121222
:10815000F212F2F2F2F2F2F2F2F2F2F2F21212127F
:10816000EEC0C0C0C0C0C0C0C0C0C0C0C0C0C0C0E1
:10817000EE121212F2F2C262E5190C3B3B618E3430
:108180006C951600000000000000000000000000D8
:108190000000000000000000000000000E0EC53FBF
:1081A0009A348159595959B7E78B6BF5E0F5820339
:1081B0006B036B6B6B0303030303030303D9D9D96D
:1081C000D9D9D9D9D9D9D9D9333172E2717126190E
:1081D0003B416E00000000000000000000000000B5
:1081E000000000000000000000000000000000008F
:1081F000000000000000000000000000000000007F
:10820000000000000000000000000000000000006E
:10821000000000000000000000000000000000005E
:10822000000000000000000000000000000000004E
:10823000000000000000000000000000000000003E
:10824000000000000000000000000000000000002E
:10825000000000000000000000000000000000001E
:10826000000000000000000000000000000000000E
:108270000000000000000000530C8D6525853B8345
:10828000AB2C62F2121212C9C9C9C9C9C9C9C9C97C
:10829000C9C9C9C9C9C9C9C9C9C9C9C9C9C9C9C94E
:1082A000042C8002E861B746915966F9D7BF35B80A
:1082B0000303033535353535353535353535353504
:1082C000353535353535353535353535353539107F
:1082D000F41F8BCE9A8E166C576C216180CBF212F4
:1082E00012EEF2F2C2C2121212F2F2F2F2F2F2F252
:1082F000F2F2F2F2F2F2121212EEC0C0C0C0C0C02E
:10830000C0C0C0C0C0C0C0C0C0EE121212F2F2F2B3
:1083100062224E0C3B3B6C9534346E166E000000AE
:10832000000000000000000000000000000000004D
:1083300000000000000E0E0E0E9A8159595959592D
:10834000E78BD9A8A8F582826B6B036B6B6B030379
:10835000030303030303D9D9D9D9D9D9D9D9D9D991
:10836000D98230724E5A716353AB6E5300000000D5
:1083700000000000000000000000000000000000FD
:1083800000000000000000000000000000000000ED
:1083900000000000000000000000000000000000DD
:1083A00000000000000000000000000000000000CD
:1083B00000000000000000000000000000000000BD
:1083C00000000000000000000000000000000000AD
:1083D000000000000000000000000000000000009D
:1083E000000000000000000000000000000000008D
:1083F000000000000000000000000000000000007D
:10840000000000000000000000000000000000006C
:10841000000053256525613B83832C6212501212A4
:10842000C9C9C9C9C9C9C9C9C9C9C9C9C9C9C9C9BC
:10843000C9C9C9C9C9C9C9C904624E85E8E861B7D3
:1084400046910C30B3D7BF35B80303033535353506
:1084500035353535353535353535353535353535CC
:1084600035353535353535F574F9ECBC0A648E593A
:108470006C57212185E822EEEEEEEEEE12040404A4
:108480000404F2F2F2F2F2F2F2F2F2F2F2F2F21288
:108490001212EEC0C0C0C0C0C0C0C0C0C0C0C0C00A
:1084A000C0C0EE121212F2F2F2C262C40C3B3B8563
:1084B000160ACE161616000000000000000000008C
:1084C00000000000000000000000000000000E0E90
:1084D000C50E34595959595957C7D973E082038287
:1084E0009E6B6B036B6B6B0303030303030303D9E3
:1084F000D9D9D9D9D9D9D9D9D9D9E0301E834E5AA9
:1085000071636E6E0B0000000000000000000000B0
:10851000000000000000000000000000000000005B
:10852000000000000000000000000000000000004B
:10853000000000000000000000000000000000003B
:10854000000000000000000000000000000000002B
:10855000000000000000000000000000000000001B
:10856000000000000000000000000000000000000B
:1085700000000000000000000000000000000000FB
:1085800000000000000000000000000000000000EB
:1085900000000000000000000000000000000000DB
:1085A000000000000000000000000046914646590F
:1085B000808383C46212121212121212121250C954
:1085C000C9C9C9C9505050505050C9C9C9C9C912A8
:1085D0001204228385E8E861FB4691FC55D7BFBFB2
:1085E0003535353535868686868686868686863511
:1085F000353535353535353535353535353535352B
:10860000F5A8F9F4AA9C9146956C0285855BB22C7D
:10861000505012F2F2120404040404040404C9C900
:10862000C9C9C9C9C9C91212121212EEC0C0C0C04C
:10863000C0C0C0C0C0C0C0C0C0C0C0EE121212F2E4
:10864000F2C9C2C2E5AB3B3B856125915F0A1600CA
:10865000000000000000000000000000000000001A
:108660000000000000000E0E0E349AD29CE702E8D3
:1086700002E2A873A8F5F5826B6B6B6B6B6B6B6B8F
:108680000303030303030303D9D9B8B8B8B8B8B8D0
:10869000D9D9BFBFD92783804E5A635A535A000095
:1086A00000000000000000000000000000000000CA
:1086B00000000000000000000000000000000000BA
:1086C00000000000000000000000000000000000AA
:1086D000000000000000000000000000000000009A
:1086E000000000000000000000000000000000008A
:1086F000000000000000000000000000000000007A
:108700000000000000000000000000000000000069
:108710000000000000000000000000000000000059
:108720000000000000000000000000000000000049
:108730000000000000000000000000000000000039
:108740000000000091919191B7808383C462F2127E
:108750001212121212121250C9C9C9C9C95050506E
:10876000505050C9C9C9C9C91212042C8085E8E803
:10877000B7464646095DD7D7BF3535353535868688
:108780008686868686868686353535353535353511
:10879000353535353535353535F5A8C3F4A8589A0E
:1087A00046816C0285855B614E505012F2F21204D4
:1087B00004040404040404C9C9C9C9C9C9C9C91243
:1087C00012121212EEC0C0C0C0C0C0C0C0C0C0C033
:1087D000C0C0C0C0EE1212121212C9C2C222198346
:1087E0003B8561B2465F0A0A0000000000000000FD
:1087F0000000000000000000000000000000000E6B
:10880000D20E34D2E75902E859723039A8F5F5B8DA
:108810001A6B6B6B6B6B6B6B6B03030303030303D1
:1088200003D9D9B8B8B8B8B8B8D9D9BFBF39C78390
:10883000E854AB8963698900000000000000000073
:108840000000000000000000000000000000000028
:108850000000000000000000000000000000000018
:108860000000000000000000000000000000000008
:1088700000000000000000000000000000000000F8
:1088800000000000000000000000000000000000E8
:1088900000000000000000000000000000000000D8
:1088A00000000000000000000000000000000000C8
:1088B00000000000000000000000000000000000B8
:1088C00000000000000000000000000000000000A8
:1088D00000000000000000000000000000919191E5
:1088E00091B78083834ECBF212121212121212121F
:1088F00050C9C9C9C9C9505050505050C9C9C9C937
:10890000C91212044E0285E8E8B7464681F05DD7E9
:1089100074BF353535353586868686868686868665
:1089200086353535353535353535353535353535A6
:108930003535F5A8C3F91FA72946FB610285855B7C
:1089400061AB125012F2F212040404040404040491
:10895000C9C9C9C9C9C9C9C91212121212EEC0C007
:10896000C0C0C0C0C0C0C0C0C0C0C0C0C0EE121235
:10897000505050C9F2C2CB4E833B8561B2460A8D3E
:1089800046000000000000000000000000000000A1
:10899000000000000000000E0E0E340ED2E759B7A2
:1089A00059A7301039F5F5B8B81A6B6B6B6B6B6B58
:1089B0006B6B0303030303030303D9D9B8B8B8B837
:1089C000B8B8D9D9BFBF39A083E854D4570B0B89A5
:1089D0000000000000000000000000000000000097
:1089E0000000000000000000000000000000000087
:1089F0000000000000000000000000000000000077
:108A00000000000000000000000000000000000066
:108A10000000000000000000000000000000000056
:108A20000000000000000000000000000000000046
:108A30000000000000000000000000000000000036
:108A40000000000000000000000000000000000026
:108A50000000000000000000000000000000000016
:108A60000000000000000000000000000000000006
:108A700000000000000091919191B7803B834ECBA4
:108A8000F2121212121212121250C9C9C9C9C950D7
:108A90005050505050C9C9C9C9C912F262AB0285C1
:108AA000E8E8B746469C305DD77435353535353501
:108AB0008686868686868686F8F835353535353558
:108AC0003535353535353535030303F5F51DF91FD6
:108AD000272946F7E80285855B6185625012F2F22C
:108AE000120404040404C9C9C9C9C9C9C9C9C9C986
:108AF000C91212121212EEC0C0C0C0C0C0C0C0C0A5
:108B0000C0C0C0C0C0C0EE1212121212C9121204AC
:108B1000C4833B3B8561258DE846000000000000D2
:108B2000000000000000000000000000000000F64F
:108B30003F3F9A0ED2E7E759B79C24D873A8F5B8FF
:108B4000B86B6B6B6B6B6B6B030303030303030368
:108B5000030303D9D9B8B8B8B8B8B8D9D9BFBF39A1
:108B60002419E854D4918E6C0B0000000000000022
:108B700000000000000000000000000000000000F5
:108B800000000000000000000000000000000000E5
:108B900000000000000000000000000000000000D5
:108BA00000000000000000000000000000000000C5
:108BB00000000000000000000000000000000000B5
:108BC00000000000000000000000000000000000A5
:108BD0000000000000000000000000000000000095
:108BE0000000000000000000000000000000000085
:108BF0000000000000000000000000000000000075
:108C000000000000000000000000000000000091D3
:108C1000919191B7803B3B1922F21212121212125B
:108C2000121250C9C9C9C9C9505050505050C9C971
:108C3000C9C9C912F2CB830285E8E8B74691385515
:108C40005DD7743535353535358686868686868694
:108C500086F8F835353535353535353535353535ED
:108C600035030303F582A8F9EC3ECEFBF7610285DC
:108C7000855B61B7E55012F2F2120404040404C9E2
:108C8000C9C9C9C9C9C9C9C9C9C91212121212EEC2
:108C9000C0C0C0C0C0C0C0C0C0C0C0C0C0C0C0EEA6
:108CA0001212121212C91212042CAB3B3B85612521
:108CB000468565460000000000000000000000003E
:108CC00000000000000000003F0EF60E34D2E7E77F
:108CD000D2D2A755C3E0D9B8B86B036B6B6B6B6B83
:108CE0006B0303030303030303030303D9D9B8B8D6
:108CF000B8B8B8B8D9D9BFBF73756E8054D4D49AF8
:108D0000910B0000000000000000000000000000C7
:108D10000000000000000000000000000000000053
:108D20000000000000000000000000000000000043
:108D30000000000000000000000000000000000033
:108D40000000000000000000000000000000000023
:108D50000000000000000000000000000000000013
:108D60000000000000000000000000000000000003
:108D700000000000000000000000000000000000F3
:108D800000000000000000000000000000000000E3
:108D900000000000000000000000000000000000D3
:108DA000000000000000000091911791B7803B3B4C
:108DB000AB22C250505012121250505050505050CE
:108DC0005050505050505050505050501250223B24
:108DD00002026C59813434BD7A5DBF743535353546
:108DE00035358686868686868686868686868686C5
:108DF000353535353535353535350303038282A8AC
:108E0000F91FAAA4F754B70285858561614E04C095
:108E1000EE12041212121212505050505050505074
:108E2000505050C0C0505050EEC0C0C0C0C0C0C0B4
:108E3000C0C0C0C0C0C0C0C0C05050505050C9C950
:108E4000C904E5AB833B85612565B28D3400000024
:108E50000000000000000000000000000000000012
:108E6000003F3FB43FD2E781D2D23831C3A8A8F542
:108E7000B89E9EB89E1A1A8282828282828282B8AC
:108E8000B8B8B8B8B83535B8B8B803030303353542
:108E90004A1DAA0783F7FBD417B4179100000000FE
:108EA00000000000000000000000000000000000C2
:108EB00000000000000000000000000000000000B2
:108EC00000000000000000000000000000000000A2
:108ED0000000000000000000000000000000000092
:108EE0000000000000000000000000000000000082
:108EF0000000000000000000000000000000000072
:108F00000000000000000000000000000000000061
:108F10000000000000000000000000000000000051
:108F20000000000000000000000000000000000041
:108F30000000000000000000000000000000000031
:108F400000911717D4B7803B3BABE5C2505050128D
:108F50001212505050C0C0C0C0C05050505050505D
:108F60001212121212F250E53B6C6C16958ECE3432
:108F7000ED7AD8BFBF353535353535868686868658
:108F80008686868686868686868686353535353516
:108F90003503030303038235BFC31F1D58F754591C
:108FA0000285858585618304EEEE12C9F2F2121204
:108FB000121212121212505050505050C0C0C050D5
:108FC00050EEC0C0C0C0C0C0C0C0C0C0C0C0C0C0E3
:108FD000C0C05050505050C9C9C9042219833B85A4
:108FE0008525644691340000000000000000000068
:108FF000000000000000000000000E349A29D28119
:1090000081D281E27D73E0F5B89E9E9E9E9E9E9EDB
:1090100082828282828282828203030303030303A9
:10902000B803030303030335354A1DB51E83B7FB9D
:10903000D49117466400000000000000000000000A
:109040000000000000000000000000000000000020
:109050000000000000000000000000000000000010
:109060000000000000000000000000000000000000
:1090700000000000000000000000000000000000F0
:1090800000000000000000000000000000000000E0
:1090900000000000000000000000000000000000D0
:1090A00000000000000000000000000000000000C0
:1090B00000000000000000000000000000000000B0
:1090C00000000000000000000000000000000000A0
:1090D00000000000000000000000911717D4B780C6
:1090E000808083E5C2505050121212505050C0C0C0
:1090F000C0C0C05050505050501212121212F20400
:109100002C806C6C16958ECE341E7AD8BFBF353548
:109110003535353586868686868686868686868633
:109120008686868635353535353503030303038258
:1091300035BFD7D8F4A3F7FB816185858585858503
:10914000CBC0EE12C9F2F212121212121212125007
:109150005050505050C0C0C05050EEC0C0C0C0C0F1
:10916000C0C0C0C0C0C0C0C0C0C0C050505050502F
:10917000C9C9C904CB4E833B3B85B26546913400D7
:1091800000000000000000000000000000000000DF
:1091900000000E0E0E9A29D281D2D29C315D73E06E
:1091A000B89E9E9E9E9E9E9E9E8282828282828289
:1091B000828203030303030303B8030303030303CC
:1091C00035354A1D33E283E854FB91176464290066
:1091D000000000000000000000000000000000008F
:1091E000000000000000000000000000000000007F
:1091F000000000000000000000000000000000006F
:10920000000000000000000000000000000000005E
:10921000000000000000000000000000000000004E
:10922000000000000000000000000000000000003E
:10923000000000000000000000000000000000002E
:10924000000000000000000000000000000000001E
:10925000000000000000000000000000000000000E
:1092600000000000000000000000000000000000FE
:10927000000000171717D4B7808080832CC2121209
:1092800012121212505050C0C0C0C0C050505050A6
:109290005050121212121250502C806C6C598A8E3F
:1092A000CE34FC08D8BFBF35353535353586868692
:1092B0008686868686868686868686868635353541
:1092C000353535030303030382823539C3F418258A
:1092D000D4B785853B858561852CEEC0F204F2F21A
:1092E0001212121212125050505050505050C0C012
:1092F000C0C0C0C0C0C0C0C0C0C0C0C0C0C0C0C06E
:10930000C0C0C0C05050505050C9C9C904622C835D
:109310003B3B85B265B28D8D00000000000000006F
:1093200000000000000000000000000E0E0E0E34D1
:10933000D2D234D2077A10A8F5D99E9E9E9E9E9EC8
:109340008282828282828282828282030303030378
:10935000030303030303030303353535A8F809ABFF
:10936000E8E8B7FB916465299A000000000000005E
:1093700000000000000000000000000000000000ED
:1093800000000000000000000000000000000000DD
:1093900000000000000000000000000000000000CD
:1093A00000000000000000000000000000000000BD
:1093B00000000000000000000000000000000000AD
:1093C000000000000000000000000000000000009D
:1093D000000000000000000000000000000000008D
:1093E000000000000000000000000000000000007D
:1093F000000000000000000000000000000000006D
:10940000000000000000000000000000911717D4C9
:10941000B7808080832C62121212121212505050A8
:10942000C0C0C0C0C0505050505050121212121242
:109430005050C4805757598A8ECE34E208D8BFBFE7
:1094400035353535353586868686868686868686A2
:10945000868686868686353535353535030303039E
:1094600003828282BFC3F4795BFBB785853B858528
:109470008561C4C0C0F204F2F2121212121212502C
:1094800050505050505050C0C0C0C0C0C0C0C0C0EC
:10949000C0C0C0C0C0C0C0C0C0C0C0C0C05050501C
:1094A0005050C9C9C90462E5AB3B3B856165B28ECA
:1094B0009500000000000000000000000000000017
:1094C0000000009A0E343F0E34D2349AD2711FC37A
:1094D000F5F5B89E9E9E9E9E9E82828282828282A8
:1094E0008282828203030303030303030303030350
:1094F00003033535354AA8794EE8E8B7B746292938
:109500000E640000000000000000000000000000E9
:10951000000000000000000000000000000000004B
:10952000000000000000000000000000000000003B
:10953000000000000000000000000000000000002B
:10954000000000000000000000000000000000001B
:10955000000000000000000000000000000000000B
:1095600000000000000000000000000000000000FB
:1095700000000000000000000000000000000000EB
:1095800000000000000000000000000000000000DB
:1095900000000000000000000000000000000000CB
:1095A0000000000000911717D4B7808080832C62E0
:1095B000121212121212505050C0C0C0C0C05050EF
:1095C0005050505012121212125004C48057575962
:1095D0008A8ECE34E208D8BFBF353535353535866D
:1095E000868686868686868686868686868686356C
:1095F00035353535350303030303828282F5D737CA
:10960000310CFBB75B853B85858561ABF2C0F2040D
:10961000F2F212121212121250505050505050507A
:10962000C0C0C0C0C0C0C0C0C0C0C0C0C0C0C0C03A
:10963000C0C0C0C0C0C05050505050C9C9C90404B7
:109640002219833B3B618EB257B20000000000003C
:109650000000000000000000000000D29A9C9A3F29
:109660000E0A34349A837A1FA8F5D9039E9E9E9ED3
:109670009E9E82828282828282828282820303030F
:1096800003030303030303030303033535DE4AA87F
:10969000F02CE8E8E8B7469A290E640000000000C4
:1096A00000000000000000000000000000000000BA
:1096B00000000000000000000000000000000000AA
:1096C000000000000000000000000000000000009A
:1096D000000000000000000000000000000000008A
:1096E000000000000000000000000000000000007A
:1096F000000000000000000000000000000000006A
:109700000000000000000000000000000000000059
:109710000000000000000000000000000000000049
:109720000000000000000000000000000000000039
:109730000000000000000000000000000000911781
:1097400017D4B780808083C4625050501212121216
:1097500012EEC0C0C0C0C0C0C0C0C0C0EE12121265
:109760001212C2624E57576C598A8E9A34C77D5D69
:1097700074BF353535353535868686868686868648
:109780008686868686868686353535353535030365
:1097900003030303030335D7F9CCA7FBF716853B77
:1097A0003B85856C8304C0EE121212121212C0C0E7
:1097B000C0C0C0C0C0C0C0C0C0C0C0C0C0C0C0C0A9
:1097C000C0C0C0C0C0C0C0C0C0C0C0C0C0C0C05009
:1097D00050501212F2F2F2C2C2CB4E833B3B850ACA
:1097E0000A57956C00000000000000000000000017
:1097F00000000000D2349A3F0E29CE9A919AFC08BC
:10980000D839BFB86B1A6B1A1A1A6B82828282829D
:10981000828282828282030303030303030303031E
:10982000030303030303CCBF1DCCFC856161B78137
:10983000343F0E290000000000000000000000007E
:109840000000000000000000000000000000000018
:109850000000000000000000000000000000000008
:1098600000000000000000000000000000000000F8
:1098700000000000000000000000000000000000E8
:1098800000000000000000000000000000000000D8
:1098900000000000000000000000000000000000C8
:1098A00000000000000000000000000000000000B8
:1098B00000000000000000000000000000000000A8
:1098C0000000000000000000000000000000000098
:1098D00000000000000000911791D4B780808083C1
:1098E000C4621250501212121212EEC0C0C0C0C098
:1098F000C0C0C0C0C0EE1212121212F2624E575710
:109900006C598A8E9A34C7085D74BF353535353544
:109910003586868686868686868686868686868638
:1099200086353535353535030303030303033535F4
:10993000D7F9D72746F795853B3B85856C3BCBC050
:10994000C0EE1212121212C0C0C0C0C0C0C0C0C04F
:10995000C0C0C0C0C0C0C0C0C0C0C0C0C0C0C0C007
:10996000C0C0C0C0C0C0C0C05050501212F2F2F20D
:10997000C2C2CB2C833B3B85B265954E6C4E00003A
:1099800000000000000000000000000000D29CD297
:109990003F0ECECE9A179A6F88F939D9B86B1A6BE9
:1099A0001A1A1A6B82828282828282828282820365
:1099B00003030303030303030303030303030386F4
:1099C00033F8F8C73B6161598134B49A290000002B
:1099D0000000000000000000000000000000000087
:1099E0000000000000000000000000000000000077
:1099F0000000000000000000000000000000000067
:109A00000000000000000000000000000000000056
:109A10000000000000000000000000000000000046
:109A20000000000000000000000000000000000036
:109A30000000000000000000000000000000000026
:109A40000000000000000000000000000000000016
:109A50000000000000000000000000000000000006
:109A600000000000000000000000000000000000F6
:109A7000D491D4D4B780808083C4CB1250501212BA
:109A8000125050EEC0C0C0C0C0C0C0C0C0C0EE12B6
:109A900012121212C2621957576C598A8E9A34C721
:109AA000085D74BF353535353535868686868686BC
:109AB0008686868686868686868682828235353545
:109AC0000303030303B8B83535BFD7F9A08EFB9560
:109AD00061853B85856C3BE5C0C0EE121212121207
:109AE000C0C0C0C0C0C0C0C0C0C0C0C0C0C0C0C076
:109AF000C0C0C0C0C0C0C0C0C0C0C0C0C0C0C0C066
:109B0000C05050501212F2F2F2C2C262E5AB3B3BBF
:109B100085B28D650C576E0000000000000000004B
:109B20000000000000008AE7E70E0ECECE9A9AD21F
:109B30006608C339D9036B1A6B1A1A6B6B8282825F
:109B40008282828282828282B8B803030303030383
:109B500003030303030303034933F8F83E836161FE
:109B600002813429B4290000000000000000000038
:109B700000000000000000000000000000000000E5
:109B800000000000000000000000000000000000D5
:109B900000000000000000000000000000000000C5
:109BA00000000000000000000000000000000000B5
:109BB00000000000000000000000000000000000A5
:109BC0000000000000000000000000000000000095
:109BD0000000000000000000000000000000000085
:109BE0000000000000000000000000000000000075
:109BF0000000000000000000000000000000000065
:109C0000000000000000000000D491FBD4B7E88001
:109C100080834ECBF21212121212505050C0C0C0AC
:109C2000C0C0C0C0C0C0C0EE1212121212F262193F
:109C300057576C598A8E9AD26F08D874BF3535350C
:109C400035353586868686868686868686868686A7
:109C50008686868282823535B803030303030303B5
:109C6000B835BFD7F9798A46256185853B3B6C8538
:109C7000C450EE121212121212C0C0C0C0C0C0C036
:109C8000C0C0C0C0C0C0C0C0C0C0C0C0C0C0C0C0D4
:109C9000C0C0C0C0C0C0C0C0C0C05050501212F23E
:109CA000F2F2C2C2622219833B85B28D65574E6EB5
:109CB0000000000000000000000000000000008A1A
:109CC000E79C0E0E0A349A9A9C317DC339D96B6B8E
:109CD0006B6B6B6B6B8282828282828282828282D7
:109CE00082030303030303030303030303030303C5
:109CF000033633F81D66ABE8615981343FB43F0049
:109D00000000000000000000000000000000000053
:109D10000000000000000000000000000000000043
:109D20000000000000000000000000000000000033
:109D30000000000000000000000000000000000023
:109D40000000000000000000000000000000000013
:109D50000000000000000000000000000000000003
:109D600000000000000000000000000000000000F3
:109D700000000000000000000000000000000000E3
:109D800000000000000000000000000000000000D3
:109D900000000000000000000000000000000000C3
:109DA000000046D4FBFBB7E88080834E22F21212FB
:109DB000121212505050C0C0C0C0C0C0C0C0C0C0FD
:109DC000EE1212121212C262AB57576C598A8E9A57
:109DD000D26F085D74BF3535353535358686868654
:109DE0008686868686868686868686868282823570
:109DF00035B803030303030303B8B835F8F9303863
:109E000046256185853B3B5785ABF2C0EE121212A9
:109E10001212C0C0C0C0C0C0C0C0C0C0C0C0C0C09E
:109E2000C0C0C0C0C0C0C0C0C0C0C0C0C0C0C0C032
:109E3000C0C0C05050501212F2F2F2C2C262CB4EF9
:109E4000833B85BA0A658581570000000000000049
:109E500000000000000000008AE78A3F0E0A349AE2
:109E6000B438D05DC3BFB86B6B6B6B6B6B6B8282AE
:109E700082828282828282828282030303030303BC
:109E8000030303030303030303033633F8F8AA1998
:109E900085615946343F3FDB0000000000000000B0
:109EA00000000000000000000000000000000000B2
:109EB00000000000000000000000000000000000A2
:109EC0000000000000000000000000000000000092
:109ED0000000000000000000000000000000000082
:109EE0000000000000000000000000000000000072
:109EF0000000000000000000000000000000000062
:109F00000000000000000000000000000000000051
:109F10000000000000000000000000000000000041
:109F20000000000000000000000000000000000031
:109F3000000000000000000000000046FBFBFBE802
:109F4000E88080834E22C2F212121212EEEEEEC0B0
:109F5000C0C0C0C0C0C0C0C0C0EE121212121212E7
:109F6000CBAB57575759818E9A8E6FECF974BF352A
:109F70003535353535868686868686868686868616
:109F80008686868686868686868682030303030304
:109F90000303030335F8D7747B8E2561853B3B3B78
:109FA000BB2183CBC0C05050501212C0C0C0C0C033
:109FB000C0C0C0C0C0C0C0C0C0C0C05050505050D1
:109FC00050C0C0C0C0C0C0C0C0C0C0C050505012FF
:109FD00012F2F2F2F2C2C262C4833B3B6C25659579
:109FE0000C8159000000000000000000000000008B
:109FF00000D2D2340E9ACE29B4B4BD55D810D9B8F7
:10A000006B036B6B6B6B6B8282829E9E9E828282E5
:10A01000828282B8B8030303030303030303030329
:10A020000303038286F8F8AA5221616125293FF6CD
:10A03000060000000000000000000000000000001A
:10A040000000000000000000000000000000000010
:10A050000000000000000000000000000000000000
:10A0600000000000000000000000000000000000F0
:10A0700000000000000000000000000000000000E0
:10A0800000000000000000000000000000000000D0
:10A0900000000000000000000000000000000000C0
:10A0A00000000000000000000000000000000000B0
:10A0B00000000000000000000000000000000000A0
:10A0C0000000000000000000000000000000000090
:10A0D0000000000046FBB25454E802803B4E22C20E
:10A0E000F2121212121212EEC0C0C0C0C0C0C0C024
:10A0F000C0C0EE121212121212CBABBB576C5981B8
:10A100008E9AD26FECF974BF353535353535868684
:10A1100086868686868686868686868686868686DF
:10A1200086868686030303030303030303354A1D60
:10A1300010A30A2561853B3B3BBBBB3BE550C050B0
:10A1400050501212C0C0C0C0C0C0C0C0C0C0C050BB
:10A150005050C0C0505050505050C0C0C0C0C0C07F
:10A16000C0C0C0C0C05050501212F2F2F2F2C2C2CF
:10A1700062E5AB3B3B85B26565168E95000000003D
:10A18000000000000000000000C5348ACE0ECECED4
:10A1900029B4B4725D1010D9B86B6B6B6B6B6B6BC1
:10A1A0008282829E9E9E82828282826B6B6B03037E
:10A1B0000303030303030303030303038686F8F87F
:10A1C0009943215BB22529DB7606000000000000E0
:10A1D000000000000000000000000000000000007F
:10A1E000000000000000000000000000000000006F
:10A1F000000000000000000000000000000000005F
:10A20000000000000000000000000000000000004E
:10A21000000000000000000000000000000000003E
:10A22000000000000000000000000000000000002E
:10A23000000000000000000000000000000000001E
:10A24000000000000000000000000000000000000E
:10A2500000000000000000000000000000000000FE
:10A2600000000000000000000000000000B7FB61DB
:10A270005454E802803BAB22C2F2121212121212A4
:10A28000EEC0C0C0C0C0C0C0C0C0C0EE121212122A
:10A290001212CBABBB576C59818E9A813EECF9748C
:10A2A000BF353535353535868686868686868686FB
:10A2B00086868686868686868686868686030303C7
:10A2C000030303030303354A1D108B8AB261853BE8
:10A2D0003B3BBBBB3BC4F2C05050501212C0C0C08D
:10A2E000C0C0C0C0C0C0C0C0505050C0C05050500E
:10A2F000505050C0C0C0C0C0C0C0C0C0C0C050508E
:10A30000501212F2F2F2F2C2C26222AB833B859586
:10A3100065298E0A8A00000000000000000000008D
:10A3200000009ACED29A0ECECE293F0E277A101078
:10A33000D9B86B6B6B6B6B6B6B8282828282828211
:10A3400082828282826B6B03030303030303030392
:10A3500003030303038686F8F8B172215BB2342944
:10A36000DB76060000000000000000000000000096
:10A3700000000000000000000000000000000000DD
:10A3800000000000000000000000000000000000CD
:10A3900000000000000000000000000000000000BD
:10A3A00000000000000000000000000000000000AD
:10A3B000000000000000000000000000000000009D
:10A3C000000000000000000000000000000000008D
:10A3D000000000000000000000000000000000007D
:10A3E000000000000000000000000000000000006D
:10A3F000000000000000000000000000000000005D
:10A40000000000000000B7FB615454E802803BAB41
:10A41000E562C2C2F2F2F21212EEC0C0C0C0C0C009
:10A42000C0C0C0C0EE1212121212F222ABBB5757BC
:10A430006C8134B4343E1FF974BF3535353535354C
:10A4400086868686868686868686868686868686AC
:10A4500086868686868203B80303030303030335D7
:10A4600086A8C3A016F7B285853B3BBBBB3B4EF22B
:10A47000C05050505050C0C0C0C0C0C0C0C0C0C00C
:10A48000C05050C0C0C0C0C0C0505050C0C0C0C0FC
:10A49000C0C0C0C0C0C0C05050501212F2F2F2C2D0
:10A4A000C2C262224E833B85B28D298E0AD2000041
:10A4B00000000000000000000000009A0ECE9A0E7E
:10A4C000CECE29290E6F5D39BFD9356B1A6B6B6BF8
:10A4D0006B1A1A828282F5F53582828282820303A8
:10A4E0006B6B6B030303030303030303030349863B
:10A4F00086F8F878975B95343FDB767600000000AD
:10A50000000000000000000000000000000000004B
:10A51000000000000000000000000000000000003B
:10A52000000000000000000000000000000000002B
:10A53000000000000000000000000000000000001B
:10A54000000000000000000000000000000000000B
:10A5500000000000000000000000000000000000FB
:10A5600000000000000000000000000000000000EB
:10A5700000000000000000000000000000000000DB
:10A5800000000000000000000000000000000000CB
:10A590000000000000000000000000000000008536
:10A5A00061E85454E802803BABE562C2F2F2F2F299
:10A5B0001212EEC0C0C0C0C0C0C0C0C0C0EE1212F7
:10A5C000121212F222ABBB57576C8134B48EAE1FFD
:10A5D000F974BF3535353535358686868686868667
:10A5E0008686868686868686868686868686820392
:10A5F000B8030303030303033586A8392457F7B2CE
:10A6000061853B3BBBBB3BABCB125050505050C065
:10A61000C0C0C0C0C0C0C0C0C0C05050C0C0C0C01A
:10A62000C0C0505050C0C0C0C0C0C0C0C0C0C0C07A
:10A630005050501212F2F2F2C2C2C262CBC4833B3B
:10A64000856125658A9AD2000000000000000000A4
:10A65000000000000E0E0E0E0ECECE29290EAE5DAD
:10A6600039BF35036B1A6B6B6B036B8282F539D77D
:10A67000D7BFBF353535B803036B6B6B03030303DB
:10A68000030303030303034986F8D7F8E2975B95B6
:10A69000CEAF7676760000000000000000000000DB
:10A6A00000000000000000000000000000000000AA
:10A6B000000000000000000000000000000000009A
:10A6C000000000000000000000000000000000008A
:10A6D000000000000000000000000000000000007A
:10A6E000000000000000000000000000000000006A
:10A6F000000000000000000000000000000000005A
:10A700000000000000000000000000000000000049
:10A710000000000000000000000000000000000039
:10A720000000000000000000000000000000000029
:10A730000000000000000000D585855454B7028059
:10A740003BAB2CCBC2F2F2F2F21212EEC0C0C0C090
:10A75000C0C0C0C0C0C0EE1212121212F222ABBBB7
:10A7600057576C81342981AEECF974BF35353535D6
:10A77000353586868686868686868686868686861B
:10A78000868686868686868203B8B8B8B8030303B1
:10A79000033535A8730F0CF72561853B3BBBBB3BED
:10A7A00083E550C0C0C0C0C0C0C0C0C0C0C0C0C031
:10A7B000C0C0C0C0C0C0C0C0C0C0C0C0C0C0C0C099
:10A7C000C0C0C0C0C0C0C0C0C05050505050F2F255
:10A7D000F2C2C2C26262E5AB3B856195CE958E8ABC
:10A7E000000000000000000000000000000E0E0E3F
:10A7F0000E0ECECE4F0ECEF05D39D9B8036B6B6B1B
:10A800006B6B03B83535BF10D7BF3910393535827A
:10A810006B6B6B6B6B030303030303030303030300
:10A820004986F8D7D718975BBA0AAF7676760000D4
:10A830000000000000000000000000000000000018
:10A840000000000000000000000000000000000008
:10A8500000000000000000000000000000000000F8
:10A8600000000000000000000000000000000000E8
:10A8700000000000000000000000000000000000D8
:10A8800000000000000000000000000000000000C8
:10A8900000000000000000000000000000000000B8
:10A8A00000000000000000000000000000000000A8
:10A8B0000000000000000000000000000000000098
:10A8C0000000000000000000000000000000000088
:10A8D00000042C8354FBB7B70280AB2CCB62C2F2CE
:10A8E000F2F21212EEC0C0C0C0C0C0C0C0C0C0EE04
:10A8F0001212121212F2228321576C168A8E64955C
:10A90000AEEC3774353535353535358686868686F1
:10A9100086868686868686868686863535358282D2
:10A92000B80303030303030303033535A81D3152A2
:10A9300025256185853BBBBB3B3B4E0450C0505039
:10A9400050C0C0C0C0C0EE5050505050C0C0C0C079
:10A95000C0C0C0C0C0C0C0C0C0C0C0C0C0C0C0C0F7
:10A96000C0C0C0C0C0C0C012F2F2C2C204046222A1
:10A97000193B576C95658A612C00000000000000AF
:10A980000000000000000E0E0E0E0ECECECF6402B0
:10A99000B5F9BFD9B86B6B6B1A6B030335A81D33C0
:10A9A00024E21EE20F55D7F88682823503030303A3
:10A9B000030303034949494949038686F8D7A00C94
:10A9C0005BBA4F3FCD3DCD0000000000000000000D
:10A9D0000000000000000000000000000000000077
:10A9E0000000000000000000000000000000000067
:10A9F0000000000000000000000000000000000057
:10AA00000000000000000000000000000000000046
:10AA10000000000000000000000000000000000036
:10AA20000000000000000000000000000000000026
:10AA30000000000000000000000000000000000016
:10AA40000000000000000000000000000000000006
:10AA500000000000000000000000000000000000F6
:10AA600000000000000000000000C92CC4E8FBFB4F
:10AA7000B70280ABC42262C2F2F2F21212EEC0C080
:10AA8000C0C0C0C0C0C0C0C0EE121212121212224A
:10AA90008321576C168A8E6495661FD774353535B9
:10AAA000353535358686868686868686868686868A
:10AAB000868686863535358282B803030303030311
:10AAC0000303033535A81DB50725256185853BBBE7
:10AAD000BB3B80ABCB50C0505050C0C0C0C0C0EEDC
:10AAE0005050505050C0C0C0C0C0C0C0C0C0C0C096
:10AAF000C0C0C0C0C0C0C0C0C0C0C0C0C0C0C0C056
:10AB000012F2F2C2C20404C2CBC43BBB57958E34CE
:10AB1000162C2C0000000000000000000000000EB9
:10AB20000E0E9A290A0A0E9A4130D735D9B86B6BA6
:10AB30006BDEDE0335BF350FA7CFB9B9DFCF8B741E
:10AB4000F81D35353503030303030303034949495E
:10AB50004949038686F8F9240C21BACE06CD3DCDAD
:10AB600000000000000000000000000000000000E5
:10AB700000000000000000000000000000000000D5
:10AB800000000000000000000000000000000000C5
:10AB900000000000000000000000000000000000B5
:10ABA00000000000000000000000000000000000A5
:10ABB0000000000000000000000000000000000095
:10ABC0000000000000000000000000000000000085
:10ABD0000000000000000000000000000000000075
:10ABE0000000000000000000000000000000000065
:10ABF0000000000000000000000000000000000055
:10AC0000000000C9042CE8FBFBB70280ABC4226241
:10AC1000C2F2F2F21212EEEEEEC0C0C0C0C0C0C06E
:10AC2000C0EE1212121212EEE58321576C168A340E
:10AC30006495F01F3774353535033535358686868E
:10AC40008686868686868686868686868635353597
:10AC50008282B80303B8B8B8030303033535A81DCF
:10AC6000B5D5F7FB6185853BBBBB3B803BE55050D1
:10AC7000505050EEEEEEC0C0EE5050C0C0C0C0C04C
:10AC8000C0C0C0C0C0C0C0C0C0C0C0C0C0C0C0C0C4
:10AC9000C0C0C0C0C0C0C0C0C012F2F2C2C204F284
:10ACA000C2622C83BB576C8E65656C2C2C00000037
:10ACB00000000000000000000E0E9A0ECE0A0A29C5
:10ACC000B4A7DED7BFD9B86B6B6BDEDE35BF747946
:10ACD00038B9B9767676B9CFA33539BF35350303A0
:10ACE00003030303034949494949490349F8D7F490
:10ACF000794161BAC506B93DCD00000000000000F1
:10AD00000000000000000000000000000000000043
:10AD10000000000000000000000000000000000033
:10AD20000000000000000000000000000000000023
:10AD30000000000000000000000000000000000013
:10AD40000000000000000000000000000000000003
:10AD500000000000000000000000000000000000F3
:10AD600000000000000000000000000000000000E3
:10AD700000000000000000000000000000000000D3
:10AD800000000000000000000000000000000000C3
:10AD9000000000000000000000000000C9C9D53B11
:10ADA000FBD4FB0280ABC42262C2F2F2F212121296
:10ADB0001212C0C0C0C0C0C0C0C0EE121212121227
:10ADC00012E58321576C168A346495F0D8377435B0
:10ADD000353503353535868686868686868686862B
:10ADE0008686868686863535358282B803030303D8
:10ADF00003030303033535A81DB553B22561853B15
:10AE00003BBBBB3B80804E6250505050121212C070
:10AE1000C0EE5050C0C0C0C0C0C0C0C0C0C0C0C0E4
:10AE2000C0C0C0C0C0C0C0C0C0C0C0C0C0C0C0C022
:10AE3000C0C012F2F2C2C2C2C2C2C2E5ABBB575717
:10AE40009534CE342C3B2C000000000000000000A4
:10AE5000000E0E0E0E290A0A299A1EBF1D33D96B49
:10AE60006B6B6BDE353574557B767676DB3FDF7644
:10AE700076B978BFD7353503036B6B6B6B6B49497C
:10AE8000494949490349F8D7F40F41618ACE0E0672
:10AE9000B9B9CD0000000000000000000000000073
:10AEA00000000000000000000000000000000000A2
:10AEB0000000000000000000000000000000000092
:10AEC0000000000000000000000000000000000082
:10AED0000000000000000000000000000000000072
:10AEE0000000000000000000000000000000000062
:10AEF0000000000000000000000000000000000052
:10AF00000000000000000000000000000000000041
:10AF10000000000000000000000000000000000031
:10AF20000000000000000000000000000000000021
:10AF3000000000000004C904ABD491465980ABC4A2
:10AF4000E562C2F2F2F21212121212C0C0C0C0C008
:10AF5000C0C0C0EE121212121212E58321576C16F5
:10AF60008A34641631D8D77435353503353535868E
:10AF700086868686868686868686868686868635C2
:10AF800035358282B8030303030303030303353516
:10AF9000A81D3153B22561853B3BBBBB3B80808301
:10AFA0002212505050121212C0C0EE5050C0C0C0F9
:10AFB000C0C0C0C0C0C0C0C0C0C0C0C0C0C0C0C091
:10AFC000C0C0C0C0C0C0C0C0C0C0C012F2F2C2C2C7
:10AFD000C2C2C2622219BB575795342929AB6C2CC7
:10AFE000000000000000000000000E0E0E0E290AF6
:10AFF0000A299AE2BFA833B81A6B6B6B0382A85D6B
:10B000003E0EDBDBAF2929CF3F2FDB7EBCC33935BA
:10B0100003036B6B6B6B6B4949494949490349F819
:10B02000D7F43141610AC50E06B906B9B90000006E
:10B030000000000000000000000000000000000010
:10B040000000000000000000000000000000000000
:10B0500000000000000000000000000000000000F0
:10B0600000000000000000000000000000000000E0
:10B0700000000000000000000000000000000000D0
:10B0800000000000000000000000000000000000C0
:10B0900000000000000000000000000000000000B0
:10B0A00000000000000000000000000000000000A0
:10B0B0000000000000000000000000000000000090
:10B0C0000000000000000000000000000000042C50
:10B0D000C94E469146B780834EE5CBC2121212127A
:10B0E00012121212121212121212121212F2F2F2A0
:10B0F000F2F2F2E50C21576C168A65B459311FD76C
:10B1000074D935353503030386868686868686861A
:10B1100086868686868686868282828282B80303B7
:10B12000030303353535033533747431D5BAFB6108
:10B1300085808080808080803BC404C912C0EEEE90
:10B14000EEC0C0C0C0C0C0C0C0C0C0C0C0C0C05041
:10B15000505050505050505050C0C0C0C0C0C0C0DF
:10B16000C0C0C0C012F2F2F2F2F2C2C2C2624E3BE2
:10B17000808002B78D8D3BFB6C000000000000005A
:10B180000000000E0E0E9ACE8E8E65C518D7BFDE5B
:10B190006B1A1A6B03034AD77A723F3F29CE0A0A09
:10B1A00034292906060755C339031A6B6B6B6B6B81
:10B1B00049494949494903CCF8D7F431BD5B0AC52F
:10B1C000CE3FB9B976F60000000000000000000094
:10B1D000000000000000000000000000000000006F
:10B1E000000000000000000000000000000000005F
:10B1F000000000000000000000000000000000004F
:10B20000000000000000000000000000000000003E
:10B21000000000000000000000000000000000002E
:10B22000000000000000000000000000000000001E
:10B23000000000000000000000000000000000000E
:10B2400000000000000000000000000000000000FE
:10B2500000000000000000000000000000000000EE
:10B260000000000000000000C9C94E619146B7808F
:10B270000C4EE5CBC212121212121212121212123C
:10B28000121212121212F2F2F2F2F2F22C3B2157C7
:10B290006C168E65B459B5F4D774D93535350303BA
:10B2A00003868686868686868686868686868686C1
:10B2B000868282828282B803030303033535350315
:10B2C000353374740F0725FB618580808080808012
:10B2D000808019220412C0EEEEEEC0C0C0C0C0C013
:10B2E000C0C0C0C0C0C0C0C05050505050505050DE
:10B2F0005050C0C0C0C0C0C0C0C0C0C0C012F2F278
:10B30000F2F2F2C2C2C2C2C43B8080E8618D65FB2A
:10B31000FB8100000000000000000000290E0E9AD2
:10B32000CE8A8E8DC5A0D7BFDE6B1A1A1A0303F81A
:10B33000D730383F29CE348A8A8E34293F06E755E4
:10B34000B339D9826B6B6B6B6B49494949494903E6
:10B35000CCF8D7F4B1BD5B0AC5CE3FB9B976F600DB
:10B3600000000000000000000000000000000000DD
:10B3700000000000000000000000000000000000CD
:10B3800000000000000000000000000000000000BD
:10B3900000000000000000000000000000000000AD
:10B3A000000000000000000000000000000000009D
:10B3B000000000000000000000000000000000008D
:10B3C000000000000000000000000000000000007D
:10B3D000000000000000000000000000000000006D
:10B3E000000000000000000000000000000000005D
:10B3F000000000000000000000000000000000004D
:10B400000000C9C9E81746B7800C19E5CBC2121273
:10B41000121212121212121212121212121212F22C
:10B42000F2F2F2F2C22C3B21576C168E65B4023058
:10B43000F9D774D935353503030386868686868623
:10B44000868686868686868686868282828282B87E
:10B45000030303030335353503353374740F0725B0
:10B46000FB61858080808080808080832CC212C0B8
:10B47000EEEEEEC0C0C0C0C0C0C0C0C0C0C0C0C042
:10B48000C050505050505050505050C0C0C0C0C01C
:10B49000C0C0C0C0C0C012F2F2F2F2F2C2C2F2F2F8
:10B4A000E5833B850261258D464681000000000052
:10B4B0000000000000290E0E9ACE8A8E8D8A24D7B5
:10B4C000BFDE6B1A1A1A0335BFD7F0D26529348A4A
:10B4D00016168AD2CE3F3FC5B5B33933826B6B6B3C
:10B4E0006B6B49494949494903CCF8F8F9B1BD5B4F
:10B4F0000AC5CE3FB9B976B90000000000000000CF
:10B50000000000000000000000000000000000003B
:10B51000000000000000000000000000000000002B
:10B52000000000000000000000000000000000001B
:10B53000000000000000000000000000000000000B
:10B5400000000000000000000000000000000000FB
:10B5500000000000000000000000000000000000EB
:10B5600000000000000000000000000000000000DB
:10B5700000000000000000000000000000000000CB
:10B5800000000000000000000000000000000000BB
:10B590000000000000000000000000C9FB619146AF
:10B5A000B7850C192CCBC2121212121212121250A1
:10B5B0005050121212121212F2F2C2F212C2C4BB94
:10B5C000216C16160A65B40230F41D33D903030347
:10B5D00003030349494949493636363636368686A5
:10B5E0008686868282828282B80303030303030372
:10B5F000030335337433660725FB61028080808046
:10B6000080808080804E2250EEEEEEEEEEEEEEC0B8
:10B61000C0C0C0C0C0C0C0C0C0C0505050505050CA
:10B6200050505050C0C0C0C0C0C0C0C0C0C0C01288
:10B630001212F2F2F2C2C2C2C2CBAB3B80850295BB
:10B640006546914600000000000000000000290E41
:10B650000E9A348E8A8DE779D7BFD91A1A1A1A6BC7
:10B6600033D75D79D264CE0A8A95958A8E9A293F1E
:10B67000C5309839D9826B6B6B6B6B494949494925
:10B68000CC4949F8F8F9CCBD5B0AC5CE3F06CD766A
:10B69000B9000000000000000000000000000000F1
:10B6A000000000000000000000000000000000009A
:10B6B000000000000000000000000000000000008A
:10B6C000000000000000000000000000000000007A
:10B6D000000000000000000000000000000000006A
:10B6E000000000000000000000000000000000005A
:10B6F000000000000000000000000000000000004A
:10B700000000000000000000000000000000000039
:10B710000000000000000000000000000000000029
:10B720000000000000000000000000000000000019
:10B7300000000000C961FB1746B7853B192CCBC23E
:10B74000121212121212121250505012121212121F
:10B7500012F2F2C2F212C2C485216C16160A29B482
:10B7600002D0F91D33D903030303030349494949AF
:10B770004936363636363686868686868282828296
:10B7800082B80303030303030303033533743366EF
:10B790006E8DFB610280808080808080808083E568
:10B7A00012EEEEEEEEEEEEEEC0C0C0C0C0C0C0C005
:10B7B000C0C0C050505050505050505050C0C0C0E9
:10B7C000C0C0C0C0C0C0C0C0121212F2F2F2C2C2E9
:10B7D000C2C262C43B808085B28DFB8DD200000066
:10B7E000000000000000003F0E0E9A348E8A8D9CEF
:10B7F0000FD735DE1A1A1A1A6B33107D3ED264CE7B
:10B800008E9516958A8E9A29064108B339D9826B8E
:10B810006B6B1A1AB1B1B1B149494949F8F8F9DE6F
:10B82000A75B0AC5CE3F06CDCDB9000000000000E1
:10B830000000000000000000000000000000000008
:10B8400000000000000000000000000000000000F8
:10B8500000000000000000000000000000000000E8
:10B8600000000000000000000000000000000000D8
:10B8700000000000000000000000000000000000C8
:10B8800000000000000000000000000000000000B8
:10B8900000000000000000000000000000000000A8
:10B8A0000000000000000000000000000000000098
:10B8B0000000000000000000000000000000000088
:10B8C0000000000000000000000000000081FB6498
:10B8D000B491B7853BAB2CCBC212121212121212CA
:10B8E00012EE5050121212121212F2F2C2F212C2E0
:10B8F0004E85216C16160A293F57D0F93933D903E2
:10B900000303030303494949494936363636363677
:10B9100082828282828282828282B8B8B8030303E2
:10B92000030303033533743379528DFBB7E8858005
:10B93000808080808080803B4ECB12EEEEEEEEEE7B
:10B94000EEC0C0C0C0C0C0C0C0C0C0C05050505089
:10B95000505050505050C0C0C0C0C0C0C0C0C0C087
:10B96000C05050501212F2C2C2C2C262E5833B8084
:10B9700002958E81818E0000000000000000000012
:10B980003F0E0E9ACE8E8A253831BF35DE1A1A1A2E
:10B990001A6B33F97D6F3464CE8A161616958ECEE7
:10B9A000B406C77AC33935036B6B6B1A1AB1B1B1E0
:10B9B000B1B1494949F8F8F9DEA7B20AC5CE06B9CE
:10B9C000CD3DB900000000000000000000000000B4
:10B9D0000000000000000000000000000000000067
:10B9E0000000000000000000000000000000000057
:10B9F0000000000000000000000000000000000047
:10BA00000000000000000000000000000000000036
:10BA10000000000000000000000000000000000026
:10BA20000000000000000000000000000000000016
:10BA30000000000000000000000000000000000006
:10BA400000000000000000000000000000000000F6
:10BA500000000000000000000000000000000000E6
:10BA6000000000000000648A063F9AB7853BABC423
:10BA7000CBC21212121212121212121212F2F2F29D
:10BA8000F2F2F2F2F2C2C212C21985216C6C953444
:10BA9000293F5733D839BFD90303036B6B6B49492F
:10BAA00049363636363636368282828282828282C3
:10BAB0008282826B03030303030303030335DE3334
:10BAC0003579BD8DFBB7E8808080808080803B80A9
:10BAD00080AB22F25050505050C0C0C0C0C0C01205
:10BAE0001250505050505050505050505050505094
:10BAF0005050505050C0C0C0C0C0505050121212D0
:10BB0000C2C2C2C26222AB3B80026C8E818E818A2D
:10BB10000000000000000000003F0E0E0E9A8E8A0A
:10BB2000255831A835DE9E1A1A1AB8BFC37DC79AA8
:10BB300029CED2E7E7E7618ACEB40E0FD8D7BF355A
:10BB4000031A1A1A1A1AB1B1B1B1B1B1494986D75B
:10BB5000D7DEA7B70AC50ECFB93D3D3D00000000B6
:10BB600000000000000000000000000000000000D5
:10BB700000000000000000000000000000000000C5
:10BB800000000000000000000000000000000000B5
:10BB900000000000000000000000000000000000A5
:10BBA0000000000000000000000000000000000095
:10BBB0000000000000000000000000000000000085
:10BBC0000000000000000000000000000000000075
:10BBD0000000000000000000000000000000000065
:10BBE0000000000000000000000000000000000055
:10BBF00000000000000000000000000000000064E1
:10BC00003F3F062981023B83C422C2121212121244
:10BC1000121212121212F2F2F2F2F2F2F2F2C2C2A4
:10BC200012C2AB57216C6C953429DBBB745D39BFF4
:10BC3000D9036B6B6B6B6B494949363636363636F2
:10BC40003682828282828282828282826B030303B4
:10BC500003030303030335DE333579418DFBB7E876
:10BC6000808080808080808085803BC4C25050501E
:10BC70005050C0C0C0C0C0C01212505050505050A0
:10BC80005050505050505050505050505050C0C0D4
:10BC9000C0C0C0505050121212C2C2C2C262CB4EBB
:10BCA0003B80576C81349525810000000000000026
:10BCB00000003F0E0E0E9A8E8A8D58B5A835359E1F
:10BCC0001A1A1AB8BFC37DFC9A65CED2E7E7E761BE
:10BCD0008ACEB4A433F939BF03031A1A1A1A1AB157
:10BCE000B1B1B1B1B14949CCF8D7DEA7B70AC50E99
:10BCF000CFB93D3D3D000000000000000000000005
:10BD00000000000000000000000000000000000033
:10BD10000000000000000000000000000000000023
:10BD20000000000000000000000000000000000013
:10BD30000000000000000000000000000000000003
:10BD400000000000000000000000000000000000F3
:10BD500000000000000000000000000000000000E3
:10BD600000000000000000000000000000000000D3
:10BD700000000000000000000000000000000000C3
:10BD800000000000000000000000000000000000B3
:10BD900000000000000000009A3F8A3F2946023B55
:10BDA000834E22621212121212121212121212F286
:10BDB000F2F2F2F2F2F2F2F2F250C2836C5B6C6CCD
:10BDC00095343F3F0C551039D9D9036B6B6B6B6BB6
:10BDD0004949493636868686868682828282828272
:10BDE00082828282826B03036B6B6B0303030335D6
:10BDF000DE33CC24418DFBB7E8808080808080805A
:10BE000080850280AB22F25050505050EEEEC0C000
:10BE1000C01212125050505050505050505050506C
:10BE200050505050505050C0C0C0C0C050505050E2
:10BE30005012F2F2F2C2C262C43B3B576C9534819D
:10BE4000BB818500000000000000003F0E3F3F9ACC
:10BE50000A8A25BD6BA882031A1A1A1AB8BF377D41
:10BE6000726429CED2E7E7E7950A6517A710F9D7DC
:10BE70003503031A1A1A1A1AB1B1B1B1B1B1B1B17D
:10BE8000CCF8D7DEEDB20AC50ECFB93D3D3D00007E
:10BE900000000000000000000000000000000000A2
:10BEA0000000000000000000000000000000000092
:10BEB0000000000000000000000000000000000082
:10BEC0000000000000000000000000000000000072
:10BED0000000000000000000000000000000000062
:10BEE0000000000000000000000000000000000052
:10BEF0000000000000000000000000000000000042
:10BF00000000000000000000000000000000000031
:10BF10000000000000000000000000000000000021
:10BF20000000000000000000000000000000000011
:10BF3000000064299AB4466CBB3B4E226212121276
:10BF40001212121212121212F2F2F2F2F2F2F2F2D1
:10BF5000F21250CB3B6C5B6C169534DB3FBD5D1031
:10BF600039D935036B6B6B6B6B494949363686861D
:10BF700086868682828282828282828282826B032B
:10BF8000036B6B6B6B6B6B6B03DE33CC24418DFBF4
:10BF9000B7E8808002808080808057020280C4C21F
:10BFA00050125050501212C0C0C012121212125031
:10BFB0005050505050505050505050505050505081
:10BFC000C0C0C0C0C0505050505050F2F2F2C2C277
:10BFD000C2E5833B5757593434578A3B0000000071
:10BFE000000000003F0E0E3F290A8A654303E082ED
:10BFF0001A1A1A1A1AB8BF37D8ED9A65CE8A8AE784
:10C00000E7950A656427F9C3D73503036B6B6B6B40
:10C010006B494949B1B1B1B1B1CCF8D76BEDB70AB1
:10C02000C50ECFB93D3D3D000000000000000000FE
:10C030000000000000000000000000000000000000
:10C0400000000000000000000000000000000000F0
:10C0500000000000000000000000000000000000E0
:10C0600000000000000000000000000000000000D0
:10C0700000000000000000000000000000000000C0
:10C0800000000000000000000000000000000000B0
:10C0900000000000000000000000000000000000A0
:10C0A0000000000000000000000000000000000090
:10C0B0000000000000000000000000000000000080
:10C0C00000000000000000000000009A298EB44625
:10C0D0006C573B19E562121212121212121212124E
:10C0E00012F2F2F2F2F2F2F2F2F2125022026C5B6F
:10C0F0006C168ACE3F3F077A1039D935036B6B6BCC
:10C100006B03CCCC8686864A4A4A868682828282A5
:10C11000828282828282826B03036B6B6B6B6B6B9E
:10C120006B03DE33CCBC0C8DFBB7E8E880E8028003
:10C1300080808057020280AB22121250505012129F
:10C14000C0C0C012121212125050505050505050D5
:10C15000505050505050505050C0C0C0C0C05050AF
:10C1600050505050F2F2F2C2C26222AB3B575759C4
:10C170008E9ABB413B00000000000000003F0E0E05
:10C180000E290A8E34EDBFE0821A1A1A1A1AB8BFA5
:10C19000F95DA764CE0A8AE7E7E78A0A65B4BCF9C5
:10C1A000D7393503030303030303494949B1B1B147
:10C1B000B1B1CCF8D76BEDB70AC50ECFB93D3D3D57
:10C1C000000000000000000000000000000000006F
:10C1D000000000000000000000000000000000005F
:10C1E000000000000000000000000000000000004F
:10C1F000000000000000000000000000000000003F
:10C20000000000000000000000000000000000002E
:10C21000000000000000000000000000000000001E
:10C22000000000000000000000000000000000000E
:10C2300000000000000000000000000000000000FE
:10C2400000000000000000000000000000000000EE
:10C2500000000000000000000000000000000000DE
:10C26000000000009A293464466C573BABE562F24B
:10C27000F2F2121212F2F2F2F2F2F2F2F2F2F2121E
:10C280001212F212042C6C6C6C6C169565920EE214
:10C29000D8C3BFD9DE6B1A1A6B0335354A4AF8BFCB
:10C2A000D93535F836829E9E9E9E9E9E9E9E9E9E6F
:10C2B0001A6B6B6B6B6B6B6B6B6B03CCF8DE3EBB03
:10C2C0003446FBB7E8E8595902808080808080803E
:10C2D0003BC46212EEEEEE121250505012121212C5
:10C2E000125050505050505050505050505050508C
:10C2F00050C0C0C0C05050C0C0C0C0C0EEF2F2F2CA
:10C30000C2C2C2CB193BBB576C95650CABBB0000DE
:10C310000000000000003F0E0E0E0E34460AED39FC
:10C32000E0F5B8991A1A1AB8BF7310BD3FCE0A8A41
:10C33000169C168A9429CF0F5DF8F8494949CC8696
:10C3400086491A30B51A30B599B1B1CCF8D7B1EDEC
:10C350008A0AC50ECFB93D3D3D0000000000000037
:10C3600000000000000000000000000000000000CD
:10C3700000000000000000000000000000000000BD
:10C3800000000000000000000000000000000000AD
:10C39000000000000000000000000000000000009D
:10C3A000000000000000000000000000000000008D
:10C3B000000000000000000000000000000000007D
:10C3C000000000000000000000000000000000006D
:10C3D000000000000000000000000000000000005D
:10C3E000000000000000000000000000000000004D
:10C3F000000000000000000000000000009A0ECEC7
:10C4000064466C573BABE562F2F2F2121212F2F2A2
:10C41000F2F2F2F2F2F2F2F2121212125004416C43
:10C42000166C6C168E65DBC566D8C3BFD9DE6B1A79
:10C430001A0335351DD7DE798BA38B66DEBFF582F7
:10C44000829E9E9E9E9E9E9E9E1A6B6B6B6B6B1A2F
:10C450001A1A6B03CCF8DE09BB344681B7B7B78133
:10C4600081B7B7E8E8E802808080AB2212EEEEEEFA
:10C47000121250505012121212125050505050506E
:10C4800050505050505050505050C0C0C0C05050EC
:10C49000C0C0C0C0C0EEF2F2F2C2C2C262C483BB6E
:10C4A000576C9534BB415785000000000000003FE9
:10C4B0000E0E0E0E34468EED1073F5B89E999E9EAC
:10C4C000F5A8B3D85829CE0A16169C168ACE29A4E8
:10C4D00033F9F8F849494935F8CCBCA3EDA743A393
:10C4E000249EB1B1CCF8F8B1ED8A0AC50ECFB93DA2
:10C4F0003D3D0000000000000000000000000000C2
:10C50000000000000000000000000000000000002B
:10C51000000000000000000000000000000000001B
:10C52000000000000000000000000000000000000B
:10C5300000000000000000000000000000000000FB
:10C5400000000000000000000000000000000000EB
:10C5500000000000000000000000000000000000DB
:10C5600000000000000000000000000000000000CB
:10C5700000000000000000000000000000000000BB
:10C5800000000000000000000000000000000000AB
:10C59000000000000000290E2964466C573B832CE4
:10C5A00062F2F2F2121212F2F2F2F2F2F2F2F2F29B
:10C5B000F21212120404C402596C6C6C168D6506DA
:10C5C000587AD839BFD9DE6B1A1A3535BFF87427B7
:10C5D000C5DF3DB9CF1839F582829E9E9E9E9E9EF4
:10C5E0009E9E1A6B6B6B6B6B1A1A1A6B03CCF86BF3
:10C5F0006F38344681B7B7B716169525B2B75902CA
:10C6000080808083C40412EEEE1212505050121239
:10C6100012121250505050505050505050505050D4
:10C62000505050C0C0C0C05050C0C0C0C0C0EEF2DA
:10C63000F2F2C2C2C2C22C83BB575795346C0C6C49
:10C640003B000000000000000E0E0E0E0E344625CA
:10C65000721073F5B89E999E9EF5C3B3559C294FF1
:10C660008A16169C168A293F7B5DD7F8F8494949F6
:10C6700086F8B57B062FDBDF924399B149CCCCF825
:10C68000B1ED8A0AC50ECFB93D3D3D000000000066
:10C69000000000000000000000000000000000009A
:10C6A000000000000000000000000000000000008A
:10C6B000000000000000000000000000000000007A
:10C6C000000000000000000000000000000000006A
:10C6D000000000000000000000000000000000005A
:10C6E000000000000000000000000000000000004A
:10C6F000000000000000000000000000000000003A
:10C700000000000000000000000000000000000029
:10C710000000000000000000000000000000000019
:10C7200000000000000000000000000000000029E0
:10C73000642991256C573B832C62F2F2F2F2F2F2FB
:10C74000F2F2F2F2F2F2F2F2C2C2040404042C3B5E
:10C7500059596C02598A6564068BECD839D935DE93
:10C76000036B6B35BFD7F9A0C5763D3D7676A474D3
:10C7700039F5829E9E9E9E9E8282826B036B031A77
:10C780001A1A1A1A6B35CCCCB5189C3434D28134B1
:10C79000810C0707198581FBB7E8028080AB22F284
:10C7A000EE12121212121212121212125050505095
:10C7B000505050505050505050505050C0C0C0C0B9
:10C7C000C0C0C0C0C0C0C0EEF2F2F2C2C2C262229B
:10C7D000ABBB5757168E256C956C0000000000000F
:10C7E000000E0E0E0EB43446B2A733B3A8F59E9ECB
:10C7F0009EF539C3D80F8E65CE8A1616168A34294F
:10C800000E785D1DF886494986F8D73138922FDBBE
:10C81000DB924131B149CCF8F899ED950AC50EB9D2
:10C820003D3D3D3D00000000000000000000000014
:10C8300000000000000000000000000000000000F8
:10C8400000000000000000000000000000000000E8
:10C8500000000000000000000000000000000000D8
:10C8600000000000000000000000000000000000C8
:10C8700000000000000000000000000000000000B8
:10C8800000000000000000000000000000000000A8
:10C890000000000000000000000000000000000098
:10C8A0000000000000000000000000000000000088
:10C8B0000000000000000000000000000000000078
:10C8C000000000000000000064643491256C573BB8
:10C8D00083C462F2F2F2F2F2F2F2F2F2F2F2F2F265
:10C8E000F2C2C2040404C4806159596C6C9534646A
:10C8F000B4C50FF4C3D9D9B8036B6B6B3574F97435
:10C90000A4DF3D3D3D3DCDCFB539F5829E9E9E9E37
:10C910008282353535356B031A1A1A1A1A6B358629
:10C92000CCB5C79C343434349A596356567162B7C7
:10C930009146B70280803BC4C2EE1212121212124C
:10C94000121212121250505050505050505050501D
:10C950005050505050C0C0C0C0C0C0C0C0C0C0C007
:10C96000EEF2F2F2C2C2C262224E0CBB576C8E349F
:10C97000958A95000000000000009A0E0E9A0E3471
:10C9800046FB41B598B339F5F5F539C3B3C3276410
:10C99000650A8A1616168A9A29CE3E371DF84986E8
:10C9A0004986F8D7AAA492DBDFDB2F0CAAB149CCC9
:10C9B000CCF899ED950ACE3FB93D3D3DB900000058
:10C9C0000000000000000000000000000000000067
:10C9D0000000000000000000000000000000000057
:10C9E0000000000000000000000000000000000047
:10C9F0000000000000000000000000000000000037
:10CA00000000000000000000000000000000000026
:10CA10000000000000000000000000000000000016
:10CA20000000000000000000000000000000000006
:10CA300000000000000000000000000000000000F6
:10CA400000000000000000000000000000000000E6
:10CA500000000000000000000000000000000000D6
:10CA60000064642965255B573B0CC4CB121212F29B
:10CA7000F2F2F2F2F2F2F20404F2F2C20462C4023E
:10CA8000596159596C5981CE3F067B7437C3D9D946
:10CA9000036B6B6B03BF10D818DF3D3D3D3DCDCD23
:10CAA000C574C3F5F59E9E820382F5BFBF310F3179
:10CAB000DE6B9E1A1A1A6B03F88631C79C34349ABF
:10CAC0000E9ABB715656565622349A46598080802B
:10CAD0008322F212505012121212121212125050DD
:10CAE0005050505050505050505050505050C0C066
:10CAF000C0C0C0C0C0C0C0C0C0EEF2F2F2C2C2C26C
:10CB0000C2CBC441BB576C8E8E818E950000000055
:10CB10000000009A34349A0E3446FB9CBCEC9873A7
:10CB200039393939B39875A4658D8A161616168A5F
:10CB30009A3FE7311D4A86864949F8F8D7790A9223
:10CB400006DFDB17BBAA4949CC353531ED950AC55F
:10CB50003FB93DCD3DB900000000000000000000DD
:10CB600000000000000000000000000000000000C5
:10CB700000000000000000000000000000000000B5
:10CB800000000000000000000000000000000000A5
:10CB90000000000000000000000000000000000095
:10CBA0000000000000000000000000000000000085
:10CBB0000000000000000000000000000000000075
:10CBC0000000000000000000000000000000000065
:10CBD0000000000000000000000000000000000055
:10CBE0000000000000000000000000000000000045
:10CBF0000000000000000000000064652965255B5E
:10CC0000213B83C4CB121212F2F2F2F2F2F2F2F2F0
:10CC1000C2C2C2F2F2624E6C9559595959169534F6
:10CC20006592B93E7DF439D93503DE6B6BD974D882
:10CC300010A7B93DCDCD3DCDF6587AC339F59E9EAE
:10CC4000F5864AF51A78A4C538A01A9EB1B1B14943
:10CC5000CCCC8631E2570A9A0E3F3F417156565668
:10CC60005671BB3F9AB70257573BC4621212121259
:10CC70001212121212121250505050505050505066
:10CC800050505050505050C0C0C0C05050C0C0C094
:10CC9000C0C0EEF2F2F2C2C2F2F262E5AB3B576CF8
:10CCA0008E8E958E8A00000000000000C534D234BC
:10CCB0000E34468181A7D098B3B373B3B3B3B5A78D
:10CCC0000E468E8A169C16E70A653FA774D74A86D9
:10CCD000864949F8D7F83E8D642F3F92170C316B87
:10CCE0006B033535AAED8A0ACE3FB93DCECDB900EA
:10CCF0000000000000000000000000000000000034
:10CD00000000000000000000000000000000000023
:10CD10000000000000000000000000000000000013
:10CD20000000000000000000000000000000000003
:10CD300000000000000000000000000000000000F3
:10CD400000000000000000000000000000000000E3
:10CD500000000000000000000000000000000000D3
:10CD600000000000000000000000000000000000C3
:10CD700000000000000000000000000000000000B3
:10CD800000000000000000000000000000000000A3
:10CD9000000000CE65CE65255B213B83C4CB12121B
:10CDA00012F2F2F2F2F2F2F2F2C2C2C2C2CB4E952B
:10CDB0005959596C5995818E292FDB7B7A1F1DBFDC
:10CDC000B803036B0303D9107DB538B9B976B93D03
:10CDD000CDF61E7DC339F59E9EF5A8390378B9B905
:10CDE0003DB9CFBCDE49494949CCF886AAE2570A89
:10CDF0009A0E060E41715600000071E50EB4D20283
:10CE00006C8580AB22F2F2F212121212121212127E
:10CE10005050505050505050505050505050505012
:10CE2000C0C0C0C05050C0C0C0C0C0EEF2F2F2C21C
:10CE3000C2F2F26222190CBB028181818E340000A1
:10CE40000000000000D2D2D2D20E3481B795161E57
:10CE5000FDD8B3B3C339247BCE46468AE7169C1669
:10CE60008A0A290E0974F84A86864986F8D71D1859
:10CE700065643F3F921741316B6B033535AAED8AEC
:10CE8000CE4F06063DB93D00000000000000000046
:10CE90000000000000000000000000000000000092
:10CEA0000000000000000000000000000000000082
:10CEB0000000000000000000000000000000000072
:10CEC0000000000000000000000000000000000062
:10CED0000000000000000000000000000000000052
:10CEE0000000000000000000000000000000000042
:10CEF0000000000000000000000000000000000032
:10CF00000000000000000000000000000000000021
:10CF10000000000000000000000000000000000011
:10CF2000000000000000000000000000CE9ACE6566
:10CF3000BA6C21210C4E62F21212F2F2F2F2F2F20B
:10CF4000F2F2C2C204CBAB59955959596C59598E5A
:10CF50009A3F2FD2AE7D374AD9B8036BDE6BB8BF8C
:10CF60005D7D790E0676B9B9F676066FD8C339F5C8
:10CF7000B8B8F5A8C30FC53D3D3DCD062733CC4914
:10CF80004949CCF886AAFC6C0A0E3F06060C000044
:10CF9000000000229AD23F9AB76C02023B2C621228
:10CFA00012121212121212121250505050505050AF
:10CFB000505050505050505050C0C0C0C0C0C0C061
:10CFC000C0C0C0C0EEF2F212F2C204C262CBC4838F
:10CFD000BB57813434813400000000000000D2D2FD
:10CFE0008AD20E345961B7B76CA7D1F03166C73811
:10CFF0003446FB818AE71616E78ACE299C30D7F89B
:10D000008649494986D7F9D7279264B429641741DC
:10D01000311A1A35BF35AAED8A0A4F3FCD3DB90006
:10D020000000000000000000000000000000000000
:10D0300000000000000000000000000000000000F0
:10D0400000000000000000000000000000000000E0
:10D0500000000000000000000000000000000000D0
:10D0600000000000000000000000000000000000C0
:10D0700000000000000000000000000000000000B0
:10D0800000000000000000000000000000000000A0
:10D090000000000000000000000000000000000090
:10D0A0000000000000000000000000000000000080
:10D0B0000000000000000000000000000000000070
:10D0C0000000000000CE9A34659521BB3B0CC46281
:10D0D000F2F2F2F2F2F2F2F2F2F2F2C26222AB9564
:10D0E000955916595959958134B43F0EED55F9C3E8
:10D0F00035B8B86B6BDE03D910D87D8BB9F6F60660
:10D10000B92F76CFF0C3C339F5B8B8D9C31027B952
:10D110003D3DCDF63F7833CCCC4949CCF8860F1E47
:10D120006C0A0E3FB9CF410000000000E5298A3F9C
:10D13000B4816C020280AB22F2F2121212F2F212ED
:10D140001212121212505050505050505050505015
:10D150005050C0C0C0C0C0C0C0C0C0C0C0EEF2F21D
:10D1600012F2C204C262CB2CABBB5795349A346521
:10D1700046000000000000D2D259343F9A8181B7A6
:10D18000B7B78A1619C48325464681818AE7E71610
:10D19000168A0ACEAF7810F8F88649494986D7F939
:10D1A0001D789264B429648D6EB51A1A033503AAEA
:10D1B000ED8ACE4F06CDB9CD000000000000000082
:10D1C000000000000000000000000000000000005F
:10D1D000000000000000000000000000000000004F
:10D1E000000000000000000000000000000000003F
:10D1F000000000000000000000000000000000002F
:10D20000000000000000000000000000000000001E
:10D21000000000000000000000000000000000000E
:10D2200000000000000000000000000000000000FE
:10D2300000000000000000000000000000000000EE
:10D2400000000000000000000000000000000000DE
:10D250000000000000000000000000000000346535
:10D26000348D1621BB0C0CC462F2F2F2F2F2F2F22F
:10D27000F2F2F2F2C22283951616596C595959816D
:10D2800034293F2F5830D8C3BF33B81A6B6BDE0335
:10D29000BF5DECD87B06F6F606B92F763855C33954
:10D2A00039F5B8F539103058B93D3DCDF6B427BF42
:10D2B000F8CCCC49CCF8497572590A0E3FB906F63C
:10D2C0000000000000009A9C3F2F91950202808090
:10D2D000C46212121212F2F21212121212125050F0
:10D2E0005050505050505050505050C0C0C0C0C00E
:10D2F000C0C0C0C0C0C0EEF2F212F2C204C262628C
:10D300002C41BB579534B4919A34000000000000C2
:10D3100000D29CD29A9A46D28AB7FB818E8E8E8E8C
:10D320008E8A81E7E7E7E71616168A0A290A3E1071
:10D330004AF8CC494986F8D7F9F8A79264B4296429
:10D34000FB07B51A1A033503AAA78ACE4F06B9B947
:10D35000CD00000000000000000000000000000000
:10D3600000000000000000000000000000000000BD
:10D3700000000000000000000000000000000000AD
:10D38000000000000000000000000000000000009D
:10D39000000000000000000000000000000000008D
:10D3A000000000000000000000000000000000007D
:10D3B000000000000000000000000000000000006D
:10D3C000000000000000000000000000000000005D
:10D3D000000000000000000000000000000000004D
:10D3E000000000000000000000000000000000003D
:10D3F000000000000000000A578D8DBA213B0C830D
:10D400002CC2F2F2F2F2F2C262C2C2C2C2E53B9593
:10D41000951616166C1695952591173F9C75D81084
:10D4200039356BDE6B6B6BDEDEBF37EC31C5F6F684
:10D430003F3FF6F6B9787DC3A8BFB8D9BF10B36631
:10D44000C5B9F6B93DCDCF8B7433DEDECC33333680
:10D4500079A7958E2906F606F600000000000091D7
:10D46000B49C0E91815959020219CB62F212F21248
:10D47000125050505012125050505050505050C0F6
:10D48000C0C0C0C0C0C0C0C0C0C0C0C0C0C0C0EE6E
:10D49000121212F2C250F2C2CBE5413B57958E29CF
:10D4A0009A813400000000000000D20AC50A2965F4
:10D4B000348E818E8E8E8E8E818195E7E79C9C9C2A
:10D4C0006C85168ACE29A4AA1D4A8603030303BFCE
:10D4D00010F4DE583FB43FB4174678B5991A6BB8CC
:10D4E0006B757BD2CE0E2FB9B9CD000000000000C5
:10D4F000000000000000000000000000000000002C
:10D50000000000000000000000000000000000001B
:10D51000000000000000000000000000000000000B
:10D5200000000000000000000000000000000000FB
:10D5300000000000000000000000000000000000EB
:10D5400000000000000000000000000000000000DB
:10D5500000000000000000000000000000000000CB
:10D5600000000000000000000000000000000000BB
:10D5700000000000000000000000000000000000AB
:10D580000000000000000000000000000000007229
:10D59000BB8E8D8D5B210C0CAB2CC2F2F2F2F2F241
:10D5A000C26262C2C2E53B16959516169516952580
:10D5B0008E65643FA4665D103935B86B6B6B6B6B21
:10D5C000DEBFD7F4888B06F63F3F3FF6F60624D839
:10D5D000C339BFD9D93910F96FCFB9F6B9CDCDCF8D
:10D5E000097433DEDECC3333B1BCBDB20A2906F692
:10D5F000F6F6000000000000003491599A345959A1
:10D60000025983E5C2F212F2121250505050121217
:10D610005050505050505050C0C0C0C0C0C0C0C08A
:10D62000C0C0C0C0C0C0C0C0EE121212F2C250F2E0
:10D63000C2CBE5413B57958E298181CE0000000089
:10D64000000000000AD29CCE652929CE3434D28E47
:10D650008A8A9516E7599C9C9C9C6C958E65CEEDAC
:10D66000D91D4A8603030303BFD8F4319CB4B43FE9
:10D67000B41725E21A991A1A6B1A79588ACE0E2F06
:10D68000B9B9B9000000000000000000000000006F
:10D69000000000000000000000000000000000008A
:10D6A000000000000000000000000000000000007A
:10D6B000000000000000000000000000000000006A
:10D6C000000000000000000000000000000000005A
:10D6D000000000000000000000000000000000004A
:10D6E000000000000000000000000000000000003A
:10D6F000000000000000000000000000000000002A
:10D700000000000000000000000000000000000019
:10D710000000000000000000000000000000000009
:10D720000000000000000072D5578E65BA21BB0CC6
:10D730000CABE5F2F2F2F2F2F2C2C2C262228395BF
:10D74000259516161695258E3465B40638665D1037
:10D75000BF356B1A1A6B6B1A6BD91DF97DD0380661
:10D76000063F3F3FF6F6A474D8A839D9D9BF39F996
:10D77000D7A33F060606B9F6C579F833DEDECC330B
:10D78000CCB1A041B20A2906F6F6760000000000EE
:10D79000000000469C919A815902023BC462F21239
:10D7A000F2121250505050121250505050505050CF
:10D7B00050C0C0C0C0C0C0C0C0C0C0C0C0C0C0C0D9
:10D7C000C0EE121212F2F250F2C2CB2C413B57952E
:10D7D0008E298181CE0000000000000000000AD2E6
:10D7E0009C3429CE0ACE34D2D28AE7169C9C9C9CCB
:10D7F0009C9C9CE78A349A34BCF94A4A6BB803B8BB
:10D8000035D7D81F240A64B43FB4178A1899991AD7
:10D810001A6B1ABC388E0A292F3D3DB90000000052
:10D8200000000000000000000000000000000000F8
:10D8300000000000000000000000000000000000E8
:10D8400000000000000000000000000000000000D8
:10D8500000000000000000000000000000000000C8
:10D8600000000000000000000000000000000000B8
:10D8700000000000000000000000000000000000A8
:10D880000000000000000000000000000000000098
:10D890000000000000000000000000000000000088
:10D8A0000000000000000000000000000000000078
:10D8B00000000000000000000000000000000072F6
:10D8C000BB53BB658E5B210C0C0C19CBF2F2F2F250
:10D8D000F2F2F2C2C222AB61BABABA5B5B95258E94
:10D8E000652992CFA70F5DF9BF35031A1A1A1A1AC4
:10D8F0006B35BF371F88D1CEF63F0E0E3F06F6EDD3
:10D900001FB3A8BFD9D9BF10D803BD3FB906F6F6DB
:10D91000F69CF0F833DECCDE33CC991883B20A29BA
:10D920000676F6760000000000000000919A469A04
:10D930008159020280C462F212F212125050505009
:10D9400012121212125050505050C0C0C0C0C0C06D
:10D95000C0C0C05050C0C0C0C0C0EE121212F2F21F
:10D9600050F2C2622C41BB57598E293481CE00003F
:10D9700000000000000000000A0ABB0ECE0A8A8ADE
:10D980008A0A8AE79C9C9C9C9C9C9C9CE7D2340EB7
:10D99000BD9E1D4A4AB8B803033510D8F48B9A17B8
:10D9A000B43F641716BC991A1A03B81A189C250AB2
:10D9B0004FDB3D3DB900000000000000000000000A
:10D9C0000000000000000000000000000000000057
:10D9D0000000000000000000000000000000000047
:10D9E0000000000000000000000000000000000037
:10D9F0000000000000000000000000000000000027
:10DA00000000000000000000000000000000000016
:10DA10000000000000000000000000000000000006
:10DA200000000000000000000000000000000000F6
:10DA300000000000000000000000000000000000E6
:10DA400000000000000000000000000000000000D6
:10DA50000000000000000000D5BB973429955B2131
:10DA60000C0C83C462F2F2F2F2F2F2C2C2CBABB29D
:10DA7000B2BABABABABA958E34656465785510D719
:10DA800086356B1A991A1A1AB8B8D91037EC9D381E
:10DA90002FB40E0E0E3F7606189873A8BFD9BF3963
:10DAA000F9D8AA9C3FB9B9F62F2FBDB5F833DECC13
:10DAB000DE33CCAA8B80B20A290676F67600000007
:10DAC0000000000000919A469A81590202804ECBD4
:10DAD000F212F212125050505012121212125050F2
:10DAE000505050C0C0C0C0C0C0C0C0C05050C0C066
:10DAF000C0C0C0EE121212F2F250F2C2CBC4ABBBE5
:10DB000057598E29B4819A000000000000000000DF
:10DB100000000A0A34BBCE0AD2E7E7E7E7E79C9C9D
:10DB20009C9C9C9CE781469AC518731D4A82B8B894
:10DB30000303BFF91FA8A76417643F6417BB799953
:10DB40001A0335B899275925944FDB3DB9B9000020
:10DB500000000000000000000000000000000000C5
:10DB600000000000000000000000000000000000B5
:10DB700000000000000000000000000000000000A5
:10DB80000000000000000000000000000000000095
:10DB90000000000000000000000000000000000085
:10DBA0000000000000000000000000000000000075
:10DBB0000000000000000000000000000000000065
:10DBC0000000000000000000000000000000000055
:10DBD0000000000000000000000000000000000045
:10DBE0000000000000000000000000000000000035
:10DBF000000C212195659521210C83AB2C04041286
:10DC00001212F2F2F2C24E025B5BBA95B2B25BBA8A
:10DC1000250AC5EDAE74D8C3F5036B1A1A1A1A1A81
:10DC20001A9EF539D8F4D8A3AF64B49A293FF6CD3B
:10DC3000C5AAB37339D9F5D910D8D824C5060606B4
:10DC40003F2FB4A3DEF833DECCDE3349AAFC80FBE1
:10DC50000A29DBF6F676000000000000000091467D
:10DC60004646B70202028019CB1212F2121250502D
:10DC700050EEEEEEEEEEEE5050C0C0C0C0C0C0C0E0
:10DC8000C0C0C0C0C0C0C0C0C0C0C0C0EE12121270
:10DC9000F2F212C2C2CBC441BB571634293F299AB3
:10DCA000000000000000000000000000C5D20AD201
:10DCB0000AD28AE79CE7E79C9C9C9C9CE7E78191C1
:10DCC0002938AA1DA84A86826B033310F91FAA3887
:10DCD0006491293F1791A70F991A35D9F5AAA78AF8
:10DCE000250A29063D76B90000000000000000006A
:10DCF0000000000000000000000000000000000024
:10DD00000000000000000000000000000000000013
:10DD10000000000000000000000000000000000003
:10DD200000000000000000000000000000000000F3
:10DD300000000000000000000000000000000000E3
:10DD400000000000000000000000000000000000D3
:10DD500000000000000000000000000000000000C3
:10DD600000000000000000000000000000000000B3
:10DD700000000000000000000000000000000000A3
:10DD80000000000000000000000085958595349596
:10DD900021210CAB1922C204121212F2F204E58501
:10DDA000615B16BAB2B7B25BBA3C43665D5DF939E6
:10DDB00035031A1A1A1A1A1A1A034AA8371FECBC82
:10DDC0004F6565299A293FCDCDED5DC37339D9F5EE
:10DDD00039391F1FE2CF3F2F3F3FF61718F8F833AE
:10DDE000DECCDE33B10F1EE88134292FF6F6760043
:10DDF0000000000000000091464646B702020257AC
:10DE000019CB12F2F21212505050EEC0C0C0C0C076
:10DE10005050C0C0C0C0C0C0C0C0C0C0C0C0C0C0E2
:10DE2000C0C0C0C0C0EE121212F2F204C262226E72
:10DE300041BB57958A0A9A299A0000000000000009
:10DE40000000000000000000000000D2E7E7E78AC1
:10DE50003C9C9C9C9CE7D23465CE8B1D1DA84A49F6
:10DE600049496B74101F98BCA49A912929178D1EDB
:10DE7000AA991A3339E079588AD2D229063D763DDB
:10DE80000000000000000000000000000000000092
:10DE90000000000000000000000000000000000082
:10DEA0000000000000000000000000000000000072
:10DEB0000000000000000000000000000000000062
:10DEC0000000000000000000000000000000000052
:10DED0000000000000000000000000000000000042
:10DEE0000000000000000000000000000000000032
:10DEF0000000000000000000000000000000000022
:10DF00000000000000000000000000000000000011
:10DF10000000000000000000000000000000000001
:10DF2000000000B73BE88E8E6C21BB0CABC4CBC2AB
:10DF300004121212505062AB85855B16BA25468AD0
:10DF4000387879745D5DD7BF356B1A1A1A1A1A1AA8
:10DF50006B03861D371FECAEE72F64650A9AB4F693
:10DF6000CDCF79D839A8D9D9D910C3D839BD06B4FD
:10DF70002F3F06F6D20FD7F833DECCDE33B1790768
:10DF8000B28134292FF6F6F60000000000000000F0
:10DF900091464646B70202025719CB12F2F212120C
:10DFA000505050EEC0C0C0C0C05050C0C0C0C0C073
:10DFB000C0C0C0C0C0C0C0C0C0C0C0C0C0C0EE12E1
:10DFC0001212F2F204C262226E41BB5795168A57B2
:10DFD000CE00000000000000000000000000000073
:10DFE0000000000000D2D2E78A16595959E7D2340E
:10DFF0009A0EA7AAE01D4A3636B14903BF5D1F1F1E
:10E0000078C59A6429291746C799B1823339F5181A
:10E010009C8AD2D229063D76B9000000000000009B
:10E0200000000000000000000000000000000000F0
:10E0300000000000000000000000000000000000E0
:10E0400000000000000000000000000000000000D0
:10E0500000000000000000000000000000000000C0
:10E0600000000000000000000000000000000000B0
:10E0700000000000000000000000000000000000A0
:10E080000000000000000000000000000000000090
:10E090000000000000000000000000000000000080
:10E0A0000000000000000000000000000000000070
:10E0B00000000000000000000000005BB7B754340F
:10E0C0009557BB0C0C19E562F2F212121212502293
:10E0D00083856C5B16258D0A587910B3C3D7D7F8A2
:10E0E000036B1A1A1A1A1A6B1A82A81DF4EC88A06C
:10E0F00029B4179134CE9AB4F63D7BD8C33939D9B7
:10E10000D97439D81F79E7B42FB43FF6F641DEF859
:10E11000CCDECCCCDE33B124BDB2253429F62FF6CB
:10E12000F6000000000000000091919191598002DA
:10E13000025719CB12F2F21212121212EEC0C0C024
:10E14000C0C05050505050C0C0C0C0C0C0C0C0C0FF
:10E15000C0C0C0C0C0C0C0EE121212F2F2F2C26261
:10E1600022190CBB578A578E8E8A000000000000CF
:10E170000000000000000000000000000000D2D2FB
:10E18000D28AE75959595981340EA4BCA8E04A8271
:10E190003636496B3539F91F1A58CE299A29B417E2
:10E1A00081BC99B18674399E788AD28AD229B93DC8
:10E1B000B9B90000000000000000000000000000ED
:10E1C000000000000000000000000000000000004F
:10E1D000000000000000000000000000000000003F
:10E1E000000000000000000000000000000000002F
:10E1F000000000000000000000000000000000001F
:10E20000000000000000000000000000000000000E
:10E2100000000000000000000000000000000000FE
:10E2200000000000000000000000000000000000EE
:10E2300000000000000000000000000000000000DE
:10E2400000000000000000000000000000000000CE
:10E250000000005BB73BB781816CBB0C0C0C4E22FD
:10E26000C2C2F21212121250E58380855B16258D10
:10E270005FD1D8F9F9D7BF356B6B6B1A1A1A1A6BC5
:10E28000B8F51DB3F4ECDE8B0E92649A348E0A2935
:10E290002F76CF6FD8C339F5F5D939C31F5D7834E0
:10E2A000B417B43FF6B41E74F833DECCCCDE33B111
:10E2B000A041F7253429F62F2FF6000000000000BA
:10E2C0000000919A919159800202574E6212F2F227
:10E2D0001212121212EEC0C0C0C0C05050505050A6
:10E2E000C0C0C0C0C0C0C0C0C0C0C0C0C0C0C0C02E
:10E2F000EE121212F2F2F2C262E5190CBB6C8A6CD9
:10E300008E8E8A0000000000000000000000000067
:10E31000000000000000B4E7D2D2815959B78181D2
:10E32000349AA41836E0E04A3636364903BFC3D8DB
:10E330007D18E7CE299A29B417BB0F1ACC3574BFC4
:10E3400075418AD28AD229B93D3DB900000000004A
:10E3500000000000000000000000000000000000BD
:10E3600000000000000000000000000000000000AD
:10E37000000000000000000000000000000000009D
:10E38000000000000000000000000000000000008D
:10E39000000000000000000000000000000000007D
:10E3A000000000000000000000000000000000006D
:10E3B000000000000000000000000000000000005D
:10E3C000000000000000000000000000000000004D
:10E3D000000000000000000000000000000000003D
:10E3E00000000000000000000000008A5B525B4655
:10E3F00034956CBB0C0C412C62C2C2F21212121288
:10E40000122C8380855B1625653831B3F95D743332
:10E41000DEDE6B6B6B6BDEDE3339C39898EC99589C
:10E42000CF1792299AD234653F2FF63830B339F599
:10E43000F5F5D939B3ECB5589AB417B43FF69A6FDD
:10E440005D4ACCDECCCCDE3399C757F7258D29F653
:10E45000B42F2F0000000000000000919A9A9159FB
:10E46000800202574E621212F21212121212EEC003
:10E47000C0C0C0C05050505050C0C0C0C0C0C0C0CC
:10E48000C0C0C0C0C0C0C0C0C0EE121212F2F2F2D2
:10E49000C2622C410CBB6C8E6C0A6C8A00000000BE
:10E4A00000000000000000000000000000002F3FFE
:10E4B000B40ED2818159814634919C8B9EE0E03527
:10E4C00082363636493539C31F337B349A9A9A29B6
:10E4D000B417073199F8BF7482180281D28AD22901
:10E4E00006B93DB900000000000000000000000077
:10E4F000000000000000000000000000000000001C
:10E50000000000000000000000000000000000000B
:10E5100000000000000000000000000000000000FB
:10E5200000000000000000000000000000000000EB
:10E5300000000000000000000000000000000000DB
:10E5400000000000000000000000000000000000CB
:10E5500000000000000000000000000000000000BB
:10E5600000000000000000000000000000000000AB
:10E57000000000000000000000000000000000009B
:10E58000000000008A8A0A0A652516213B0C834E8A
:10E590002262F2F2F2F2F2F2F212E53B3B8561B254
:10E5A000256538B5F4B3C339BFB86B6B03DEDE74D1
:10E5B00074D7B398EC1FD1A4062FB42934348E3409
:10E5C000B42FF60EBCD8C339D9F5F5391098986F29
:10E5D0008A1717172F2F2FE70FD7F833CC49494940
:10E5E000CCAA78E8B2258D3FB96464C4000000006D
:10E5F000000000009A9A9ACE95575757BB4E62F288
:10E6000012F21212121212EEC0C0C0C0C05050500E
:10E610005050C0C0C0C0C0C0C0C0C0C0C0C0C0C0DA
:10E62000C0C0EE121212F2F2F2F2622C410C3B6CFC
:10E630008E16CE6C8A000000000000000000000072
:10E64000000000000000F6F63FF6B4D281811625E6
:10E65000FB46E78B99E0E04A36494949363635D7DB
:10E66000371F799C34349A9A17179A271A82F8D749
:10E67000C3AAED61818AE78A0EB9F676B900000077
:10E68000000000000000000000000000000000008A
:10E69000000000000000000000000000000000007A
:10E6A000000000000000000000000000000000006A
:10E6B000000000000000000000000000000000005A
:10E6C000000000000000000000000000000000004A
:10E6D000000000000000000000000000000000003A
:10E6E000000000000000000000000000000000002A
:10E6F000000000000000000000000000000000001A
:10E700000000000000000000000000000000000009
:10E71000000000000000000000000000008A818A64
:10E720008A34956C213B3BABC4CBC2F2F2F2F2F2DD
:10E73000F2F25022833B8561B2258D380F98B3F9F0
:10E74000C3BF33DEB8D9D939C337F4EC45B5ED4F83
:10E7500076B4649ACE34343429B4F606FC7AC339DC
:10E76000D9F5F539C3B398397B641717172F2FB430
:10E77000A733F8F8334949CCCCCC75A761258D4631
:10E780003FCF4664E50000000000000000349A34EA
:10E79000CE955757573B2C62F212F21212121212F8
:10E7A000EEC0C0C0C0C05050505050C0C0C0C0C06B
:10E7B000C0C0C0C0C0C0C0C0C0C0C0EE121212F203
:10E7C000F2F2F262C4410C3B6C3416296CCE0000AC
:10E7D0000000000000000000000000000000003FFA
:10E7E0003FF63F9AD28181B246469CA08273E08276
:10E7F0003636B1B1363636A81DF910A30A34343492
:10E800009A1717E7BC1A35D710102438B2818A8AB4
:10E810000A0E06F676B900000000000000000000B5
:10E8200000000000000000000000000000000000E8
:10E8300000000000000000000000000000000000D8
:10E8400000000000000000000000000000000000C8
:10E8500000000000000000000000000000000000B8
:10E8600000000000000000000000000000000000A8
:10E870000000000000000000000000000000000098
:10E880000000000000000000000000000000000088
:10E890000000000000000000000000000000000078
:10E8A0000000000000000000000000000000000068
:10E8B000000000000000810AD28A8E6121BB3B83E8
:10E8C00019E562C2F2F2F21212121250CBAB80853D
:10E8D000E8B7254616BC9898D8D81074743939C34F
:10E8E000D898ECEC106F9C062F6464913434343467
:10E8F0009A3F3FF6BDB5F9E0D9F5F5F539C398EC87
:10E9000018CE171717172F2F0E095DF8CCDE4949BF
:10E91000CCF8CC2441E8250A463FCF02C4E50000EC
:10E92000000000000000343446CE9557575783E569
:10E9300062F2F2F21212501212EEC0C0C0C0C05009
:10E9400050C0C0C0C0C0C0C0C0C0C0C0C0C0C0C037
:10E95000C0C0C0C0EE121212F2F2F2C262C40C3B8E
:10E960003B6C341629CECE000000000000000000F1
:10E97000000000000000009A2F3F3FB4348181D294
:10E98000FBFB38A08273E04A363636B1B136364AE0
:10E99000E0735D099C913434349A170E580FB8BF58
:10E9A000F95DDE27E79595958ACE3FB90EF6F6001C
:10E9B0000000000000000000000000000000000057
:10E9C0000000000000000000000000000000000047
:10E9D0000000000000000000000000000000000037
:10E9E0000000000000000000000000000000000027
:10E9F0000000000000000000000000000000000017
:10EA00000000000000000000000000000000000006
:10EA100000000000000000000000000000000000F6
:10EA200000000000000000000000000000000000E6
:10EA300000000000000000000000000000000000D6
:10EA40000000000000000000000000000000D28173
:10EA500081D28E956C21BB3B834ECBC2F2F2F2F297
:10EA60001212125050041980E8E8B781258EA3B520
:10EA70001F1F1FD8D85DD87D0808881018583FDBA5
:10EA80002F17649A8E463434CE3F7606A40FD8C32F
:10EA9000A8F5F5F5F5C3B398B538B41717171717D8
:10EAA000175830D7F8CCDE034986F8B1C7BBF78DCD
:10EAB000CE91294F83E5E5000000000000000034FE
:10EAC000FBFB3416575757412262C2F2F2F2125042
:10EAD0001212EEC0C0C0C0C05050C0C0C0C0C0C044
:10EAE000C0C0C0C0C0C0C0C0C0C0C0C0C0EEF2F294
:10EAF000F2F2F2C2C2CB6E413B85163416298ACEA1
:10EB00000000000000000000000000000000000005
:10EB100072343F2FB4D2818134B758791D73E04AE3
:10EB20003636363636363636E0E01D31BD34913471
:10EB3000349A9A17C5C799A8D75D1066588A8A95DE
:10EB400095D229B9B9B9B900000000000000000051
:10EB500000000000000000000000000000000000B5
:10EB600000000000000000000000000000000000A5
:10EB70000000000000000000000000000000000095
:10EB80000000000000000000000000000000000085
:10EB90000000000000000000000000000000000075
:10EBA0000000000000000000000000000000000065
:10EBB0000000000000000000000000000000000055
:10EBC0000000000000000000000000000000000045
:10EBD0000000000000000000000000000000000035
:10EBE0000000000000000081BDD481466C21213B63
:10EBF0003BABE562C2F2F2F2F21212125050C92C93
:10EC00008002E8B781FBFB6CE2B51FEC88EC087D65
:10EC10005D3066E2A4B93F2FB40E9ACECE344634AE
:10EC2000293F063F38795DF939BFF5F5F539C398C5
:10EC3000EC8B0AB4B41717172FD4C75DD7CC03DEFB
:10EC400049CCF8F8AA1E61F70ACE6429CFC4E5E5DD
:10EC50000000000000000000199AFB3416575757B7
:10EC6000AB22C2C2F2F2F212501212EEC0C0C0C009
:10EC7000C05050C0C0C0C0C0C0C0C0C0C0C0C0C074
:10EC8000C0C0C0C0C0C0EEF2F2F2F2F2C2C2224E68
:10EC90000C3B859534E7290ACE00000000000000F7
:10ECA0000000000000000000720C9A912F9A46812B
:10ECB000D2D238241DE04A4A363636B1B13636361D
:10ECC000E07373BF8B168E348E349A9A17A70F8613
:10ECD0001DF97DDE7816958A16E7343F3D29B90087
:10ECE0000000000000000000000000000000000024
:10ECF0000000000000000000000000000000000014
:10ED00000000000000000000000000000000000003
:10ED100000000000000000000000000000000000F3
:10ED200000000000000000000000000000000000E3
:10ED300000000000000000000000000000000000D3
:10ED400000000000000000000000000000000000C3
:10ED500000000000000000000000000000000000B3
:10ED600000000000000000000000000000000000A3
:10ED7000000000000000000000000000000000BDD6
:10ED80000ABD3434816C85213B834E22C2F2F2F2FB
:10ED9000F2F2121212125050CB83E8E861B7B7FBBF
:10EDA0004659A76FF030F03EE2A7383406063F3FE1
:10EDB000B49A34340A0ACE2929B4F6CF7B0FD8107E
:10EDC00039BFD9DEBFA8C3F91F759C64B4B4B4B40D
:10EDD000172F58AAD7F886494949334AE02419B26F
:10EDE000258E343F6429E5E5E500000000000000C1
:10EDF0006C4146468E5957575719CBC2F2F2F21260
:10EE000012501212EEC0C0C0C0C0C0C0C0C0C0C04E
:10EE1000C0C0C0C0C0C0C0C0C0C0C0C0C0C0C0EEC4
:10EE2000F2F2F2F2F2C26222190C3B578A348ACE15
:10EE30000AD20000000000000000000000000000F6
:10EE400072720C469A3F9A0A25B738BC351DA882C3
:10EE5000821A1A99999E9936861D73A8BC38258EF8
:10EE60000A0A46919AD218B1335D1FB33E388181A8
:10EE70008A81D20EB9CD76B90000000000000000F2
:10EE80000000000000000000000000000000000082
:10EE90000000000000000000000000000000000072
:10EEA0000000000000000000000000000000000062
:10EEB0000000000000000000000000000000000052
:10EEC0000000000000000000000000000000000042
:10EED0000000000000000000000000000000000032
:10EEE0000000000000000000000000000000000022
:10EEF0000000000000000000000000000000000012
:10EF00000000000000000000000000000000000001
:10EF10000000000000000000BDD2C50A0A956C8008
:10EF20003B3B83C4CBC2F2F2F2F2F2F212F2F212E3
:10EF30005004C480E8E861B7B7FB469ACED2D20E3F
:10EF4000063F3F063F3F3F299A9A34343434CE9AE5
:10EF5000293F3FD2A3B5D8103939D9D9DEBF1DB367
:10EF6000ECB57B0E17173FB4B417D209D71D4A363C
:10EF7000494986F81D36C73B2525349A3F3481E53B
:10EF8000E500000000000000801902469A81590245
:10EF900057574E62C2F2F2F21212121212EEC0C0B3
:10EFA000C0C0C0C0C0C0C0C0C0C0C0C0C0C0C0C061
:10EFB000C0C0C0C0C0C0C0C0EEF2F2F2F2F2C26285
:10EFC000E5AB0CBB6C8AD28A0AD20A0000000000B2
:10EFD0000000000000000000006E6E0C342F0E29AF
:10EFE0000A255918A8A84A82821A1A1A99999E9E27
:10EFF0004A4A73B375580A25250A0A4691C5A3AA39
:10F00000F8D71F7D9907E7D28181D2CE06CDB9CD41
:10F01000B900000000000000000000000000000037
:10F0200000000000000000000000000000000000E0
:10F0300000000000000000000000000000000000D0
:10F0400000000000000000000000000000000000C0
:10F0500000000000000000000000000000000000B0
:10F0600000000000000000000000000000000000A0
:10F070000000000000000000000000000000000090
:10F080000000000000000000000000000000000080
:10F090000000000000000000000000000000000070
:10F0A0000000000000000000000000000000000060
:10F0B00000D29C0E0AD25902803B0C192262C2F285
:10F0C000F2F2F2F2F212F2F21250C9223B61E8615E
:10F0D00061B7FB46349A9AB4B4B43F3F2929CE9A1B
:10F0E00034D28E8E8E3434916417CF58AE74C339B7
:10F0F00039D9D9D9D9F539B3D87D27CE9117B43FAD
:10F1000017173478CC1D4A863649494AF84A75A7FC
:10F110009525253429349A8AE50000000000000076
:10F12000BD02198591348102575757C462C2F2F269
:10F13000F21212121212EEC0C0C0C0C0C0C0C0C0D5
:10F14000C0C0C0C0C0C0C0C0C0C0C0C0C0C0C0C0BF
:10F15000C0EEF2F2F2F2F2C2622CAB0C576C8E8A65
:10F160008AE78AE7000000000000000000000000BD
:10F1700000726E726E64B40E9A0A8EBDAAE0E04A06
:10F1800082B86B1A9E9E9E9E35E0E073B5A38A46B8
:10F19000FB258A8A34D2BD79DE37B39830FCE7D2BA
:10F1A000D28A59D20ECDCD3FB9B90000000000007F
:10F1B000000000000000000000000000000000004F
:10F1C000000000000000000000000000000000003F
:10F1D000000000000000000000000000000000002F
:10F1E000000000000000000000000000000000001F
:10F1F000000000000000000000000000000000000F
:10F2000000000000000000000000000000000000FE
:10F2100000000000000000000000000000000000EE
:10F2200000000000000000000000000000000000DE
:10F2300000000000000000000000000000000000CE
:10F2400000000000000000000000D202D2D2D26C08
:10F2500002803B83C4CB62F2F2F21212121212123B
:10F26000121212EEC24EE8B761610261B7FB464668
:10F27000464646CECECE3434348E8E8A8E8E46347A
:10F280002929E727B55DC3A8F5B8D9B8D9D9F5C3F9
:10F29000D85D099C919117B4B4170E580F4A4A369D
:10F2A000363649CC4A4A99C7578E258ACE3FE70E53
:10F2B00064E50000000000000019021980918E81B1
:10F2C0006C02BB3B2C62F2F2F2F21212505050EE82
:10F2D000C0C0C0C0C0C0C0C0C0C0C0C0C0C0C0C02E
:10F2E000C0C0C0C0C0C0C0C0C0C0EE121212F2C2C6
:10F2F000C262C4ABBB57598EE78A9CE70700000087
:10F3000000000000000000000000726E1E6E642FFE
:10F310000E65CE8A0731E0E0E082B86B9E999E9E32
:10F32000E0A8E0739E8B6C25FBB2958A8A819CC70E
:10F33000B55DF498106F80D2D2D2D2D2CE063DCD38
:10F34000CDB9000000000000000000000000000037
:10F3500000000000000000000000000000000000AD
:10F36000000000000000000000000000000000009D
:10F37000000000000000000000000000000000008D
:10F38000000000000000000000000000000000007D
:10F39000000000000000000000000000000000006D
:10F3A000000000000000000000000000000000005D
:10F3B000000000000000000000000000000000004D
:10F3C000000000000000000000000000000000003D
:10F3D000000000000000000000000000000000002D
:10F3E0000000D2D281578AE76C02803B19E5CB62DC
:10F3F000C2F2F21212121212121212F2F2C2CBABBB
:10F40000B7B7616161619595952525258E8E8E8EA4
:10F410008A8A818A8E8E3434CEC5A37910C339820C
:10F4200082B8B8B8D9D939C3D8746F9C349A9A9A2B
:10F4300064B43F9C09CC4A3636363649F84AE02453
:10F440006E5BBA8E0A290ECE8AEA00000000000028
:10F45000000085026E028D8E950257BB83E5C2F2D5
:10F46000F2F2F21212505050EEC0C0C0C0C0C0C084
:10F47000C0C0C0C0C0C0C0C0C0C0C0C0C0C0C0C08C
:10F48000C0C0C0EE121212F2C2C2CB4E83BB5716DE
:10F490000A578A41075300000000000000000000E6
:10F4A000000000726E726E642F0ECE0A95196637D8
:10F4B0007373A8F582828282E0A87337BF18BBB24B
:10F4C0002595959595E78A07F074EC88746F0CB7CD
:10F4D000818181D2C53FB9CD0ECD00000000000072
:10F4E000000000000000000000000000000000001C
:10F4F000000000000000000000000000000000000C
:10F5000000000000000000000000000000000000FB
:10F5100000000000000000000000000000000000EB
:10F5200000000000000000000000000000000000DB
:10F5300000000000000000000000000000000000CB
:10F5400000000000000000000000000000000000BB
:10F5500000000000000000000000000000000000AB
:10F56000000000000000000000000000000000009B
:10F570000000000000000000000000D281D2598A83
:10F580009C57578083C4CB62C2C2F2F2121212128D
:10F590001212121212C2C2F2E580B7B761610216EE
:10F5A000169516161659599595165995958E343403
:10F5B000D238BC10C339F59E9E6BDE9EB8D9391087
:10F5C000D83918A446340E0E9A6417A48BDE8636FA
:10F5D0003636363686F83675783BBABA8E0A4FCE4E
:10F5E000CFCEEA0000000000000000850241B28D8D
:10F5F00025596C57BB4122F2F2F2F2F2121250502E
:10F6000050EEC0C0C0C0C0C0C0C0C0C0C0C0C0C03C
:10F61000C0C0C0C0C0C0C0C0C0C0C0C0EE121212C6
:10F62000F2C2C2CB193BBB571634BB8ABD0753008D
:10F63000000000000000000000000000726E724137
:10F64000642F0ECE0AB283C73637F4B373E0F5A841
:10F65000A8737373F86F415BBA8A8A166C85160CAF
:10F660006FD0ECECD0C70281818181E7D2CF06CD8B
:10F67000CE060000000000000000000000000000B6
:10F68000000000000000000000000000000000007A
:10F69000000000000000000000000000000000006A
:10F6A000000000000000000000000000000000005A
:10F6B000000000000000000000000000000000004A
:10F6C000000000000000000000000000000000003A
:10F6D000000000000000000000000000000000002A
:10F6E000000000000000000000000000000000001A
:10F6F000000000000000000000000000000000000A
:10F7000000000000000000000000000000000000F9
:10F71000000000D2D29AD2C5E79C57803BABE5628D
:10F72000F2F2121212121212121212121212F2F239
:10F73000C2622C8595951616161616595959161625
:10F740001616161616952534E78B1A737373D9D9C6
:10F75000B86B6BB8F53939C3B330278A4634CE91CC
:10F7600091919A0AEDAA4A4A49491AB1498686AA4C
:10F7700018C85B8AD20ACE3F3F0AEAEA00000000BE
:10F7800000000000B795E881CE811657573B19CB92
:10F79000C2C21212121212EEC0C0C0C0C0C0C0C09D
:10F7A000C0C0C0C0C0C0C0C0C0C0C0C0C0C0C0C059
:10F7B000C0C0C0C0C0EEC9C9C9040404CB190C57ED
:10F7C00057160ABB0A07530700000000000000009C
:10F7D0000000000000006E7241172F0E3481B70246
:10F7E0004EC7B5B3B373E0A87373B3C3AAC741855B
:10F7F000B21616166C6C6C6CBD6F3130661E57D22B
:10F80000D2818181D29A06B9CEB9000000000000F1
:10F8100000000000000000000000000000000000E8
:10F8200000000000000000000000000000000000D8
:10F8300000000000000000000000000000000000C8
:10F8400000000000000000000000000000000000B8
:10F8500000000000000000000000000000000000A8
:10F860000000000000000000000000000000000098
:10F870000000000000000000000000000000000088
:10F880000000000000000000000000000000000078
:10F890000000000000000000000000000000000068
:10F8A0000000000000000000000000E7C59C34D20A
:10F8B000D2599C575783C422C2F2F212121212126A
:10F8C00012121212121212F2F2F2C2622C8081167D
:10F8D000165B5B16166C6C6C6C6C6C6C1616958EED
:10F8E0004F7810B37373F5B8B89EB8B8D93973B3FD
:10F8F00010B543CE3446CE3446D49134070FCC4AAB
:10F900004ACCCC498282829909BD21BA8A8ACEAF7B
:10F9100006B941EAEA000000000000000081D217A9
:10F9200034CEB76C57BB834ECBC2F21212121212F6
:10F93000EEC0C0C0C0C0C0C0C0C0C0C0C0C0C0C099
:10F94000C0C0C0C0C0C0C0C0C0C0C0C0C0C0EEC980
:10F95000C9C904040422AB0C576C16CE8ACE0753D7
:10F960000700000000000000000000000000000090
:10F970001E41643F3F3481B78159571EBC0F31B5DA
:10F980009E9E9EAA18ED5761615B166C6C6C6C6C48
:10F99000579CBDA7BD9CE7D2D2D281D2D20E06CD54
:10F9A000CFB90000000000000000000000000000CF
:10F9B0000000000000000000000000000000000047
:10F9C0000000000000000000000000000000000037
:10F9D0000000000000000000000000000000000027
:10F9E0000000000000000000000000000000000017
:10F9F0000000000000000000000000000000000007
:10FA000000000000000000000000000000000000F6
:10FA100000000000000000000000000000000000E6
:10FA200000000000000000000000000000000000D6
:10FA300000000000000000000000000000000000C6
:10FA4000000000E7E758C5CE34D29C9CBBBBABE5B9
:10FA500062C2F2F2121212121212121212121212C6
:10FA6000F2F2C2C2C262224E3B6C5B5B5B5B5B5BD1
:10FA70006C6C6C6C6C6C16958A4FD198B37373393F
:10FA8000F5F5F5F5D939C3B3C379BD34344681D220
:10FA90008E4646D2A766DEF84A4A86CC868282998E
:10FAA000BC7257B2BA8AD20E06B906EAEAEA000078
:10FAB0000000000000001717179AD2596C57BB833B
:10FAC000C462C2121212121212EEC0C0C0C0C0C074
:10FAD000C0C0C0C0C0C0C0C0C0C0C0C0C0C0C0C026
:10FAE000C0C0C0C0C0C0C0EEC9C9C9040404E5ABF1
:10FAF0000C5757950ACE9C5353530000000000004A
:10FB00000000000000000000000072B4063F9A816F
:10FB10005959B7E8020C6E721E1EA372BD83020211
:10FB2000E86116166C6C57576C1616958181D2D207
:10FB30008AD28AD2C5CF06B90EB9000000000000F3
:10FB400000000000000000000000000000000000B5
:10FB500000000000000000000000000000000000A5
:10FB60000000000000000000000000000000000095
:10FB70000000000000000000000000000000000085
:10FB80000000000000000000000000000000000075
:10FB90000000000000000000000000000000000065
:10FBA0000000000000000000000000000000000055
:10FBB0000000000000000000000000000000000045
:10FBC0000000000000000000000000000000000035
:10FBD00000000000000000000000000016E738C52B
:10FBE0009AD2E79C57BB83C42262C2F2F21212126D
:10FBF000121212121212121212F2F2F2C2C2C2C285
:10FC000062CBC43B1616165B5B6C6C6C57576C0270
:10FC100061250AA3B3E17373393939F53939C31052
:10FC20001009E79A91468E818A8A958AA77933D7F7
:10FC3000D71DF5F5F8F84A9924A3BB9595958A0A3E
:10FC40000E3D3F41EAEA000000000000000000B461
:10FC5000B4179AD2596C57BB832C62C2121212127B
:10FC60001212EEC0C0C0C0C0C0C0C0C0C0C0C0C0C2
:10FC7000C0C0C0C0C0C0C0C0C0C0C0C0C0C0C0C084
:10FC8000EEC9C9C90404622CAB0C576C950A3FBB82
:10FC9000525372000000000000000000000000004D
:10FCA0000000009A3F0EB90E3481B7B7B2B2B7E880
:10FCB000E8803B3B3B80E8E8616159161616161652
:10FCC00016958A8A8A8E2534D2D234C50ECFB9B918
:10FCD000CFB900000000000000000000000000009C
:10FCE0000000000000000000000000000000000014
:10FCF0000000000000000000000000000000000004
:10FD000000000000000000000000000000000000F3
:10FD100000000000000000000000000000000000E3
:10FD200000000000000000000000000000000000D3
:10FD300000000000000000000000000000000000C3
:10FD400000000000000000000000000000000000B3
:10FD500000000000000000000000000000000000A3
:10FD60000000000000000000000000000000000093
:10FD7000000000000016958E5934D2E79CBBBBAB47
:10FD80002C6262F2F2F212121212121212121212F9
:10FD90001212F2F2F2C2C2F2C2C2C2C262E519BBD0
:10FDA0006C6C57575757575785E8B2B2BB75E198F7
:10FDB000B3B3C3C3C3C3C3D8396F02919A0AD28AFB
:10FDC000E7951616BD3EBFB33737D7BF39BF369953
:10FDD000241E835BBA8A8A8E2906B99CEAEA00004F
:10FDE0000000000000000000B4B4B49AD25957BB20
:10FDF0003BABE504C2121212121212EEC0C0C0C018
:10FE0000C0C0C0C0C0C0C0C0C0C0C0C0C0C0C0C0F2
:10FE1000C0C0C0C0C0C0C0C0C0EEC9C9C90404CB06
:10FE20002CABBB571695CEAFBB5353000000000060
:10FE3000000000000000000000000000000E9A0614
:10FE4000F60E3481FB8A95B261E8803B3B5785858D
:10FE5000611659E7E78A8A8A958A8AD2D234CECE49
:10FE60003434340ECFCF3D3DCEB900000000000049
:10FE70000000000000000000000000000000000082
:10FE80000000000000000000000000000000000072
:10FE90000000000000000000000000000000000062
:10FEA0000000000000000000000000000000000052
:10FEB0000000000000000000000000000000000042
:10FEC0000000000000000000000000000000000032
:10FED0000000000000000000000000000000000022
:10FEE0000000000000000000000000000000000012
:10FEF0000000000000000000000000000000000002
:10FF00000000000000000000000000000000598117
:10FF10009A57D25957573B83C422C2C2F2F2F21207
:10FF20001212121212121212121212F2F2F2F2F251
:10FF3000F2F2F2C2F2121212C2222C4E3B80026C7A
:10FF40008585E861B7B77210E1E198B3B3B39898CB
:10FF5000D0E2819134D28A95166C6C599C189E9887
:10FF600098B3733939D96BAAA0720C5B8A8A8A0A52
:10FF7000CE3FB90E0EEA00000000000000000000B5
:10FF800000B4B4B491815957578319220412121244
:10FF900012121212EEC0C0C0C0C0C0C0C0C0C0C0EB
:10FFA000C0C0C0C0C0C0C0C0C0C0C0C0C0505050A1
:10FFB000505050C9C9040404CBC441BB579595297E
:10FFC000DB0A5300000000000000000000000000F9
:10FFD0000000000000000ECFC5F6B429348A8181EC
:10FFE000818159595959595959959525258D8D8D85
:10FFF000656565659A0E9A9A9A0E3F060E06B9B91E
:1000000006B9000000000000000000000000000031
:1000100000000000000000000000000000000000E0
:1000200000000000000000000000000000000000D0
:1000300000000000000000000000000000000000C0
:1000400000000000000000000000000000000000B0
:1000500000000000000000000000000000000000A0
:100060000000000000000000000000000000000090
:100070000000000000000000000000000000000080
:100080000000000000000000000000000000000070
:100090000000000000000000000000000000000060
:1000A00000000000000000950C3459810257808345
:1000B000ABE5CBC2C2F2F2F21212121212121212FB
:1000C00012121212F2F2F2F2F2F2F2F2C21212EE84
:1000D000C0C0C0C0C922AB026C0285E861B7FB9505
:1000E000A775C3D8D8D8C3D90FA38134348E9559F6
:1000F000596C6C6C57BDD1AAD91039F56B310FBC56
:100100008BA73816BA8A8A0ACE06060ECFEA0000F6
:10011000000000000000000000003FB43F91B76CF9
:100120005780834ECBF212121212121212EEC0C07E
:10013000C0C0C0C0C0C0C0C0C0C0C0C0C0C0C0C0BF
:10014000C0C0C0C0C0C0505050505050C9C90404B5
:1001500004CBC40CBB57954692290A00000000004E
:10016000000000000000000000000000000000008F
:10017000CF0E34063F64659191919146464646FB09
:100180004646348D6565656429292929293F3F0E36
:100190000E0E3F06B9B906CFB9B900000000000045
:1001A000000000000000000000000000000000004F
:1001B000000000000000000000000000000000003F
:1001C000000000000000000000000000000000002F
:1001D000000000000000000000000000000000001F
:1001E000000000000000000000000000000000000F
:1001F00000000000000000000000000000000000FF
:1002000000000000000000000000000000000000EE
:1002100000000000000000000000000000000000DE
:1002200000000000000000000000000000000000CE
:100230000000000000000000000000000000006C52
:10024000E75981815957BB80834E2262C2C2F2F2C4
:10025000F2121212121212121212121212F2F2F2FE
:10026000F2F2F2F2F2C2121212EE12C0C0C0C022BA
:1002700080026185850261B78146E77BA3278B7881
:100280007B6C8E348E81956C6C6C6C575757BB436E
:100290002718D1BCBCD1C778A70C9CE78A8AD2D2D8
:1002A0000ECFB9CF060600000000000000000000DD
:1002B000000000B4B43F91B76C57BB83C462F21224
:1002C000121212121212EEC0C0C0C0C0C0C0C0C014
:1002D000C0C0C0C0C0C0C0C0C0C0C0C0C0C0C0508E
:1002E0005050505050C9C9040404224E0CBB5781D1
:1002F00065DB256400000000000000000000000035
:1003000000000000000000000000CFB40E062F2FF8
:10031000B4B4B46417649191916417B4293F3FB4A5
:100320002929290E29293F3F0E0E0E0ECF06CF0692
:10033000B9B900000000000000000000000000004B
:1003400000000000000000000000000000000000AD
:10035000000000000000000000000000000000009D
:10036000000000000000000000000000000000008D
:10037000000000000000000000000000000000007D
:10038000000000000000000000000000000000006D
:10039000000000000000000000000000000000005D
:1003A000000000000000000000000000000000004D
:1003B000000000000000000000000000000000003D
:1003C000000000000000000000000000000000002D
:1003D000000000000000000C57418181810257BBE2
:1003E000BBABC4CB62F2F2F2121212121212121250
:1003F00012121212121212121212121212121212DD
:10040000121212F2EEC0C0C0C04EB7610285850262
:100410006146FBFB91CECE4F4F34FBF78181166CCA
:10042000025757575757BBBB579C9C385858389C56
:10043000E7B7B7958E8A0AC50E06B93F06B9000020
:10044000000000000000000000000000B4B43F9174
:10045000951657BBAB2C62F2F2F21212121212EE88
:10046000C0C0C0C0C0C0C0C0C0C0C0C0C0C0C0C08C
:10047000C0C0C0C0C0C0C0C0505050C9C9C9C9C99F
:10048000040404224E0CBB6C8165DB8E92000000DC
:10049000000000000000000000000000000000005C
:1004A000000000003F3FD2B42FDBDBDBF6DBDBDB01
:1004B0003FDBDBDB3F3F0ECED2290E3F3F3F3F3FCE
:1004C0003F3F3FCF3F3FB9B9B900000000000000F7
:1004D000000000000000000000000000000000001C
:1004E000000000000000000000000000000000000C
:1004F00000000000000000000000000000000000FC
:1005000000000000000000000000000000000000EB
:1005100000000000000000000000000000000000DB
:1005200000000000000000000000000000000000CB
:1005300000000000000000000000000000000000BB
:1005400000000000000000000000000000000000AB
:10055000000000000000000000000000000000009B
:100560000000000000000000000000000000000784
:100570000C07575981590257BB834EE56262F2F26C
:10058000F21212121212121212121212121212126B
:1005900012121212121212121212121212C0C0C031
:1005A000C0C00483B7610285E86181814646FBFBD8
:1005B00046348EFBB795595902025757575757572C
:1005C00002598181D28E3434CE34348E8E34CE0EA4
:1005D000CF06B90606B900000000000000000000C8
:1005E0000000000000B434B491956C573BABE56259
:1005F000F2F2F21212121212EEC0C0C0C0C0C0C09D
:10060000C0C0C0C0C0C0C0C0C0C0C0C0C0C0C0C0EA
:10061000C0505050C9C9C9C9C904040422193BBB00
:100620006C8165923F920000000000000000000015
:1006300000000000000000000000000000003FB4C7
:10064000D2D2B4767676763F3F3F3F06B40E3F0E69
:100650003F2929292929293F3F3F3F3F3F060606D9
:10066000B9000000000000000000000000000000D1
:10067000000000000000000000000000000000007A
:10068000000000000000000000000000000000006A
:10069000000000000000000000000000000000005A
:1006A000000000000000000000000000000000004A
:1006B000000000000000000000000000000000003A
:1006C000000000000000000000000000000000002A
:1006D000000000000000000000000000000000001A
:1006E000000000000000000000000000000000000A
:1006F00000000000000000000000000000000000FA
:10070000000000000000000021570C6C3481595794
:10071000BB3BABC42262C2F2121250501212121230
:100720001212121212EEEEEEEEEE1212121212125D
:100730001212121212C0C0C0C0C0C0C0E5E8B7613A
:1007400002020259E78A81F754B781818159596CB5
:1007500002025757575757570259595981D246469F
:100760008E9A9ACECE290E0E0EB9B90E06B9000099
:10077000000000000000000000000000009AB43FEC
:100780009A91596C573B1922C2F21212121212EEB0
:10079000EEEEC0C0C0C0C0C0C0C0C0C0C0C0C0C0FD
:1007A000C0C0C0C0C0C0C0C0C0C0505050C9C9C97E
:1007B000C9C904040422AB3BBB6C8165923F920023
:1007C0000000000000000000000000000000000029
:1007D00000000000000000003F3F3F3FDBDBDBDBB1
:1007E000DBDBDBDBDBDB06DB29290E0000000000A6
:1007F00000000000000000000000000000000000F9
:1008000000000000000000000000000000000000E8
:1008100000000000000000000000000000000000D8
:1008200000000000000000000000000000000000C8
:1008300000000000000000000000000000000000B8
:1008400000000000000000000000000000000000A8
:100850000000000000000000000000000000000098
:100860000000000000000000000000000000000088
:100870000000000000000000000000000000000078
:100880000000000000000000000000000000000068
:100890000000000000000000000000000000000058
:1008A0000021578A8A8E590257BB834EE5620404A1
:1008B000040404C9C9501212121212121212C0C03A
:1008C000C0C0C0EE1212F2F2121212121212C0C006
:1008D000C050C0C0C0C04EB759596C6C5959595915
:1008E000595959595959596C6C02020257575702B4
:1008F00002020259814634349A9A0E0E0E0E0E06EA
:100900000606060E06B90000000000000000000008
:1009100000000000000025649A9A345902803B4E82
:10092000CBF2121212121212C0C0C0C0C0C0C0C09E
:10093000C0C0C0C0C0C0C0C0C0C0C0C0C0C0C0C0B7
:10094000C0C0C0505050C9C9C9C9C9C90462E5ABCB
:100950003B57598E653F3F920000000000000000A9
:100960000000000000000000000000000000000087
:100970000000000000000000000000000000000077
:100980000000000000000000000000000000000067
:100990000000000000000000000000000000000057
:1009A0000000000000000000000000000000000047
:1009B0000000000000000000000000000000000037
:1009C0000000000000000000000000000000000027
:1009D0000000000000000000000000000000000017
:1009E0000000000000000000000000000000000007
:1009F00000000000000000000000000000000000F7
:100A000000000000000000000000000000000000E6
:100A100000000000000000000000000000000000D6
:100A200000000000000000000000000000000000C6
:100A300000000000000000000000B7B7D259815943
:100A40000257BB41C4CB620404040404C9C9501258
:100A500012121212121212C0C0C0C0C0EE1212EE58
:100A6000EEEE1212121212C0C0C050C0C0C0C012AE
:100A7000ABB7B7595959595959595959595959022F
:100A80006C6C020202575757025959598181349AA6
:100A90009A9A9A0E0E0ECFB906060EB9B9B9000091
:100AA00000000000000000000000000000006E25B3
:100AB0006C9A9A3459578083C462C212121212126D
:100AC00012C0C0C0C0C0C0C0C0C0C0C0C0C0C0C0D4
:100AD000C0C0C0C0C0C0C0C0C0C0C0C0505050C95D
:100AE000C9C9C9C9C90462E5833B57598E653F3FEF
:100AF0003F000000000000000000000000000000B7
:100B000000000000000000000000000000000000E5
:100B100000000000000000000000000000000000D5
:100B200000000000000000000000000000000000C5
:100B300000000000000000000000000000000000B5
:100B400000000000000000000000000000000000A5
:100B50000000000000000000000000000000000095
:100B60000000000000000000000000000000000085
:100B70000000000000000000000000000000000075
:100B80000000000000000000000000000000000065
:100B90000000000000000000000000000000000055
:100BA0000000000000000000000000000000000045
:100BB0000000000000000000000000000000000035
:100BC0000000000000000000000000000000000025
:100BD000000059B759FBB7810257573B192CCB047A
:100BE0000450505050C9C9501212EEEEEEEEEEEE27
:100BF000C0C0C0C0C0EEEEEEC0C0C0EEEEEEEEEE85
:100C0000C0C0C050C0C0C0C0C0CBABE859596C6CAC
:100C10006C0202020202020202575757575757024C
:100C2000025959818181818E343434349A0E0ECF29
:100C3000C5CF060606B90000000000000000000055
:100C400000000000000000076E959A9AD259578064
:100C5000832C62C2121212121212C0C0C0C0C0C0D5
:100C6000C0C0C0C0C0C0C0C0C0C0C0C0C0C0C0C084
:100C7000C0C0C0C0C0505050C9C9C9C9C90404626D
:100C80002C833B57598E653F2FF600000000000073
:100C90000000000000000000000000000000000054
:100CA0000000000000000000000000000000000044
:100CB0000000000000000000000000000000000034
:100CC0000000000000000000000000000000000024
:100CD0000000000000000000000000000000000014
:100CE0000000000000000000000000000000000004
:100CF00000000000000000000000000000000000F4
:100D000000000000000000000000000000000000E3
:100D100000000000000000000000000000000000D3
:100D200000000000000000000000000000000000C3
:100D300000000000000000000000000000000000B3
:100D400000000000000000000000000000000000A3
:100D50000000000000000000000000000000000093
:100D60000000000000000000000000BA9746B7FB3A
:100D7000B7025780834E2262040404C9C9C9C9C995
:100D8000501212EEC0C0C0C0C0C0C0C0C0C0C0C001
:100D9000C0C0C0C0C0C0C0C0C0C0C0C05050C0C033
:100DA000C0C0C0624E3B020202026C6C57575757DC
:100DB0005757575757575702025959818195955799
:100DC0006C168E3434CE343F9C0ECF0000000000F1
:100DD0000000000000000000000000000000006EA5
:100DE000DC19259A9A8159803BABE562C212121236
:100DF000121212C0C0C0C0C0C0C0C0C0C0C05050DD
:100E0000C0C0C0C0C0C0C0C0C0C0C0C0C0C05050C2
:100E100050C9C9C9C9C9040462C4838057168E6405
:100E20002F2FF6000000000000000000000000006E
:100E300000000000000000000000000000000000B2
:100E400000000000000000000000000000000000A2
:100E50000000000000000000000000000000000092
:100E60000000000000000000000000000000000082
:100E70000000000000000000000000000000000072
:100E80000000000000000000000000000000000062
:100E90000000000000000000000000000000000052
:100EA0000000000000000000000000000000000042
:100EB0000000000000000000000000000000000032
:100EC0000000000000000000000000000000000022
:100ED0000000000000000000000000000000000012
:100EE0000000000000000000000000000000000002
:100EF00000000000000000000000000000000000F2
:100F00000000009C8A978E2581590257BBAB2CCBE1
:100F100062040404C9C9C9C9C9501212EEC0C0C0D4
:100F2000C0C0C0C0C0C0C0C0C0C0C0C0C0C0C0C0C1
:100F3000C0C0C0C0C05050505050EEEEEEC2E54EA2
:100F400083BBBBBBBBBBBBBBBBBBBB3B3BBB5757F1
:100F5000025959818195166C61818E34348E3434F6
:100F60009CC5C5000000000000000000000000005B
:100F70000000000000000000190707259A348102D4
:100F800080831922C2F2121212121212C0C0C0C003
:100F9000C0C0C0C0C0C0C05050C0C0C0C0C0C0C031
:100FA000C0C0C0C0C0C0C0505050C9C9C9C9C90420
:100FB0000462C43B8057958E642F06F60000000043
:100FC0000000000000000000000000000000000021
:100FD0000000000000000000000000000000000011
:100FE0000000000000000000000000000000000001
:100FF00000000000000000000000000000000000F1
:1010000000000000000000000000000000000000E0
:1010100000000000000000000000000000000000D0
:1010200000000000000000000000000000000000C0
:1010300000000000000000000000000000000000B0
:1010400000000000000000000000000000000000A0
:101050000000000000000000000000000000000090
:101060000000000000000000000000000000000080
:101070000000000000000000000000000000000070
:101080000000000000000000000000000000000060
:1010900000000000000000000000009C3C0C3C0A26
:1010A00081B702573B834EE5620404C9C9C9C9C967
:1010B000C9C9C9C0C0C0C0C0C0C0C0C0C0C0C0C015
:1010C000C0C0C0C0C0C0C0C0C0C0C0C0C0C0C0C020
:1010D000C0C0C050505050C262E52CC44E4E4E4E5F
:1010E0004E4E4E4E4EAB833B3B025981D28181E73F
:1010F00095959595D2CECECECECEC50000000000FF
:1011000000000000000000000000000000000000DF
:10111000006E0741819A468159808319221212126A
:101120001212C0C0C0C0C0C0C0C0C0C0C0C0C0C01B
:10113000C0C0C0C0C0C0C0C0505050C0C0C0C0C0FF
:10114000505050C9C9C9C9C9C904CB193B57025924
:101150003429063F060000000000000000000000E7
:10116000000000000000000000000000000000007F
:10117000000000000000000000000000000000006F
:10118000000000000000000000000000000000005F
:10119000000000000000000000000000000000004F
:1011A000000000000000000000000000000000003F
:1011B000000000000000000000000000000000002F
:1011C000000000000000000000000000000000001F
:1011D000000000000000000000000000000000000F
:1011E00000000000000000000000000000000000FF
:1011F00000000000000000000000000000000000EF
:1012000000000000000000000000000000000000DE
:1012100000000000000000000000000000000000CE
:1012200000000000000000000000000000000000BE
:1012300000000000615BBABA0A815957803BABC419
:1012400022620404C9C9C9C9C9C9C9C9C0C0C0C0CA
:10125000C0C0C0C0C0C0C0C0C0C0C0C0C0C0C0C08E
:10126000C0C0C0C0C0C0C0C0C0C0C0C0505050503E
:10127000505004CB22E5E5E5E5E5222222E5C4ABAA
:10128000833B025981814657819500000000000090
:10129000000000000000000000000000000000004E
:1012A000000000000000000000006E0759819A81D4
:1012B000590257834ECB1212121212C0C0C0C0C0C6
:1012C000C0C0C0C0C0C0C0C0C0C0C0C0C0C0C0C01E
:1012D000C0505050C0C0C0C0C0505050C9C9C9C98A
:1012E000C90404CB19BB5702590A29063F0600005E
:1012F00000000000000000000000000000000000EE
:1013000000000000000000000000000000000000DD
:1013100000000000000000000000000000000000CD
:1013200000000000000000000000000000000000BD
:1013300000000000000000000000000000000000AD
:10134000000000000000000000000000000000009D
:10135000000000000000000000000000000000008D
:10136000000000000000000000000000000000007D
:10137000000000000000000000000000000000006D
:10138000000000000000000000000000000000005D
:10139000000000000000000000000000000000004D
:1013A000000000000000000000000000000000003D
:1013B000000000000000000000000000000000002D
:1013C00000000000000000000000000000615B95CC
:1013D0005B8E950257BB834EE5CB620404C9C9C935
:1013E000C9C9C9C9C9C0C0C0C0C0C0C0C0C0C0C0D0
:1013F000C0C0C0C0C0C0C0C0C0C0C0C0C0C0C0C0ED
:10140000C0C0C0C0C0505050501212C90404CBCB51
:10141000CBCBCB6262CB22C4AB833B0281819AD21D
:101420008E810000000000000000000000000000AD
:1014300000000000000000000000000000000000AC
:101440000000006E46D28134815902BB83C462120F
:1014500012121212C0C0C0C0C0C0C0C0C0C0C0C044
:10146000C0C0C0C0C0C0C0C0C0C0505050C0C0C0CC
:10147000C0C0505050C9C9C9C9C904042241BB5792
:1014800002590A3F3F3FAF0000000000000000008B
:10149000000000000000000000000000000000004C
:1014A000000000000000000000000000000000003C
:1014B000000000000000000000000000000000002C
:1014C000000000000000000000000000000000001C
:1014D000000000000000000000000000000000000C
:1014E00000000000000000000000000000000000FC
:1014F00000000000000000000000000000000000EC
:1015000000000000000000000000000000000000DB
:1015100000000000000000000000000000000000CB
:1015200000000000000000000000000000000000BB
:1015300000000000000000000000000000000000AB
:10154000000000000000000000000000000000009B
:10155000000000000000000000000000000000008B
:10156000000000000000B795B285251621BB3B8323
:10157000C42262040404C9C9C9C9C9C9C9C9C0C04F
:10158000C0C0C0C0C0C0C0C0C0C0C0C0C0C0C0C05B
:10159000C0C0C0C0C0C0C0C0C0C0C0C0C0C050502B
:1015A00050505050C9C9C904040404040404CBE5D4
:1015B00019833B3B5981343F9A46000000000000EC
:1015C000000000000000000000000000000000001B
:1015D00000000000000000000000000081919A4619
:1015E000348102573BAB2C621212121212C0C0C0DF
:1015F000C0C0C0C0C0C0C0C0C0C0C05050C0C0C0CB
:10160000C0C0C0505050C0C0C0C0C0505050C9C968
:10161000C9C9C90404E583BB026C81343F0E3F3F56
:1016200000000000000000000000000000000000BA
:1016300000000000000000000000000000000000AA
:10164000000000000000000000000000000000009A
:10165000000000000000000000000000000000008A
:10166000000000000000000000000000000000007A
:10167000000000000000000000000000000000006A
:10168000000000000000000000000000000000005A
:10169000000000000000000000000000000000004A
:1016A000000000000000000000000000000000003A
:1016B000000000000000000000000000000000002A
:1016C000000000000000000000000000000000001A
:1016D000000000000000000000000000000000000A
:1016E00000000000000000000000000000000000FA
:1016F000000000000000000000000000000000FBEF
:10170000FBE8E8B22121BB0C192CCB62040404C90C
:10171000C9C9C9C9C9C9C9C0C0C0C0C0C0C0C0C08A
:10172000C0C0C0C0C0C0C0C0C0C0C0C0C0C0C0C0B9
:10173000C0C0C0C0C0C0C0505050505050C9C9C92E
:10174000C904C9C9C90462CBC4AB833B8081D23F01
:10175000819A00000000000000000000000000006E
:101760000000000000000000000000000000000079
:10177000000000000091819A91D28102803B19E51E
:10178000041212121212C0C0C0C0C0C0C0C0C0C07B
:10179000C0C0C0C05050C0C0C0C0C0C0505050C079
:1017A000C0C0C0C0505050C9C9C9C9C904042C0C1C
:1017B00057026C8134290E3F3F00000000000000FA
:1017C0000000000000000000000000000000000019
:1017D0000000000000000000000000000000000009
:1017E00000000000000000000000000000000000F9
:1017F00000000000000000000000000000000000E9
:1018000000000000000000000000000000000000D8
:1018100000000000000000000000000000000000C8
:1018200000000000000000000000000000000000B8
:1018300000000000000000000000000000000000A8
:101840000000000000000000000000000000000098
:101850000000000000000000000000000000000088
:101860000000000000000000000000000000000078
:101870000000000000000000000000000000000068
:101880000000000000000000000000000000000058
:10189000000000000000008DFB91B7B7615721BB2D
:1018A0000C4EE562C2040404C9C9C9C9C9C9C9C981
:1018B0005050505050EEEEEEEEEEC0C0C0C0C0C072
:1018C000C0C0C0C0C0C0C0C0C0C0C0C0C0C0C0C018
:1018D000505050505050C9C9C9C9C9C9C9C904627A
:1018E000E519833B80023464762FB40000000000C9
:1018F00000000000000000000000000000000000E8
:1019000000000000000000000000000000009191B5
:101910009AD481598080831922121212EEEEEEEED3
:10192000EEEEC0C0C0C0C0C0C0C0C0C0C05050C03B
:10193000C0C0C0C0C0505050C0C0C0C0C050505047
:10194000C9C950040404042CBB57025981343F9A7E
:101950000E0E00000000000000000000000000006B
:101960000000000000000000000000000000000077
:101970000000000000000000000000000000000067
:101980000000000000000000000000000000000057
:101990000000000000000000000000000000000047
:1019A0000000000000000000000000000000000037
:1019B0000000000000000000000000000000000027
:1019C0000000000000000000000000000000000017
:1019D0000000000000000000000000000000000007
:1019E00000000000000000000000000000000000F7
:1019F00000000000000000000000000000000000E7
:101A000000000000000000000000000000000000D6
:101A100000000000000000000000000000000000C6
:101A200000000000000000000000000000000000B6
:101A3000658E918E8A6C57BB0CABC4226262040423
:101A4000C9C9C9C9C9C9C9C9C9C9C9C9C9C95050F8
:101A500050505050C0C0C0C0C0C0C0C0C0C0C0C046
:101A6000C0C0C0C0C0C0C0C0C0505050121212C9C7
:101A7000C9C9C9C9C9C9C962CB4E83833B02819117
:101A80002FB42FB400000000000000000000000090
:101A90000000000000000000000000000000000046
:101AA0000000000000000091B7B4FBB7E88080831D
:101AB0004E22501212505050505050C0C0C0C0C0A2
:101AC000C0C0C0C0C0C0C0C0C0C0C0C0C0C0C0C016
:101AD000C0C0C0C0C0C0C9C9C9C9C912C2040404B9
:101AE000C45702595981343FD20E9A0000000000B9
:101AF00000000000000000000000000000000000E6
:101B000000000000000000000000000000000000D5
:101B100000000000000000000000000000000000C5
:101B200000000000000000000000000000000000B5
:101B300000000000000000000000000000000000A5
:101B40000000000000000000000000000000000095
:101B50000000000000000000000000000000000085
:101B60000000000000000000000000000000000075
:101B70000000000000000000000000000000000065
:101B80000000000000000000000000000000000055
:101B90000000000000000000000000000000000045
:101BA0000000000000000000000000000000000035
:101BB0000000000000000000000000000000000025
:101BC0000000000000000000CE0A94BA9595575717
:101BD000BB0C19E5CB62620404C9C9C9C9C9C9C92A
:101BE000C9C9C9C9C9C9C9505050505050C0C0C056
:101BF000C0C0C0C0C0C0C0C0C0C0C0C0C0C0C0C0E5
:101C0000C0C0505050121212C9C9C9C9C9C9C9C9E6
:101C1000622CAB833B0259D2652F342F2F0000007A
:101C200000000000000000000000000000000000B4
:101C300000000000000000000000000000000000A4
:101C400091B7B4FBB7E8803B83C4621212125050C4
:101C500050505050C0C0C0C0C0C0C0C0C0C0C0C044
:101C6000C0C0C0C0C0C0C0C0C0C0C0C0C0C0C0C96B
:101C7000C9C9C9C912C2040462C45702595981654D
:101C80003FE70ED20000000000000000000000004E
:101C90000000000000000000000000000000000044
:101CA0000000000000000000000000000000000034
:101CB0000000000000000000000000000000000024
:101CC0000000000000000000000000000000000014
:101CD0000000000000000000000000000000000004
:101CE00000000000000000000000000000000000F4
:101CF00000000000000000000000000000000000E4
:101D000000000000000000000000000000000000D3
:101D100000000000000000000000000000000000C3
:101D200000000000000000000000000000000000B3
:101D300000000000000000000000000000000000A3
:101D40000000000000000000000000000000000093
:101D50000000000000000000000000000000000083
:101D6000CE654F948E956C57BB3B416E226262C22A
:101D7000040404C9C9C9C9C9C9C9C9C9C9C9C9C922
:101D8000C0C0C0C0C0C0C0C0C0C0C0C0C0C0C0C053
:101D9000C0C0C0C0C0C0C0C0C0C0C0EE5050121251
:101DA00012C9C9C90404040404224E833B8059812A
:101DB000D2648EB42F00000000000000000000007C
:101DC0000000000000000000000000000000000013
:101DD000000000000000000000464617B7B78080F2
:101DE0003BAB2C62505050505050505050C0C0C06F
:101DF000C0C0C0C0C0C0C0C0C0C0C0C0C0C0C0C0E3
:101E0000C0C0C0C0C0C0C0C0C9C9C9C9C912C2C24F
:101E100004CB4E570202598165299CD2590000001B
:101E200000000000000000000000000000000000B2
:101E300000000000000000000000000000000000A2
:101E40000000000000000000000000000000000092
:101E50000000000000000000000000000000000082
:101E60000000000000000000000000000000000072
:101E70000000000000000000000000000000000062
:101E80000000000000000000000000000000000052
:101E90000000000000000000000000000000000042
:101EA0000000000000000000000000000000000032
:101EB0000000000000000000000000000000000022
:101EC0000000000000000000000000000000000012
:101ED0000000000000000000000000000000000002
:101EE00000000000000000000000000000000000F2
:101EF000000000000000000000656594BA25165738
:101F000057BB0C192C62620404040404C9C9C9C972
:101F1000C9C9C9C9C9C9C9C0C0C0C0C0C0C0C0C082
:101F2000C0C0C0C0C0C0C0C0C0C0C0C0C0C0C0C0B1
:101F3000C0C0C0C0501212121212C9C9C904040490
:101F400004CB2CAB3B8002E7E70E2929640000009C
:101F50000000000000000000000000000000000081
:101F60000000000000000000000000000000000071
:101F70000027173FFBB75980803BABE5C25050505C
:101F8000501212505050C0C0C0C0C0C0C0C0C0C06D
:101F9000C0C0C0C0C0C0C0C0C0C0C0C0C0C0C0C041
:101FA000C0C9C9C9C9C912C2C262CB4E57020259BF
:101FB0008129CEBBE7020000000000000000000005
:101FC0000000000000000000000000000000000011
:101FD0000000000000000000000000000000000001
:101FE00000000000000000000000000000000000F1
:101FF00000000000000000000000000000000000E1
:1020000000000000000000000000000000000000D0
:1020100000000000000000000000000000000000C0
:1020200000000000000000000000000000000000B0
:1020300000000000000000000000000000000000A0
:102040000000000000000000000000000000000090
:102050000000000000000000000000000000000080
:102060000000000000000000000000000000000070
:102070000000000000000000000000000000000060
:102080000000000000000000000000000000000050
:102090000000656165B2B76C5757BB0C6E226204D5
:1020A0000404040404C9C9C9C9C9C9C9C9C9C9C979
:1020B000C0C0C0C0C0C0C0C0C0C0C0C0C0C0C0C020
:1020C000C0C0C0C0C0C0C0C0C0C0C0C0C0501212DC
:1020D000121212C9C9C904046262224E83800259D5
:1020E00081E706810E0000000000000000000000F3
:1020F00000000000000000000000000000000000E0
:1021000000000000000000000000892164B746596B
:1021100080803B1922F2125050501212505050C081
:10212000C0C0C0C0C0C0C0C0C0C0C0C0C0C0C0C0AF
:10213000C0C0C0C0C0C0C0C0C0C0C9C9C9C9C91220
:10214000C2C262CBAB57020281D2648E419C0200B4
:10215000000000000000000000000000000000007F
:10216000000000000000000000000000000000006F
:10217000000000000000000000000000000000005F
:10218000000000000000000000000000000000004F
:10219000000000000000000000000000000000003F
:1021A000000000000000000000000000000000002F
:1021B000000000000000000000000000000000001F
:1021C000000000000000000000000000000000000F
:1021D00000000000000000000000000000000000FF
:1021E00000000000000000000000000000000000EF
:1021F00000000000000000000000000000000000DF
:1022000000000000000000000000000000000000CE
:1022100000000000000000000000000000000000BE
:1022200000000000000000000000254665256161F7
:102230005757BB3BAB2CCB62040404C9C9C9C9C9FD
:10224000C9C9C9C9C9C9C0C0C0C0C0C0C0C0505038
:1022500050C0C0C0C0C0C0C0C0C0C0C0C0C0C0C0EE
:10226000C0C0C0C0C0C0EE12121212120404040496
:102270000462CBC48380809CD2D2D20E340E000084
:10228000000000000000000000000000000000004E
:10229000000000000000000000000000000000003E
:1022A000000089278564463416853B834ECBF2F2C5
:1022B0001212EEC0C0C0C0C01212121212121212BC
:1022C0001212121212121212EEC0C0C0C0C0505030
:1022D000505050C9C9C9040412F2C26222AB3B3B40
:1022E00085953429594157BB0000000000000000CB
:1022F00000000000000000000000000000000000DE
:1023000000000000000000000000000000000000CD
:1023100000000000000000000000000000000000BD
:1023200000000000000000000000000000000000AD
:10233000000000000000000000000000000000009D
:10234000000000000000000000000000000000008D
:10235000000000000000000000000000000000007D
:10236000000000000000000000000000000000006D
:10237000000000000000000000000000000000005D
:10238000000000000000000000000000000000004D
:10239000000000000000000000000000000000003D
:1023A000000000000000000000000000000000002D
:1023B000000000000000000000000000000000001D
:1023C0000000E78D6C6595956C57BBBB834EE5624D
:1023D00062040404C9C9C9C9C9C9C9C9C9C9C9C02C
:1023E000C0C0C0C0C0C0C0505050C0C0C0C0C0C03D
:1023F000C0C0C0C0C0C0C0C0C0C0C0C0C0C0C0EEAF
:1024000012121212120404040462CBE5AB3B8002E8
:10241000E7D2D234D234D200000000000000000025
:1024200000000000000000000000000000000000AC
:10243000000000000000000000002789896C916501
:102440008E6C573B83C462F2121212EEC0C0C0C041
:10245000C0121212121212121212121212121212AE
:1024600012EEC0C0C0C0C05050505050C9C9C904BD
:102470000412F2C262E5AB3B3B858ACE3F5741571F
:10248000000000000000000000000000000000004C
:10249000000000000000000000000000000000003C
:1024A000000000000000000000000000000000002C
:1024B000000000000000000000000000000000001C
:1024C000000000000000000000000000000000000C
:1024D00000000000000000000000000000000000FC
:1024E00000000000000000000000000000000000EC
:1024F00000000000000000000000000000000000DC
:1025000000000000000000000000000000000000CB
:1025100000000000000000000000000000000000BB
:1025200000000000000000000000000000000000AB
:10253000000000000000000000000000000000009B
:10254000000000000000000000000000000000008B
:1025500000000000000000000000BA5F52658E25F8
:1025600016BB57BB3B83C4CB6262040404C9C9C910
:10257000C9C9C9C9C9C9C9C9C9C9C0C0C0C0C0C001
:10258000505050C0C0C0C0C0C0C0C0C0C0C0C0C09B
:10259000C0C0C0C0C0C0C0C0EE12121212120404EB
:1025A000040462224E83808059D2D2CECEE734C555
:1025B000000000000000000000000000000000001B
:1025C000000000000000000000000000000000000B
:1025D0000000008989278A6491B26CBB3BAB2CC296
:1025E00012501212EEC0C0C0C0C01212121212124B
:1025F00012121212121212121212EEC0C0C0C0C079
:102600005050505050C95050040412C2C2622C8322
:102610003B3B6C8E2929CE810000000000000000A9
:1026200000000000000000000000000000000000AA
:10263000000000000000000000000000000000009A
:10264000000000000000000000000000000000008A
:10265000000000000000000000000000000000007A
:10266000000000000000000000000000000000006A
:10267000000000000000000000000000000000005A
:10268000000000000000000000000000000000004A
:10269000000000000000000000000000000000003A
:1026A000000000000000000000000000000000002A
:1026B000000000000000000000000000000000001A
:1026C000000000000000000000000000000000000A
:1026D00000000000000000000000000000000000FA
:1026E00000000000000000000000000000000000EA
:1026F0000000008A0A3CCECE8A6C57BBBB0C19E5A1
:10270000620404040404040404C9C9C9C9C9C9C9C8
:10271000C9C9C9C9C0C0505050505050C0C0C0C035
:10272000C0C0C0C0C0C0C0C0C0C0C0C0C0C0C0C0A9
:10273000C0EE121212121204040404CB2CAB3B8024
:102740000281D2340ED234C5000000000000000027
:102750000000000000000000000000000000000079
:102760000000000000000000000000008989A30AAA
:102770009134956C3B3BABE5C250121212EEC0C0D7
:10278000C0C0C0121212121212121212121212121F
:10279000121212EEC0C0C0C0C050505012125004ED
:1027A000040404F2C262CB2C833B856134DB8E9A35
:1027B0000000000000000000000000000000000019
:1027C0000000000000000000000000000000000009
:1027D00000000000000000000000000000000000F9
:1027E00000000000000000000000000000000000E9
:1027F00000000000000000000000000000000000D9
:1028000000000000000000000000000000000000C8
:1028100000000000000000000000000000000000B8
:1028200000000000000000000000000000000000A8
:102830000000000000000000000000000000000098
:102840000000000000000000000000000000000088
:102850000000000000000000000000000000000078
:102860000000000000000000000000000000000068
:102870000000000000000000000000000000000058
:102880000000000000000000000000008A0A4FCE97
:102890008A166C57BBBB0C6E226204040404040449
:1028A0000404C9C9C9C9C9C9C9C9C9C9C9C0C050AD
:1028B0005050505050C0C0C0C0C0C0C0C0C0C0C048
:1028C000C0C0C0C0C0C0C0C0C0C0EE121212121240
:1028D0000404046222193B57025981D20E0E29D2F8
:1028E00000000000000000000000000000000000E8
:1028F00000000000000000000000000000000000D8
:1029000000000000008927C865464616573B83191A
:1029100022C250121212EEC0C0C0C0C01212121257
:10292000121212121212121212121212EEC0C0C0A1
:10293000C0C050505012125004040404F2C262CBC2
:10294000C43B3B8595CE76B4290000000000000012
:102950000000000000000000000000000000000077
:102960000000000000000000000000000000000067
:102970000000000000000000000000000000000057
:102980000000000000000000000000000000000047
:102990000000000000000000000000000000000037
:1029A0000000000000000000000000000000000027
:1029B0000000000000000000000000000000000017
:1029C0000000000000000000000000000000000007
:1029D00000000000000000000000000000000000F7
:1029E00000000000000000000000000000000000E7
:1029F00000000000000000000000000000000000D7
:102A000000000000000000000000000000000000C6
:102A100000000000000000000000000000000000B6
:102A20000000000000CECECE8E8A165757BBBB41A9
:102A30002CCB0404040404040404C9C9C9C9C9C9C9
:102A4000C9C9C9C9C9C9C9C95050505050EEEEEEE4
:102A5000EEEEEEEEEEEEEEEEEEEEEEEEEEEEEEEE96
:102A6000EEEEEE121212121212040404CBC4838092
:102A7000025981D2CE06D2070000000000000000FB
:102A80000000000000000000000000000000000046
:102A9000000000000000000000000000000089723B
:102AA000163446256C573B834ECBF250121212EE71
:102AB000EEEEEEEEEE1212121212121212121212AA
:102AC0001212121212EEEEEEEEEEEE505050C9C996
:102AD000C90404040404C262CB4E3B5702959A76A3
:102AE000DB06000000000000000000000000000005
:102AF00000000000000000000000000000000000D6
:102B000000000000000000000000000000000000C5
:102B100000000000000000000000000000000000B5
:102B200000000000000000000000000000000000A5
:102B30000000000000000000000000000000000095
:102B40000000000000000000000000000000000085
:102B50000000000000000000000000000000000075
:102B60000000000000000000000000000000000065
:102B70000000000000000000000000000000000055
:102B80000000000000000000000000000000000045
:102B90000000000000000000000000000000000035
:102BA0000000000000000000000000000000000025
:102BB0000000000000000000000000000000CE0A3D
:102BC00029168A6C57BBBBBB19E5620404040404D4
:102BD000040404040404C9C9C9C9C9C9C9C9C9C903
:102BE000C91212121212121212121212121212120E
:102BF00012121212121212121212121212F2F2F215
:102C0000F2F2040462E54E838059E7D2CECF0E077C
:102C100007000000000000000000000000000000AD
:102C200000000000000000000000000000000000A4
:102C30000000000000000027C8349A46B285803B9F
:102C400083C46212121212121212121212121212F1
:102C500012121212F2F21212121212121212121294
:102C600012121212C9C9C9C9C90404040404C2C297
:102C700062CB193B026C9564F676F600000000000A
:102C80000000000000000000000000000000000044
:102C90000000000000000000000000000000000034
:102CA0000000000000000000000000000000000024
:102CB0000000000000000000000000000000000014
:102CC0000000000000000000000000000000000004
:102CD00000000000000000000000000000000000F4
:102CE00000000000000000000000000000000000E4
:102CF00000000000000000000000000000000000D4
:102D000000000000000000000000000000000000C3
:102D100000000000000000000000000000000000B3
:102D200000000000000000000000000000000000A3
:102D30000000000000000000000000000000000093
:102D40000000000000000000000000000000000083
:102D50000000000000009A65290A16956C5757BBC1
:102D60000CC4CB040404040404040404040404C9CF
:102D7000C9C9C9C9C9C9C9C9C9C91212121212120D
:102D80001212121212121212121212121212121223
:102D9000121212121212F2F2F2F2F20462CBC4AB6D
:102DA00080025981340ECF6E07070000000000003A
:102DB0000000000000000000000000000000000013
:102DC0000000000000000000000000000000000003
:102DD0007216299A46B2858083832C6212121212CF
:102DE00012121212121212121212121212F2F21203
:102DF00012121212121212121212121212C9C9C98E
:102E0000C9C90404040404C2C26222AB3B026C952B
:102E100029F67676000000000000000000000000A7
:102E200000000000000000000000000000000000A2
:102E30000000000000000000000000000000000092
:102E40000000000000000000000000000000000082
:102E50000000000000000000000000000000000072
:102E60000000000000000000000000000000000062
:102E70000000000000000000000000000000000052
:102E80000000000000000000000000000000000042
:102E90000000000000000000000000000000000032
:102EA0000000000000000000000000000000000022
:102EB0000000000000000000000000000000000012
:102EC0000000000000000000000000000000000002
:102ED00000000000000000000000000000000000F2
:102EE0000000000000000000000000000000009A48
:102EF000819A8E8A6C57575757ABE562C204040417
:102F0000040404040404040404626204C9C9C9C9B1
:102F1000C9C9C9F2F2F2F2F212121212121212120C
:102F2000121212121212121212121212121212F2A1
:102F3000F212F2C20462E519BB8002598A340EC54E
:102F4000070707000000000000000000000000006C
:102F50000000000000000000000000000000000071
:102F6000000000000000000000CE292934466185E1
:102F70003B83ABE5C2F2F2F2F2F21212121212121B
:102F8000121212121212F2F2F2F2F2F2F2F2F2F261
:102F9000F2F2F212121204040404040404040404FD
:102FA000C2C2622283856C5981B47676F600000035
:102FB0000000000000000000000000000000000011
:102FC0000000000000000000000000000000000001
:102FD00000000000000000000000000000000000F1
:102FE00000000000000000000000000000000000E1
:102FF00000000000000000000000000000000000D1
:1030000000000000000000000000000000000000C0
:1030100000000000000000000000000000000000B0
:1030200000000000000000000000000000000000A0
:103030000000000000000000000000000000000090
:103040000000000000000000000000000000000080
:103050000000000000000000000000000000000070
:103060000000000000000000000000000000000060
:103070000000000000000000000000000000000050
:10308000000000000000000A81298181956C5757DB
:1030900057804E2262C204040404040404C2C262C3
:1030A00022E5C4C4CB04C9C9C9C9C9C9F2F2F2F244
:1030B000F212121212121212121212121212121210
:1030C0001212121212121212F2F2F2C2C204CBC483
:1030D000835780028134CE0E0C07070000000000E9
:1030E00000000000000000000000000000000000E0
:1030F00000000000000000000000000000000000D0
:10310000000064293F3446613B3B831922C2F2F23E
:10311000F2F2F2121212121212121212121212F20F
:10312000F2F2F2F2F2F2F2F2F2F2F2F2F2F2F2046D
:10313000040404040404040404C2C262E5832102FA
:103140005981B47676F6000000000000000000000F
:10315000000000000000000000000000000000006F
:10316000000000000000000000000000000000005F
:10317000000000000000000000000000000000004F
:10318000000000000000000000000000000000003F
:10319000000000000000000000000000000000002F
:1031A000000000000000000000000000000000001F
:1031B000000000000000000000000000000000000F
:1031C00000000000000000000000000000000000FF
:1031D00000000000000000000000000000000000EF
:1031E00000000000000000000000000000000000DF
:1031F00000000000000000000000000000000000CF
:1032000000000000000000000000000000000000BE
:10321000000000000000000000000000000000644A
:10322000925F8DFB811657575757832CCBC2F20400
:10323000040404040462CB22C4AB8380832C04C93D
:10324000C9C9C9C9C9F2F2F2F2F21212121212126B
:10325000121212121212121212121212121212124E
:1032600012F2F2C2C262CBE519BB57800281343F31
:103270009C070700000000000000000000000000A4
:10328000000000000000000000000000000000003E
:10329000000000000000000000000029B43F34815D
:1032A000853B3B834ECBC2F2F2F2F2F212121212C3
:1032B0001212121212121212F2F2F2F2F2F2F2F2EE
:1032C000F2F2F2F2F2C2C20404040404040404049C
:1032D000040404C2CB2C3B85025981B47676760077
:1032E00000000000000000000000000000000000DE
:1032F00000000000000000000000000000000000CE
:1033000000000000000000000000000000000000BD
:1033100000000000000000000000000000000000AD
:10332000000000000000000000000000000000009D
:10333000000000000000000000000000000000008D
:10334000000000000000000000000000000000007D
:10335000000000000000000000000000000000006D
:10336000000000000000000000000000000000005D
:10337000000000000000000000000000000000004D
:10338000000000000000000000000000000000003D
:10339000000000000000000000000000000000002D
:1033A000000000000000000000000000000000001D
:1033B00000000000000000006465AF8E8DB2216C3B
:1033C0005757BB4E2262040404C2C2C262222C4E72
:1033D000833B3BBBBB3B4ECB04F2F2F2F2F2F2F288
:1033E000F2F2F2F2F2F2F2F2F2F2F2F2F2F2F2F2BD
:1033F000F2F2F2F2F2F2F2F2F20404040404042211
:10340000C483BB579CE7349A06BB0700000000004A
:1034100000000000000000000000000000000000AC
:10342000000000000000000000000000000000009C
:10343000000000006434063481023B3B83C462C256
:10344000121212F2F2C2C2C2C204F204C2C2C2C258
:10345000F2F2F2F2F2F2C2C2C2C2C20404040404E2
:103460000404040404040404040404C262CBC43B42
:1034700021025981B4F676760000000000000000B9
:10348000000000000000000000000000000000003C
:10349000000000000000000000000000000000002C
:1034A000000000000000000000000000000000001C
:1034B000000000000000000000000000000000000C
:1034C00000000000000000000000000000000000FC
:1034D00000000000000000000000000000000000EC
:1034E00000000000000000000000000000000000DC
:1034F00000000000000000000000000000000000CC
:1035000000000000000000000000000000000000BB
:1035100000000000000000000000000000000000AB
:10352000000000000000000000000000000000009B
:10353000000000000000000000000000000000008B
:10354000000000000000000000000000000000007B
:1035500000CE654F954616216C5757412CCB04047D
:1035600004626222E5C4AB3B8080803BBB808083E9
:10357000E5F2F2F2F2F2F2F2F2F2F2F2F2F2F2F238
:10358000F2F2F2F2F2F2F2F2F2F2F2F2F2F2F2F21B
:10359000F2F2040404040462E5AB3B5702E7D2CE26
:1035A0003F063F0700000000000000000000000090
:1035B000000000000000000000000000000000000B
:1035C0000000000000000000000000000029343F5F
:1035D0003481023B8383C46204C2C2C2626222C4D9
:1035E0004E4EC4E5CB62626262F2F2F2F2F2F2C2D5
:1035F000C2C2C2C2040404040404F2F2F2F2F2F2FF
:10360000F2F2C2C2C262CB4E3B21025981B4F676BD
:103610007600000000000000000000000000000034
:10362000000000000000000000000000000000009A
:10363000000000000000000000000000000000008A
:10364000000000000000000000000000000000007A
:10365000000000000000000000000000000000006A
:10366000000000000000000000000000000000005A
:10367000000000000000000000000000000000004A
:10368000000000000000000000000000000000003A
:10369000000000000000000000000000000000002A
:1036A000000000000000000000000000000000001A
:1036B000000000000000000000000000000000000A
:1036C00000000000000000000000000000000000FA
:1036D00000000000000000000000000000000000EA
:1036E00000000000000000000000CE4F4F95255B59
:1036F000BB2157BB4EE5CB6262CB222C4EAB3B804D
:10370000808080808057570280C462121212121289
:10371000F2F2F2F2F2F2F2F2F2F2F2F2F2F2F2F289
:10372000C2C2C2C2C2C2F2F2F2F2F20404040462E1
:10373000CBC4833B5702E7D20E0E0E9A0000000066
:103740000000000000000000000000000000000079
:103750000000000000000000000000000000000069
:10376000000000000000D2D23F9AB7023B83AB2C8E
:1037700062C204C26222C4830259595957834E2C33
:103780002262F2F2F2F2F2F2C2C2C2C2C204040433
:10379000040404C2C2F2F2F2F2F212C2C262CBCB51
:1037A00019853B6C5981B4F676F6000000000000E4
:1037B0000000000000000000000000000000000009
:1037C00000000000000000000000000000000000F9
:1037D00000000000000000000000000000000000E9
:1037E00000000000000000000000000000000000D9
:1037F00000000000000000000000000000000000C9
:1038000000000000000000000000000000000000B8
:1038100000000000000000000000000000000000A8
:103820000000000000000000000000000000000098
:103830000000000000000000000000000000000088
:103840000000000000000000000000000000000078
:103850000000000000000000000000000000000068
:103860000000000000000000000000000000000058
:103870000000000000000000000000000000000048
:10388000000000AF4F4F95958521575783C4E5221F
:1038900022E52C19833B80803B808080808057020A
:1038A0000280AB22F212121212F2F2F2F2F2F2C221
:1038B000C2C2C2C2C2C2C2C2C2C262C2040404C282
:1038C000F2F2C2C20404040462E5AB8380BB599CDB
:1038D0003406D20E000000000000000000000000CE
:1038E00000000000000000000000000000000000D8
:1038F0000000000000000000000000000000009A2E
:10390000593FD2B7023B83AB2C626204CBE5195915
:10391000595959E7E7E7E7E702AB22C2C2C2C2C280
:10392000C2C2C2C2C2C204040404040404C2040425
:103930000404040462CB62CB22AB85216C5981B4B0
:10394000F676F60000000000000000000000000015
:103950000000000000000000000000000000000067
:103960000000000000000000000000000000000057
:103970000000000000000000000000000000000047
:103980000000000000000000000000000000000037
:103990000000000000000000000000000000000027
:1039A0000000000000000000000000000000000017
:1039B0000000000000000000000000000000000007
:1039C00000000000000000000000000000000000F7
:1039D00000000000000000000000000000000000E7
:1039E00000000000000000000000000000000000D7
:1039F00000000000000000000000000000000000C7
:103A000000000000000000000000000000000000B6
:103A1000000000000000000000000000AF4F4F8ACF
:103A20009585215757416E2C2C4EAB833BBB575786
:103A3000575780808080805702028080E5C212F252
:103A4000C2C2F2F2F2F2F2F2C2C2C2C2C2C2C2C236
:103A500062626262CB2222CB6262C2C2C2040404EE
:103A600004224E833B805759590E0E3F0E00000032
:103A70000000000000000000000000000000000046
:103A80000000000000000000000000000000000036
:103A9000000000000000000034340E8159803B8398
:103AA000AB2CCB62622C8359E7E759595959598A93
:103AB0008A81814E041212C2C2C26262C2C2C204B0
:103AC000040404040404CB222CC44E4E4E2C22CBFE
:103AD000CBE5838585595981B4F676F60000000060
:103AE00000000000000000000000000000000000D6
:103AF00000000000000000000000000000000000C6
:103B000000000000000000000000000000000000B5
:103B100000000000000000000000000000000000A5
:103B20000000000000000000000000000000000095
:103B30000000000000000000000000000000000085
:103B40000000000000000000000000000000000075
:103B50000000000000000000000000000000000065
:103B60000000000000000000000000000000000055
:103B70000000000000000000000000000000000045
:103B80000000000000000000000000000000000035
:103B90000000000000000000000000000000000025
:103BA0000000000000000000000000000000000015
:103BB0000000000000293FAF8E8157575757BB4187
:103BC000AB83833B3B80808080808080808080804E
:103BD00057020202594E62F212F2C2C2C2C2F2F29D
:103BE000F2C2C2C2C2C2C2C2626262CB2C19411905
:103BF00019E5CB6262C2C26262CB2CAB3B57029C1E
:103C0000E7813F9C0E000000000000000000000063
:103C100000000000000000000000000000000000A4
:103C20000000000000000000000000000000000094
:103C3000D2343F9A5959808383AB2CCB226EBB5927
:103C4000E7E75959595959595959818180CBEEF2B1
:103C5000C2C2C2C2C2C20404040404C9C962C4AB61
:103C60003B85858585853BAB2C22C43B8585596C7E
:103C70008EB4F676F60000000000000000000000A0
:103C80000000000000000000000000000000000034
:103C90000000000000000000000000000000000024
:103CA0000000000000000000000000000000000014
:103CB0000000000000000000000000000000000004
:103CC00000000000000000000000000000000000F4
:103CD00000000000000000000000000000000000E4
:103CE00000000000000000000000000000000000D4
:103CF00000000000000000000000000000000000C4
:103D000000000000000000000000000000000000B3
:103D100000000000000000000000000000000000A3
:103D20000000000000000000000000000000000093
:103D30000000000000000000000000000000000083
:103D40000000000000000000000000000000299AB0
:103D50000E8E8A6C57575757BB3B3B3B3B8585853F
:103D6000858585858080808080020202028183CBE8
:103D70001250F2C2C2C2C2C2C2C2C2C2C2C2C2C215
:103D8000626262224EBB6C5757BB412CCBCB626246
:103D900062CBE51983800202E7D20E0E0E9A000074
:103DA0000000000000000000000000000000000013
:103DB0000000000000000000000000000000000003
:103DC00000000000000000006CCE02063402023B3E
:103DD0008383192C2CAB59E7E75959590202020287
:103DE000025959598181C40412C2C26204040404F4
:103DF00004C2046204E583B261E885858585858512
:103E00003B3B19AB8585856C028E3F7676F60000CC
:103E100000000000000000000000000000000000A2
:103E20000000000000000000000000000000000092
:103E30000000000000000000000000000000000082
:103E40000000000000000000000000000000000072
:103E50000000000000000000000000000000000062
:103E60000000000000000000000000000000000052
:103E70000000000000000000000000000000000042
:103E80000000000000000000000000000000000032
:103E90000000000000000000000000000000000022
:103EA0000000000000000000000000000000000012
:103EB0000000000000000000000000000000000002
:103EC00000000000000000000000000000000000F2
:103ED00000000000000000000000000000000000E2
:103EE00000000000000000293F0E8E8A6C575757D3
:103EF00057573B3B3B858585858502020202028040
:103F00008080020202595902E5F212F2C2C2C2C214
:103F1000C2C2C2C2C2C2C2C2C262CBC48357576C41
:103F2000575757BB4EE522CBCB6222C4833B80025E
:103F3000599CD23FD2B49A0000000000000000005B
:103F40000000000000000000000000000000000071
:103F50000000000000000000000000000000000061
:103F60003C6C41650EE759023B8383AB19830259D0
:103F700059595959590202020202025959B781800E
:103F800022C9C9040404040404040404624E8561C3
:103F900061618585858585858585853B8585858563
:103FA0006C028E2F7676DB0000000000000000001F
:103FB0000000000000000000000000000000000001
:103FC00000000000000000000000000000000000F1
:103FD00000000000000000000000000000000000E1
:103FE00000000000000000000000000000000000D1
:103FF00000000000000000000000000000000000C1
:1040000000000000000000000000000000000000B0
:1040100000000000000000000000000000000000A0
:104020000000000000000000000000000000000090
:104030000000000000000000000000000000000080
:104040000000000000000000000000000000000070
:104050000000000000000000000000000000000060
:104060000000000000000000000000000000000050
:104070000000000000000000000000000000000040
:10408000063F3FCE8A6C02575757573B858585853B
:1040900085E8E86161B7B7E802028002020259B719
:1040A000B74E5050F2C2C2C2C2C2C2C2C2F2F2C2C3
:1040B000C26222193B8002575757575757AB2C22E1
:1040C000CB62CBE5AB3B3B800202BB9AF60EB40061
:1040D00000000000000000000000000000000000E0
:1040E00000000000000000000000000000000000D0
:1040F0000000000000000000003C0C973434E75939
:10410000803B3B0C0C5702020259595959020202DA
:104110000202800202595981FB8362C9040404042B
:10412000040404C92283026C6185858585853B3B37
:104130003B3B3B3B3B3B3B8585590234F6DB3FDB5E
:10414000000000000000000000000000000000006F
:10415000000000000000000000000000000000005F
:10416000000000000000000000000000000000004F
:10417000000000000000000000000000000000003F
:10418000000000000000000000000000000000002F
:10419000000000000000000000000000000000001F
:1041A000000000000000000000000000000000000F
:1041B00000000000000000000000000000000000FF
:1041C00000000000000000000000000000000000EF
:1041D00000000000000000000000000000000000DF
:1041E00000000000000000000000000000000000CF
:1041F00000000000000000000000000000000000BF
:1042000000000000000000000000000000000000AE
:10421000000000000000000000063F3FCED259021F
:104220005757575785858585616161B7B7B7FBB724
:10423000B7B7B7E80202025981813B6250F2C2C2AD
:10424000C2C2C2C2C2F2121212CBC4830257575763
:1042500057575757575783C4E522CB224E833B3BD2
:104260008059BB343F34CE00000000000000000045
:10427000000000000000000000000000000000003E
:10428000000000000000000000000000000000002E
:1042900000003C0A3C9A9A3459803B3BBBBB570216
:1042A0005902595959595959595902020202025988
:1042B000B7B7B74E04C9C90404C904C9C4576C6C64
:1042C0005B5B85858585853B3B3B3B3B3B3B3B3B8C
:1042D0008585166C9A2F9A9A9A00000000000000BB
:1042E00000000000000000000000000000000000CE
:1042F00000000000000000000000000000000000BE
:1043000000000000000000000000000000000000AD
:10431000000000000000000000000000000000009D
:10432000000000000000000000000000000000008D
:10433000000000000000000000000000000000007D
:10434000000000000000000000000000000000006D
:10435000000000000000000000000000000000005D
:10436000000000000000000000000000000000004D
:10437000000000000000000000000000000000003D
:10438000000000000000000000000000000000002D
:10439000000000000000000000000000000000001D
:1043A000000000000000000000000000000000000D
:1043B00000005AAF3FCE345902575757578585856D
:1043C0006161B2B7FBB7FBB78083B7FBB7020202EC
:1043D00059B78154E512F2C2C2C2C2C2C2F2F2504F
:1043E00012CBAB0202020257575757575757573B4A
:1043F0004E2CE5222CAB833B3B8002020ECE9A9AD8
:1044000000000000000000000000000000000000AC
:10441000000000000000000000000000000000009C
:1044200000000000000000000000000A650A0E9A6B
:10443000D259803B3BBB575702590259595959B77A
:10444000B7B7B7B7025902020259B7B7E8C4C9C92A
:10445000C9C9C0C94E59596C6C212185858585858E
:104460003B3B3B3B3B3B3B3B3B85851659292F5711
:104470009A9A000000000000000000000000000008
:10448000000000000000000000000000000000002C
:10449000000000000000000000000000000000001C
:1044A000000000000000000000000000000000000C
:1044B00000000000000000000000000000000000FC
:1044C00000000000000000000000000000000000EC
:1044D00000000000000000000000000000000000DC
:1044E00000000000000000000000000000000000CC
:1044F00000000000000000000000000000000000BC
:1045000000000000000000000000000000000000AB
:10451000000000000000000000000000000000009B
:10452000000000000000000000000000000000008B
:10453000000000000000000000000000000000007B
:1045400000000000000000000000005A3FB90E46C5
:10455000B261858585850202E8E8F7F725819CED43
:104560003EAAAE41FBB2E8808002E8B7FBAB621224
:10457000C2121212F2EEC0C062C48380590202025B
:10458000020202020202025757ABC42C2C190C0C77
:10459000BB0259BBD20657CE00000000000000004D
:1045A000000000000000000000000000000000000B
:1045B00000000000000000000000000000000000FB
:1045C00000000000CECE0A64940A955780808002D5
:1045D000025959E8595995B759570C958195610277
:1045E0008585E802959502C4C9C9C9CBABB75916F0
:1045F0006C57578585858585858585216C8585855D
:1046000085026C6C160A3F3F419AD2000000000000
:10461000000000000000000000000000000000009A
:10462000000000000000000000000000000000008A
:10463000000000000000000000000000000000007A
:10464000000000000000000000000000000000006A
:10465000000000000000000000000000000000005A
:10466000000000000000000000000000000000004A
:10467000000000000000000000000000000000003A
:10468000000000000000000000000000000000002A
:10469000000000000000000000000000000000001A
:1046A000000000000000000000000000000000000A
:1046B00000000000000000000000000000000000FA
:1046C00000000000000000000000000000000000EA
:1046D00000000000000000000000000000000000DA
:1046E000000000005A5A0629912561858585858537
:1046F000E8E8B2F7F78072753998E1081E8EFBB7CB
:104700000202E8E8B781B722EE1250505012C004FE
:10471000E583020280590202020202020202020240
:1047200057574119C4190C0CBB5759E7BB0E06CE9D
:104730009A000000000000000000000000000000DF
:104740000000000000000000000000000000000069
:10475000000000000000000000000000009ACE4FA2
:10476000DB298A160280808002025959B7E8B7B760
:104770003878BCAE1ED246FB6185858502595959F1
:10478000021904223BE8E8616C856C6C6C161661BA
:1047900061E885856C6C8585858585616C16290643
:1047A000069C9C5900000000000000000000000072
:1047B00000000000000000000000000000000000F9
:1047C00000000000000000000000000000000000E9
:1047D00000000000000000000000000000000000D9
:1047E00000000000000000000000000000000000C9
:1047F00000000000000000000000000000000000B9
:1048000000000000000000000000000000000000A8
:104810000000000000000000000000000000000098
:104820000000000000000000000000000000000088
:104830000000000000000000000000000000000078
:104840000000000000000000000000000000000068
:104850000000000000000000000000000000000058
:104860000000000000000000000000000000000048
:1048700000000000000000000000000000565A9CEC
:10488000299A46B261856161E8E8616C417879D91D
:10489000737373B3E124C5FBFBB7E802025981814E
:1048A000ABC2C0C9C0C904E5190202020202020279
:1048B00002020202020202020257570C41410C0C92
:1048C000BBBB5759E7D23FE70E9A0000000000003B
:1048D00000000000000000000000000000000000D8
:1048E00000000000000000000000000000000000C8
:1048F000000000000000000E29CE3FCE950280800F
:104900008002025959B7E8E8A7A09973390F41917D
:1049100046FB61E8026C6C161616163B8502616157
:104920000285858561616161E8E8E8E88585856CD7
:10493000858585856C6C0AAFB99C0AC500000000AE
:104940000000000000000000000000000000000067
:104950000000000000000000000000000000000057
:104960000000000000000000000000000000000047
:104970000000000000000000000000000000000037
:104980000000000000000000000000000000000027
:104990000000000000000000000000000000000017
:1049A0000000000000000000000000000000000007
:1049B00000000000000000000000000000000000F7
:1049C00000000000000000000000000000000000E7
:1049D00000000000000000000000000000000000D7
:1049E00000000000000000000000000000000000C7
:1049F00000000000000000000000000000000000B7
:104A000000000000000000000000000000000000A6
:104A100000000000000056565A290E46B26161613E
:104A200061615958270FE073E0E0A81DB398393849
:104A30009146B7E8E8E8599581594EC9C9042C83D5
:104A4000B7616C6C0202020202020202020202025E
:104A500002022157BB0C0CBBBBBBBB02E7D2060E4C
:104A6000579A000000000000000000000000000055
:104A70000000000000000000000000000000000036
:104A80000000000000000000000000000000000026
:104A9000000E0E0E3F3402BB570202025981B75975
:104AA000A77982737373F58B9A6446B7B7616C6CA0
:104AB0006C6C1616616161616185858561B2B2F7C2
:104AC00054B7B70261618585858585856C85952993
:104AD000AF0A29C50000000000000000000000002F
:104AE00000000000000000000000000000000000C6
:104AF00000000000000000000000000000000000B6
:104B000000000000000000000000000000000000A5
:104B10000000000000000000000000000000000095
:104B20000000000000000000000000000000000085
:104B30000000000000000000000000000000000075
:104B40000000000000000000000000000000000065
:104B50000000000000000000000000000000000055
:104B60000000000000000000000000000000000045
:104B70000000000000000000000000000000000035
:104B80000000000000000000000000000000000025
:104B90000000000000000000000000000000000015
:104BA00000000000000000000000000000000056AF
:104BB0005656C80E3425616161020CE20FF9377355
:104BC000A84A4A4AA8C3B31FC7179146B7E8E802E4
:104BD000169581591919808181596C166C6C0202E5
:104BE00002020259590202020202022121BBBBBB8E
:104BF000BBBB570259D20EB9E70E000000000000FF
:104C000000000000000000000000000000000000A4
:104C10000000000000000000000000000000000094
:104C200000000000000000000000000ECED2298A23
:104C300085850202598181F7A775E0E0E07373B3BF
:104C40000F38649146FBB76C5B5B5B5B5B616161DA
:104C50006161E861B2B2FBFBD4D2587878BD16E846
:104C6000E8858585853B3B8ECECE29260000000059
:104C70000000000000000000000000000000000034
:104C80000000000000000000000000000000000024
:104C90000000000000000000000000000000000014
:104CA0000000000000000000000000000000000004
:104CB00000000000000000000000000000000000F4
:104CC00000000000000000000000000000000000E4
:104CD00000000000000000000000000000000000D4
:104CE00000000000000000000000000000000000C4
:104CF00000000000000000000000000000000000B4
:104D000000000000000000000000000000000000A3
:104D10000000000000000000000000000000000093
:104D20000000000000000000000000000000000083
:104D30000000000000000000000000000000000073
:104D400000000000000000005656566E3F9A348165
:104D500059593BA003377373A8B8B89E82F53973CD
:104D6000F4300A9146B7B702616161B7B7B7818184
:104D7000595959596C02595902020202020202E8B9
:104D8000E8020259575757BBBBBBBB57598A0E069F
:104D90000E3F0E00000000000000000000000000B8
:104DA0000000000000000000000000000000000003
:104DB00000000000000000000000000000000000F3
:104DC00000000000000ECEC5C595216C595981D256
:104DD00059A0E0E0E0E0E01D1D3718342929342512
:104DE000B25B5B5B5B5B61616161B7F7F78D348DD3
:104DF000910EED9998E0189CE8E861856C57415751
:104E00008E92162600000000000000000000000046
:104E10000000000000000000000000000000000092
:104E20000000000000000000000000000000000082
:104E30000000000000000000000000000000000072
:104E40000000000000000000000000000000000062
:104E50000000000000000000000000000000000052
:104E60000000000000000000000000000000000042
:104E70000000000000000000000000000000000032
:104E80000000000000000000000000000000000022
:104E90000000000000000000000000000000000012
:104EA0000000000000000000000000000000000002
:104EB00000000000000000000000000000000000F2
:104EC00000000000000000000000000000000000E2
:104ED00000000000000000000000000000000000D2
:104EE00000565A5AE70E9A4681818141AA98B373B7
:104EF00073F5B89E9E9EB8D9A8F40807919146B75D
:104F00005961616161B7B7818159595959595959E5
:104F100002020202020202E8E8E802595957575712
:104F200057BBBB579CE70A3FCF3F0E000000000075
:104F30000000000000000000000000000000000071
:104F40000000000000000000000000000000000061
:104F5000000000000000000000000000000000341D
:104F600091D28E5B6C59958ED238AA731D4A4A4AEB
:104F70004A4A37A8FC0E64918D25B2B2B2B2B2B7DC
:104F8000B7FBFB46346591171746A399E1E1E1248D
:104F90009CE86161856C4119573416265A0000005F
:104FA0000000000000000000000000000000000001
:104FB00000000000000000000000000000000000F1
:104FC00000000000000000000000000000000000E1
:104FD00000000000000000000000000000000000D1
:104FE00000000000000000000000000000000000C1
:104FF00000000000000000000000000000000000B1
:1050000000000000000000000000000000000000A0
:105010000000000000000000000000000000000090
:105020000000000000000000000000000000000080
:105030000000000000000000000000000000000070
:105040000000000000000000000000000000000060
:105050000000000000000000000000000000000050
:105060000000000000000000000000000000000040
:1050700000000000000000000000565A380E0E34F8
:10508000D281B78159BCB3B373C3F5B89E9E9E9EBF
:10509000F5A837086F34649A46B761616161B7B7A4
:1050A000818159595959595959595981B7B7B7B780
:1050B000B759590259595757575757BB57E78A0E8F
:1050C000CFCECF0E00000000000000000000000066
:1050D00000000000000000000000000000000000D0
:1050E00000000000000000000000000000000000C0
:1050F000000000000000000000342134955959954B
:105100008ED2ED82E0F8CC36363636A837AAA7170D
:1051100017658D8D25B2B2B2FB46469191B4171733
:10512000178A2799E1E6E1E1D116F7B261856C199A
:1051300019BBCE26636300000000000000000000E1
:10514000000000000000000000000000000000005F
:10515000000000000000000000000000000000004F
:10516000000000000000000000000000000000003F
:10517000000000000000000000000000000000002F
:10518000000000000000000000000000000000001F
:10519000000000000000000000000000000000000F
:1051A00000000000000000000000000000000000FF
:1051B00000000000000000000000000000000000EF
:1051C00000000000000000000000000000000000DF
:1051D00000000000000000000000000000000000CF
:1051E00000000000000000000000000000000000BF
:1051F00000000000000000000000000000000000AF
:10520000000000000000000000000000000000009E
:10521000000000C75A0E349A34818181818178D987
:10522000B37339D9B89E9E9E9E6BF51D7D31E73FC5
:10523000B434FBB7B76161616159B75959595959CC
:1052400081818181D2D2D28157BB59595959026C7F
:105250005757575757598ACECFCE0ECF0000000070
:10526000000000000000000000000000000000003E
:10527000000000000000000000000000000000002E
:10528000000000000000000000000000000000001E
:1052900000009A34292559598A3434A34AE04ACC6B
:1052A000B19936364A1D1D0FBD2F92649146464670
:1052B0004691919164171717917BBCE0EC23E6238C
:1052C000F5ED25E89516856C1919BB8E5AE9E9E9C3
:1052D00000000000000000000000000000000000CE
:1052E00000000000000000000000000000000000BE
:1052F00000000000000000000000000000000000AE
:10530000000000000000000000000000000000009D
:10531000000000000000000000000000000000008D
:10532000000000000000000000000000000000007D
:10533000000000000000000000000000000000006D
:10534000000000000000000000000000000000005D
:10535000000000000000000000000000000000004D
:10536000000000000000000000000000000000003D
:10537000000000000000000000000000000000002D
:10538000000000000000000000000000000000001D
:10539000000000000000000000000000000000000D
:1053A000000000000000000000000000C7343F348F
:1053B0004681B7598181813B09B3B3C339D9B89EBE
:1053C0009E996B9E35D75DE20606B491FBB7B7B7E1
:1053D000B7B7818181595981814634343434D241FF
:1053E000FC095A9C595959026C575757576C590A1E
:1053F0000E0E0E4F00000000000000000000000034
:10540000000000000000000000000000000000009C
:10541000000000000000000000000000000000008C
:1054200000000000000000000000009A34B446595B
:10543000598A3434A3D7E0F886B19999B186F81D1A
:10544000F90FED0EB46491919191176464916434F5
:10545000A718AAB3E123E6E66718E7F7F7951685DC
:105460006C41190C16416363E90000000000000064
:10547000000000000000000000000000000000002C
:10548000000000000000000000000000000000001C
:10549000000000000000000000000000000000000C
:1054A00000000000000000000000000000000000FC
:1054B00000000000000000000000000000000000EC
:1054C00000000000000000000000000000000000DC
:1054D00000000000000000000000000000000000CC
:1054E00000000000000000000000000000000000BC
:1054F00000000000000000000000000000000000AC
:10550000000000000000000000000000000000009B
:10551000000000000000000000000000000000008B
:10552000000000000000000000000000000000007B
:10553000000000000000000000000000000000006B
:1055400000000000005AD23FD246B7595959818114
:10555000F75879B3B3C339D9B89E991A9EF586D74F
:10556000D0BDB92F64914646FBFBFB46464634341A
:105570003434919A9A9A571E6630D03EE7E75959CB
:10558000026C575757576C95CE06D2290000000081
:10559000000000000000000000000000000000000B
:1055A00000000000000000000000000000000000FB
:1055B00000000000000000000000000000000000EB
:1055C000000000009A349A46595981D234A7BF731B
:1055D0004A8649B1B199B1863973B3DEC7BB346429
:1055E000916417916534166E18AA73E12393E693BC
:1055F00010C79C8EF7E8166C856C571941570AC87E
:105600005363630000000000000000000000000081
:10561000000000000000000000000000000000008A
:10562000000000000000000000000000000000007A
:10563000000000000000000000000000000000006A
:10564000000000000000000000000000000000005A
:10565000000000000000000000000000000000004A
:10566000000000000000000000000000000000003A
:10567000000000000000000000000000000000002A
:10568000000000000000000000000000000000001A
:10569000000000000000000000000000000000000A
:1056A00000000000000000000000000000000000FA
:1056B00000000000000000000000000000000000EA
:1056C00000000000000000000000000000000000DA
:1056D00000000000000000000000000000290E3F54
:1056E0000E81D25959020259B7B7FB6E0FB373C37B
:1056F00074BF9E9E9E9EB8F5395D799CF6DB64175B
:105700009191919A91919A9AB4B46491918E6E3ECE
:10571000AC6767AC538159596C02575757576C1691
:105720000AAF4F924F000000000000000000000090
:105730000000000000000000000000000000000069
:105740000000000000000000000000000000000059
:10575000000000000000000000000000349AB49136
:10576000B7595981D23438313773F835B8829E9E93
:1057700082F5C3D81FC30F8B7B38E79CC8438B24AB
:1057800099B3E1E123E6E6230F1EB74625B2616136
:105790008585E88583AB836146166E216300000032
:1057A00000000000000000000000000000000000F9
:1057B00000000000000000000000000000000000E9
:1057C00000000000000000000000000000000000D9
:1057D00000000000000000000000000000000000C9
:1057E00000000000000000000000000000000000B9
:1057F00000000000000000000000000000000000A9
:105800000000000000000000000000000000000098
:105810000000000000000000000000000000000088
:105820000000000000000000000000000000000078
:105830000000000000000000000000000000000068
:105840000000000000000000000000000000000058
:105850000000000000000000000000000000000048
:105860000000000000000000000000000000000038
:105870000000000000290E3F3F9A818159590280A3
:1058800002598146D25824D7B373E04A35F59EF5C4
:10589000F5391D5D66580EDB2FB4B4B4B417171775
:1058A000B43F0E0EE7BD18B59D6767AC896C956C6B
:1058B0006C020257575757166C0A928194000000E9
:1058C00000000000000000000000000000000000D8
:1058D00000000000000000000000000000000000C8
:1058E00000000000000000000000000000000000B8
:1058F00000000000349A34B4D4B759595981D29574
:105900006FBF371D4AF582353535E0A8C3B3ECECDF
:1059100098E07575759E98E12323E6E6E6E62399FF
:105920008B9C344646B2616185858585E88583AB6D
:105930003BB225BA21B2259595B2000000000000C7
:105940000000000000000000000000000000000057
:105950000000000000000000000000000000000047
:105960000000000000000000000000000000000037
:105970000000000000000000000000000000000027
:105980000000000000000000000000000000000017
:105990000000000000000000000000000000000007
:1059A00000000000000000000000000000000000F7
:1059B00000000000000000000000000000000000E7
:1059C00000000000000000000000000000000000D7
:1059D00000000000000000000000000000000000C7
:1059E00000000000000000000000000000000000B7
:1059F00000000000000000000000000000000000A7
:105A0000000000000000000000000000009A299C37
:105A1000069AD2D281595902800202B7B7FB340CE0
:105A2000186B73731DD739A8F5A83973C37D31FC82
:105A3000E72F2F2F1717293F3F0A3807C7AEAC9D16
:105A40006767670FA31695596C0202575757575748
:105A500057BB0ABA0A8A00000000000000000000DC
:105A60000000000000000000000000000000000036
:105A70000000000000000000000000000000000026
:105A80000000000000000000000000009494BB3FF4
:105A900064FB020202025981F70C18994AE0E0E027
:105AA000E0E0E0A873C3B398EC232323E6E6E6E640
:105AB000E6E6E6E6E6ECAA27380A8E46FB81616157
:105AC000858585858085858083AB85258D8DB225EF
:105AD000FBFB25810000000000000000000000002A
:105AE00000000000000000000000000000000000B6
:105AF00000000000000000000000000000000000A6
:105B00000000000000000000000000000000000095
:105B10000000000000000000000000000000000085
:105B20000000000000000000000000000000000075
:105B30000000000000000000000000000000000065
:105B40000000000000000000000000000000000055
:105B50000000000000000000000000000000000045
:105B60000000000000000000000000000000000035
:105B70000000000000000000000000000000000025
:105B80000000000000000000000000000000000015
:105B90000000000000000000000000000000000005
:105BA0000000000000009A0E0E9A343481595959B1
:105BB00059020202E8B7B746910AA30FC31F37B3D1
:105BC000C3C339C3C3C3B3EC08F01E9C3434B7A4B9
:105BD00043C766D09D67676767679DD1380AB7B7C7
:105BE0005902025757575757570C0CBA0CBA0000B6
:105BF00000000000000000000000000000000000A5
:105C00000000000000000000000000000000000094
:105C10000000000000000000000000000000000084
:105C200000000000009ABB94DB34B7E802020202D5
:105C3000B7E8B225723EAA821D1D7373C3C3D8D8BC
:105C40001FEC4593E6E6E6E6E6E6E6E69875A3A4ED
:105C500046F74625259595618585858585858585C4
:105C6000E88583AB85B28D8DFB25254E258100000F
:105C70000000000000000000000000000000000024
:105C80000000000000000000000000000000000014
:105C90000000000000000000000000000000000004
:105CA00000000000000000000000000000000000F4
:105CB00000000000000000000000000000000000E4
:105CC00000000000000000000000000000000000D4
:105CD00000000000000000000000000000000000C4
:105CE00000000000000000000000000000000000B4
:105CF00000000000000000000000000000000000A4
:105D00000000000000000000000000000000000093
:105D10000000000000000000000000000000000083
:105D20000000000000000000000000000000000073
:105D30000000000000000000000000000000009AC9
:105D40009A0E3434D2595959595902020280E861E5
:105D5000B2258D25418BAAB3989898B3B3D8B39840
:105D600098EC23EC1A750FB59D678C8C23676767D9
:105D700067FDD1D56C818181596C02025757575705
:105D80005757BB41160C5B000000000000000000EC
:105D90000000000000000000000000000000000003
:105DA00000000000000000000000000000000000F3
:105DB000000000000000000000000000000091173B
:105DC000929225E8E880808002E854B7F7F7596E90
:105DD000E26F240F311AD9BF10D81F8823939393F1
:105DE00023D8B53E276E6C8E343446B2B295166118
:105DF0008585858585858585E8E8E88583AB3B5B7A
:105E0000B2256565656C464634343434256185D5E4
:105E10002C00000000000000000000000000000056
:105E20000000000000000000000000000000000072
:105E30000000000000000000000000000000000062
:105E40000000000000000000000000000000000052
:105E50000000000000000000000000000000000042
:105E60000000000000000000000000000000000032
:105E70000000000000000000000000000000000022
:105E80000000000000000000000000000000000012
:105E90000000000000000000000000000000000002
:105EA00000000000000000000000000000000000F2
:105EB00000000000000000000000000000000000E2
:105EC00000000000000000000000000000000000D2
:105ED00000000000000000009A9C9AE78AE79C9C62
:105EE000028585808080858585E8B7FB4691468060
:105EF0005A99ECEC989898981FECEC23232345933F
:105F0000DADADA232323889DAE729C8E4646FBB7ED
:105F1000E8020257575757575757BBBB0C16216C0F
:105F20002100000000000000000000000000000050
:105F30000000000000000000000000000000000061
:105F40000000000000000000000000000000000051
:105F50000000000000000065B72F91028080808063
:105F6000808080E8E8E8FBFBFBF7F73B4EE5EA5A68
:105F70005A6363637163635AEA2C8361B2252546D1
:105F80002525B2B261618585859C9C6C6C578585A1
:105F90008585856C858585AB833B85254646914601
:105FA000958D8D918D8DFBB2613BD5000000000079
:105FB00000000000000000000000000000000000E1
:105FC00000000000000000000000000000000000D1
:105FD00000000000000000000000000000000000C1
:105FE00000000000000000000000000000000000B1
:105FF00000000000000000000000000000000000A1
:106000000000000000000000000000000000000090
:106010000000000000000000000000000000000080
:106020000000000000000000000000000000000070
:106030000000000000000000000000000000000060
:106040000000000000000000000000000000000050
:106050000000000000000000000000000000000040
:106060000000000000000000000000000000000030
:106070009A290E3459E7E79C9C02020280808085B1
:1060800085850261B7FB4646464638EDC7AE31F519
:10609000C39898E12323E6E6DADADA8C9D0FD1A3E0
:1060A00038C5CE348EFB81B7E8E802025757575700
:1060B00057575757023B57160C6C5B5B00000000AC
:1060C00000000000000000000000000000000000D0
:1060D00000000000000000000000000000000000C0
:1060E000000000000000000000000000000000911F
:1060F000176464463B8080808080808085E8E8B7B4
:10610000FBF7F7F7F7E8E8853B3B3B3B3B3B85611B
:1061100025258D914646FBFBB2B2B261E8858585A7
:1061200085856C6C6C0C6E074E0C85858585858528
:106130003B8383833BE8B2FB468D658D8D25B2B2F0
:106140008519D5D5D5000000000000000000000032
:10615000000000000000000000000000000000003F
:10616000000000000000000000000000000000002F
:10617000000000000000000000000000000000001F
:10618000000000000000000000000000000000000F
:1061900000000000000000000000000000000000FF
:1061A00000000000000000000000000000000000EF
:1061B00000000000000000000000000000000000DF
:1061C00000000000000000000000000000000000CF
:1061D00000000000000000000000000000000000BF
:1061E00000000000000000000000000000000000AF
:1061F000000000000000000000000000000000009F
:106200000000000000000000000E8106819CE79C59
:106210009C9C570202808080808080858561B7B712
:10622000FBFBFBF78D258E1638438BD179AA1A1A02
:10623000317918A37BA4CECE29649A348E8EB7B759
:10624000E8E802805757575757575757575702BBD9
:1062500057162116956C16213B0CD5000000000046
:10626000000000000000000000000000000000002E
:10627000000000000000000000000000000000001E
:10628000000000000000005991592F916183853B67
:1062900080808080808085E8E8E8E8B2F7F7B2B2D5
:1062A000F7F7F7F7F7F7FBFBFBF7F746FBFBB261F6
:1062B0006161E8E88585858585858585210C07727E
:1062C0001E26D5193B3B8585853B85803B3B833B23
:1062D0008595954646468D8D8D8D650A3BD5D5B7FE
:1062E000F7B76161C400000000000000000000007A
:1062F000000000000000000000000000000000009E
:10630000000000000000000000000000000000008D
:10631000000000000000000000000000000000007D
:10632000000000000000000000000000000000006D
:10633000000000000000000000000000000000005D
:10634000000000000000000000000000000000004D
:10635000000000000000000000000000000000003D
:10636000000000000000000000000000000000002D
:10637000000000000000000000000000000000001D
:10638000000000000000000000000000000000000D
:1063900000000000000000000000000000000000FD
:1063A00000CFAFCF0EE7D2E757BB5741BD0C5780A8
:1063B0008580808080808502E8E861B725258D8D05
:1063C000CE469164294F4FCFCF4FCFCFCF0E9A6497
:1063D00091D4464681B795E8E802808080575757A8
:1063E000575757575757570202BB579595850C95E6
:1063F0009585570CD500000000000000000000004B
:10640000000000000000000000000000000000008C
:106410000000000000000000000000000000005923
:1064200059529A64B73B3B80803B80808080858551
:1064300085E8E8E8E86161B2B2E8F7F7F7F7F7F75F
:10644000F7F7F7F7B2B2B26161E8E885858585575D
:106450005757575721525326262626262607AB3B49
:1064600057578585858585AB4E4E413B57576C9573
:1064700095818E0A0A8D8E3B8D8D8D956161C4004C
:10648000000000000000000000000000000000000C
:1064900000000000000000000000000000000000FC
:1064A00000000000000000000000000000000000EC
:1064B00000000000000000000000000000000000DC
:1064C00000000000000000000000000000000000CC
:1064D00000000000000000000000000000000000BC
:1064E00000000000000000000000000000000000AC
:1064F000000000000000000000000000000000009C
:10650000000000000000000000000000000000008B
:10651000000000000000000000000000000000007B
:10652000000000000000000000000000000000006B
:106530000000000000000000000ECF5FAF0ED2D2BE
:106540009C57BBBB6E7207418080808080808080BA
:1065500085858585856195258E344691176464B45B
:106560003F3F3F3F290E9A9A9A344646B7590285D3
:106570000202028080805757026C6C6C6C02575785
:10658000020202BBBB958E161657BB0C53D553D5D2
:1065900000000000000000000000000000000000FB
:1065A00000000000000000000000000000000000EB
:1065B0000000000000000000C50A979A91E83B85A2
:1065C0003B83AB8380E88085858585858585616192
:1065D00061615B5B5B5BB2B2B2B2B25B5B61E861B3
:1065E000E8858585858585856C6C6C6CBBDC26694A
:1065F00069696969696926530719BB8585853B3BCC
:106600003B834E0707070719833B800259168E25E7
:1066100025B2B2616183C4C4C40000000000000060
:10662000000000000000000000000000000000006A
:10663000000000000000000000000000000000005A
:10664000000000000000000000000000000000004A
:10665000000000000000000000000000000000003A
:10666000000000000000000000000000000000002A
:10667000000000000000000000000000000000001A
:10668000000000000000000000000000000000000A
:1066900000000000000000000000000000000000FA
:1066A00000000000000000000000000000000000EA
:1066B00000000000000000000000000000000000DA
:1066C00000000000000000000000000000000000CA
:1066D0000000CFCFC5CF0EC58A9C57BB41071E1EF9
:1066E000D519BB8080803B3B808085858585850270
:1066F0006161B78AD234343434CECECECECE343487
:1067000034D28A8A955902028080808080808557A1
:106710005757BB0C570202028580025902BB0C0C72
:106720005716958ABABA0CD5BA57BA21E553000064
:106730000000000000000000000000000000000059
:106740000000000000000000000000000000000049
:1067500000C50A0AB4810202803BABE52C4EAB3B7C
:1067600080858580808085858585615B5B5B5B5BE3
:106770005B5B5B5B5B5B6161618585858585858531
:10678000856C6CBB19D569696969696969696969E9
:10679000692626D5520C3B3B3B3B3B3B41196E6E79
:1067A000191919AB8383BB6C169525258D64646517
:1067B00085C4C46C4600000000000000000000001A
:1067C00000000000000000000000000000000000C9
:1067D00000000000000000000000000000000000B9
:1067E00000000000000000000000000000000000A9
:1067F0000000000000000000000000000000000099
:106800000000000000000000000000000000000088
:106810000000000000000000000000000000000078
:106820000000000000000000000000000000000068
:106830000000000000000000000000000000000058
:106840000000000000000000000000000000000048
:106850000000000000000000000000000000000038
:1068600000000000000000000000009A0E0E9AC513
:10687000C5E79C9CBBBD721E1E1E536E3B80808074
:10688000808502020202020202026C6C5916959582
:106890008A8181818181818A8A9516595959590243
:1068A0000202808080858057570C6E535307BB02CD
:1068B000808002026C6C596C0C414141BB5B16BA82
:1068C000BABB958A57576CE5000000000000000035
:1068D00000000000000000000000000000000000B8
:1068E0000000000000000000000029293F3F9557EC
:1068F0000257BB4EBEBE265307193B853B85858597
:106900008585E8615B5B5B5B5B5B5B5B5B5B5B61EA
:10691000615B6C6C85858585858597C8D526696999
:106920006969696969696969696969696926D5DC3B
:10693000190C0C0C0C3B3B3B3B3B85BBBB3BAB19ED
:106940000CBB576C958E0A3434CE8E218D468D4605
:106950000000000000000000000000000000000037
:106960000000000000000000000000000000000027
:106970000000000000000000000000000000000017
:106980000000000000000000000000000000000007
:1069900000000000000000000000000000000000F7
:1069A00000000000000000000000000000000000E7
:1069B00000000000000000000000000000000000D7
:1069C00000000000000000000000000000000000C7
:1069D00000000000000000000000000000000000B7
:1069E00000000000000000000000000000000000A7
:1069F0000000000000000000000000000000000097
:106A0000000000009A0ECFD2D2D29C9C9C0C071E94
:106A10001E26FC1E1E07413B3B3B805757575757CE
:106A20005757020202576C6C6C59595959595959A8
:106A300059596C6C6C6C02026C6C6C57575757BB95
:106A40000C6E53BEBE26BED54102856C026C02029E
:106A50006C6C6C6CBBBB57BB57958E8E9557415376
:106A6000D5E500000000000000000000000000006C
:106A70000000000000000000000000000000000016
:106A8000000000293F2929023B57BB0C07BEBEEA84
:106A9000BEBE2653C4190C3B8585856161858585FD
:106AA00085858585858585855B5B8521215B2121A4
:106AB000210C6E53690B690B0B6969696969696916
:106AC00069696969696969262626D56E52AB830CA6
:106AD0000C0C3B3B3BBBBB0C196E1919410C576CA2
:106AE000168E3434914602570A0A00000000000056
:106AF0000000000000000000000000000000000096
:106B00000000000000000000000000000000000085
:106B10000000000000000000000000000000000075
:106B20000000000000000000000000000000000065
:106B30000000000000000000000000000000000055
:106B40000000000000000000000000000000000045
:106B50000000000000000000000000000000000035
:106B60000000000000000000000000000000000025
:106B70000000000000000000000000000000000015
:106B80000000000000000000000000000000000005
:106B9000000000000000000000000000009A023F1A
:106BA00081E7E79C9C57411EFC262626262626D5F3
:106BB0006E0C3BBBBB57BB57575757575757575789
:106BC000576C6C6C59595959596C6C6C6C6C576C8E
:106BD000576C6C6C6C57BB1907532626BEBEBEBEE5
:106BE000BE5319576C590202026C57576C16161691
:106BF0006C0C0C578A0ACECE0A0CD5E55300000067
:106C00000000000000000000000000000000000084
:106C100000000000000000000000000053293F2990
:106C2000570CBB3B83D5EAEAEAEAEABEBE2653D557
:106C30000719410CBB21213B3B21212121213B850F
:106C400085212121213B0CC8DCD5260B0B898989A4
:106C5000890B0B0B6969696969696969696969699E
:106C6000696969262653D5076E19410C0C0C0C0C6A
:106C7000BB0C0C41196E6E19AB3B856C9525656597
:106C80000A57CE0A000000000000000000000000CB
:106C900000000000000000000000000000000000F4
:106CA00000000000000000000000000000000000E4
:106CB00000000000000000000000000000000000D4
:106CC00000000000000000000000000000000000C4
:106CD00000000000000000000000000000000000B4
:106CE00000000000000000000000000000000000A4
:106CF0000000000000000000000000000000000094
:106D00000000000000000000000000000000000083
:106D10000000000000000000000000000000000073
:106D20000000000000000000000000000000000063
:106D3000000000000000CE343F59599C9C9CBB6E63
:106D4000FCFC2626262626262653D51941BBBB57F2
:106D5000575757575702025757575757570202026C
:106D600002026C6C6C6C6C6C212157570C416ED517
:106D700026BE262626262626BEBEBEBE0741BB024E
:106D80006C6C6C57576C6C6C595959BB410C6C95B9
:106D90008E8ECE160C94340000000000000000001F
:106DA00000000000000000000000000000000000E3
:106DB00000000000005381B434BB3B3B0CAB53EAF2
:106DC000EAEAEAEA2626262626265353076E5219B1
:106DD000C8C8C80C0C0C0C0C0CC8C8C852DCD55365
:106DE000690B898989898989898989898969696911
:106DF000696969696969696969696969696969BEAE
:106E0000262653D56E5219C80C0C0CBBBBBBBBBBA2
:106E10000C83AB833B855B258DCE29BA9A65000038
:106E20000000000000000000000000000000000062
:106E30000000000000000000000000000000000052
:106E40000000000000000000000000000000000042
:106E50000000000000000000000000000000000032
:106E60000000000000000000000000000000000022
:106E70000000000000000000000000000000000012
:106E80000000000000000000000000000000000002
:106E900000000000000000000000000000000000F2
:106EA00000000000000000000000000000000000E2
:106EB00000000000000000000000000000000000D2
:106EC0000000000000000000000000000000D234BC
:106ED000069A02599C9C570C07FCFCFCFCFCFCFC31
:106EE0002626262626D5C4190C3BBB5757575702D2
:106EF00057575757575702020202026C6C6C57578C
:106F0000570C196ED55326BE696969696969696943
:106F100069696969BEBE262C190C025757576C6CFB
:106F2000576C6C6C6C57BB3B6C6C958ECE948ACE58
:106F300034CE00000000000000000000000000004F
:106F40000000000000000000000000000053539A01
:106F500064B7833B3B0C1926EAEAEAEAEA69696905
:106F6000266969BEBE2626262653535353D5D553CC
:106F700053535326266969898989890B0B0B8989A3
:106F80008989898989890B0B0B0B0B0B0B0B0B0B5D
:106F90000B0B0B0B6969696969696969BEBE265388
:106FA000D5076E190C0CBB57573B853B83AB3B3B5E
:106FB00021160A4F658D9A2900000000000000008C
:106FC00000000000000000000000000000000000C1
:106FD00000000000000000000000000000000000B1
:106FE00000000000000000000000000000000000A1
:106FF0000000000000000000000000000000000091
:107000000000000000000000000000000000000080
:107010000000000000000000000000000000000070
:107020000000000000000000000000000000000060
:107030000000000000000000000000000000000050
:107040000000000000000000000000000000000040
:107050000000000000000000000000000000000030
:10706000000000000000D20A163FD2E7E79CBBBB3D
:10707000BD7226BEBEBEBEBEBEFCFCFCFCFC26260F
:1070800053D5DC5252C8C80C97BB57575757576C4B
:10709000575757573C9797C8DCD5532626696969D7
:1070A000696969690B0B0B0B0B0B0B0B0B6969699E
:1070B000692653075241BB575757576C5757576C60
:1070C0006C6C166C168E292929168ED200000000D1
:1070D00000000000000000000000000000000000B0
:1070E00000000000005353BB3F9A6C0CBBBB0C0765
:1070F000BE0B0B0B0B0B0B0B0B0B0B6969690B0B13
:107100000B0B0B0B0B0B0B0B0B0B0B0B89898989D7
:1071100089898989898989898989898989898989DF
:10712000898989890B0B0B89898989890B0B0B0B41
:107130000B0B0B0B69696969696926265353075262
:10714000C80CBBBB3B3B3B830CBB576C2534B465C5
:1071500064290000000000000000000000000000A2
:10716000000000000000000000000000000000001F
:10717000000000000000000000000000000000000F
:1071800000000000000000000000000000000000FF
:1071900000000000000000000000000000000000EF
:1071A00000000000000000000000000000000000DF
:1071B00000000000000000000000000000000000CF
:1071C00000000000000000000000000000000000BF
:1071D00000000000000000000000000000000000AF
:1071E000000000000000000000000000000000009F
:1071F00000000000000000000000000000000A0A7B
:1072000019CECE8A8AE79CBB0C525326BEBEBEBEA8
:10721000BEBEFCFCFCFCFC696926262626265353D0
:10722000D50707076E6E6E6E6E6E0707D5D5535382
:10723000266969696969696969696969690B0B0B1B
:107240000B0B0B0B0B0B69696969696926262653C1
:1072500007190C5757575757576C6C6C6C6C169531
:10726000342929BB8E0A0000000000000000000045
:1072700000000000000000000000000000536E53FA
:107280009C9A343B5757BB41D5BE0B0B0B0B0B0BDA
:107290000B0B0B0B0B69690B0B0B0B0B0B0B0B0B82
:1072A0000B0B0B0B0B8989898989898989898989C4
:1072B000898989898989898989898989890B0B0BB8
:1072C00089898989890B0B0B0B0B0B0B0B0B0B693A
:1072D0006969692626262626535307190C0CBB3BE1
:1072E0003BBBBBBBBB579565926564640000000067
:1072F000000000000000000000000000000000008E
:10730000000000000000000000000000000000007D
:10731000000000000000000000000000000000006D
:10732000000000000000000000000000000000005D
:10733000000000000000000000000000000000004D
:10734000000000000000000000000000000000003D
:10735000000000000000000000000000000000002D
:10736000000000000000000000000000000000001D
:10737000000000000000000000000000000000000D
:1073800000000000000000000000000000000000FD
:10739000000000000000000A0A8A298AE78A9C5738
:1073A000BB0C072626BEEAEABEBEBEEAEAEAFCFC41
:1073B0006969690B0B0B0B0B0B0B0B690B0B0B0BA5
:1073C0000B69690B0B0B890B0B890B0B0B6969693B
:1073D0000B0B0B0B69690B0B0B0B0B0B0B0B0B69E3
:1073E00069696969696969EAEABEBE536E41BBBBF6
:1073F000BB57575757576C6C576C8ECE655B8E9446
:10740000000000000000000000000000000000007C
:1074100000000000000007536E0C9A813B59570C86
:107420001953690B0B0B0B0B0B0B0B0B0B0B69693C
:107430000B0B0B0B0B0B0B0B0B0B0B0B0B0B8989A0
:1074400089898989898989898989898989898989AC
:1074500089898989898989898989898989890B0B98
:107460000B8989890B0B0B0B0B0B0B69696969691C
:107470006969696926D541BB3B3BBBBBBB0CBB57AC
:107480009534B465292900000000000000000000C8
:1074900000000000000000000000000000000000EC
:1074A00000000000000000000000000000000000DC
:1074B00000000000000000000000000000000000CC
:1074C00000000000000000000000000000000000BC
:1074D00000000000000000000000000000000000AC
:1074E000000000000000000000000000000000009C
:1074F000000000000000000000000000000000008C
:10750000000000000000000000000000000000007B
:10751000000000000000000000000000000000006B
:10752000000000000000000000000000000000005B
:107530000A0A0A34D28AE79C57BB41D52626BEEAFE
:10754000EAEAEAEAEAEAEAFCFC0B0B0B0B0B0B8912
:1075500089890B0B0B0B0B0B0B0B0B0B0B89898905
:1075600089898989890B0B0B0B0B0B0B0B0B0B0BF5
:107570000B0B0B0B0B0B0B0B0B0B0B0B0B0B0B0B5B
:107580000B0B0B0B0BBE26D5520C57575757576C8E
:107590006C6C57BB9529928ECE94000000000000C1
:1075A00000000000000000000000000000000007D4
:1075B000536EBBD202616CBB0C19530B0B0B0B0B44
:1075C0000B0B0B0B0B0B0B0B0B0B0B0B0B0B0B0B0B
:1075D0000B0B0B0B89898989898989898989898913
:1075E000898989898989898989898989898989890B
:1075F00089898989898989898989898989898989FB
:107600000B0B0B0B0B0B0B0B696969696926BE260B
:10761000D5190C57BB573B0C3B578A65DB65646437
:10762000000000000000000000000000000000005A
:10763000000000000000000000000000000000004A
:10764000000000000000000000000000000000003A
:10765000000000000000000000000000000000002A
:10766000000000000000000000000000000000001A
:10767000000000000000000000000000000000000A
:1076800000000000000000000000000000000000FA
:1076900000000000000000000000000000000000EA
:1076A00000000000000000000000000000000000DA
:1076B00000000000000000000000000000000000CA
:1076C000000000000000000000CE34CE8EE7E75935
:1076D0009C570C6E532626BEEAEAEAEAEAEAEAEA90
:1076E000EAEA0B0B0B0B0B0B89898989890B0B0BB6
:1076F0000B0B0B0B0B8989898989898989890B0B6C
:107700000B0B0B0B0B0B0B0B0B0B0B0B0B0B0B0BC9
:107710000B0B0B0B0B0B0B0B0B0B0B0B0B0BBEBE53
:1077200026BE536E0C6C57576C576C57BBBB1694E8
:10773000928ECE94000000000000000000000000C7
:107740000000000000000000076E529CD257956CAC
:10775000BB0C6E26690B0B0B0B0B0B0B0B0B0B0BEC
:107760000B0B0B0B0B0B0B0B0B0B0B0B0B898989EF
:107770008989898989898989898989898989898979
:107780008989898989898989898989898989898969
:107790008989898989898989890B0B0B0B0B0B0BCB
:1077A0000B0B0B696969BE26BEBEBE6E0CBBBB5718
:1077B0000C413B6C25299295CE0000000000000092
:1077C00000000000000000000000000000000000B9
:1077D00000000000000000000000000000000000A9
:1077E0000000000000000000000000000000000099
:1077F0000000000000000000000000000000000089
:107800000000000000000000000000000000000078
:107810000000000000000000000000000000000068
:107820000000000000000000000000000000000058
:107830000000000000000000000000000000000048
:107840000000000000000000000000000000000038
:107850000000000000000000000000000000000028
:107860000000CECE0ED2E7E79C57BB0C6E262669F1
:10787000EAEAEAEAEAEA0B0B0B0B0B0B0B0B0B0B1E
:107880000B898989898989898989898989898989E6
:10789000898989898989890B0B0B0B0B0B0B0B0BC6
:1078A0000B0B0B0B0B0B0B89890B0B0B0B0B0B0B2C
:1078B0000B0B0B0B0B0B0BBEBEEABEBE26D56E0C24
:1078C000576C6C57575757BB5B0A298ACECE0000BE
:1078D00000000000000000000000000000000000A8
:1078E00000196E4E59593B816CBB0C0726BE690BC3
:1078F0000B0B0B0B0B0B0B0B0B0B0B0B0B0B0B0BD8
:107900000B0B0B0B0B0B89898989898989898989DB
:1079100089898989898989898989898989898989D7
:1079200089898989898989898989898989898989C7
:1079300089890B0B0B0B0B0B0B0B0B0B0B69696981
:1079400069690BBEBED541BBBB570C0CBB6C34295F
:10795000299A6500000000000000000000000000FF
:107960000000000000000000000000000000000017
:107970000000000000000000000000000000000007
:1079800000000000000000000000000000000000F7
:1079900000000000000000000000000000000000E7
:1079A00000000000000000000000000000000000D7
:1079B00000000000000000000000000000000000C7
:1079C00000000000000000000000000000000000B7
:1079D00000000000000000000000000000000000A7
:1079E0000000000000000000000000000000000097
:1079F000000000000000000000000029D23FD25922
:107A0000590257BB4107262669BEEAEAEAEAEA0BB1
:107A10000B0B0B0B0B0B0B89898989898989898948
:107A200089898989898989898989898989898989C6
:107A30000B0B0B0B0B0B0B0B0B0B0B0B0B0B0B0B96
:107A40008989890B0B0B0B0B0B0B0B0B0B0B0B0B0C
:107A5000EAEAEAEABEBEBEBED519BB57576C576C00
:107A6000BB835734298A0ACE0000000000000000C2
:107A7000000000000000000000000719ABB7800CF8
:107A80008157BB410726BE69690B0B0B0B0B0B0B18
:107A90000B0B0B0B0B0B0B0B0B0B0B0B0B0B0B89B8
:107AA0008989898989898989898989898989898946
:107AB0008989898989898989898989898989898936
:107AC000898989898989898989898989890B0B0BA0
:107AD0000B0B0B69690B0B696969696969690B5360
:107AE00019BB3B570C8357819A06958E8A0000007C
:107AF0000000000000000000000000000000000086
:107B00000000000000000000000000000000000075
:107B10000000000000000000000000000000000065
:107B20000000000000000000000000000000000055
:107B30000000000000000000000000000000000045
:107B40000000000000000000000000000000000035
:107B50000000000000000000000000000000000025
:107B60000000000000000000000000000000000015
:107B70000000000000000000000000000000000005
:107B800000000000000000000000000000000000F5
:107B900000000000CED2F6D259590257BB41D5267B
:107BA0002669BEEAEAEAEAEA0B0B0B0B0B0B0B0B9E
:107BB0008989898989898989898989898989898935
:107BC0008989898989898989890B0B0B0B0B0B0B97
:107BD0000B0B0B0B0B0B0B0B0B8989890B0B0B0B7B
:107BE0000B0B0B0B0B0B0B0B0BEAEAEAEABEBEBE50
:107BF000BEBE26D54157575757573B0C6C0A2961D3
:107C0000CECE0000000000000000000000000000D8
:107C100000000007ABE8B78041816CBB41D526BEB0
:107C200069690B0B0B0B0B0B0B0B0B0B0B0B0B0BE8
:107C30000B0B0B0B0B0B0B0B8989898989898989A4
:107C400089898989898989898989898989898989A4
:107C50008989898989898989898989898989898994
:107C60008989898989890B0B0B0B0B0B0B0B0B0B70
:107C70006969696969696969265319BBBBBB413B7D
:107C800059349A29418E8A0000000000000000004B
:107C900000000000000000000000000000000000E4
:107CA00000000000000000000000000000000000D4
:107CB00000000000000000000000000000000000C4
:107CC00000000000000000000000000000000000B4
:107CD00000000000000000000000000000000000A4
:107CE0000000000000000000000000000000000094
:107CF0000000000000000000000000000000000084
:107D00000000000000000000000000000000000073
:107D10000000000000000000000000000000000063
:107D2000000000000000000000000000000ED20E65
:107D3000D259590257BBBD5326266969BEEAEAEA01
:107D4000EA0B0B0B0B0B0B0B0B8989898989898932
:107D50008989898989898989898989898989898993
:107D6000898989890B0B0B0B0B0B0B0B0B0B0B0B6B
:107D70000B0B89898989898989898989890B0B0BE9
:107D80000B0BEAEAEAEAEAEABEBEBEBE26536E0C76
:107D9000BB575785BB0C16CE29168A000000000081
:107DA0000000000000000000000000001961468192
:107DB000BBBB596CBB19D526BE69690B0B0B0B0BF2
:107DC000890B0B0B0B0B0B0B0B0B0B0B0B0B0B0B85
:107DD0000B89898989898989898989898989898991
:107DE0008989898989898989898989898989898903
:107DF00089898989898989898989898989898989F3
:107E000089898989890B0B0B0B0B0B0B0B0B0B0B4C
:107E10000B69BE5341BB573B4102819A298A658A4F
:107E20000000000000000000000000000000000052
:107E30000000000000000000000000000000000042
:107E40000000000000000000000000000000000032
:107E50000000000000000000000000000000000022
:107E60000000000000000000000000000000000012
:107E70000000000000000000000000000000000002
:107E800000000000000000000000000000000000F2
:107E900000000000000000000000000000000000E2
:107EA00000000000000000000000000000000000D2
:107EB00000000000000000000000000000000000C2
:107EC0000000000000000ED20E8159595757BB6EBA
:107ED00053262669BEBEEAEAEAEA0B0B0B0B0B0B34
:107EE0000B0B8989898989898989898989898989FE
:107EF000898989898989898989898989890B0B0B6C
:107F00000B0B0B0B0B0B0B0B0B0B0B89898989894B
:107F10008989898989890B0B0B0B0BEAEAEAEAEA62
:107F2000EAEAEABEBEBEBE26070CBBBB8557BB57FE
:107F30000A4F8ACE5300000000000000000000003D
:107F4000000000000081B7468180BB5957BB19D59E
:107F500026BE69690B0B0B0B0B890B0B0B0B0B0B69
:107F60000B0B0B0B0B0B0B0B0B0B8989898989896D
:107F70008989898989898989898989898989898971
:107F80008989898989898989898989898989898961
:107F900089898989898989898989898989890B0B4D
:107FA0000B0B0B0B0B0B0B0B0B6969BEBE07BB025C
:107FB000573BBB8134290A418A00000000000000C1
:107FC00000000000000000000000000000000000B1
:107FD00000000000000000000000000000000000A1
:107FE0000000000000000000000000000000000091
:107FF0000000000000000000000000000000000081
:108000000000000000000000000000000000000070
:108010000000000000000000000000000000000060
:108020000000000000000000000000000000000050
:108030000000000000000000000000000000000040
:108040000000000000000000000000000000000030
:108050000000000000000000000000000000009A86
:10806000D23F8159025757BB6E26BE266969BEEAC8
:10807000EAEAEA0B0B0B0B0B0B0B0B89898989893D
:108080008989898989898989898989898989898960
:108090008989898989890B0B0B0B0B0B0B0B0B0B3C
:1080A0000B0B0B0B89898989898989898989890BB6
:1080B0000B0B0B0BEAEAEAEAEAEAEAEABEBEBEBE4C
:1080C00026260741BB3B576CBB9C4F0A535300000D
:1080D00000000000000000000000000000004681D9
:1080E000914680BB596CBB19D5262669690B0B0BD1
:1080F0000B0B890B0B0B0B0B0B0B0B0B0B0B0B0B52
:108100000B0B0B8989898989898989898989898959
:1081100089898989898989898989898989898989CF
:1081200089898989898989898989898989898989BF
:10813000898989898989890B0B0B0B0B0B0B0B0B1D
:108140000B0B696969262619576C02BB59343F929B
:108150003FCE000000000000000000000000000012
:10816000000000000000000000000000000000000F
:1081700000000000000000000000000000000000FF
:1081800000000000000000000000000000000000EF
:1081900000000000000000000000000000000000DF
:1081A00000000000000000000000000000000000CF
:1081B00000000000000000000000000000000000BF
:1081C00000000000000000000000000000000000AF
:1081D000000000000000000000000000000000009F
:1081E000000000000000000000000000000000008F
:1081F00000000000000000009AD2B459166C57BB72
:108200000C072669696969696969690B0B0B890B38
:108210000B8989898989898989898989898989894C
:1082200089898989898989898989898989898989BE
:1082300089898989890B0B0B0B0B0B0B0B0B0B0B18
:108240000B0B0B0B0B0B0B0B89890B0B0B0B0B0B82
:108250000B0B0B69696969696969265307C8BBBB60
:108260006CBBBB81CE3C53530000000000000000FB
:10827000000000000000009146914602575957BB8C
:108280006E5326BEBE690B0B0B690B0B0B0B0B0B56
:108290000B0B0B0B0B0B0B0B0B0B0B0B0B0B0B89B0
:1082A000898989898989898989898989898989893E
:1082B000898989898989898989898989898989892E
:1082C000898989898989898989898989890B0B0B98
:1082D0000B0B0B0B0B0B0B0B696969696969262684
:1082E00007BB853B3B6C25642F3F29000000000045
:1082F000000000000000000000000000000000007E
:10830000000000000000000000000000000000006D
:10831000000000000000000000000000000000005D
:10832000000000000000000000000000000000004D
:10833000000000000000000000000000000000003D
:10834000000000000000000000000000000000002D
:10835000000000000000000000000000000000001D
:10836000000000000000000000000000000000000D
:1083700000000000000000000000000000000000FD
:1083800000000000000000000000000000000000ED
:108390000081D20E59166C57BB0CD52669696969E4
:1083A000696969690B0B0B890B0B89898989898933
:1083B000898989898989898989898989898989892D
:1083C00089898989898989898989898989890B0B19
:1083D0000B0B0B0B0B0B0B0B0B0B0B0B0B0B0B0BED
:1083E0000B89890B0B0B0B0B0B0B0B0B0B0B696925
:1083F000696969692653070CBB57570C02CE945321
:1084000053530000000000000000000000000000C6
:108410009146174602025957BB6ED52626BE690BF8
:108420000B0B690B0B0B0B0B0B0B0B0B0B0B0B0B3E
:108430000B0B0B0B0B0B0B0B89898989898989899C
:10844000898989898989898989898989898989899C
:10845000898989898989898989898989898989898C
:108460008989898989890B0B0B0B0B0B0B0B0B0B68
:108470000B69696969696926262641803B8357250E
:1084800064DB2FDB000000000000000000000000A3
:1084900000000000000000000000000000000000DC
:1084A00000000000000000000000000000000000CC
:1084B00000000000000000000000000000000000BC
:1084C00000000000000000000000000000000000AC
:1084D000000000000000000000000000000000009C
:1084E000000000000000000000000000000000008C
:1084F000000000000000000000000000000000007C
:10850000000000000000000000000000000000006B
:10851000000000000000000000000000000000005B
:108520000000000000000000000081B79A59166C9E
:1085300057BB0CD526690B0B696969690B0B0B0BD3
:108540000B0B0B8989898989898989898989898915
:10855000898989898989898989898989898989898B
:10856000898989898989890B0B0B0B0B0B0B0B0BE9
:108570000B0B0B0B0B0B0B0B0B0B8989890B0B0BD1
:108580000B0B0B0B0B0B0B0B0B0B0B69692653D552
:1085900019BB575757570A4F6E535300000000003E
:1085A000000000000000000000914617465959598C
:1085B000570C6ED52626BE690B0B0B690B0B0B0BEC
:1085C0000B0B0B0B0B0B0B0B0B0B0B0B0B0B0B0BFB
:1085D0000B89898989898989898989898989898989
:1085E00089898989898989898989898989898989FB
:1085F0008989898989898989898989898989890B69
:108600000B0B0B0B0B0B0B0B0B0B69696969696986
:1086100069262619803B83BB2564F62FDB0000000A
:10862000000000000000000000000000000000004A
:10863000000000000000000000000000000000003A
:10864000000000000000000000000000000000002A
:10865000000000000000000000000000000000001A
:10866000000000000000000000000000000000000A
:1086700000000000000000000000000000000000FA
:1086800000000000000000000000000000000000EA
:1086900000000000000000000000000000000000DA
:1086A00000000000000000000000000000000000CA
:1086B00000000000000000000000000000000000BA
:1086C00000000081B79A59165757BB41D5690B690D
:1086D000690B0B0B0B0B0B690B0B0B0B0B0B0B0B2E
:1086E0000B0B0B0B0B0B0B8989898989898989896C
:1086F000898989898989898989898989890B0B0B64
:108700000B0B0B0B0B0B0B0B0B0B0B0B0B0B0B0BB9
:108710000B0B0B89898989890B0B0B0B0B0B0B0B33
:108720000B0B0B0B6969692653070C57576CBB8AF7
:10873000CFE75353000000000000000000000000DD
:10874000000034461746B75959570C6ED55326BE0C
:1087500069BE690B6969690B0B0B0B0B0B0B0B0BE0
:108760000B0B0B0B0B0B0B0B0B0B89898989898965
:108770008989898989898989898989898989898969
:108780008989898989898989898989898989898959
:1087900089898989890B0B0B0B0B0B0B0B0B0B0BB3
:1087A0000B0B696969696969696926266E3B3B83B8
:1087B000BBB2647676DB0000000000000000000021
:1087C00000000000000000000000000000000000A9
:1087D0000000000000000000000000000000000099
:1087E0000000000000000000000000000000000089
:1087F0000000000000000000000000000000000079
:108800000000000000000000000000000000000068
:108810000000000000000000000000000000000058
:108820000000000000000000000000000000000048
:108830000000000000000000000000000000000038
:108840000000000000000000000000000000000028
:108850000000000000000000000000008A8A9A5911
:10886000165757BB41D526690B0B0B0B0B0B0B0B8C
:10887000690B0B0B0B0B0B0B0B0B0B0B0B0B0B0BEA
:108880008989898989898989898989898989898958
:108890008989898989890B0B0B0B0B0B0B0B0B0B34
:1088A0000B0B0B0B0B0B0B0B0B0B0B0B8989898920
:1088B000890B0B0B0B0B0B0B0B0B0B0B0B0B6969CE
:1088C0002653D541BB57570C9C0EC5C5530000001D
:1088D0000000000000000000000000914617918198
:1088E000E759570C1907D553532626BE696969699C
:1088F0000B0B0B0B0B0B0B0B0B0B0B0B0B696969AE
:108900000B0B0B8989898989898989898989898951
:1089100089898989898989898989898989898989C7
:1089200089898989898989898989898989890B0BB3
:108930000B0B0B0B0B0B0B0B0B0B0B6969696969B1
:1089400069692626266E3B3B83BBB264F62F760010
:108950000000000000000000000000000000000017
:108960000000000000000000000000000000000007
:1089700000000000000000000000000000000000F7
:1089800000000000000000000000000000000000E7
:1089900000000000000000000000000000000000D7
:1089A00000000000000000000000000000000000C7
:1089B00000000000000000000000000000000000B7
:1089C00000000000000000000000000000000000A7
:1089D0000000000000000000000000000000000097
:1089E0000000000000000000000000000000000087
:1089F00000000000000E8A0E166C5757BB0CD526DF
:108A0000BEEAEA0B69690B0B0B0B0B0B0B0B0B890B
:108A1000890B0B0B0B0B0B0B0B8989890B0B8989B2
:108A2000898989898989898989890B0B0B0B0B0BAA
:108A30000B0B0B0B0B0B0B0B0B0B0B0B0B0B0B0B86
:108A40000B0B0B0B0B89898989898989898989890C
:108A50000B0B0B0B0B0B0B696926265319BB5757D6
:108A60000C570E3FE753000000000000000000001C
:108A70000000000091811791468A6C02BB0C4119DD
:108A8000196E0707D5D55353532626BE690B69695E
:108A90000B0B0B0B0B0B0B69696969690B0B898954
:108AA00089890B0B89898989898989898989898932
:108AB0008989898989898989898989898989898926
:108AC0008989898989898989898989898989898916
:108AD00089898989890B0B89890B0B0B69266EBBE8
:108AE000BB83BBB264761776000000000000000074
:108AF0000000000000000000000000000000000076
:108B00000000000000000000000000000000000065
:108B10000000000000000000000000000000000055
:108B20000000000000000000000000000000000045
:108B30000000000000000000000000000000000035
:108B40000000000000000000000000000000000025
:108B50000000000000000000000000000000000015
:108B60000000000000000000000000000000000005
:108B700000000000000000000000000000000000F5
:108B80000000000000000000000000000000CE8A8D
:108B90000EE79C9C6C570C6E26BEEAEA0B0B0B6929
:108BA0000B0B0B0B0B0B0B8989890B0B0B0B0B0B9B
:108BB0000B0B8989890B0B0B89898989890B0B0B15
:108BC0000B0B0B0B0B0B0B0B0B0B0B0B0B0B0B0BF5
:108BD0000B0B0B0B0B0B0B0B0B0B0B0B0B0B8989E9
:108BE0008989898989898989890B0B0B0B0B0B0B67
:108BF0000B2626265352BBBB570C57CE06CECE00B3
:108C000000000000000000000000000000B46464E8
:108C1000B434256C02573B3B0C8341AB1919196ED8
:108C20006E6E0707D55326262669690B0B0B0B0BB7
:108C30000B89898989898989898989898989898922
:108C40008989898989898989898989898989898994
:108C500089898989898989895A5A5A5A5A5A89899E
:108C60008989898989898989898989898989898974
:108C700089898989890BBE6E0CBB0CBBB7642F2F09
:108C8000760000000000000000000000000000006E
:108C900000000000000000000000000000000000D4
:108CA00000000000000000000000000000000000C4
:108CB00000000000000000000000000000000000B4
:108CC00000000000000000000000000000000000A4
:108CD0000000000000000000000000000000000094
:108CE0000000000000000000000000000000000084
:108CF0000000000000000000000000000000000074
:108D00000000000000000000000000000000000063
:108D10000000000000000000000000000000000053
:108D200000000000000000CE8A0EE7169C5757BBDB
:108D300019D55326BEBE696969690B0B0B0B0B0B6A
:108D40008989890B0B0B0B0B0B0B0B8989890B0B7F
:108D50000B89898989890B0B0B0B0B0B0B0B0B0BED
:108D60000B0B0B0B0B0B0B0B0B0B0B0B0B0B0B0B53
:108D70000B0B0B0B0B0B0B898989898989898989D5
:108D800089890B0B0B0B0B0B0B0B692626266E0C24
:108D9000BB57BB57CEB9CE06000000000000000054
:108DA0000000000000009AB4593F3F346CBBBBBBCD
:108DB000BBBB3B0C0C0C0C0C414141196E6EDCDC56
:108DC000DCDC07D5D553535326262626262669698B
:108DD00069696969696969696969696969690B0BBF
:108DE0000B6969690B0B0B0B0B0B0B0B0B0B0B0BB9
:108DF0000B0B0B0B6969696969696969696969695B
:108E000069692626262626262626262653535353C8
:108E1000190CBBBBBBB764F62F7600000000000046
:108E20000000000000000000000000000000000042
:108E30000000000000000000000000000000000032
:108E40000000000000000000000000000000000022
:108E50000000000000000000000000000000000012
:108E60000000000000000000000000000000000002
:108E700000000000000000000000000000000000F2
:108E800000000000000000000000000000000000E2
:108E900000000000000000000000000000000000D2
:108EA00000000000000000000000000000000000C2
:108EB00000000000000000000000000000000000B2
:108EC000CECECE8A169C5757570C196E07D553260F
:108ED00026262626690B0B0B0B0B0B0B8989898920
:108EE000890B0B0B0B0B0B0B0B0B0B0B0B0B0B0B54
:108EF0000B0B0B0B0B0B0B0B0B0B0B0B0B0B0B0BC2
:108F00000B0B0B0B0B0B0B0B0B0B0B0B0B0B0B0BB1
:108F100089898989898989890B0B0B89890B0B0BB5
:108F200069696969262626070CBBBBBBBBCE06CE8A
:108F3000060000000000000000000000000000002B
:108F4000B46434F6B48102BBBB57BBBBBBBB0C0CD7
:108F50000C0C0C0C19410C9797970CC8C8C85252AE
:108F6000DCDC07D5D5D5D5D5D5D5D5D5D5D5D553F3
:108F700053535353535353535353535353535326EE
:108F8000262653535353535353535353535353530B
:108F9000535353535353535353535353D5D5D5D599
:108FA000D5D5D5D5D50707076E0CBBBBBBBB81B4E8
:108FB0007664760000000000000000000000000061
:108FC00000000000000000000000000000000000A1
:108FD0000000000000000000000000000000000091
:108FE0000000000000000000000000000000000081
:108FF0000000000000000000000000000000000071
:109000000000000000000000000000000000000060
:109010000000000000000000000000000000000050
:109020000000000000000000000000000000000040
:109030000000000000000000000000000000000030
:109040000000000000000000000000000000000020
:10905000000000000000000000CECE0E0A16166CC4
:109060006C57BB0C41411952DC0707D553532626D8
:1090700026266969690B0B0B0B0B0B0B0B0B0B0BF0
:109080000B0B0B0B0B0B0B0B0B0B0B0B0B0B0B0B30
:109090000B0B0B0B0B0B0B0B0B0B0B0B0B0B0B0B20
:1090A0000B0B0B0B0B0B0B0B0B898989898989899E
:1090B000890B0B0B89890B0B0B69696969262626BD
:1090C000070CBBBBBBBBCE06CE06000000000000F9
:1090D00000000000000000000000B40ED2F69181F4
:1090E00002BB3B41414119194E6E19410C0C5716F8
:1090F000BABABABABA5F5F3C3C97979797C8C8C8E4
:10910000C8C8C852525252525252525252525252DD
:109110005252525252DCDCDCDCDCDCDCDCDCDCDC41
:10912000DCDCDCDCDCDC52525252525252525252E3
:109130005252525252C8C8C8C8C8C8C8C80C0C0C31
:10914000976C166CBBBB57343F766476000000000A
:10915000000000000000000000000000000000000F
:1091600000000000000000000000000000000000FF
:1091700000000000000000000000000000000000EF
:1091800000000000000000000000000000000000DF
:1091900000000000000000000000000000000000CF
:1091A00000000000000000000000000000000000BF
:1091B00000000000000000000000000000000000AF
:1091C000000000000000000000000000000000009F
:1091D000000000000000000000000000000000008F
:1091E000000000000000000000000000000000007F
:1091F0000000CECE0E0A16166C6C575757BBBB0C30
:10920000C8C8C852525252DCDC07D5D55353262663
:109210002669696969690B0B0B0B0B0B0B0B0B0BAD
:109220000B0B0B0B0B0B0B0B0B0B0B0B0B0B0B0B8E
:109230000B0B0B0B0B0B0B0B0B0B0B0B0B0B0B0B7E
:109240000B0B89898989898989890B0B0B89890B82
:109250000B0B69696969266926070CBBBBBBBBCED2
:10926000B929060000000000000000000000000016
:1092700000000000B40E9AB46434815902025757BA
:10928000BB3B0CBB576C8ACE6565BABABA5F5F3C14
:109290003C3C979797979797C8C8C8C8C8C8525278
:1092A000525252525252525252525252525252529E
:1092B000525252525252525252525252525252528E
:1092C000525252525252525252525252C8C8C8C8A6
:1092D000C8C80C0C9797979797160A348E596C95B7
:1092E0002976CD76F60000000000000000000000A6
:1092F000000000000000000000000000000000006E
:10930000000000000000000000000000000000005D
:10931000000000000000000000000000000000004D
:10932000000000000000000000000000000000003D
:10933000000000000000000000000000000000002D
:10934000000000000000000000000000000000001D
:10935000000000000000000000000000000000000D
:1093600000000000000000000000000000000000FD
:1093700000000000000000000000000000000000ED
:1093800000000000000000000000004F0EC54F5B11
:10939000BBE7163C575757BBBBBB0C0C0C0C0C0C5B
:1093A0004141414119196E6E6E07D5D5D5535353BE
:1093B000262626696969690B0B0B0B0B0B0B0B0B34
:1093C00069690B0B0B0B0B898989890B0B0B0B0B39
:1093D0008989898989EAEAEAEAEAEAEAEAEAEAEAD2
:1093E000EAEAEAEAEAEAEAEAEAEAEA0B0B0B0B69DA
:1093F000BE26D50CBB570CBBCE06CEF60000000037
:109400000000000000000000000000000000B4D2D6
:10941000E78D6565658D8D252525B2B2BA0A9492D2
:10942000920A65BABABABA3C3C3C3C3C3C97970CB1
:109430000CC8C8C8C8C8C8C8C852525252525252A2
:1094400052525252525252525252525252525252FC
:1094500052525252525252525252525252525252EC
:10946000525252C8C8C8C8C8C8C8C8C8C80C0C0C12
:1094700097976C97D229949494AFDFDF76F600002B
:1094800000000000000000000000000000000000DC
:1094900000000000000000000000000000000000CC
:1094A00000000000000000000000000000000000BC
:1094B00000000000000000000000000000000000AC
:1094C000000000000000000000000000000000009C
:1094D000000000000000000000000000000000008C
:1094E000000000000000000000000000000000007C
:1094F000000000000000000000000000000000006C
:10950000000000000000000000000000000000005B
:10951000000000000000000000000000000000004B
:109520000000000000CE164F9457BB163C9C6C6C9C
:10953000575757BBBB57BBBBBBBBBBBB0C0C0C0CC7
:10954000414141C8C8C8C85252DC0707D5D553535A
:1095500026262669690B0B0B0B69690B0B0B0B0B92
:109560000B89890B0B0B0B0B0B8989898989EAEA1B
:10957000EAEAEAEAEAEAEAEAEAEAEAEAEAEAEAEA4B
:10958000EAEAEAEA69696969696926D50CBB574163
:109590000CCEB929F6000000000000000000000019
:1095A0000000000000000000349141659292DB92BF
:1095B00092929292924FAFAFAFAF29650000000038
:1095C000000000000000000000000000000000009B
:1095D000000000000000000000000000000000008B
:1095E000000000000000000000000000000000007B
:1095F000000000000000000000000000000000006B
:10960000000000000000000000000000D2340EAF97
:109610007EAFDBDFAFB9B900000000000000000042
:10962000000000000000000000000000000000003A
:10963000000000000000000000000000000000002A
:10964000000000000000000000000000000000001A
:10965000000000000000000000000000000000000A
:1096600000000000000000000000000000000000FA
:1096700000000000000000000000000000000000EA
:1096800000000000000000000000000000000000DA
:1096900000000000000000000000000000000000CA
:1096A00000000000000000000000000000000000BA
:1096B0000000000000000000000000000000009416
:1096C000BB4FCE163C210C0C0CBB579C9C9C6C6C6D
:1096D000576C5757BBBBBBBBBBBBBBBB9797970C70
:1096E0000C0C0CC8C8C8C8C8C852525252DCDC079F
:1096F00007D5D5D553535326262669BE0B0B0B0B26
:109700000B0B890B0B0B0BEAEAEAEAEAEAEAEAEA54
:10971000EAEAEAEAEAEAEAEAEAEAEAEABE69696958
:10972000692626536E0CBBBB410C29CD29F60000DF
:109730000000000000000000000000000000000029
:10974000000034656565929264929292920A65AFC8
:10975000AFAFAF920000000000000000000000006A
:1097600000000000000000000000000000000000F9
:1097700000000000000000000000000000000000E9
:1097800000000000000000000000000000000000D9
:1097900000000000000000000000000000000000C9
:1097A000000000000000CE2929AFAFDFDFDFDF00BF
:1097B00000000000000000000000000000000000A9
:1097C0000000000000000000000000000000000099
:1097D0000000000000000000000000000000000089
:1097E0000000000000000000000000000000000079
:1097F0000000000000000000000000000000000069
:109800000000000000000000000000000000000058
:109810000000000000000000000000000000000048
:109820000000000000000000000000000000000038
:109830000000000000000000000000000000000028
:109840000000000000000000000000000000000018
:1098500000000000000000000094BB4F9494BA8AFE
:10986000570C41190C9C8A8A8A16169C6C575757BC
:10987000BBBB575757212121BBBBBBBBBB0CBBBBE1
:109880000C0C0C0C0C970C0C0C0C0C0C41C8195249
:1098900052526E0707D5D553535326262626262621
:1098A000262626BEBE26BEBE2626262626262626F8
:1098B00026262626535326535353D5076E19BBBB72
:1098C0005741410E3D29B900000000000000000092
:1098D00000000000000000000000000065656592C7
:1098E0009292929292924F924F92AF3F000000005C
:1098F0000000000000000000000000000000000068
:109900000000000000000000000000000000000057
:109910000000000000000000000000000000000047
:109920000000000000000000000000000000000037
:109930000000000000000000000000000000000027
:109940000EAFAFAFDB06DF0000000000000000003C
:109950000000000000000000000000000000000007
:1099600000000000000000000000000000000000F7
:1099700000000000000000000000000000000000E7
:1099800000000000000000000000000000000000D7
:1099900000000000000000000000000000000000C7
:1099A00000000000000000000000000000000000B7
:1099B00000000000000000000000000000000000A7
:1099C0000000000000000000000000000000000097
:1099D0000000000000000000000000000000000087
:1099E0000000000000000000000000000000000077
:1099F0000000009494975F653F29CE0A160CBB6C5B
:109A00009C168A1616166C9C9C6C6C9C9C9C5757DA
:109A1000215757575757BB57BBBBBBBBBBBBBBBB88
:109A2000BBBBBBBBBBBBBB0C0C0C0C0C0C4141410E
:109A3000191919196E6E6E07070707070707070739
:109A400007070707D5D5D5D5D5D5D5D5070707DC61
:109A5000DCDC5252C8C80CBB5757410C3F3D29DFD4
:109A600000000000000000000000000000000000F6
:109A700000000000000000000000000000000000E6
:109A800000000000000000000000000000000000D6
:109A900000000000000000000000000000000000C6
:109AA00000000000000000000000000000000000B6
:109AB00000000000000000000000000000000000A6
:109AC0000000000000000000000000000000000096
:109AD0000000000000000000000000000000000086
:109AE0000000000000000000000000000000000076
:109AF0000000000000000000000000000000000066
:109B00000000000000000000000000000000000055
:109B10000000000000000000000000000000000045
:109B20000000000000000000000000000000000035
:109B30000000000000000000000000000000000025
:109B40000000000000000000000000000000000015
:109B50000000000000000000000000000000000005
:109B600000000000000000000000000000000000F5
:109B700000000000000000000000000000000000E5
:109B80000000000000000000000000000094949419
:109B900094940C8A0ECE0A1616570C0C410C0C0C21
:109BA0000C0C0C0C41410C3B6C6C6C9C166C6C6C82
:109BB000575757BB575757575757BBBBBBBBBBBB79
:109BC000BBBBBBBBBBBBBBBB0C0C0C0C0C0C4141F3
:109BD00041414141414141411919191919191919B5
:109BE0001919191919191919414141410C0CBB577F
:109BF0005757BB418ADFB94FDF000000000000006B
:109C00000000000000000000000000000000000054
:109C10000000000000000000000000000000000044
:109C20000000000000000000000000000000000034
:109C30000000000000000000000000000000000024
:109C40000000000000000000000000000000000014
:109C50000000000000000000000000000000000004
:109C600000000000000000000000000000000000F4
:109C700000000000000000000000000000000000E4
:109C800000000000000000000000000000000000D4
:109C900000000000000000000000000000000000C4
:109CA00000000000000000000000000000000000B4
:109CB00000000000000000000000000000000000A4
:109CC0000000000000000000000000000000000094
:109CD0000000000000000000000000000000000084
:109CE0000000000000000000000000000000000074
:109CF0000000000000000000000000000000000064
:109D00000000000000000000000000000000000053
:109D10000000000000000000000000000000000043
:109D20000000000000000094949494CECE8A0ABBF8
:109D30005795951657BBBBBBBB2121212121BBBB2E
:109D4000AB0C579C9C16E716E7166C57575757579E
:109D5000575757BBBB5757575757575757575757CB
:109D6000575757575757BBBBBBBBBBBB0C0C0C0C57
:109D70000C0C0C0C0C0C0C0C0C0C0C0C41410C0CB9
:109D80000C0C0C0C0CBBBB575757BB413CAFDFB99D
:109D9000B9DF00000000000000000000000000002B
:109DA00000000000000000000000000000000000B3
:109DB00000000000000000000000000000000000A3
:109DC0000000000000000000000000000000000093
:109DD0000000000000000000000000000000000083
:109DE0000000000000000000000000000000000073
:109DF0000000000000000000000000000000000063
:109E00000000000000000000000000000000000052
:109E10000000000000000000000000000000000042
:109E20000000000000000000000000000000000032
:109E30000000000000000000000000000000000022
:109E40000000000000000000000000000000000012
:109E50000000000000000000000000000000000002
:109E600000000000000000000000000000000000F2
:109E700000000000000000000000000000000000E2
:109E800000000000000000000000000000000000D2
:109E900000000000000000000000000000000000C2
:109EA00000000000000000000000000000000000B2
:109EB00000000000000000000000000000000000A2
:109EC000000000000000008A166C6C4E3B618D8D16
:109ED000656565CE2929CECECE3495166C6C6C1690
:109EE00016161616166C575757575757BBBB57576A
:109EF00057575757575757575757575757575757F2
:109F000057575757575757575757BBBBBBBBBB57ED
:109F10005757BBBBBBBBBB575757575757575757DD
:109F2000BB4141419C4FDFDF29DF7600000000008C
:109F30000000000000000000000000000000000021
:109F40000000000000000000000000000000000011
:109F50000000000000000000000000000000000001
:109F600000000000000000000000000000000000F1
:109F700000000000000000000000000000000000E1
:109F800000000000000000000000000000000000D1
:109F900000000000000000000000000000000000C1
:109FA00000000000000000000000000000000000B1
:109FB00000000000000000000000000000000000A1
:109FC0000000000000000000000000000000000091
:109FD0000000000000000000000000000000000081
:109FE0000000000000000000000000000000000071
:109FF0000000000000000000000000000000000061
:10A000000000000000000000000000000000000050
:10A010000000000000000000000000000000000040
:10A020000000000000000000000000000000000030
:10A030000000000000000000000000000000000020
:10A040000000000000000000000000000000000010
:10A050000000000000000000000000000000000000
:10A060000000008557858595212121212121BBBB39
:10A070008357D29A34348D8D8D8E959595166C6C50
:10A080005757BB575757575757BBBBBB0C576C6CF1
:10A090005757576C6C6C6C6C166C6C6C6C6C6C6C95
:10A0A0006C6C6C6C6C6C6C6C6C6C6C6C6C6C6C6CF0
:10A0B0006C6C1616161616BB41410C9C0AAFAFAF5E
:10A0C0000AAFAF0000000000000000000000000028
:10A0D0000000000000000000000000000000000080
:10A0E0000000000000000000000000000000000070
:10A0F0000000000000000000000000000000000060
:10A10000000000000000000000000000000000004F
:10A11000000000000000000000000000000000003F
:10A12000000000000000000000000000000000002F
:10A13000000000000000000000000000000000001F
:10A14000000000000000000000000000000000000F
:10A1500000000000000000000000000000000000FF
:10A1600000000000000000000000000000000000EF
:10A1700000000000000000000000000000000000DF
:10A1800000000000000000000000000000000000CF
:10A1900000000000000000000000000000000000BF
:10A1A00000000000000000000000000000000000AF
:10A1B000000000000000000000000000000000009F
:10A1C000000000000000000000000000000000008F
:10A1D000000000000000000000000000000000007F
:10A1E000000000000000000000000000000000006F
:10A1F00000000000000000000000000000853B3B64
:10A20000161616346521212121D28134D2D26C1642
:10A210008D6592926565CECE0A8E8E8E8E348E8E30
:10A220008E8E8A95166C6C6C6CBB0CBB5716959514
:10A230009595951616161616161616161616161641
:10A2400016161616161616161616958A16959516BD
:10A2500016E70ACE4FAFB9AF164FAF0000000000AF
:10A2600000000000000000000000000000000000EE
:10A2700000000000000000000000000000000000DE
:10A2800000000000000000000000000000000000CE
:10A2900000000000000000000000000000000000BE
:10A2A00000000000000000000000000000000000AE
:10A2B000000000000000000000000000000000009E
:10A2C000000000000000000000000000000000008E
:10A2D000000000000000000000000000000000007E
:10A2E000000000000000000000000000000000006E
:10A2F000000000000000000000000000000000005E
:10A30000000000000000000000000000000000004D
:10A31000000000000000000000000000000000003D
:10A32000000000000000000000000000000000002D
:10A33000000000000000000000000000000000001D
:10A34000000000000000000000000000000000000D
:10A3500000000000000000000000000000000000FD
:10A3600000000000000000000000000000000000ED
:10A3700000000000000000000000000000000000DD
:10A3800000000000000000000000000000000000CD
:10A3900000000000000000000000000000000000BD
:10A3A00000000000D2D2D2E5D5D5D5195B8D923F01
:10A3B000DB063F3F3F3F063F3F3F3F293F29CE342B
:10A3C0008E95166C6C16168A8A8A8E8A95161616C3
:10A3D000161616161616161616161616161616161D
:10A3E000161616958A8A8E0ACE294FCFCFDFCFC593
:10A3F00016AF4F0000000000000000000000000049
:10A40000000000000000000000000000000000004C
:10A41000000000000000000000000000000000003C
:10A42000000000000000000000000000000000002C
:10A43000000000000000000000000000000000001C
:10A44000000000000000000000000000000000000C
:10A4500000000000000000000000000000000000FC
:10A4600000000000000000000000000000000000EC
:10A4700000000000000000000000000000000000DC
:10A4800000000000000000000000000000000000CC
:10A4900000000000000000000000000000000000BC
:10A4A00000000000000000000000000000000000AC
:10A4B000000000000000000000000000000000009C
:10A4C000000000000000000000000000000000008C
:10A4D000000000000000000000000000000000007C
:10A4E000000000000000000000000000000000006C
:10A4F000000000000000000000000000000000005C
:10A50000000000000000000000000000000000004B
:10A51000000000000000000000000000000000003B
:10A52000000000000000000000000000000000002B
:10A53000000000000000000000000000000000001B
:10A540000000D5D55B5B6564920A8E0A0A0A0A0A86
:10A550000A3F3F3F0A8E2929656565340A8E8E0AB7
:10A56000948D94462595956159596C596C6C0202ED
:10A5700057575702595902595959599581D2CE4FB7
:10A580004FAF4FAFAF8ACFCFCF4F4F00000000008B
:10A5900000000000000000000000000000000000BB
:10A5A00000000000000000000000000000000000AB
:10A5B000000000000000000000000000000000009B
:10A5C000000000000000000000000000000000008B
:10A5D000000000000000000000000000000000007B
:10A5E000000000000000000000000000000000006B
:10A5F000000000000000000000000000000000005B
:10A60000000000000000000000000000000000004A
:10A61000000000000000000000000000000000003A
:10A62000000000000000000000000000000000002A
:10A63000000000000000000000000000000000001A
:10A64000000000000000000000000000000000000A
:10A6500000000000000000000000000000000000FA
:10A6600000000000000000000000000000000000EA
:10A6700000000000000000000000000000000000DA
:10A6800000000000000000000000000000000000CA
:10A6900000000000000000000000000000000000BA
:10A6A00000000000000000000000000000000000AA
:10A6B000000000000000000000000000000000009A
:10A6C000000000000000000000000000000000008A
:10A6D000000000000000000000000000D5E5E58D4E
:10A6E00065659292DBDBDBDB29292929292929658C
:10A6F0006565650A8E8A6C160A2929946429653471
:10A7000034464681B7B761616161B2B2B2B2B22577
:10A71000258D0A0A0ACE294F940ABA8AD5D5D5AF13
:10A72000AFCF0000000000000000000000000000AB
:10A730000000000000000000000000000000000019
:10A740000000000000000000000000000000000009
:10A7500000000000000000000000000000000000F9
:10A7600000000000000000000000000000000000E9
:10A7700000000000000000000000000000000000D9
:10A7800000000000000000000000000000000000C9
:10A7900000000000000000000000000000000000B9
:10A7A00000000000000000000000000000000000A9
:10A7B0000000000000000000000000000000000099
:10A7C0000000000000000000000000000000000089
:10A7D0000000000000000000000000000000000079
:10A7E0000000000000000000000000000000000069
:10A7F0000000000000000000000000000000000059
:10A800000000000000000000000000000000000048
:10A810000000000000000000000000000000000038
:10A820000000000000000000000000000000000028
:10A830000000000000000000000000000000000018
:10A840000000000000000000000000000000000008
:10A8500000000000000000000000000000000000F8
:10A8600000000000000000000000000000000000E8
:10A8700000000000000000000000000000000000D8
:10A880000000000000000000000065658D0A5A5AB3
:10A890005A5A070C6C8E34292929919191464646C3
:10A8A000258D8D8D8D8D8D8D656565AFAFCE0A162D
:10A8B00097C852D5BA160000000000000000000042
:10A8C0000000000000000000000000000000000088
:10A8D0000000000000000000000000000000000078
:10A8E0000000000000000000000000000000000068
:10A8F0000000000000000000000000000000000058
:10A900000000000000000000000000000000000047
:10A910000000000000000000000000000000000037
:10A920000000000000000000000000000000000027
:10A930000000000000000000000000000000000017
:10A940000000000000000000000000000000000007
:10A9500000000000000000000000000000000000F7
:10A9600000000000000000000000000000000000E7
:10A9700000000000000000000000000000000000D7
:10A9800000000000000000000000000000000000C7
:10A9900000000000000000000000000000000000B7
:10A9A00000000000000000000000000000000000A7
:10A9B0000000000000000000000000000000000097
:10A9C0000000000000000000000000000000000087
:10A9D0000000000000000000000000000000000077
:10A9E0000000000000000000000000000000000067
:10A9F0000000000000000000000000000000000057
:10AA00000000000000000000000000000000000046
:10AA10000000000000000000000000000000000036
:10AA20000000000000000000000000000000000026
:10AA30000000000000000000000000000000000016
:10AA40000000000000000000000000000000000006
:10AA500000000000000000000000000000000000F6
:10AA600000000000000000000000000000000000E6
:10AA700000000000000000000000000000000000D6
:10AA800000000000000000000000000000000000C6
:10AA900000000000000000000000000000000000B6
:10AAA00000000000000000000000000000000000A6
:10AAB0000000000000000000000000000000000096
:10AAC0000000000000000000000000000000000086
:10AAD0000000000000000000000000000000000076
:10AAE0000000000000000000000000000000000066
:10AAF0000000000000000000000000000000000056
:10AB00000000000000000000000000000000000045
:10AB10000000000000000000000000000000000035
:10AB20000000000000000000000000000000000025
:10AB30000000000000000000000000000000000015
:10AB40000000000000000000000000000000000005
:10AB500000000000000000000000000000000000F5
:10AB600000000000000000000000000000000000E5
:10AB700000000000000000000000000000000000D5
:10AB800000000000000000000000000000000000C5
:10AB900000000000000000000000000000000000B5
:10ABA00000000000000000000000000000000000A5
:10ABB0000000000000000000000000000000000095
:10ABC0000000000000000000000000000000000085
:10ABD0000000000000000000000000000000000075
:10ABE0000000000000000000000000000000000065
:10ABF0000000000000000000000000000000000055
:10AC00000000000000000000000000000000000044
:10AC10000000000000000000000000000000000034
:10AC20000000000000000000000000000000000024
:10AC30000000000000000000000000000000000014
:10AC40000000000000000000000000000000000004
:10AC500000000000000000000000000000000000F4
:10AC600000000000000000000000000000000000E4
:10AC700000000000000000000000000000000000D4
:10AC800000000000000000000000000000000000C4
:10AC900000000000000000000000000000000000B4
:10ACA00000000000000000000000000000000000A4
:10ACB0000000000000000000000000000000000094
:10ACC0000000000000000000000000000000000084
:10ACD0000000000000000000000000000000000074
:10ACE0000000000000000000000000000000000064
:10ACF0000000000000000000000000000000000054
:10AD00000000000000000000000000000000000043
:10AD10000000000000000000000000000000000033
:10AD20000000000000000000000000000000000023
:10AD30000000000000000000000000000000000013
:10AD40000000000000000000000000000000000003
:10AD500000000000000000000000000000000000F3
:10AD600000000000000000000000000000000000E3
:10AD700000000000000000000000000000000000D3
:10AD800000000000000000000000000000000000C3
:10AD900000000000000000000000000000000000B3
:10ADA00000000000000000000000000000000000A3
:10ADB0000000000000000000000000000000000093
:10ADC0000000000000000000000000000000000083
:10ADD0000000000000000000000000000000000073
:10ADE0000000000000000000000000000000000063
:10ADF0000000000000000000000000000000000053
:10AE00000000000000000000000000000000000042
:10AE10000000000000000000000000000000000032
:10AE20000000000000000000000000000000000022
:10AE30000000000000000000000000000000000012
:10AE40000000000000000000000000000000000002
:10AE500000000000000000000000000000000000F2
:10AE600000000000000000000000000000000000E2
:10AE700000000000000000000000000000000000D2
:10AE800000000000000000000000000000000000C2
:10AE900000000000000000000000000000000000B2
:10AEA00000000000000000000000000000000000A2
:10AEB0000000000000000000000000000000000092
:10AEC0000000000000000000000000000000000082
:10AED0000000000000000000000000000000000072
:10AEE0000000000000000000000000000000000062
:10AEF0000000000000000000000000000000000052
:10AF00000000000000000000000000000000000041
:10AF10000000000000000000000000000000000031
:10AF20000000000000000000000000000000000021
:10AF30000000000000000000000000000000000011
:10AF40000000000000000000000000000000000001
:10AF500000000000000000000000000000000000F1
:10AF600000000000000000000000000000000000E1
:10AF700000000000000000000000000000000000D1
:10AF800000000000000000000000000000000000C1
:10AF900000000000000000000000000000000000B1
:10AFA00000000000000000000000000000000000A1
:10AFB0000000000000000000000000000000000091
:10AFC0000000000000000000000000000000000081
:10AFD0000000000000000000000000000000000071
:10AFE0000000000000000000000000000000000061
:10AFF0000000000000000000000000000000000051
:10B000000000000000000000000000000000000040
:10B010000000000000000000000000000000000030
:10B020000000000000000000000000000000000020
:10B030000000000000000000000000000000000010
:10B040000000000000000000000000000000000000
:10B0500000000000000000000000000000000000F0
:10B0600000000000000000000000000000000000E0
:10B0700000000000000000000000000000000000D0
:10B0800000000000000000000000000000000000C0
:10B0900000000000000000000000000000000000B0
:10B0A00000000000000000000000000000000000A0
:10B0B0000000000000000000000000000000000090
:10B0C0000000000000000000000000000000000080
:10B0D0000000000000000000000000000000000070
:10B0E0000000000000000000000000000000000060
:10B0F0000000000000000000000000000000000050
:10B10000000000000000000000000000000000003F
:10B11000000000000000000000000000000000002F
:10B12000000000000000000000000000000000001F
:10B13000000000000000000000000000000000000F
:10B1400000000000000000000000000000000000FF
:10B1500000000000000000000000000000000000EF
:10B1600000000000000000000000000000000000DF
:10B1700000000000000000000000000000000000CF
:10B1800000000000000000000000000000000000BF
:10B1900000000000000000000000000000000000AF
:10B1A000000000000000000000000000000000009F
:10B1B000000000000000000000000000000000008F
:10B1C000000000000000000000000000000000007F
:10B1D000000000000000000000000000000000006F
:10B1E000000000000000000000000000000000005F
:10B1F000000000000000000000000000000000004F
:10B20000000000000000000000000000000000003E
:10B21000000000000000000000000000000000002E
:10B22000000000000000000000000000000000001E
:10B23000000000000000000000000000000000000E
:10B2400000000000000000000000000000000000FE
:10B2500000000000000000000000000000000000EE
:10B2600000000000000000000000000000000000DE
:10B2700000000000000000000000000000000000CE
:10B2800000000000000000000000000000000000BE
:10B2900000000000000000000000000000000000AE
:10B2A000000000000000000000000000000000009E
:10B2B000000000000000000000000000000000008E
:10B2C000000000000000000000000000000000007E
:10B2D000000000000000000000000000000000006E
:10B2E000000000000000000000000000000000005E
:10B2F000000000000000000000000000000000004E
:10B30000000000000000000000000000000000003D
:10B31000000000000000000000000000000000002D
:10B32000000000000000000000000000000000001D
:10B33000000000000000000000000000000000000D
:10B3400000000000000000000000000000000000FD
:10B3500000000000000000000000000000000000ED
:10B3600000000000000000000000000000000000DD
:10B3700000000000000000000000000000000000CD
:10B3800000000000000000000000000000000000BD
:10B3900000000000000000000000000000000000AD
:10B3A000000000000000000000000000000000009D
:10B3B000000000000000000000000000000000008D
:10B3C000000000000000000000000000000000007D
:10B3D000000000000000000000000000000000006D
:10B3E000000000000000000000000000000000005D
:10B3F000000000000000000000000000000000004D
:10B40000000000000000000000000000000000003C
:10B41000000000000000000000000000000000002C
:10B42000000000000000000000000000000000001C
:10B43000000000000000000000000000000000000C
:10B4400000000000000000000000000000000000FC
:10B4500000000000000000000000000000000000EC
:10B4600000000000000000000000000000000000DC
:10B4700000000000000000000000000000000000CC
:10B4800000000000000000000000000000000000BC
:10B4900000000000000000000000000000000000AC
:10B4A000000000000000000000000000000000009C
:10B4B000000000000000000000000000000000008C
:10B4C000000000000000000000000000000000007C
:10B4D000000000000000000000000000000000006C
:10B4E000000000000000000000000000000000005C
:10B4F000000000000000000000000000000000004C
:10B50000000000000000000000000000000000003B
:10B51000000000000000000000000000000000002B
:10B52000000000000000000000000000000000001B
:10B53000000000000000000000000000000000000B
:10B5400000000000000000000000000000000000FB
:10B5500000000000000000000000000000000000EB
:10B5600000000000000000000000000000000000DB
:10B5700000000000000000000000000000000000CB
:10B5800000000000000000000000000000000000BB
:10B5900000000000000000000000000000000000AB
:10B5A000000000000000000000000000000000009B
:10B5B000000000000000000000000000000000008B
:10B5C000000000000000000000000000000000007B
:10B5D000000000000000000000000000000000006B
:10B5E000000000000000000000000000000000005B
:10B5F000000000000000000000000000000000004B
:10B60000000000000000000000000000000000003A
:10B61000000000000000000000000000000000002A
:10B62000000000000000000000000000000000001A
:10B63000000000000000000000000000000000000A
:10B6400000000000000000000000000000000000FA
:10B6500000000000000000000000000000000000EA
:10B6600000000000000000000000000000000000DA
:10B6700000000000000000000000000000000000CA
:10B6800000000000000000000000000000000000BA
:10B6900000000000000000000000000000000000AA
:10B6A000000000000000000000000000000000009A
:10B6B000000000000000000000000000000000008A
:10B6C000000000000000000000000000000000007A
:10B6D000000000000000000000000000000000006A
:10B6E000000000000000000000000000000000005A
:10B6F000000000000000000000000000000000004A
:10B700000000000000000000000000000000000039
:10B710000000000000000000000000000000000029
:10B720000000000000000000000000000000000019
:10B730000000000000000000000000000000000009
:10B7400000000000000000000000000000000000F9
:10B7500000000000000000000000000000000000E9
:10B7600000000000000000000000000000000000D9
:10B7700000000000000000000000000000000000C9
:10B7800000000000000000000000000000000000B9
:10B7900000000000000000000000000000000000A9
:10B7A0000000000000000000000000000000000099
:10B7B0000000000000000000000000000000000089
:10B7C0000000000000000000000000000000000079
:10B7D0000000000000000000000000000000000069
:10B7E0000000000000000000000000000000000059
:10B7F0000000000000000000000000000000000049
:10B800000000000000000000000000000000000038
:10B810000000000000000000000000000000000028
:10B820000000000000000000000000000000000018
:10B830000000000000000000000000000000000008
:10B8400000000000000000000000000000000000F8
:10B8500000000000000000000000000000000000E8
:10B8600000000000000000000000000000000000D8
:10B8700000000000000000000000000000000000C8
:10B8800000000000000000000000000000000000B8
:10B8900000000000000000000000000000000000A8
:10B8A0000000000000000000000000000000000098
:10B8B0000000000000000000000000000000000088
:10B8C0000000000000000000000000000000000078
:10B8D0000000000000000000000000000000000068
:10B8E0000000000000000000000000000000000058
:10B8F0000000000000000000000000000000000048
:10B900000000000000000000000000000000000037
:10B910000000000000000000000000000000000027
:10B920000000000000000000000000000000000017
:10B930000000000000000000000000000000000007
:10B9400000000000000000000000000000000000F7
:10B9500000000000000000000000000000000000E7
:10B9600000000000000000000000000000000000D7
:10B9700000000000000000000000000000000000C7
:10B9800000000000000000000000000000000000B7
:10B9900000000000000000000000000000000000A7
:10B9A0000000000000000000000000000000000097
:10B9B0000000000000000000000000000000000087
:10B9C0000000000000000000000000000000000077
:10B9D0000000000000000000000000000000000067
:10B9E0000000000000000000000000000000000057
:10B9F0000000000000000000000000000000000047
:10BA00000000000000000000000000000000000036
:10BA10000000000000000000000000000000000026
:10BA20000000000000000000000000000000000016
:10BA30000000000000000000000000000000000006
:10BA400000000000000000000000000000000000F6
:10BA500000000000000000000000000000000000E6
:10BA600000000000000000000000000000000000D6
:10BA700000000000000000000000000000000000C6
:10BA800000000000000000000000000000000000B6
:10BA900000000000000000000000000000000000A6
:10BAA0000000000000000000000000000000000096
:10BAB0000000000000000000000000000000000086
:10BAC0000000000000000000000000000000000076
:10BAD0000000000000000000000000000000000066
:10BAE0000000000000000000000000000000000056
:10BAF0000000000000000000000000000000000046
:10BB00000000000000000000000000000000000035
:10BB10000000000000000000000000000000000025
:10BB20000000000000000000000000000000000015
:10BB30000000000000000000000000000000000005
:10BB400000000000000000000000000000000000F5
:10BB500000000000000000000000000000000000E5
:10BB600000000000000000000000000000000000D5
:10BB700000000000000000000000000000000000C5
:10BB800000000000000000000000000000000000B5
:10BB900000000000000000000000000000000000A5
:10BBA0000000000000000000000000000000000095
:10BBB0000000000000000000000000000000000085
:10BBC0000000000000000000000000000000000075
:10BBD0000000000000000000000000000000000065
:10BBE0000000000000000000000000000000000055
:10BBF0000000000000000000000000000000000045
:10BC00000000000000000000000000000000000034
:10BC10000000000000000000000000000000000024
:10BC20000000000000000000000000000000000014
:10BC30000000000000000000000000000000000004
:10BC400000000000000000000000000000000000F4
:10BC500000000000000000000000000000000000E4
:10BC600000000000000000000000000000000000D4
:10BC700000000000000000000000000000000000C4
:10BC800000000000000000000000000000000000B4
:10BC900000000000000000000000000000000000A4
:10BCA0000000000000000000000000000000000094
:10BCB0000000000000000000000000000000000084
:10BCC0000000000000000000000000000000000074
:10BCD0000000000000000000000000000000000064
:10BCE0000000000000000000000000000000000054
:0FBCF00000000000000000000000000000000045
:00000001FF
